minute_epoch,minute_utc,close,book_imb,ofi,day,trades,volume,buy_share,high,low
29743620,2026-07-21T07:00,65860.330000,0.350800,-1.000000,2026-07-21,330.000000,1.344409,0.627231,65882.900000,65850.510000
29743621,2026-07-21T07:01,65882.170000,0.533900,0.258900,2026-07-21,194.000000,0.482015,0.904400,65882.170000,65860.330000
29743622,2026-07-21T07:02,65897.020000,-0.075300,0.808895,2026-07-21,214.000000,0.661252,0.744348,65908.140000,65882.170000
29743623,2026-07-21T07:03,65896.180000,0.375900,0.488695,2026-07-21,300.000000,2.959532,0.906145,65897.030000,65872.830000
29743624,2026-07-21T07:04,65884.210000,0.598500,0.811539,2026-07-21,255.000000,5.798096,0.130934,65897.020000,65874.760000
29743625,2026-07-21T07:05,65870.070000,0.640500,-0.738077,2026-07-21,275.000000,1.628202,0.505826,65900.720000,65863.630000
29743626,2026-07-21T07:06,65839.990000,0.466500,0.056363,2026-07-21,272.000000,1.506836,0.238460,65872.580000,65834.000000
29743627,2026-07-21T07:07,65833.960000,0.272600,-0.605263,2026-07-21,216.000000,0.559983,0.938013,65848.790000,65833.950000
29743628,2026-07-21T07:08,65829.710000,0.292500,0.876027,2026-07-21,215.000000,0.733202,0.855310,65840.000000,65829.700000
29743629,2026-07-21T07:09,65833.950000,0.567200,0.710620,2026-07-21,299.000000,1.831496,0.815644,65836.940000,65819.110000
29743630,2026-07-21T07:10,65822.830000,-0.349300,0.120824,2026-07-21,250.000000,1.472777,0.251420,65837.660000,65822.820000
29743631,2026-07-21T07:11,65837.650000,0.741900,0.161533,2026-07-21,279.000000,0.817367,0.666924,65837.660000,65822.820000
29743632,2026-07-21T07:12,65859.920000,0.686700,0.332643,2026-07-21,273.000000,1.311287,0.994779,65871.040000,65837.650000
29743633,2026-07-21T07:13,65867.350000,0.576400,0.989557,2026-07-21,230.000000,1.444600,0.391366,65878.460000,65867.340000
29743634,2026-07-21T07:14,65883.390000,0.612000,-0.217269,2026-07-21,243.000000,1.090986,0.609118,65883.400000,65863.630000
29743635,2026-07-21T07:15,65871.040000,0.627000,-0.392512,2026-07-21,266.000000,1.642699,0.167610,65883.400000,65862.030000
29743636,2026-07-21T07:16,65882.600000,0.578500,0.008811,2026-07-21,268.000000,1.307642,0.889482,65886.890000,65871.040000
29743637,2026-07-21T07:17,65904.430000,0.586500,0.794708,2026-07-21,299.000000,0.653392,0.739167,65911.030000,65882.590000
29743638,2026-07-21T07:18,65935.360000,0.338400,0.384050,2026-07-21,273.000000,0.642430,0.861155,65935.370000,65904.430000
29743639,2026-07-21T07:19,65945.240000,0.498900,0.722297,2026-07-21,213.000000,0.597589,0.876479,65945.250000,65926.700000
29743640,2026-07-21T07:20,65896.920000,0.384200,0.753750,2026-07-21,389.000000,6.798130,0.865728,65966.180000,65885.910000
29743641,2026-07-21T07:21,65874.890000,0.522000,0.731371,2026-07-21,254.000000,1.300040,0.560945,65908.140000,65867.350000
29743642,2026-07-21T07:22,65904.430000,0.397800,0.121889,2026-07-21,318.000000,2.848123,0.606521,65904.440000,65857.440000
29743643,2026-07-21T07:23,65885.890000,0.401400,0.213042,2026-07-21,323.000000,3.391914,0.480055,65915.560000,65877.240000
29743644,2026-07-21T07:24,65859.920000,0.318600,-0.042032,2026-07-21,251.000000,0.618661,0.518772,65885.880000,65859.920000
29743645,2026-07-21T07:25,65873.320000,0.674100,0.050429,2026-07-21,275.000000,1.656802,0.892603,65882.180000,65853.330000
29743646,2026-07-21T07:26,65863.640000,0.346100,0.786211,2026-07-21,184.000000,0.436581,0.244017,65879.280000,65863.630000
29743647,2026-07-21T07:27,65875.950000,0.471900,-0.539444,2026-07-21,222.000000,0.734529,0.847383,65885.550000,65863.630000
29743648,2026-07-21T07:28,65910.020000,0.694200,0.694773,2026-07-21,357.000000,2.856255,0.993099,65911.260000,65875.940000
29743649,2026-07-21T07:29,65917.990000,0.238100,0.986198,2026-07-21,237.000000,0.685625,0.525753,65919.280000,65911.250000
29743650,2026-07-21T07:30,65907.390000,0.048700,0.049699,2026-07-21,266.000000,1.548703,0.268262,65918.000000,65898.440000
29743651,2026-07-21T07:31,65909.920000,0.737300,-0.463078,2026-07-21,220.000000,2.815379,0.159567,65910.830000,65903.400000
29743652,2026-07-21T07:32,65962.430000,0.695100,-0.680873,2026-07-21,351.000000,4.992307,0.820973,65964.240000,65909.920000
29743653,2026-07-21T07:33,65963.860000,0.271400,0.641947,2026-07-21,984.000000,83.134451,0.862705,66021.000000,65961.060000
29743654,2026-07-21T07:34,65967.210000,-0.185100,0.725566,2026-07-21,355.000000,7.749106,0.943835,65987.370000,65956.380000
29743655,2026-07-21T07:35,65981.830000,0.546300,0.886979,2026-07-21,369.000000,5.869688,0.960930,65981.830000,65960.090000
29743656,2026-07-21T07:36,65986.050000,0.725800,0.921860,2026-07-21,293.000000,2.933659,0.831188,66007.350000,65968.000000
29743657,2026-07-21T07:37,65990.010000,0.533500,0.662376,2026-07-21,254.000000,2.542529,0.516443,66021.000000,65985.000000
29743658,2026-07-21T07:38,65990.010000,0.301200,0.032896,2026-07-21,134.000000,0.121512,0.528865,65990.010000,65985.000000
29743659,2026-07-21T07:39,66004.610000,0.255200,-0.243305,2026-07-21,216.000000,1.319950,0.870612,66008.980000,65985.000000
29743660,2026-07-21T07:40,66004.620000,0.145000,0.747367,2026-07-21,368.000000,6.138878,0.864914,66034.280000,66000.910000
29743661,2026-07-21T07:41,66000.900000,0.212700,0.741812,2026-07-21,235.000000,2.471104,0.094061,66023.160000,66000.900000
29743662,2026-07-21T07:42,66034.990000,0.693200,-0.812031,2026-07-21,226.000000,0.348142,0.641080,66035.000000,66000.900000
29743663,2026-07-21T07:43,65980.010000,0.139700,0.751436,2026-07-21,672.000000,8.973795,0.498979,66101.030000,65980.000000
29743664,2026-07-21T07:44,65992.390000,0.383500,-0.079370,2026-07-21,250.000000,1.113966,0.506930,65997.180000,65980.000000
29743665,2026-07-21T07:45,65988.260000,0.388600,0.013726,2026-07-21,260.000000,2.217914,0.853353,66004.600000,65986.520000
29743666,2026-07-21T07:46,66086.230000,0.286000,0.662208,2026-07-21,727.000000,17.166676,0.765026,66138.660000,65986.060000
29743667,2026-07-21T07:47,66146.290000,0.177600,0.535307,2026-07-21,544.000000,13.350567,0.709382,66177.950000,66071.390000
29743668,2026-07-21T07:48,66085.200000,-0.360200,0.337438,2026-07-21,369.000000,7.343539,0.305769,66156.720000,66071.700000
29743669,2026-07-21T07:49,66151.140000,-0.180900,-0.320001,2026-07-21,767.000000,16.275065,0.866815,66151.710000,66070.000000
29743670,2026-07-21T07:50,66123.330000,-0.134600,0.733714,2026-07-21,522.000000,6.465529,0.613635,66177.110000,66123.330000
29743671,2026-07-21T07:51,66087.040000,0.477000,0.213163,2026-07-21,308.000000,3.363205,0.078977,66127.990000,66087.040000
29743672,2026-07-21T07:52,66161.120000,0.516300,-0.824201,2026-07-21,397.000000,6.723093,0.805256,66164.700000,66085.530000
29743673,2026-07-21T07:53,66142.400000,0.626200,0.609015,2026-07-21,320.000000,3.745179,0.286631,66161.120000,66123.330000
29743674,2026-07-21T07:54,66162.570000,0.303700,-0.426737,2026-07-21,705.000000,10.392173,0.905339,66214.000000,66142.400000
29743675,2026-07-21T07:55,66171.830000,0.410700,0.812335,2026-07-21,529.000000,8.225854,0.578842,66175.270000,66130.750000
29743676,2026-07-21T07:56,66140.540000,0.420600,0.124868,2026-07-21,229.000000,0.389925,0.293001,66171.830000,66134.460000
29743677,2026-07-21T07:57,66180.540000,0.425700,0.219039,2026-07-21,393.000000,5.791702,0.903841,66199.670000,66140.360000
29743678,2026-07-21T07:58,66158.050000,0.260100,0.796590,2026-07-21,189.000000,0.407856,0.482408,66180.540000,66156.720000
29743679,2026-07-21T07:59,66138.170000,0.108100,-0.035183,2026-07-21,245.000000,2.720337,0.066664,66158.060000,66140.360000
29743680,2026-07-21T08:00,66140.640000,0.338400,-0.729014,2026-07-21,365.000000,3.661240,0.646583,66174.000000,66134.460000
29743681,2026-07-21T08:01,66121.880000,-0.123500,0.248726,2026-07-21,278.000000,4.108515,0.095776,66143.980000,66121.870000
29743682,2026-07-21T08:02,66145.580000,0.512500,-0.801551,2026-07-21,355.000000,1.923617,0.858489,66145.580000,66121.150000
29743683,2026-07-21T08:03,66192.540000,0.379500,0.660421,2026-07-21,503.000000,4.875833,0.897680,66200.000000,66141.880000
29743684,2026-07-21T08:04,66202.110000,-0.155700,0.816176,2026-07-21,351.000000,3.178542,0.582224,66214.650000,66175.270000
29743685,2026-07-21T08:05,66176.490000,0.204800,0.166775,2026-07-21,407.000000,4.219827,0.727055,66212.130000,66171.560000
29743686,2026-07-21T08:06,66178.990000,0.112500,0.454139,2026-07-21,315.000000,2.194280,0.819394,66193.650000,66167.850000
29743687,2026-07-21T08:07,66162.990000,0.164600,0.638787,2026-07-21,292.000000,2.158811,0.749317,66178.980000,66153.010000
29743688,2026-07-21T08:08,66162.510000,-0.142700,0.498633,2026-07-21,371.000000,3.707642,0.549368,66178.540000,66162.500000
29743689,2026-07-21T08:09,66139.330000,0.351200,0.108650,2026-07-21,505.000000,7.180035,0.827130,66162.510000,66130.750000
29743690,2026-07-21T08:10,66127.550000,0.455700,0.652276,2026-07-21,331.000000,2.888053,0.592683,66137.990000,66123.330000
29743691,2026-07-21T08:11,66094.010000,0.260900,0.185365,2026-07-21,407.000000,5.875477,0.570738,66127.560000,66086.230000
29743692,2026-07-21T08:12,66115.920000,0.476800,0.141476,2026-07-21,533.000000,7.731530,0.517999,66125.170000,66091.420000
29743693,2026-07-21T08:13,66192.610000,0.206900,0.035999,2026-07-21,397.000000,4.178857,0.916136,66192.610000,66115.910000
29743694,2026-07-21T08:14,66236.930000,-0.065200,0.846281,2026-07-21,675.000000,12.133851,0.755961,66246.730000,66192.620000
29743695,2026-07-21T08:15,66193.260000,0.604600,0.496094,2026-07-21,683.000000,17.245160,0.625930,66243.200000,66185.600000
29743696,2026-07-21T08:16,66214.400000,-0.545500,0.251802,2026-07-21,534.000000,6.645551,0.809224,66233.710000,66188.300000
29743697,2026-07-21T08:17,66197.040000,-0.126900,0.605435,2026-07-21,528.000000,5.983258,0.758947,66214.400000,66190.110000
29743698,2026-07-21T08:18,66219.760000,0.474800,0.470385,2026-07-21,489.000000,6.013871,0.856874,66223.730000,66164.140000
29743699,2026-07-21T08:19,66240.120000,0.420000,0.787492,2026-07-21,501.000000,6.766467,0.745495,66250.000000,66218.630000
29743700,2026-07-21T08:20,66260.570000,0.153000,0.450427,2026-07-21,582.000000,7.695606,0.652513,66266.480000,66227.210000
29743701,2026-07-21T08:21,66290.040000,0.397700,0.337139,2026-07-21,776.000000,12.930934,0.698105,66301.400000,66256.830000
29743702,2026-07-21T08:22,66246.110000,-0.363500,0.396210,2026-07-21,546.000000,5.420505,0.670548,66301.410000,66232.080000
29743703,2026-07-21T08:23,66297.210000,0.542600,0.341096,2026-07-21,532.000000,6.688001,0.772181,66300.410000,66246.110000
29743704,2026-07-21T08:24,66256.980000,-0.403300,0.544361,2026-07-21,625.000000,9.012930,0.513311,66314.790000,66230.970000
29743705,2026-07-21T08:25,66257.360000,0.068000,0.022260,2026-07-21,369.000000,2.294604,0.802439,66257.360000,66233.320000
29743706,2026-07-21T08:26,66272.980000,-0.007300,0.632238,2026-07-21,376.000000,7.646603,0.274170,66285.810000,66250.410000
29743707,2026-07-21T08:27,66214.850000,0.329700,-0.458183,2026-07-21,673.000000,7.928547,0.636613,66272.970000,66191.530000
29743708,2026-07-21T08:28,66198.170000,0.522000,0.288183,2026-07-21,450.000000,4.001337,0.561565,66228.540000,66185.590000
29743709,2026-07-21T08:29,66178.240000,-0.377100,0.124002,2026-07-21,496.000000,5.774538,0.643042,66198.180000,66158.340000
29743710,2026-07-21T08:30,66177.740000,-0.244000,0.301421,2026-07-21,527.000000,4.422875,0.567220,66184.270000,66158.310000
29743711,2026-07-21T08:31,66153.360000,0.265000,0.108072,2026-07-21,251.000000,0.736804,0.277515,66181.710000,66153.360000
29743712,2026-07-21T08:32,66204.010000,0.464500,-0.445722,2026-07-21,366.000000,2.644394,0.871144,66204.000000,66150.000000
29743713,2026-07-21T08:33,66193.860000,-0.389700,0.735702,2026-07-21,598.000000,6.880970,0.442007,66226.880000,66190.110000
29743714,2026-07-21T08:34,66180.040000,-0.523600,-0.115945,2026-07-21,845.000000,9.104567,0.505181,66214.100000,66171.560000
29743715,2026-07-21T08:35,66220.050000,0.162100,0.010428,2026-07-21,504.000000,4.786159,0.757329,66220.800000,66175.270000
29743716,2026-07-21T08:36,66226.890000,0.559400,0.520235,2026-07-21,295.000000,1.903359,0.546950,66226.890000,66206.450000
29743717,2026-07-21T08:37,66288.770000,-0.532400,0.044537,2026-07-21,705.000000,8.256294,0.579146,66297.690000,66219.800000
29743718,2026-07-21T08:38,66257.760000,-0.637900,0.158287,2026-07-21,683.000000,6.368009,0.594842,66316.800000,66256.960000
29743719,2026-07-21T08:39,66297.080000,0.147200,0.227009,2026-07-21,381.000000,3.815476,0.898552,66307.960000,66257.750000
29743720,2026-07-21T08:40,66289.480000,-0.008100,0.779386,2026-07-21,354.000000,3.419735,0.548893,66306.040000,66266.360000
29743721,2026-07-21T08:41,66254.140000,-0.392700,0.078924,2026-07-21,304.000000,2.108356,0.561087,66289.470000,66254.130000
29743722,2026-07-21T08:42,66241.960000,0.538500,0.193371,2026-07-21,438.000000,6.270138,0.545921,66257.020000,66233.020000
29743723,2026-07-21T08:43,66259.710000,0.628500,0.077122,2026-07-21,604.000000,15.747533,0.429664,66268.010000,66202.490000
29743724,2026-07-21T08:44,66265.570000,0.474500,-0.132384,2026-07-21,248.000000,1.348423,0.891656,66265.570000,66251.990000
29743725,2026-07-21T08:45,66216.120000,-0.211000,0.763057,2026-07-21,305.000000,1.412467,0.245726,66278.350000,66216.120000
29743726,2026-07-21T08:46,66279.150000,0.032900,-0.508548,2026-07-21,496.000000,5.030976,0.776968,66293.980000,66216.120000
29743727,2026-07-21T08:47,66267.540000,0.236300,0.543945,2026-07-21,283.000000,1.868823,0.339995,66291.980000,66260.640000
29743728,2026-07-21T08:48,66202.800000,-0.101100,-0.306896,2026-07-21,344.000000,2.404459,0.153174,66281.490000,66202.800000
29743729,2026-07-21T08:49,66228.700000,0.030700,-0.694177,2026-07-21,284.000000,1.094040,0.895810,66228.690000,66202.800000
29743730,2026-07-21T08:50,66204.960000,-0.140700,0.791477,2026-07-21,213.000000,0.427614,0.306288,66228.700000,66204.950000
29743731,2026-07-21T08:51,66220.620000,0.866900,-0.387424,2026-07-21,290.000000,2.006338,0.765267,66222.110000,66193.820000
29743732,2026-07-21T08:52,66222.420000,0.514300,0.530447,2026-07-21,276.000000,2.269553,0.117632,66230.920000,66210.000000
29743733,2026-07-21T08:53,66211.710000,0.184000,-0.612077,2026-07-21,269.000000,1.026450,0.645645,66230.790000,66206.000000
29743734,2026-07-21T08:54,66195.040000,-0.140700,0.106784,2026-07-21,274.000000,0.735318,0.484418,66214.220000,66193.820000
29743735,2026-07-21T08:55,66214.610000,-0.083800,-0.031087,2026-07-21,410.000000,4.464163,0.807922,66220.660000,66176.020000
29743736,2026-07-21T08:56,66191.930000,0.111700,0.605739,2026-07-21,299.000000,1.054728,0.513304,66214.600000,66170.150000
29743737,2026-07-21T08:57,66172.550000,-0.000400,0.053772,2026-07-21,270.000000,1.366097,0.497357,66191.940000,66171.560000
29743738,2026-07-21T08:58,66175.710000,-0.043300,-0.005958,2026-07-21,277.000000,1.633248,0.782989,66182.680000,66167.850000
29743739,2026-07-21T08:59,66186.390000,-0.087300,0.571865,2026-07-21,204.000000,0.044949,0.876395,66186.400000,66175.710000
29743740,2026-07-21T09:00,66167.860000,-0.191700,0.620196,2026-07-21,380.000000,1.678330,0.734862,66193.130000,66167.850000
29743741,2026-07-21T09:01,66164.140000,-0.047000,0.469724,2026-07-21,315.000000,1.857990,0.453597,66182.690000,66164.140000
29743742,2026-07-21T09:02,66155.960000,0.135500,-0.092807,2026-07-21,326.000000,4.566143,0.682059,66175.260000,66150.010000
29743743,2026-07-21T09:03,66149.290000,0.063900,0.364118,2026-07-21,262.000000,1.284783,0.727770,66155.950000,66135.010000
29743744,2026-07-21T09:04,66146.650000,0.123700,0.455540,2026-07-21,292.000000,3.603995,0.108611,66156.710000,66138.080000
29743745,2026-07-21T09:05,66163.400000,-0.128600,-0.782778,2026-07-21,232.000000,0.730307,0.986014,66163.410000,66146.650000
29743746,2026-07-21T09:06,66176.510000,0.670300,0.971492,2026-07-21,207.000000,0.723678,0.933758,66176.520000,66163.400000
29743747,2026-07-21T09:07,66151.860000,-0.348200,0.868029,2026-07-21,297.000000,1.418125,0.499735,66184.940000,66151.760000
29743748,2026-07-21T09:08,66167.850000,-0.174100,-0.000530,2026-07-21,227.000000,1.897565,0.977433,66167.840000,66145.590000
29743749,2026-07-21T09:09,66167.610000,0.072900,0.948655,2026-07-21,166.000000,0.660855,0.828239,66167.840000,66153.600000
29743750,2026-07-21T09:10,66162.330000,-0.562100,0.670929,2026-07-21,209.000000,0.978255,0.791479,66167.600000,66157.990000
29743751,2026-07-21T09:11,66134.670000,-0.262300,0.584099,2026-07-21,510.000000,8.347899,0.415618,66162.340000,66096.000000
29743752,2026-07-21T09:12,66134.450000,0.215100,-0.128401,2026-07-21,349.000000,2.961904,0.767802,66145.590000,66112.200000
29743753,2026-07-21T09:13,66153.990000,0.095200,0.483263,2026-07-21,250.000000,1.551211,0.943184,66153.980000,66134.440000
29743754,2026-07-21T09:14,66170.760000,0.247800,0.886367,2026-07-21,238.000000,0.931871,0.906556,66171.500000,66153.980000
29743755,2026-07-21T09:15,66178.980000,-0.058300,0.813113,2026-07-21,274.000000,1.277557,0.577282,66183.940000,66163.220000
29743756,2026-07-21T09:16,66186.960000,0.020600,0.154564,2026-07-21,308.000000,3.185880,0.863816,66201.240000,66175.270000
29743757,2026-07-21T09:17,66201.120000,0.019800,0.727632,2026-07-21,252.000000,1.056688,0.925055,66201.910000,66186.960000
29743758,2026-07-21T09:18,66201.120000,0.291800,0.850110,2026-07-21,251.000000,0.365342,0.708741,66201.130000,66195.880000
29743759,2026-07-21T09:19,66180.010000,-0.031000,0.417483,2026-07-21,323.000000,4.394633,0.186729,66204.950000,66180.000000
29743760,2026-07-21T09:20,66187.350000,-0.268100,-0.626875,2026-07-21,279.000000,2.403860,0.703016,66202.740000,66180.000000
29743761,2026-07-21T09:21,66145.360000,-0.009900,0.408320,2026-07-21,377.000000,3.992528,0.336417,66187.350000,66139.860000
29743762,2026-07-21T09:22,66156.210000,-0.067900,-0.327165,2026-07-21,284.000000,2.617424,0.867544,66156.210000,66142.010000
29743763,2026-07-21T09:23,66163.240000,0.424700,0.735088,2026-07-21,259.000000,0.845692,0.936842,66163.250000,66156.210000
29743764,2026-07-21T09:24,66193.820000,0.476400,0.873683,2026-07-21,297.000000,1.504073,0.930950,66193.820000,66163.240000
29743765,2026-07-21T09:25,66200.260000,0.502200,0.861901,2026-07-21,236.000000,0.774123,0.742034,66200.270000,66193.810000
29743766,2026-07-21T09:26,66183.890000,0.298400,0.585924,2026-07-21,304.000000,1.271214,0.492927,66204.950000,66178.990000
29743767,2026-07-21T09:27,66196.290000,-0.424800,-0.196757,2026-07-21,320.000000,3.339183,0.962102,66201.230000,66178.990000
29743768,2026-07-21T09:28,66201.960000,-0.024900,0.927257,2026-07-21,253.000000,1.692234,0.448965,66204.940000,66190.110000
29743769,2026-07-21T09:29,66189.990000,0.284700,-0.102069,2026-07-21,275.000000,2.558036,0.202208,66205.800000,66189.980000
29743770,2026-07-21T09:30,66186.400000,-0.197100,-0.510076,2026-07-21,304.000000,4.481024,0.391294,66204.950000,66184.050000
29743771,2026-07-21T09:31,66255.770000,-0.060300,-0.258078,2026-07-21,423.000000,6.238887,0.983437,66256.880000,66186.400000
29743772,2026-07-21T09:32,66258.640000,-0.185000,0.966873,2026-07-21,419.000000,6.845155,0.578990,66278.980000,66242.050000
29743773,2026-07-21T09:33,66276.770000,-0.246400,0.157981,2026-07-21,277.000000,1.674729,0.727600,66282.850000,66258.640000
29743774,2026-07-21T09:34,66237.990000,-0.055100,0.455000,2026-07-21,319.000000,2.317649,0.436136,66276.780000,66237.980000
29743775,2026-07-21T09:35,66271.260000,0.385700,-0.127641,2026-07-21,281.000000,0.964398,0.670762,66271.270000,66234.630000
29743776,2026-07-21T09:36,66283.310000,-0.039000,0.341524,2026-07-21,237.000000,1.447080,0.882233,66288.180000,66271.260000
29743777,2026-07-21T09:37,66293.170000,0.055100,0.757137,2026-07-21,237.000000,1.297736,0.182542,66293.180000,66278.680000
29743778,2026-07-21T09:38,66289.790000,0.349400,-0.633210,2026-07-21,177.000000,0.659097,0.040406,66293.180000,66280.500000
29743779,2026-07-21T09:39,66273.420000,-0.243000,-0.921880,2026-07-21,375.000000,3.230280,0.523896,66282.860000,66256.890000
29743780,2026-07-21T09:40,66245.760000,-0.182200,0.055210,2026-07-21,282.000000,2.561256,0.107776,66273.420000,66245.760000
29743781,2026-07-21T09:41,66247.050000,0.064300,-0.752211,2026-07-21,258.000000,2.480218,0.844492,66253.270000,66240.800000
29743782,2026-07-21T09:42,66271.730000,-0.174700,0.682740,2026-07-21,236.000000,0.726644,0.934572,66271.730000,66247.050000
29743783,2026-07-21T09:43,66273.790000,-0.102400,0.870189,2026-07-21,258.000000,0.829856,0.578634,66273.780000,66253.970000
29743784,2026-07-21T09:44,66258.100000,-0.259500,0.128761,2026-07-21,208.000000,0.339762,0.175702,66273.790000,66256.890000
29743785,2026-07-21T09:45,66256.990000,-0.522100,-0.625496,2026-07-21,237.000000,0.972123,0.569159,66270.020000,66253.970000
29743786,2026-07-21T09:46,66268.800000,-0.269000,0.138318,2026-07-21,206.000000,0.808483,0.944197,66270.020000,66256.990000
29743787,2026-07-21T09:47,66267.120000,-0.392600,0.888395,2026-07-21,230.000000,1.409751,0.935086,66268.800000,66264.970000
29743788,2026-07-21T09:48,66272.610000,-0.560000,0.870172,2026-07-21,311.000000,5.900992,0.969239,66273.950000,66257.000000
29743789,2026-07-21T09:49,66272.610000,-0.368700,0.938477,2026-07-21,166.000000,0.212728,0.758316,66272.620000,66272.610000
29743790,2026-07-21T09:50,66235.990000,0.420200,0.513383,2026-07-21,398.000000,8.052692,0.371530,66272.610000,66224.540000
29743791,2026-07-21T09:51,66268.930000,0.135100,-0.256898,2026-07-21,333.000000,2.093729,0.249001,66269.220000,66229.740000
29743792,2026-07-21T09:52,66285.110000,0.510000,-0.501998,2026-07-21,213.000000,0.781241,0.714825,66290.000000,66268.930000
29743793,2026-07-21T09:53,66291.990000,0.165200,-0.608165,2026-07-21,345.000000,3.319041,0.168786,66301.760000,66275.440000
29743794,2026-07-21T09:54,66300.850000,-0.123400,-0.092453,2026-07-21,279.000000,1.807455,0.781381,66304.420000,66285.890000
29743795,2026-07-21T09:55,66310.100000,0.012500,0.562763,2026-07-21,246.000000,1.874395,0.700163,66310.090000,66297.700000
29743796,2026-07-21T09:56,66293.990000,-0.210300,0.401611,2026-07-21,266.000000,2.015373,0.255529,66311.420000,66293.990000
29743797,2026-07-21T09:57,66242.990000,-0.383300,-0.486758,2026-07-21,306.000000,2.138666,0.581413,66294.000000,66242.980000
29743798,2026-07-21T09:58,66223.580000,-0.270400,0.160082,2026-07-21,364.000000,5.521802,0.715770,66242.980000,66220.800000
29743799,2026-07-21T09:59,66250.790000,0.096800,0.431531,2026-07-21,335.000000,5.565517,0.620446,66253.170000,66223.580000
29743800,2026-07-21T10:00,66246.550000,0.061500,0.240865,2026-07-21,293.000000,1.633082,0.339845,66268.020000,66245.080000
29743801,2026-07-21T10:01,66252.260000,-0.009500,-0.320243,2026-07-21,287.000000,2.282555,0.661489,66258.900000,66242.090000
29743802,2026-07-21T10:02,66242.050000,-0.075800,0.322984,2026-07-21,332.000000,2.088568,0.752674,66271.730000,66242.050000
29743803,2026-07-21T10:03,66242.110000,-0.336100,0.505358,2026-07-21,345.000000,2.123822,0.659106,66255.330000,66235.030000
29743804,2026-07-21T10:04,66256.890000,0.506500,0.318262,2026-07-21,338.000000,1.808645,0.778817,66256.880000,66225.010000
29743805,2026-07-21T10:05,66264.320000,-0.520100,0.557582,2026-07-21,276.000000,1.100671,0.366877,66279.950000,66250.160000
29743806,2026-07-21T10:06,66266.520000,-0.236400,-0.266247,2026-07-21,209.000000,1.763345,0.997140,66266.530000,66262.470000
29743807,2026-07-21T10:07,66229.700000,-0.162300,0.820893,2026-07-21,275.000000,0.981951,0.374304,66266.520000,66229.690000
29743808,2026-07-21T10:08,66237.490000,-0.121500,-0.096982,2026-07-21,250.000000,1.380043,0.750059,66237.490000,66221.670000
29743809,2026-07-21T10:09,66256.890000,-0.297400,0.500119,2026-07-21,378.000000,3.759236,0.675087,66272.570000,66231.800000
29743810,2026-07-21T10:10,66333.640000,0.697900,0.371269,2026-07-21,581.000000,8.182889,0.724667,66332.000000,66254.230000
29743811,2026-07-21T10:11,66331.100000,-0.106200,0.440708,2026-07-21,400.000000,4.877742,0.598039,66361.600000,66323.670000
29743812,2026-07-21T10:12,66295.610000,-0.192400,0.186323,2026-07-21,322.000000,2.938374,0.749564,66319.970000,66292.050000
29743813,2026-07-21T10:13,66338.510000,-0.258600,0.519917,2026-07-21,368.000000,3.365998,0.767845,66338.510000,66290.630000
29743814,2026-07-21T10:14,66328.580000,0.975700,0.528723,2026-07-21,590.000000,7.406067,0.627864,66342.210000,66306.970000
29743815,2026-07-21T10:15,66350.830000,-0.127000,0.255904,2026-07-21,553.000000,12.314244,0.383818,66375.130000,66328.580000
29743816,2026-07-21T10:16,66338.010000,0.788900,-0.232347,2026-07-21,421.000000,3.971445,0.347922,66363.560000,66328.580000
29743817,2026-07-21T10:17,66330.990000,0.737700,-0.304185,2026-07-21,448.000000,17.107304,0.090344,66338.010000,66327.260000
29743818,2026-07-21T10:18,66300.010000,0.002100,-0.819310,2026-07-21,556.000000,129.118297,0.008501,66332.530000,66300.000000
29743819,2026-07-21T10:19,66332.350000,-0.061400,-0.975234,2026-07-21,390.000000,4.219000,0.844040,66340.570000,66295.610000
29743820,2026-07-21T10:20,66303.520000,0.062000,0.645435,2026-07-21,265.000000,0.988236,0.542450,66336.980000,66302.350000
29743821,2026-07-21T10:21,66302.670000,-0.588700,0.084886,2026-07-21,416.000000,3.225559,0.632448,66313.490000,66300.590000
29743822,2026-07-21T10:22,66318.390000,0.342100,0.264895,2026-07-21,410.000000,6.548330,0.875701,66325.350000,66272.830000
29743823,2026-07-21T10:23,66298.050000,-0.113900,0.751401,2026-07-21,260.000000,1.601619,0.667700,66318.380000,66298.050000
29743824,2026-07-21T10:24,66336.120000,0.226800,0.335400,2026-07-21,331.000000,3.772983,0.982877,66343.540000,66298.050000
29743825,2026-07-21T10:25,66325.360000,0.210200,0.965768,2026-07-21,180.000000,0.262623,0.176015,66338.040000,66325.350000
29743826,2026-07-21T10:26,66321.290000,-0.038700,-0.657388,2026-07-21,353.000000,2.527730,0.562490,66327.660000,66305.290000
29743827,2026-07-21T10:27,66343.170000,0.141100,0.326196,2026-07-21,260.000000,1.124877,0.855610,66343.600000,66321.290000
29743828,2026-07-21T10:28,66339.010000,-0.008000,0.122112,2026-07-21,251.000000,0.586011,0.546478,66357.200000,66339.000000
29743829,2026-07-21T10:29,66355.710000,0.374600,0.092956,2026-07-21,228.000000,1.562274,0.827770,66358.690000,66339.000000
29743830,2026-07-21T10:30,66334.460000,-0.206600,0.655540,2026-07-21,218.000000,0.291190,0.170234,66358.690000,66334.450000
29743831,2026-07-21T10:31,66352.240000,-0.017100,-0.659533,2026-07-21,268.000000,1.328338,0.183870,66357.200000,66333.120000
29743832,2026-07-21T10:32,66358.920000,0.124100,-0.632261,2026-07-21,191.000000,0.203968,0.148566,66361.330000,66352.230000
29743833,2026-07-21T10:33,66346.830000,-0.284200,-0.702868,2026-07-21,302.000000,1.575556,0.367048,66366.290000,66346.380000
29743834,2026-07-21T10:34,66364.900000,-0.068900,-0.265905,2026-07-21,313.000000,3.537912,0.952895,66364.910000,66333.130000
29743835,2026-07-21T10:35,66378.830000,0.083800,0.905790,2026-07-21,342.000000,2.950485,0.705870,66387.400000,66361.930000
29743836,2026-07-21T10:36,66354.040000,0.196300,0.377428,2026-07-21,347.000000,3.576281,0.805931,66378.830000,66334.450000
29743837,2026-07-21T10:37,66352.200000,0.230400,0.650186,2026-07-21,236.000000,1.150936,0.791313,66354.050000,66330.000000
29743838,2026-07-21T10:38,66345.990000,-0.050100,0.565604,2026-07-21,148.000000,0.296243,0.425663,66356.970000,66345.990000
29743839,2026-07-21T10:39,66325.360000,-0.131200,-0.148356,2026-07-21,194.000000,0.767538,0.115760,66346.000000,66325.350000
29743840,2026-07-21T10:40,66284.400000,-0.166800,-0.768671,2026-07-21,221.000000,1.710424,0.285792,66325.350000,66284.400000
29743841,2026-07-21T10:41,66285.210000,-0.211500,-0.428417,2026-07-21,297.000000,1.931602,0.528309,66304.510000,66279.730000
29743842,2026-07-21T10:42,66302.450000,-0.338700,0.056618,2026-07-21,244.000000,1.550861,0.824742,66307.080000,66285.210000
29743843,2026-07-21T10:43,66342.880000,0.098200,0.649485,2026-07-21,394.000000,8.569561,0.858130,66361.740000,66292.830000
29743844,2026-07-21T10:44,66312.680000,0.166600,0.546096,2026-07-21,593.000000,15.975369,0.612535,66381.330000,66309.100000
29743845,2026-07-21T10:45,66320.790000,0.338200,0.302910,2026-07-21,254.000000,1.449530,0.453215,66320.800000,66302.600000
29743846,2026-07-21T10:46,66294.460000,0.436700,-0.109671,2026-07-21,333.000000,4.729122,0.635522,66320.790000,66284.980000
29743847,2026-07-21T10:47,66304.180000,-0.249300,0.271045,2026-07-21,260.000000,3.463252,0.282922,66311.700000,66294.460000
29743848,2026-07-21T10:48,66300.610000,0.420600,-0.433963,2026-07-21,262.000000,0.506943,0.445655,66304.190000,66290.000000
29743849,2026-07-21T10:49,66269.760000,0.046300,-0.109639,2026-07-21,269.000000,3.003475,0.451219,66308.000000,66265.600000
29743850,2026-07-21T10:50,66166.290000,0.203300,-0.076067,2026-07-21,445.000000,11.541187,0.248779,66273.000000,66166.290000
29743851,2026-07-21T10:51,66183.930000,-0.277600,-0.510196,2026-07-21,327.000000,2.480937,0.535984,66191.020000,66143.350000
29743852,2026-07-21T10:52,66193.390000,-0.144900,0.072248,2026-07-21,355.000000,5.950785,0.236243,66219.960000,66180.000000
29743853,2026-07-21T10:53,66156.450000,-0.160100,-0.534894,2026-07-21,352.000000,4.615263,0.371635,66195.120000,66150.150000
29743854,2026-07-21T10:54,66152.460000,-0.268900,-0.242033,2026-07-21,251.000000,2.887020,0.792225,66166.830000,66150.150000
29743855,2026-07-21T10:55,66156.350000,-0.139100,0.097038,2026-07-21,264.000000,3.395128,0.368549,66161.540000,66134.400000
29743856,2026-07-21T10:56,66156.350000,0.088300,0.164285,2026-07-21,146.000000,0.387896,0.802248,66156.350000,66148.770000
29743857,2026-07-21T10:57,66161.270000,0.349700,0.778559,2026-07-21,164.000000,0.344055,0.836885,66161.270000,66156.340000
29743858,2026-07-21T10:58,66158.800000,0.018900,0.674779,2026-07-21,214.000000,1.719429,0.745919,66161.280000,66152.400000
29743859,2026-07-21T10:59,66148.210000,-0.462100,0.491839,2026-07-21,241.000000,2.228858,0.466717,66173.240000,66148.210000
29743860,2026-07-21T11:00,66138.640000,-0.550400,-0.146930,2026-07-21,297.000000,2.724288,0.358816,66161.540000,66137.600000
29743861,2026-07-21T11:01,66157.200000,0.111300,-0.256188,2026-07-21,212.000000,1.502549,0.941300,66157.410000,66138.630000
29743862,2026-07-21T11:02,66164.010000,0.522800,0.882536,2026-07-21,144.000000,0.374713,0.969223,66164.010000,66157.190000
29743863,2026-07-21T11:03,66164.010000,0.213200,0.938724,2026-07-21,183.000000,1.883500,0.485641,66164.020000,66147.900000
29743864,2026-07-21T11:04,66135.570000,-0.236800,-0.028559,2026-07-21,239.000000,1.413744,0.546640,66164.020000,66125.160000
29743865,2026-07-21T11:05,66159.050000,0.608800,0.093257,2026-07-21,301.000000,3.143464,0.733806,66159.060000,66120.600000
29743866,2026-07-21T11:06,66134.260000,-0.246700,0.467568,2026-07-21,226.000000,1.586686,0.424226,66161.550000,66134.250000
29743867,2026-07-21T11:07,66130.290000,-0.184300,-0.149502,2026-07-21,175.000000,0.884077,0.461994,66134.260000,66125.150000
29743868,2026-07-21T11:08,66131.110000,0.089000,-0.079461,2026-07-21,165.000000,0.512797,0.891753,66138.790000,66127.200000
29743869,2026-07-21T11:09,66120.490000,-0.294300,0.783507,2026-07-21,204.000000,1.009229,0.132880,66131.110000,66112.060000
29743870,2026-07-21T11:10,66114.040000,-0.478000,-0.734241,2026-07-21,223.000000,1.550773,0.565420,66120.490000,66108.770000
29743871,2026-07-21T11:11,66154.240000,0.121400,0.131330,2026-07-21,644.000000,9.226430,0.799089,66160.280000,66106.980000
29743872,2026-07-21T11:12,66205.170000,0.476300,0.553606,2026-07-21,1062.000000,14.739459,0.722545,66217.770000,66157.420000
29743873,2026-07-21T11:13,66190.460000,0.226400,0.440216,2026-07-21,627.000000,5.966094,0.593481,66210.580000,66173.190000
29743874,2026-07-21T11:14,66196.510000,-0.147200,0.359003,2026-07-21,1087.000000,20.329924,0.788001,66234.870000,66190.460000
29743875,2026-07-21T11:15,66161.350000,0.289800,0.572556,2026-07-21,1107.000000,11.905550,0.388601,66210.670000,66153.490000
29743876,2026-07-21T11:16,66214.120000,0.131700,-0.331789,2026-07-21,1097.000000,16.695756,0.809486,66226.490000,66158.860000
29743877,2026-07-21T11:17,66212.040000,-0.156600,0.674382,2026-07-21,796.000000,9.088169,0.729418,66230.610000,66208.020000
29743878,2026-07-21T11:18,66204.460000,0.266000,0.366959,2026-07-21,239.000000,1.286274,0.501957,66212.030000,66190.690000
29743879,2026-07-21T11:19,66184.300000,0.113500,0.258898,2026-07-21,336.000000,2.220898,0.243148,66204.450000,66179.340000
29743880,2026-07-21T11:20,66191.450000,0.502500,-0.513704,2026-07-21,251.000000,1.411751,0.801635,66191.440000,66175.200000
29743881,2026-07-21T11:21,66173.080000,0.170100,0.603208,2026-07-21,357.000000,4.145268,0.519729,66193.390000,66150.390000
29743882,2026-07-21T11:22,66173.990000,0.038200,0.039472,2026-07-21,351.000000,3.873744,0.846768,66177.420000,66143.370000
29743883,2026-07-21T11:23,66185.610000,0.115800,0.693536,2026-07-21,234.000000,0.597019,0.775595,66185.610000,66173.980000
29743884,2026-07-21T11:24,66172.040000,-0.007500,0.551190,2026-07-21,202.000000,0.291517,0.523883,66185.610000,66171.020000
29743885,2026-07-21T11:25,66175.930000,-0.134700,0.047766,2026-07-21,409.000000,4.398925,0.575573,66189.750000,66166.100000
29743886,2026-07-21T11:26,66169.350000,-0.187200,0.125933,2026-07-21,375.000000,2.996843,0.282808,66179.750000,66157.000000
29743887,2026-07-21T11:27,66165.480000,0.134600,-0.415196,2026-07-21,299.000000,2.758172,0.798749,66179.740000,66157.000000
29743888,2026-07-21T11:28,66195.210000,0.361900,0.597578,2026-07-21,322.000000,6.708292,0.780912,66195.210000,66171.510000
29743889,2026-07-21T11:29,66202.490000,0.371700,0.580460,2026-07-21,266.000000,2.191664,0.376980,66202.490000,66195.210000
29743890,2026-07-21T11:30,66225.240000,0.054000,-0.604807,2026-07-21,304.000000,3.768441,0.497339,66225.240000,66196.100000
29743891,2026-07-21T11:31,66234.350000,0.005900,-0.005435,2026-07-21,212.000000,2.526876,0.165646,66234.350000,66225.240000
29743892,2026-07-21T11:32,66210.010000,0.175000,-0.668652,2026-07-21,314.000000,3.715494,0.319336,66238.310000,66201.600000
29743893,2026-07-21T11:33,66207.050000,-0.386500,-0.361328,2026-07-21,223.000000,1.458304,0.628692,66225.410000,66205.040000
29743894,2026-07-21T11:34,66216.140000,0.464100,0.257385,2026-07-21,223.000000,1.306997,0.938865,66216.150000,66204.050000
29743895,2026-07-21T11:35,66232.170000,0.407000,0.877730,2026-07-21,268.000000,2.129705,0.527217,66243.450000,66216.140000
29743896,2026-07-21T11:36,66252.540000,0.573800,0.077819,2026-07-21,178.000000,0.530852,0.797800,66252.550000,66232.170000
29743897,2026-07-21T11:37,66248.540000,0.051900,0.549798,2026-07-21,155.000000,0.464055,0.403077,66253.000000,66246.460000
29743898,2026-07-21T11:38,66255.950000,0.383500,-0.231710,2026-07-21,230.000000,0.520328,0.353186,66264.800000,66248.530000
29743899,2026-07-21T11:39,66249.550000,0.158300,-0.261154,2026-07-21,271.000000,2.783027,0.466720,66275.300000,66242.080000
29743900,2026-07-21T11:40,66260.570000,0.312000,-0.067837,2026-07-21,230.000000,1.543603,0.412361,66261.650000,66240.110000
29743901,2026-07-21T11:41,66279.850000,0.290700,-0.173272,2026-07-21,154.000000,0.567799,0.331431,66279.840000,66259.470000
29743902,2026-07-21T11:42,66302.010000,-0.015700,-0.337059,2026-07-21,512.000000,10.283221,0.682842,66313.250000,66279.840000
29743903,2026-07-21T11:43,66280.040000,-0.046400,0.365683,2026-07-21,196.000000,0.953239,0.224089,66302.010000,66280.040000
29743904,2026-07-21T11:44,66298.040000,0.376500,-0.551858,2026-07-21,251.000000,2.001782,0.250377,66298.040000,66280.040000
29743905,2026-07-21T11:45,66294.760000,0.491200,-0.499227,2026-07-21,179.000000,1.215234,0.465308,66300.380000,66290.840000
29743906,2026-07-21T11:46,66300.670000,0.028900,-0.076731,2026-07-21,196.000000,0.521169,0.657474,66308.260000,66296.710000
29743907,2026-07-21T11:47,66305.960000,0.424300,-0.447815,2026-07-21,202.000000,2.290898,0.587765,66305.950000,66295.600000
29743908,2026-07-21T11:48,66297.900000,0.124400,0.724847,2026-07-21,249.000000,1.839332,0.526281,66308.020000,66292.530000
29743909,2026-07-21T11:49,66314.700000,0.106300,0.052561,2026-07-21,232.000000,1.514172,0.848905,66322.070000,66296.790000
29743910,2026-07-21T11:50,66311.600000,0.221300,0.697811,2026-07-21,148.000000,0.164230,0.337832,66314.700000,66311.590000
29743911,2026-07-21T11:51,66310.260000,0.220900,-0.324336,2026-07-21,146.000000,0.269585,0.032043,66311.600000,66310.260000
29743912,2026-07-21T11:52,66310.260000,-0.339900,-0.935914,2026-07-21,376.000000,3.064836,0.631961,66318.600000,66310.260000
29743913,2026-07-21T11:53,66316.180000,-0.236700,0.136993,2026-07-21,207.000000,1.392106,0.651573,66316.190000,66300.030000
29743914,2026-07-21T11:54,66295.960000,-0.046600,0.727801,2026-07-21,298.000000,3.073984,0.613103,66318.590000,66289.040000
29743915,2026-07-21T11:55,66288.020000,0.253200,0.226202,2026-07-21,259.000000,4.336517,0.590392,66295.970000,66285.960000
29743916,2026-07-21T11:56,66290.640000,0.282400,0.180784,2026-07-21,192.000000,1.074889,0.441059,66290.640000,66279.850000
29743917,2026-07-21T11:57,66293.490000,0.132000,-0.117881,2026-07-21,227.000000,0.694328,0.668189,66293.490000,66278.810000
29743918,2026-07-21T11:58,66288.010000,-0.473800,0.307682,2026-07-21,140.000000,0.157806,0.027217,66297.480000,66288.000000
29743919,2026-07-21T11:59,66309.460000,0.322600,-0.939748,2026-07-21,277.000000,3.422884,0.879413,66309.470000,66280.020000
29743920,2026-07-21T12:00,66285.010000,-0.410300,0.758825,2026-07-21,419.000000,4.364877,0.305997,66327.290000,66285.010000
29743921,2026-07-21T12:01,66241.040000,-0.352300,-0.441231,2026-07-21,343.000000,2.915228,0.523508,66285.640000,66235.820000
29743922,2026-07-21T12:02,66238.900000,-0.487600,0.280046,2026-07-21,247.000000,2.273342,0.246832,66265.060000,66238.900000
29743923,2026-07-21T12:03,66230.390000,-0.427400,-0.662376,2026-07-21,217.000000,1.565360,0.734577,66238.910000,66230.390000
29743924,2026-07-21T12:04,66237.890000,-0.187000,0.180173,2026-07-21,260.000000,2.598713,0.742353,66245.030000,66227.760000
29743925,2026-07-21T12:05,66241.880000,0.182800,0.819960,2026-07-21,205.000000,1.394585,0.542408,66241.880000,66227.770000
29743926,2026-07-21T12:06,66310.770000,-0.132700,0.084325,2026-07-21,514.000000,11.089721,0.649251,66310.770000,66238.190000
29743927,2026-07-21T12:07,66334.460000,-0.010000,0.310903,2026-07-21,361.000000,3.606926,0.702651,66356.440000,66310.780000
29743928,2026-07-21T12:08,66317.610000,0.019400,0.284381,2026-07-21,294.000000,1.572431,0.402332,66334.450000,66315.030000
29743929,2026-07-21T12:09,66329.600000,0.229100,-0.107045,2026-07-21,208.000000,1.341534,0.639508,66329.600000,66311.700000
29743930,2026-07-21T12:10,66332.790000,0.244300,0.344160,2026-07-21,241.000000,1.149645,0.719052,66338.740000,66322.170000
29743931,2026-07-21T12:11,66361.740000,0.027700,0.450536,2026-07-21,528.000000,9.446587,0.362449,66374.950000,66332.780000
29743932,2026-07-21T12:12,66371.210000,-0.298400,-0.275101,2026-07-21,349.000000,5.261660,0.930386,66408.000000,66361.740000
29743933,2026-07-21T12:13,66366.290000,0.302400,0.860773,2026-07-21,326.000000,2.507441,0.712465,66380.700000,66348.120000
29743934,2026-07-21T12:14,66361.760000,-0.148600,0.448074,2026-07-21,238.000000,1.112506,0.443699,66372.940000,66357.220000
29743935,2026-07-21T12:15,66300.760000,-0.103900,-0.228383,2026-07-21,266.000000,1.648363,0.291442,66370.030000,66300.760000
29743936,2026-07-21T12:16,66349.580000,-0.089400,-0.386850,2026-07-21,483.000000,4.407766,0.817095,66366.300000,66300.760000
29743937,2026-07-21T12:17,66375.390000,0.474600,0.631155,2026-07-21,215.000000,0.948868,0.949328,66375.400000,66349.580000
29743938,2026-07-21T12:18,66379.960000,-0.107500,0.909179,2026-07-21,245.000000,1.143356,0.558360,66400.000000,66375.390000
29743939,2026-07-21T12:19,66405.010000,0.202800,0.022747,2026-07-21,384.000000,5.731071,0.871393,66415.010000,66378.300000
29743940,2026-07-21T12:20,66395.070000,0.237700,0.742747,2026-07-21,476.000000,7.516294,0.387078,66412.170000,66365.000000
29743941,2026-07-21T12:21,66439.820000,0.074600,-0.225830,2026-07-21,545.000000,6.640417,0.851877,66452.200000,66395.060000
29743942,2026-07-21T12:22,66413.830000,-0.026400,0.708541,2026-07-21,393.000000,3.050548,0.387258,66454.220000,66411.800000
29743943,2026-07-21T12:23,66420.890000,0.563300,-0.279377,2026-07-21,311.000000,2.074916,0.683893,66425.450000,66398.160000
29743944,2026-07-21T12:24,66411.880000,0.000500,0.395132,2026-07-21,380.000000,5.050472,0.302081,66433.420000,66398.150000
29743945,2026-07-21T12:25,66427.820000,-0.054700,-0.395844,2026-07-21,277.000000,1.515748,0.290891,66427.110000,66402.700000
29743946,2026-07-21T12:26,66395.010000,-0.015200,-0.418202,2026-07-21,233.000000,0.968954,0.207475,66428.450000,66391.790000
29743947,2026-07-21T12:27,66381.730000,0.129100,-0.585050,2026-07-21,239.000000,1.430103,0.604392,66400.000000,66380.000000
29743948,2026-07-21T12:28,66393.460000,0.098600,0.208784,2026-07-21,207.000000,1.126172,0.698035,66396.660000,66381.720000
29743949,2026-07-21T12:29,66416.010000,0.064300,0.396069,2026-07-21,354.000000,4.426671,0.830057,66418.290000,66393.450000
29743950,2026-07-21T12:30,66422.450000,-0.043100,0.662364,2026-07-21,459.000000,6.173622,0.275716,66425.430000,66384.500000
29743951,2026-07-21T12:31,66453.990000,0.522500,-0.432339,2026-07-21,361.000000,1.768190,0.664625,66457.970000,66420.650000
29743952,2026-07-21T12:32,66467.990000,0.096600,0.291287,2026-07-21,438.000000,5.034626,0.706657,66485.060000,66452.630000
29743953,2026-07-21T12:33,66470.960000,-0.087600,0.413052,2026-07-21,679.000000,19.640326,0.866676,66512.990000,66467.980000
29743954,2026-07-21T12:34,66448.210000,-0.059900,0.733283,2026-07-21,376.000000,2.619778,0.188619,66476.770000,66448.210000
29743955,2026-07-21T12:35,66452.740000,0.310800,-0.637124,2026-07-21,336.000000,1.419730,0.440946,66452.750000,66425.450000
29743956,2026-07-21T12:36,66495.990000,0.117300,-0.047065,2026-07-21,540.000000,10.110000,0.788951,66517.520000,66452.740000
29743957,2026-07-21T12:37,66550.010000,0.130300,0.577890,2026-07-21,561.000000,8.114547,0.440371,66563.520000,66495.990000
29743958,2026-07-21T12:38,66543.760000,-0.274100,-0.098415,2026-07-21,466.000000,5.652692,0.652494,66568.870000,66528.850000
29743959,2026-07-21T12:39,66586.880000,0.225600,0.291321,2026-07-21,400.000000,2.498921,0.570595,66597.500000,66543.750000
29743960,2026-07-21T12:40,66586.360000,-0.195400,0.140939,2026-07-21,336.000000,1.658977,0.707365,66592.040000,66575.600000
29743961,2026-07-21T12:41,66555.300000,-0.028500,0.418627,2026-07-21,315.000000,0.695392,0.184419,66583.570000,66551.500000
29743962,2026-07-21T12:42,66543.760000,-0.479600,-0.659092,2026-07-21,282.000000,0.800791,0.533213,66555.300000,66543.750000
29743963,2026-07-21T12:43,66468.010000,0.215400,0.069021,2026-07-21,619.000000,8.656636,0.308503,66543.760000,66450.000000
29743964,2026-07-21T12:44,66476.010000,0.050400,-0.389364,2026-07-21,346.000000,1.891497,0.477971,66487.820000,66457.300000
29743965,2026-07-21T12:45,66470.960000,-0.607200,0.015410,2026-07-21,304.000000,1.491321,0.588568,66500.610000,66466.400000
29743966,2026-07-21T12:46,66474.880000,-0.147200,0.162342,2026-07-21,262.000000,1.542500,0.949015,66481.520000,66462.000000
29743967,2026-07-21T12:47,66471.290000,-0.355300,0.898381,2026-07-21,413.000000,5.513881,0.095264,66476.180000,66430.000000
29743968,2026-07-21T12:48,66485.040000,0.029700,-0.766964,2026-07-21,332.000000,2.524904,0.864465,66487.990000,66461.850000
29743969,2026-07-21T12:49,66498.260000,-0.729900,0.781966,2026-07-21,313.000000,2.537886,0.861887,66513.550000,66485.030000
29743970,2026-07-21T12:50,66512.390000,0.017400,0.723698,2026-07-21,314.000000,3.444755,0.954013,66512.740000,66482.950000
29743971,2026-07-21T12:51,66470.960000,-0.193400,0.909793,2026-07-21,409.000000,4.796275,0.638331,66522.130000,66470.950000
29743972,2026-07-21T12:52,66457.300000,-0.116800,0.266757,2026-07-21,270.000000,1.512743,0.446878,66470.960000,66457.300000
29743973,2026-07-21T12:53,66455.540000,0.102600,-0.106158,2026-07-21,260.000000,1.663990,0.370530,66460.960000,66451.600000
29743974,2026-07-21T12:54,66468.680000,0.283200,-0.257258,2026-07-21,297.000000,1.894493,0.665008,66476.220000,66451.590000
29743975,2026-07-21T12:55,66467.800000,0.448800,0.186534,2026-07-21,240.000000,2.861326,0.483152,66476.040000,66457.300000
29743976,2026-07-21T12:56,66481.990000,-0.057700,0.049868,2026-07-21,270.000000,1.374102,0.608028,66482.000000,66455.590000
29743977,2026-07-21T12:57,66517.770000,-0.100300,0.215523,2026-07-21,464.000000,7.042629,0.924848,66539.250000,66481.990000
29743978,2026-07-21T12:58,66505.580000,0.006600,0.849804,2026-07-21,290.000000,0.613557,0.202128,66524.170000,66505.570000
29743979,2026-07-21T12:59,66508.860000,-0.267700,-0.597468,2026-07-21,363.000000,1.505480,0.429717,66536.300000,66505.570000
29743980,2026-07-21T13:00,66506.760000,0.133300,-0.137925,2026-07-21,315.000000,1.715662,0.289193,66516.650000,66489.150000
29743981,2026-07-21T13:01,66493.350000,0.647200,-0.422150,2026-07-21,280.000000,2.439560,0.820592,66506.760000,66482.000000
29743982,2026-07-21T13:02,66472.390000,0.015000,0.641057,2026-07-21,257.000000,0.871535,0.586469,66497.000000,66470.950000
29743983,2026-07-21T13:03,66489.580000,0.449400,0.172938,2026-07-21,281.000000,1.693802,0.422592,66491.170000,66469.280000
29743984,2026-07-21T13:04,66494.880000,0.088000,-0.135991,2026-07-21,244.000000,0.772319,0.501818,66505.070000,66489.580000
29743985,2026-07-21T13:05,66483.140000,0.003800,-0.033943,2026-07-21,271.000000,3.143959,0.260723,66494.880000,66481.810000
29743986,2026-07-21T13:06,66515.330000,0.494100,-0.487805,2026-07-21,381.000000,3.450728,0.762767,66520.660000,66481.820000
29743987,2026-07-21T13:07,66544.120000,0.411800,0.513714,2026-07-21,442.000000,5.043522,0.807691,66555.200000,66502.820000
29743988,2026-07-21T13:08,66530.110000,0.290400,0.597197,2026-07-21,381.000000,4.597072,0.706657,66561.990000,66530.100000
29743989,2026-07-21T13:09,66547.010000,-0.017100,0.462735,2026-07-21,339.000000,4.928550,0.459651,66547.010000,66530.100000
29743990,2026-07-21T13:10,66544.860000,0.311700,-0.235007,2026-07-21,307.000000,3.731150,0.519953,66544.870000,66532.830000
29743991,2026-07-21T13:11,66513.110000,-0.244100,0.445894,2026-07-21,339.000000,4.142346,0.591262,66545.220000,66511.900000
29743992,2026-07-21T13:12,66539.480000,-0.207200,0.182532,2026-07-21,293.000000,3.059454,0.751507,66547.010000,66509.740000
29743993,2026-07-21T13:13,66574.140000,0.221600,0.425932,2026-07-21,507.000000,11.253170,0.903866,66588.750000,66525.550000
29743994,2026-07-21T13:14,66578.880000,0.091400,0.835733,2026-07-21,341.000000,4.128751,0.677886,66580.230000,66566.500000
29743995,2026-07-21T13:15,66612.950000,-0.229400,0.344111,2026-07-21,517.000000,9.625373,0.752608,66632.430000,66578.870000
29743996,2026-07-21T13:16,66545.950000,-0.115300,0.466252,2026-07-21,576.000000,14.901792,0.526125,66612.940000,66540.010000
29743997,2026-07-21T13:17,66537.240000,0.023800,0.099511,2026-07-21,452.000000,3.838858,0.486195,66564.490000,66537.020000
29743998,2026-07-21T13:18,66546.350000,0.248100,-0.180875,2026-07-21,281.000000,2.053700,0.394758,66548.290000,66535.090000
29743999,2026-07-21T13:19,66517.150000,-0.436500,-0.194440,2026-07-21,306.000000,3.733364,0.219007,66546.340000,66517.150000
29744000,2026-07-21T13:20,66538.640000,0.050500,-0.561986,2026-07-21,318.000000,4.778274,0.702364,66538.630000,66507.350000
29744001,2026-07-21T13:21,66511.980000,0.073700,0.404728,2026-07-21,492.000000,11.839497,0.376910,66552.510000,66506.920000
29744002,2026-07-21T13:22,66469.200000,-0.169100,-0.246180,2026-07-21,529.000000,11.126406,0.286645,66522.570000,66457.990000
29744003,2026-07-21T13:23,66475.490000,-0.150100,-0.426910,2026-07-21,321.000000,4.985489,0.671351,66475.500000,66451.010000
29744004,2026-07-21T13:24,66433.140000,-0.807300,0.343197,2026-07-21,355.000000,6.126534,0.219925,66475.490000,66422.180000
29744005,2026-07-21T13:25,66404.990000,0.083700,-0.582225,2026-07-21,674.000000,15.218445,0.448630,66439.610000,66371.990000
29744006,2026-07-21T13:26,66380.770000,0.382400,0.037056,2026-07-21,316.000000,4.989310,0.424977,66414.660000,66380.760000
29744007,2026-07-21T13:27,66386.010000,0.117700,-0.145851,2026-07-21,309.000000,5.196651,0.795360,66391.890000,66375.400000
29744008,2026-07-21T13:28,66376.650000,0.094900,0.596090,2026-07-21,396.000000,5.307017,0.410595,66387.980000,66364.150000
29744009,2026-07-21T13:29,66391.420000,-0.088300,-0.211105,2026-07-21,510.000000,12.588887,0.801766,66411.790000,66375.130000
29744010,2026-07-21T13:30,66405.950000,0.243500,0.635262,2026-07-21,647.000000,10.768160,0.796393,66414.010000,66354.200000
29744011,2026-07-21T13:31,66366.300000,-0.203700,0.544029,2026-07-21,1025.000000,19.484324,0.710890,66430.000000,66339.900000
29744012,2026-07-21T13:32,66402.320000,0.051600,0.430356,2026-07-21,613.000000,9.121234,0.620593,66418.270000,66358.000000
29744013,2026-07-21T13:33,66429.580000,0.059700,0.221292,2026-07-21,762.000000,15.788052,0.681064,66449.990000,66388.800000
29744014,2026-07-21T13:34,66473.670000,0.259500,0.244492,2026-07-21,1090.000000,31.454387,0.807953,66485.830000,66407.250000
29744015,2026-07-21T13:35,66466.390000,0.630700,0.705448,2026-07-21,1159.000000,27.093377,0.462261,66506.890000,66448.190000
29744016,2026-07-21T13:36,66467.950000,0.113000,-0.061331,2026-07-21,1058.000000,13.781762,0.653926,66511.900000,66459.500000
29744017,2026-07-21T13:37,66457.710000,0.561500,0.300062,2026-07-21,1446.000000,29.838878,0.566671,66483.350000,66416.350000
29744018,2026-07-21T13:38,66460.240000,0.271900,0.127806,2026-07-21,1512.000000,79.884745,0.383380,66482.860000,66430.410000
29744019,2026-07-21T13:39,66369.990000,-0.479400,-0.230735,2026-07-21,657.000000,12.772475,0.369660,66469.730000,66344.850000
29744020,2026-07-21T13:40,66323.300000,-0.021400,-0.267136,2026-07-21,576.000000,11.999593,0.813860,66369.980000,66311.000000
29744021,2026-07-21T13:41,66307.170000,-0.464000,0.642470,2026-07-21,567.000000,19.030493,0.268317,66375.250000,66306.170000
29744022,2026-07-21T13:42,66307.360000,0.448600,-0.264685,2026-07-21,566.000000,17.534285,0.468960,66317.000000,66275.300000
29744023,2026-07-21T13:43,66298.050000,-0.093300,-0.290050,2026-07-21,621.000000,16.347258,0.052173,66349.990000,66297.250000
29744024,2026-07-21T13:44,66314.890000,0.054300,-0.895635,2026-07-21,525.000000,13.444646,0.491715,66329.890000,66281.990000
29744025,2026-07-21T13:45,66348.520000,0.508300,-0.068840,2026-07-21,646.000000,19.673777,0.857400,66358.690000,66292.950000
29744026,2026-07-21T13:46,66361.760000,-0.409700,0.784938,2026-07-21,684.000000,10.991403,0.658389,66407.720000,66337.630000
29744027,2026-07-21T13:47,66411.110000,0.014400,0.296698,2026-07-21,731.000000,17.802506,0.834548,66420.890000,66357.200000
29744028,2026-07-21T13:48,66490.010000,0.496900,0.674759,2026-07-21,794.000000,15.495252,0.817072,66501.760000,66395.340000
29744029,2026-07-21T13:49,66610.830000,0.593100,0.646453,2026-07-21,1196.000000,26.320054,0.678829,66616.560000,66484.610000
29744030,2026-07-21T13:50,66593.290000,0.540500,0.346864,2026-07-21,725.000000,16.535537,0.743005,66616.540000,66560.390000
29744031,2026-07-21T13:51,66596.010000,0.690500,0.491301,2026-07-21,1569.000000,36.348495,0.493817,66687.530000,66581.870000
29744032,2026-07-21T13:52,66588.460000,-0.057300,-0.023210,2026-07-21,633.000000,8.021674,0.712263,66603.520000,66550.360000
29744033,2026-07-21T13:53,66651.110000,0.735200,0.436332,2026-07-21,927.000000,16.943750,0.742001,66669.540000,66583.420000
29744034,2026-07-21T13:54,66698.020000,0.690400,0.488467,2026-07-21,1891.000000,48.842796,0.819663,66723.070000,66640.000000
29744035,2026-07-21T13:55,66729.700000,0.559400,0.645779,2026-07-21,1581.000000,31.553892,0.687398,66750.000000,66680.650000
29744036,2026-07-21T13:56,66756.010000,0.556700,0.349487,2026-07-21,1218.000000,26.493420,0.819519,66779.580000,66693.930000
29744037,2026-07-21T13:57,66697.110000,0.123800,0.646796,2026-07-21,1249.000000,17.927381,0.598727,66756.030000,66689.350000
29744038,2026-07-21T13:58,66707.920000,-0.052400,0.201222,2026-07-21,799.000000,11.566469,0.705713,66737.120000,66694.170000
29744039,2026-07-21T13:59,66737.990000,0.650600,0.400062,2026-07-21,787.000000,12.707135,0.524757,66756.880000,66702.740000
29744040,2026-07-21T14:00,66698.460000,-0.028900,0.071579,2026-07-21,989.000000,14.617753,0.577569,66750.010000,66693.330000
29744041,2026-07-21T14:01,66760.010000,-0.292000,0.155708,2026-07-21,2246.000000,55.816213,0.806753,66789.000000,66689.350000
29744042,2026-07-21T14:02,66793.360000,0.470800,0.616969,2026-07-21,1389.000000,25.144931,0.765260,66820.870000,66763.620000
29744043,2026-07-21T14:03,66794.850000,0.596700,0.508060,2026-07-21,2329.000000,35.071938,0.288592,66812.190000,66758.310000
29744044,2026-07-21T14:04,66817.050000,0.627700,-0.388429,2026-07-21,1178.000000,28.303583,0.775374,66819.620000,66776.940000
29744045,2026-07-21T14:05,66863.820000,0.553500,0.538615,2026-07-21,2203.000000,32.434771,0.665854,66883.980000,66810.020000
29744046,2026-07-21T14:06,66879.580000,-0.558300,0.327611,2026-07-21,1828.000000,42.942742,0.738074,66923.950000,66852.110000
29744047,2026-07-21T14:07,66766.860000,0.388800,0.479526,2026-07-21,1788.000000,32.678008,0.551266,66879.990000,66760.000000
29744048,2026-07-21T14:08,66777.990000,0.233700,0.099166,2026-07-21,963.000000,14.733681,0.521881,66813.060000,66750.000000
29744049,2026-07-21T14:09,66781.980000,0.535300,0.056088,2026-07-21,1580.000000,26.081118,0.627908,66838.400000,66766.010000
29744050,2026-07-21T14:10,66882.010000,0.007000,0.258544,2026-07-21,1781.000000,40.008745,0.707509,66889.870000,66780.350000
29744051,2026-07-21T14:11,66888.150000,0.597900,0.409540,2026-07-21,1757.000000,33.726209,0.700179,66921.970000,66874.020000
29744052,2026-07-21T14:12,66857.990000,-0.099400,0.395156,2026-07-21,962.000000,25.158593,0.518659,66915.900000,66839.990000
29744053,2026-07-21T14:13,66866.010000,0.765500,0.046822,2026-07-21,811.000000,13.765122,0.746419,66871.350000,66817.180000
29744054,2026-07-21T14:14,66910.240000,0.727100,0.491825,2026-07-21,858.000000,15.276404,0.784983,66916.380000,66866.000000
29744055,2026-07-21T14:15,66895.420000,0.593300,0.595908,2026-07-21,825.000000,14.151662,0.774481,66912.770000,66859.650000
29744056,2026-07-21T14:16,66853.490000,0.436300,0.513275,2026-07-21,722.000000,14.636057,0.590240,66895.420000,66825.860000
29744057,2026-07-21T14:17,66789.830000,-0.090700,0.201845,2026-07-21,771.000000,17.008134,0.759877,66856.800000,66789.830000
29744058,2026-07-21T14:18,66804.350000,0.256400,0.478475,2026-07-21,664.000000,10.841146,0.643171,66820.520000,66764.810000
29744059,2026-07-21T14:19,66822.580000,-0.223400,0.337196,2026-07-21,653.000000,12.332745,0.817621,66861.580000,66806.610000
29744060,2026-07-21T14:20,66803.110000,0.550600,0.630685,2026-07-21,634.000000,10.941068,0.829335,66857.680000,66803.100000
29744061,2026-07-21T14:21,66750.010000,0.483000,0.658984,2026-07-21,600.000000,11.032467,0.516587,66832.740000,66739.400000
29744062,2026-07-21T14:22,66625.650000,0.114100,0.032432,2026-07-21,781.000000,13.517416,0.296452,66755.350000,66625.650000
29744063,2026-07-21T14:23,66689.430000,-0.233000,-0.366186,2026-07-21,608.000000,7.911071,0.701074,66697.580000,66625.650000
29744064,2026-07-21T14:24,66639.290000,-0.071700,0.365444,2026-07-21,582.000000,10.258922,0.601963,66697.580000,66621.100000
29744065,2026-07-21T14:25,66662.420000,0.168900,0.205474,2026-07-21,822.000000,17.051067,0.849632,66732.170000,66616.000000
29744066,2026-07-21T14:26,66621.100000,0.562900,0.685628,2026-07-21,633.000000,10.861269,0.364216,66671.140000,66609.350000
29744067,2026-07-21T14:27,66634.290000,0.541600,-0.262197,2026-07-21,480.000000,6.429256,0.795714,66640.950000,66614.430000
29744068,2026-07-21T14:28,66639.300000,0.034000,0.612349,2026-07-21,691.000000,12.089707,0.595307,66680.240000,66621.100000
29744069,2026-07-21T14:29,66636.510000,-0.053100,0.166683,2026-07-21,140.000000,2.321544,0.899192,66639.310000,66627.940000
29744070,2026-07-21T14:30,66636.510000,-0.053100,0.798384,2026-07-21,,,,,
29744071,2026-07-21T14:31,66636.510000,-0.053100,0.000000,2026-07-21,,,,,
29744072,2026-07-21T14:32,66636.510000,-0.053100,0.000000,2026-07-21,,,,,
29744073,2026-07-21T14:33,66636.510000,-0.053100,0.000000,2026-07-21,,,,,
29744074,2026-07-21T14:34,66636.510000,-0.053100,0.000000,2026-07-21,,,,,
29744075,2026-07-21T14:35,66636.510000,-0.053100,0.000000,2026-07-21,,,,,
29744076,2026-07-21T14:36,66636.510000,-0.053100,0.000000,2026-07-21,,,,,
29744077,2026-07-21T14:37,66636.510000,-0.053100,0.000000,2026-07-21,,,,,
29744078,2026-07-21T14:38,66636.510000,-0.053100,0.000000,2026-07-21,,,,,
29744079,2026-07-21T14:39,66636.510000,-0.053100,0.000000,2026-07-21,,,,,
29744080,2026-07-21T14:40,66636.510000,-0.053100,0.000000,2026-07-21,,,,,
29744081,2026-07-21T14:41,66636.510000,-0.053100,0.000000,2026-07-21,,,,,
29744082,2026-07-21T14:42,66636.510000,-0.053100,0.000000,2026-07-21,,,,,
29744083,2026-07-21T14:43,66636.510000,-0.053100,0.000000,2026-07-21,,,,,
29744084,2026-07-21T14:44,66636.510000,-0.053100,0.000000,2026-07-21,,,,,
29744085,2026-07-21T14:45,66636.510000,-0.053100,0.000000,2026-07-21,,,,,
29744086,2026-07-21T14:46,66636.510000,-0.053100,0.000000,2026-07-21,,,,,
29744087,2026-07-21T14:47,66636.510000,-0.053100,0.000000,2026-07-21,,,,,
29744088,2026-07-21T14:48,66636.510000,-0.053100,0.000000,2026-07-21,,,,,
29744089,2026-07-21T14:49,66636.510000,-0.053100,0.000000,2026-07-21,,,,,
29744090,2026-07-21T14:50,66636.510000,-0.053100,0.000000,2026-07-21,,,,,
29744091,2026-07-21T14:51,66636.510000,-0.053100,0.000000,2026-07-21,,,,,
29744092,2026-07-21T14:52,66636.510000,-0.053100,0.000000,2026-07-21,,,,,
29744093,2026-07-21T14:53,66636.510000,-0.053100,0.000000,2026-07-21,,,,,
29744094,2026-07-21T14:54,66636.510000,-0.053100,0.000000,2026-07-21,,,,,
29744095,2026-07-21T14:55,66636.510000,-0.053100,0.000000,2026-07-21,,,,,
29744096,2026-07-21T14:56,66636.510000,-0.053100,0.000000,2026-07-21,,,,,
29744097,2026-07-21T14:57,66636.510000,-0.053100,0.000000,2026-07-21,,,,,
29744098,2026-07-21T14:58,66636.510000,-0.053100,0.000000,2026-07-21,,,,,
29744099,2026-07-21T14:59,66636.510000,-0.053100,0.000000,2026-07-21,,,,,
29744100,2026-07-21T15:00,66636.510000,-0.053100,0.000000,2026-07-21,,,,,
29744101,2026-07-21T15:01,66636.510000,-0.053100,0.000000,2026-07-21,,,,,
29744102,2026-07-21T15:02,66636.510000,-0.053100,0.000000,2026-07-21,,,,,
29744103,2026-07-21T15:03,66636.510000,-0.053100,0.000000,2026-07-21,,,,,
29744104,2026-07-21T15:04,66636.510000,-0.053100,0.000000,2026-07-21,,,,,
29744105,2026-07-21T15:05,66636.510000,-0.053100,0.000000,2026-07-21,,,,,
29744106,2026-07-21T15:06,66636.510000,-0.053100,0.000000,2026-07-21,,,,,
29744107,2026-07-21T15:07,66636.510000,-0.053100,0.000000,2026-07-21,,,,,
29744108,2026-07-21T15:08,66688.490000,0.447500,0.000000,2026-07-21,133.000000,1.038138,0.490772,66696.000000,66686.560000
29744109,2026-07-21T15:09,66688.490000,0.447500,-0.018457,2026-07-21,,,,,
29744110,2026-07-21T15:10,66688.490000,0.447500,0.000000,2026-07-21,,,,,
29744111,2026-07-21T15:11,66688.490000,0.436100,0.000000,2026-07-21,,,,,
29744112,2026-07-21T15:12,66688.490000,0.436100,0.000000,2026-07-21,,,,,
29744113,2026-07-21T15:13,66688.490000,0.436100,0.000000,2026-07-21,,,,,
29744114,2026-07-21T15:14,66688.490000,0.436100,0.000000,2026-07-21,,,,,
29744115,2026-07-21T15:15,66688.490000,0.436100,0.000000,2026-07-21,,,,,
29744116,2026-07-21T15:16,66688.490000,0.436100,0.000000,2026-07-21,,,,,
29744117,2026-07-21T15:17,66688.490000,0.436100,0.000000,2026-07-21,,,,,
29744118,2026-07-21T15:18,66688.490000,0.436100,0.000000,2026-07-21,,,,,
29744119,2026-07-21T15:19,66688.490000,0.436100,0.000000,2026-07-21,,,,,
29744120,2026-07-21T15:20,66688.020000,0.278400,0.000000,2026-07-21,40.000000,0.284717,0.884477,66689.200000,66675.510000
29744121,2026-07-21T15:21,66688.020000,0.278400,0.768953,2026-07-21,,,,,
29744122,2026-07-21T15:22,66688.020000,0.278400,0.000000,2026-07-21,,,,,
29744123,2026-07-21T15:23,66688.020000,0.278400,0.000000,2026-07-21,,,,,
29744124,2026-07-21T15:24,66688.020000,0.278400,0.000000,2026-07-21,,,,,
29744125,2026-07-21T15:25,66688.020000,0.278400,0.000000,2026-07-21,,,,,
29744126,2026-07-21T15:26,66688.020000,0.278400,0.000000,2026-07-21,,,,,
29744127,2026-07-21T15:27,66688.020000,0.278400,0.000000,2026-07-21,,,,,
29744128,2026-07-21T15:28,66688.020000,0.278400,0.000000,2026-07-21,,,,,
29744129,2026-07-21T15:29,66688.020000,0.278400,0.000000,2026-07-21,,,,,
29744130,2026-07-21T15:30,66688.020000,0.278400,0.000000,2026-07-21,,,,,
29744131,2026-07-21T15:31,66688.020000,0.278400,0.000000,2026-07-21,,,,,
29744132,2026-07-21T15:32,66688.020000,0.278400,0.000000,2026-07-21,,,,,
29744133,2026-07-21T15:33,66688.020000,0.278400,0.000000,2026-07-21,,,,,
29744134,2026-07-21T15:34,66688.020000,0.278400,0.000000,2026-07-21,,,,,
29744135,2026-07-21T15:35,66688.020000,0.278400,0.000000,2026-07-21,,,,,
29744136,2026-07-21T15:36,66688.020000,0.278400,0.000000,2026-07-21,,,,,
29744137,2026-07-21T15:37,66688.020000,0.278400,0.000000,2026-07-21,,,,,
29744138,2026-07-21T15:38,66688.020000,0.278400,0.000000,2026-07-21,,,,,
29744139,2026-07-21T15:39,66688.020000,0.278400,0.000000,2026-07-21,,,,,
29744140,2026-07-21T15:40,66688.020000,0.278400,0.000000,2026-07-21,,,,,
29744141,2026-07-21T15:41,66688.020000,0.278400,0.000000,2026-07-21,,,,,
29744142,2026-07-21T15:42,66688.020000,0.278400,0.000000,2026-07-21,,,,,
29744143,2026-07-21T15:43,66688.020000,0.278400,0.000000,2026-07-21,,,,,
29744144,2026-07-21T15:44,66688.020000,0.278400,0.000000,2026-07-21,,,,,
29744145,2026-07-21T15:45,66688.020000,0.278400,0.000000,2026-07-21,,,,,
29744146,2026-07-21T15:46,66688.020000,0.278400,0.000000,2026-07-21,,,,,
29744147,2026-07-21T15:47,66688.020000,0.278400,0.000000,2026-07-21,,,,,
29744148,2026-07-21T15:48,66688.020000,0.278400,0.000000,2026-07-21,,,,,
29744149,2026-07-21T15:49,66688.020000,0.278400,0.000000,2026-07-21,,,,,
29744150,2026-07-21T15:50,66688.020000,0.278400,0.000000,2026-07-21,,,,,
29744151,2026-07-21T15:51,66688.020000,0.278400,0.000000,2026-07-21,,,,,
29744152,2026-07-21T15:52,66688.020000,0.278400,0.000000,2026-07-21,,,,,
29744153,2026-07-21T15:53,66688.020000,0.278400,0.000000,2026-07-21,,,,,
29744154,2026-07-21T15:54,66688.020000,0.278400,0.000000,2026-07-21,,,,,
29744155,2026-07-21T15:55,66688.020000,0.278400,0.000000,2026-07-21,,,,,
29744156,2026-07-21T15:56,66688.020000,0.278400,0.000000,2026-07-21,,,,,
29744157,2026-07-21T15:57,66688.020000,0.278400,0.000000,2026-07-21,,,,,
29744158,2026-07-21T15:58,66688.020000,0.278400,0.000000,2026-07-21,,,,,
29744159,2026-07-21T15:59,66688.020000,0.278400,0.000000,2026-07-21,,,,,
29744160,2026-07-21T16:00,66688.020000,0.278400,0.000000,2026-07-21,,,,,
29744161,2026-07-21T16:01,66646.730000,-0.094300,0.000000,2026-07-21,18.000000,0.251832,0.999998,66646.730000,66644.600000
29744162,2026-07-21T16:02,66646.730000,-0.094300,0.999996,2026-07-21,,,,,
29744163,2026-07-21T16:03,66646.730000,-0.094300,0.000000,2026-07-21,,,,,
29744164,2026-07-21T16:04,66646.730000,-0.094300,0.000000,2026-07-21,,,,,
29744165,2026-07-21T16:05,66646.730000,-0.094300,0.000000,2026-07-21,,,,,
29744166,2026-07-21T16:06,66646.730000,-0.094300,0.000000,2026-07-21,,,,,
29744167,2026-07-21T16:07,66646.730000,-0.094300,0.000000,2026-07-21,,,,,
29744168,2026-07-21T16:08,66646.730000,-0.094300,0.000000,2026-07-21,,,,,
29744169,2026-07-21T16:09,66646.730000,-0.094300,0.000000,2026-07-21,,,,,
29744170,2026-07-21T16:10,66646.730000,-0.094300,0.000000,2026-07-21,,,,,
29744171,2026-07-21T16:11,66646.730000,-0.093600,0.000000,2026-07-21,,,,,
29744172,2026-07-21T16:12,66646.730000,-0.093600,0.000000,2026-07-21,,,,,
29744173,2026-07-21T16:13,66646.730000,-0.093600,0.000000,2026-07-21,,,,,
29744174,2026-07-21T16:14,66646.730000,-0.093600,0.000000,2026-07-21,,,,,
29744175,2026-07-21T16:15,66646.730000,-0.093600,0.000000,2026-07-21,,,,,
29744176,2026-07-21T16:16,66646.730000,-0.093600,0.000000,2026-07-21,,,,,
29744177,2026-07-21T16:17,66646.730000,-0.093600,0.000000,2026-07-21,,,,,
29744178,2026-07-21T16:18,66646.730000,-0.093600,0.000000,2026-07-21,,,,,
29744179,2026-07-21T16:19,66646.730000,-0.093600,0.000000,2026-07-21,,,,,
29744180,2026-07-21T16:20,66646.730000,-0.093600,0.000000,2026-07-21,,,,,
29744181,2026-07-21T16:21,66646.730000,-0.093600,0.000000,2026-07-21,,,,,
29744182,2026-07-21T16:22,66646.730000,-0.093600,0.000000,2026-07-21,,,,,
29744183,2026-07-21T16:23,66646.730000,-0.093600,0.000000,2026-07-21,,,,,
29744184,2026-07-21T16:24,66646.730000,-0.093600,0.000000,2026-07-21,,,,,
29744185,2026-07-21T16:25,66646.730000,-0.093600,0.000000,2026-07-21,,,,,
29744186,2026-07-21T16:26,66646.730000,-0.093600,0.000000,2026-07-21,,,,,
29744187,2026-07-21T16:27,66646.730000,-0.093600,0.000000,2026-07-21,,,,,
29744188,2026-07-21T16:28,66646.730000,-0.093600,0.000000,2026-07-21,,,,,
29744189,2026-07-21T16:29,66646.730000,-0.093600,0.000000,2026-07-21,,,,,
29744190,2026-07-21T16:30,66646.730000,-0.093600,0.000000,2026-07-21,,,,,
29744191,2026-07-21T16:31,66646.730000,-0.093600,0.000000,2026-07-21,,,,,
29744192,2026-07-21T16:32,66646.730000,-0.093600,0.000000,2026-07-21,,,,,
29744193,2026-07-21T16:33,66646.730000,-0.093600,0.000000,2026-07-21,,,,,
29744194,2026-07-21T16:34,66646.730000,-0.093600,0.000000,2026-07-21,,,,,
29744195,2026-07-21T16:35,66646.730000,-0.093600,0.000000,2026-07-21,,,,,
29744196,2026-07-21T16:36,66550.110000,0.628700,0.000000,2026-07-21,17.000000,0.002223,0.646835,66550.110000,66550.100000
29744197,2026-07-21T16:37,66550.110000,0.628700,0.293670,2026-07-21,,,,,
29744198,2026-07-21T16:38,66550.110000,0.628700,0.000000,2026-07-21,,,,,
29744199,2026-07-21T16:39,66550.110000,0.628700,0.000000,2026-07-21,,,,,
29744200,2026-07-21T16:40,66550.110000,0.628700,0.000000,2026-07-21,,,,,
29744201,2026-07-21T16:41,66550.110000,0.628700,0.000000,2026-07-21,,,,,
29744202,2026-07-21T16:42,66550.110000,0.628700,0.000000,2026-07-21,,,,,
29744203,2026-07-21T16:43,66550.110000,0.628700,0.000000,2026-07-21,,,,,
29744204,2026-07-21T16:44,66550.110000,0.628700,0.000000,2026-07-21,,,,,
29744205,2026-07-21T16:45,66550.110000,0.628700,0.000000,2026-07-21,,,,,
29744206,2026-07-21T16:46,66550.110000,0.628700,0.000000,2026-07-21,,,,,
29744207,2026-07-21T16:47,66550.110000,0.628700,0.000000,2026-07-21,,,,,
29744208,2026-07-21T16:48,66550.110000,0.628700,0.000000,2026-07-21,,,,,
29744209,2026-07-21T16:49,66550.110000,0.628700,0.000000,2026-07-21,,,,,
29744210,2026-07-21T16:50,66550.110000,0.628700,0.000000,2026-07-21,,,,,
29744211,2026-07-21T16:51,66550.110000,0.628700,0.000000,2026-07-21,,,,,
29744212,2026-07-21T16:52,66550.110000,0.628700,0.000000,2026-07-21,,,,,
29744213,2026-07-21T16:53,66550.110000,0.628700,0.000000,2026-07-21,,,,,
29744214,2026-07-21T16:54,66550.110000,0.628700,0.000000,2026-07-21,,,,,
29744215,2026-07-21T16:55,66550.110000,0.628700,0.000000,2026-07-21,,,,,
29744216,2026-07-21T16:56,66550.110000,0.628700,0.000000,2026-07-21,,,,,
29744217,2026-07-21T16:57,66550.110000,0.628700,0.000000,2026-07-21,,,,,
29744218,2026-07-21T16:58,66550.110000,0.628700,0.000000,2026-07-21,,,,,
29744219,2026-07-21T16:59,66550.110000,0.628700,0.000000,2026-07-21,,,,,
29744220,2026-07-21T17:00,66550.110000,0.628700,0.000000,2026-07-21,,,,,
29744221,2026-07-21T17:01,66550.110000,0.628700,0.000000,2026-07-21,,,,,
29744222,2026-07-21T17:02,66550.110000,0.628700,0.000000,2026-07-21,,,,,
29744223,2026-07-21T17:03,66550.110000,0.628700,0.000000,2026-07-21,,,,,
29744224,2026-07-21T17:04,66550.110000,0.628700,0.000000,2026-07-21,,,,,
29744225,2026-07-21T17:05,66550.110000,0.628700,0.000000,2026-07-21,,,,,
29744226,2026-07-21T17:06,66550.110000,0.628700,0.000000,2026-07-21,,,,,
29744227,2026-07-21T17:07,66550.110000,0.628700,0.000000,2026-07-21,,,,,
29744228,2026-07-21T17:08,66550.110000,0.628700,0.000000,2026-07-21,,,,,
29744229,2026-07-21T17:09,66550.110000,0.628700,0.000000,2026-07-21,,,,,
29744230,2026-07-21T17:10,66550.110000,0.628700,0.000000,2026-07-21,,,,,
29744231,2026-07-21T17:11,66433.510000,-0.131400,0.000000,2026-07-21,14.000000,0.065442,0.081548,66440.160000,66433.500000
29744232,2026-07-21T17:12,66433.510000,-0.131400,-0.836904,2026-07-21,,,,,
29744233,2026-07-21T17:13,66433.510000,-0.131400,0.000000,2026-07-21,,,,,
29744234,2026-07-21T17:14,66433.510000,-0.131400,0.000000,2026-07-21,,,,,
29744235,2026-07-21T17:15,66433.510000,-0.131400,0.000000,2026-07-21,,,,,
29744236,2026-07-21T17:16,66433.510000,-0.131400,0.000000,2026-07-21,,,,,
29744237,2026-07-21T17:17,66433.510000,-0.131400,0.000000,2026-07-21,,,,,
29744238,2026-07-21T17:18,66433.510000,-0.131400,0.000000,2026-07-21,,,,,
29744239,2026-07-21T17:19,66433.510000,-0.131400,0.000000,2026-07-21,,,,,
29744240,2026-07-21T17:20,66433.510000,-0.131400,0.000000,2026-07-21,,,,,
29744241,2026-07-21T17:21,66433.510000,-0.131400,0.000000,2026-07-21,,,,,
29744242,2026-07-21T17:22,66433.510000,-0.131400,0.000000,2026-07-21,,,,,
29744243,2026-07-21T17:23,66433.510000,-0.131400,0.000000,2026-07-21,,,,,
29744244,2026-07-21T17:24,66433.510000,-0.131400,0.000000,2026-07-21,,,,,
29744245,2026-07-21T17:25,66433.510000,-0.131400,0.000000,2026-07-21,,,,,
29744246,2026-07-21T17:26,66433.510000,-0.131400,0.000000,2026-07-21,,,,,
29744247,2026-07-21T17:27,66433.510000,-0.115400,0.000000,2026-07-21,,,,,
29744248,2026-07-21T17:28,66433.510000,-0.115400,0.000000,2026-07-21,,,,,
29744249,2026-07-21T17:29,66433.510000,-0.115400,0.000000,2026-07-21,,,,,
29744250,2026-07-21T17:30,66433.510000,-0.115400,0.000000,2026-07-21,,,,,
29744251,2026-07-21T17:31,66433.510000,-0.115400,0.000000,2026-07-21,,,,,
29744252,2026-07-21T17:32,66433.510000,-0.115400,0.000000,2026-07-21,,,,,
29744253,2026-07-21T17:33,66433.510000,-0.115400,0.000000,2026-07-21,,,,,
29744254,2026-07-21T17:34,66433.510000,-0.115400,0.000000,2026-07-21,,,,,
29744255,2026-07-21T17:35,66433.510000,-0.115400,0.000000,2026-07-21,,,,,
29744256,2026-07-21T17:36,66433.510000,-0.115400,0.000000,2026-07-21,,,,,
29744257,2026-07-21T17:37,66433.510000,-0.115400,0.000000,2026-07-21,,,,,
29744258,2026-07-21T17:38,66433.510000,-0.115400,0.000000,2026-07-21,,,,,
29744259,2026-07-21T17:39,66433.510000,-0.115400,0.000000,2026-07-21,,,,,
29744260,2026-07-21T17:40,66433.510000,-0.115400,0.000000,2026-07-21,,,,,
29744261,2026-07-21T17:41,66433.510000,-0.115400,0.000000,2026-07-21,,,,,
29744262,2026-07-21T17:42,66433.510000,-0.115400,0.000000,2026-07-21,,,,,
29744263,2026-07-21T17:43,66433.510000,-0.115400,0.000000,2026-07-21,,,,,
29744264,2026-07-21T17:44,66433.510000,-0.115400,0.000000,2026-07-21,,,,,
29744265,2026-07-21T17:45,66433.510000,-0.115400,0.000000,2026-07-21,,,,,
29744266,2026-07-21T17:46,66433.510000,-0.115400,0.000000,2026-07-21,,,,,
29744267,2026-07-21T17:47,66433.510000,-0.115400,0.000000,2026-07-21,,,,,
29744268,2026-07-21T17:48,66433.510000,-0.115400,0.000000,2026-07-21,,,,,
29744269,2026-07-21T17:49,66433.510000,-0.115400,0.000000,2026-07-21,,,,,
29744270,2026-07-21T17:50,66433.510000,-0.115400,0.000000,2026-07-21,,,,,
29744271,2026-07-21T17:51,66433.510000,-0.115400,0.000000,2026-07-21,,,,,
29744272,2026-07-21T17:52,66433.510000,-0.115400,0.000000,2026-07-21,,,,,
29744273,2026-07-21T17:53,66433.510000,-0.115400,0.000000,2026-07-21,,,,,
29744274,2026-07-21T17:54,66433.510000,-0.115400,0.000000,2026-07-21,,,,,
29744275,2026-07-21T17:55,66433.510000,-0.115400,0.000000,2026-07-21,,,,,
29744276,2026-07-21T17:56,66433.510000,-0.115400,0.000000,2026-07-21,,,,,
29744277,2026-07-21T17:57,66433.510000,-0.115400,0.000000,2026-07-21,,,,,
29744278,2026-07-21T17:58,66433.510000,-0.115400,0.000000,2026-07-21,,,,,
29744279,2026-07-21T17:59,66433.510000,-0.115400,0.000000,2026-07-21,,,,,
29744280,2026-07-21T18:00,66433.510000,-0.115400,0.000000,2026-07-21,,,,,
29744281,2026-07-21T18:01,66433.510000,-0.115400,0.000000,2026-07-21,,,,,
29744282,2026-07-21T18:02,66433.510000,-0.115400,0.000000,2026-07-21,,,,,
29744283,2026-07-21T18:03,66433.510000,-0.115400,0.000000,2026-07-21,,,,,
29744284,2026-07-21T18:04,66153.770000,0.527300,0.000000,2026-07-21,6.000000,0.000017,0.984366,66153.770000,66147.140000
29744285,2026-07-21T18:05,66153.770000,0.527300,0.968732,2026-07-21,,,,,
29744286,2026-07-21T18:06,66153.770000,0.527300,0.000000,2026-07-21,,,,,
29744287,2026-07-21T18:07,66153.770000,0.527300,0.000000,2026-07-21,,,,,
29744288,2026-07-21T18:08,66153.770000,0.527300,0.000000,2026-07-21,,,,,
29744289,2026-07-21T18:09,66153.770000,0.527300,0.000000,2026-07-21,,,,,
29744290,2026-07-21T18:10,66153.770000,0.527300,0.000000,2026-07-21,,,,,
29744291,2026-07-21T18:11,66153.770000,0.527300,0.000000,2026-07-21,,,,,
29744292,2026-07-21T18:12,66153.770000,0.527300,0.000000,2026-07-21,,,,,
29744293,2026-07-21T18:13,66153.770000,0.527300,0.000000,2026-07-21,,,,,
29744294,2026-07-21T18:14,66153.770000,0.527300,0.000000,2026-07-21,,,,,
29744295,2026-07-21T18:15,66153.770000,0.527300,0.000000,2026-07-21,,,,,
29744296,2026-07-21T18:16,66153.770000,0.527300,0.000000,2026-07-21,,,,,
29744297,2026-07-21T18:17,66153.770000,0.527300,0.000000,2026-07-21,,,,,
29744298,2026-07-21T18:18,66153.770000,0.527300,0.000000,2026-07-21,,,,,
29744299,2026-07-21T18:19,66153.770000,0.527300,0.000000,2026-07-21,,,,,
29744300,2026-07-21T18:20,66153.770000,0.527300,0.000000,2026-07-21,,,,,
29744301,2026-07-21T18:21,66219.010000,0.250200,0.000000,2026-07-21,9.000000,0.012051,0.006203,66219.010000,66219.000000
29744302,2026-07-21T18:22,66219.010000,0.250200,-0.987595,2026-07-21,,,,,
29744303,2026-07-21T18:23,66219.010000,0.250200,0.000000,2026-07-21,,,,,
29744304,2026-07-21T18:24,66219.010000,0.250200,0.000000,2026-07-21,,,,,
29744305,2026-07-21T18:25,66219.010000,0.250200,0.000000,2026-07-21,,,,,
29744306,2026-07-21T18:26,66219.010000,0.250200,0.000000,2026-07-21,,,,,
29744307,2026-07-21T18:27,66219.010000,0.250200,0.000000,2026-07-21,,,,,
29744308,2026-07-21T18:28,66219.010000,0.250200,0.000000,2026-07-21,,,,,
29744309,2026-07-21T18:29,66219.010000,0.250200,0.000000,2026-07-21,,,,,
29744310,2026-07-21T18:30,66219.010000,0.250200,0.000000,2026-07-21,,,,,
29744311,2026-07-21T18:31,66219.010000,0.210800,0.000000,2026-07-21,,,,,
29744312,2026-07-21T18:32,66219.010000,0.210800,0.000000,2026-07-21,,,,,
29744313,2026-07-21T18:33,66219.010000,0.210800,0.000000,2026-07-21,,,,,
29744314,2026-07-21T18:34,66219.010000,0.210800,0.000000,2026-07-21,,,,,
29744315,2026-07-21T18:35,66219.010000,0.210800,0.000000,2026-07-21,,,,,
29744316,2026-07-21T18:36,66219.010000,0.210800,0.000000,2026-07-21,,,,,
29744317,2026-07-21T18:37,66219.010000,0.210800,0.000000,2026-07-21,,,,,
29744318,2026-07-21T18:38,66219.010000,0.210800,0.000000,2026-07-21,,,,,
29744319,2026-07-21T18:39,66219.010000,0.210800,0.000000,2026-07-21,,,,,
29744320,2026-07-21T18:40,66219.010000,0.210800,0.000000,2026-07-21,,,,,
29744321,2026-07-21T18:41,66219.010000,0.210800,0.000000,2026-07-21,,,,,
29744322,2026-07-21T18:42,66219.010000,0.210800,0.000000,2026-07-21,,,,,
29744323,2026-07-21T18:43,66219.010000,0.210800,0.000000,2026-07-21,,,,,
29744324,2026-07-21T18:44,66219.010000,0.210800,0.000000,2026-07-21,,,,,
29744325,2026-07-21T18:45,66219.010000,0.210800,0.000000,2026-07-21,,,,,
29744326,2026-07-21T18:46,66219.010000,0.210800,0.000000,2026-07-21,,,,,
29744327,2026-07-21T18:47,66219.010000,0.210800,0.000000,2026-07-21,,,,,
29744328,2026-07-21T18:48,66219.010000,0.210800,0.000000,2026-07-21,,,,,
29744329,2026-07-21T18:49,66219.010000,0.210800,0.000000,2026-07-21,,,,,
29744330,2026-07-21T18:50,66219.010000,0.210800,0.000000,2026-07-21,,,,,
29744331,2026-07-21T18:51,66219.010000,0.210800,0.000000,2026-07-21,,,,,
29744332,2026-07-21T18:52,66219.010000,0.210800,0.000000,2026-07-21,,,,,
29744333,2026-07-21T18:53,66219.010000,0.210800,0.000000,2026-07-21,,,,,
29744334,2026-07-21T18:54,66219.010000,0.210800,0.000000,2026-07-21,,,,,
29744335,2026-07-21T18:55,66219.010000,0.210800,0.000000,2026-07-21,,,,,
29744336,2026-07-21T18:56,66219.010000,0.210800,0.000000,2026-07-21,,,,,
29744337,2026-07-21T18:57,66219.010000,0.210800,0.000000,2026-07-21,,,,,
29744338,2026-07-21T18:58,66219.010000,0.210800,0.000000,2026-07-21,,,,,
29744339,2026-07-21T18:59,66219.010000,0.210800,0.000000,2026-07-21,,,,,
29744340,2026-07-21T19:00,66219.010000,0.210800,0.000000,2026-07-21,,,,,
29744341,2026-07-21T19:01,66219.010000,0.210800,0.000000,2026-07-21,,,,,
29744342,2026-07-21T19:02,66219.010000,0.210800,0.000000,2026-07-21,,,,,
29744343,2026-07-21T19:03,66219.010000,0.210800,0.000000,2026-07-21,,,,,
29744344,2026-07-21T19:04,66219.010000,0.210800,0.000000,2026-07-21,,,,,
29744345,2026-07-21T19:05,66219.010000,0.210800,0.000000,2026-07-21,,,,,
29744346,2026-07-21T19:06,66219.010000,0.210800,0.000000,2026-07-21,,,,,
29744347,2026-07-21T19:07,66219.010000,0.210800,0.000000,2026-07-21,,,,,
29744348,2026-07-21T19:08,66219.010000,0.210800,0.000000,2026-07-21,,,,,
29744349,2026-07-21T19:09,66219.010000,0.210800,0.000000,2026-07-21,,,,,
29744350,2026-07-21T19:10,66219.010000,0.210800,0.000000,2026-07-21,,,,,
29744351,2026-07-21T19:11,66219.010000,0.210800,0.000000,2026-07-21,,,,,
29744352,2026-07-21T19:12,66219.010000,0.210800,0.000000,2026-07-21,,,,,
29744353,2026-07-21T19:13,66219.010000,0.210800,0.000000,2026-07-21,,,,,
29744354,2026-07-21T19:14,66219.010000,0.210800,0.000000,2026-07-21,,,,,
29744355,2026-07-21T19:15,66219.010000,0.210800,0.000000,2026-07-21,,,,,
29744356,2026-07-21T19:16,66219.010000,0.210800,0.000000,2026-07-21,,,,,
29744357,2026-07-21T19:17,66219.010000,0.210800,0.000000,2026-07-21,,,,,
29744358,2026-07-21T19:18,66219.010000,0.210800,0.000000,2026-07-21,,,,,
29744359,2026-07-21T19:19,66219.010000,0.210800,0.000000,2026-07-21,,,,,
29744360,2026-07-21T19:20,66219.010000,0.210800,0.000000,2026-07-21,,,,,
29744361,2026-07-21T19:21,66219.010000,0.210800,0.000000,2026-07-21,,,,,
29744362,2026-07-21T19:22,66219.010000,0.210800,0.000000,2026-07-21,,,,,
29744363,2026-07-21T19:23,66219.010000,0.210800,0.000000,2026-07-21,,,,,
29744364,2026-07-21T19:24,66219.010000,0.210800,0.000000,2026-07-21,,,,,
29744365,2026-07-21T19:25,66219.010000,0.210800,0.000000,2026-07-21,,,,,
29744366,2026-07-21T19:26,66219.010000,0.210800,0.000000,2026-07-21,,,,,
29744367,2026-07-21T19:27,66219.010000,0.210800,0.000000,2026-07-21,,,,,
29744368,2026-07-21T19:28,66219.010000,0.210800,0.000000,2026-07-21,,,,,
29744369,2026-07-21T19:29,66219.010000,0.210800,0.000000,2026-07-21,,,,,
29744370,2026-07-21T19:30,66219.010000,0.210800,0.000000,2026-07-21,,,,,
29744371,2026-07-21T19:31,66219.010000,0.210800,0.000000,2026-07-21,,,,,
29744372,2026-07-21T19:32,66219.010000,0.210800,0.000000,2026-07-21,,,,,
29744373,2026-07-21T19:33,66219.010000,0.210800,0.000000,2026-07-21,,,,,
29744374,2026-07-21T19:34,66219.010000,0.210800,0.000000,2026-07-21,,,,,
29744375,2026-07-21T19:35,66219.010000,0.210800,0.000000,2026-07-21,,,,,
29744376,2026-07-21T19:36,66219.010000,0.210800,0.000000,2026-07-21,,,,,
29744377,2026-07-21T19:37,66219.010000,0.210800,0.000000,2026-07-21,,,,,
29744378,2026-07-21T19:38,66219.010000,0.210800,0.000000,2026-07-21,,,,,
29744379,2026-07-21T19:39,66219.010000,0.210800,0.000000,2026-07-21,,,,,
29744380,2026-07-21T19:40,66219.010000,0.210800,0.000000,2026-07-21,,,,,
29744381,2026-07-21T19:41,66219.010000,0.210800,0.000000,2026-07-21,,,,,
29744382,2026-07-21T19:42,66219.010000,0.210800,0.000000,2026-07-21,,,,,
29744383,2026-07-21T19:43,66219.010000,0.210800,0.000000,2026-07-21,,,,,
29744384,2026-07-21T19:44,66219.010000,0.210800,0.000000,2026-07-21,,,,,
29744385,2026-07-21T19:45,66219.010000,0.210800,0.000000,2026-07-21,,,,,
29744386,2026-07-21T19:46,66219.010000,0.210800,0.000000,2026-07-21,,,,,
29744387,2026-07-21T19:47,66219.010000,0.210800,0.000000,2026-07-21,,,,,
29744388,2026-07-21T19:48,66472.670000,-0.448000,0.000000,2026-07-21,34.000000,0.582020,0.698964,66473.450000,66471.800000
29744389,2026-07-21T19:49,66472.670000,-0.448000,0.397928,2026-07-21,,,,,
29744390,2026-07-21T19:50,66472.670000,-0.448000,0.000000,2026-07-21,,,,,
29744391,2026-07-21T19:51,66472.670000,-0.448000,0.000000,2026-07-21,,,,,
29744392,2026-07-21T19:52,66472.670000,-0.448000,0.000000,2026-07-21,,,,,
29744393,2026-07-21T19:53,66472.670000,-0.448000,0.000000,2026-07-21,,,,,
29744394,2026-07-21T19:54,66472.670000,-0.448000,0.000000,2026-07-21,,,,,
29744395,2026-07-21T19:55,66472.670000,-0.448000,0.000000,2026-07-21,,,,,
29744396,2026-07-21T19:56,66472.670000,-0.448000,0.000000,2026-07-21,,,,,
29744397,2026-07-21T19:57,66472.670000,-0.448000,0.000000,2026-07-21,,,,,
29744398,2026-07-21T19:58,66472.670000,-0.448000,0.000000,2026-07-21,,,,,
29744399,2026-07-21T19:59,66472.670000,-0.448000,0.000000,2026-07-21,,,,,
29744400,2026-07-21T20:00,66472.670000,-0.448000,0.000000,2026-07-21,,,,,
29744401,2026-07-21T20:01,66472.670000,-0.448000,0.000000,2026-07-21,,,,,
29744402,2026-07-21T20:02,66472.670000,-0.448000,0.000000,2026-07-21,,,,,
29744403,2026-07-21T20:03,66472.670000,-0.448000,0.000000,2026-07-21,,,,,
29744404,2026-07-21T20:04,66472.670000,-0.448000,0.000000,2026-07-21,,,,,
29744405,2026-07-21T20:05,66472.670000,-0.448000,0.000000,2026-07-21,,,,,
29744406,2026-07-21T20:06,66473.010000,-0.246700,0.000000,2026-07-21,,,,,
29744407,2026-07-21T20:07,66473.010000,-0.246700,0.000000,2026-07-21,,,,,
29744408,2026-07-21T20:08,66473.010000,-0.246700,0.000000,2026-07-21,,,,,
29744409,2026-07-21T20:09,66473.010000,-0.246700,0.000000,2026-07-21,,,,,
29744410,2026-07-21T20:10,66473.010000,-0.246700,0.000000,2026-07-21,,,,,
29744411,2026-07-21T20:11,66473.010000,-0.246700,0.000000,2026-07-21,,,,,
29744412,2026-07-21T20:12,66473.010000,-0.246700,0.000000,2026-07-21,,,,,
29744413,2026-07-21T20:13,66473.010000,-0.246700,0.000000,2026-07-21,,,,,
29744414,2026-07-21T20:14,66473.010000,-0.246700,0.000000,2026-07-21,,,,,
29744415,2026-07-21T20:15,66473.010000,-0.246700,0.000000,2026-07-21,,,,,
29744416,2026-07-21T20:16,66473.010000,-0.246700,0.000000,2026-07-21,,,,,
29744417,2026-07-21T20:17,66473.010000,-0.246700,0.000000,2026-07-21,,,,,
29744418,2026-07-21T20:18,66473.010000,-0.246700,0.000000,2026-07-21,,,,,
29744419,2026-07-21T20:19,66473.010000,-0.246700,0.000000,2026-07-21,,,,,
29744420,2026-07-21T20:20,66473.010000,-0.246700,0.000000,2026-07-21,,,,,
29744421,2026-07-21T20:21,66340.230000,0.539900,0.000000,2026-07-21,26.000000,0.152243,0.000002,66343.610000,66340.220000
29744422,2026-07-21T20:22,66340.230000,0.539900,-0.999996,2026-07-21,,,,,
29744423,2026-07-21T20:23,66340.230000,0.539900,0.000000,2026-07-21,,,,,
29744424,2026-07-21T20:24,66340.230000,0.539900,0.000000,2026-07-21,,,,,
29744425,2026-07-21T20:25,66340.230000,0.539900,0.000000,2026-07-21,,,,,
29744426,2026-07-21T20:26,66340.230000,0.539900,0.000000,2026-07-21,,,,,
29744427,2026-07-21T20:27,66340.230000,0.539900,0.000000,2026-07-21,,,,,
29744428,2026-07-21T20:28,66340.230000,0.539900,0.000000,2026-07-21,,,,,
29744429,2026-07-21T20:29,66340.230000,0.539900,0.000000,2026-07-21,,,,,
29744430,2026-07-21T20:30,66340.230000,0.539900,0.000000,2026-07-21,,,,,
29744431,2026-07-21T20:31,66340.230000,0.539900,0.000000,2026-07-21,,,,,
29744432,2026-07-21T20:32,66340.230000,0.539900,0.000000,2026-07-21,,,,,
29744433,2026-07-21T20:33,66340.230000,0.539900,0.000000,2026-07-21,,,,,
29744434,2026-07-21T20:34,66340.230000,0.539900,0.000000,2026-07-21,,,,,
29744435,2026-07-21T20:35,66340.230000,0.539900,0.000000,2026-07-21,,,,,
29744436,2026-07-21T20:36,66340.230000,0.539900,0.000000,2026-07-21,,,,,
29744437,2026-07-21T20:37,66340.230000,0.539900,0.000000,2026-07-21,,,,,
29744438,2026-07-21T20:38,66340.230000,0.539900,0.000000,2026-07-21,,,,,
29744439,2026-07-21T20:39,66340.230000,0.539900,0.000000,2026-07-21,,,,,
29744440,2026-07-21T20:40,66340.230000,0.539900,0.000000,2026-07-21,,,,,
29744441,2026-07-21T20:41,66340.230000,0.539900,0.000000,2026-07-21,,,,,
29744442,2026-07-21T20:42,66340.230000,0.539900,0.000000,2026-07-21,,,,,
29744443,2026-07-21T20:43,66340.230000,0.539900,0.000000,2026-07-21,,,,,
29744444,2026-07-21T20:44,66340.230000,0.539900,0.000000,2026-07-21,,,,,
29744445,2026-07-21T20:45,66340.230000,0.539900,0.000000,2026-07-21,,,,,
29744446,2026-07-21T20:46,66340.230000,0.539900,0.000000,2026-07-21,,,,,
29744447,2026-07-21T20:47,66340.230000,0.539900,0.000000,2026-07-21,,,,,
29744448,2026-07-21T20:48,66340.230000,0.539900,0.000000,2026-07-21,,,,,
29744449,2026-07-21T20:49,66340.230000,0.539900,0.000000,2026-07-21,,,,,
29744450,2026-07-21T20:50,66340.230000,0.539900,0.000000,2026-07-21,,,,,
29744451,2026-07-21T20:51,66340.230000,0.539900,0.000000,2026-07-21,,,,,
29744452,2026-07-21T20:52,66340.230000,0.539900,0.000000,2026-07-21,,,,,
29744453,2026-07-21T20:53,66340.230000,0.539900,0.000000,2026-07-21,,,,,
29744454,2026-07-21T20:54,66340.230000,0.539900,0.000000,2026-07-21,,,,,
29744455,2026-07-21T20:55,66340.230000,0.539900,0.000000,2026-07-21,,,,,
29744456,2026-07-21T20:56,66340.230000,0.539900,0.000000,2026-07-21,,,,,
29744457,2026-07-21T20:57,66340.230000,0.539900,0.000000,2026-07-21,,,,,
29744458,2026-07-21T20:58,66340.230000,0.539900,0.000000,2026-07-21,,,,,
29744459,2026-07-21T20:59,66340.230000,0.539900,0.000000,2026-07-21,,,,,
29744460,2026-07-21T21:00,66340.230000,0.539900,0.000000,2026-07-21,,,,,
29744461,2026-07-21T21:01,66340.230000,0.539900,0.000000,2026-07-21,,,,,
29744462,2026-07-21T21:02,66340.230000,0.539900,0.000000,2026-07-21,,,,,
29744463,2026-07-21T21:03,66340.230000,0.539900,0.000000,2026-07-21,,,,,
29744464,2026-07-21T21:04,66340.230000,0.539900,0.000000,2026-07-21,,,,,
29744465,2026-07-21T21:05,66340.230000,0.539900,0.000000,2026-07-21,,,,,
29744466,2026-07-21T21:06,66340.230000,0.539900,0.000000,2026-07-21,,,,,
29744467,2026-07-21T21:07,66340.230000,0.539900,0.000000,2026-07-21,,,,,
29744468,2026-07-21T21:08,66340.230000,0.539900,0.000000,2026-07-21,,,,,
29744469,2026-07-21T21:09,66340.230000,0.539900,0.000000,2026-07-21,,,,,
29744470,2026-07-21T21:10,66340.230000,0.539900,0.000000,2026-07-21,,,,,
29744471,2026-07-21T21:11,66340.230000,0.539900,0.000000,2026-07-21,,,,,
29744472,2026-07-21T21:12,66340.230000,0.539900,0.000000,2026-07-21,,,,,
29744473,2026-07-21T21:13,66340.230000,0.539900,0.000000,2026-07-21,,,,,
29744474,2026-07-21T21:14,66340.230000,0.539900,0.000000,2026-07-21,,,,,
29744475,2026-07-21T21:15,66340.230000,0.539900,0.000000,2026-07-21,,,,,
29744476,2026-07-21T21:16,66340.230000,0.539900,0.000000,2026-07-21,,,,,
29744477,2026-07-21T21:17,66340.230000,0.539900,0.000000,2026-07-21,,,,,
29744478,2026-07-21T21:18,66340.230000,0.539900,0.000000,2026-07-21,,,,,
29744479,2026-07-21T21:19,66340.230000,0.539900,0.000000,2026-07-21,,,,,
29744480,2026-07-21T21:20,66340.230000,0.539900,0.000000,2026-07-21,,,,,
29744481,2026-07-21T21:21,66340.230000,0.539900,0.000000,2026-07-21,,,,,
29744482,2026-07-21T21:22,66340.230000,0.539900,0.000000,2026-07-21,,,,,
29744483,2026-07-21T21:23,66340.230000,0.539900,0.000000,2026-07-21,,,,,
29744484,2026-07-21T21:24,66340.230000,0.539900,0.000000,2026-07-21,,,,,
29744485,2026-07-21T21:25,66340.230000,0.539900,0.000000,2026-07-21,,,,,
29744486,2026-07-21T21:26,66340.230000,0.539900,0.000000,2026-07-21,,,,,
29744487,2026-07-21T21:27,66340.230000,0.539900,0.000000,2026-07-21,,,,,
29744488,2026-07-21T21:28,66340.230000,0.539900,0.000000,2026-07-21,,,,,
29744489,2026-07-21T21:29,66340.230000,0.539900,0.000000,2026-07-21,,,,,
29744490,2026-07-21T21:30,66340.230000,0.539900,0.000000,2026-07-21,,,,,
29744491,2026-07-21T21:31,66340.230000,0.539900,0.000000,2026-07-21,,,,,
29744492,2026-07-21T21:32,66340.230000,0.539900,0.000000,2026-07-21,,,,,
29744493,2026-07-21T21:33,66340.230000,0.539900,0.000000,2026-07-21,,,,,
29744494,2026-07-21T21:34,66258.600000,0.284700,0.000000,2026-07-21,60.000000,1.017236,0.733427,66258.600000,66248.650000
29744495,2026-07-21T21:35,66258.600000,0.284700,0.466854,2026-07-21,,,,,
29744496,2026-07-21T21:36,66258.600000,0.284700,0.000000,2026-07-21,,,,,
29744497,2026-07-21T21:37,66258.600000,0.284700,0.000000,2026-07-21,,,,,
29744498,2026-07-21T21:38,66258.600000,0.284700,0.000000,2026-07-21,,,,,
29744499,2026-07-21T21:39,66258.600000,0.284700,0.000000,2026-07-21,,,,,
29744500,2026-07-21T21:40,66258.600000,0.284700,0.000000,2026-07-21,,,,,
29744501,2026-07-21T21:41,66258.600000,0.284700,0.000000,2026-07-21,,,,,
29744502,2026-07-21T21:42,66258.600000,0.284700,0.000000,2026-07-21,,,,,
29744503,2026-07-21T21:43,66258.600000,0.284700,0.000000,2026-07-21,,,,,
29744504,2026-07-21T21:44,66258.600000,0.284700,0.000000,2026-07-21,,,,,
29744505,2026-07-21T21:45,66258.600000,0.284700,0.000000,2026-07-21,,,,,
29744506,2026-07-21T21:46,66258.600000,0.284700,0.000000,2026-07-21,,,,,
29744507,2026-07-21T21:47,66258.600000,0.284700,0.000000,2026-07-21,,,,,
29744508,2026-07-21T21:48,66258.600000,0.284700,0.000000,2026-07-21,,,,,
29744509,2026-07-21T21:49,66258.600000,0.284700,0.000000,2026-07-21,,,,,
29744510,2026-07-21T21:50,66335.430000,0.512400,0.000000,2026-07-21,4.000000,0.002985,0.999896,66335.440000,66335.430000
29744511,2026-07-21T21:51,66335.430000,0.512400,0.999792,2026-07-21,,,,,
29744512,2026-07-21T21:52,66335.430000,0.512400,0.000000,2026-07-21,,,,,
29744513,2026-07-21T21:53,66335.430000,0.512400,0.000000,2026-07-21,,,,,
29744514,2026-07-21T21:54,66335.430000,0.512400,0.000000,2026-07-21,,,,,
29744515,2026-07-21T21:55,66335.430000,0.512400,0.000000,2026-07-21,,,,,
29744516,2026-07-21T21:56,66335.430000,0.512400,0.000000,2026-07-21,,,,,
29744517,2026-07-21T21:57,66335.430000,0.512400,0.000000,2026-07-21,,,,,
29744518,2026-07-21T21:58,66335.430000,0.512400,0.000000,2026-07-21,,,,,
29744519,2026-07-21T21:59,66335.430000,0.512400,0.000000,2026-07-21,,,,,
29744520,2026-07-21T22:00,66335.430000,0.512400,0.000000,2026-07-21,,,,,
29744521,2026-07-21T22:01,66335.430000,0.512400,0.000000,2026-07-21,,,,,
29744522,2026-07-21T22:02,66335.430000,0.512400,0.000000,2026-07-21,,,,,
29744523,2026-07-21T22:03,66335.430000,0.512400,0.000000,2026-07-21,,,,,
29744524,2026-07-21T22:04,66335.430000,0.512400,0.000000,2026-07-21,,,,,
29744525,2026-07-21T22:05,66335.430000,0.512400,0.000000,2026-07-21,,,,,
29744526,2026-07-21T22:06,66335.430000,0.512400,0.000000,2026-07-21,,,,,
29744527,2026-07-21T22:07,66284.630000,0.413300,0.000000,2026-07-21,19.000000,0.161522,0.000000,66289.350000,66284.000000
29744528,2026-07-21T22:08,66284.630000,0.413300,-1.000000,2026-07-21,,,,,
29744529,2026-07-21T22:09,66284.630000,0.413300,0.000000,2026-07-21,,,,,
29744530,2026-07-21T22:10,66284.630000,0.413300,0.000000,2026-07-21,,,,,
29744531,2026-07-21T22:11,66284.630000,0.413300,0.000000,2026-07-21,,,,,
29744532,2026-07-21T22:12,66284.630000,0.413300,0.000000,2026-07-21,,,,,
29744533,2026-07-21T22:13,66284.630000,0.413300,0.000000,2026-07-21,,,,,
29744534,2026-07-21T22:14,66284.630000,0.413300,0.000000,2026-07-21,,,,,
29744535,2026-07-21T22:15,66284.630000,0.413300,0.000000,2026-07-21,,,,,
29744536,2026-07-21T22:16,66284.630000,0.413300,0.000000,2026-07-21,,,,,
29744537,2026-07-21T22:17,66284.630000,0.413300,0.000000,2026-07-21,,,,,
29744538,2026-07-21T22:18,66284.630000,0.413300,0.000000,2026-07-21,,,,,
29744539,2026-07-21T22:19,66284.630000,0.413300,0.000000,2026-07-21,,,,,
29744540,2026-07-21T22:20,66284.630000,0.413300,0.000000,2026-07-21,,,,,
29744541,2026-07-21T22:21,66284.630000,0.413300,0.000000,2026-07-21,,,,,
29744542,2026-07-21T22:22,66284.630000,0.413300,0.000000,2026-07-21,,,,,
29744543,2026-07-21T22:23,66284.630000,0.413300,0.000000,2026-07-21,,,,,
29744544,2026-07-21T22:24,66213.730000,0.757100,0.000000,2026-07-21,6.000000,0.000138,0.108200,66213.730000,66213.720000
29744545,2026-07-21T22:25,66213.730000,0.757100,-0.783600,2026-07-21,,,,,
29744546,2026-07-21T22:26,66213.730000,0.757100,0.000000,2026-07-21,,,,,
29744547,2026-07-21T22:27,66213.730000,0.757100,0.000000,2026-07-21,,,,,
29744548,2026-07-21T22:28,66213.730000,0.757100,0.000000,2026-07-21,,,,,
29744549,2026-07-21T22:29,66213.730000,0.757100,0.000000,2026-07-21,,,,,
29744550,2026-07-21T22:30,66213.730000,0.757100,0.000000,2026-07-21,,,,,
29744551,2026-07-21T22:31,66213.730000,0.757100,0.000000,2026-07-21,,,,,
29744552,2026-07-21T22:32,66213.730000,0.757100,0.000000,2026-07-21,,,,,
29744553,2026-07-21T22:33,66213.730000,0.757100,0.000000,2026-07-21,,,,,
29744554,2026-07-21T22:34,66213.730000,0.757100,0.000000,2026-07-21,,,,,
29744555,2026-07-21T22:35,66213.730000,0.757100,0.000000,2026-07-21,,,,,
29744556,2026-07-21T22:36,66213.730000,0.757100,0.000000,2026-07-21,,,,,
29744557,2026-07-21T22:37,66213.730000,0.757100,0.000000,2026-07-21,,,,,
29744558,2026-07-21T22:38,66213.730000,0.757100,0.000000,2026-07-21,,,,,
29744559,2026-07-21T22:39,66213.730000,0.757100,0.000000,2026-07-21,,,,,
29744560,2026-07-21T22:40,66213.730000,0.757100,0.000000,2026-07-21,,,,,
29744561,2026-07-21T22:41,66213.730000,0.757100,0.000000,2026-07-21,,,,,
29744562,2026-07-21T22:42,66213.730000,0.757100,0.000000,2026-07-21,,,,,
29744563,2026-07-21T22:43,66213.730000,0.757100,0.000000,2026-07-21,,,,,
29744564,2026-07-21T22:44,66213.730000,0.757100,0.000000,2026-07-21,,,,,
29744565,2026-07-21T22:45,66213.730000,0.757100,0.000000,2026-07-21,,,,,
29744566,2026-07-21T22:46,66213.730000,0.757100,0.000000,2026-07-21,,,,,
29744567,2026-07-21T22:47,66213.730000,0.757100,0.000000,2026-07-21,,,,,
29744568,2026-07-21T22:48,66213.730000,0.757100,0.000000,2026-07-21,,,,,
29744569,2026-07-21T22:49,66213.730000,0.757100,0.000000,2026-07-21,,,,,
29744570,2026-07-21T22:50,66213.730000,0.757100,0.000000,2026-07-21,,,,,
29744571,2026-07-21T22:51,66213.730000,0.757100,0.000000,2026-07-21,,,,,
29744572,2026-07-21T22:52,66213.730000,0.757100,0.000000,2026-07-21,,,,,
29744573,2026-07-21T22:53,66213.730000,0.757100,0.000000,2026-07-21,,,,,
29744574,2026-07-21T22:54,66213.730000,0.757100,0.000000,2026-07-21,,,,,
29744575,2026-07-21T22:55,66213.730000,0.757100,0.000000,2026-07-21,,,,,
29744576,2026-07-21T22:56,66213.730000,0.757100,0.000000,2026-07-21,,,,,
29744577,2026-07-21T22:57,66213.730000,0.757100,0.000000,2026-07-21,,,,,
29744578,2026-07-21T22:58,66213.730000,0.757100,0.000000,2026-07-21,,,,,
29744579,2026-07-21T22:59,66213.730000,0.757100,0.000000,2026-07-21,,,,,
29744580,2026-07-21T23:00,66213.730000,0.757100,0.000000,2026-07-21,,,,,
29744581,2026-07-21T23:01,66213.730000,0.757100,0.000000,2026-07-21,,,,,
29744582,2026-07-21T23:02,66213.730000,0.757100,0.000000,2026-07-21,,,,,
29744583,2026-07-21T23:03,66213.730000,0.757100,0.000000,2026-07-21,,,,,
29744584,2026-07-21T23:04,66213.730000,0.757100,0.000000,2026-07-21,,,,,
29744585,2026-07-21T23:05,66213.730000,0.757100,0.000000,2026-07-21,,,,,
29744586,2026-07-21T23:06,66213.730000,0.757100,0.000000,2026-07-21,,,,,
29744587,2026-07-21T23:07,66213.730000,0.757100,0.000000,2026-07-21,,,,,
29744588,2026-07-21T23:08,66213.730000,0.757100,0.000000,2026-07-21,,,,,
29744589,2026-07-21T23:09,66213.730000,0.757100,0.000000,2026-07-21,,,,,
29744590,2026-07-21T23:10,66213.730000,0.757100,0.000000,2026-07-21,,,,,
29744591,2026-07-21T23:11,66213.730000,0.757100,0.000000,2026-07-21,,,,,
29744592,2026-07-21T23:12,66213.730000,0.757100,0.000000,2026-07-21,,,,,
29744593,2026-07-21T23:13,66213.730000,0.757100,0.000000,2026-07-21,,,,,
29744594,2026-07-21T23:14,66213.730000,0.757100,0.000000,2026-07-21,,,,,
29744595,2026-07-21T23:15,66213.730000,0.757100,0.000000,2026-07-21,,,,,
29744596,2026-07-21T23:16,66213.730000,0.757100,0.000000,2026-07-21,,,,,
29744597,2026-07-21T23:17,66213.730000,0.757100,0.000000,2026-07-21,,,,,
29744598,2026-07-21T23:18,66213.730000,0.757100,0.000000,2026-07-21,,,,,
29744599,2026-07-21T23:19,66213.730000,0.757100,0.000000,2026-07-21,,,,,
29744600,2026-07-21T23:20,66213.730000,0.757100,0.000000,2026-07-21,,,,,
29744601,2026-07-21T23:21,66213.730000,0.757100,0.000000,2026-07-21,,,,,
29744602,2026-07-21T23:22,66213.730000,0.757100,0.000000,2026-07-21,,,,,
29744603,2026-07-21T23:23,66213.730000,0.757100,0.000000,2026-07-21,,,,,
29744604,2026-07-21T23:24,66213.730000,0.757100,0.000000,2026-07-21,,,,,
29744605,2026-07-21T23:25,66213.730000,0.757100,0.000000,2026-07-21,,,,,
29744606,2026-07-21T23:26,66213.730000,0.757100,0.000000,2026-07-21,,,,,
29744607,2026-07-21T23:27,66213.730000,0.757100,0.000000,2026-07-21,,,,,
29744608,2026-07-21T23:28,66213.730000,0.757100,0.000000,2026-07-21,,,,,
29744609,2026-07-21T23:29,66213.730000,0.757100,0.000000,2026-07-21,,,,,
29744610,2026-07-21T23:30,66213.730000,0.757100,0.000000,2026-07-21,,,,,
29744611,2026-07-21T23:31,66213.730000,0.757100,0.000000,2026-07-21,,,,,
29744612,2026-07-21T23:32,66213.730000,0.757100,0.000000,2026-07-21,,,,,
29744613,2026-07-21T23:33,66213.730000,0.757100,0.000000,2026-07-21,,,,,
29744614,2026-07-21T23:34,66213.730000,0.757100,0.000000,2026-07-21,,,,,
29744615,2026-07-21T23:35,66213.730000,0.757100,0.000000,2026-07-21,,,,,
29744616,2026-07-21T23:36,66401.850000,0.702700,0.000000,2026-07-21,40.000000,0.204336,0.967574,66401.840000,66395.680000
29744617,2026-07-21T23:37,66401.850000,0.702700,0.935147,2026-07-21,,,,,
29744618,2026-07-21T23:38,66401.850000,0.702700,0.000000,2026-07-21,,,,,
29744619,2026-07-21T23:39,66401.850000,0.702700,0.000000,2026-07-21,,,,,
29744620,2026-07-21T23:40,66401.850000,0.702700,0.000000,2026-07-21,,,,,
29744621,2026-07-21T23:41,66401.850000,0.702700,0.000000,2026-07-21,,,,,
29744622,2026-07-21T23:42,66401.850000,0.702700,0.000000,2026-07-21,,,,,
29744623,2026-07-21T23:43,66401.850000,0.702700,0.000000,2026-07-21,,,,,
29744624,2026-07-21T23:44,66401.850000,0.702700,0.000000,2026-07-21,,,,,
29744625,2026-07-21T23:45,66401.850000,0.702700,0.000000,2026-07-21,,,,,
29744626,2026-07-21T23:46,66401.850000,0.702700,0.000000,2026-07-21,,,,,
29744627,2026-07-21T23:47,66401.850000,0.702700,0.000000,2026-07-21,,,,,
29744628,2026-07-21T23:48,66401.850000,0.702700,0.000000,2026-07-21,,,,,
29744629,2026-07-21T23:49,66401.850000,0.702700,0.000000,2026-07-21,,,,,
29744630,2026-07-21T23:50,66401.850000,0.702700,0.000000,2026-07-21,,,,,
29744631,2026-07-21T23:51,66401.850000,0.702700,0.000000,2026-07-21,,,,,
29744632,2026-07-21T23:52,66401.850000,0.702700,0.000000,2026-07-21,,,,,
29744633,2026-07-21T23:53,66401.850000,0.723000,0.000000,2026-07-21,5.000000,0.000000,0.064516,66490.690000,66490.680000
29744634,2026-07-21T23:54,66490.680000,0.489100,-0.795918,2026-07-21,4.000000,0.000000,0.166667,66490.690000,66490.120000
29744635,2026-07-21T23:55,66490.680000,0.489100,0.000000,2026-07-21,,,,,
29744636,2026-07-21T23:56,66490.680000,0.489100,0.000000,2026-07-21,,,,,
29744637,2026-07-21T23:57,66490.680000,0.489100,0.000000,2026-07-21,,,,,
29744638,2026-07-21T23:58,66490.680000,0.489100,0.000000,2026-07-21,,,,,
29744639,2026-07-21T23:59,66490.680000,0.489100,0.000000,2026-07-21,,,,,
29744640,2026-07-22T00:00,66490.680000,0.489100,0.000000,2026-07-21,,,,,
29744641,2026-07-22T00:01,66490.680000,0.489100,0.000000,2026-07-21,,,,,
29744642,2026-07-22T00:02,66490.680000,0.489100,0.000000,2026-07-21,,,,,
29744643,2026-07-22T00:03,66490.680000,0.489100,0.000000,2026-07-21,,,,,
29744644,2026-07-22T00:04,66490.680000,0.489100,0.000000,2026-07-21,,,,,
29744645,2026-07-22T00:05,66490.680000,0.489100,0.000000,2026-07-21,,,,,
29744646,2026-07-22T00:06,66490.680000,0.489100,0.000000,2026-07-21,,,,,
29744647,2026-07-22T00:07,66490.680000,0.489100,0.000000,2026-07-21,,,,,
29744648,2026-07-22T00:08,66490.680000,0.489100,0.000000,2026-07-21,,,,,
29744649,2026-07-22T00:09,66490.110000,0.412700,0.000000,2026-07-21,,,,,
29744650,2026-07-22T00:10,66490.110000,0.412700,0.000000,2026-07-21,,,,,
29744651,2026-07-22T00:11,66490.110000,0.412700,0.000000,2026-07-21,,,,,
29744652,2026-07-22T00:12,66490.110000,0.412700,0.000000,2026-07-21,,,,,
29744653,2026-07-22T00:13,66490.110000,0.412700,0.000000,2026-07-21,,,,,
29744654,2026-07-22T00:14,66490.110000,0.412700,0.000000,2026-07-21,,,,,
29744655,2026-07-22T00:15,66490.110000,0.412700,0.000000,2026-07-21,,,,,
29744656,2026-07-22T00:16,66490.110000,0.412700,0.000000,2026-07-21,,,,,
29744657,2026-07-22T00:17,66490.110000,0.412700,0.000000,2026-07-21,,,,,
29744658,2026-07-22T00:18,66490.110000,0.412700,0.000000,2026-07-21,,,,,
29744659,2026-07-22T00:19,66490.110000,0.412700,0.000000,2026-07-21,,,,,
29744660,2026-07-22T00:20,66490.110000,0.412700,0.000000,2026-07-21,,,,,
29744661,2026-07-22T00:21,66490.110000,0.412700,0.000000,2026-07-21,,,,,
29744662,2026-07-22T00:22,66490.110000,0.412700,0.000000,2026-07-21,,,,,
29744663,2026-07-22T00:23,66490.110000,0.412700,0.000000,2026-07-21,,,,,
29744664,2026-07-22T00:24,66490.110000,0.412700,0.000000,2026-07-21,,,,,
29744665,2026-07-22T00:25,66490.110000,0.412700,0.000000,2026-07-21,,,,,
29744666,2026-07-22T00:26,66490.110000,0.412700,0.000000,2026-07-21,,,,,
29744667,2026-07-22T00:27,66490.110000,0.412700,0.000000,2026-07-21,,,,,
29744668,2026-07-22T00:28,66490.110000,0.412700,0.000000,2026-07-21,,,,,
29744669,2026-07-22T00:29,66490.110000,0.412700,0.000000,2026-07-21,,,,,
29744670,2026-07-22T00:30,66490.110000,0.412700,0.000000,2026-07-21,,,,,
29744671,2026-07-22T00:31,66490.110000,0.412700,0.000000,2026-07-21,,,,,
29744672,2026-07-22T00:32,66490.110000,0.412700,0.000000,2026-07-21,,,,,
29744673,2026-07-22T00:33,66490.110000,0.412700,0.000000,2026-07-21,,,,,
29744674,2026-07-22T00:34,66490.110000,0.412700,0.000000,2026-07-21,,,,,
29744675,2026-07-22T00:35,66490.110000,0.412700,0.000000,2026-07-21,,,,,
29744676,2026-07-22T00:36,66490.110000,0.412700,0.000000,2026-07-21,,,,,
29744677,2026-07-22T00:37,66490.110000,0.412700,0.000000,2026-07-21,,,,,
29744678,2026-07-22T00:38,66490.110000,0.412700,0.000000,2026-07-21,,,,,
29744679,2026-07-22T00:39,66490.110000,0.412700,0.000000,2026-07-21,,,,,
29744680,2026-07-22T00:40,66490.110000,0.412700,0.000000,2026-07-21,,,,,
29744681,2026-07-22T00:41,66490.110000,0.412700,0.000000,2026-07-21,,,,,
29744682,2026-07-22T00:42,66490.110000,0.412700,0.000000,2026-07-21,,,,,
29744683,2026-07-22T00:43,66490.110000,0.412700,0.000000,2026-07-21,,,,,
29744684,2026-07-22T00:44,66490.110000,0.412700,0.000000,2026-07-21,,,,,
29744685,2026-07-22T00:45,66490.110000,0.412700,0.000000,2026-07-21,,,,,
29744686,2026-07-22T00:46,66490.110000,0.412700,0.000000,2026-07-21,,,,,
29744687,2026-07-22T00:47,66490.110000,0.412700,0.000000,2026-07-21,,,,,
29744688,2026-07-22T00:48,66490.110000,0.412700,0.000000,2026-07-21,,,,,
29744689,2026-07-22T00:49,66490.110000,0.412700,0.000000,2026-07-21,,,,,
29744690,2026-07-22T00:50,66490.110000,0.412700,0.000000,2026-07-21,,,,,
29744691,2026-07-22T00:51,66595.300000,0.181400,0.000000,2026-07-21,30.000000,0.078737,0.258004,66603.550000,66595.300000
29744692,2026-07-22T00:52,66595.300000,0.181400,-0.483992,2026-07-21,,,,,
29744693,2026-07-22T00:53,66595.300000,0.181400,0.000000,2026-07-21,,,,,
29744694,2026-07-22T00:54,66595.300000,0.181400,0.000000,2026-07-21,,,,,
29744695,2026-07-22T00:55,66595.300000,0.181400,0.000000,2026-07-21,,,,,
29744696,2026-07-22T00:56,66595.300000,0.181400,0.000000,2026-07-21,,,,,
29744697,2026-07-22T00:57,66595.300000,0.181400,0.000000,2026-07-21,,,,,
29744698,2026-07-22T00:58,66595.300000,0.181400,0.000000,2026-07-21,,,,,
29744699,2026-07-22T00:59,66595.300000,0.181400,0.000000,2026-07-21,,,,,
29744700,2026-07-22T01:00,66595.300000,0.181400,0.000000,2026-07-21,,,,,
29744701,2026-07-22T01:01,66595.300000,0.181400,0.000000,2026-07-21,,,,,
29744702,2026-07-22T01:02,66595.300000,0.181400,0.000000,2026-07-21,,,,,
29744703,2026-07-22T01:03,66595.300000,0.181400,0.000000,2026-07-21,,,,,
29744704,2026-07-22T01:04,66595.300000,0.181400,0.000000,2026-07-21,,,,,
29744705,2026-07-22T01:05,66595.300000,0.181400,0.000000,2026-07-21,,,,,
29744706,2026-07-22T01:06,66595.300000,0.181400,0.000000,2026-07-21,,,,,
29744707,2026-07-22T01:07,66595.300000,0.181400,0.000000,2026-07-21,,,,,
29744708,2026-07-22T01:08,66570.020000,0.428700,0.000000,2026-07-21,9.000000,0.001012,0.999763,66570.030000,66570.020000
29744709,2026-07-22T01:09,66570.020000,0.428700,0.999526,2026-07-21,,,,,
29744710,2026-07-22T01:10,66570.020000,0.428700,0.000000,2026-07-21,,,,,
29744711,2026-07-22T01:11,66570.020000,0.428700,0.000000,2026-07-21,,,,,
29744712,2026-07-22T01:12,66570.020000,0.428700,0.000000,2026-07-21,,,,,
29744713,2026-07-22T01:13,66570.020000,0.428700,0.000000,2026-07-21,,,,,
29744714,2026-07-22T01:14,66570.020000,0.428700,0.000000,2026-07-21,,,,,
29744715,2026-07-22T01:15,66570.020000,0.428700,0.000000,2026-07-21,,,,,
29744716,2026-07-22T01:16,66570.020000,0.428700,0.000000,2026-07-21,,,,,
29744717,2026-07-22T01:17,66570.020000,0.428700,0.000000,2026-07-21,,,,,
29744718,2026-07-22T01:18,66570.020000,0.428700,0.000000,2026-07-21,,,,,
29744719,2026-07-22T01:19,66570.020000,0.428700,0.000000,2026-07-21,,,,,
29744720,2026-07-22T01:20,66570.020000,0.428700,0.000000,2026-07-21,,,,,
29744721,2026-07-22T01:21,66570.020000,0.428700,0.000000,2026-07-21,,,,,
29744722,2026-07-22T01:22,66570.020000,0.428700,0.000000,2026-07-21,,,,,
29744723,2026-07-22T01:23,66570.020000,0.428700,0.000000,2026-07-21,,,,,
29744724,2026-07-22T01:24,66570.020000,0.428700,0.000000,2026-07-21,,,,,
29744725,2026-07-22T01:25,66570.020000,0.428700,0.000000,2026-07-21,,,,,
29744726,2026-07-22T01:26,66570.020000,0.428700,0.000000,2026-07-21,,,,,
29744727,2026-07-22T01:27,66570.020000,0.428700,0.000000,2026-07-21,,,,,
29744728,2026-07-22T01:28,66570.020000,0.428700,0.000000,2026-07-21,,,,,
29744729,2026-07-22T01:29,66570.020000,0.428700,0.000000,2026-07-21,,,,,
29744730,2026-07-22T01:30,66570.020000,0.428700,0.000000,2026-07-21,,,,,
29744731,2026-07-22T01:31,66570.020000,0.428700,0.000000,2026-07-21,,,,,
29744732,2026-07-22T01:32,66570.020000,0.428700,0.000000,2026-07-21,,,,,
29744733,2026-07-22T01:33,66570.020000,0.428700,0.000000,2026-07-21,,,,,
29744734,2026-07-22T01:34,66570.020000,0.428700,0.000000,2026-07-21,,,,,
29744735,2026-07-22T01:35,66570.020000,0.428700,0.000000,2026-07-21,,,,,
29744736,2026-07-22T01:36,66570.020000,0.428700,0.000000,2026-07-21,,,,,
29744737,2026-07-22T01:37,66570.020000,0.428700,0.000000,2026-07-21,,,,,
29744738,2026-07-22T01:38,66570.020000,0.428700,0.000000,2026-07-21,,,,,
29744739,2026-07-22T01:39,66570.020000,0.428700,0.000000,2026-07-21,,,,,
29744740,2026-07-22T01:40,66570.020000,0.428700,0.000000,2026-07-21,,,,,
29744741,2026-07-22T01:41,66570.020000,0.428700,0.000000,2026-07-21,,,,,
29744742,2026-07-22T01:42,66570.020000,0.428700,0.000000,2026-07-21,,,,,
29744743,2026-07-22T01:43,66570.020000,0.428700,0.000000,2026-07-21,,,,,
29744744,2026-07-22T01:44,66570.020000,0.428700,0.000000,2026-07-21,,,,,
29744745,2026-07-22T01:45,66570.020000,0.428700,0.000000,2026-07-21,,,,,
29744746,2026-07-22T01:46,66570.020000,0.428700,0.000000,2026-07-21,,,,,
29744747,2026-07-22T01:47,66570.020000,0.428700,0.000000,2026-07-21,,,,,
29744748,2026-07-22T01:48,66570.020000,0.428700,0.000000,2026-07-21,,,,,
29744749,2026-07-22T01:49,66570.020000,0.428700,0.000000,2026-07-21,,,,,
29744750,2026-07-22T01:50,66570.020000,0.428700,0.000000,2026-07-21,,,,,
29744751,2026-07-22T01:51,66570.020000,0.428700,0.000000,2026-07-21,,,,,
29744752,2026-07-22T01:52,66570.020000,0.428700,0.000000,2026-07-21,,,,,
29744753,2026-07-22T01:53,66570.020000,0.428700,0.000000,2026-07-21,,,,,
29744754,2026-07-22T01:54,66570.020000,0.428700,0.000000,2026-07-21,,,,,
29744755,2026-07-22T01:55,66570.020000,0.428700,0.000000,2026-07-21,,,,,
29744756,2026-07-22T01:56,66570.020000,0.428700,0.000000,2026-07-21,,,,,
29744757,2026-07-22T01:57,66570.020000,0.428700,0.000000,2026-07-21,,,,,
29744758,2026-07-22T01:58,66570.020000,0.428700,0.000000,2026-07-21,,,,,
29744759,2026-07-22T01:59,66570.020000,0.428700,0.000000,2026-07-21,,,,,
29744760,2026-07-22T02:00,66570.020000,0.428700,0.000000,2026-07-21,,,,,
29744761,2026-07-22T02:01,66570.020000,0.428700,0.000000,2026-07-21,,,,,
29744762,2026-07-22T02:02,66570.020000,0.428700,0.000000,2026-07-21,,,,,
29744763,2026-07-22T02:03,66570.020000,0.428700,0.000000,2026-07-21,,,,,
29744764,2026-07-22T02:04,66570.020000,0.428700,0.000000,2026-07-21,,,,,
29744765,2026-07-22T02:05,66570.020000,0.428700,0.000000,2026-07-21,,,,,
29744766,2026-07-22T02:06,66570.020000,0.428700,0.000000,2026-07-21,,,,,
29744767,2026-07-22T02:07,66570.020000,0.428700,0.000000,2026-07-21,,,,,
29744768,2026-07-22T02:08,66570.020000,0.428700,0.000000,2026-07-21,,,,,
29744769,2026-07-22T02:09,66570.020000,0.428700,0.000000,2026-07-21,,,,,
29744770,2026-07-22T02:10,66570.020000,0.428700,0.000000,2026-07-21,,,,,
29744771,2026-07-22T02:11,66570.020000,0.428700,0.000000,2026-07-21,,,,,
29744772,2026-07-22T02:12,66570.020000,0.428700,0.000000,2026-07-21,,,,,
29744773,2026-07-22T02:13,66570.020000,0.428700,0.000000,2026-07-21,,,,,
29744774,2026-07-22T02:14,66570.020000,0.428700,0.000000,2026-07-21,,,,,
29744775,2026-07-22T02:15,66570.020000,0.428700,0.000000,2026-07-21,,,,,
29744776,2026-07-22T02:16,66570.020000,0.428700,0.000000,2026-07-21,,,,,
29744777,2026-07-22T02:17,66570.020000,0.428700,0.000000,2026-07-21,,,,,
29744778,2026-07-22T02:18,66570.020000,0.428700,0.000000,2026-07-21,,,,,
29744779,2026-07-22T02:19,66570.020000,0.428700,0.000000,2026-07-21,,,,,
29744780,2026-07-22T02:20,66570.020000,0.428700,0.000000,2026-07-21,,,,,
29744781,2026-07-22T02:21,66570.020000,0.428700,0.000000,2026-07-21,,,,,
29744782,2026-07-22T02:22,66570.020000,0.428700,0.000000,2026-07-21,,,,,
29744783,2026-07-22T02:23,66570.020000,0.428700,0.000000,2026-07-21,,,,,
29744784,2026-07-22T02:24,66570.020000,0.428700,0.000000,2026-07-21,,,,,
29744785,2026-07-22T02:25,66570.020000,0.428700,0.000000,2026-07-21,,,,,
29744786,2026-07-22T02:26,66570.020000,0.428700,0.000000,2026-07-21,,,,,
29744787,2026-07-22T02:27,66570.020000,0.428700,0.000000,2026-07-21,,,,,
29744788,2026-07-22T02:28,66570.020000,0.428700,0.000000,2026-07-21,,,,,
29744789,2026-07-22T02:29,66570.020000,0.428700,0.000000,2026-07-21,,,,,
29744790,2026-07-22T02:30,66570.020000,0.428700,0.000000,2026-07-21,,,,,
29744791,2026-07-22T02:31,66570.020000,0.428700,0.000000,2026-07-21,,,,,
29744792,2026-07-22T02:32,66570.020000,0.428700,0.000000,2026-07-21,,,,,
29744793,2026-07-22T02:33,66570.020000,0.428700,0.000000,2026-07-21,,,,,
29744794,2026-07-22T02:34,66570.020000,0.428700,0.000000,2026-07-21,,,,,
29744795,2026-07-22T02:35,66570.020000,0.428700,0.000000,2026-07-21,,,,,
29744796,2026-07-22T02:36,66570.020000,0.428700,0.000000,2026-07-21,,,,,
29744797,2026-07-22T02:37,66570.020000,0.428700,0.000000,2026-07-21,,,,,
29744798,2026-07-22T02:38,66570.020000,0.428700,0.000000,2026-07-21,,,,,
29744799,2026-07-22T02:39,66284.040000,0.932600,0.000000,2026-07-21,81.000000,0.001126,0.999636,66284.050000,66280.890000
29744800,2026-07-22T02:40,66284.040000,0.932600,0.999272,2026-07-21,,,,,
29744801,2026-07-22T02:41,66284.040000,0.932600,0.000000,2026-07-21,,,,,
29744802,2026-07-22T02:42,66284.040000,0.932600,0.000000,2026-07-21,,,,,
29744803,2026-07-22T02:43,66284.040000,0.932600,0.000000,2026-07-21,,,,,
29744804,2026-07-22T02:44,66284.040000,0.932600,0.000000,2026-07-21,,,,,
29744805,2026-07-22T02:45,66284.040000,0.932600,0.000000,2026-07-21,,,,,
29744806,2026-07-22T02:46,66284.040000,0.932600,0.000000,2026-07-21,,,,,
29744807,2026-07-22T02:47,66284.040000,0.932600,0.000000,2026-07-21,,,,,
29744808,2026-07-22T02:48,66284.040000,0.932600,0.000000,2026-07-21,,,,,
29744809,2026-07-22T02:49,66284.040000,0.932600,0.000000,2026-07-21,,,,,
29744810,2026-07-22T02:50,66284.040000,0.932600,0.000000,2026-07-21,,,,,
29744811,2026-07-22T02:51,66284.040000,0.932600,0.000000,2026-07-21,,,,,
29744812,2026-07-22T02:52,66284.040000,0.932600,0.000000,2026-07-21,,,,,
29744813,2026-07-22T02:53,66284.040000,0.932600,0.000000,2026-07-21,,,,,
29744814,2026-07-22T02:54,66284.040000,0.944600,0.000000,2026-07-21,,,,,
29744815,2026-07-22T02:55,66284.040000,0.944600,0.000000,2026-07-21,,,,,
29744816,2026-07-22T02:56,66284.040000,0.944600,0.000000,2026-07-21,,,,,
29744817,2026-07-22T02:57,66284.040000,0.944600,0.000000,2026-07-21,,,,,
29744818,2026-07-22T02:58,66284.040000,0.944600,0.000000,2026-07-21,,,,,
29744819,2026-07-22T02:59,66284.040000,0.944600,0.000000,2026-07-21,,,,,
29744820,2026-07-22T03:00,66284.040000,0.944600,0.000000,2026-07-21,,,,,
29744821,2026-07-22T03:01,66284.040000,0.944600,0.000000,2026-07-21,,,,,
29744822,2026-07-22T03:02,66284.040000,0.944600,0.000000,2026-07-21,,,,,
29744823,2026-07-22T03:03,66284.040000,0.944600,0.000000,2026-07-21,,,,,
29744824,2026-07-22T03:04,66284.040000,0.944600,0.000000,2026-07-21,,,,,
29744825,2026-07-22T03:05,66284.040000,0.944600,0.000000,2026-07-21,,,,,
29744826,2026-07-22T03:06,66284.040000,0.944600,0.000000,2026-07-21,,,,,
29744827,2026-07-22T03:07,66284.040000,0.944600,0.000000,2026-07-21,,,,,
29744828,2026-07-22T03:08,66284.040000,0.944600,0.000000,2026-07-21,,,,,
29744829,2026-07-22T03:09,66284.040000,0.944600,0.000000,2026-07-21,,,,,
29744830,2026-07-22T03:10,66284.040000,0.944600,0.000000,2026-07-21,,,,,
29744831,2026-07-22T03:11,66284.040000,0.944600,0.000000,2026-07-21,,,,,
29744832,2026-07-22T03:12,66284.040000,0.944600,0.000000,2026-07-21,,,,,
29744833,2026-07-22T03:13,66284.040000,0.944600,0.000000,2026-07-21,,,,,
29744834,2026-07-22T03:14,66284.040000,0.944600,0.000000,2026-07-21,,,,,
29744835,2026-07-22T03:15,66284.040000,0.944600,0.000000,2026-07-21,,,,,
29744836,2026-07-22T03:16,66284.040000,0.944600,0.000000,2026-07-21,,,,,
29744837,2026-07-22T03:17,66284.040000,0.944600,0.000000,2026-07-21,,,,,
29744838,2026-07-22T03:18,66284.040000,0.944600,0.000000,2026-07-21,,,,,
29744839,2026-07-22T03:19,66284.040000,0.944600,0.000000,2026-07-21,,,,,
29744840,2026-07-22T03:20,66284.040000,0.944600,0.000000,2026-07-21,,,,,
29744841,2026-07-22T03:21,66284.040000,0.944600,0.000000,2026-07-21,,,,,
29744842,2026-07-22T03:22,66284.040000,0.944600,0.000000,2026-07-21,,,,,
29744843,2026-07-22T03:23,66284.040000,0.944600,0.000000,2026-07-21,,,,,
29744844,2026-07-22T03:24,66284.040000,0.944600,0.000000,2026-07-21,,,,,
29744845,2026-07-22T03:25,66284.040000,0.944600,0.000000,2026-07-21,,,,,
29744846,2026-07-22T03:26,66284.040000,0.944600,0.000000,2026-07-21,,,,,
29744847,2026-07-22T03:27,66284.040000,0.944600,0.000000,2026-07-21,,,,,
29744848,2026-07-22T03:28,66284.040000,0.944600,0.000000,2026-07-21,,,,,
29744849,2026-07-22T03:29,66284.040000,0.944600,0.000000,2026-07-21,,,,,
29744850,2026-07-22T03:30,66284.040000,0.944600,0.000000,2026-07-21,,,,,
29744851,2026-07-22T03:31,66284.040000,0.944600,0.000000,2026-07-21,,,,,
29744852,2026-07-22T03:32,66284.040000,0.944600,0.000000,2026-07-21,,,,,
29744853,2026-07-22T03:33,66284.040000,0.944600,0.000000,2026-07-21,,,,,
29744854,2026-07-22T03:34,66284.040000,0.944600,0.000000,2026-07-21,,,,,
29744855,2026-07-22T03:35,66284.040000,0.944600,0.000000,2026-07-21,,,,,
29744856,2026-07-22T03:36,66284.040000,0.944600,0.000000,2026-07-21,,,,,
29744857,2026-07-22T03:37,66284.040000,0.944600,0.000000,2026-07-21,,,,,
29744858,2026-07-22T03:38,66284.040000,0.944600,0.000000,2026-07-21,,,,,
29744859,2026-07-22T03:39,66284.040000,0.944600,0.000000,2026-07-21,,,,,
29744860,2026-07-22T03:40,66193.740000,0.930300,0.000000,2026-07-21,8.000000,0.000301,0.998604,66193.750000,66193.740000
29744861,2026-07-22T03:41,66193.740000,0.930300,0.997208,2026-07-21,,,,,
29744862,2026-07-22T03:42,66193.740000,0.930300,0.000000,2026-07-21,,,,,
29744863,2026-07-22T03:43,66193.740000,0.930300,0.000000,2026-07-21,,,,,
29744864,2026-07-22T03:44,66193.740000,0.930300,0.000000,2026-07-21,,,,,
29744865,2026-07-22T03:45,66193.740000,0.930300,0.000000,2026-07-21,,,,,
29744866,2026-07-22T03:46,66193.740000,0.930300,0.000000,2026-07-21,,,,,
29744867,2026-07-22T03:47,66193.740000,0.930300,0.000000,2026-07-21,,,,,
29744868,2026-07-22T03:48,66193.740000,0.930300,0.000000,2026-07-21,,,,,
29744869,2026-07-22T03:49,66193.740000,0.930300,0.000000,2026-07-21,,,,,
29744870,2026-07-22T03:50,66193.740000,0.930300,0.000000,2026-07-21,,,,,
29744871,2026-07-22T03:51,66193.740000,0.930300,0.000000,2026-07-21,,,,,
29744872,2026-07-22T03:52,66193.740000,0.930300,0.000000,2026-07-21,,,,,
29744873,2026-07-22T03:53,66193.740000,0.930300,0.000000,2026-07-21,,,,,
29744874,2026-07-22T03:54,66193.740000,0.930300,0.000000,2026-07-21,,,,,
29744875,2026-07-22T03:55,66193.740000,0.930300,0.000000,2026-07-21,,,,,
29744876,2026-07-22T03:56,66193.740000,0.930300,0.000000,2026-07-21,,,,,
29744877,2026-07-22T03:57,66193.740000,0.930300,0.000000,2026-07-21,4.000000,0.000000,0.000000,66208.020000,66208.020000
29744878,2026-07-22T03:58,66208.020000,-0.161100,-1.000000,2026-07-21,2.000000,0.000000,0.000000,66208.020000,66208.020000
29744879,2026-07-22T03:59,66208.020000,-0.161100,0.000000,2026-07-21,,,,,
29744880,2026-07-22T04:00,66208.020000,-0.161100,0.000000,2026-07-21,,,,,
29744881,2026-07-22T04:01,66208.020000,-0.161100,0.000000,2026-07-21,,,,,
29744882,2026-07-22T04:02,66208.020000,-0.161100,0.000000,2026-07-21,,,,,
29744883,2026-07-22T04:03,66208.020000,-0.161100,0.000000,2026-07-21,,,,,
29744884,2026-07-22T04:04,66208.020000,-0.161100,0.000000,2026-07-21,,,,,
29744885,2026-07-22T04:05,66208.020000,-0.161100,0.000000,2026-07-21,,,,,
29744886,2026-07-22T04:06,66208.020000,-0.161100,0.000000,2026-07-21,,,,,
29744887,2026-07-22T04:07,66208.020000,-0.161100,0.000000,2026-07-21,,,,,
29744888,2026-07-22T04:08,66208.020000,-0.161100,0.000000,2026-07-21,,,,,
29744889,2026-07-22T04:09,66208.020000,-0.161100,0.000000,2026-07-21,,,,,
29744890,2026-07-22T04:10,66208.020000,-0.161100,0.000000,2026-07-21,,,,,
29744891,2026-07-22T04:11,66208.020000,-0.161100,0.000000,2026-07-21,,,,,
29744892,2026-07-22T04:12,66208.020000,-0.161100,0.000000,2026-07-21,,,,,
29744893,2026-07-22T04:13,66208.020000,-0.161100,0.000000,2026-07-21,,,,,
29744894,2026-07-22T04:14,66208.020000,-0.161100,0.000000,2026-07-21,,,,,
29744895,2026-07-22T04:15,66314.430000,0.244800,0.000000,2026-07-21,36.000000,0.068056,0.000000,66314.430000,66314.400000
29744896,2026-07-22T04:16,66321.800000,0.911600,-0.999987,2026-07-21,202.000000,0.527014,0.116207,66321.810000,66310.450000
29744897,2026-07-22T04:17,66321.800000,0.911600,-0.762789,2026-07-21,,,,,
29744898,2026-07-22T04:18,66321.800000,0.911600,0.000000,2026-07-21,,,,,
29744899,2026-07-22T04:19,66321.800000,0.916500,0.000000,2026-07-21,,,,,
29744900,2026-07-22T04:20,66328.260000,0.562300,0.000000,2026-07-21,559.000000,4.325878,0.738222,66340.260000,66302.610000
29744901,2026-07-22T04:21,66347.710000,1.000000,0.476490,2026-07-21,379.000000,0.620982,0.387188,66347.720000,66328.250000
29744902,2026-07-22T04:22,66335.210000,0.941600,0.008024,2026-07-21,414.000000,1.083331,0.652690,66354.880000,66330.000000
29744903,2026-07-22T04:23,66326.950000,-0.304700,0.196540,2026-07-21,282.000000,1.122714,0.149028,66346.260000,66326.940000
29744904,2026-07-22T04:24,66336.930000,0.589400,0.049779,2026-07-21,481.000000,2.051543,0.543437,66359.980000,66326.940000
29744905,2026-07-22T04:25,66325.670000,-0.095700,-0.609839,2026-07-21,187.000000,0.608891,0.254443,66336.940000,66325.670000
29744906,2026-07-22T04:26,66320.070000,-0.391900,-0.482213,2026-07-21,242.000000,1.464281,0.222498,66329.230000,66315.000000
29744907,2026-07-22T04:27,66313.640000,-0.457800,-0.559370,2026-07-21,198.000000,0.299224,0.555367,66320.060000,66313.640000
29744908,2026-07-22T04:28,66340.260000,0.273900,0.011683,2026-07-21,258.000000,1.539969,0.659285,66340.260000,66313.640000
29744909,2026-07-22T04:29,66323.110000,0.304000,0.345326,2026-07-21,318.000000,14.862505,0.011481,66356.420000,66320.000000
29744910,2026-07-22T04:30,66300.300000,-0.434700,-0.977131,2026-07-21,322.000000,2.661320,0.741065,66335.720000,66300.300000
29744911,2026-07-22T04:31,66313.620000,0.223800,0.482169,2026-07-21,268.000000,1.717084,0.756563,66324.640000,66292.980000
29744912,2026-07-22T04:32,66309.600000,0.006100,0.513059,2026-07-21,187.000000,0.593989,0.568335,66316.150000,66307.320000
29744913,2026-07-22T04:33,66294.760000,-0.205100,0.136216,2026-07-21,283.000000,10.689951,0.974214,66309.490000,66295.000000
29744914,2026-07-22T04:34,66277.680000,0.217800,0.943919,2026-07-21,144.000000,0.719668,0.178830,66293.640000,66277.680000
29744915,2026-07-22T04:35,66306.890000,0.414000,-0.629378,2026-07-21,680.000000,22.211356,0.720434,66343.130000,66275.000000
29744916,2026-07-22T04:36,66333.540000,0.571400,0.440879,2026-07-21,236.000000,0.302639,0.891689,66333.540000,66306.900000
29744917,2026-07-22T04:37,66340.260000,0.569900,0.782540,2026-07-21,463.000000,3.496804,0.482002,66365.500000,66330.270000
29744918,2026-07-22T04:38,66363.240000,0.410800,-0.031759,2026-07-21,338.000000,0.798372,0.599134,66369.920000,66340.260000
29744919,2026-07-22T04:39,66340.260000,0.375900,0.114833,2026-07-21,314.000000,0.827882,0.322429,66365.550000,66340.260000
29744920,2026-07-22T04:40,66340.260000,0.753900,-0.314759,2026-07-21,288.000000,0.925805,0.644085,66340.270000,66334.620000
29744921,2026-07-22T04:41,66377.460000,1.000000,0.287917,2026-07-21,358.000000,0.764209,0.811127,66377.470000,66340.260000
29744922,2026-07-22T04:42,66363.580000,0.454800,0.622254,2026-07-21,392.000000,1.079668,0.561694,66380.850000,66360.240000
29744923,2026-07-22T04:43,66366.290000,0.133200,0.123388,2026-07-21,268.000000,0.781772,0.724214,66379.960000,66363.570000
29744924,2026-07-22T04:44,66376.890000,0.413700,0.448400,2026-07-21,280.000000,0.582302,0.647863,66376.970000,66366.280000
29744925,2026-07-22T04:45,66344.600000,-0.875300,0.247969,2026-07-21,333.000000,0.625179,0.293552,66376.880000,66344.590000
29744926,2026-07-22T04:46,66323.610000,0.269300,-0.390868,2026-07-21,354.000000,0.420380,0.151180,66344.600000,66323.610000
29744927,2026-07-22T04:47,66308.610000,0.451600,-0.698185,2026-07-21,290.000000,0.729282,0.181765,66323.620000,66305.230000
29744928,2026-07-22T04:48,66316.960000,0.229300,-0.638342,2026-07-21,261.000000,0.496186,0.264382,66327.890000,66308.600000
29744929,2026-07-22T04:49,66309.980000,0.655100,-0.560011,2026-07-21,198.000000,0.436556,0.195281,66316.950000,66305.230000
29744930,2026-07-22T04:50,66293.880000,0.149600,-0.488262,2026-07-21,278.000000,0.608631,0.088553,66309.980000,66293.870000
29744931,2026-07-22T04:51,66300.850000,0.844900,-0.685408,2026-07-21,278.000000,0.573063,0.254730,66300.850000,66293.870000
29744932,2026-07-22T04:52,66326.110000,-0.139000,-0.630750,2026-07-21,919.000000,6.576656,0.901055,66345.610000,66300.840000
29744933,2026-07-22T04:53,66323.610000,-0.366200,0.802101,2026-07-21,435.000000,1.909340,0.383540,66346.000000,66323.610000
29744934,2026-07-22T04:54,66313.620000,0.409000,-0.226496,2026-07-21,312.000000,0.339516,0.372080,66324.000000,66313.620000
29744935,2026-07-22T04:55,66313.620000,0.528200,-0.293954,2026-07-21,297.000000,0.615457,0.217119,66313.630000,66313.620000
29744936,2026-07-22T04:56,66310.580000,0.443900,-0.565761,2026-07-21,221.000000,0.533102,0.583943,66313.630000,66308.080000
29744937,2026-07-22T04:57,66334.110000,0.963800,0.167922,2026-07-21,424.000000,0.495594,0.549351,66334.110000,66310.340000
29744938,2026-07-22T04:58,66330.110000,0.986500,0.098660,2026-07-21,176.000000,0.214955,0.597407,66334.110000,66323.610000
29744939,2026-07-22T04:59,66336.010000,0.673400,0.194734,2026-07-21,255.000000,0.294426,0.433113,66338.980000,66330.110000
29744940,2026-07-22T05:00,66313.620000,-0.423900,-0.132357,2026-07-21,181.000000,0.341407,0.249623,66336.010000,66313.620000
29744941,2026-07-22T05:01,66318.010000,0.023100,-0.545910,2026-07-21,264.000000,0.668067,0.368397,66318.440000,66307.500000
29744942,2026-07-22T05:02,66311.650000,0.314800,-0.207746,2026-07-21,293.000000,1.269507,0.402304,66318.010000,66302.830000
29744943,2026-07-22T05:03,66309.860000,-0.200600,-0.195408,2026-07-21,200.000000,0.268433,0.353239,66312.990000,66306.960000
29744944,2026-07-22T05:04,66253.680000,0.268700,-0.547516,2026-07-21,355.000000,2.737834,0.352753,66309.860000,66253.680000
29744945,2026-07-22T05:05,66237.040000,0.382500,-0.145552,2026-07-21,311.000000,1.895927,0.337676,66253.710000,66237.030000
29744946,2026-07-22T05:06,66233.710000,-0.143100,-0.519903,2026-07-21,242.000000,0.803885,0.170562,66253.710000,66233.700000
29744947,2026-07-22T05:07,66239.890000,0.527100,-0.658875,2026-07-21,246.000000,0.621050,0.409266,66239.900000,66225.400000
29744948,2026-07-22T05:08,66253.520000,0.785400,-0.174696,2026-07-21,246.000000,0.497462,0.472877,66253.530000,66239.890000
29744949,2026-07-22T05:09,66233.710000,0.206900,-0.061890,2026-07-21,187.000000,0.172608,0.308518,66253.530000,66233.710000
29744950,2026-07-22T05:10,66238.490000,0.641900,-0.380103,2026-07-21,214.000000,0.533641,0.508529,66241.810000,66227.980000
29744951,2026-07-22T05:11,66247.550000,0.259500,0.016480,2026-07-21,215.000000,0.661089,0.111783,66256.000000,66240.350000
29744952,2026-07-22T05:12,66217.050000,-0.146500,-0.776243,2026-07-21,336.000000,5.765495,0.088578,66247.560000,66203.730000
29744953,2026-07-22T05:13,66235.860000,0.374100,-0.822881,2026-07-21,262.000000,0.552137,0.691777,66237.070000,66217.050000
29744954,2026-07-22T05:14,66234.110000,0.436000,0.386134,2026-07-21,215.000000,0.406548,0.295847,66235.860000,66218.440000
29744955,2026-07-22T05:15,66228.010000,0.238500,-0.414801,2026-07-21,202.000000,0.597761,0.633751,66234.110000,66218.010000
29744956,2026-07-22T05:16,66167.110000,0.310800,0.141726,2026-07-21,371.000000,3.213089,0.272401,66228.000000,66167.100000
29744957,2026-07-22T05:17,66145.490000,0.673200,-0.449431,2026-07-21,246.000000,0.511697,0.189874,66167.100000,66145.490000
29744958,2026-07-22T05:18,66123.800000,0.346000,-0.593678,2026-07-21,442.000000,13.423557,0.136225,66153.640000,66085.000000
29744959,2026-07-22T05:19,66130.460000,0.540700,-0.726872,2026-07-21,290.000000,2.516206,0.161244,66143.790000,66122.460000
29744960,2026-07-22T05:20,66073.860000,-0.313100,-0.681455,2026-07-21,374.000000,2.800229,0.285175,66130.460000,66067.200000
29744961,2026-07-22T05:21,66053.890000,0.402800,-0.435937,2026-07-21,357.000000,3.141424,0.432357,66077.110000,66053.880000
29744962,2026-07-22T05:22,66031.400000,0.694800,-0.126608,2026-07-21,367.000000,7.058950,0.375952,66073.100000,66010.000000
29744963,2026-07-22T05:23,66037.230000,0.386800,-0.254431,2026-07-21,254.000000,0.790179,0.410982,66042.220000,66023.910000
29744964,2026-07-22T05:24,66037.230000,0.682700,-0.118171,2026-07-21,427.000000,9.701345,0.144267,66037.220000,66001.000000
29744965,2026-07-22T05:25,66073.860000,0.071200,-0.705247,2026-07-21,706.000000,10.415420,0.862401,66090.510000,66037.220000
29744966,2026-07-22T05:26,66073.860000,0.083800,0.720531,2026-07-21,642.000000,1.889261,0.493467,66093.640000,66060.540000
29744967,2026-07-22T05:27,66063.860000,0.144600,-0.021137,2026-07-21,567.000000,1.298459,0.604734,66083.300000,66056.000000
29744968,2026-07-22T05:28,66015.830000,0.329300,0.219185,2026-07-21,596.000000,5.429239,0.234338,66067.210000,66006.510000
29744969,2026-07-22T05:29,66026.990000,0.409000,-0.529094,2026-07-21,442.000000,1.694184,0.694004,66033.900000,66015.830000
29744970,2026-07-22T05:30,66057.020000,0.612300,0.369361,2026-07-21,506.000000,0.942301,0.549410,66060.540000,66020.590000
29744971,2026-07-22T05:31,66017.240000,0.517000,0.123839,2026-07-21,518.000000,3.317509,0.582214,66060.530000,66007.260000
29744972,2026-07-22T05:32,66031.040000,0.550000,0.165178,2026-07-21,589.000000,1.004723,0.492335,66046.770000,66017.240000
29744973,2026-07-22T05:33,66060.540000,0.879300,-0.015362,2026-07-21,642.000000,2.818682,0.737022,66077.970000,66031.030000
29744974,2026-07-22T05:34,66073.860000,-0.074500,0.476798,2026-07-21,778.000000,1.741384,0.184579,66085.480000,66060.540000
29744975,2026-07-22T05:35,66050.550000,-0.371000,-0.644973,2026-07-21,304.000000,0.325386,0.182226,66073.870000,66050.550000
29744976,2026-07-22T05:36,65971.850000,0.470500,-0.634691,2026-07-21,1417.000000,58.024925,0.096128,66052.230000,65960.940000
29744977,2026-07-22T05:37,65984.080000,0.575500,-0.803623,2026-07-21,300.000000,1.749758,0.441182,65992.820000,65971.840000
29744978,2026-07-22T05:38,65969.140000,0.292100,-0.201820,2026-07-21,303.000000,3.700524,0.101041,65986.220000,65969.140000
29744979,2026-07-22T05:39,65970.710000,-0.377900,-0.802785,2026-07-21,294.000000,0.782760,0.482823,65973.960000,65955.990000
29744980,2026-07-22T05:40,65949.010000,0.366900,-0.034521,2026-07-21,309.000000,1.843170,0.215208,65970.250000,65937.330000
29744981,2026-07-22T05:41,65955.040000,0.337000,-0.569585,2026-07-21,289.000000,3.179033,0.771594,65974.610000,65940.660000
29744982,2026-07-22T05:42,65940.670000,0.388200,0.543633,2026-07-21,261.000000,1.716703,0.363610,65960.000000,65936.150000
29744983,2026-07-22T05:43,65930.860000,0.314200,-0.275163,2026-07-21,408.000000,5.176953,0.469278,65944.510000,65928.100000
29744984,2026-07-22T05:44,65937.330000,-0.033500,-0.061410,2026-07-21,307.000000,1.288165,0.515625,65960.170000,65928.110000
29744985,2026-07-22T05:45,65934.010000,0.078700,-0.364485,2026-07-21,329.000000,7.483186,0.057840,65957.020000,65932.510000
29744986,2026-07-22T05:46,65986.210000,0.550300,-0.870431,2026-07-21,440.000000,2.675639,0.494655,65986.220000,65905.750000
29744987,2026-07-22T05:47,65970.640000,0.288400,-0.075644,2026-07-21,592.000000,2.202468,0.245425,65986.220000,65958.590000
29744988,2026-07-22T05:48,65918.520000,0.586200,-0.487814,2026-07-21,414.000000,8.080603,0.085932,65970.640000,65908.540000
29744989,2026-07-22T05:49,65940.650000,0.547800,-0.830406,2026-07-21,334.000000,4.814942,0.168001,65940.650000,65893.450000
29744990,2026-07-22T05:50,65957.300000,0.555400,-0.656246,2026-07-21,222.000000,0.837888,0.664568,65957.310000,65937.330000
29744991,2026-07-22T05:51,65961.920000,0.477300,0.345826,2026-07-21,209.000000,0.644147,0.638383,65973.310000,65957.300000
29744992,2026-07-22T05:52,65957.760000,0.233800,0.264596,2026-07-21,586.000000,1.289798,0.382593,65985.020000,65957.750000
29744993,2026-07-22T05:53,65946.200000,0.466000,-0.245315,2026-07-21,718.000000,6.127597,0.905378,65959.580000,65920.680000
29744994,2026-07-22T05:54,65922.400000,0.161400,0.797679,2026-07-21,646.000000,1.707899,0.464842,65957.310000,65922.400000
29744995,2026-07-22T05:55,65922.400000,0.370000,-0.045410,2026-07-21,514.000000,0.990366,0.734468,65937.330000,65922.400000
29744996,2026-07-22T05:56,65934.230000,0.337700,0.467185,2026-07-21,545.000000,4.092251,0.350149,65938.440000,65909.000000
29744997,2026-07-22T05:57,65937.990000,0.018500,-0.297042,2026-07-21,393.000000,2.637624,0.162928,65947.320000,65919.000000
29744998,2026-07-22T05:58,65940.670000,0.316200,-0.678930,2026-07-21,216.000000,0.313790,0.576478,65949.000000,65937.330000
29744999,2026-07-22T05:59,65937.330000,0.623800,0.167779,2026-07-21,248.000000,0.493359,0.072844,65940.670000,65920.680000
29745000,2026-07-22T06:00,65971.640000,0.485300,-0.876424,2026-07-21,493.000000,1.738668,0.660115,65983.950000,65936.010000
29745001,2026-07-22T06:01,65950.640000,0.300500,0.320315,2026-07-21,592.000000,0.961911,0.547243,65971.640000,65941.510000
29745002,2026-07-22T06:02,65940.650000,0.553100,0.094251,2026-07-21,299.000000,1.280028,0.563087,65950.640000,65910.690000
29745003,2026-07-22T06:03,65960.290000,0.164100,0.126174,2026-07-21,616.000000,3.270331,0.731519,65985.220000,65939.340000
29745004,2026-07-22T06:04,65942.010000,0.300200,0.463038,2026-07-21,605.000000,3.545578,0.235500,65965.240000,65940.000000
29745005,2026-07-22T06:05,65917.510000,0.019600,-0.530047,2026-07-21,555.000000,1.723847,0.399762,65947.510000,65917.500000
29745006,2026-07-22T06:06,65915.490000,0.041700,-0.070838,2026-07-21,510.000000,6.611588,0.820672,65933.990000,65904.030000
29745007,2026-07-22T06:07,65885.990000,-0.034800,0.630051,2026-07-21,317.000000,3.538269,0.606502,65907.370000,65878.100000
29745008,2026-07-22T06:08,65871.390000,0.064900,0.213004,2026-07-21,311.000000,2.811465,0.791568,65887.380000,65871.380000
29745009,2026-07-22T06:09,65875.990000,0.173800,0.583137,2026-07-21,312.000000,2.628708,0.749465,65887.380000,65871.380000
29745010,2026-07-22T06:10,65843.990000,0.539500,0.499001,2026-07-21,346.000000,6.707854,0.315380,65876.000000,65837.430000
29745011,2026-07-22T06:11,65917.170000,-0.184700,-0.369249,2026-07-21,549.000000,8.481944,0.871146,65924.010000,65837.430000
29745012,2026-07-22T06:12,65930.670000,0.238500,0.742611,2026-07-21,633.000000,4.485359,0.263758,65950.490000,65894.040000
29745013,2026-07-22T06:13,65923.480000,-0.284300,-0.476209,2026-07-21,446.000000,1.418321,0.625408,65937.330000,65914.020000
29745014,2026-07-22T06:14,65941.290000,0.551600,0.252074,2026-07-21,456.000000,1.268091,0.748870,65947.320000,65910.000000
29745015,2026-07-22T06:15,65901.820000,-0.225600,0.236387,2026-07-21,580.000000,4.068859,0.731189,65941.300000,65897.440000
29745016,2026-07-22T06:16,65880.730000,-0.358100,0.565691,2026-07-21,338.000000,0.617907,0.464246,65901.820000,65877.390000
29745017,2026-07-22T06:17,65875.790000,-0.391600,-0.138409,2026-07-21,250.000000,1.931228,0.465309,65894.040000,65875.790000
29745018,2026-07-22T06:18,65890.830000,0.406700,-0.050309,2026-07-21,431.000000,2.007515,0.411239,65899.990000,65875.790000
29745019,2026-07-22T06:19,65881.010000,0.063600,-0.174672,2026-07-21,467.000000,8.670847,0.746433,65896.920000,65860.000000
29745020,2026-07-22T06:20,65834.790000,0.232300,0.492866,2026-07-21,404.000000,7.009233,0.237886,65881.010000,65805.580000
29745021,2026-07-22T06:21,65858.070000,0.232600,-0.520789,2026-07-21,744.000000,11.552649,0.647915,65879.990000,65814.510000
29745022,2026-07-22T06:22,65826.710000,-0.401300,0.287218,2026-07-21,738.000000,9.546748,0.449919,65858.070000,65802.000000
29745023,2026-07-22T06:23,65845.740000,0.082600,-0.087083,2026-07-21,489.000000,1.149007,0.302649,65845.730000,65825.000000
29745024,2026-07-22T06:24,65834.900000,0.069500,-0.468038,2026-07-21,622.000000,1.619046,0.290502,65845.730000,65821.840000
29745025,2026-07-22T06:25,65833.320000,0.017500,-0.418995,2026-07-21,679.000000,3.199495,0.634716,65841.470000,65815.670000
29745026,2026-07-22T06:26,65795.140000,0.142100,0.198232,2026-07-21,415.000000,8.457645,0.030033,65833.320000,65795.000000
29745027,2026-07-22T06:27,65793.990000,0.510700,-0.938538,2026-07-21,262.000000,0.831167,0.356867,65804.130000,65791.760000
29745028,2026-07-22T06:28,65819.460000,0.534100,-0.232370,2026-07-21,274.000000,1.713848,0.248113,65836.480000,65793.990000
29745029,2026-07-22T06:29,65810.800000,0.550900,-0.535002,2026-07-21,218.000000,0.519670,0.204672,65820.780000,65804.130000
29745030,2026-07-22T06:30,65797.460000,0.503700,-0.597469,2026-07-21,278.000000,1.205049,0.279334,65817.440000,65786.000000
29745031,2026-07-22T06:31,65834.830000,0.616000,-0.641591,2026-07-21,602.000000,2.511611,0.523201,65844.000000,65794.250000
29745032,2026-07-22T06:32,65891.330000,0.714900,0.458825,2026-07-21,557.000000,2.018751,0.590846,65895.030000,65834.830000
29745033,2026-07-22T06:33,65880.010000,0.231000,0.137245,2026-07-21,445.000000,1.872234,0.634059,65900.000000,65869.120000
29745034,2026-07-22T06:34,65894.040000,0.189400,0.268119,2026-07-21,460.000000,0.913587,0.408559,65911.930000,65880.010000
29745035,2026-07-22T06:35,65897.640000,0.140100,-0.046511,2026-07-21,420.000000,2.493377,0.475645,65935.600000,65894.040000
29745036,2026-07-22T06:36,65937.330000,0.609300,-0.101753,2026-07-21,144.000000,0.318528,0.400883,65940.650000,65897.640000
29745037,2026-07-22T06:37,65937.330000,0.609300,-0.198235,2026-07-21,,,,,
29745038,2026-07-22T06:38,65905.510000,0.249100,0.000000,2026-07-21,921.000000,2.922123,0.317492,65953.910000,65904.030000
29745039,2026-07-22T06:39,65917.350000,0.759000,-0.364847,2026-07-21,244.000000,1.994884,0.126569,65920.460000,65897.370000
29745040,2026-07-22T06:40,65898.010000,-0.167200,-0.747177,2026-07-21,300.000000,1.838244,0.472905,65927.330000,65894.040000
29745041,2026-07-22T06:41,65914.010000,0.386900,-0.054190,2026-07-21,232.000000,1.079767,0.275886,65914.020000,65897.370000
29745042,2026-07-22T06:42,65906.020000,0.351500,-0.456631,2026-07-21,202.000000,1.093841,0.523927,65914.020000,65902.600000
29745043,2026-07-22T06:43,65918.960000,0.698100,0.076997,2026-07-21,281.000000,3.863893,0.079999,65918.960000,65900.000000
29745044,2026-07-22T06:44,65906.010000,0.195900,-0.847177,2026-07-21,438.000000,23.534934,0.922906,65961.880000,65904.210000
29745045,2026-07-22T06:45,65900.700000,0.282600,0.802148,2026-07-21,467.000000,4.659193,0.175904,65907.360000,65884.050000
29745046,2026-07-22T06:46,65894.040000,0.031900,-0.708502,2026-07-21,292.000000,0.965902,0.106118,65901.980000,65892.610000
29745047,2026-07-22T06:47,65865.490000,0.329800,-0.797306,2026-07-21,238.000000,1.309246,0.352723,65893.020000,65854.080000
29745048,2026-07-22T06:48,65874.050000,0.572000,-0.294551,2026-07-21,180.000000,0.539679,0.253458,65874.050000,65864.750000
29745049,2026-07-22T06:49,65882.650000,0.443700,-0.493084,2026-07-21,256.000000,5.618909,0.051580,65883.970000,65861.100000
29745050,2026-07-22T06:50,65887.380000,0.554400,-0.896840,2026-07-21,231.000000,2.115982,0.775416,65892.850000,65877.380000
29745051,2026-07-22T06:51,65905.330000,0.391100,0.550043,2026-07-21,244.000000,1.006806,0.224225,65911.310000,65887.370000
29745052,2026-07-22T06:52,65911.510000,-0.273800,-0.551069,2026-07-21,352.000000,0.655848,0.463242,65922.140000,65905.330000
29745053,2026-07-22T06:53,65891.290000,0.090900,-0.073517,2026-07-21,308.000000,1.865292,0.138141,65911.520000,65877.380000
29745054,2026-07-22T06:54,65887.390000,-0.080400,-0.723831,2026-07-21,219.000000,0.759291,0.203958,65896.240000,65887.380000
29745055,2026-07-22T06:55,65876.450000,-0.420900,-0.591670,2026-07-21,244.000000,4.221200,0.062462,65892.030000,65876.440000
29745056,2026-07-22T06:56,65892.770000,0.145900,-0.875075,2026-07-21,201.000000,0.739623,0.743397,65892.780000,65873.680000
29745057,2026-07-22T06:57,65884.050000,-0.233400,0.486793,2026-07-21,153.000000,0.241182,0.556331,65892.780000,65884.050000
29745058,2026-07-22T06:58,65880.920000,0.031200,0.112664,2026-07-21,172.000000,0.619145,0.551720,65884.060000,65874.060000
29745059,2026-07-22T06:59,65891.270000,0.132200,0.103441,2026-07-21,155.000000,0.066215,0.742989,65891.280000,65880.910000
