minute_epoch,minute_utc,close,book_imb,ofi,day,trades,volume,buy_share,high,low
29736420,2026-07-16T07:00,64697.510000,0.236400,0.000000,2026-07-16,243.000000,1.586753,0.741401,64725.920000,64682.980000
29736421,2026-07-16T07:01,64704.740000,0.317700,0.482802,2026-07-16,138.000000,0.152986,0.458560,64704.750000,64692.650000
29736422,2026-07-16T07:02,64717.980000,0.425100,-0.082881,2026-07-16,145.000000,0.229091,0.761952,64717.980000,64702.410000
29736423,2026-07-16T07:03,64697.490000,0.050000,0.526726,2026-07-16,257.000000,0.681954,0.250864,64724.120000,64698.600000
29736424,2026-07-16T07:04,64708.380000,-0.215800,-0.487209,2026-07-16,171.000000,0.095808,0.470651,64716.840000,64699.440000
29736425,2026-07-16T07:05,64668.460000,-0.373600,-0.693296,2026-07-16,251.000000,0.534632,0.439073,64708.390000,64668.450000
29736426,2026-07-16T07:06,64657.880000,-0.259300,0.268849,2026-07-16,218.000000,0.307056,0.606168,64675.700000,64657.880000
29736427,2026-07-16T07:07,64635.990000,-0.636900,0.210451,2026-07-16,211.000000,1.039896,0.076965,64657.890000,64635.980000
29736428,2026-07-16T07:08,64623.420000,-0.597100,-0.846070,2026-07-16,209.000000,2.166232,0.654838,64639.420000,64620.350000
29736429,2026-07-16T07:09,64628.510000,0.539200,0.313384,2026-07-16,328.000000,3.489714,0.658724,64630.540000,64609.010000
29736430,2026-07-16T07:10,64637.120000,-0.108400,0.342333,2026-07-16,191.000000,2.879146,0.552868,64645.980000,64624.890000
29736431,2026-07-16T07:11,64651.440000,0.097500,0.060058,2026-07-16,205.000000,1.802448,0.983913,64651.680000,64637.120000
29736432,2026-07-16T07:12,64648.260000,0.058100,0.946739,2026-07-16,219.000000,1.156439,0.888777,64651.440000,64640.910000
29736433,2026-07-16T07:13,64606.740000,-0.411500,0.807913,2026-07-16,243.000000,6.291789,0.006666,64648.260000,64606.740000
29736434,2026-07-16T07:14,64598.980000,-0.373500,-0.986516,2026-07-16,233.000000,2.698182,0.946880,64606.740000,64592.050000
29736435,2026-07-16T07:15,64549.390000,-0.247800,0.914479,2026-07-16,411.000000,8.389599,0.517762,64603.770000,64535.390000
29736436,2026-07-16T07:16,64555.920000,0.415100,0.036198,2026-07-16,313.000000,2.809123,0.977946,64557.340000,64545.030000
29736437,2026-07-16T07:17,64563.150000,-0.398100,0.953567,2026-07-16,258.000000,1.822131,0.929110,64577.700000,64555.910000
29736438,2026-07-16T07:18,64526.010000,-0.202200,0.862076,2026-07-16,506.000000,12.915918,0.460578,64566.570000,64504.310000
29736439,2026-07-16T07:19,64526.010000,-0.106200,-0.079703,2026-07-16,224.000000,3.089270,0.855366,64549.240000,64526.000000
29736440,2026-07-16T07:20,64541.130000,0.253700,0.710861,2026-07-16,270.000000,2.303005,0.716668,64557.370000,64526.000000
29736441,2026-07-16T07:21,64546.930000,0.337300,0.432997,2026-07-16,165.000000,1.394974,0.979561,64546.940000,64531.630000
29736442,2026-07-16T07:22,64548.760000,-0.485500,0.959122,2026-07-16,204.000000,0.880454,0.915491,64555.990000,64546.930000
29736443,2026-07-16T07:23,64547.020000,-0.651900,0.830982,2026-07-16,188.000000,1.700835,0.832492,64560.010000,64544.780000
29736444,2026-07-16T07:24,64519.240000,-0.231200,0.664984,2026-07-16,300.000000,8.419269,0.391815,64544.790000,64493.440000
29736445,2026-07-16T07:25,64520.010000,-0.264800,-0.008508,2026-07-16,206.000000,3.350277,0.741159,64547.920000,64519.240000
29736446,2026-07-16T07:26,64479.310000,-0.375500,-0.398440,2026-07-16,231.000000,0.805745,0.078282,64520.000000,64482.300000
29736447,2026-07-16T07:27,64479.990000,-0.505900,-0.713487,2026-07-16,198.000000,2.932391,0.690204,64482.300000,64467.570000
29736448,2026-07-16T07:28,64460.580000,-0.570900,0.380389,2026-07-16,262.000000,3.220783,0.832256,64480.000000,64454.660000
29736449,2026-07-16T07:29,64445.010000,-0.302000,0.664084,2026-07-16,206.000000,2.060093,0.551081,64460.590000,64441.910000
29736450,2026-07-16T07:30,64446.010000,-0.055600,0.102611,2026-07-16,250.000000,3.915344,0.833795,64456.100000,64443.130000
29736451,2026-07-16T07:31,64405.260000,-0.144600,0.667590,2026-07-16,267.000000,3.400182,0.304543,64451.450000,64405.260000
29736452,2026-07-16T07:32,64400.710000,0.297400,-0.390914,2026-07-16,261.000000,3.616301,0.791956,64411.710000,64400.000000
29736453,2026-07-16T07:33,64398.710000,-0.313800,0.583912,2026-07-16,361.000000,4.085705,0.640943,64409.540000,64385.000000
29736454,2026-07-16T07:34,64409.990000,-0.727400,0.281887,2026-07-16,359.000000,6.569935,0.973317,64411.700000,64385.000000
29736455,2026-07-16T07:35,64350.010000,0.033500,0.946634,2026-07-16,311.000000,8.790366,0.381010,64421.000000,64345.700000
29736456,2026-07-16T07:36,64265.100000,-0.316300,-0.127543,2026-07-16,1155.000000,41.937398,0.691951,64349.700000,64235.010000
29736457,2026-07-16T07:37,64245.810000,0.358500,0.369938,2026-07-16,718.000000,10.676499,0.576748,64265.090000,64200.220000
29736458,2026-07-16T07:38,64227.740000,-0.310900,0.180862,2026-07-16,577.000000,9.156573,0.763480,64249.650000,64219.580000
29736459,2026-07-16T07:39,64207.240000,-0.101100,0.472529,2026-07-16,496.000000,8.702283,0.529901,64227.740000,64183.500000
29736460,2026-07-16T07:40,64168.330000,-0.059500,0.095768,2026-07-16,773.000000,17.247873,0.683252,64207.250000,64144.030000
29736461,2026-07-16T07:41,64156.960000,0.433400,0.366641,2026-07-16,415.000000,5.742677,0.569924,64209.420000,64163.630000
29736462,2026-07-16T07:42,64168.380000,0.041100,0.215731,2026-07-16,611.000000,8.806419,0.861005,64186.560000,64152.540000
29736463,2026-07-16T07:43,64157.990000,0.310600,0.703136,2026-07-16,273.000000,6.873113,0.629059,64198.010000,64143.690000
29736464,2026-07-16T07:44,64171.670000,-0.504200,0.258372,2026-07-16,307.000000,5.300435,0.563868,64204.490000,64158.000000
29736465,2026-07-16T07:45,64195.290000,0.175500,0.127375,2026-07-16,545.000000,6.581339,0.697012,64198.860000,64150.000000
29736466,2026-07-16T07:46,64211.990000,0.118200,0.394025,2026-07-16,275.000000,5.150702,0.870408,64212.000000,64186.430000
29736467,2026-07-16T07:47,64188.770000,-0.526300,0.751643,2026-07-16,202.000000,3.486695,0.710979,64225.320000,64188.770000
29736468,2026-07-16T07:48,64205.850000,-0.563400,0.397516,2026-07-16,351.000000,4.331039,0.700491,64209.990000,64188.780000
29736469,2026-07-16T07:49,64176.440000,-0.460900,0.389261,2026-07-16,334.000000,4.038936,0.569785,64210.080000,64176.440000
29736470,2026-07-16T07:50,64095.900000,-0.438900,0.139570,2026-07-16,518.000000,15.444531,0.278816,64176.440000,64087.500000
29736471,2026-07-16T07:51,64126.830000,-0.212700,-0.441784,2026-07-16,581.000000,10.495705,0.705867,64138.770000,64095.900000
29736472,2026-07-16T07:52,64115.010000,0.055100,0.411887,2026-07-16,179.000000,0.860630,0.136221,64139.990000,64109.580000
29736473,2026-07-16T07:53,64056.010000,-0.679700,-0.745819,2026-07-16,650.000000,13.090373,0.265664,64115.010000,64030.410000
29736474,2026-07-16T07:54,64059.990000,-0.279100,-0.468491,2026-07-16,334.000000,7.857743,0.714306,64088.020000,64053.460000
29736475,2026-07-16T07:55,64071.690000,0.159300,0.428494,2026-07-16,144.000000,4.659736,0.683412,64072.780000,64060.540000
29736476,2026-07-16T07:56,64126.790000,-0.003200,0.375972,2026-07-16,522.000000,13.222884,0.697160,64136.080000,64071.690000
29736477,2026-07-16T07:57,64139.560000,0.120200,0.352237,2026-07-16,338.000000,9.423180,0.688389,64142.620000,64122.220000
29736478,2026-07-16T07:58,64180.920000,-0.282500,0.548798,2026-07-16,631.000000,22.840197,0.736345,64199.410000,64139.560000
29736479,2026-07-16T07:59,64172.630000,-0.385400,0.413867,2026-07-16,445.000000,7.928563,0.728967,64191.050000,64172.640000
29736480,2026-07-16T08:00,64189.480000,-0.132400,0.474711,2026-07-16,597.000000,11.961517,0.593546,64193.300000,64156.220000
29736481,2026-07-16T08:01,64181.820000,0.174600,0.169499,2026-07-16,270.000000,2.880559,0.715123,64192.650000,64172.140000
29736482,2026-07-16T08:02,64188.820000,0.221800,0.429717,2026-07-16,362.000000,7.518255,0.587259,64197.460000,64167.100000
29736483,2026-07-16T08:03,64120.900000,-0.411100,0.174685,2026-07-16,308.000000,6.552344,0.432561,64188.820000,64113.760000
29736484,2026-07-16T08:04,64144.960000,-0.299600,-0.134877,2026-07-16,478.000000,13.251907,0.541105,64144.970000,64081.700000
29736485,2026-07-16T08:05,64130.440000,0.371300,0.151246,2026-07-16,267.000000,4.944704,0.873514,64149.350000,64122.100000
29736486,2026-07-16T08:06,64126.260000,-0.129100,0.684609,2026-07-16,307.000000,10.480728,0.421017,64150.100000,64111.020000
29736487,2026-07-16T08:07,64081.690000,-0.266100,-0.169002,2026-07-16,312.000000,9.806150,0.530667,64142.210000,64081.690000
29736488,2026-07-16T08:08,64076.230000,-0.323300,0.052347,2026-07-16,317.000000,4.265302,0.776422,64107.370000,64076.220000
29736489,2026-07-16T08:09,64088.730000,0.294400,0.584733,2026-07-16,455.000000,10.260854,0.642415,64102.550000,64067.880000
29736490,2026-07-16T08:10,64024.180000,-0.512900,0.284272,2026-07-16,1192.000000,53.981815,0.238711,64088.720000,63912.080000
29736491,2026-07-16T08:11,64047.990000,0.144900,-0.523002,2026-07-16,577.000000,15.530567,0.849899,64061.970000,64000.880000
29736492,2026-07-16T08:12,63989.990000,0.119900,0.705074,2026-07-16,376.000000,6.670572,0.651953,64052.750000,63989.990000
29736493,2026-07-16T08:13,63961.510000,0.157400,0.296751,2026-07-16,445.000000,9.959368,0.525358,64011.710000,63942.780000
29736494,2026-07-16T08:14,63893.430000,0.083400,0.054569,2026-07-16,839.000000,24.520561,0.219883,63961.520000,63888.000000
29736495,2026-07-16T08:15,63852.240000,0.088600,-0.552004,2026-07-16,651.000000,10.224720,0.512441,63906.000000,63846.870000
29736496,2026-07-16T08:16,63872.680000,0.140400,-0.014287,2026-07-16,619.000000,14.640432,0.365743,63888.560000,63827.420000
29736497,2026-07-16T08:17,63931.900000,0.601700,-0.254437,2026-07-16,530.000000,11.896226,0.466574,63932.860000,63846.880000
29736498,2026-07-16T08:18,63937.630000,0.138000,-0.067887,2026-07-16,287.000000,4.472032,0.532403,63953.710000,63917.770000
29736499,2026-07-16T08:19,63884.400000,0.299500,0.049260,2026-07-16,437.000000,7.504984,0.561781,63938.320000,63884.400000
29736500,2026-07-16T08:20,63923.070000,0.564400,0.135275,2026-07-16,470.000000,9.718336,0.573946,63926.100000,63867.720000
29736501,2026-07-16T08:21,63955.570000,0.287700,0.147925,2026-07-16,305.000000,2.023127,0.713277,63955.580000,63920.310000
29736502,2026-07-16T08:22,63963.620000,0.149700,0.403055,2026-07-16,518.000000,12.776263,0.847927,63966.130000,63926.100000
29736503,2026-07-16T08:23,63993.960000,-0.217500,0.700353,2026-07-16,316.000000,2.951299,0.618243,64000.170000,63956.000000
29736504,2026-07-16T08:24,63988.650000,0.268700,0.236335,2026-07-16,365.000000,5.769106,0.687391,64016.580000,63988.660000
29736505,2026-07-16T08:25,63996.080000,0.249300,0.375032,2026-07-16,275.000000,2.582180,0.578828,64016.160000,63969.300000
29736506,2026-07-16T08:26,64028.760000,-0.304400,0.156962,2026-07-16,221.000000,1.994506,0.652819,64028.760000,63998.900000
29736507,2026-07-16T08:27,64055.600000,0.137900,0.289473,2026-07-16,392.000000,8.599811,0.840128,64070.530000,64028.760000
29736508,2026-07-16T08:28,64088.020000,-0.566300,0.685154,2026-07-16,304.000000,3.809145,0.653809,64113.110000,64054.000000
29736509,2026-07-16T08:29,64099.310000,-0.257300,0.287321,2026-07-16,462.000000,9.847291,0.769712,64113.030000,64059.540000
29736510,2026-07-16T08:30,64113.490000,-0.217000,0.548866,2026-07-16,229.000000,2.887124,0.550427,64115.910000,64071.270000
29736511,2026-07-16T08:31,64146.010000,0.036300,0.432482,2026-07-16,369.000000,4.848654,0.757888,64170.410000,64115.900000
29736512,2026-07-16T08:32,64112.210000,-0.705900,0.257384,2026-07-16,159.000000,1.028268,0.343040,64147.100000,64112.200000
29736513,2026-07-16T08:33,64142.830000,-0.182600,-0.309096,2026-07-16,168.000000,3.105980,0.762250,64151.050000,64112.200000
29736514,2026-07-16T08:34,64135.600000,0.126900,0.524768,2026-07-16,148.000000,1.606640,0.724149,64155.110000,64135.590000
29736515,2026-07-16T08:35,64177.980000,-0.126400,0.446390,2026-07-16,315.000000,6.731604,0.808194,64180.380000,64126.270000
29736516,2026-07-16T08:36,64224.480000,0.381000,0.616388,2026-07-16,194.000000,2.141877,0.583263,64224.480000,64167.220000
29736517,2026-07-16T08:37,64280.540000,0.258600,0.207185,2026-07-16,521.000000,17.457427,0.646681,64283.240000,64223.310000
29736518,2026-07-16T08:38,64258.900000,0.348100,0.282857,2026-07-16,391.000000,7.840879,0.666576,64308.710000,64255.540000
29736519,2026-07-16T08:39,64263.880000,-0.618300,0.347195,2026-07-16,139.000000,0.518538,0.583783,64283.990000,64260.510000
29736520,2026-07-16T08:40,64264.850000,-0.045000,0.168749,2026-07-16,175.000000,1.411894,0.975784,64265.000000,64256.140000
29736521,2026-07-16T08:41,64255.510000,-0.393700,0.951578,2026-07-16,194.000000,0.824255,0.261941,64275.720000,64251.440000
29736522,2026-07-16T08:42,64217.990000,-0.273600,-0.367877,2026-07-16,227.000000,1.506732,0.184377,64255.520000,64209.660000
29736523,2026-07-16T08:43,64176.880000,-0.189400,-0.701386,2026-07-16,258.000000,2.475343,0.351005,64218.000000,64172.130000
29736524,2026-07-16T08:44,64084.740000,-0.187400,-0.300166,2026-07-16,640.000000,30.687755,0.369042,64176.880000,64078.220000
29736525,2026-07-16T08:45,64081.420000,-0.496200,-0.261914,2026-07-16,410.000000,8.451599,0.748390,64118.840000,64063.080000
29736526,2026-07-16T08:46,64122.960000,-0.276600,0.496807,2026-07-16,144.000000,0.721419,0.804165,64133.480000,64081.410000
29736527,2026-07-16T08:47,64146.790000,0.187200,0.621521,2026-07-16,262.000000,1.866537,0.578391,64162.460000,64122.960000
29736528,2026-07-16T08:48,64151.650000,0.367700,0.120759,2026-07-16,251.000000,1.033419,0.347264,64152.450000,64117.920000
29736529,2026-07-16T08:49,64113.990000,0.028900,-0.277694,2026-07-16,214.000000,0.904272,0.710449,64152.450000,64112.480000
29736530,2026-07-16T08:50,64082.930000,-0.057600,0.420899,2026-07-16,215.000000,1.353006,0.381853,64109.600000,64063.740000
29736531,2026-07-16T08:51,64070.010000,0.070000,-0.236294,2026-07-16,269.000000,3.093304,0.843166,64092.430000,64064.070000
29736532,2026-07-16T08:52,64058.810000,-0.104500,0.686332,2026-07-16,120.000000,0.215013,0.718112,64076.000000,64055.370000
29736533,2026-07-16T08:53,64049.150000,-0.129600,0.435632,2026-07-16,274.000000,2.078705,0.847531,64060.610000,64042.860000
29736534,2026-07-16T08:54,64024.020000,-0.524300,0.695592,2026-07-16,271.000000,1.802425,0.143773,64053.730000,64024.020000
29736535,2026-07-16T08:55,64042.850000,0.175400,-0.707448,2026-07-16,184.000000,1.416249,0.353366,64042.860000,64024.030000
29736536,2026-07-16T08:56,64034.510000,0.287300,-0.300991,2026-07-16,257.000000,3.813058,0.347607,64042.850000,64004.700000
29736537,2026-07-16T08:57,64013.380000,0.115700,-0.304786,2026-07-16,265.000000,1.999411,0.144398,64053.050000,64013.370000
29736538,2026-07-16T08:58,64057.880000,0.024200,-0.701236,2026-07-16,205.000000,0.471583,0.349370,64062.960000,64013.370000
29736539,2026-07-16T08:59,64067.880000,0.103900,-0.224481,2026-07-16,149.000000,0.564736,0.665771,64074.150000,64055.650000
29736540,2026-07-16T09:00,64119.190000,0.110600,0.297290,2026-07-16,307.000000,3.286450,0.524378,64126.250000,64067.880000
29736541,2026-07-16T09:01,64070.010000,-0.567400,0.044757,2026-07-16,211.000000,0.761632,0.365229,64117.500000,64070.000000
29736542,2026-07-16T09:02,64093.010000,-0.518200,-0.269542,2026-07-16,218.000000,1.970396,0.873959,64098.210000,64070.010000
29736543,2026-07-16T09:03,64104.460000,0.435900,0.747918,2026-07-16,229.000000,0.921674,0.208437,64109.260000,64082.790000
29736544,2026-07-16T09:04,64076.740000,0.020800,-0.583125,2026-07-16,248.000000,0.875776,0.693998,64105.810000,64076.740000
29736545,2026-07-16T09:05,64084.570000,-0.615800,0.387997,2026-07-16,270.000000,1.615419,0.373992,64105.400000,64084.560000
29736546,2026-07-16T09:06,64080.540000,-0.105600,-0.252016,2026-07-16,256.000000,1.614990,0.168839,64097.710000,64076.750000
29736547,2026-07-16T09:07,64049.680000,-0.129500,-0.662323,2026-07-16,304.000000,1.875705,0.709177,64080.540000,64047.030000
29736548,2026-07-16T09:08,64054.270000,0.160700,0.418354,2026-07-16,288.000000,2.385962,0.533799,64059.220000,64045.330000
29736549,2026-07-16T09:09,64080.330000,0.135600,0.109143,2026-07-16,254.000000,0.672313,0.545604,64080.340000,64054.280000
29736550,2026-07-16T09:10,64089.680000,0.178200,-0.087376,2026-07-16,225.000000,0.738016,0.164992,64100.000000,64078.670000
29736551,2026-07-16T09:11,64097.990000,0.104800,-0.671944,2026-07-16,185.000000,1.405804,0.952515,64100.690000,64089.670000
29736552,2026-07-16T09:12,64101.240000,-0.147800,0.935119,2026-07-16,263.000000,2.913699,0.235191,64115.500000,64097.980000
29736553,2026-07-16T09:13,64085.010000,-0.016300,-0.970549,2026-07-16,253.000000,2.337267,0.326088,64113.600000,64085.000000
29736554,2026-07-16T09:14,64057.190000,-0.058500,-0.347735,2026-07-16,335.000000,4.638043,0.301408,64092.580000,64055.390000
29736555,2026-07-16T09:15,64080.380000,0.480900,-0.379321,2026-07-16,213.000000,0.635326,0.758452,64080.390000,64057.260000
29736556,2026-07-16T09:16,64072.180000,-0.007600,0.466321,2026-07-16,200.000000,0.176168,0.082470,64090.080000,64072.050000
29736557,2026-07-16T09:17,64085.540000,0.075100,-0.557144,2026-07-16,190.000000,0.118436,0.970860,64085.560000,64072.170000
29736558,2026-07-16T09:18,64063.710000,-0.635900,0.920650,2026-07-16,219.000000,0.728651,0.082994,64085.550000,64063.710000
29736559,2026-07-16T09:19,64060.010000,-0.280000,-0.838570,2026-07-16,267.000000,1.071329,0.342057,64063.710000,64042.870000
29736560,2026-07-16T09:20,64073.400000,-0.354700,-0.302492,2026-07-16,240.000000,0.830797,0.903322,64074.000000,64053.990000
29736561,2026-07-16T09:21,64055.380000,-0.444900,0.806678,2026-07-16,225.000000,0.354953,0.455923,64084.070000,64055.370000
29736562,2026-07-16T09:22,64038.900000,-0.283900,-0.042922,2026-07-16,260.000000,2.673525,0.349898,64066.000000,64038.890000
29736563,2026-07-16T09:23,64030.900000,-0.203400,-0.307733,2026-07-16,216.000000,1.287074,0.931761,64038.900000,64030.900000
29736564,2026-07-16T09:24,64013.730000,0.108400,0.863507,2026-07-16,262.000000,0.966131,0.407486,64030.910000,63999.000000
29736565,2026-07-16T09:25,64019.260000,-0.210000,-0.101160,2026-07-16,200.000000,0.145884,0.926279,64020.560000,64013.720000
29736566,2026-07-16T09:26,64045.990000,-0.027700,0.702501,2026-07-16,249.000000,0.711665,0.953039,64046.000000,64019.260000
29736567,2026-07-16T09:27,64007.760000,-0.232900,0.906077,2026-07-16,165.000000,0.661594,0.046971,64049.060000,64007.760000
29736568,2026-07-16T09:28,63999.900000,-0.368900,-0.905613,2026-07-16,180.000000,0.205698,0.513687,64007.770000,63999.900000
29736569,2026-07-16T09:29,63979.900000,-0.016600,0.026641,2026-07-16,388.000000,5.076059,0.290152,64006.940000,63963.680000
29736570,2026-07-16T09:30,64021.830000,-0.335800,-0.401360,2026-07-16,285.000000,1.602437,0.206886,64024.000000,63959.460000
29736571,2026-07-16T09:31,64046.690000,-0.060400,-0.655081,2026-07-16,226.000000,1.200368,0.272660,64046.700000,64008.640000
29736572,2026-07-16T09:32,64047.040000,0.100800,-0.454154,2026-07-16,200.000000,0.356706,0.630668,64059.980000,64040.240000
29736573,2026-07-16T09:33,64025.870000,0.061600,0.261337,2026-07-16,242.000000,3.852277,0.711059,64053.690000,64010.970000
29736574,2026-07-16T09:34,64035.990000,-0.040100,0.421211,2026-07-16,190.000000,0.225849,0.481956,64040.000000,64025.860000
29736575,2026-07-16T09:35,64055.150000,0.436600,-0.025498,2026-07-16,180.000000,0.083841,0.980683,64054.990000,64037.270000
29736576,2026-07-16T09:36,64038.690000,0.355100,0.961363,2026-07-16,141.000000,0.527849,0.226784,64062.000000,64038.690000
29736577,2026-07-16T09:37,64035.820000,0.280500,-0.546431,2026-07-16,201.000000,0.196360,0.653801,64046.810000,64035.810000
29736578,2026-07-16T09:38,64035.820000,0.370100,0.307601,2026-07-16,186.000000,0.251646,0.705866,64047.510000,64035.810000
29736579,2026-07-16T09:39,64009.510000,-0.136500,0.419420,2026-07-16,230.000000,0.388200,0.156284,64042.560000,64009.510000
29736580,2026-07-16T09:40,64033.320000,0.244700,-0.702594,2026-07-16,156.000000,0.299187,0.668339,64033.320000,64009.510000
29736581,2026-07-16T09:41,64036.380000,0.361600,0.336677,2026-07-16,192.000000,0.334887,0.241846,64043.090000,64033.310000
29736582,2026-07-16T09:42,64043.120000,0.486100,-0.515176,2026-07-16,134.000000,0.123420,0.997452,64043.110000,64036.380000
29736583,2026-07-16T09:43,64054.650000,-0.257900,0.994889,2026-07-16,219.000000,0.803448,0.098008,64065.870000,64043.110000
29736584,2026-07-16T09:44,64047.240000,-0.009700,-0.804019,2026-07-16,150.000000,0.852495,0.285749,64062.520000,64047.030000
29736585,2026-07-16T09:45,64049.180000,0.748800,-0.445751,2026-07-16,229.000000,2.614846,0.668925,64052.490000,64032.130000
29736586,2026-07-16T09:46,64026.600000,0.091900,0.351645,2026-07-16,147.000000,2.126391,0.793615,64057.990000,64023.950000
29736587,2026-07-16T09:47,64049.080000,0.305700,0.587229,2026-07-16,145.000000,0.269402,0.450386,64049.420000,64026.590000
29736588,2026-07-16T09:48,64055.380000,-0.490000,-0.099229,2026-07-16,254.000000,2.627980,0.190577,64073.400000,64049.080000
29736589,2026-07-16T09:49,64029.350000,-0.306000,-0.618840,2026-07-16,220.000000,1.150761,0.115491,64055.380000,64029.340000
29736590,2026-07-16T09:50,64039.990000,0.218800,-0.769034,2026-07-16,231.000000,0.611051,0.562100,64039.990000,64017.840000
29736591,2026-07-16T09:51,64063.710000,0.368400,0.124201,2026-07-16,204.000000,0.512049,0.335149,64063.700000,64035.990000
29736592,2026-07-16T09:52,64059.540000,0.545700,-0.329662,2026-07-16,105.000000,0.592450,0.214705,64063.710000,64050.890000
29736593,2026-07-16T09:53,63964.400000,0.156900,-0.390043,2026-07-16,523.000000,16.579145,0.093820,64070.000000,63961.510000
29736594,2026-07-16T09:54,64009.980000,0.655100,-0.820735,2026-07-16,299.000000,5.062993,0.810898,64018.490000,63964.390000
29736595,2026-07-16T09:55,64013.680000,-0.462700,0.682778,2026-07-16,333.000000,3.735888,0.602247,64042.870000,64009.980000
29736596,2026-07-16T09:56,64036.510000,0.118800,-0.145446,2026-07-16,271.000000,1.368189,0.406835,64040.730000,64015.530000
29736597,2026-07-16T09:57,64034.740000,0.237000,-0.186329,2026-07-16,187.000000,0.160334,0.359395,64041.570000,64030.350000
29736598,2026-07-16T09:58,64024.900000,-0.342100,0.461612,2026-07-16,212.000000,0.527841,0.497318,64044.330000,64024.890000
29736599,2026-07-16T09:59,64038.010000,0.080700,-0.730685,2026-07-16,182.000000,1.206068,0.989611,64038.690000,64024.890000
29736600,2026-07-16T10:00,64053.900000,0.362300,0.924982,2026-07-16,291.000000,1.398395,0.348134,64057.920000,64032.250000
29736601,2026-07-16T10:01,64022.010000,-0.261400,-0.285985,2026-07-16,242.000000,0.631747,0.278239,64057.040000,64022.010000
29736602,2026-07-16T10:02,64016.370000,-0.165700,-0.292615,2026-07-16,199.000000,0.339464,0.781987,64034.950000,64016.360000
29736603,2026-07-16T10:03,64030.350000,0.177500,0.442010,2026-07-16,217.000000,0.418154,0.718549,64040.020000,64015.370000
29736604,2026-07-16T10:04,64046.690000,-0.434600,0.437097,2026-07-16,244.000000,1.585354,0.815742,64051.850000,64020.370000
29736605,2026-07-16T10:05,64061.510000,0.184900,0.631483,2026-07-16,240.000000,0.667535,0.661128,64066.700000,64042.860000
29736606,2026-07-16T10:06,64077.520000,0.392600,0.356073,2026-07-16,228.000000,0.412017,0.602139,64077.530000,64061.510000
29736607,2026-07-16T10:07,64102.380000,0.080000,0.130275,2026-07-16,308.000000,2.295607,0.608081,64122.020000,64073.550000
29736608,2026-07-16T10:08,64123.990000,-0.060500,0.216639,2026-07-16,247.000000,0.296415,0.602721,64124.000000,64102.370000
29736609,2026-07-16T10:09,64129.290000,-0.094000,0.201667,2026-07-16,244.000000,0.348531,0.548750,64130.430000,64120.280000
29736610,2026-07-16T10:10,64093.330000,-0.225500,0.101407,2026-07-16,250.000000,1.117281,0.542067,64129.300000,64088.750000
29736611,2026-07-16T10:11,64093.330000,-0.414800,0.084159,2026-07-16,198.000000,0.078193,0.779290,64093.340000,64093.330000
29736612,2026-07-16T10:12,64080.400000,-0.379800,0.549683,2026-07-16,185.000000,0.150063,0.241179,64097.400000,64080.390000
29736613,2026-07-16T10:13,64087.320000,0.033200,-0.510700,2026-07-16,201.000000,0.561810,0.994809,64087.330000,64080.390000
29736614,2026-07-16T10:14,64087.320000,-0.392100,0.990364,2026-07-16,225.000000,0.211422,0.430971,64091.170000,64087.320000
29736615,2026-07-16T10:15,64074.930000,-0.357000,-0.120774,2026-07-16,224.000000,0.568367,0.330923,64087.330000,64070.980000
29736616,2026-07-16T10:16,64102.430000,0.380800,-0.567007,2026-07-16,293.000000,1.059200,0.684116,64107.550000,64070.960000
29736617,2026-07-16T10:17,64122.080000,0.663900,0.895415,2026-07-16,250.000000,1.184165,0.148202,64122.080000,64102.420000
29736618,2026-07-16T10:18,64151.490000,0.338700,-0.701480,2026-07-16,249.000000,1.545443,0.287513,64163.490000,64122.090000
29736619,2026-07-16T10:19,64167.260000,0.204900,-0.424976,2026-07-16,250.000000,2.240544,0.847842,64171.670000,64146.780000
29736620,2026-07-16T10:20,64167.260000,-0.123700,0.695663,2026-07-16,192.000000,0.268980,0.370211,64167.270000,64159.630000
29736621,2026-07-16T10:21,64135.190000,0.244300,-0.264548,2026-07-16,205.000000,1.627687,0.684512,64167.270000,64135.190000
29736622,2026-07-16T10:22,64130.430000,-0.367600,0.369294,2026-07-16,224.000000,1.018513,0.874860,64143.230000,64127.220000
29736623,2026-07-16T10:23,64149.990000,0.022900,0.749503,2026-07-16,190.000000,0.062573,0.897080,64150.000000,64126.260000
29736624,2026-07-16T10:24,64147.100000,0.096600,0.793116,2026-07-16,273.000000,1.566319,0.747300,64151.860000,64125.000000
29736625,2026-07-16T10:25,64142.620000,-0.409100,0.494740,2026-07-16,220.000000,0.342090,0.187244,64150.960000,64138.780000
29736626,2026-07-16T10:26,64143.400000,0.084900,-0.627270,2026-07-16,263.000000,1.008096,0.868636,64143.410000,64134.600000
29736627,2026-07-16T10:27,64126.260000,-0.577400,0.737500,2026-07-16,185.000000,0.285456,0.689265,64143.410000,64126.260000
29736628,2026-07-16T10:28,64153.510000,0.417100,0.377131,2026-07-16,240.000000,1.621715,0.988179,64153.520000,64126.260000
29736629,2026-07-16T10:29,64171.520000,-0.064200,0.976354,2026-07-16,206.000000,0.424766,0.223614,64173.470000,64155.440000
29736630,2026-07-16T10:30,64173.460000,-0.635100,-0.552772,2026-07-16,223.000000,0.186954,0.641992,64177.270000,64171.520000
29736631,2026-07-16T10:31,64176.990000,0.136900,0.220527,2026-07-16,231.000000,0.232118,0.472829,64177.360000,64162.060000
29736632,2026-07-16T10:32,64209.510000,-0.100900,-0.015880,2026-07-16,309.000000,2.922223,0.428470,64213.370000,64176.980000
29736633,2026-07-16T10:33,64191.710000,0.061300,-0.119024,2026-07-16,153.000000,1.164231,0.141397,64200.010000,64191.700000
29736634,2026-07-16T10:34,64209.210000,0.009900,-0.814902,2026-07-16,210.000000,0.331423,0.407659,64209.660000,64191.700000
29736635,2026-07-16T10:35,64190.190000,-0.526600,-0.184757,2026-07-16,214.000000,0.720300,0.098678,64209.210000,64190.000000
29736636,2026-07-16T10:36,64165.990000,-0.608300,-0.802637,2026-07-16,218.000000,0.523461,0.086138,64190.190000,64165.970000
29736637,2026-07-16T10:37,64142.940000,-0.154600,-0.827724,2026-07-16,208.000000,0.551570,0.794584,64165.990000,64136.540000
29736638,2026-07-16T10:38,64138.150000,-0.279900,0.588641,2026-07-16,200.000000,0.119633,0.360373,64142.950000,64138.140000
29736639,2026-07-16T10:39,64127.560000,-0.208700,-0.278148,2026-07-16,240.000000,2.506550,0.767339,64142.950000,64126.260000
29736640,2026-07-16T10:40,64140.990000,-0.240700,0.534646,2026-07-16,266.000000,2.551213,0.931424,64141.940000,64127.550000
29736641,2026-07-16T10:41,64134.600000,-0.213500,0.862887,2026-07-16,232.000000,0.163996,0.400730,64150.000000,64134.600000
29736642,2026-07-16T10:42,64126.350000,-0.328900,-0.209618,2026-07-16,198.000000,2.073069,0.598261,64135.990000,64126.270000
29736643,2026-07-16T10:43,64142.990000,0.275700,0.198603,2026-07-16,260.000000,2.805262,0.960204,64155.930000,64126.350000
29736644,2026-07-16T10:44,64132.010000,-0.144500,0.920408,2026-07-16,212.000000,0.441061,0.215412,64147.110000,64129.260000
29736645,2026-07-16T10:45,64130.080000,0.169700,-0.592689,2026-07-16,201.000000,0.981124,0.731437,64136.430000,64129.260000
29736646,2026-07-16T10:46,64122.100000,-0.113900,0.501850,2026-07-16,213.000000,0.757704,0.724002,64134.590000,64124.200000
29736647,2026-07-16T10:47,64123.230000,-0.038200,0.417576,2026-07-16,181.000000,0.779990,0.817060,64126.260000,64116.500000
29736648,2026-07-16T10:48,64117.930000,-0.288300,0.668918,2026-07-16,219.000000,0.277629,0.450078,64133.160000,64117.920000
29736649,2026-07-16T10:49,64126.260000,0.551900,-0.099843,2026-07-16,190.000000,0.218994,0.449207,64130.100000,64112.180000
29736650,2026-07-16T10:50,64137.510000,-0.282000,-0.100992,2026-07-16,175.000000,0.127508,0.173328,64137.520000,64129.330000
29736651,2026-07-16T10:51,64132.010000,0.002100,-0.654880,2026-07-16,244.000000,0.805081,0.000475,64137.520000,64132.010000
29736652,2026-07-16T10:52,64141.040000,0.282200,-0.999050,2026-07-16,185.000000,0.216872,0.897390,64141.030000,64132.010000
29736653,2026-07-16T10:53,64138.990000,-0.244100,0.617128,2026-07-16,186.000000,0.130654,0.153405,64146.240000,64138.000000
29736654,2026-07-16T10:54,64130.430000,0.282900,-0.624765,2026-07-16,478.000000,17.266259,0.207537,64144.300000,64114.300000
29736655,2026-07-16T10:55,64139.600000,0.388200,-0.474652,2026-07-16,385.000000,3.096005,0.984574,64140.000000,64114.290000
29736656,2026-07-16T10:56,64138.930000,-0.582300,0.947076,2026-07-16,233.000000,0.260067,0.230072,64148.760000,64138.920000
29736657,2026-07-16T10:57,64147.810000,-0.131500,-0.540757,2026-07-16,196.000000,0.157260,0.581701,64150.000000,64135.980000
29736658,2026-07-16T10:58,64165.820000,0.055000,0.167085,2026-07-16,238.000000,0.431048,0.348180,64165.830000,64140.000000
29736659,2026-07-16T10:59,64165.740000,-0.266600,-0.302169,2026-07-16,509.000000,12.482162,0.964867,64171.320000,64159.620000
29736660,2026-07-16T11:00,64133.320000,-0.084100,0.932793,2026-07-16,430.000000,4.642314,0.761535,64176.610000,64130.430000
29736661,2026-07-16T11:01,64144.010000,0.110500,0.147413,2026-07-16,308.000000,2.008319,0.183278,64154.080000,64119.040000
29736662,2026-07-16T11:02,64144.040000,0.054100,-0.633461,2026-07-16,305.000000,1.593719,0.160788,64157.280000,64138.770000
29736663,2026-07-16T11:03,64134.600000,0.074200,-0.678422,2026-07-16,244.000000,1.337855,0.125950,64147.300000,64123.820000
29736664,2026-07-16T11:04,64126.260000,-0.665000,-0.748084,2026-07-16,325.000000,3.495748,0.898190,64148.870000,64117.930000
29736665,2026-07-16T11:05,64094.010000,-0.339500,0.796349,2026-07-16,281.000000,0.669760,0.208060,64122.490000,64089.960000
29736666,2026-07-16T11:06,64081.690000,0.142900,-0.583843,2026-07-16,285.000000,1.676908,0.749259,64094.010000,64077.930000
29736667,2026-07-16T11:07,64079.210000,0.027100,0.498912,2026-07-16,291.000000,0.909393,0.254148,64088.710000,64055.380000
29736668,2026-07-16T11:08,64086.310000,0.019900,-0.491461,2026-07-16,217.000000,0.375154,0.482836,64086.810000,64079.210000
29736669,2026-07-16T11:09,64101.240000,-0.001200,-0.036888,2026-07-16,239.000000,0.295519,0.631110,64101.230000,64079.020000
29736670,2026-07-16T11:10,64080.380000,0.000200,0.260253,2026-07-16,255.000000,0.742226,0.243112,64102.530000,64067.880000
29736671,2026-07-16T11:11,64102.760000,0.152000,-0.489793,2026-07-16,248.000000,0.235386,0.623256,64102.840000,64080.380000
29736672,2026-07-16T11:12,64131.960000,0.293900,0.209449,2026-07-16,221.000000,0.308783,0.605186,64131.960000,64102.750000
29736673,2026-07-16T11:13,64122.080000,0.216200,0.207855,2026-07-16,210.000000,0.747282,0.378607,64135.990000,64111.190000
29736674,2026-07-16T11:14,64118.880000,0.070800,-0.242706,2026-07-16,231.000000,0.522115,0.369976,64122.090000,64110.960000
29736675,2026-07-16T11:15,64102.960000,-0.325800,-0.260703,2026-07-16,250.000000,1.959158,0.537832,64139.320000,64102.960000
29736676,2026-07-16T11:16,64059.570000,-0.406400,-0.175974,2026-07-16,286.000000,2.525523,0.429529,64102.960000,64054.700000
29736677,2026-07-16T11:17,64075.710000,0.397400,0.126007,2026-07-16,350.000000,3.873515,0.126370,64080.000000,64026.970000
29736678,2026-07-16T11:18,64075.350000,0.033400,-0.746993,2026-07-16,259.000000,0.670060,0.425550,64077.530000,64064.580000
29736679,2026-07-16T11:19,64071.790000,0.052300,-0.149917,2026-07-16,300.000000,2.569672,0.527494,64091.110000,64065.190000
29736680,2026-07-16T11:20,64083.320000,0.361100,0.054863,2026-07-16,222.000000,0.369609,0.081846,64087.990000,64071.780000
29736681,2026-07-16T11:21,64104.120000,0.394100,-0.833260,2026-07-16,271.000000,0.226676,0.883259,64105.000000,64083.320000
29736682,2026-07-16T11:22,64147.430000,0.350300,0.731985,2026-07-16,348.000000,1.221240,0.945396,64147.430000,64104.120000
29736683,2026-07-16T11:23,64192.170000,0.317500,0.897649,2026-07-16,386.000000,3.757365,0.503662,64197.780000,64145.000000
29736684,2026-07-16T11:24,64202.760000,-0.002700,0.007329,2026-07-16,286.000000,0.630421,0.464126,64204.100000,64192.160000
29736685,2026-07-16T11:25,64168.580000,-0.366700,-0.339490,2026-07-16,210.000000,0.858377,0.133722,64202.750000,64168.580000
29736686,2026-07-16T11:26,64147.120000,0.106600,-0.619182,2026-07-16,234.000000,0.717956,0.882173,64168.590000,64142.950000
29736687,2026-07-16T11:27,64180.240000,-0.189800,0.765810,2026-07-16,265.000000,0.506668,0.831560,64180.290000,64147.110000
29736688,2026-07-16T11:28,64146.020000,-0.032500,0.660987,2026-07-16,255.000000,1.400465,0.071474,64180.250000,64146.000000
29736689,2026-07-16T11:29,64123.990000,0.001200,-0.858787,2026-07-16,345.000000,4.227673,0.266535,64145.020000,64109.580000
29736690,2026-07-16T11:30,64115.010000,-0.189200,-0.466922,2026-07-16,300.000000,2.079243,0.080959,64140.550000,64113.540000
29736691,2026-07-16T11:31,64101.240000,-0.721300,-0.835407,2026-07-16,285.000000,0.781086,0.624974,64115.010000,64100.600000
29736692,2026-07-16T11:32,64109.150000,-0.106700,0.247744,2026-07-16,239.000000,0.977664,0.851296,64109.140000,64095.000000
29736693,2026-07-16T11:33,64112.830000,0.270800,0.702367,2026-07-16,241.000000,1.133059,0.802731,64124.640000,64101.240000
29736694,2026-07-16T11:34,64133.710000,0.299900,0.605463,2026-07-16,219.000000,0.980260,0.831999,64136.610000,64103.120000
29736695,2026-07-16T11:35,64145.260000,-0.262700,0.663564,2026-07-16,257.000000,0.641349,0.195911,64145.580000,64133.710000
29736696,2026-07-16T11:36,64155.540000,-0.344200,-0.605374,2026-07-16,196.000000,0.115640,0.336824,64157.190000,64145.260000
29736697,2026-07-16T11:37,64148.290000,-0.248600,-0.344402,2026-07-16,240.000000,0.358757,0.597373,64157.990000,64148.280000
29736698,2026-07-16T11:38,64117.930000,-0.571700,0.194745,2026-07-16,300.000000,1.554866,0.869048,64156.800000,64117.920000
29736699,2026-07-16T11:39,64154.070000,0.094100,0.738096,2026-07-16,253.000000,0.302840,0.812642,64154.070000,64112.010000
29736700,2026-07-16T11:40,64173.790000,-0.022700,0.674717,2026-07-16,217.000000,0.279682,0.640795,64173.790000,64154.070000
29736701,2026-07-16T11:41,64170.990000,-0.178200,0.140088,2026-07-16,261.000000,1.042579,0.331142,64173.790000,64159.620000
29736702,2026-07-16T11:42,64191.290000,0.021200,-0.337716,2026-07-16,264.000000,0.847693,0.720766,64192.980000,64170.980000
29736703,2026-07-16T11:43,64205.490000,0.514600,0.441322,2026-07-16,336.000000,4.463447,0.907946,64216.480000,64186.850000
29736704,2026-07-16T11:44,64207.710000,0.542800,0.786254,2026-07-16,272.000000,1.584519,0.539513,64213.590000,64199.930000
29736705,2026-07-16T11:45,64207.290000,-0.280500,0.127447,2026-07-16,199.000000,0.276241,0.296914,64208.000000,64197.900000
29736706,2026-07-16T11:46,64210.740000,-0.124600,-0.401003,2026-07-16,257.000000,1.228426,0.170699,64220.170000,64206.000000
29736707,2026-07-16T11:47,64187.930000,-0.080900,-0.661378,2026-07-16,253.000000,0.266630,0.262916,64217.200000,64187.020000
29736708,2026-07-16T11:48,64197.540000,-0.029400,-0.474168,2026-07-16,253.000000,1.726757,0.848586,64200.010000,64184.020000
29736709,2026-07-16T11:49,64072.010000,0.197200,0.697239,2026-07-16,822.000000,15.829345,0.133207,64213.240000,64033.150000
29736710,2026-07-16T11:50,64092.460000,0.178300,-0.724840,2026-07-16,479.000000,3.951539,0.506510,64093.430000,64042.860000
29736711,2026-07-16T11:51,64129.990000,-0.075800,0.038180,2026-07-16,356.000000,2.944887,0.893066,64130.000000,64093.420000
29736712,2026-07-16T11:52,64146.960000,0.188500,0.786189,2026-07-16,246.000000,0.362550,0.459607,64151.280000,64128.170000
29736713,2026-07-16T11:53,64145.240000,-0.151600,-0.080808,2026-07-16,286.000000,0.491008,0.791998,64161.990000,64145.230000
29736714,2026-07-16T11:54,64147.150000,-0.353300,0.583668,2026-07-16,244.000000,0.873549,0.491313,64149.280000,64142.030000
29736715,2026-07-16T11:55,64159.990000,0.141100,-0.016019,2026-07-16,256.000000,0.299584,0.695874,64161.690000,64147.150000
29736716,2026-07-16T11:56,64165.570000,-0.112400,0.388599,2026-07-16,255.000000,0.244837,0.565280,64165.570000,64150.720000
29736717,2026-07-16T11:57,64170.240000,-0.004100,0.130558,2026-07-16,233.000000,0.190803,0.607055,64170.250000,64165.560000
29736718,2026-07-16T11:58,64205.490000,0.282100,0.214110,2026-07-16,405.000000,8.604656,0.961533,64212.390000,64170.240000
29736719,2026-07-16T11:59,64200.010000,-0.275300,0.923066,2026-07-16,233.000000,0.582137,0.283706,64205.490000,64200.000000
29736720,2026-07-16T12:00,64178.580000,0.211700,-0.659198,2026-07-16,313.000000,2.062206,0.382154,64200.000000,64171.290000
29736721,2026-07-16T12:01,64184.010000,-0.422800,0.047977,2026-07-16,345.000000,2.000150,0.253080,64203.980000,64179.520000
29736722,2026-07-16T12:02,64175.290000,0.070900,-0.648017,2026-07-16,258.000000,0.420648,0.600295,64184.320000,64171.500000
29736723,2026-07-16T12:03,64172.730000,-0.190200,0.201485,2026-07-16,218.000000,0.364159,0.208125,64185.710000,64172.720000
29736724,2026-07-16T12:04,64116.320000,-0.041600,-0.591577,2026-07-16,281.000000,1.320462,0.335114,64176.640000,64113.750000
29736725,2026-07-16T12:05,64116.320000,-0.041600,-0.329770,2026-07-16,1.000000,0.000001,1.000000,64117.980000,64117.980000
29736726,2026-07-16T12:06,64116.320000,-0.041600,0.000000,2026-07-16,,,,,
29736727,2026-07-16T12:07,64117.980000,0.030100,0.000000,2026-07-16,,,,,
29736728,2026-07-16T12:08,64117.980000,0.030100,0.000000,2026-07-16,,,,,
29736729,2026-07-16T12:09,64117.980000,0.030100,0.000000,2026-07-16,,,,,
29736730,2026-07-16T12:10,64117.980000,0.030100,0.000000,2026-07-16,,,,,
29736731,2026-07-16T12:11,64117.980000,0.030100,0.000000,2026-07-16,,,,,
29736732,2026-07-16T12:12,64117.980000,0.030100,0.000000,2026-07-16,,,,,
29736733,2026-07-16T12:13,64117.980000,0.030100,0.000000,2026-07-16,,,,,
29736734,2026-07-16T12:14,64117.980000,0.030100,0.000000,2026-07-16,,,,,
29736735,2026-07-16T12:15,64117.980000,0.030100,0.000000,2026-07-16,,,,,
29736736,2026-07-16T12:16,64077.040000,-0.257200,0.000000,2026-07-16,3715.000000,37.296367,0.495227,64143.910000,64067.390000
29736737,2026-07-16T12:17,64077.040000,-0.257200,-0.009546,2026-07-16,,,,,
29736738,2026-07-16T12:18,64077.040000,-0.257200,0.000000,2026-07-16,,,,,
29736739,2026-07-16T12:19,64077.040000,-0.170500,0.000000,2026-07-16,,,,,
29736740,2026-07-16T12:20,64077.040000,-0.170500,0.000000,2026-07-16,,,,,
29736741,2026-07-16T12:21,64077.040000,-0.170500,0.000000,2026-07-16,,,,,
29736742,2026-07-16T12:22,64077.040000,-0.170500,0.000000,2026-07-16,,,,,
29736743,2026-07-16T12:23,64077.040000,-0.170500,0.000000,2026-07-16,,,,,
29736744,2026-07-16T12:24,64077.040000,-0.170500,0.000000,2026-07-16,,,,,
29736745,2026-07-16T12:25,64077.040000,-0.170500,0.000000,2026-07-16,,,,,
29736746,2026-07-16T12:26,64077.040000,-0.170500,0.000000,2026-07-16,,,,,
29736747,2026-07-16T12:27,64077.040000,-0.170500,0.000000,2026-07-16,,,,,
29736748,2026-07-16T12:28,64077.040000,-0.170500,0.000000,2026-07-16,,,,,
29736749,2026-07-16T12:29,64077.040000,-0.170500,0.000000,2026-07-16,,,,,
29736750,2026-07-16T12:30,64077.040000,-0.170500,0.000000,2026-07-16,,,,,
29736751,2026-07-16T12:31,64077.040000,-0.170500,0.000000,2026-07-16,,,,,
29736752,2026-07-16T12:32,64077.040000,-0.170500,0.000000,2026-07-16,,,,,
29736753,2026-07-16T12:33,64077.040000,-0.170500,0.000000,2026-07-16,,,,,
29736754,2026-07-16T12:34,64077.040000,-0.170500,0.000000,2026-07-16,,,,,
29736755,2026-07-16T12:35,64077.040000,-0.170500,0.000000,2026-07-16,,,,,
29736756,2026-07-16T12:36,64077.040000,-0.170500,0.000000,2026-07-16,,,,,
29736757,2026-07-16T12:37,64077.040000,-0.170500,0.000000,2026-07-16,,,,,
29736758,2026-07-16T12:38,64077.040000,-0.170500,0.000000,2026-07-16,,,,,
29736759,2026-07-16T12:39,64077.040000,-0.170500,0.000000,2026-07-16,,,,,
29736760,2026-07-16T12:40,64077.040000,-0.170500,0.000000,2026-07-16,,,,,
29736761,2026-07-16T12:41,64077.040000,-0.170500,0.000000,2026-07-16,,,,,
29736762,2026-07-16T12:42,64077.040000,-0.170500,0.000000,2026-07-16,,,,,
29736763,2026-07-16T12:43,64077.040000,-0.170500,0.000000,2026-07-16,,,,,
29736764,2026-07-16T12:44,64077.040000,-0.170500,0.000000,2026-07-16,,,,,
29736765,2026-07-16T12:45,64077.040000,-0.170500,0.000000,2026-07-16,,,,,
29736766,2026-07-16T12:46,64077.040000,-0.170500,0.000000,2026-07-16,,,,,
29736767,2026-07-16T12:47,64077.040000,-0.170500,0.000000,2026-07-16,,,,,
29736768,2026-07-16T12:48,64077.040000,-0.170500,0.000000,2026-07-16,,,,,
29736769,2026-07-16T12:49,64077.040000,-0.170500,0.000000,2026-07-16,,,,,
29736770,2026-07-16T12:50,64077.040000,-0.170500,0.000000,2026-07-16,,,,,
29736771,2026-07-16T12:51,64077.040000,-0.170500,0.000000,2026-07-16,,,,,
29736772,2026-07-16T12:52,64077.040000,-0.170500,0.000000,2026-07-16,,,,,
29736773,2026-07-16T12:53,64077.040000,-0.170500,0.000000,2026-07-16,,,,,
29736774,2026-07-16T12:54,64077.040000,-0.170500,0.000000,2026-07-16,,,,,
29736775,2026-07-16T12:55,64077.040000,-0.170500,0.000000,2026-07-16,,,,,
29736776,2026-07-16T12:56,64077.040000,-0.170500,0.000000,2026-07-16,,,,,
29736777,2026-07-16T12:57,64077.040000,-0.170500,0.000000,2026-07-16,,,,,
29736778,2026-07-16T12:58,64077.040000,-0.170500,0.000000,2026-07-16,,,,,
29736779,2026-07-16T12:59,64077.040000,-0.170500,0.000000,2026-07-16,,,,,
29736780,2026-07-16T13:00,64077.040000,-0.170500,0.000000,2026-07-16,,,,,
29736781,2026-07-16T13:01,64077.040000,-0.170500,0.000000,2026-07-16,,,,,
29736782,2026-07-16T13:02,64077.040000,-0.170500,0.000000,2026-07-16,,,,,
29736783,2026-07-16T13:03,64077.040000,-0.170500,0.000000,2026-07-16,,,,,
29736784,2026-07-16T13:04,64077.040000,-0.170500,0.000000,2026-07-16,,,,,
29736785,2026-07-16T13:05,64077.040000,-0.170500,0.000000,2026-07-16,,,,,
29736786,2026-07-16T13:06,63952.270000,0.392700,0.000000,2026-07-16,111.000000,0.785943,0.106404,63952.280000,63942.080000
29736787,2026-07-16T13:07,63952.270000,0.392700,-0.787191,2026-07-16,,,,,
29736788,2026-07-16T13:08,63952.270000,0.392700,0.000000,2026-07-16,,,,,
29736789,2026-07-16T13:09,63952.270000,0.392700,0.000000,2026-07-16,,,,,
29736790,2026-07-16T13:10,63952.270000,0.392700,0.000000,2026-07-16,,,,,
29736791,2026-07-16T13:11,63952.270000,0.392700,0.000000,2026-07-16,,,,,
29736792,2026-07-16T13:12,63952.270000,0.392700,0.000000,2026-07-16,,,,,
29736793,2026-07-16T13:13,63952.270000,0.392700,0.000000,2026-07-16,,,,,
29736794,2026-07-16T13:14,63952.270000,0.392700,0.000000,2026-07-16,,,,,
29736795,2026-07-16T13:15,63952.270000,0.392700,0.000000,2026-07-16,,,,,
29736796,2026-07-16T13:16,63952.270000,0.392700,0.000000,2026-07-16,,,,,
29736797,2026-07-16T13:17,63952.270000,0.392700,0.000000,2026-07-16,,,,,
29736798,2026-07-16T13:18,63952.270000,0.392700,0.000000,2026-07-16,,,,,
29736799,2026-07-16T13:19,63952.270000,0.392700,0.000000,2026-07-16,,,,,
29736800,2026-07-16T13:20,63952.270000,0.392700,0.000000,2026-07-16,,,,,
29736801,2026-07-16T13:21,63952.270000,0.392700,0.000000,2026-07-16,,,,,
29736802,2026-07-16T13:22,63952.270000,0.392700,0.000000,2026-07-16,,,,,
29736803,2026-07-16T13:23,63952.270000,0.392700,0.000000,2026-07-16,,,,,
29736804,2026-07-16T13:24,63952.270000,0.392700,0.000000,2026-07-16,,,,,
29736805,2026-07-16T13:25,63952.270000,0.392700,0.000000,2026-07-16,,,,,
29736806,2026-07-16T13:26,63952.270000,0.392700,0.000000,2026-07-16,,,,,
29736807,2026-07-16T13:27,63952.270000,0.392700,0.000000,2026-07-16,,,,,
29736808,2026-07-16T13:28,63952.270000,0.392700,0.000000,2026-07-16,,,,,
29736809,2026-07-16T13:29,63952.270000,0.392700,0.000000,2026-07-16,,,,,
29736810,2026-07-16T13:30,63952.270000,0.392700,0.000000,2026-07-16,,,,,
29736811,2026-07-16T13:31,64220.010000,-0.269200,0.000000,2026-07-16,53.000000,0.872398,0.062565,64232.740000,64218.000000
29736812,2026-07-16T13:32,64215.290000,-0.200000,-0.871151,2026-07-16,202.000000,1.896057,0.294387,64236.930000,64206.490000
29736813,2026-07-16T13:33,64231.180000,-0.077500,-0.412517,2026-07-16,559.000000,6.405806,0.508073,64262.910000,64200.000000
29736814,2026-07-16T13:34,64231.180000,-0.077500,0.016146,2026-07-16,,,,,
29736815,2026-07-16T13:35,64231.180000,-0.077500,0.000000,2026-07-16,,,,,
29736816,2026-07-16T13:36,64230.510000,-0.258800,0.000000,2026-07-16,,,,,
29736817,2026-07-16T13:37,64230.510000,-0.258800,0.000000,2026-07-16,,,,,
29736818,2026-07-16T13:38,64230.510000,-0.258800,0.000000,2026-07-16,,,,,
29736819,2026-07-16T13:39,64230.510000,-0.258800,0.000000,2026-07-16,,,,,
29736820,2026-07-16T13:40,64230.510000,-0.258800,0.000000,2026-07-16,,,,,
29736821,2026-07-16T13:41,64230.510000,-0.258800,0.000000,2026-07-16,,,,,
29736822,2026-07-16T13:42,64230.510000,-0.258800,0.000000,2026-07-16,,,,,
29736823,2026-07-16T13:43,64230.510000,-0.258800,0.000000,2026-07-16,,,,,
29736824,2026-07-16T13:44,64230.510000,-0.258800,0.000000,2026-07-16,,,,,
29736825,2026-07-16T13:45,64230.510000,-0.258800,0.000000,2026-07-16,,,,,
29736826,2026-07-16T13:46,64230.510000,-0.258800,0.000000,2026-07-16,,,,,
29736827,2026-07-16T13:47,64230.510000,-0.258800,0.000000,2026-07-16,,,,,
29736828,2026-07-16T13:48,64230.510000,-0.258800,0.000000,2026-07-16,,,,,
29736829,2026-07-16T13:49,64230.510000,-0.258800,0.000000,2026-07-16,,,,,
29736830,2026-07-16T13:50,64230.510000,-0.258800,0.000000,2026-07-16,,,,,
29736831,2026-07-16T13:51,64230.510000,-0.258800,0.000000,2026-07-16,,,,,
29736832,2026-07-16T13:52,64230.510000,-0.258800,0.000000,2026-07-16,,,,,
29736833,2026-07-16T13:53,64230.510000,-0.258800,0.000000,2026-07-16,,,,,
29736834,2026-07-16T13:54,64230.510000,-0.258800,0.000000,2026-07-16,,,,,
29736835,2026-07-16T13:55,64230.510000,-0.258800,0.000000,2026-07-16,,,,,
29736836,2026-07-16T13:56,64230.510000,-0.258800,0.000000,2026-07-16,,,,,
29736837,2026-07-16T13:57,64230.510000,-0.258800,0.000000,2026-07-16,,,,,
29736838,2026-07-16T13:58,64305.680000,0.693800,0.000000,2026-07-16,67.000000,0.272796,0.948583,64310.490000,64290.570000
29736839,2026-07-16T13:59,64305.680000,0.693800,0.897166,2026-07-16,,,,,
29736840,2026-07-16T14:00,64305.680000,0.693800,0.000000,2026-07-16,,,,,
29736841,2026-07-16T14:01,64305.680000,0.693800,0.000000,2026-07-16,,,,,
29736842,2026-07-16T14:02,64305.680000,0.693800,0.000000,2026-07-16,,,,,
29736843,2026-07-16T14:03,64305.680000,0.693800,0.000000,2026-07-16,,,,,
29736844,2026-07-16T14:04,64310.490000,-0.022300,0.000000,2026-07-16,,,,,
29736845,2026-07-16T14:05,64310.490000,-0.022300,0.000000,2026-07-16,,,,,
29736846,2026-07-16T14:06,64310.490000,-0.022300,0.000000,2026-07-16,,,,,
29736847,2026-07-16T14:07,64310.490000,-0.022300,0.000000,2026-07-16,,,,,
29736848,2026-07-16T14:08,64310.490000,-0.022300,0.000000,2026-07-16,,,,,
29736849,2026-07-16T14:09,64310.490000,-0.022300,0.000000,2026-07-16,,,,,
29736850,2026-07-16T14:10,64310.490000,-0.022300,0.000000,2026-07-16,,,,,
29736851,2026-07-16T14:11,64310.490000,-0.022300,0.000000,2026-07-16,,,,,
29736852,2026-07-16T14:12,64310.490000,-0.022300,0.000000,2026-07-16,,,,,
29736853,2026-07-16T14:13,64310.490000,-0.022300,0.000000,2026-07-16,,,,,
29736854,2026-07-16T14:14,64310.490000,-0.022300,0.000000,2026-07-16,,,,,
29736855,2026-07-16T14:15,64310.490000,-0.022300,0.000000,2026-07-16,,,,,
29736856,2026-07-16T14:16,64310.490000,-0.022300,0.000000,2026-07-16,,,,,
29736857,2026-07-16T14:17,64310.490000,-0.022300,0.000000,2026-07-16,,,,,
29736858,2026-07-16T14:18,64310.490000,-0.022300,0.000000,2026-07-16,,,,,
29736859,2026-07-16T14:19,64310.490000,-0.022300,0.000000,2026-07-16,,,,,
29736860,2026-07-16T14:20,64310.490000,-0.022300,0.000000,2026-07-16,,,,,
29736861,2026-07-16T14:21,64310.490000,-0.022300,0.000000,2026-07-16,,,,,
29736862,2026-07-16T14:22,64310.490000,-0.022300,0.000000,2026-07-16,,,,,
29736863,2026-07-16T14:23,64310.490000,-0.022300,0.000000,2026-07-16,,,,,
29736864,2026-07-16T14:24,64609.980000,0.432300,0.000000,2026-07-16,67.000000,0.513864,0.953208,64609.970000,64574.000000
29736865,2026-07-16T14:25,64602.980000,0.449300,0.906416,2026-07-16,657.000000,4.796500,0.128581,64619.680000,64536.000000
29736866,2026-07-16T14:26,64618.320000,0.309300,-0.742838,2026-07-16,68.000000,1.878773,0.989001,64618.320000,64600.620000
29736867,2026-07-16T14:27,64621.070000,-0.150600,0.978002,2026-07-16,397.000000,3.794679,0.214258,64638.650000,64591.020000
29736868,2026-07-16T14:28,64621.070000,-0.150600,-0.571484,2026-07-16,,,,,
29736869,2026-07-16T14:29,64735.100000,-0.093700,0.000000,2026-07-16,1304.000000,21.252549,0.663748,64812.480000,64618.590000
29736870,2026-07-16T14:30,64735.100000,-0.093700,0.327496,2026-07-16,,,,,
29736871,2026-07-16T14:31,64735.100000,-0.093700,0.000000,2026-07-16,,,,,
29736872,2026-07-16T14:32,64732.850000,-0.132800,0.000000,2026-07-16,,,,,
29736873,2026-07-16T14:33,64732.850000,-0.132800,0.000000,2026-07-16,,,,,
29736874,2026-07-16T14:34,64732.850000,-0.132800,0.000000,2026-07-16,,,,,
29736875,2026-07-16T14:35,64732.850000,-0.132800,0.000000,2026-07-16,,,,,
29736876,2026-07-16T14:36,64732.850000,-0.132800,0.000000,2026-07-16,,,,,
29736877,2026-07-16T14:37,64674.010000,-0.258400,0.000000,2026-07-16,21.000000,0.064277,0.000241,64687.970000,64674.000000
29736878,2026-07-16T14:38,64674.010000,-0.258400,-0.999519,2026-07-16,,,,,
29736879,2026-07-16T14:39,64674.010000,-0.258400,0.000000,2026-07-16,,,,,
29736880,2026-07-16T14:40,64674.010000,-0.258400,0.000000,2026-07-16,,,,,
29736881,2026-07-16T14:41,64660.940000,0.253700,0.000000,2026-07-16,125.000000,0.426169,0.513485,64689.210000,64654.860000
29736882,2026-07-16T14:42,64667.820000,0.136100,0.026971,2026-07-16,485.000000,4.369203,0.565230,64671.060000,64630.820000
29736883,2026-07-16T14:43,64667.820000,0.136100,0.130460,2026-07-16,,,,,
29736884,2026-07-16T14:44,64691.130000,0.205800,0.000000,2026-07-16,848.000000,8.494830,0.553454,64691.130000,64615.340000
29736885,2026-07-16T14:45,64677.010000,-0.122900,0.106891,2026-07-16,205.000000,3.075466,0.334704,64697.540000,64666.060000
29736886,2026-07-16T14:46,64677.010000,-0.145200,-0.330562,2026-07-16,,,,,
29736887,2026-07-16T14:47,64677.010000,-0.145200,0.000000,2026-07-16,,,,,
29736888,2026-07-16T14:48,64677.010000,-0.145200,0.000000,2026-07-16,,,,,
29736889,2026-07-16T14:49,64677.010000,-0.145200,0.000000,2026-07-16,,,,,
29736890,2026-07-16T14:50,64630.820000,0.169900,0.000000,2026-07-16,12.000000,0.200772,0.999996,64634.000000,64628.540000
29736891,2026-07-16T14:51,64622.170000,0.257700,0.999992,2026-07-16,398.000000,1.767016,0.550062,64634.000000,64599.460000
29736892,2026-07-16T14:52,64622.170000,0.257700,0.100124,2026-07-16,,,,,
29736893,2026-07-16T14:53,64622.170000,0.257700,0.000000,2026-07-16,,,,,
29736894,2026-07-16T14:54,64622.170000,0.257700,0.000000,2026-07-16,,,,,
29736895,2026-07-16T14:55,64622.170000,0.257700,0.000000,2026-07-16,,,,,
29736896,2026-07-16T14:56,64622.170000,0.257700,0.000000,2026-07-16,,,,,
29736897,2026-07-16T14:57,64622.170000,0.257700,0.000000,2026-07-16,,,,,
29736898,2026-07-16T14:58,64622.170000,0.257700,0.000000,2026-07-16,,,,,
29736899,2026-07-16T14:59,64625.320000,0.276900,0.000000,2026-07-16,,,,,
29736900,2026-07-16T15:00,64625.320000,0.276900,0.000000,2026-07-16,,,,,
29736901,2026-07-16T15:01,64625.320000,0.276900,0.000000,2026-07-16,,,,,
29736902,2026-07-16T15:02,64472.120000,0.258300,0.000000,2026-07-16,34.000000,0.064720,0.054750,64480.270000,64472.110000
29736903,2026-07-16T15:03,64472.120000,0.258300,-0.890499,2026-07-16,,,,,
29736904,2026-07-16T15:04,64472.120000,0.258300,0.000000,2026-07-16,,,,,
29736905,2026-07-16T15:05,64472.120000,-0.111600,0.000000,2026-07-16,,,,,
29736906,2026-07-16T15:06,64472.120000,-0.111600,0.000000,2026-07-16,,,,,
29736907,2026-07-16T15:07,64472.120000,-0.111600,0.000000,2026-07-16,,,,,
29736908,2026-07-16T15:08,64472.120000,-0.111600,0.000000,2026-07-16,,,,,
29736909,2026-07-16T15:09,64472.120000,-0.111600,0.000000,2026-07-16,,,,,
29736910,2026-07-16T15:10,64472.120000,-0.111600,0.000000,2026-07-16,,,,,
29736911,2026-07-16T15:11,64414.570000,0.114600,0.000000,2026-07-16,17.000000,0.011785,0.532050,64416.530000,64414.570000
29736912,2026-07-16T15:12,64351.440000,-0.206800,0.805600,2026-07-16,224.000000,0.988910,0.640672,64426.500000,64355.230000
29736913,2026-07-16T15:13,64351.440000,-0.206800,0.246551,2026-07-16,,,,,
29736914,2026-07-16T15:14,64351.440000,-0.206800,0.000000,2026-07-16,,,,,
29736915,2026-07-16T15:15,64351.440000,-0.206800,0.000000,2026-07-16,,,,,
29736916,2026-07-16T15:16,64351.440000,-0.206800,0.000000,2026-07-16,,,,,
29736917,2026-07-16T15:17,64351.440000,-0.206800,0.000000,2026-07-16,,,,,
29736918,2026-07-16T15:18,64351.440000,-0.206800,0.000000,2026-07-16,,,,,
29736919,2026-07-16T15:19,64351.440000,-0.206800,0.000000,2026-07-16,,,,,
29736920,2026-07-16T15:20,64351.440000,-0.206800,0.000000,2026-07-16,,,,,
29736921,2026-07-16T15:21,64351.440000,-0.206800,0.000000,2026-07-16,,,,,
29736922,2026-07-16T15:22,64351.440000,-0.206800,0.000000,2026-07-16,,,,,
29736923,2026-07-16T15:23,64351.440000,-0.206800,0.000000,2026-07-16,,,,,
29736924,2026-07-16T15:24,64351.440000,-0.206800,0.000000,2026-07-16,,,,,
29736925,2026-07-16T15:25,64351.440000,-0.206800,0.000000,2026-07-16,,,,,
29736926,2026-07-16T15:26,64351.440000,-0.206800,0.000000,2026-07-16,,,,,
29736927,2026-07-16T15:27,64351.440000,-0.206800,0.000000,2026-07-16,,,,,
29736928,2026-07-16T15:28,64351.440000,-0.206800,0.000000,2026-07-16,,,,,
29736929,2026-07-16T15:29,64351.440000,-0.206800,0.000000,2026-07-16,,,,,
29736930,2026-07-16T15:30,64351.440000,-0.206800,0.000000,2026-07-16,,,,,
29736931,2026-07-16T15:31,64351.440000,-0.206800,0.000000,2026-07-16,,,,,
29736932,2026-07-16T15:32,64351.440000,-0.206800,0.000000,2026-07-16,,,,,
29736933,2026-07-16T15:33,64351.440000,-0.206800,0.000000,2026-07-16,,,,,
29736934,2026-07-16T15:34,64351.440000,-0.206800,0.000000,2026-07-16,,,,,
29736935,2026-07-16T15:35,64351.440000,-0.206800,0.000000,2026-07-16,,,,,
29736936,2026-07-16T15:36,64351.440000,-0.206800,0.000000,2026-07-16,,,,,
29736937,2026-07-16T15:37,64748.100000,-0.170400,0.000000,2026-07-16,34.000000,0.163188,0.377632,64748.100000,64736.770000
29736938,2026-07-16T15:38,64748.100000,-0.170400,-0.244736,2026-07-16,,,,,
29736939,2026-07-16T15:39,64748.100000,-0.170400,0.000000,2026-07-16,,,,,
29736940,2026-07-16T15:40,64748.100000,-0.170400,0.000000,2026-07-16,,,,,
29736941,2026-07-16T15:41,64748.100000,-0.170400,0.000000,2026-07-16,,,,,
29736942,2026-07-16T15:42,64747.280000,-0.053900,0.000000,2026-07-16,,,,,
29736943,2026-07-16T15:43,64747.280000,-0.053900,0.000000,2026-07-16,,,,,
29736944,2026-07-16T15:44,64747.280000,-0.053900,0.000000,2026-07-16,,,,,
29736945,2026-07-16T15:45,64747.280000,-0.053900,0.000000,2026-07-16,,,,,
29736946,2026-07-16T15:46,64747.280000,-0.053900,0.000000,2026-07-16,,,,,
29736947,2026-07-16T15:47,64747.280000,-0.053900,0.000000,2026-07-16,,,,,
29736948,2026-07-16T15:48,64747.280000,-0.053900,0.000000,2026-07-16,,,,,
29736949,2026-07-16T15:49,64747.280000,-0.053900,0.000000,2026-07-16,,,,,
29736950,2026-07-16T15:50,64747.280000,-0.053900,0.000000,2026-07-16,,,,,
29736951,2026-07-16T15:51,64747.280000,-0.053900,0.000000,2026-07-16,,,,,
29736952,2026-07-16T15:52,64747.280000,-0.053900,0.000000,2026-07-16,,,,,
29736953,2026-07-16T15:53,64747.280000,-0.053900,0.000000,2026-07-16,,,,,
29736954,2026-07-16T15:54,64747.280000,-0.053900,0.000000,2026-07-16,,,,,
29736955,2026-07-16T15:55,64747.280000,-0.053900,0.000000,2026-07-16,,,,,
29736956,2026-07-16T15:56,64747.280000,-0.053900,0.000000,2026-07-16,,,,,
29736957,2026-07-16T15:57,64747.280000,-0.053900,0.000000,2026-07-16,,,,,
29736958,2026-07-16T15:58,64747.280000,-0.053900,0.000000,2026-07-16,,,,,
29736959,2026-07-16T15:59,64654.880000,0.055200,0.000000,2026-07-16,46.000000,0.144805,0.293854,64659.070000,64652.540000
29736960,2026-07-16T16:00,64654.880000,0.055200,-0.412293,2026-07-16,,,,,
29736961,2026-07-16T16:01,64654.880000,0.055200,0.000000,2026-07-16,,,,,
29736962,2026-07-16T16:02,64654.880000,0.055200,0.000000,2026-07-16,,,,,
29736963,2026-07-16T16:03,64654.880000,0.055200,0.000000,2026-07-16,,,,,
29736964,2026-07-16T16:04,64654.880000,0.055200,0.000000,2026-07-16,,,,,
29736965,2026-07-16T16:05,64654.880000,0.055200,0.000000,2026-07-16,,,,,
29736966,2026-07-16T16:06,64654.880000,-0.108300,0.000000,2026-07-16,,,,,
29736967,2026-07-16T16:07,64654.880000,-0.108300,0.000000,2026-07-16,,,,,
29736968,2026-07-16T16:08,64654.880000,-0.108300,0.000000,2026-07-16,,,,,
29736969,2026-07-16T16:09,64654.880000,-0.108300,0.000000,2026-07-16,,,,,
29736970,2026-07-16T16:10,64654.880000,-0.108300,0.000000,2026-07-16,,,,,
29736971,2026-07-16T16:11,64654.880000,-0.108300,0.000000,2026-07-16,,,,,
29736972,2026-07-16T16:12,64654.880000,-0.108300,0.000000,2026-07-16,,,,,
29736973,2026-07-16T16:13,64654.880000,-0.108300,0.000000,2026-07-16,,,,,
29736974,2026-07-16T16:14,64654.880000,-0.108300,0.000000,2026-07-16,,,,,
29736975,2026-07-16T16:15,64654.880000,-0.108300,0.000000,2026-07-16,,,,,
29736976,2026-07-16T16:16,64654.880000,-0.108300,0.000000,2026-07-16,,,,,
29736977,2026-07-16T16:17,64654.880000,-0.108300,0.000000,2026-07-16,,,,,
29736978,2026-07-16T16:18,64654.880000,-0.108300,0.000000,2026-07-16,,,,,
29736979,2026-07-16T16:19,64654.880000,-0.108300,0.000000,2026-07-16,,,,,
29736980,2026-07-16T16:20,64654.880000,-0.108300,0.000000,2026-07-16,,,,,
29736981,2026-07-16T16:21,64654.880000,-0.108300,0.000000,2026-07-16,,,,,
29736982,2026-07-16T16:22,64654.880000,-0.108300,0.000000,2026-07-16,,,,,
29736983,2026-07-16T16:23,64654.880000,-0.108300,0.000000,2026-07-16,,,,,
29736984,2026-07-16T16:24,64654.880000,-0.108300,0.000000,2026-07-16,,,,,
29736985,2026-07-16T16:25,64654.880000,-0.108300,0.000000,2026-07-16,,,,,
29736986,2026-07-16T16:26,64654.880000,-0.108300,0.000000,2026-07-16,,,,,
29736987,2026-07-16T16:27,64654.880000,-0.108300,0.000000,2026-07-16,,,,,
29736988,2026-07-16T16:28,64654.880000,-0.108300,0.000000,2026-07-16,,,,,
29736989,2026-07-16T16:29,64654.880000,-0.108300,0.000000,2026-07-16,,,,,
29736990,2026-07-16T16:30,64654.880000,-0.108300,0.000000,2026-07-16,,,,,
29736991,2026-07-16T16:31,64654.880000,-0.108300,0.000000,2026-07-16,,,,,
29736992,2026-07-16T16:32,64654.880000,-0.108300,0.000000,2026-07-16,,,,,
29736993,2026-07-16T16:33,64654.880000,-0.108300,0.000000,2026-07-16,,,,,
29736994,2026-07-16T16:34,64654.880000,-0.108300,0.000000,2026-07-16,,,,,
29736995,2026-07-16T16:35,64654.880000,-0.108300,0.000000,2026-07-16,,,,,
29736996,2026-07-16T16:36,64654.880000,-0.108300,0.000000,2026-07-16,,,,,
29736997,2026-07-16T16:37,64654.880000,-0.108300,0.000000,2026-07-16,,,,,
29736998,2026-07-16T16:38,64654.880000,-0.108300,0.000000,2026-07-16,,,,,
29736999,2026-07-16T16:39,64654.880000,-0.108300,0.000000,2026-07-16,,,,,
29737000,2026-07-16T16:40,64654.880000,-0.108300,0.000000,2026-07-16,,,,,
29737001,2026-07-16T16:41,64654.880000,-0.108300,0.000000,2026-07-16,,,,,
29737002,2026-07-16T16:42,64654.880000,-0.108300,0.000000,2026-07-16,,,,,
29737003,2026-07-16T16:43,64654.880000,-0.108300,0.000000,2026-07-16,,,,,
29737004,2026-07-16T16:44,64654.880000,-0.108300,0.000000,2026-07-16,,,,,
29737005,2026-07-16T16:45,64654.880000,-0.108300,0.000000,2026-07-16,,,,,
29737006,2026-07-16T16:46,64654.880000,-0.108300,0.000000,2026-07-16,,,,,
29737007,2026-07-16T16:47,64654.880000,-0.108300,0.000000,2026-07-16,,,,,
29737008,2026-07-16T16:48,64654.880000,-0.108300,0.000000,2026-07-16,,,,,
29737009,2026-07-16T16:49,64654.880000,-0.108300,0.000000,2026-07-16,,,,,
29737010,2026-07-16T16:50,64654.880000,-0.108300,0.000000,2026-07-16,,,,,
29737011,2026-07-16T16:51,64654.880000,-0.108300,0.000000,2026-07-16,,,,,
29737012,2026-07-16T16:52,64654.880000,-0.108300,0.000000,2026-07-16,,,,,
29737013,2026-07-16T16:53,64654.880000,-0.108300,0.000000,2026-07-16,,,,,
29737014,2026-07-16T16:54,64429.130000,0.065100,0.000000,2026-07-16,5.000000,0.014345,0.989996,64430.670000,64429.130000
29737015,2026-07-16T16:55,64429.130000,0.065100,0.979992,2026-07-16,,,,,
29737016,2026-07-16T16:56,64429.130000,0.065100,0.000000,2026-07-16,,,,,
29737017,2026-07-16T16:57,64429.130000,0.065100,0.000000,2026-07-16,,,,,
29737018,2026-07-16T16:58,64429.130000,0.065100,0.000000,2026-07-16,,,,,
29737019,2026-07-16T16:59,64429.130000,0.065100,0.000000,2026-07-16,,,,,
29737020,2026-07-16T17:00,64429.130000,0.082400,0.000000,2026-07-16,,,,,
29737021,2026-07-16T17:01,64429.130000,0.082400,0.000000,2026-07-16,,,,,
29737022,2026-07-16T17:02,64429.130000,0.082400,0.000000,2026-07-16,,,,,
29737023,2026-07-16T17:03,64429.130000,0.082400,0.000000,2026-07-16,,,,,
29737024,2026-07-16T17:04,64429.130000,0.082400,0.000000,2026-07-16,,,,,
29737025,2026-07-16T17:05,64429.130000,0.082400,0.000000,2026-07-16,,,,,
29737026,2026-07-16T17:06,64429.130000,0.082400,0.000000,2026-07-16,,,,,
29737027,2026-07-16T17:07,64278.400000,-0.459900,0.000000,2026-07-16,46.000000,0.282008,0.095985,64290.820000,64278.400000
29737028,2026-07-16T17:08,64289.370000,0.096200,-0.562273,2026-07-16,56.000000,0.319723,0.454241,64293.050000,64278.410000
29737029,2026-07-16T17:09,64289.370000,0.096200,-0.267365,2026-07-16,,,,,
29737030,2026-07-16T17:10,64289.370000,0.096200,0.000000,2026-07-16,,,,,
29737031,2026-07-16T17:11,64289.370000,0.096200,0.000000,2026-07-16,,,,,
29737032,2026-07-16T17:12,64289.370000,0.169900,0.000000,2026-07-16,,,,,
29737033,2026-07-16T17:13,64232.320000,-0.190900,0.000000,2026-07-16,2150.000000,31.612075,0.157588,64340.000000,64197.170000
29737034,2026-07-16T17:14,64232.320000,-0.190900,-0.684824,2026-07-16,,,,,
29737035,2026-07-16T17:15,64232.320000,-0.190900,0.000000,2026-07-16,,,,,
29737036,2026-07-16T17:16,64232.320000,-0.190900,0.000000,2026-07-16,,,,,
29737037,2026-07-16T17:17,64232.320000,-0.356600,0.000000,2026-07-16,,,,,
29737038,2026-07-16T17:18,64232.320000,-0.356600,0.000000,2026-07-16,,,,,
29737039,2026-07-16T17:19,64232.320000,-0.356600,0.000000,2026-07-16,,,,,
29737040,2026-07-16T17:20,64232.320000,-0.356600,0.000000,2026-07-16,,,,,
29737041,2026-07-16T17:21,64232.320000,-0.356600,0.000000,2026-07-16,,,,,
29737042,2026-07-16T17:22,64232.320000,-0.356600,0.000000,2026-07-16,,,,,
29737043,2026-07-16T17:23,64232.320000,-0.356600,0.000000,2026-07-16,,,,,
29737044,2026-07-16T17:24,64232.320000,-0.356600,0.000000,2026-07-16,,,,,
29737045,2026-07-16T17:25,64232.320000,-0.356600,0.000000,2026-07-16,,,,,
29737046,2026-07-16T17:26,64232.320000,-0.356600,0.000000,2026-07-16,,,,,
29737047,2026-07-16T17:27,64232.320000,-0.356600,0.000000,2026-07-16,,,,,
29737048,2026-07-16T17:28,64232.320000,-0.356600,0.000000,2026-07-16,,,,,
29737049,2026-07-16T17:29,64232.320000,-0.356600,0.000000,2026-07-16,,,,,
29737050,2026-07-16T17:30,64232.320000,-0.356600,0.000000,2026-07-16,,,,,
29737051,2026-07-16T17:31,64232.320000,-0.356600,0.000000,2026-07-16,,,,,
29737052,2026-07-16T17:32,64232.320000,-0.356600,0.000000,2026-07-16,,,,,
29737053,2026-07-16T17:33,64232.320000,-0.356600,0.000000,2026-07-16,,,,,
29737054,2026-07-16T17:34,64232.320000,-0.356600,0.000000,2026-07-16,,,,,
29737055,2026-07-16T17:35,64232.320000,-0.356600,0.000000,2026-07-16,1.000000,0.000000,0.000000,64210.740000,64210.740000
29737056,2026-07-16T17:36,64232.320000,-0.356600,-1.000000,2026-07-16,,,,,
29737057,2026-07-16T17:37,64232.320000,-0.356600,0.000000,2026-07-16,,,,,
29737058,2026-07-16T17:38,64232.320000,-0.356600,0.000000,2026-07-16,,,,,
29737059,2026-07-16T17:39,64210.740000,-0.418500,0.000000,2026-07-16,,,,,
29737060,2026-07-16T17:40,64210.740000,-0.418500,0.000000,2026-07-16,,,,,
29737061,2026-07-16T17:41,64210.740000,-0.418500,0.000000,2026-07-16,,,,,
29737062,2026-07-16T17:42,64210.740000,-0.418500,0.000000,2026-07-16,,,,,
29737063,2026-07-16T17:43,64210.740000,-0.418500,0.000000,2026-07-16,,,,,
29737064,2026-07-16T17:44,64210.740000,-0.418500,0.000000,2026-07-16,,,,,
29737065,2026-07-16T17:45,64210.740000,-0.418500,0.000000,2026-07-16,,,,,
29737066,2026-07-16T17:46,64210.740000,-0.418500,0.000000,2026-07-16,,,,,
29737067,2026-07-16T17:47,64210.740000,-0.418500,0.000000,2026-07-16,,,,,
29737068,2026-07-16T17:48,64210.740000,-0.418500,0.000000,2026-07-16,,,,,
29737069,2026-07-16T17:49,64210.740000,-0.418500,0.000000,2026-07-16,,,,,
29737070,2026-07-16T17:50,64210.740000,-0.418500,0.000000,2026-07-16,,,,,
29737071,2026-07-16T17:51,64210.740000,-0.418500,0.000000,2026-07-16,,,,,
29737072,2026-07-16T17:52,64210.740000,-0.418500,0.000000,2026-07-16,,,,,
29737073,2026-07-16T17:53,64210.740000,-0.418500,0.000000,2026-07-16,,,,,
29737074,2026-07-16T17:54,64210.740000,-0.418500,0.000000,2026-07-16,,,,,
29737075,2026-07-16T17:55,64210.740000,-0.418500,0.000000,2026-07-16,,,,,
29737076,2026-07-16T17:56,64210.740000,-0.418500,0.000000,2026-07-16,,,,,
29737077,2026-07-16T17:57,64210.740000,-0.418500,0.000000,2026-07-16,,,,,
29737078,2026-07-16T17:58,64210.740000,-0.418500,0.000000,2026-07-16,,,,,
29737079,2026-07-16T17:59,64210.740000,-0.418500,0.000000,2026-07-16,,,,,
29737080,2026-07-16T18:00,64210.740000,-0.418500,0.000000,2026-07-16,,,,,
29737081,2026-07-16T18:01,64210.740000,-0.418500,0.000000,2026-07-16,,,,,
29737082,2026-07-16T18:02,64210.740000,-0.418500,0.000000,2026-07-16,,,,,
29737083,2026-07-16T18:03,64210.740000,-0.418500,0.000000,2026-07-16,,,,,
29737084,2026-07-16T18:04,64210.740000,-0.418500,0.000000,2026-07-16,,,,,
29737085,2026-07-16T18:05,64210.740000,-0.418500,0.000000,2026-07-16,,,,,
29737086,2026-07-16T18:06,64034.520000,0.078000,0.000000,2026-07-16,2.000000,0.001701,1.000000,64034.530000,64034.530000
29737087,2026-07-16T18:07,64034.520000,0.078000,1.000000,2026-07-16,,,,,
29737088,2026-07-16T18:08,64034.520000,0.235700,0.000000,2026-07-16,,,,,
29737089,2026-07-16T18:09,64034.520000,0.235700,0.000000,2026-07-16,,,,,
29737090,2026-07-16T18:10,64034.520000,0.235700,0.000000,2026-07-16,,,,,
29737091,2026-07-16T18:11,64034.520000,0.235700,0.000000,2026-07-16,,,,,
29737092,2026-07-16T18:12,64034.520000,0.235700,0.000000,2026-07-16,,,,,
29737093,2026-07-16T18:13,64034.520000,0.235700,0.000000,2026-07-16,,,,,
29737094,2026-07-16T18:14,64034.520000,0.235700,0.000000,2026-07-16,,,,,
29737095,2026-07-16T18:15,64034.520000,0.235700,0.000000,2026-07-16,,,,,
29737096,2026-07-16T18:16,64034.520000,0.235700,0.000000,2026-07-16,,,,,
29737097,2026-07-16T18:17,64034.520000,0.235700,0.000000,2026-07-16,,,,,
29737098,2026-07-16T18:18,64034.520000,0.235700,0.000000,2026-07-16,,,,,
29737099,2026-07-16T18:19,64034.520000,0.235700,0.000000,2026-07-16,,,,,
29737100,2026-07-16T18:20,64034.520000,0.235700,0.000000,2026-07-16,,,,,
29737101,2026-07-16T18:21,64034.520000,0.235700,0.000000,2026-07-16,,,,,
29737102,2026-07-16T18:22,64034.520000,0.235700,0.000000,2026-07-16,,,,,
29737103,2026-07-16T18:23,64034.520000,0.235700,0.000000,2026-07-16,,,,,
29737104,2026-07-16T18:24,64034.520000,0.235700,0.000000,2026-07-16,,,,,
29737105,2026-07-16T18:25,64034.520000,0.235700,0.000000,2026-07-16,,,,,
29737106,2026-07-16T18:26,64034.520000,0.235700,0.000000,2026-07-16,,,,,
29737107,2026-07-16T18:27,64034.520000,0.235700,0.000000,2026-07-16,,,,,
29737108,2026-07-16T18:28,64034.520000,0.235700,0.000000,2026-07-16,,,,,
29737109,2026-07-16T18:29,64034.520000,0.235700,0.000000,2026-07-16,,,,,
29737110,2026-07-16T18:30,64034.520000,0.235700,0.000000,2026-07-16,,,,,
29737111,2026-07-16T18:31,64034.520000,0.235700,0.000000,2026-07-16,,,,,
29737112,2026-07-16T18:32,64034.520000,0.235700,0.000000,2026-07-16,,,,,
29737113,2026-07-16T18:33,64034.520000,0.235700,0.000000,2026-07-16,,,,,
29737114,2026-07-16T18:34,64034.520000,0.235700,0.000000,2026-07-16,,,,,
29737115,2026-07-16T18:35,64034.520000,0.235700,0.000000,2026-07-16,,,,,
29737116,2026-07-16T18:36,64092.900000,-0.047700,0.000000,2026-07-16,4.000000,0.000000,0.000000,64092.890000,64092.890000
29737117,2026-07-16T18:37,64092.900000,-0.047700,-1.000000,2026-07-16,,,,,
29737118,2026-07-16T18:38,64092.900000,-0.047700,0.000000,2026-07-16,,,,,
29737119,2026-07-16T18:39,64092.900000,-0.060800,0.000000,2026-07-16,,,,,
29737120,2026-07-16T18:40,64059.540000,-0.462800,0.000000,2026-07-16,1243.000000,3.969695,0.487966,64110.000000,64055.370000
29737121,2026-07-16T18:41,64059.540000,-0.462800,-0.024068,2026-07-16,,,,,
29737122,2026-07-16T18:42,64069.990000,-0.417500,0.000000,2026-07-16,685.000000,3.119114,0.285615,64084.310000,64044.150000
29737123,2026-07-16T18:43,64069.990000,-0.417500,-0.428769,2026-07-16,,,,,
29737124,2026-07-16T18:44,64069.990000,-0.382000,0.000000,2026-07-16,,,,,
29737125,2026-07-16T18:45,64069.990000,-0.382000,0.000000,2026-07-16,,,,,
29737126,2026-07-16T18:46,64069.990000,-0.382000,0.000000,2026-07-16,,,,,
29737127,2026-07-16T18:47,64069.990000,-0.382000,0.000000,2026-07-16,,,,,
29737128,2026-07-16T18:48,64069.990000,-0.382000,0.000000,2026-07-16,,,,,
29737129,2026-07-16T18:49,64069.990000,-0.382000,0.000000,2026-07-16,,,,,
29737130,2026-07-16T18:50,64069.990000,-0.382000,0.000000,2026-07-16,,,,,
29737131,2026-07-16T18:51,64069.990000,-0.382000,0.000000,2026-07-16,,,,,
29737132,2026-07-16T18:52,64069.990000,-0.382000,0.000000,2026-07-16,,,,,
29737133,2026-07-16T18:53,64069.990000,-0.382000,0.000000,2026-07-16,,,,,
29737134,2026-07-16T18:54,64069.990000,-0.382000,0.000000,2026-07-16,,,,,
29737135,2026-07-16T18:55,64069.990000,-0.382000,0.000000,2026-07-16,,,,,
29737136,2026-07-16T18:56,64069.990000,-0.382000,0.000000,2026-07-16,,,,,
29737137,2026-07-16T18:57,64069.990000,-0.382000,0.000000,2026-07-16,,,,,
29737138,2026-07-16T18:58,64069.990000,-0.382000,0.000000,2026-07-16,,,,,
29737139,2026-07-16T18:59,64069.990000,-0.382000,0.000000,2026-07-16,,,,,
29737140,2026-07-16T19:00,64069.990000,-0.382000,0.000000,2026-07-16,,,,,
29737141,2026-07-16T19:01,64069.990000,-0.382000,0.000000,2026-07-16,,,,,
29737142,2026-07-16T19:02,64069.990000,-0.382000,0.000000,2026-07-16,,,,,
29737143,2026-07-16T19:03,64069.990000,-0.382000,0.000000,2026-07-16,,,,,
29737144,2026-07-16T19:04,64069.990000,-0.382000,0.000000,2026-07-16,,,,,
29737145,2026-07-16T19:05,64069.990000,-0.382000,0.000000,2026-07-16,,,,,
29737146,2026-07-16T19:06,64069.990000,-0.382000,0.000000,2026-07-16,,,,,
29737147,2026-07-16T19:07,64069.990000,-0.382000,0.000000,2026-07-16,,,,,
29737148,2026-07-16T19:08,64069.990000,-0.382000,0.000000,2026-07-16,,,,,
29737149,2026-07-16T19:09,64191.310000,0.287200,0.000000,2026-07-16,39.000000,0.521843,0.821807,64191.310000,64188.480000
29737150,2026-07-16T19:10,64191.310000,0.287200,0.643615,2026-07-16,,,,,
29737151,2026-07-16T19:11,64207.070000,0.204400,0.000000,2026-07-16,784.000000,5.847018,0.686224,64208.300000,64177.910000
29737152,2026-07-16T19:12,64207.070000,0.204400,0.372447,2026-07-16,,,,,
29737153,2026-07-16T19:13,64207.070000,0.204400,0.000000,2026-07-16,,,,,
29737154,2026-07-16T19:14,64207.070000,0.204400,0.000000,2026-07-16,,,,,
29737155,2026-07-16T19:15,64207.070000,0.204400,0.000000,2026-07-16,,,,,
29737156,2026-07-16T19:16,64207.070000,0.204400,0.000000,2026-07-16,,,,,
29737157,2026-07-16T19:17,64207.070000,0.204400,0.000000,2026-07-16,,,,,
29737158,2026-07-16T19:18,64207.070000,0.204400,0.000000,2026-07-16,,,,,
29737159,2026-07-16T19:19,64207.070000,0.204400,0.000000,2026-07-16,,,,,
29737160,2026-07-16T19:20,64207.070000,0.204400,0.000000,2026-07-16,,,,,
29737161,2026-07-16T19:21,64207.070000,0.204400,0.000000,2026-07-16,,,,,
29737162,2026-07-16T19:22,64207.070000,0.204400,0.000000,2026-07-16,,,,,
29737163,2026-07-16T19:23,64207.070000,0.204400,0.000000,2026-07-16,,,,,
29737164,2026-07-16T19:24,64207.070000,0.204400,0.000000,2026-07-16,,,,,
29737165,2026-07-16T19:25,64207.070000,0.204400,0.000000,2026-07-16,,,,,
29737166,2026-07-16T19:26,64207.070000,0.204400,0.000000,2026-07-16,,,,,
29737167,2026-07-16T19:27,64207.070000,0.204400,0.000000,2026-07-16,,,,,
29737168,2026-07-16T19:28,64207.070000,0.204400,0.000000,2026-07-16,,,,,
29737169,2026-07-16T19:29,64221.010000,0.046900,0.000000,2026-07-16,14.000000,0.208167,0.912936,64223.390000,64220.810000
29737170,2026-07-16T19:30,64221.080000,-0.020400,0.825872,2026-07-16,,,,,
29737171,2026-07-16T19:31,64185.330000,-0.146700,0.000000,2026-07-16,955.000000,6.312968,0.690383,64241.010000,64181.750000
29737172,2026-07-16T19:32,64201.990000,0.537300,0.380766,2026-07-16,268.000000,2.616404,0.501050,64203.300000,64185.330000
29737173,2026-07-16T19:33,64201.990000,0.537300,0.002100,2026-07-16,,,,,
29737174,2026-07-16T19:34,64201.990000,0.537300,0.000000,2026-07-16,,,,,
29737175,2026-07-16T19:35,64201.990000,0.570500,0.000000,2026-07-16,,,,,
29737176,2026-07-16T19:36,64201.990000,0.570500,0.000000,2026-07-16,,,,,
29737177,2026-07-16T19:37,64201.990000,0.570500,0.000000,2026-07-16,,,,,
29737178,2026-07-16T19:38,64201.990000,0.570500,0.000000,2026-07-16,,,,,
29737179,2026-07-16T19:39,64201.990000,0.570500,0.000000,2026-07-16,,,,,
29737180,2026-07-16T19:40,64201.990000,0.570500,0.000000,2026-07-16,,,,,
29737181,2026-07-16T19:41,64201.990000,0.570500,0.000000,2026-07-16,,,,,
29737182,2026-07-16T19:42,64201.990000,0.570500,0.000000,2026-07-16,,,,,
29737183,2026-07-16T19:43,64201.990000,0.570500,0.000000,2026-07-16,,,,,
29737184,2026-07-16T19:44,64201.990000,0.570500,0.000000,2026-07-16,,,,,
29737185,2026-07-16T19:45,64201.990000,0.570500,0.000000,2026-07-16,,,,,
29737186,2026-07-16T19:46,64201.990000,0.570500,0.000000,2026-07-16,,,,,
29737187,2026-07-16T19:47,64201.990000,0.570500,0.000000,2026-07-16,,,,,
29737188,2026-07-16T19:48,64201.990000,0.570500,0.000000,2026-07-16,,,,,
29737189,2026-07-16T19:49,64201.990000,0.570500,0.000000,2026-07-16,,,,,
29737190,2026-07-16T19:50,64201.990000,0.570500,0.000000,2026-07-16,,,,,
29737191,2026-07-16T19:51,64201.990000,0.570500,0.000000,2026-07-16,,,,,
29737192,2026-07-16T19:52,64194.120000,0.153200,0.000000,2026-07-16,7.000000,0.033067,0.999983,64194.120000,64194.110000
29737193,2026-07-16T19:53,64194.120000,0.153200,0.999966,2026-07-16,,,,,
29737194,2026-07-16T19:54,64194.120000,0.153200,0.000000,2026-07-16,,,,,
29737195,2026-07-16T19:55,64194.120000,0.153200,0.000000,2026-07-16,,,,,
29737196,2026-07-16T19:56,64194.120000,0.153200,0.000000,2026-07-16,,,,,
29737197,2026-07-16T19:57,64194.120000,0.153200,0.000000,2026-07-16,,,,,
29737198,2026-07-16T19:58,64194.120000,0.153200,0.000000,2026-07-16,,,,,
29737199,2026-07-16T19:59,64194.120000,0.153200,0.000000,2026-07-16,,,,,
29737200,2026-07-16T20:00,64194.120000,0.153200,0.000000,2026-07-16,,,,,
29737201,2026-07-16T20:01,64194.120000,0.153200,0.000000,2026-07-16,,,,,
29737202,2026-07-16T20:02,64194.120000,0.153200,0.000000,2026-07-16,,,,,
29737203,2026-07-16T20:03,64194.120000,0.153200,0.000000,2026-07-16,,,,,
29737204,2026-07-16T20:04,64194.120000,0.153200,0.000000,2026-07-16,,,,,
29737205,2026-07-16T20:05,64194.120000,0.153200,0.000000,2026-07-16,,,,,
29737206,2026-07-16T20:06,64194.120000,0.153200,0.000000,2026-07-16,,,,,
29737207,2026-07-16T20:07,64194.120000,0.153200,0.000000,2026-07-16,,,,,
29737208,2026-07-16T20:08,64194.120000,0.153200,0.000000,2026-07-16,,,,,
29737209,2026-07-16T20:09,64194.120000,0.153200,0.000000,2026-07-16,,,,,
29737210,2026-07-16T20:10,64194.120000,0.153200,0.000000,2026-07-16,,,,,
29737211,2026-07-16T20:11,64194.120000,0.153200,0.000000,2026-07-16,,,,,
29737212,2026-07-16T20:12,64194.120000,0.153200,0.000000,2026-07-16,,,,,
29737213,2026-07-16T20:13,64194.120000,0.153200,0.000000,2026-07-16,,,,,
29737214,2026-07-16T20:14,64194.120000,0.153200,0.000000,2026-07-16,,,,,
29737215,2026-07-16T20:15,64194.120000,0.153200,0.000000,2026-07-16,,,,,
29737216,2026-07-16T20:16,64194.120000,0.153200,0.000000,2026-07-16,,,,,
29737217,2026-07-16T20:17,64194.120000,0.153200,0.000000,2026-07-16,,,,,
29737218,2026-07-16T20:18,64126.260000,-0.250300,0.000000,2026-07-16,14.000000,0.017740,0.999960,64127.500000,64125.490000
29737219,2026-07-16T20:19,64126.260000,-0.250300,0.999920,2026-07-16,,,,,
29737220,2026-07-16T20:20,64126.260000,-0.250300,0.000000,2026-07-16,,,,,
29737221,2026-07-16T20:21,64126.260000,-0.250300,0.000000,2026-07-16,,,,,
29737222,2026-07-16T20:22,64127.490000,-0.545300,0.000000,2026-07-16,,,,,
29737223,2026-07-16T20:23,64127.490000,-0.545300,0.000000,2026-07-16,,,,,
29737224,2026-07-16T20:24,64127.490000,-0.545300,0.000000,2026-07-16,,,,,
29737225,2026-07-16T20:25,64127.490000,-0.545300,0.000000,2026-07-16,,,,,
29737226,2026-07-16T20:26,64127.490000,-0.545300,0.000000,2026-07-16,,,,,
29737227,2026-07-16T20:27,64127.490000,-0.545300,0.000000,2026-07-16,,,,,
29737228,2026-07-16T20:28,64127.490000,-0.545300,0.000000,2026-07-16,,,,,
29737229,2026-07-16T20:29,64127.490000,-0.545300,0.000000,2026-07-16,,,,,
29737230,2026-07-16T20:30,64127.490000,-0.545300,0.000000,2026-07-16,,,,,
29737231,2026-07-16T20:31,64127.490000,-0.545300,0.000000,2026-07-16,,,,,
29737232,2026-07-16T20:32,64127.490000,-0.545300,0.000000,2026-07-16,,,,,
29737233,2026-07-16T20:33,64127.490000,-0.545300,0.000000,2026-07-16,,,,,
29737234,2026-07-16T20:34,64127.490000,-0.545300,0.000000,2026-07-16,,,,,
29737235,2026-07-16T20:35,64150.600000,-0.027100,0.000000,2026-07-16,15.000000,0.003506,0.999837,64150.600000,64150.590000
29737236,2026-07-16T20:36,64150.600000,-0.027100,0.999675,2026-07-16,,,,,
29737237,2026-07-16T20:37,64150.600000,-0.027100,0.000000,2026-07-16,,,,,
29737238,2026-07-16T20:38,64150.600000,-0.027100,0.000000,2026-07-16,,,,,
29737239,2026-07-16T20:39,64150.600000,-0.027100,0.000000,2026-07-16,,,,,
29737240,2026-07-16T20:40,64150.600000,-0.027100,0.000000,2026-07-16,,,,,
29737241,2026-07-16T20:41,64150.600000,-0.027100,0.000000,2026-07-16,,,,,
29737242,2026-07-16T20:42,64150.600000,-0.027100,0.000000,2026-07-16,,,,,
29737243,2026-07-16T20:43,64150.600000,-0.027100,0.000000,2026-07-16,,,,,
29737244,2026-07-16T20:44,64150.600000,-0.027100,0.000000,2026-07-16,,,,,
29737245,2026-07-16T20:45,64150.600000,-0.027100,0.000000,2026-07-16,,,,,
29737246,2026-07-16T20:46,64150.600000,-0.027100,0.000000,2026-07-16,,,,,
29737247,2026-07-16T20:47,64150.600000,-0.027100,0.000000,2026-07-16,,,,,
29737248,2026-07-16T20:48,64150.600000,-0.027100,0.000000,2026-07-16,,,,,
29737249,2026-07-16T20:49,64150.600000,-0.027100,0.000000,2026-07-16,,,,,
29737250,2026-07-16T20:50,64150.600000,-0.027100,0.000000,2026-07-16,,,,,
29737251,2026-07-16T20:51,64150.600000,-0.027100,0.000000,2026-07-16,,,,,
29737252,2026-07-16T20:52,64080.430000,-0.378500,0.000000,2026-07-16,8.000000,0.003620,0.470091,64083.200000,64080.430000
29737253,2026-07-16T20:53,64080.430000,-0.378500,-0.059818,2026-07-16,,,,,
29737254,2026-07-16T20:54,64080.430000,-0.378500,0.000000,2026-07-16,,,,,
29737255,2026-07-16T20:55,64080.430000,-0.378500,0.000000,2026-07-16,,,,,
29737256,2026-07-16T20:56,64080.430000,-0.378500,0.000000,2026-07-16,,,,,
29737257,2026-07-16T20:57,64080.430000,-0.378500,0.000000,2026-07-16,,,,,
29737258,2026-07-16T20:58,64080.430000,-0.378500,0.000000,2026-07-16,,,,,
29737259,2026-07-16T20:59,64080.430000,-0.378500,0.000000,2026-07-16,,,,,
29737260,2026-07-16T21:00,64080.430000,-0.378500,0.000000,2026-07-16,,,,,
29737261,2026-07-16T21:01,64080.430000,-0.378500,0.000000,2026-07-16,,,,,
29737262,2026-07-16T21:02,64080.430000,-0.378500,0.000000,2026-07-16,,,,,
29737263,2026-07-16T21:03,64080.430000,-0.378500,0.000000,2026-07-16,,,,,
29737264,2026-07-16T21:04,64080.430000,-0.378500,0.000000,2026-07-16,,,,,
29737265,2026-07-16T21:05,64080.430000,-0.378500,0.000000,2026-07-16,,,,,
29737266,2026-07-16T21:06,64080.430000,-0.378500,0.000000,2026-07-16,,,,,
29737267,2026-07-16T21:07,64080.430000,-0.373100,0.000000,2026-07-16,,,,,
29737268,2026-07-16T21:08,64080.430000,-0.373100,0.000000,2026-07-16,,,,,
29737269,2026-07-16T21:09,64080.430000,-0.373100,0.000000,2026-07-16,,,,,
29737270,2026-07-16T21:10,64080.430000,-0.373100,0.000000,2026-07-16,,,,,
29737271,2026-07-16T21:11,64106.510000,-0.535700,0.000000,2026-07-16,30.000000,0.016890,0.719478,64106.520000,64106.510000
29737272,2026-07-16T21:12,64106.510000,-0.528200,0.438956,2026-07-16,,,,,
29737273,2026-07-16T21:13,64106.510000,-0.528200,0.000000,2026-07-16,,,,,
29737274,2026-07-16T21:14,64106.510000,-0.528200,0.000000,2026-07-16,,,,,
29737275,2026-07-16T21:15,64106.510000,-0.528200,0.000000,2026-07-16,,,,,
29737276,2026-07-16T21:16,64106.510000,-0.528200,0.000000,2026-07-16,,,,,
29737277,2026-07-16T21:17,64106.510000,-0.528200,0.000000,2026-07-16,,,,,
29737278,2026-07-16T21:18,64106.510000,-0.528200,0.000000,2026-07-16,,,,,
29737279,2026-07-16T21:19,64106.510000,-0.528200,0.000000,2026-07-16,,,,,
29737280,2026-07-16T21:20,64106.510000,-0.528200,0.000000,2026-07-16,,,,,
29737281,2026-07-16T21:21,64106.510000,-0.528200,0.000000,2026-07-16,,,,,
29737282,2026-07-16T21:22,64106.510000,-0.528200,0.000000,2026-07-16,,,,,
29737283,2026-07-16T21:23,64106.510000,-0.528200,0.000000,2026-07-16,,,,,
29737284,2026-07-16T21:24,64106.510000,-0.528200,0.000000,2026-07-16,,,,,
29737285,2026-07-16T21:25,64106.510000,-0.528200,0.000000,2026-07-16,,,,,
29737286,2026-07-16T21:26,64106.510000,-0.528200,0.000000,2026-07-16,,,,,
29737287,2026-07-16T21:27,64106.510000,-0.528200,0.000000,2026-07-16,,,,,
29737288,2026-07-16T21:28,64106.510000,-0.528200,0.000000,2026-07-16,,,,,
29737289,2026-07-16T21:29,64106.510000,-0.528200,0.000000,2026-07-16,,,,,
29737290,2026-07-16T21:30,64106.510000,-0.528200,0.000000,2026-07-16,,,,,
29737291,2026-07-16T21:31,64106.510000,-0.528200,0.000000,2026-07-16,,,,,
29737292,2026-07-16T21:32,64106.510000,-0.528200,0.000000,2026-07-16,,,,,
29737293,2026-07-16T21:33,64106.510000,-0.528200,0.000000,2026-07-16,,,,,
29737294,2026-07-16T21:34,64106.510000,-0.528200,0.000000,2026-07-16,,,,,
29737295,2026-07-16T21:35,64106.510000,-0.528200,0.000000,2026-07-16,,,,,
29737296,2026-07-16T21:36,64106.510000,-0.528200,0.000000,2026-07-16,,,,,
29737297,2026-07-16T21:37,64106.510000,-0.528200,0.000000,2026-07-16,,,,,
29737298,2026-07-16T21:38,64185.420000,0.090000,0.000000,2026-07-16,76.000000,1.670115,0.999069,64187.990000,64172.120000
29737299,2026-07-16T21:39,64185.420000,0.090000,0.998137,2026-07-16,,,,,
29737300,2026-07-16T21:40,64185.420000,0.090000,0.000000,2026-07-16,,,,,
29737301,2026-07-16T21:41,64185.420000,0.090000,0.000000,2026-07-16,,,,,
29737302,2026-07-16T21:42,64185.420000,0.090000,0.000000,2026-07-16,,,,,
29737303,2026-07-16T21:43,64185.420000,0.090000,0.000000,2026-07-16,,,,,
29737304,2026-07-16T21:44,64185.420000,0.090000,0.000000,2026-07-16,,,,,
29737305,2026-07-16T21:45,64185.420000,0.090000,0.000000,2026-07-16,,,,,
29737306,2026-07-16T21:46,64185.420000,0.090000,0.000000,2026-07-16,,,,,
29737307,2026-07-16T21:47,64185.420000,0.090000,0.000000,2026-07-16,,,,,
29737308,2026-07-16T21:48,64185.420000,0.090000,0.000000,2026-07-16,,,,,
29737309,2026-07-16T21:49,64185.420000,0.090000,0.000000,2026-07-16,,,,,
29737310,2026-07-16T21:50,64185.420000,0.090000,0.000000,2026-07-16,,,,,
29737311,2026-07-16T21:51,64185.420000,0.090000,0.000000,2026-07-16,,,,,
29737312,2026-07-16T21:52,64185.420000,0.090000,0.000000,2026-07-16,,,,,
29737313,2026-07-16T21:53,64185.420000,0.090000,0.000000,2026-07-16,,,,,
29737314,2026-07-16T21:54,64187.990000,0.064000,0.000000,2026-07-16,,,,,
29737315,2026-07-16T21:55,64187.990000,0.064000,0.000000,2026-07-16,,,,,
29737316,2026-07-16T21:56,64187.990000,0.064000,0.000000,2026-07-16,,,,,
29737317,2026-07-16T21:57,64187.990000,0.064000,0.000000,2026-07-16,,,,,
29737318,2026-07-16T21:58,64187.990000,0.064000,0.000000,2026-07-16,,,,,
29737319,2026-07-16T21:59,64187.990000,0.064000,0.000000,2026-07-16,,,,,
29737320,2026-07-16T22:00,64187.990000,0.064000,0.000000,2026-07-16,,,,,
29737321,2026-07-16T22:01,64187.990000,0.064000,0.000000,2026-07-16,,,,,
29737322,2026-07-16T22:02,64187.990000,0.064000,0.000000,2026-07-16,,,,,
29737323,2026-07-16T22:03,64187.990000,0.064000,0.000000,2026-07-16,,,,,
29737324,2026-07-16T22:04,64187.990000,0.064000,0.000000,2026-07-16,,,,,
29737325,2026-07-16T22:05,64187.990000,0.064000,0.000000,2026-07-16,,,,,
29737326,2026-07-16T22:06,64187.990000,0.064000,0.000000,2026-07-16,,,,,
29737327,2026-07-16T22:07,64187.990000,0.064000,0.000000,2026-07-16,,,,,
29737328,2026-07-16T22:08,64187.990000,0.064000,0.000000,2026-07-16,,,,,
29737329,2026-07-16T22:09,64187.990000,0.064000,0.000000,2026-07-16,,,,,
29737330,2026-07-16T22:10,64187.990000,0.064000,0.000000,2026-07-16,,,,,
29737331,2026-07-16T22:11,64187.990000,0.064000,0.000000,2026-07-16,,,,,
29737332,2026-07-16T22:12,64122.510000,0.170500,0.000000,2026-07-16,20.000000,0.038157,0.019858,64123.590000,64122.300000
29737333,2026-07-16T22:13,64122.510000,0.170500,-0.960285,2026-07-16,,,,,
29737334,2026-07-16T22:14,64122.510000,0.170500,0.000000,2026-07-16,,,,,
29737335,2026-07-16T22:15,64122.510000,0.170500,0.000000,2026-07-16,,,,,
29737336,2026-07-16T22:16,64122.510000,0.170500,0.000000,2026-07-16,,,,,
29737337,2026-07-16T22:17,64122.510000,0.170500,0.000000,2026-07-16,,,,,
29737338,2026-07-16T22:18,64122.510000,0.170500,0.000000,2026-07-16,,,,,
29737339,2026-07-16T22:19,64122.510000,0.170400,0.000000,2026-07-16,,,,,
29737340,2026-07-16T22:20,64122.510000,0.170400,0.000000,2026-07-16,,,,,
29737341,2026-07-16T22:21,64122.510000,0.170400,0.000000,2026-07-16,,,,,
29737342,2026-07-16T22:22,64122.510000,0.170400,0.000000,2026-07-16,,,,,
29737343,2026-07-16T22:23,64122.510000,0.170400,0.000000,2026-07-16,,,,,
29737344,2026-07-16T22:24,64122.510000,0.170400,0.000000,2026-07-16,,,,,
29737345,2026-07-16T22:25,64122.510000,0.170400,0.000000,2026-07-16,,,,,
29737346,2026-07-16T22:26,64122.510000,0.170400,0.000000,2026-07-16,,,,,
29737347,2026-07-16T22:27,64122.510000,0.170400,0.000000,2026-07-16,,,,,
29737348,2026-07-16T22:28,64122.510000,0.170400,0.000000,2026-07-16,,,,,
29737349,2026-07-16T22:29,64122.510000,0.170400,0.000000,2026-07-16,,,,,
29737350,2026-07-16T22:30,64122.510000,0.170400,0.000000,2026-07-16,,,,,
29737351,2026-07-16T22:31,64122.510000,0.170400,0.000000,2026-07-16,,,,,
29737352,2026-07-16T22:32,64122.510000,0.170400,0.000000,2026-07-16,,,,,
29737353,2026-07-16T22:33,64122.510000,0.170400,0.000000,2026-07-16,,,,,
29737354,2026-07-16T22:34,64122.510000,0.170400,0.000000,2026-07-16,,,,,
29737355,2026-07-16T22:35,64122.510000,0.170400,0.000000,2026-07-16,,,,,
29737356,2026-07-16T22:36,64122.510000,0.170400,0.000000,2026-07-16,,,,,
29737357,2026-07-16T22:37,64093.540000,0.313100,0.000000,2026-07-16,10.000000,0.010261,0.732771,64093.540000,64088.720000
29737358,2026-07-16T22:38,64093.540000,0.313100,0.465543,2026-07-16,,,,,
29737359,2026-07-16T22:39,64093.540000,0.311200,0.000000,2026-07-16,,,,,
29737360,2026-07-16T22:40,64093.540000,0.311200,0.000000,2026-07-16,,,,,
29737361,2026-07-16T22:41,64093.540000,0.311200,0.000000,2026-07-16,,,,,
29737362,2026-07-16T22:42,64093.540000,0.311200,0.000000,2026-07-16,,,,,
29737363,2026-07-16T22:43,64093.540000,0.311200,0.000000,2026-07-16,,,,,
29737364,2026-07-16T22:44,64093.540000,0.311200,0.000000,2026-07-16,,,,,
29737365,2026-07-16T22:45,64093.540000,0.311200,0.000000,2026-07-16,,,,,
29737366,2026-07-16T22:46,64093.540000,0.311200,0.000000,2026-07-16,,,,,
29737367,2026-07-16T22:47,64093.540000,0.311200,0.000000,2026-07-16,,,,,
29737368,2026-07-16T22:48,64093.540000,0.311200,0.000000,2026-07-16,,,,,
29737369,2026-07-16T22:49,64093.540000,0.311200,0.000000,2026-07-16,,,,,
29737370,2026-07-16T22:50,64093.540000,0.311200,0.000000,2026-07-16,,,,,
29737371,2026-07-16T22:51,64093.540000,0.311200,0.000000,2026-07-16,,,,,
29737372,2026-07-16T22:52,64093.540000,0.311200,0.000000,2026-07-16,,,,,
29737373,2026-07-16T22:53,64093.540000,0.311200,0.000000,2026-07-16,,,,,
29737374,2026-07-16T22:54,64093.540000,0.311200,0.000000,2026-07-16,,,,,
29737375,2026-07-16T22:55,64093.540000,0.311200,0.000000,2026-07-16,,,,,
29737376,2026-07-16T22:56,64093.540000,0.311200,0.000000,2026-07-16,,,,,
29737377,2026-07-16T22:57,64093.540000,0.311200,0.000000,2026-07-16,,,,,
29737378,2026-07-16T22:58,64093.540000,0.311200,0.000000,2026-07-16,,,,,
29737379,2026-07-16T22:59,64093.540000,0.311200,0.000000,2026-07-16,,,,,
29737380,2026-07-16T23:00,64093.540000,0.311200,0.000000,2026-07-16,,,,,
29737381,2026-07-16T23:01,64093.540000,0.311200,0.000000,2026-07-16,,,,,
29737382,2026-07-16T23:02,64093.540000,0.311200,0.000000,2026-07-16,,,,,
29737383,2026-07-16T23:03,64093.540000,0.311200,0.000000,2026-07-16,,,,,
29737384,2026-07-16T23:04,64093.540000,0.311200,0.000000,2026-07-16,,,,,
29737385,2026-07-16T23:05,64093.540000,0.311200,0.000000,2026-07-16,,,,,
29737386,2026-07-16T23:06,64093.540000,0.311200,0.000000,2026-07-16,,,,,
29737387,2026-07-16T23:07,64093.540000,0.311200,0.000000,2026-07-16,,,,,
29737388,2026-07-16T23:08,64093.540000,0.311200,0.000000,2026-07-16,,,,,
29737389,2026-07-16T23:09,64093.540000,0.311200,0.000000,2026-07-16,,,,,
29737390,2026-07-16T23:10,64093.540000,0.311200,0.000000,2026-07-16,,,,,
29737391,2026-07-16T23:11,64093.540000,0.311200,0.000000,2026-07-16,,,,,
29737392,2026-07-16T23:12,64093.540000,0.311200,0.000000,2026-07-16,,,,,
29737393,2026-07-16T23:13,63868.520000,-0.003100,0.000000,2026-07-16,84.000000,0.127340,0.816181,63873.520000,63868.520000
29737394,2026-07-16T23:14,63868.520000,-0.003100,0.632362,2026-07-16,,,,,
29737395,2026-07-16T23:15,63868.520000,-0.003000,0.000000,2026-07-16,,,,,
29737396,2026-07-16T23:16,63868.520000,-0.003000,0.000000,2026-07-16,,,,,
29737397,2026-07-16T23:17,63868.520000,-0.003000,0.000000,2026-07-16,,,,,
29737398,2026-07-16T23:18,63868.520000,-0.003000,0.000000,2026-07-16,,,,,
29737399,2026-07-16T23:19,63868.520000,-0.003000,0.000000,2026-07-16,,,,,
29737400,2026-07-16T23:20,63868.520000,-0.003000,0.000000,2026-07-16,,,,,
29737401,2026-07-16T23:21,63868.520000,-0.003000,0.000000,2026-07-16,,,,,
29737402,2026-07-16T23:22,63868.520000,-0.003000,0.000000,2026-07-16,,,,,
29737403,2026-07-16T23:23,63868.520000,-0.003000,0.000000,2026-07-16,,,,,
29737404,2026-07-16T23:24,63868.520000,-0.003000,0.000000,2026-07-16,,,,,
29737405,2026-07-16T23:25,63868.520000,-0.003000,0.000000,2026-07-16,,,,,
29737406,2026-07-16T23:26,63868.520000,-0.003000,0.000000,2026-07-16,,,,,
29737407,2026-07-16T23:27,63868.520000,-0.003000,0.000000,2026-07-16,,,,,
29737408,2026-07-16T23:28,63868.520000,-0.003000,0.000000,2026-07-16,,,,,
29737409,2026-07-16T23:29,63868.520000,-0.003000,0.000000,2026-07-16,,,,,
29737410,2026-07-16T23:30,63868.520000,-0.003000,0.000000,2026-07-16,,,,,
29737411,2026-07-16T23:31,63868.520000,-0.003000,0.000000,2026-07-16,,,,,
29737412,2026-07-16T23:32,63868.520000,-0.003000,0.000000,2026-07-16,,,,,
29737413,2026-07-16T23:33,63868.520000,-0.003000,0.000000,2026-07-16,,,,,
29737414,2026-07-16T23:34,63868.520000,-0.003000,0.000000,2026-07-16,,,,,
29737415,2026-07-16T23:35,63868.520000,-0.003000,0.000000,2026-07-16,,,,,
29737416,2026-07-16T23:36,63868.520000,-0.003000,0.000000,2026-07-16,,,,,
29737417,2026-07-16T23:37,63868.520000,-0.003000,0.000000,2026-07-16,,,,,
29737418,2026-07-16T23:38,63868.520000,-0.003000,0.000000,2026-07-16,,,,,
29737419,2026-07-16T23:39,63868.520000,-0.003000,0.000000,2026-07-16,,,,,
29737420,2026-07-16T23:40,63868.520000,-0.003000,0.000000,2026-07-16,,,,,
29737421,2026-07-16T23:41,63868.520000,-0.003000,0.000000,2026-07-16,,,,,
29737422,2026-07-16T23:42,63868.520000,-0.003000,0.000000,2026-07-16,,,,,
29737423,2026-07-16T23:43,63868.520000,-0.003000,0.000000,2026-07-16,,,,,
29737424,2026-07-16T23:44,63868.520000,-0.003000,0.000000,2026-07-16,,,,,
29737425,2026-07-16T23:45,63868.520000,-0.003000,0.000000,2026-07-16,,,,,
29737426,2026-07-16T23:46,63868.520000,-0.003000,0.000000,2026-07-16,,,,,
29737427,2026-07-16T23:47,63868.520000,-0.003000,0.000000,2026-07-16,,,,,
29737428,2026-07-16T23:48,63868.520000,-0.003000,0.000000,2026-07-16,,,,,
29737429,2026-07-16T23:49,63868.520000,-0.003000,0.000000,2026-07-16,,,,,
29737430,2026-07-16T23:50,63868.520000,-0.003000,0.000000,2026-07-16,,,,,
29737431,2026-07-16T23:51,63868.520000,-0.003000,0.000000,2026-07-16,,,,,
29737432,2026-07-16T23:52,63868.520000,-0.003000,0.000000,2026-07-16,,,,,
29737433,2026-07-16T23:53,63868.520000,-0.003000,0.000000,2026-07-16,,,,,
29737434,2026-07-16T23:54,63868.520000,-0.003000,0.000000,2026-07-16,,,,,
29737435,2026-07-16T23:55,63868.520000,-0.003000,0.000000,2026-07-16,,,,,
29737436,2026-07-16T23:56,63868.520000,-0.003000,0.000000,2026-07-16,,,,,
29737437,2026-07-16T23:57,63868.520000,-0.003000,0.000000,2026-07-16,,,,,
29737438,2026-07-16T23:58,63868.520000,-0.003000,0.000000,2026-07-16,,,,,
29737439,2026-07-16T23:59,63868.520000,-0.003000,0.000000,2026-07-16,,,,,
29737440,2026-07-17T00:00,63868.520000,-0.003000,0.000000,2026-07-16,,,,,
29737441,2026-07-17T00:01,63868.520000,-0.003000,0.000000,2026-07-16,,,,,
29737442,2026-07-17T00:02,63736.100000,-0.316400,0.000000,2026-07-16,12.000000,0.000380,0.997738,63736.110000,63736.100000
29737443,2026-07-17T00:03,63736.100000,-0.316400,0.995476,2026-07-16,,,,,
29737444,2026-07-17T00:04,63736.100000,-0.316400,0.000000,2026-07-16,,,,,
29737445,2026-07-17T00:05,63736.100000,-0.316400,0.000000,2026-07-16,,,,,
29737446,2026-07-17T00:06,63736.100000,-0.316400,0.000000,2026-07-16,,,,,
29737447,2026-07-17T00:07,63736.100000,-0.316400,0.000000,2026-07-16,,,,,
29737448,2026-07-17T00:08,63736.100000,-0.316400,0.000000,2026-07-16,,,,,
29737449,2026-07-17T00:09,63736.100000,-0.316400,0.000000,2026-07-16,,,,,
29737450,2026-07-17T00:10,63736.100000,-0.323000,0.000000,2026-07-16,,,,,
29737451,2026-07-17T00:11,63736.100000,-0.323000,0.000000,2026-07-16,,,,,
29737452,2026-07-17T00:12,63736.100000,-0.323000,0.000000,2026-07-16,,,,,
29737453,2026-07-17T00:13,63736.100000,-0.323000,0.000000,2026-07-16,,,,,
29737454,2026-07-17T00:14,63728.010000,-0.074600,0.000000,2026-07-16,19.000000,0.010557,0.927035,63728.010000,63725.950000
29737455,2026-07-17T00:15,63728.010000,-0.074600,0.854069,2026-07-16,,,,,
29737456,2026-07-17T00:16,63728.010000,-0.074600,0.000000,2026-07-16,,,,,
29737457,2026-07-17T00:17,63728.010000,-0.074600,0.000000,2026-07-16,,,,,
29737458,2026-07-17T00:18,63728.010000,-0.074600,0.000000,2026-07-16,,,,,
29737459,2026-07-17T00:19,63728.010000,-0.074600,0.000000,2026-07-16,,,,,
29737460,2026-07-17T00:20,63728.010000,-0.074600,0.000000,2026-07-16,,,,,
29737461,2026-07-17T00:21,63728.010000,-0.074600,0.000000,2026-07-16,,,,,
29737462,2026-07-17T00:22,63728.010000,-0.074600,0.000000,2026-07-16,,,,,
29737463,2026-07-17T00:23,63728.010000,-0.074600,0.000000,2026-07-16,,,,,
29737464,2026-07-17T00:24,63728.010000,-0.074600,0.000000,2026-07-16,,,,,
29737465,2026-07-17T00:25,63728.010000,-0.074600,0.000000,2026-07-16,,,,,
29737466,2026-07-17T00:26,63728.010000,-0.118800,0.000000,2026-07-16,,,,,
29737467,2026-07-17T00:27,63728.010000,-0.118800,0.000000,2026-07-16,,,,,
29737468,2026-07-17T00:28,63728.010000,-0.118800,0.000000,2026-07-16,,,,,
29737469,2026-07-17T00:29,63728.010000,-0.118800,0.000000,2026-07-16,,,,,
29737470,2026-07-17T00:30,63728.010000,-0.118800,0.000000,2026-07-16,,,,,
29737471,2026-07-17T00:31,63728.010000,-0.118800,0.000000,2026-07-16,,,,,
29737472,2026-07-17T00:32,63728.010000,-0.118800,0.000000,2026-07-16,,,,,
29737473,2026-07-17T00:33,63728.010000,-0.118800,0.000000,2026-07-16,,,,,
29737474,2026-07-17T00:34,63728.010000,-0.118800,0.000000,2026-07-16,,,,,
29737475,2026-07-17T00:35,63728.010000,-0.118800,0.000000,2026-07-16,,,,,
29737476,2026-07-17T00:36,63728.010000,-0.118800,0.000000,2026-07-16,,,,,
29737477,2026-07-17T00:37,63728.010000,-0.118800,0.000000,2026-07-16,,,,,
29737478,2026-07-17T00:38,63728.010000,-0.118800,0.000000,2026-07-16,,,,,
29737479,2026-07-17T00:39,63728.010000,-0.118800,0.000000,2026-07-16,,,,,
29737480,2026-07-17T00:40,63728.010000,-0.118800,0.000000,2026-07-16,,,,,
29737481,2026-07-17T00:41,63728.010000,-0.118800,0.000000,2026-07-16,,,,,
29737482,2026-07-17T00:42,63728.010000,-0.118800,0.000000,2026-07-16,,,,,
29737483,2026-07-17T00:43,63728.010000,-0.118800,0.000000,2026-07-16,,,,,
29737484,2026-07-17T00:44,63728.010000,-0.118800,0.000000,2026-07-16,,,,,
29737485,2026-07-17T00:45,63728.010000,-0.118800,0.000000,2026-07-16,,,,,
29737486,2026-07-17T00:46,63728.010000,-0.118800,0.000000,2026-07-16,,,,,
29737487,2026-07-17T00:47,63728.010000,-0.118800,0.000000,2026-07-16,,,,,
29737488,2026-07-17T00:48,63728.010000,-0.118800,0.000000,2026-07-16,,,,,
29737489,2026-07-17T00:49,63728.010000,-0.118800,0.000000,2026-07-16,,,,,
29737490,2026-07-17T00:50,63728.010000,-0.118800,0.000000,2026-07-16,,,,,
29737491,2026-07-17T00:51,63728.010000,-0.118800,0.000000,2026-07-16,,,,,
29737492,2026-07-17T00:52,63728.010000,-0.118800,0.000000,2026-07-16,,,,,
29737493,2026-07-17T00:53,63728.010000,-0.118800,0.000000,2026-07-16,,,,,
29737494,2026-07-17T00:54,63728.010000,-0.118800,0.000000,2026-07-16,,,,,
29737495,2026-07-17T00:55,63728.010000,-0.118800,0.000000,2026-07-16,,,,,
29737496,2026-07-17T00:56,63728.010000,-0.118800,0.000000,2026-07-16,,,,,
29737497,2026-07-17T00:57,63728.010000,-0.118800,0.000000,2026-07-16,,,,,
29737498,2026-07-17T00:58,63728.010000,-0.118800,0.000000,2026-07-16,,,,,
29737499,2026-07-17T00:59,63728.010000,-0.118800,0.000000,2026-07-16,,,,,
29737500,2026-07-17T01:00,63728.010000,-0.118800,0.000000,2026-07-16,,,,,
29737501,2026-07-17T01:01,63728.010000,-0.118800,0.000000,2026-07-16,,,,,
29737502,2026-07-17T01:02,63728.010000,-0.118800,0.000000,2026-07-16,,,,,
29737503,2026-07-17T01:03,63728.010000,-0.118800,0.000000,2026-07-16,,,,,
29737504,2026-07-17T01:04,63728.010000,-0.118800,0.000000,2026-07-16,,,,,
29737505,2026-07-17T01:05,63728.010000,-0.118800,0.000000,2026-07-16,,,,,
29737506,2026-07-17T01:06,63728.010000,-0.118800,0.000000,2026-07-16,,,,,
29737507,2026-07-17T01:07,63728.010000,-0.118800,0.000000,2026-07-16,,,,,
29737508,2026-07-17T01:08,63728.010000,-0.118800,0.000000,2026-07-16,,,,,
29737509,2026-07-17T01:09,63728.010000,-0.118800,0.000000,2026-07-16,,,,,
29737510,2026-07-17T01:10,63728.010000,-0.118800,0.000000,2026-07-16,,,,,
29737511,2026-07-17T01:11,63728.010000,-0.118800,0.000000,2026-07-16,,,,,
29737512,2026-07-17T01:12,63728.010000,-0.118800,0.000000,2026-07-16,,,,,
29737513,2026-07-17T01:13,63728.010000,-0.118800,0.000000,2026-07-16,,,,,
29737514,2026-07-17T01:14,63728.010000,-0.118800,0.000000,2026-07-16,,,,,
29737515,2026-07-17T01:15,63917.760000,-0.589800,0.000000,2026-07-16,123.000000,0.696814,0.739425,63963.480000,63917.760000
29737516,2026-07-17T01:16,63917.760000,-0.589800,0.478850,2026-07-16,,,,,
29737517,2026-07-17T01:17,63917.760000,-0.589800,0.000000,2026-07-16,,,,,
29737518,2026-07-17T01:18,63917.760000,-0.589800,0.000000,2026-07-16,,,,,
29737519,2026-07-17T01:19,63917.760000,-0.589800,0.000000,2026-07-16,,,,,
29737520,2026-07-17T01:20,63917.760000,-0.589800,0.000000,2026-07-16,,,,,
29737521,2026-07-17T01:21,63917.760000,-0.589800,0.000000,2026-07-16,,,,,
29737522,2026-07-17T01:22,63917.760000,-0.589800,0.000000,2026-07-16,,,,,
29737523,2026-07-17T01:23,63917.760000,-0.589800,0.000000,2026-07-16,,,,,
29737524,2026-07-17T01:24,63917.760000,-0.589800,0.000000,2026-07-16,,,,,
29737525,2026-07-17T01:25,63917.760000,-0.589800,0.000000,2026-07-16,,,,,
29737526,2026-07-17T01:26,63917.760000,-0.589800,0.000000,2026-07-16,,,,,
29737527,2026-07-17T01:27,63917.760000,-0.589800,0.000000,2026-07-16,,,,,
29737528,2026-07-17T01:28,63917.760000,-0.589800,0.000000,2026-07-16,,,,,
29737529,2026-07-17T01:29,63917.760000,-0.589800,0.000000,2026-07-16,,,,,
29737530,2026-07-17T01:30,63917.760000,-0.589800,0.000000,2026-07-16,,,,,
29737531,2026-07-17T01:31,63917.760000,-0.589800,0.000000,2026-07-16,,,,,
29737532,2026-07-17T01:32,63826.020000,-0.404800,0.000000,2026-07-16,241.000000,3.427404,0.025676,63877.980000,63809.110000
29737533,2026-07-17T01:33,63826.020000,-0.404800,-0.948649,2026-07-16,,,,,
29737534,2026-07-17T01:34,63826.020000,-0.404800,0.000000,2026-07-16,,,,,
29737535,2026-07-17T01:35,63826.020000,-0.404800,0.000000,2026-07-16,,,,,
29737536,2026-07-17T01:36,63826.020000,-0.404800,0.000000,2026-07-16,,,,,
29737537,2026-07-17T01:37,63826.020000,-0.404800,0.000000,2026-07-16,,,,,
29737538,2026-07-17T01:38,63826.020000,-0.404800,0.000000,2026-07-16,,,,,
29737539,2026-07-17T01:39,63826.020000,-0.404800,0.000000,2026-07-16,,,,,
29737540,2026-07-17T01:40,63826.020000,-0.404800,0.000000,2026-07-16,,,,,
29737541,2026-07-17T01:41,63826.020000,-0.404800,0.000000,2026-07-16,,,,,
29737542,2026-07-17T01:42,63826.020000,-0.404800,0.000000,2026-07-16,,,,,
29737543,2026-07-17T01:43,63826.020000,-0.404800,0.000000,2026-07-16,,,,,
29737544,2026-07-17T01:44,63826.020000,-0.404800,0.000000,2026-07-16,,,,,
29737545,2026-07-17T01:45,63826.020000,-0.404800,0.000000,2026-07-16,,,,,
29737546,2026-07-17T01:46,63826.020000,-0.404800,0.000000,2026-07-16,,,,,
29737547,2026-07-17T01:47,63826.020000,-0.404800,0.000000,2026-07-16,,,,,
29737548,2026-07-17T01:48,63826.020000,-0.404800,0.000000,2026-07-16,,,,,
29737549,2026-07-17T01:49,63826.020000,-0.404800,0.000000,2026-07-16,,,,,
29737550,2026-07-17T01:50,63817.440000,0.427800,0.000000,2026-07-16,,,,,
29737551,2026-07-17T01:51,63817.440000,0.427800,0.000000,2026-07-16,,,,,
29737552,2026-07-17T01:52,63817.440000,0.427800,0.000000,2026-07-16,,,,,
29737553,2026-07-17T01:53,63817.440000,0.427800,0.000000,2026-07-16,,,,,
29737554,2026-07-17T01:54,63817.440000,0.427800,0.000000,2026-07-16,,,,,
29737555,2026-07-17T01:55,63817.440000,0.427800,0.000000,2026-07-16,,,,,
29737556,2026-07-17T01:56,63817.440000,0.427800,0.000000,2026-07-16,,,,,
29737557,2026-07-17T01:57,63817.440000,0.427800,0.000000,2026-07-16,,,,,
29737558,2026-07-17T01:58,63817.440000,0.427800,0.000000,2026-07-16,,,,,
29737559,2026-07-17T01:59,63817.440000,0.427800,0.000000,2026-07-16,,,,,
29737560,2026-07-17T02:00,63817.440000,0.427800,0.000000,2026-07-16,,,,,
29737561,2026-07-17T02:01,63817.440000,0.427800,0.000000,2026-07-16,,,,,
29737562,2026-07-17T02:02,63817.440000,0.427800,0.000000,2026-07-16,,,,,
29737563,2026-07-17T02:03,63817.440000,0.427800,0.000000,2026-07-16,,,,,
29737564,2026-07-17T02:04,63817.440000,0.427800,0.000000,2026-07-16,,,,,
29737565,2026-07-17T02:05,63817.440000,0.427800,0.000000,2026-07-16,,,,,
29737566,2026-07-17T02:06,63817.440000,0.427800,0.000000,2026-07-16,,,,,
29737567,2026-07-17T02:07,63817.440000,0.427800,0.000000,2026-07-16,,,,,
29737568,2026-07-17T02:08,63817.440000,0.427800,0.000000,2026-07-16,,,,,
29737569,2026-07-17T02:09,63817.440000,0.427800,0.000000,2026-07-16,,,,,
29737570,2026-07-17T02:10,63817.440000,0.427800,0.000000,2026-07-16,,,,,
29737571,2026-07-17T02:11,63817.440000,0.427800,0.000000,2026-07-16,,,,,
29737572,2026-07-17T02:12,63817.440000,0.427800,0.000000,2026-07-16,,,,,
29737573,2026-07-17T02:13,63817.440000,0.427800,0.000000,2026-07-16,,,,,
29737574,2026-07-17T02:14,63817.440000,0.427800,0.000000,2026-07-16,,,,,
29737575,2026-07-17T02:15,63817.440000,0.427800,0.000000,2026-07-16,,,,,
29737576,2026-07-17T02:16,63581.370000,-0.347600,0.000000,2026-07-16,73.000000,1.395223,0.896435,63588.520000,63571.650000
29737577,2026-07-17T02:17,63581.370000,-0.347600,0.792870,2026-07-16,,,,,
29737578,2026-07-17T02:18,63581.370000,-0.347600,0.000000,2026-07-16,,,,,
29737579,2026-07-17T02:19,63581.370000,-0.347600,0.000000,2026-07-16,,,,,
29737580,2026-07-17T02:20,63581.370000,-0.347600,0.000000,2026-07-16,,,,,
29737581,2026-07-17T02:21,63581.370000,-0.347600,0.000000,2026-07-16,,,,,
29737582,2026-07-17T02:22,63581.370000,-0.347600,0.000000,2026-07-16,,,,,
29737583,2026-07-17T02:23,63581.370000,-0.347600,0.000000,2026-07-16,,,,,
29737584,2026-07-17T02:24,63581.370000,-0.347600,0.000000,2026-07-16,,,,,
29737585,2026-07-17T02:25,63581.370000,-0.347600,0.000000,2026-07-16,,,,,
29737586,2026-07-17T02:26,63581.370000,-0.347600,0.000000,2026-07-16,,,,,
29737587,2026-07-17T02:27,63581.370000,-0.347600,0.000000,2026-07-16,,,,,
29737588,2026-07-17T02:28,63581.370000,-0.347600,0.000000,2026-07-16,,,,,
29737589,2026-07-17T02:29,63581.370000,-0.347600,0.000000,2026-07-16,,,,,
29737590,2026-07-17T02:30,63581.370000,-0.347600,0.000000,2026-07-16,,,,,
29737591,2026-07-17T02:31,63581.370000,-0.347600,0.000000,2026-07-16,,,,,
29737592,2026-07-17T02:32,63581.370000,-0.347600,0.000000,2026-07-16,,,,,
29737593,2026-07-17T02:33,63581.370000,-0.347600,0.000000,2026-07-16,,,,,
29737594,2026-07-17T02:34,63583.430000,0.169500,0.000000,2026-07-16,,,,,
29737595,2026-07-17T02:35,63583.430000,0.169500,0.000000,2026-07-16,,,,,
29737596,2026-07-17T02:36,63583.430000,0.169500,0.000000,2026-07-16,,,,,
29737597,2026-07-17T02:37,63583.430000,0.169500,0.000000,2026-07-16,,,,,
29737598,2026-07-17T02:38,63583.430000,0.169500,0.000000,2026-07-16,,,,,
29737599,2026-07-17T02:39,63583.430000,0.169500,0.000000,2026-07-16,,,,,
29737600,2026-07-17T02:40,63583.430000,0.169500,0.000000,2026-07-16,,,,,
29737601,2026-07-17T02:41,63583.430000,0.169500,0.000000,2026-07-16,,,,,
29737602,2026-07-17T02:42,63583.430000,0.169500,0.000000,2026-07-16,,,,,
29737603,2026-07-17T02:43,63583.430000,0.169500,0.000000,2026-07-16,,,,,
29737604,2026-07-17T02:44,63583.430000,0.169500,0.000000,2026-07-16,,,,,
29737605,2026-07-17T02:45,63583.430000,0.169500,0.000000,2026-07-16,,,,,
29737606,2026-07-17T02:46,63583.430000,0.169500,0.000000,2026-07-16,,,,,
29737607,2026-07-17T02:47,63583.430000,0.169500,0.000000,2026-07-16,,,,,
29737608,2026-07-17T02:48,63583.430000,0.169500,0.000000,2026-07-16,,,,,
29737609,2026-07-17T02:49,63583.430000,0.169500,0.000000,2026-07-16,,,,,
29737610,2026-07-17T02:50,63583.430000,0.169500,0.000000,2026-07-16,,,,,
29737611,2026-07-17T02:51,63583.430000,0.169500,0.000000,2026-07-16,,,,,
29737612,2026-07-17T02:52,63583.430000,0.169500,0.000000,2026-07-16,,,,,
29737613,2026-07-17T02:53,63583.430000,0.169500,0.000000,2026-07-16,,,,,
29737614,2026-07-17T02:54,63583.430000,0.169500,0.000000,2026-07-16,,,,,
29737615,2026-07-17T02:55,63583.430000,0.169500,0.000000,2026-07-16,,,,,
29737616,2026-07-17T02:56,63583.430000,0.169500,0.000000,2026-07-16,,,,,
29737617,2026-07-17T02:57,63583.430000,0.169500,0.000000,2026-07-16,,,,,
29737618,2026-07-17T02:58,63583.430000,0.169500,0.000000,2026-07-16,,,,,
29737619,2026-07-17T02:59,63583.430000,0.169500,0.000000,2026-07-16,,,,,
29737620,2026-07-17T03:00,63583.430000,0.169500,0.000000,2026-07-16,,,,,
29737621,2026-07-17T03:01,63583.430000,0.169500,0.000000,2026-07-16,,,,,
29737622,2026-07-17T03:02,63583.430000,0.169500,0.000000,2026-07-16,,,,,
29737623,2026-07-17T03:03,63583.430000,0.169500,0.000000,2026-07-16,,,,,
29737624,2026-07-17T03:04,63583.430000,0.169500,0.000000,2026-07-16,,,,,
29737625,2026-07-17T03:05,63583.430000,0.169500,0.000000,2026-07-16,,,,,
29737626,2026-07-17T03:06,63583.430000,0.169500,0.000000,2026-07-16,,,,,
29737627,2026-07-17T03:07,63592.490000,0.275200,0.000000,2026-07-16,20.000000,0.077529,0.969262,63591.190000,63582.810000
29737628,2026-07-17T03:08,63592.490000,0.275200,0.938524,2026-07-16,,,,,
29737629,2026-07-17T03:09,63592.490000,0.275200,0.000000,2026-07-16,,,,,
29737630,2026-07-17T03:10,63592.490000,0.275200,0.000000,2026-07-16,,,,,
29737631,2026-07-17T03:11,63592.490000,0.275200,0.000000,2026-07-16,,,,,
29737632,2026-07-17T03:12,63592.490000,0.275200,0.000000,2026-07-16,,,,,
29737633,2026-07-17T03:13,63592.490000,0.275200,0.000000,2026-07-16,,,,,
29737634,2026-07-17T03:14,63592.490000,0.275200,0.000000,2026-07-16,,,,,
29737635,2026-07-17T03:15,63592.490000,0.275200,0.000000,2026-07-16,,,,,
29737636,2026-07-17T03:16,63592.490000,0.275200,0.000000,2026-07-16,,,,,
29737637,2026-07-17T03:17,63592.490000,0.338300,0.000000,2026-07-16,,,,,
29737638,2026-07-17T03:18,63592.490000,0.338300,0.000000,2026-07-16,,,,,
29737639,2026-07-17T03:19,63592.490000,0.338300,0.000000,2026-07-16,,,,,
29737640,2026-07-17T03:20,63592.490000,0.338300,0.000000,2026-07-16,,,,,
29737641,2026-07-17T03:21,63592.490000,0.338300,0.000000,2026-07-16,,,,,
29737642,2026-07-17T03:22,63592.490000,0.338300,0.000000,2026-07-16,,,,,
29737643,2026-07-17T03:23,63592.490000,0.338300,0.000000,2026-07-16,,,,,
29737644,2026-07-17T03:24,63592.490000,0.338300,0.000000,2026-07-16,,,,,
29737645,2026-07-17T03:25,63592.490000,0.338300,0.000000,2026-07-16,,,,,
29737646,2026-07-17T03:26,63592.490000,0.338300,0.000000,2026-07-16,,,,,
29737647,2026-07-17T03:27,63592.490000,0.338300,0.000000,2026-07-16,,,,,
29737648,2026-07-17T03:28,63592.490000,0.338300,0.000000,2026-07-16,,,,,
29737649,2026-07-17T03:29,63592.490000,0.338300,0.000000,2026-07-16,,,,,
29737650,2026-07-17T03:30,63592.490000,0.338300,0.000000,2026-07-16,,,,,
29737651,2026-07-17T03:31,63592.490000,0.338300,0.000000,2026-07-16,,,,,
29737652,2026-07-17T03:32,63599.460000,0.032200,0.000000,2026-07-16,66.000000,0.089946,0.965352,63600.000000,63594.920000
29737653,2026-07-17T03:33,63598.540000,-0.283900,0.930713,2026-07-16,264.000000,0.526521,0.483102,63605.010000,63579.990000
29737654,2026-07-17T03:34,63640.220000,-0.065100,-0.032806,2026-07-16,451.000000,11.608951,0.838357,63644.500000,63580.000000
29737655,2026-07-17T03:35,63637.480000,0.102900,0.672929,2026-07-16,305.000000,1.339792,0.115256,63640.450000,63606.860000
29737656,2026-07-17T03:36,63614.740000,-0.134000,-0.765034,2026-07-16,287.000000,1.114653,0.703878,63637.630000,63614.730000
29737657,2026-07-17T03:37,63605.010000,-0.446300,0.350600,2026-07-16,233.000000,0.355324,0.488423,63625.630000,63605.010000
29737658,2026-07-17T03:38,63601.260000,0.201800,0.129210,2026-07-16,263.000000,0.250948,0.397787,63605.020000,63596.670000
29737659,2026-07-17T03:39,63602.150000,-0.420900,-0.204425,2026-07-16,246.000000,0.158914,0.670594,63605.020000,63602.150000
29737660,2026-07-17T03:40,63556.900000,0.178300,0.342734,2026-07-16,351.000000,2.802350,0.036700,63602.160000,63550.550000
29737661,2026-07-17T03:41,63546.440000,-0.478700,-0.749606,2026-07-16,285.000000,1.476484,0.255594,63559.380000,63546.440000
29737662,2026-07-17T03:42,63578.290000,0.188400,-0.837364,2026-07-16,294.000000,0.966140,0.393091,63578.290000,63546.440000
29737663,2026-07-17T03:43,63571.730000,0.250300,-0.216491,2026-07-16,267.000000,0.828128,0.378104,63578.290000,63559.150000
29737664,2026-07-17T03:44,63566.930000,-0.082400,-0.240189,2026-07-16,340.000000,4.251929,0.082316,63579.310000,63546.300000
29737665,2026-07-17T03:45,63537.630000,0.228600,-0.837146,2026-07-16,330.000000,0.962058,0.340548,63579.340000,63527.430000
29737666,2026-07-17T03:46,63537.630000,0.228600,-0.311931,2026-07-16,,,,,
29737667,2026-07-17T03:47,63537.630000,0.228600,0.000000,2026-07-16,,,,,
29737668,2026-07-17T03:48,63537.630000,0.228600,0.000000,2026-07-16,,,,,
29737669,2026-07-17T03:49,63503.060000,0.095600,0.000000,2026-07-16,180.000000,0.462836,0.739746,63525.780000,63496.590000
29737670,2026-07-17T03:50,63475.770000,-0.459600,0.479510,2026-07-16,300.000000,1.257739,0.142477,63504.570000,63475.770000
29737671,2026-07-17T03:51,63485.580000,-0.067000,-0.715070,2026-07-16,261.000000,0.381033,0.558359,63485.590000,63471.570000
29737672,2026-07-17T03:52,63496.580000,0.145300,0.090956,2026-07-16,350.000000,2.819392,0.275621,63513.270000,63485.580000
29737673,2026-07-17T03:53,63501.710000,-0.142000,-0.447173,2026-07-16,257.000000,0.446915,0.261764,63504.920000,63495.860000
29737674,2026-07-17T03:54,63510.930000,0.036400,-0.476371,2026-07-16,281.000000,0.439757,0.414624,63535.210000,63501.710000
29737675,2026-07-17T03:55,63527.670000,0.328300,-0.231519,2026-07-16,291.000000,1.005388,0.681082,63534.110000,63503.300000
29737676,2026-07-17T03:56,63530.380000,0.059100,0.433985,2026-07-16,300.000000,0.865714,0.172735,63533.990000,63519.160000
29737677,2026-07-17T03:57,63517.930000,0.168100,-0.733846,2026-07-16,265.000000,0.638300,0.403463,63530.380000,63513.270000
29737678,2026-07-17T03:58,63513.270000,-0.111700,-0.194105,2026-07-16,234.000000,0.169111,0.601737,63524.710000,63513.270000
29737679,2026-07-17T03:59,63508.150000,-0.125300,0.247837,2026-07-16,234.000000,0.363232,0.323437,63516.570000,63508.140000
29737680,2026-07-17T04:00,63477.070000,-0.378300,-0.298510,2026-07-16,358.000000,3.382624,0.110545,63508.150000,63463.470000
29737681,2026-07-17T04:01,63474.710000,-0.080800,-0.786976,2026-07-16,325.000000,1.159520,0.134222,63503.950000,63474.700000
29737682,2026-07-17T04:02,63463.230000,0.189500,-0.723363,2026-07-16,282.000000,1.188827,0.163719,63475.120000,63452.620000
29737683,2026-07-17T04:03,63449.990000,0.346400,-0.714246,2026-07-16,343.000000,2.981194,0.465039,63463.220000,63430.300000
29737684,2026-07-17T04:04,63449.990000,-0.720400,0.004936,2026-07-16,279.000000,4.440738,0.763521,63454.760000,63439.750000
29737685,2026-07-17T04:05,63453.490000,-0.643200,0.518073,2026-07-16,276.000000,7.001747,0.935682,63454.760000,63444.980000
29737686,2026-07-17T04:06,63446.540000,0.317700,0.809316,2026-07-16,286.000000,2.483503,0.356253,63449.290000,63434.040000
29737687,2026-07-17T04:07,63443.070000,0.175100,-0.210080,2026-07-16,235.000000,0.781394,0.291377,63446.550000,63435.120000
29737688,2026-07-17T04:08,63453.880000,0.448000,-0.418339,2026-07-16,310.000000,2.293899,0.434939,63454.760000,63443.070000
29737689,2026-07-17T04:09,63446.180000,-0.058700,-0.130920,2026-07-16,363.000000,12.728958,0.254289,63463.220000,63438.640000
29737690,2026-07-17T04:10,63468.130000,-0.147800,-0.499975,2026-07-16,274.000000,0.942542,0.631165,63468.140000,63443.210000
29737691,2026-07-17T04:11,63463.990000,-0.044000,0.646763,2026-07-16,291.000000,1.667294,0.509100,63468.140000,63450.720000
29737692,2026-07-17T04:12,63474.710000,-0.101100,0.017974,2026-07-16,285.000000,2.116100,0.652183,63474.710000,63463.980000
29737693,2026-07-17T04:13,63438.210000,-0.238500,0.304757,2026-07-16,301.000000,2.802494,0.396270,63489.430000,63438.210000
29737694,2026-07-17T04:14,63442.980000,-0.002700,-0.207973,2026-07-16,273.000000,2.047857,0.695490,63446.970000,63434.200000
29737695,2026-07-17T04:15,63475.740000,-0.104800,0.393196,2026-07-16,562.000000,13.886629,0.741928,63487.340000,63440.010000
29737696,2026-07-17T04:16,63459.070000,-0.333600,0.442829,2026-07-16,509.000000,5.237153,0.270227,63475.740000,63459.060000
29737697,2026-07-17T04:17,63413.190000,-0.209200,-0.418970,2026-07-16,225.000000,3.142321,0.043916,63459.060000,63413.200000
29737698,2026-07-17T04:18,63391.040000,0.169600,-0.911428,2026-07-16,576.000000,16.188240,0.137569,63417.810000,63391.990000
29737699,2026-07-17T04:19,63287.100000,0.191200,-0.709124,2026-07-16,1306.000000,43.531361,0.179175,63400.680000,63264.890000
29737700,2026-07-17T04:20,63287.880000,0.422000,-0.647431,2026-07-16,702.000000,10.003734,0.271381,63288.670000,63255.480000
29737701,2026-07-17T04:21,63287.290000,-0.112400,-0.463839,2026-07-16,477.000000,6.973303,0.255756,63296.420000,63268.510000
29737702,2026-07-17T04:22,63284.310000,0.242700,-0.477919,2026-07-16,376.000000,2.988017,0.084035,63294.480000,63277.010000
29737703,2026-07-17T04:23,63315.650000,0.537700,-0.833555,2026-07-16,523.000000,7.836671,0.123363,63317.270000,63282.510000
29737704,2026-07-17T04:24,63337.980000,0.326800,-0.755024,2026-07-16,575.000000,9.084482,0.074657,63346.750000,63315.650000
29737705,2026-07-17T04:25,63355.960000,0.041500,-0.855458,2026-07-16,449.000000,5.580036,0.299552,63355.960000,63333.240000
29737706,2026-07-17T04:26,63329.790000,0.107900,-0.396575,2026-07-16,248.000000,3.103413,0.240722,63352.110000,63320.630000
29737707,2026-07-17T04:27,63308.620000,-0.327700,-0.461491,2026-07-16,304.000000,1.321497,0.375342,63332.000000,63292.260000
29737708,2026-07-17T04:28,63308.940000,0.001800,-0.486419,2026-07-16,497.000000,4.348344,0.622344,63333.590000,63296.430000
29737709,2026-07-17T04:29,63326.740000,-0.254100,0.440657,2026-07-16,291.000000,1.652118,0.608889,63326.750000,63308.950000
29737710,2026-07-17T04:30,63310.020000,-0.021000,0.011711,2026-07-16,276.000000,2.761112,0.727900,63326.750000,63310.020000
29737711,2026-07-17T04:31,63320.520000,-0.254400,0.636722,2026-07-16,272.000000,2.927531,0.821892,63321.330000,63310.020000
29737712,2026-07-17T04:32,63333.580000,0.257800,0.644810,2026-07-16,327.000000,2.300289,0.662850,63333.590000,63288.100000
29737713,2026-07-17T04:33,63335.040000,-0.442200,0.394461,2026-07-16,262.000000,0.847978,0.374347,63349.900000,63333.590000
29737714,2026-07-17T04:34,63296.430000,-0.151700,-0.832018,2026-07-16,400.000000,6.228211,0.401404,63335.050000,63270.230000
29737715,2026-07-17T04:35,63330.670000,0.200600,-0.166702,2026-07-16,247.000000,1.328642,0.852526,63333.420000,63296.430000
29737716,2026-07-17T04:36,63323.040000,-0.343900,0.668633,2026-07-16,316.000000,2.912634,0.129589,63337.990000,63316.440000
29737717,2026-07-17T04:37,63310.710000,-0.029200,-0.755969,2026-07-16,372.000000,2.227583,0.605424,63323.040000,63288.090000
29737718,2026-07-17T04:38,63310.370000,-0.094200,0.239373,2026-07-16,385.000000,3.963838,0.821952,63323.040000,63286.570000
29737719,2026-07-17T04:39,63348.430000,0.263300,0.643727,2026-07-16,432.000000,4.341015,0.735646,63352.480000,63310.360000
29737720,2026-07-17T04:40,63334.650000,-0.474700,0.471122,2026-07-16,227.000000,1.996294,0.273445,63348.430000,63326.020000
29737721,2026-07-17T04:41,63352.480000,0.334800,-0.452384,2026-07-16,410.000000,5.506702,0.601969,63369.370000,63310.480000
29737722,2026-07-17T04:42,63371.490000,0.144400,0.204060,2026-07-16,189.000000,0.680052,0.351010,63380.000000,63352.470000
29737723,2026-07-17T04:43,63431.990000,0.233400,-0.300415,2026-07-16,312.000000,1.870607,0.652089,63432.000000,63371.490000
29737724,2026-07-17T04:44,63413.210000,0.274400,0.230300,2026-07-16,163.000000,0.584048,0.251772,63431.990000,63413.200000
29737725,2026-07-17T04:45,63499.990000,0.276000,-0.316691,2026-07-16,454.000000,5.499666,0.717951,63500.000000,63413.210000
29737726,2026-07-17T04:46,63499.990000,0.021700,0.303505,2026-07-16,295.000000,2.560282,0.537234,63513.090000,63466.000000
29737727,2026-07-17T04:47,63486.060000,-0.308400,0.366467,2026-07-16,116.000000,0.513589,0.241521,63499.990000,63486.060000
29737728,2026-07-17T04:48,63506.680000,-0.034200,-0.516958,2026-07-16,304.000000,3.280870,0.872482,63524.440000,63486.060000
29737729,2026-07-17T04:49,63481.320000,-0.182600,0.704605,2026-07-16,136.000000,0.997897,0.188974,63506.670000,63481.320000
29737730,2026-07-17T04:50,63455.790000,-0.346500,-0.592680,2026-07-16,152.000000,0.939552,0.239732,63481.320000,63455.800000
29737731,2026-07-17T04:51,63456.430000,-0.226900,-0.520511,2026-07-16,196.000000,1.522641,0.963438,63456.430000,63450.730000
29737732,2026-07-17T04:52,63474.150000,0.274300,0.926875,2026-07-16,381.000000,3.940911,0.851840,63474.760000,63456.420000
29737733,2026-07-17T04:53,63446.620000,-0.087100,0.703680,2026-07-16,179.000000,2.095887,0.214011,63473.680000,63442.380000
29737734,2026-07-17T04:54,63433.460000,-0.810600,-0.571979,2026-07-16,167.000000,0.339128,0.210196,63446.620000,63430.620000
29737735,2026-07-17T04:55,63424.020000,-0.616900,-0.578183,2026-07-16,256.000000,4.103036,0.814167,63434.100000,63404.860000
29737736,2026-07-17T04:56,63440.400000,-0.018900,0.628490,2026-07-16,304.000000,2.585221,0.972628,63440.580000,63424.020000
29737737,2026-07-17T04:57,63421.540000,-0.349500,0.856878,2026-07-16,207.000000,0.408354,0.253833,63441.970000,63421.530000
29737738,2026-07-17T04:58,63429.870000,0.401800,-0.273794,2026-07-16,226.000000,0.794202,0.488569,63429.870000,63409.020000
29737739,2026-07-17T04:59,63429.870000,-0.209400,-0.022862,2026-07-16,246.000000,0.170004,0.455437,63429.870000,63423.170000
29737740,2026-07-17T05:00,63380.310000,-0.387100,-0.085117,2026-07-16,268.000000,0.972115,0.137173,63417.870000,63380.300000
29737741,2026-07-17T05:01,63355.310000,-0.549400,-0.725807,2026-07-16,299.000000,1.718954,0.554260,63380.310000,63351.980000
29737742,2026-07-17T05:02,63305.400000,-0.214800,0.058320,2026-07-16,317.000000,1.006000,0.547947,63355.300000,63305.400000
29737743,2026-07-17T05:03,63333.960000,0.017900,0.191927,2026-07-16,368.000000,4.632359,0.778422,63333.960000,63304.770000
29737744,2026-07-17T05:04,63358.120000,-0.139200,0.561923,2026-07-16,271.000000,1.284771,0.548297,63363.140000,63333.960000
29737745,2026-07-17T05:05,63329.790000,-0.285200,0.059854,2026-07-16,407.000000,5.790021,0.205075,63367.320000,63317.280000
29737746,2026-07-17T05:06,63336.270000,0.246800,-0.590712,2026-07-16,299.000000,2.817665,0.327127,63339.370000,63313.110000
29737747,2026-07-17T05:07,63362.070000,0.060400,-0.346116,2026-07-16,333.000000,3.530143,0.890739,63362.080000,63332.980000
29737748,2026-07-17T05:08,63347.100000,-0.173700,0.781487,2026-07-16,237.000000,1.509428,0.360044,63362.080000,63347.090000
29737749,2026-07-17T05:09,63357.990000,-0.123500,-0.279676,2026-07-16,337.000000,1.788821,0.698240,63362.910000,63334.580000
29737750,2026-07-17T05:10,63382.010000,0.089000,0.156934,2026-07-16,283.000000,2.160013,0.578774,63382.020000,63349.180000
29737751,2026-07-17T05:11,63338.130000,-0.434100,0.397110,2026-07-16,244.000000,1.932610,0.507941,63381.520000,63338.140000
29737752,2026-07-17T05:12,63350.710000,-0.284400,0.124680,2026-07-16,337.000000,2.054908,0.832534,63357.970000,63338.140000
29737753,2026-07-17T05:13,63357.990000,0.444100,0.620700,2026-07-16,274.000000,2.173729,0.638283,63358.000000,63338.140000
29737754,2026-07-17T05:14,63370.920000,-0.245500,0.275592,2026-07-16,327.000000,3.478437,0.354288,63387.380000,63357.990000
29737755,2026-07-17T05:15,63354.820000,-0.313100,-0.291125,2026-07-16,194.000000,0.829014,0.346193,63378.520000,63354.810000
29737756,2026-07-17T05:16,63359.210000,-0.061600,-0.295545,2026-07-16,298.000000,1.788695,0.859044,63359.210000,63338.160000
29737757,2026-07-17T05:17,63350.650000,0.003600,0.669774,2026-07-16,261.000000,1.644914,0.486851,63370.050000,63350.640000
29737758,2026-07-17T05:18,63335.120000,-0.254400,0.005021,2026-07-16,187.000000,1.353316,0.343172,63350.960000,63335.120000
29737759,2026-07-17T05:19,63327.460000,-0.386900,-0.307716,2026-07-16,159.000000,0.676141,0.113427,63335.120000,63327.460000
29737760,2026-07-17T05:20,63308.940000,-0.527300,-0.734024,2026-07-16,274.000000,1.260513,0.280614,63327.470000,63308.940000
29737761,2026-07-17T05:21,63314.320000,-0.275700,-0.486782,2026-07-16,308.000000,2.293220,0.645801,63325.520000,63300.800000
29737762,2026-07-17T05:22,63292.900000,-0.451500,0.323469,2026-07-16,351.000000,2.745414,0.445274,63321.430000,63292.900000
29737763,2026-07-17T05:23,63311.650000,-0.035500,-0.110629,2026-07-16,279.000000,2.323818,0.952117,63312.000000,63292.260000
29737764,2026-07-17T05:24,63292.260000,-0.485600,0.904172,2026-07-16,290.000000,1.658729,0.269082,63311.650000,63292.260000
29737765,2026-07-17T05:25,63257.900000,-0.153000,-0.642663,2026-07-16,374.000000,5.931954,0.542871,63292.260000,63252.930000
29737766,2026-07-17T05:26,63243.620000,0.281700,0.264718,2026-07-16,325.000000,3.279730,0.380088,63259.620000,63238.460000
29737767,2026-07-17T05:27,63255.810000,-0.128800,-0.242580,2026-07-16,280.000000,1.704379,0.528417,63258.900000,63241.670000
29737768,2026-07-17T05:28,63233.210000,0.230400,0.066766,2026-07-16,413.000000,7.020023,0.496009,63268.760000,63230.850000
29737769,2026-07-17T05:29,63149.270000,0.058300,-0.008251,2026-07-16,992.000000,49.126218,0.358817,63237.430000,63135.010000
29737770,2026-07-17T05:30,63150.490000,-0.426700,-0.282368,2026-07-16,326.000000,3.567218,0.807476,63175.390000,63149.270000
29737771,2026-07-17T05:31,63137.980000,-0.498800,0.614977,2026-07-16,275.000000,0.862852,0.795351,63158.820000,63137.970000
29737772,2026-07-17T05:32,63162.880000,0.433900,0.590571,2026-07-16,304.000000,2.686891,0.305608,63162.870000,63137.970000
29737773,2026-07-17T05:33,63147.380000,-0.286700,-0.390026,2026-07-16,227.000000,0.869835,0.581220,63174.580000,63147.370000
29737774,2026-07-17T05:34,63121.440000,-0.346400,0.169893,2026-07-16,323.000000,2.307463,0.282788,63148.770000,63116.810000
29737775,2026-07-17T05:35,63092.100000,-0.431100,-0.434424,2026-07-16,483.000000,6.921102,0.153644,63125.450000,63071.320000
29737776,2026-07-17T05:36,63066.010000,0.013500,-0.691958,2026-07-16,506.000000,28.200232,0.115570,63092.110000,63047.040000
29737777,2026-07-17T05:37,63108.770000,-0.039700,-0.767467,2026-07-16,373.000000,5.062349,0.789488,63115.000000,63066.020000
29737778,2026-07-17T05:38,63139.020000,0.052100,0.576859,2026-07-16,347.000000,5.506572,0.761588,63154.650000,63092.100000
29737779,2026-07-17T05:39,63048.380000,-0.516900,0.523202,2026-07-16,592.000000,14.291069,0.570982,63145.930000,63041.200000
29737780,2026-07-17T05:40,62987.870000,-0.265400,0.141945,2026-07-16,1155.000000,42.260299,0.250754,63054.560000,62935.920000
29737781,2026-07-17T05:41,62971.240000,-0.352000,-0.498491,2026-07-16,358.000000,5.176456,0.291769,62996.180000,62961.540000
29737782,2026-07-17T05:42,62943.600000,-0.182200,-0.420691,2026-07-16,324.000000,2.280073,0.696370,62971.270000,62927.370000
29737783,2026-07-17T05:43,62927.990000,0.297100,0.416205,2026-07-16,372.000000,6.024203,0.850800,62943.780000,62921.350000
29737784,2026-07-17T05:44,62917.070000,0.234300,0.702314,2026-07-16,580.000000,14.003019,0.080442,62958.550000,62905.010000
29737785,2026-07-17T05:45,62855.980000,-0.436900,-0.840917,2026-07-16,710.000000,16.890056,0.403188,62927.990000,62833.150000
29737786,2026-07-17T05:46,62799.990000,-0.365000,-0.193677,2026-07-16,638.000000,20.626979,0.421193,62862.740000,62773.000000
29737787,2026-07-17T05:47,62810.630000,0.400800,-0.161359,2026-07-16,255.000000,4.031661,0.837224,62819.990000,62787.990000
29737788,2026-07-17T05:48,62833.180000,-0.417200,0.721871,2026-07-16,314.000000,1.871522,0.495587,62841.870000,62804.600000
29737789,2026-07-17T05:49,62842.680000,-0.058900,-0.106416,2026-07-16,230.000000,1.288287,0.599800,62854.410000,62813.990000
29737790,2026-07-17T05:50,62834.120000,-0.449200,0.262828,2026-07-16,438.000000,3.723417,0.670747,62851.460000,62809.730000
29737791,2026-07-17T05:51,62775.180000,-0.571200,0.341475,2026-07-16,392.000000,4.165325,0.353735,62850.240000,62775.180000
29737792,2026-07-17T05:52,62780.430000,-0.702100,-0.292532,2026-07-16,72.000000,0.432674,0.551521,62785.550000,62778.860000
29737793,2026-07-17T05:53,62764.400000,-0.223300,0.103210,2026-07-16,450.000000,3.920545,0.308675,62787.590000,62745.000000
29737794,2026-07-17T05:54,62764.400000,-0.223300,-0.382650,2026-07-16,,,,,
29737795,2026-07-17T05:55,62764.400000,-0.223300,0.000000,2026-07-16,,,,,
29737796,2026-07-17T05:56,62764.400000,-0.223300,0.000000,2026-07-16,,,,,
29737797,2026-07-17T05:57,62764.400000,-0.223300,0.000000,2026-07-16,,,,,
29737798,2026-07-17T05:58,62764.400000,-0.223300,0.000000,2026-07-16,,,,,
29737799,2026-07-17T05:59,62764.400000,-0.223300,0.000000,2026-07-16,,,,,
29737800,2026-07-17T06:00,62764.400000,-0.223300,0.000000,2026-07-16,,,,,
29737801,2026-07-17T06:01,62743.990000,-0.179600,0.000000,2026-07-16,42.000000,0.889787,0.800483,62751.980000,62743.330000
29737802,2026-07-17T06:02,62743.990000,-0.179600,0.600966,2026-07-16,,,,,
29737803,2026-07-17T06:03,62743.990000,-0.179600,0.000000,2026-07-16,,,,,
29737804,2026-07-17T06:04,62743.990000,-0.179600,0.000000,2026-07-16,,,,,
29737805,2026-07-17T06:05,62743.990000,-0.179600,0.000000,2026-07-16,,,,,
29737806,2026-07-17T06:06,62743.990000,-0.179600,0.000000,2026-07-16,,,,,
29737807,2026-07-17T06:07,62743.990000,-0.179600,0.000000,2026-07-16,,,,,
29737808,2026-07-17T06:08,62749.500000,-0.277900,0.000000,2026-07-16,,,,,
29737809,2026-07-17T06:09,62749.500000,-0.277900,0.000000,2026-07-16,,,,,
29737810,2026-07-17T06:10,62749.500000,-0.277900,0.000000,2026-07-16,,,,,
29737811,2026-07-17T06:11,62749.500000,-0.277900,0.000000,2026-07-16,,,,,
29737812,2026-07-17T06:12,62749.500000,-0.277900,0.000000,2026-07-16,,,,,
29737813,2026-07-17T06:13,62749.500000,-0.277900,0.000000,2026-07-16,,,,,
29737814,2026-07-17T06:14,62749.500000,-0.277900,0.000000,2026-07-16,,,,,
29737815,2026-07-17T06:15,62749.500000,-0.277900,0.000000,2026-07-16,,,,,
29737816,2026-07-17T06:16,62749.500000,-0.277900,0.000000,2026-07-16,,,,,
29737817,2026-07-17T06:17,62749.500000,-0.277900,0.000000,2026-07-16,,,,,
29737818,2026-07-17T06:18,62749.500000,-0.277900,0.000000,2026-07-16,,,,,
29737819,2026-07-17T06:19,62749.500000,-0.277900,0.000000,2026-07-16,,,,,
29737820,2026-07-17T06:20,62749.500000,-0.277900,0.000000,2026-07-16,,,,,
29737821,2026-07-17T06:21,62749.500000,-0.277900,0.000000,2026-07-16,,,,,
29737822,2026-07-17T06:22,62749.500000,-0.277900,0.000000,2026-07-16,,,,,
29737823,2026-07-17T06:23,62749.500000,-0.277900,0.000000,2026-07-16,,,,,
29737824,2026-07-17T06:24,62749.500000,-0.277900,0.000000,2026-07-16,,,,,
29737825,2026-07-17T06:25,62749.500000,-0.277900,0.000000,2026-07-16,,,,,
29737826,2026-07-17T06:26,62749.500000,-0.277900,0.000000,2026-07-16,,,,,
29737827,2026-07-17T06:27,62749.500000,-0.277900,0.000000,2026-07-16,,,,,
29737828,2026-07-17T06:28,62749.500000,-0.277900,0.000000,2026-07-16,,,,,
29737829,2026-07-17T06:29,62749.500000,-0.277900,0.000000,2026-07-16,,,,,
29737830,2026-07-17T06:30,62749.500000,-0.277900,0.000000,2026-07-16,,,,,
29737831,2026-07-17T06:31,62749.500000,-0.277900,0.000000,2026-07-16,,,,,
29737832,2026-07-17T06:32,62749.500000,-0.277900,0.000000,2026-07-16,,,,,
29737833,2026-07-17T06:33,62749.500000,-0.277900,0.000000,2026-07-16,,,,,
29737834,2026-07-17T06:34,62749.500000,-0.277900,0.000000,2026-07-16,,,,,
29737835,2026-07-17T06:35,62749.500000,-0.277900,0.000000,2026-07-16,,,,,
29737836,2026-07-17T06:36,62875.260000,-0.033300,0.000000,2026-07-16,93.000000,0.352020,0.557154,62888.010000,62875.260000
