minute_epoch,minute_utc,close,book_imb,ofi,day,trades,volume,buy_share,high,low
29846880,2026-10-01T00:00,83517.460000,-0.472400,-0.951411,2026-10-01,668.000000,10.154818,0.419248,83598.550000,83514.010000
29846881,2026-10-01T00:01,83497.920000,-0.242800,-0.144914,2026-10-01,453.000000,3.827458,0.588505,83527.000000,83485.050000
29846882,2026-10-01T00:02,83480.010000,-0.677300,0.177107,2026-10-01,324.000000,1.188911,0.718699,83497.930000,83478.520000
29846883,2026-10-01T00:03,83496.100000,0.439100,0.530847,2026-10-01,330.000000,1.524862,0.739386,83496.510000,83478.510000
29846884,2026-10-01T00:04,83478.650000,0.208500,-0.103191,2026-10-01,406.000000,2.736564,0.210041,83504.860000,83466.590000
29846885,2026-10-01T00:05,83471.490000,-0.111500,-0.525397,2026-10-01,254.000000,0.575131,0.513908,83482.460000,83468.690000
29846886,2026-10-01T00:06,83465.710000,0.266500,0.026878,2026-10-01,326.000000,0.836058,0.533177,83471.500000,83447.210000
29846887,2026-10-01T00:07,83488.510000,0.776300,0.066277,2026-10-01,315.000000,1.309711,0.265953,83488.520000,83465.710000
29846888,2026-10-01T00:08,83487.800000,-0.178500,-0.467691,2026-10-01,338.000000,0.798340,0.261088,83501.530000,83486.130000
29846889,2026-10-01T00:09,83423.510000,-0.092400,-0.642005,2026-10-01,441.000000,2.889896,0.443884,83487.810000,83423.510000
29846890,2026-10-01T00:10,83415.520000,-0.470400,0.011536,2026-10-01,467.000000,3.057885,0.446441,83450.390000,83401.000000
29846891,2026-10-01T00:11,83474.080000,0.370500,-0.103836,2026-10-01,538.000000,1.598058,0.457789,83477.490000,83409.510000
29846892,2026-10-01T00:12,83489.650000,-0.397800,-0.079790,2026-10-01,454.000000,3.008762,0.487294,83504.240000,83474.070000
29846893,2026-10-01T00:13,83488.790000,-0.429800,0.173014,2026-10-01,416.000000,7.094080,0.545325,83504.390000,83484.550000
29846894,2026-10-01T00:14,83454.010000,-0.820200,-0.010530,2026-10-01,365.000000,4.290320,0.149933,83490.470000,83444.840000
29846895,2026-10-01T00:15,83417.420000,-0.324100,-0.286467,2026-10-01,1053.000000,24.244496,0.569837,83477.800000,83415.060000
29846896,2026-10-01T00:16,83397.980000,-0.713000,0.138009,2026-10-01,441.000000,3.645441,0.400538,83450.460000,83396.790000
29846897,2026-10-01T00:17,83399.930000,0.254800,-0.176464,2026-10-01,340.000000,2.009004,0.701409,83437.850000,83397.970000
29846898,2026-10-01T00:18,83393.300000,-0.230400,-0.230957,2026-10-01,581.000000,4.574184,0.376246,83424.560000,83360.090000
29846899,2026-10-01T00:19,83396.920000,-0.213000,0.135810,2026-10-01,352.000000,0.958520,0.447974,83404.310000,83378.990000
29846900,2026-10-01T00:20,83445.430000,0.134100,-0.104162,2026-10-01,472.000000,2.095894,0.636681,83454.900000,83396.920000
29846901,2026-10-01T00:21,83432.230000,-0.143800,0.294735,2026-10-01,337.000000,1.480220,0.836631,83454.900000,83420.990000
29846902,2026-10-01T00:22,83421.610000,-0.006800,0.661009,2026-10-01,325.000000,1.510009,0.360254,83443.540000,83410.890000
29846903,2026-10-01T00:23,83402.890000,-0.156700,-0.278524,2026-10-01,328.000000,1.095944,0.586538,83426.540000,83402.890000
29846904,2026-10-01T00:24,83410.360000,-0.110400,0.172182,2026-10-01,332.000000,1.427054,0.497680,83434.790000,83399.840000
29846905,2026-10-01T00:25,83432.710000,0.065300,-0.003267,2026-10-01,267.000000,1.080759,0.731542,83436.980000,83410.350000
29846906,2026-10-01T00:26,83416.170000,0.243500,0.462188,2026-10-01,371.000000,2.440897,0.331475,83458.030000,83412.700000
29846907,2026-10-01T00:27,83426.300000,0.390800,-0.336947,2026-10-01,286.000000,0.643142,0.816280,83427.790000,83412.270000
29846908,2026-10-01T00:28,83428.490000,0.861800,0.633729,2026-10-01,308.000000,0.876462,0.301673,83429.230000,83403.870000
29846909,2026-10-01T00:29,83430.240000,0.115700,-0.393742,2026-10-01,373.000000,2.834709,0.820625,83447.580000,83420.050000
29846910,2026-10-01T00:30,83411.460000,0.493900,0.641252,2026-10-01,460.000000,2.030254,0.591151,83430.240000,83376.470000
29846911,2026-10-01T00:31,83438.930000,0.707000,0.156137,2026-10-01,336.000000,0.858625,0.749496,83440.060000,83389.360000
29846912,2026-10-01T00:32,83419.100000,-0.043900,0.581265,2026-10-01,345.000000,1.001429,0.758923,83446.120000,83416.040000
29846913,2026-10-01T00:33,83428.580000,0.178500,0.517903,2026-10-01,280.000000,0.373841,0.476585,83428.590000,83410.290000
29846914,2026-10-01T00:34,83403.080000,-0.360000,-0.046157,2026-10-01,314.000000,1.389238,0.117399,83439.170000,83403.080000
29846915,2026-10-01T00:35,83403.540000,0.028400,-0.765655,2026-10-01,249.000000,0.456729,0.743934,83412.090000,83400.000000
29846916,2026-10-01T00:36,83455.760000,0.941600,0.487889,2026-10-01,368.000000,1.490333,0.896232,83456.980000,83403.540000
29846917,2026-10-01T00:37,83443.010000,0.648600,0.799068,2026-10-01,307.000000,0.867382,0.622744,83466.280000,83433.770000
29846918,2026-10-01T00:38,83449.120000,0.895400,0.190106,2026-10-01,265.000000,0.220602,0.489989,83449.130000,83428.100000
29846919,2026-10-01T00:39,83459.650000,0.129500,-0.392021,2026-10-01,389.000000,1.281608,0.470432,83483.670000,83436.090000
29846920,2026-10-01T00:40,83464.770000,0.132200,0.051774,2026-10-01,306.000000,1.117908,0.205714,83474.980000,83448.620000
29846921,2026-10-01T00:41,83452.240000,0.119200,-0.586229,2026-10-01,322.000000,0.792787,0.519862,83498.470000,83452.230000
29846922,2026-10-01T00:42,83469.150000,-0.035100,0.037498,2026-10-01,313.000000,1.714977,0.832945,83479.740000,83446.100000
29846923,2026-10-01T00:43,83479.740000,0.906300,0.661611,2026-10-01,273.000000,0.386954,0.359317,83482.240000,83456.400000
29846924,2026-10-01T00:44,83518.500000,0.398000,-0.120374,2026-10-01,391.000000,0.831257,0.461323,83525.100000,83482.230000
29846925,2026-10-01T00:45,83489.410000,0.015000,-0.145487,2026-10-01,386.000000,5.572819,0.463455,83545.010000,83486.030000
29846926,2026-10-01T00:46,83466.080000,-0.068800,-0.073502,2026-10-01,314.000000,0.421602,0.272424,83488.880000,83461.450000
29846927,2026-10-01T00:47,83451.010000,0.468000,-0.455747,2026-10-01,291.000000,1.183275,0.690950,83480.230000,83437.270000
29846928,2026-10-01T00:48,83469.990000,0.470500,0.392136,2026-10-01,305.000000,0.538947,0.663392,83470.000000,83451.010000
29846929,2026-10-01T00:49,83482.290000,0.642300,0.307984,2026-10-01,320.000000,0.835742,0.726241,83489.160000,83465.620000
29846930,2026-10-01T00:50,83446.710000,0.396300,0.411390,2026-10-01,379.000000,2.894578,0.224572,83489.440000,83442.650000
29846931,2026-10-01T00:51,83467.710000,0.540500,-0.551947,2026-10-01,369.000000,1.031813,0.439553,83467.700000,83430.220000
29846932,2026-10-01T00:52,83471.990000,0.765100,-0.107954,2026-10-01,355.000000,2.182778,0.854916,83480.650000,83450.160000
29846933,2026-10-01T00:53,83444.260000,0.100100,0.710915,2026-10-01,339.000000,0.571083,0.243992,83483.980000,83443.200000
29846934,2026-10-01T00:54,83440.010000,-0.442500,-0.413993,2026-10-01,280.000000,0.694119,0.688203,83458.150000,83436.660000
29846935,2026-10-01T00:55,83475.650000,0.605200,0.324208,2026-10-01,393.000000,1.793828,0.310552,83479.710000,83440.000000
29846936,2026-10-01T00:56,83480.740000,-0.050100,-0.380975,2026-10-01,334.000000,1.543281,0.285519,83494.600000,83467.090000
29846937,2026-10-01T00:57,83475.490000,0.086000,-0.429450,2026-10-01,259.000000,0.417600,0.632662,83483.530000,83470.840000
29846938,2026-10-01T00:58,83475.610000,0.242400,0.265028,2026-10-01,293.000000,1.489746,0.454047,83488.100000,83465.690000
29846939,2026-10-01T00:59,83454.010000,-0.998100,-0.089183,2026-10-01,294.000000,1.319388,0.189663,83479.840000,83454.890000
29846940,2026-10-01T01:00,83457.020000,0.612600,-0.625806,2026-10-01,388.000000,1.453055,0.435836,83469.590000,83437.920000
29846941,2026-10-01T01:01,83448.620000,-0.231900,-0.028260,2026-10-01,322.000000,1.236824,0.616537,83474.340000,83431.650000
29846942,2026-10-01T01:02,83475.020000,-0.527000,0.135740,2026-10-01,420.000000,1.408064,0.161118,83500.000000,83447.000000
29846943,2026-10-01T01:03,83456.270000,-0.217200,-0.608620,2026-10-01,472.000000,2.416171,0.714880,83528.980000,83456.270000
29846944,2026-10-01T01:04,83470.460000,0.204400,0.414455,2026-10-01,324.000000,1.316783,0.784297,83492.490000,83452.240000
29846945,2026-10-01T01:05,83531.390000,0.625100,0.569790,2026-10-01,433.000000,15.031739,0.476474,83531.400000,83463.820000
29846946,2026-10-01T01:06,83530.520000,0.346100,-0.047052,2026-10-01,335.000000,1.664312,0.671832,83539.150000,83525.600000
29846947,2026-10-01T01:07,83532.200000,0.033900,0.343665,2026-10-01,377.000000,2.599317,0.838546,83574.140000,83525.600000
29846948,2026-10-01T01:08,83553.640000,-0.014900,0.677137,2026-10-01,296.000000,3.632081,0.901956,83553.660000,83515.120000
29846949,2026-10-01T01:09,83534.550000,0.289200,0.803892,2026-10-01,279.000000,1.110450,0.764107,83559.780000,83534.550000
29846950,2026-10-01T01:10,83525.300000,0.392100,0.581771,2026-10-01,274.000000,1.596016,0.182726,83536.390000,83522.340000
29846951,2026-10-01T01:11,83522.120000,0.143700,-0.787539,2026-10-01,319.000000,0.724506,0.670450,83522.600000,83494.170000
29846952,2026-10-01T01:12,83535.990000,0.183300,0.339182,2026-10-01,279.000000,1.383779,0.464968,83537.220000,83512.940000
29846953,2026-10-01T01:13,83551.330000,0.179700,-0.068237,2026-10-01,294.000000,0.262568,0.885845,83551.320000,83535.990000
29846954,2026-10-01T01:14,83538.210000,0.425300,0.767502,2026-10-01,248.000000,0.851174,0.157673,83553.780000,83529.550000
29846955,2026-10-01T01:15,83540.610000,0.439600,-0.713202,2026-10-01,404.000000,5.578131,0.823880,83540.610000,83462.720000
29846956,2026-10-01T01:16,83542.670000,0.054800,0.670413,2026-10-01,260.000000,1.872840,0.129742,83547.470000,83525.600000
29846957,2026-10-01T01:17,83567.540000,0.106800,-0.747172,2026-10-01,412.000000,3.535011,0.533763,83595.980000,83544.420000
29846958,2026-10-01T01:18,83578.510000,0.180600,0.092392,2026-10-01,377.000000,3.701095,0.643546,83612.000000,83567.530000
29846959,2026-10-01T01:19,83581.990000,0.134500,0.267865,2026-10-01,339.000000,2.489921,0.551628,83623.440000,83578.500000
29846960,2026-10-01T01:20,83632.700000,0.011600,0.202152,2026-10-01,369.000000,3.834268,0.834736,83633.050000,83581.980000
29846961,2026-10-01T01:21,83599.070000,0.313100,0.640528,2026-10-01,364.000000,6.498067,0.175615,83647.130000,83582.330000
29846962,2026-10-01T01:22,83579.600000,0.137500,-0.651238,2026-10-01,286.000000,1.048251,0.731091,83599.060000,83567.520000
29846963,2026-10-01T01:23,83619.020000,0.322400,0.494058,2026-10-01,288.000000,2.248826,0.779122,83619.910000,83585.940000
29846964,2026-10-01T01:24,83617.510000,0.314300,0.574391,2026-10-01,310.000000,0.965827,0.541192,83622.080000,83590.830000
29846965,2026-10-01T01:25,83609.460000,0.043100,0.082204,2026-10-01,288.000000,1.299202,0.771367,83620.380000,83603.940000
29846966,2026-10-01T01:26,83605.260000,0.107300,0.542893,2026-10-01,317.000000,2.519999,0.170767,83623.730000,83601.980000
29846967,2026-10-01T01:27,83585.320000,0.282500,-0.632915,2026-10-01,260.000000,1.974541,0.098601,83621.750000,83585.010000
29846968,2026-10-01T01:28,83585.070000,0.103700,-0.839535,2026-10-01,203.000000,0.159111,0.482213,83585.310000,83585.000000
29846969,2026-10-01T01:29,83567.550000,0.126300,-0.541882,2026-10-01,261.000000,0.506160,0.262775,83585.070000,83567.550000
29846970,2026-10-01T01:30,83500.010000,-0.032500,-0.155155,2026-10-01,336.000000,2.305850,0.569078,83567.560000,83500.000000
29846971,2026-10-01T01:31,83468.380000,-0.258700,0.132690,2026-10-01,347.000000,6.692532,0.386330,83500.000000,83445.000000
29846972,2026-10-01T01:32,83515.140000,-0.259600,-0.226824,2026-10-01,382.000000,5.693914,0.804066,83517.960000,83462.130000
29846973,2026-10-01T01:33,83501.390000,0.232800,0.609553,2026-10-01,305.000000,1.345031,0.500040,83536.080000,83501.270000
29846974,2026-10-01T01:34,83513.290000,-0.161900,-0.000026,2026-10-01,310.000000,1.972524,0.333781,83529.180000,83501.390000
29846975,2026-10-01T01:35,83466.890000,0.073400,-0.332165,2026-10-01,313.000000,1.390048,0.351188,83513.300000,83453.440000
29846976,2026-10-01T01:36,83448.100000,0.065600,-0.298006,2026-10-01,310.000000,1.076882,0.449930,83473.640000,83436.410000
29846977,2026-10-01T01:37,83462.710000,0.187100,-0.100182,2026-10-01,370.000000,1.178008,0.799328,83462.720000,83420.380000
29846978,2026-10-01T01:38,83505.790000,0.463500,0.491065,2026-10-01,292.000000,0.413570,0.410190,83507.080000,83439.580000
29846979,2026-10-01T01:39,83514.990000,0.138700,0.007972,2026-10-01,272.000000,1.705264,0.803728,83514.980000,83499.200000
29846980,2026-10-01T01:40,83546.550000,0.058000,0.607320,2026-10-01,328.000000,1.076555,0.622322,83546.560000,83514.980000
29846981,2026-10-01T01:41,83494.890000,0.196200,0.232081,2026-10-01,256.000000,0.788000,0.567481,83546.560000,83486.940000
29846982,2026-10-01T01:42,83549.990000,0.054400,0.118885,2026-10-01,293.000000,1.346867,0.953807,83550.000000,83493.220000
29846983,2026-10-01T01:43,83547.450000,0.495100,0.709073,2026-10-01,263.000000,3.110710,0.071769,83564.940000,83547.230000
29846984,2026-10-01T01:44,83547.480000,0.148600,-0.847735,2026-10-01,239.000000,1.542588,0.867027,83552.850000,83539.470000
29846985,2026-10-01T01:45,83502.510000,0.388600,0.775543,2026-10-01,281.000000,0.983202,0.581654,83562.810000,83502.510000
29846986,2026-10-01T01:46,83492.700000,0.248800,-0.177737,2026-10-01,230.000000,0.810067,0.530079,83502.520000,83480.100000
29846987,2026-10-01T01:47,83487.040000,0.296300,0.072274,2026-10-01,309.000000,0.655528,0.676186,83501.030000,83473.200000
29846988,2026-10-01T01:48,83476.790000,-0.059100,0.341748,2026-10-01,295.000000,1.116429,0.960775,83499.930000,83476.790000
29846989,2026-10-01T01:49,83451.860000,0.229800,0.921654,2026-10-01,293.000000,0.899379,0.544011,83508.130000,83451.470000
29846990,2026-10-01T01:50,83519.520000,-0.370400,0.086517,2026-10-01,303.000000,1.549766,0.889329,83519.530000,83451.860000
29846991,2026-10-01T01:51,83523.180000,-0.037500,0.778689,2026-10-01,302.000000,0.836679,0.487517,83524.660000,83483.680000
29846992,2026-10-01T01:52,83470.790000,-0.237100,0.124200,2026-10-01,358.000000,4.319383,0.181412,83526.690000,83455.250000
29846993,2026-10-01T01:53,83485.330000,-0.292800,-0.692546,2026-10-01,305.000000,1.129340,0.833159,83485.330000,83453.540000
29846994,2026-10-01T01:54,83479.050000,-0.257600,0.439243,2026-10-01,269.000000,1.042753,0.491978,83492.800000,83466.800000
29846995,2026-10-01T01:55,83499.990000,-0.181300,0.184603,2026-10-01,287.000000,0.916705,0.682643,83499.990000,83455.000000
29846996,2026-10-01T01:56,83492.330000,-0.279700,0.366865,2026-10-01,272.000000,0.765012,0.618767,83511.660000,83492.330000
29846997,2026-10-01T01:57,83468.920000,0.115600,0.238202,2026-10-01,314.000000,1.671136,0.655409,83491.930000,83466.320000
29846998,2026-10-01T01:58,83473.700000,-0.102500,0.310542,2026-10-01,290.000000,1.286835,0.861220,83476.750000,83455.000000
29846999,2026-10-01T01:59,83459.610000,-0.096900,0.724276,2026-10-01,224.000000,0.192950,0.469131,83473.700000,83453.540000
29847000,2026-10-01T02:00,83509.020000,-0.059400,-0.090609,2026-10-01,301.000000,3.343298,0.192092,83514.560000,83457.680000
29847001,2026-10-01T02:01,83496.990000,-0.075400,-0.617436,2026-10-01,280.000000,2.034497,0.834384,83525.070000,83495.960000
29847002,2026-10-01T02:02,83471.680000,0.132700,0.668968,2026-10-01,277.000000,0.639246,0.611423,83497.000000,83457.260000
29847003,2026-10-01T02:03,83468.890000,-0.202400,0.428309,2026-10-01,270.000000,1.829430,0.945110,83477.310000,83454.790000
29847004,2026-10-01T02:04,83473.200000,-0.244500,0.874348,2026-10-01,335.000000,4.078444,0.544760,83483.680000,83449.560000
29847005,2026-10-01T02:05,83485.640000,0.195900,0.089521,2026-10-01,350.000000,2.526110,0.635589,83523.090000,83473.190000
29847006,2026-10-01T02:06,83504.640000,0.010500,0.258923,2026-10-01,342.000000,2.891677,0.836897,83534.710000,83478.600000
29847007,2026-10-01T02:07,83502.350000,0.180100,0.688550,2026-10-01,310.000000,1.765545,0.850986,83504.650000,83462.720000
29847008,2026-10-01T02:08,83578.420000,-0.166700,0.701618,2026-10-01,327.000000,1.764424,0.401607,83587.300000,83502.350000
29847009,2026-10-01T02:09,83564.830000,0.297500,-0.197519,2026-10-01,288.000000,1.401301,0.814966,83584.940000,83558.220000
29847010,2026-10-01T02:10,83567.290000,0.029400,0.629938,2026-10-01,292.000000,1.207813,0.430034,83578.000000,83550.480000
29847011,2026-10-01T02:11,83592.740000,-0.142200,-0.162232,2026-10-01,310.000000,1.704777,0.852946,83598.510000,83562.750000
29847012,2026-10-01T02:12,83571.760000,0.022000,0.785691,2026-10-01,267.000000,0.832048,0.654111,83614.990000,83571.760000
29847013,2026-10-01T02:13,83565.550000,-0.197500,-0.238134,2026-10-01,256.000000,1.220038,0.785923,83589.220000,83562.750000
29847014,2026-10-01T02:14,83531.740000,-0.094100,0.521639,2026-10-01,286.000000,1.628448,0.391151,83565.560000,83531.280000
29847015,2026-10-01T02:15,83516.380000,0.364600,-0.197707,2026-10-01,264.000000,0.671143,0.726196,83531.740000,83516.190000
29847016,2026-10-01T02:16,83515.120000,0.135000,0.451555,2026-10-01,283.000000,1.363565,0.635597,83534.240000,83504.640000
29847017,2026-10-01T02:17,83517.460000,-0.102400,0.271478,2026-10-01,297.000000,6.139672,0.249574,83536.070000,83505.820000
29847018,2026-10-01T02:18,83462.730000,0.067100,-0.521067,2026-10-01,289.000000,0.996072,0.443932,83517.470000,83462.720000
29847019,2026-10-01T02:19,83471.620000,-0.093400,0.204083,2026-10-01,337.000000,3.668070,0.858344,83477.000000,83452.240000
29847020,2026-10-01T02:20,83436.460000,-0.000200,0.716732,2026-10-01,359.000000,4.146228,0.760103,83471.630000,83413.000000
29847021,2026-10-01T02:21,83399.850000,-0.738200,0.520139,2026-10-01,287.000000,2.565898,0.123005,83436.470000,83399.840000
29847022,2026-10-01T02:22,83427.960000,0.176900,-0.754001,2026-10-01,337.000000,3.879632,0.687365,83494.150000,83399.840000
29847023,2026-10-01T02:23,83456.010000,-0.094200,0.372631,2026-10-01,323.000000,3.120498,0.811039,83483.680000,83427.960000
29847024,2026-10-01T02:24,83443.990000,-0.154100,0.625366,2026-10-01,272.000000,0.950747,0.442952,83483.310000,83443.040000
29847025,2026-10-01T02:25,83388.010000,-0.900600,-0.136823,2026-10-01,342.000000,0.848270,0.346493,83443.990000,83388.000000
29847026,2026-10-01T02:26,83379.240000,-0.218700,-0.284568,2026-10-01,346.000000,1.167999,0.734064,83397.010000,83370.000000
29847027,2026-10-01T02:27,83366.080000,-0.052200,0.468476,2026-10-01,311.000000,1.125271,0.526683,83410.300000,83365.540000
29847028,2026-10-01T02:28,83433.330000,-0.177100,0.052348,2026-10-01,420.000000,11.159612,0.851362,83442.590000,83366.070000
29847029,2026-10-01T02:29,83496.230000,-0.079200,0.702748,2026-10-01,328.000000,2.418992,0.681059,83497.950000,83433.320000
29847030,2026-10-01T02:30,83500.920000,-0.094200,0.333377,2026-10-01,391.000000,5.715549,0.862352,83546.560000,83473.200000
29847031,2026-10-01T02:31,83487.510000,-0.071100,0.722927,2026-10-01,411.000000,4.639553,0.343953,83522.760000,83468.080000
29847032,2026-10-01T02:32,83516.740000,-0.089600,-0.303808,2026-10-01,300.000000,1.037970,0.330561,83536.390000,83487.500000
29847033,2026-10-01T02:33,83494.170000,-0.026700,-0.337167,2026-10-01,244.000000,0.257121,0.567177,83518.520000,83494.160000
29847034,2026-10-01T02:34,83490.110000,-0.118700,-0.359659,2026-10-01,314.000000,3.330207,0.161612,83494.170000,83449.430000
29847035,2026-10-01T02:35,83473.210000,-0.144000,-0.641740,2026-10-01,260.000000,0.376818,0.262444,83504.640000,83470.670000
29847036,2026-10-01T02:36,83438.930000,-0.379500,-0.594440,2026-10-01,269.000000,1.581967,0.892120,83470.690000,83429.590000
29847037,2026-10-01T02:37,83405.360000,-0.078700,0.784292,2026-10-01,269.000000,0.766580,0.251250,83438.940000,83402.440000
29847038,2026-10-01T02:38,83397.650000,0.059700,-0.441397,2026-10-01,301.000000,3.188572,0.531965,83413.160000,83380.050000
29847039,2026-10-01T02:39,83388.510000,0.103300,0.054992,2026-10-01,336.000000,2.618009,0.590923,83406.270000,83369.880000
29847040,2026-10-01T02:40,83407.150000,-0.149600,0.181828,2026-10-01,311.000000,2.186681,0.831751,83414.930000,83377.920000
29847041,2026-10-01T02:41,83387.010000,0.058400,0.667033,2026-10-01,296.000000,1.600949,0.506108,83417.460000,83387.000000
29847042,2026-10-01T02:42,83398.760000,-0.089400,0.001662,2026-10-01,311.000000,1.621278,0.603401,83420.790000,83383.620000
29847043,2026-10-01T02:43,83390.400000,-0.311900,0.205603,2026-10-01,243.000000,0.448583,0.375839,83401.130000,83389.370000
29847044,2026-10-01T02:44,83386.770000,-0.095100,-0.255652,2026-10-01,287.000000,0.960295,0.575423,83405.000000,83385.320000
29847045,2026-10-01T02:45,83365.880000,-0.199400,0.011187,2026-10-01,329.000000,2.968210,0.185415,83386.770000,83356.740000
29847046,2026-10-01T02:46,83361.270000,-0.786300,-0.373900,2026-10-01,286.000000,3.273944,0.180398,83376.770000,83358.040000
29847047,2026-10-01T02:47,83371.230000,-0.194000,-0.934446,2026-10-01,268.000000,0.910957,0.392188,83373.300000,83360.190000
29847048,2026-10-01T02:48,83363.960000,-0.254500,-0.207723,2026-10-01,244.000000,1.858903,0.106003,83399.840000,83363.950000
29847049,2026-10-01T02:49,83363.360000,-0.100100,-0.787993,2026-10-01,284.000000,1.705402,0.296352,83366.030000,83350.590000
29847050,2026-10-01T02:50,83386.010000,-0.823600,-0.407296,2026-10-01,268.000000,0.876047,0.189907,83395.890000,83363.350000
29847051,2026-10-01T02:51,83393.600000,-0.524800,-0.620185,2026-10-01,266.000000,2.174196,0.787005,83400.000000,83375.800000
29847052,2026-10-01T02:52,83414.040000,0.111800,0.572473,2026-10-01,336.000000,11.719739,0.926341,83416.090000,83385.410000
29847053,2026-10-01T02:53,83439.680000,0.130600,0.853017,2026-10-01,315.000000,3.052883,0.480185,83445.850000,83414.040000
29847054,2026-10-01T02:54,83431.080000,0.258700,-0.039631,2026-10-01,304.000000,1.216404,0.596678,83450.830000,83420.800000
29847055,2026-10-01T02:55,83435.360000,0.422200,0.494960,2026-10-01,269.000000,1.448398,0.723898,83449.350000,83431.070000
29847056,2026-10-01T02:56,83462.510000,0.466200,-0.101343,2026-10-01,264.000000,1.118055,0.356976,83462.510000,83432.030000
29847057,2026-10-01T02:57,83474.320000,0.178700,-0.289636,2026-10-01,312.000000,1.935309,0.416777,83476.400000,83462.500000
29847058,2026-10-01T02:58,83456.960000,-0.164400,-0.167127,2026-10-01,277.000000,1.612752,0.050468,83477.860000,83444.120000
29847059,2026-10-01T02:59,83431.290000,0.258300,-0.899064,2026-10-01,231.000000,0.513812,0.166573,83457.390000,83431.280000
29847060,2026-10-01T03:00,83467.520000,0.087600,-0.658805,2026-10-01,308.000000,3.908067,0.900843,83496.620000,83431.280000
29847061,2026-10-01T03:01,83461.010000,0.054800,0.784215,2026-10-01,255.000000,0.519873,0.522771,83480.010000,83459.270000
29847062,2026-10-01T03:02,83452.240000,0.106100,0.108292,2026-10-01,258.000000,0.625877,0.616017,83475.670000,83439.990000
29847063,2026-10-01T03:03,83420.700000,0.353400,0.250783,2026-10-01,246.000000,1.469388,0.106169,83452.240000,83420.690000
29847064,2026-10-01T03:04,83410.050000,-0.104400,-0.787663,2026-10-01,251.000000,0.527515,0.852674,83425.520000,83400.390000
29847065,2026-10-01T03:05,83421.450000,-0.028500,0.705473,2026-10-01,180.000000,1.025588,0.157447,83421.450000,83410.050000
29847066,2026-10-01T03:06,83372.260000,-0.026900,-0.736591,2026-10-01,254.000000,1.476049,0.235040,83418.390000,83368.400000
29847067,2026-10-01T03:07,83402.260000,0.024800,-0.457048,2026-10-01,269.000000,3.120804,0.837793,83420.800000,83372.000000
29847068,2026-10-01T03:08,83414.360000,0.177400,0.675664,2026-10-01,259.000000,1.506459,0.314692,83420.800000,83402.260000
29847069,2026-10-01T03:09,83421.610000,-0.116700,-0.365311,2026-10-01,178.000000,0.451707,0.676117,83433.330000,83409.110000
29847070,2026-10-01T03:10,83446.010000,0.150400,0.342648,2026-10-01,230.000000,0.968299,0.929486,83448.060000,83422.130000
29847071,2026-10-01T03:11,83444.140000,0.321200,0.858997,2026-10-01,245.000000,2.250989,0.634530,83468.270000,83442.760000
29847072,2026-10-01T03:12,83442.430000,-0.038900,0.274961,2026-10-01,234.000000,0.676975,0.878363,83458.960000,83433.160000
29847073,2026-10-01T03:13,83428.010000,0.191800,0.784236,2026-10-01,217.000000,0.731108,0.468810,83439.260000,83420.800000
29847074,2026-10-01T03:14,83437.880000,-0.063700,-0.062397,2026-10-01,173.000000,1.072126,0.853332,83437.880000,83420.800000
29847075,2026-10-01T03:15,83429.540000,0.270700,0.706684,2026-10-01,162.000000,0.471210,0.990268,83429.540000,83420.800000
29847076,2026-10-01T03:16,83450.330000,0.108400,0.966867,2026-10-01,192.000000,0.818118,0.232278,83450.340000,83421.220000
29847077,2026-10-01T03:17,83448.670000,-0.109000,-0.528865,2026-10-01,276.000000,1.902530,0.613719,83499.990000,83448.670000
29847078,2026-10-01T03:18,83420.790000,-0.046200,0.139148,2026-10-01,251.000000,1.103572,0.463298,83448.670000,83420.790000
29847079,2026-10-01T03:19,83421.050000,-0.117800,0.067383,2026-10-01,221.000000,0.406673,0.606362,83429.940000,83420.790000
29847080,2026-10-01T03:20,83399.850000,-0.117700,0.212642,2026-10-01,277.000000,1.448926,0.428414,83421.650000,83399.840000
29847081,2026-10-01T03:21,83380.550000,0.077100,-0.164787,2026-10-01,284.000000,1.139441,0.544409,83399.850000,83378.880000
29847082,2026-10-01T03:22,83385.210000,0.467500,0.126190,2026-10-01,203.000000,0.296687,0.223507,83390.380000,83377.220000
29847083,2026-10-01T03:23,83409.020000,0.062700,-0.548828,2026-10-01,238.000000,0.701992,0.431805,83424.990000,83385.610000
29847084,2026-10-01T03:24,83385.540000,-0.052700,-0.133119,2026-10-01,282.000000,2.492053,0.117016,83408.650000,83385.530000
29847085,2026-10-01T03:25,83391.790000,-0.004300,-0.766790,2026-10-01,238.000000,0.670382,0.309387,83396.420000,83385.390000
29847086,2026-10-01T03:26,83441.760000,-0.152000,-0.381338,2026-10-01,269.000000,1.432698,0.340190,83441.750000,83391.790000
29847087,2026-10-01T03:27,83436.390000,0.145800,-0.319409,2026-10-01,269.000000,1.730043,0.530686,83469.890000,83434.550000
29847088,2026-10-01T03:28,83450.740000,-0.201100,0.061247,2026-10-01,282.000000,1.514190,0.192018,83456.050000,83439.070000
29847089,2026-10-01T03:29,83458.450000,-0.074700,-0.476298,2026-10-01,206.000000,0.826398,0.611799,83480.820000,83450.730000
29847090,2026-10-01T03:30,83434.550000,-0.026700,0.050637,2026-10-01,251.000000,0.885117,0.417535,83458.450000,83434.550000
29847091,2026-10-01T03:31,83404.290000,0.292700,-0.253680,2026-10-01,224.000000,0.678280,0.583445,83434.550000,83400.000000
29847092,2026-10-01T03:32,83439.120000,0.376500,0.396688,2026-10-01,232.000000,1.409318,0.493798,83443.280000,83404.280000
29847093,2026-10-01T03:33,83465.860000,0.019000,-0.015189,2026-10-01,207.000000,0.866822,0.356761,83483.670000,83443.270000
29847094,2026-10-01T03:34,83472.770000,0.322200,-0.285853,2026-10-01,223.000000,0.610047,0.365532,83474.770000,83456.810000
29847095,2026-10-01T03:35,83477.430000,0.175600,-0.269864,2026-10-01,224.000000,1.714922,0.073480,83483.670000,83470.000000
29847096,2026-10-01T03:36,83513.390000,0.229000,-0.853036,2026-10-01,222.000000,0.772673,0.712369,83515.120000,83477.430000
29847097,2026-10-01T03:37,83520.010000,0.115900,0.424740,2026-10-01,270.000000,3.873389,0.866029,83546.560000,83520.000000
29847098,2026-10-01T03:38,83524.510000,0.238400,0.731021,2026-10-01,176.000000,2.154846,0.402250,83541.990000,83518.420000
29847099,2026-10-01T03:39,83566.140000,0.193400,-0.195001,2026-10-01,254.000000,4.048841,0.709269,83581.620000,83524.500000
29847100,2026-10-01T03:40,83552.260000,0.327500,0.418677,2026-10-01,213.000000,1.002317,0.489824,83573.570000,83552.260000
29847101,2026-10-01T03:41,83588.270000,-0.056800,-0.018286,2026-10-01,275.000000,1.682983,0.646599,83593.500000,83550.840000
29847102,2026-10-01T03:42,83631.850000,0.165100,0.292249,2026-10-01,277.000000,4.353032,0.748925,83635.040000,83588.270000
29847103,2026-10-01T03:43,83661.830000,-0.116400,0.497850,2026-10-01,259.000000,2.535430,0.389829,83661.840000,83631.840000
29847104,2026-10-01T03:44,83651.360000,0.455500,-0.220353,2026-10-01,373.000000,5.032556,0.500842,83687.720000,83651.360000
29847105,2026-10-01T03:45,83618.760000,0.036400,0.001062,2026-10-01,277.000000,1.586720,0.537908,83672.320000,83617.930000
29847106,2026-10-01T03:46,83633.930000,0.106300,0.078176,2026-10-01,275.000000,1.970817,0.736030,83662.820000,83616.290000
29847107,2026-10-01T03:47,83619.110000,0.089400,0.471962,2026-10-01,233.000000,1.420541,0.642286,83645.170000,83615.150000
29847108,2026-10-01T03:48,83577.860000,0.007000,0.126031,2026-10-01,316.000000,3.113402,0.350825,83623.870000,83575.840000
29847109,2026-10-01T03:49,83596.670000,0.286700,-0.248536,2026-10-01,289.000000,1.427069,0.472777,83604.460000,83575.270000
29847110,2026-10-01T03:50,83675.200000,0.178100,-0.037541,2026-10-01,259.000000,2.774394,0.808909,83675.190000,83597.630000
29847111,2026-10-01T03:51,83667.100000,0.109000,0.619131,2026-10-01,287.000000,3.654132,0.596840,83702.340000,83654.470000
29847112,2026-10-01T03:52,83688.510000,-0.069400,0.191564,2026-10-01,279.000000,1.844963,0.589332,83700.200000,83663.390000
29847113,2026-10-01T03:53,83672.330000,0.038900,0.178663,2026-10-01,227.000000,1.414578,0.316062,83688.520000,83672.320000
29847114,2026-10-01T03:54,83696.960000,0.184400,-0.366260,2026-10-01,269.000000,2.658363,0.303391,83696.960000,83648.980000
29847115,2026-10-01T03:55,83662.760000,0.289300,-0.395130,2026-10-01,348.000000,5.266260,0.414841,83696.970000,83652.810000
29847116,2026-10-01T03:56,83696.110000,-0.099200,-0.104322,2026-10-01,308.000000,4.404865,0.886171,83696.970000,83662.750000
29847117,2026-10-01T03:57,83721.610000,0.429800,0.755090,2026-10-01,227.000000,2.904999,0.895942,83721.620000,83692.890000
29847118,2026-10-01T03:58,83706.210000,0.331500,0.791828,2026-10-01,185.000000,0.771477,0.333981,83724.720000,83700.000000
29847119,2026-10-01T03:59,83697.260000,0.329800,-0.332039,2026-10-01,209.000000,1.739983,0.407657,83718.950000,83684.400000
29847120,2026-10-01T04:00,83716.570000,0.247600,0.172361,2026-10-01,228.000000,2.502490,0.984357,83725.270000,83697.260000
29847121,2026-10-01T04:01,83710.040000,0.541400,0.955308,2026-10-01,256.000000,0.679032,0.742671,83737.500000,83709.310000
29847122,2026-10-01T04:02,83697.040000,0.540200,0.488902,2026-10-01,201.000000,0.536928,0.223019,83717.580000,83696.810000
29847123,2026-10-01T04:03,83707.540000,0.180900,-0.565862,2026-10-01,252.000000,1.826321,0.266542,83710.980000,83697.040000
29847124,2026-10-01T04:04,83725.110000,0.392000,-0.467429,2026-10-01,282.000000,1.374730,0.301636,83728.690000,83693.280000
29847125,2026-10-01T04:05,83735.200000,0.055400,-0.396452,2026-10-01,342.000000,3.499319,0.441285,83735.200000,83707.110000
29847126,2026-10-01T04:06,83762.170000,0.087100,-0.117520,2026-10-01,217.000000,1.238067,0.397673,83762.160000,83723.220000
29847127,2026-10-01T04:07,83725.260000,0.006400,-0.204653,2026-10-01,270.000000,1.052699,0.775748,83766.000000,83722.510000
29847128,2026-10-01T04:08,83704.330000,-0.194600,0.481761,2026-10-01,280.000000,1.914078,0.309622,83725.250000,83694.510000
29847129,2026-10-01T04:09,83765.990000,0.276000,-0.315925,2026-10-01,306.000000,4.404052,0.895145,83796.660000,83704.320000
29847130,2026-10-01T04:10,83812.260000,0.175700,0.818679,2026-10-01,364.000000,3.146413,0.734847,83823.270000,83796.160000
29847131,2026-10-01T04:11,83810.640000,0.317500,0.273696,2026-10-01,283.000000,3.337996,0.475529,83876.080000,83810.030000
29847132,2026-10-01T04:12,83823.170000,0.328200,-0.048800,2026-10-01,301.000000,1.341581,0.858838,83834.000000,83807.280000
29847133,2026-10-01T04:13,83832.930000,0.344700,0.718269,2026-10-01,272.000000,2.442068,0.721522,83849.450000,83823.160000
29847134,2026-10-01T04:14,83876.080000,0.305000,0.441950,2026-10-01,280.000000,2.295605,0.577278,83880.240000,83832.930000
29847135,2026-10-01T04:15,83833.860000,0.108100,0.154957,2026-10-01,290.000000,2.536238,0.513995,83876.470000,83825.000000
29847136,2026-10-01T04:16,83836.360000,0.285800,0.027969,2026-10-01,312.000000,6.736716,0.217930,83873.510000,83833.860000
29847137,2026-10-01T04:17,83766.640000,0.016700,-0.564133,2026-10-01,376.000000,7.915946,0.446054,83851.510000,83745.850000
29847138,2026-10-01T04:18,83742.020000,0.043600,-0.107874,2026-10-01,352.000000,5.637185,0.445953,83786.050000,83723.040000
29847139,2026-10-01T04:19,83691.260000,0.322000,-0.108093,2026-10-01,391.000000,6.199263,0.268787,83752.910000,83677.680000
29847140,2026-10-01T04:20,83678.990000,-0.133900,-0.437173,2026-10-01,332.000000,5.370979,0.768971,83713.550000,83658.540000
29847141,2026-10-01T04:21,83709.200000,0.127300,0.528385,2026-10-01,342.000000,2.776967,0.596004,83723.790000,83658.430000
29847142,2026-10-01T04:22,83753.140000,0.173100,0.207166,2026-10-01,258.000000,1.904325,0.777342,83753.130000,83693.290000
29847143,2026-10-01T04:23,83745.710000,-0.234600,0.541892,2026-10-01,266.000000,4.482464,0.239381,83777.120000,83738.040000
29847144,2026-10-01T04:24,83745.300000,0.219200,-0.513139,2026-10-01,241.000000,0.930153,0.486728,83749.080000,83724.510000
29847145,2026-10-01T04:25,83725.790000,0.329500,-0.036995,2026-10-01,237.000000,0.919168,0.304620,83738.290000,83725.060000
29847146,2026-10-01T04:26,83744.880000,-0.003900,-0.390760,2026-10-01,268.000000,2.349655,0.488865,83744.880000,83728.620000
29847147,2026-10-01T04:27,83793.830000,0.072500,-0.022269,2026-10-01,245.000000,2.292676,0.284488,83793.830000,83744.870000
29847148,2026-10-01T04:28,83805.510000,-0.150500,-0.477451,2026-10-01,259.000000,1.845738,0.626799,83823.970000,83780.620000
29847149,2026-10-01T04:29,83813.010000,0.215200,0.409211,2026-10-01,208.000000,1.027963,0.805090,83813.000000,83792.900000
29847150,2026-10-01T04:30,83819.960000,0.206300,0.610072,2026-10-01,305.000000,4.344955,0.750751,83850.480000,83813.000000
29847151,2026-10-01T04:31,83781.260000,0.038500,0.501501,2026-10-01,247.000000,1.432202,0.421779,83821.660000,83781.250000
29847152,2026-10-01T04:32,83731.260000,0.082700,-0.156810,2026-10-01,296.000000,2.522716,0.121648,83781.250000,83723.280000
29847153,2026-10-01T04:33,83745.670000,-0.084300,-0.756651,2026-10-01,274.000000,1.973986,0.497668,83763.400000,83722.660000
29847154,2026-10-01T04:34,83756.150000,0.120800,-0.004628,2026-10-01,242.000000,0.995235,0.232009,83756.150000,83742.240000
29847155,2026-10-01T04:35,83758.420000,-0.284100,-0.535981,2026-10-01,250.000000,0.470582,0.577718,83766.640000,83754.430000
29847156,2026-10-01T04:36,83798.400000,-0.455200,0.125034,2026-10-01,178.000000,0.495939,0.745995,83814.350000,83759.910000
29847157,2026-10-01T04:37,83800.790000,0.267600,0.534152,2026-10-01,265.000000,2.469561,0.118845,83829.520000,83797.830000
29847158,2026-10-01T04:38,83821.670000,-0.113500,-0.445705,2026-10-01,308.000000,3.651961,0.906235,83840.150000,83800.790000
29847159,2026-10-01T04:39,83838.680000,0.429000,0.779603,2026-10-01,254.000000,2.525471,0.463976,83870.770000,83821.670000
29847160,2026-10-01T04:40,83843.980000,-0.396700,-0.072047,2026-10-01,285.000000,2.225235,0.742999,83859.030000,83829.520000
29847161,2026-10-01T04:41,83851.960000,0.369100,0.485998,2026-10-01,213.000000,0.583015,0.354673,83860.940000,83843.970000
29847162,2026-10-01T04:42,83838.740000,0.110100,-0.286187,2026-10-01,228.000000,0.371466,0.679171,83851.970000,83838.730000
29847163,2026-10-01T04:43,83847.110000,0.306000,0.354826,2026-10-01,248.000000,0.552099,0.439942,83864.700000,83837.880000
29847164,2026-10-01T04:44,83881.290000,0.482800,-0.112966,2026-10-01,224.000000,0.463549,0.487912,83886.000000,83846.100000
29847165,2026-10-01T04:45,83884.430000,0.339900,-0.032103,2026-10-01,210.000000,1.286790,0.119460,83885.980000,83872.910000
29847166,2026-10-01T04:46,84061.490000,0.136600,-0.708734,2026-10-01,446.000000,5.808792,0.892790,84074.650000,83884.440000
29847167,2026-10-01T04:47,83986.710000,0.197000,0.768556,2026-10-01,361.000000,4.132157,0.255159,84065.800000,83954.430000
29847168,2026-10-01T04:48,84056.650000,0.185300,-0.483453,2026-10-01,557.000000,38.899592,0.779109,84100.000000,83986.710000
29847169,2026-10-01T04:49,84064.930000,0.208100,0.558218,2026-10-01,311.000000,4.046887,0.541117,84102.000000,84028.370000
29847170,2026-10-01T04:50,84073.150000,0.308000,0.084708,2026-10-01,333.000000,6.791163,0.799207,84118.960000,84042.630000
29847171,2026-10-01T04:51,84108.670000,0.068900,0.520181,2026-10-01,428.000000,6.366360,0.484763,84132.830000,84075.940000
29847172,2026-10-01T04:52,84122.980000,0.031900,0.025487,2026-10-01,353.000000,6.018354,0.698106,84158.410000,84091.520000
29847173,2026-10-01T04:53,84038.990000,0.245200,0.396256,2026-10-01,277.000000,1.072897,0.754476,84117.780000,84037.490000
29847174,2026-10-01T04:54,84049.610000,0.390400,0.508898,2026-10-01,302.000000,1.590576,0.531121,84079.920000,84038.990000
29847175,2026-10-01T04:55,83995.620000,0.167300,0.064094,2026-10-01,330.000000,2.475167,0.193125,84067.270000,83977.540000
29847176,2026-10-01T04:56,83944.800000,0.055700,-0.615493,2026-10-01,288.000000,2.591948,0.147674,84005.630000,83919.390000
29847177,2026-10-01T04:57,83957.580000,0.132200,-0.704459,2026-10-01,291.000000,1.412095,0.721521,83963.130000,83933.000000
29847178,2026-10-01T04:58,83998.260000,-0.025600,0.442593,2026-10-01,280.000000,1.760039,0.958900,84006.060000,83955.280000
29847179,2026-10-01T04:59,84060.080000,0.067200,0.917838,2026-10-01,273.000000,1.098254,0.676268,84060.080000,83998.250000
29847180,2026-10-01T05:00,84033.550000,0.208400,0.352065,2026-10-01,316.000000,8.128960,0.136733,84060.080000,83977.010000
29847181,2026-10-01T05:01,83979.400000,0.268500,-0.699010,2026-10-01,282.000000,2.371480,0.479843,84059.340000,83979.400000
29847182,2026-10-01T05:02,84016.020000,0.191800,-0.101484,2026-10-01,243.000000,0.925613,0.718475,84016.020000,83960.800000
29847183,2026-10-01T05:03,84088.790000,0.288900,0.438185,2026-10-01,240.000000,1.087594,0.846064,84088.780000,84016.020000
29847184,2026-10-01T05:04,84149.950000,0.254200,0.554719,2026-10-01,274.000000,1.700344,0.621554,84149.940000,84083.990000
29847185,2026-10-01T05:05,84137.890000,0.099200,0.260337,2026-10-01,342.000000,2.420800,0.437161,84181.970000,84125.720000
29847186,2026-10-01T05:06,84175.360000,0.116700,-0.208957,2026-10-01,340.000000,2.886031,0.730072,84189.750000,84112.870000
29847187,2026-10-01T05:07,84122.510000,0.023100,0.469608,2026-10-01,271.000000,1.717658,0.167381,84168.880000,84112.480000
29847188,2026-10-01T05:08,84113.550000,0.117900,-0.665239,2026-10-01,259.000000,1.566595,0.543694,84130.270000,84102.010000
29847189,2026-10-01T05:09,84124.380000,-0.061600,0.087375,2026-10-01,284.000000,1.601160,0.351755,84124.380000,84101.900000
29847190,2026-10-01T05:10,84112.330000,0.258200,-0.296482,2026-10-01,239.000000,0.683429,0.361744,84124.960000,84104.080000
29847191,2026-10-01T05:11,84187.380000,-0.006500,-0.276511,2026-10-01,483.000000,7.008947,0.745238,84221.000000,84112.320000
29847192,2026-10-01T05:12,84175.380000,-0.132600,0.490622,2026-10-01,283.000000,1.157970,0.557820,84208.950000,84175.360000
29847193,2026-10-01T05:13,84165.150000,-0.032800,0.114110,2026-10-01,237.000000,0.480424,0.755077,84181.280000,84164.880000
29847194,2026-10-01T05:14,84185.140000,-0.133400,0.510154,2026-10-01,242.000000,1.081919,0.555056,84196.320000,84164.880000
29847195,2026-10-01T05:15,84210.990000,0.457600,0.109539,2026-10-01,399.000000,4.212305,0.645988,84230.750000,84175.870000
29847196,2026-10-01T05:16,84196.330000,0.199600,0.289680,2026-10-01,249.000000,0.585712,0.461162,84210.990000,84196.320000
29847197,2026-10-01T05:17,84210.620000,0.198800,-0.095461,2026-10-01,258.000000,1.211362,0.685004,84218.540000,84191.860000
29847198,2026-10-01T05:18,84193.790000,0.236000,0.391542,2026-10-01,236.000000,1.528138,0.452130,84217.540000,84193.790000
29847199,2026-10-01T05:19,84249.040000,0.183000,-0.127368,2026-10-01,285.000000,4.213627,0.898330,84251.140000,84202.750000
29847200,2026-10-01T05:20,84240.290000,-0.100400,0.795663,2026-10-01,276.000000,1.011592,0.357063,84250.080000,84227.770000
29847201,2026-10-01T05:21,84266.890000,0.144800,-0.284219,2026-10-01,362.000000,3.891329,0.840869,84266.900000,84227.760000
29847202,2026-10-01T05:22,84259.110000,-0.003800,0.673556,2026-10-01,333.000000,3.063139,0.680565,84276.140000,84238.240000
29847203,2026-10-01T05:23,84220.680000,0.106700,0.369636,2026-10-01,280.000000,1.397051,0.450133,84259.120000,84217.260000
29847204,2026-10-01T05:24,84206.830000,0.093600,-0.099818,2026-10-01,253.000000,2.546626,0.235412,84238.230000,84206.810000
29847205,2026-10-01T05:25,84210.010000,0.302000,-0.529152,2026-10-01,240.000000,1.422177,0.771124,84225.530000,84206.820000
29847206,2026-10-01T05:26,84209.990000,0.139500,0.542248,2026-10-01,230.000000,1.876048,0.644801,84210.010000,84196.320000
29847207,2026-10-01T05:27,84214.330000,0.076800,0.289602,2026-10-01,264.000000,1.676772,0.531965,84219.560000,84205.370000
29847208,2026-10-01T05:28,84233.320000,0.321500,0.063900,2026-10-01,258.000000,1.082434,0.915043,84233.320000,84214.330000
29847209,2026-10-01T05:29,84238.240000,0.438600,0.830168,2026-10-01,237.000000,2.623755,0.774181,84238.240000,84216.260000
29847210,2026-10-01T05:30,84234.920000,0.088400,0.552307,2026-10-01,276.000000,1.036673,0.303731,84252.810000,84219.820000
29847211,2026-10-01T05:31,84231.210000,0.290400,-0.424309,2026-10-01,245.000000,0.750407,0.633694,84234.930000,84208.980000
29847212,2026-10-01T05:32,84224.600000,0.250300,0.267387,2026-10-01,280.000000,1.114706,0.697018,84238.940000,84222.490000
29847213,2026-10-01T05:33,84227.760000,0.257500,0.394035,2026-10-01,236.000000,1.405204,0.569705,84229.050000,84204.000000
29847214,2026-10-01T05:34,84254.210000,0.345600,0.139411,2026-10-01,209.000000,0.602050,0.601374,84259.190000,84227.750000
29847215,2026-10-01T05:35,84239.290000,0.253500,0.355230,2026-10-01,266.000000,1.989727,0.385675,84262.650000,84236.000000
29847216,2026-10-01T05:36,84219.400000,0.142900,-0.321289,2026-10-01,251.000000,2.084045,0.713762,84264.230000,84219.220000
29847217,2026-10-01T05:37,84252.200000,0.310300,0.441749,2026-10-01,252.000000,1.339666,0.755933,84252.200000,84217.280000
29847218,2026-10-01T05:38,84269.670000,0.170100,0.490448,2026-10-01,284.000000,2.867648,0.897965,84270.660000,84238.680000
29847219,2026-10-01T05:39,84238.680000,0.467400,0.796347,2026-10-01,282.000000,1.553246,0.384385,84285.730000,84238.680000
29847220,2026-10-01T05:40,84256.180000,0.224300,-0.126673,2026-10-01,336.000000,2.513219,0.743701,84269.680000,84238.680000
29847221,2026-10-01T05:41,84219.820000,0.443000,0.454861,2026-10-01,223.000000,0.528336,0.373578,84256.180000,84219.810000
29847222,2026-10-01T05:42,84227.760000,0.282900,-0.252843,2026-10-01,217.000000,0.410838,0.785496,84228.840000,84212.400000
29847223,2026-10-01T05:43,84173.570000,0.219800,0.570992,2026-10-01,271.000000,3.557174,0.101403,84227.750000,84165.970000
29847224,2026-10-01T05:44,84171.080000,0.308700,-0.794777,2026-10-01,260.000000,2.274320,0.108622,84175.350000,84150.920000
29847225,2026-10-01T05:45,84177.770000,0.507300,-0.786515,2026-10-01,207.000000,1.074439,0.086197,84185.830000,84171.080000
29847226,2026-10-01T05:46,84187.360000,0.205800,-0.737324,2026-10-01,198.000000,0.256054,0.492145,84187.380000,84177.760000
29847227,2026-10-01T05:47,84185.260000,0.250400,-0.291459,2026-10-01,187.000000,0.732028,0.278007,84187.370000,84177.780000
29847228,2026-10-01T05:48,84201.860000,0.134300,-0.443986,2026-10-01,231.000000,1.118960,0.137546,84201.860000,84185.260000
29847229,2026-10-01T05:49,84238.240000,0.283900,-0.664439,2026-10-01,286.000000,2.986525,0.134794,84238.240000,84191.350000
29847230,2026-10-01T05:50,84248.830000,0.392300,-0.754287,2026-10-01,264.000000,2.181135,0.583203,84269.990000,84238.230000
29847231,2026-10-01T05:51,84259.650000,0.211300,0.180532,2026-10-01,130.000000,0.989206,0.331234,84268.340000,84252.900000
29847232,2026-10-01T05:52,84267.960000,0.207700,-0.392833,2026-10-01,337.000000,1.562782,0.533370,84277.220000,84250.030000
29847233,2026-10-01T05:53,84293.040000,0.137700,0.066874,2026-10-01,237.000000,1.107198,0.956058,84294.390000,84262.890000
29847234,2026-10-01T05:54,84293.040000,0.011300,0.912098,2026-10-01,266.000000,1.746099,0.277162,84320.000000,84293.040000
29847235,2026-10-01T05:55,84259.210000,-0.011100,-0.220886,2026-10-01,211.000000,0.996710,0.631561,84293.080000,84259.200000
29847236,2026-10-01T05:56,84248.890000,0.351200,-0.086536,2026-10-01,197.000000,0.378778,0.770462,84267.760000,84248.880000
29847237,2026-10-01T05:57,84242.180000,0.128900,0.540024,2026-10-01,199.000000,1.078666,0.652803,84248.890000,84227.780000
29847238,2026-10-01T05:58,84220.640000,0.152400,0.305607,2026-10-01,242.000000,4.368703,0.202908,84242.180000,84206.800000
29847239,2026-10-01T05:59,84252.010000,0.273200,-0.509154,2026-10-01,299.000000,2.886527,0.564717,84252.130000,84199.490000
29847240,2026-10-01T06:00,84253.140000,0.448800,0.049529,2026-10-01,283.000000,3.904096,0.742043,84256.650000,84233.200000
29847241,2026-10-01T06:01,84202.260000,0.310100,0.483760,2026-10-01,302.000000,2.957444,0.242786,84260.830000,84181.870000
29847242,2026-10-01T06:02,84221.990000,0.143500,-0.562110,2026-10-01,281.000000,2.707482,0.385292,84229.430000,84198.400000
29847243,2026-10-01T06:03,84225.050000,0.252700,-0.112317,2026-10-01,212.000000,0.530290,0.708570,84232.770000,84221.980000
29847244,2026-10-01T06:04,84256.800000,-0.198100,0.369159,2026-10-01,288.000000,3.651635,0.657257,84259.190000,84220.600000
29847245,2026-10-01T06:05,84250.010000,-0.015100,0.315314,2026-10-01,309.000000,4.558944,0.112832,84291.380000,84250.000000
29847246,2026-10-01T06:06,84244.040000,0.163700,-0.691189,2026-10-01,245.000000,1.110500,0.598432,84264.240000,84241.020000
29847247,2026-10-01T06:07,84237.850000,0.395500,-0.005107,2026-10-01,256.000000,1.108105,0.532346,84248.700000,84226.520000
29847248,2026-10-01T06:08,84225.010000,0.155200,0.063316,2026-10-01,249.000000,1.806682,0.368972,84237.850000,84218.950000
29847249,2026-10-01T06:09,84249.010000,0.229600,-0.261665,2026-10-01,225.000000,1.592145,0.490743,84255.680000,84228.340000
29847250,2026-10-01T06:10,84272.640000,0.112000,-0.018133,2026-10-01,234.000000,1.683658,0.518650,84286.040000,84249.010000
29847251,2026-10-01T06:11,84300.860000,0.243200,0.036946,2026-10-01,207.000000,0.380637,0.749932,84300.860000,84272.630000
29847252,2026-10-01T06:12,84334.430000,0.263700,0.502038,2026-10-01,271.000000,2.886509,0.309757,84336.690000,84300.750000
29847253,2026-10-01T06:13,84353.510000,0.236900,-0.381246,2026-10-01,367.000000,3.564546,0.574278,84353.520000,84322.250000
29847254,2026-10-01T06:14,84333.210000,0.206000,0.148556,2026-10-01,304.000000,2.919930,0.491939,84368.260000,84323.080000
29847255,2026-10-01T06:15,84328.240000,0.093900,-0.016134,2026-10-01,224.000000,0.958940,0.493199,84338.000000,84322.080000
29847256,2026-10-01T06:16,84317.650000,0.284100,-0.012943,2026-10-01,247.000000,0.192907,0.608673,84342.960000,84311.600000
29847257,2026-10-01T06:17,84318.950000,0.141500,0.458852,2026-10-01,299.000000,1.918782,0.227717,84343.960000,84316.980000
29847258,2026-10-01T06:18,84297.990000,0.172200,-0.614613,2026-10-01,269.000000,3.373473,0.330723,84311.600000,84292.650000
29847259,2026-10-01T06:19,84278.460000,0.502400,-0.339647,2026-10-01,189.000000,0.931631,0.168024,84297.990000,84272.150000
29847260,2026-10-01T06:20,84269.680000,0.541800,-0.663179,2026-10-01,232.000000,1.234948,0.406754,84278.470000,84262.530000
29847261,2026-10-01T06:21,84266.650000,0.531700,-0.224679,2026-10-01,189.000000,0.299271,0.547060,84269.680000,84254.770000
29847262,2026-10-01T06:22,84292.580000,0.302400,0.368852,2026-10-01,227.000000,1.138552,0.155590,84298.560000,84266.650000
29847263,2026-10-01T06:23,84284.040000,0.331800,-0.689160,2026-10-01,237.000000,2.985554,0.812310,84292.590000,84251.560000
29847264,2026-10-01T06:24,84304.950000,0.052000,0.624620,2026-10-01,177.000000,0.796884,0.881674,84304.940000,84284.030000
29847265,2026-10-01T06:25,84298.640000,-0.139500,0.747370,2026-10-01,274.000000,1.610379,0.500847,84308.290000,84261.690000
29847266,2026-10-01T06:26,84290.640000,0.299000,-0.361267,2026-10-01,235.000000,0.965166,0.290232,84321.480000,84290.640000
29847267,2026-10-01T06:27,84292.170000,0.039800,-0.357615,2026-10-01,171.000000,0.164335,0.896278,84292.170000,84276.290000
29847268,2026-10-01T06:28,84297.010000,0.120300,0.793235,2026-10-01,257.000000,1.477581,0.295769,84305.790000,84269.680000
29847269,2026-10-01T06:29,84306.760000,0.289100,-0.412316,2026-10-01,264.000000,2.045672,0.181980,84307.500000,84282.990000
29847270,2026-10-01T06:30,84282.990000,0.154200,-0.634378,2026-10-01,255.000000,1.384766,0.538160,84320.070000,84280.160000
29847271,2026-10-01T06:31,84238.240000,0.296600,0.197737,2026-10-01,258.000000,0.603106,0.822229,84292.630000,84238.240000
29847272,2026-10-01T06:32,84132.790000,-0.086200,0.457543,2026-10-01,349.000000,5.635413,0.105946,84238.260000,84125.810000
29847273,2026-10-01T06:33,84177.920000,-0.097300,-0.755211,2026-10-01,313.000000,2.076780,0.744796,84185.840000,84122.960000
29847274,2026-10-01T06:34,84160.880000,0.199300,0.466402,2026-10-01,267.000000,1.760196,0.399473,84182.820000,84154.420000
29847275,2026-10-01T06:35,84197.740000,0.118000,-0.198181,2026-10-01,247.000000,1.009924,0.710650,84227.750000,84160.870000
29847276,2026-10-01T06:36,84154.400000,-0.023300,0.381174,2026-10-01,213.000000,0.966089,0.158868,84197.740000,84154.400000
29847277,2026-10-01T06:37,84138.020000,0.217900,-0.673015,2026-10-01,255.000000,2.531308,0.444484,84154.400000,84134.000000
29847278,2026-10-01T06:38,84133.570000,-0.103100,-0.110988,2026-10-01,231.000000,1.486311,0.246117,84140.110000,84124.100000
29847279,2026-10-01T06:39,84092.660000,-0.121700,-0.507766,2026-10-01,244.000000,2.231818,0.210897,84133.090000,84090.340000
29847280,2026-10-01T06:40,84081.040000,-0.330300,-0.576526,2026-10-01,272.000000,1.170443,0.365969,84122.970000,84081.040000
29847281,2026-10-01T06:41,84079.710000,0.106900,-0.097623,2026-10-01,263.000000,1.411066,0.739256,84089.160000,84069.890000
29847282,2026-10-01T06:42,84093.240000,0.150900,0.400185,2026-10-01,227.000000,0.765745,0.304137,84098.210000,84068.290000
29847283,2026-10-01T06:43,84113.120000,-0.020300,-0.390670,2026-10-01,222.000000,0.190906,0.442669,84114.020000,84093.240000
29847284,2026-10-01T06:44,84122.960000,0.034600,-0.117715,2026-10-01,220.000000,0.399346,0.413983,84122.960000,84098.210000
29847285,2026-10-01T06:45,84099.010000,-0.070800,-0.172035,2026-10-01,193.000000,0.429784,0.157376,84123.980000,84099.000000
29847286,2026-10-01T06:46,84112.960000,-0.253800,-0.685545,2026-10-01,215.000000,0.597112,0.549688,84122.780000,84098.200000
29847287,2026-10-01T06:47,84149.120000,-0.190500,0.119301,2026-10-01,249.000000,1.308586,0.402124,84154.390000,84112.960000
29847288,2026-10-01T06:48,84116.610000,-0.180900,-0.204375,2026-10-01,228.000000,1.435389,0.427700,84149.130000,84115.820000
29847289,2026-10-01T06:49,84079.430000,0.073400,-0.210058,2026-10-01,260.000000,1.303326,0.432423,84114.630000,84070.560000
29847290,2026-10-01T06:50,84086.520000,0.242300,-0.048481,2026-10-01,220.000000,0.454009,0.349638,84092.400000,84074.730000
29847291,2026-10-01T06:51,84147.890000,-0.079200,-0.300789,2026-10-01,214.000000,0.829315,0.660097,84147.890000,84086.520000
29847292,2026-10-01T06:52,84143.930000,-0.012400,0.320194,2026-10-01,246.000000,2.170357,0.336087,84166.350000,84121.470000
29847293,2026-10-01T06:53,84154.960000,0.011400,-0.292378,2026-10-01,175.000000,0.398341,0.798130,84164.880000,84140.350000
29847294,2026-10-01T06:54,84158.850000,-0.345100,0.140900,2026-10-01,283.000000,2.179711,0.487590,84160.030000,84141.360000
29847295,2026-10-01T06:55,84122.980000,0.100800,-0.101419,2026-10-01,222.000000,0.825949,0.183991,84164.880000,84122.970000
29847296,2026-10-01T06:56,84130.010000,0.060600,-0.551663,2026-10-01,228.000000,0.413826,0.453770,84133.510000,84122.970000
29847297,2026-10-01T06:57,84122.990000,-0.130500,-0.123831,2026-10-01,245.000000,0.866324,0.278340,84130.020000,84105.020000
29847298,2026-10-01T06:58,84091.710000,-0.111200,-0.446427,2026-10-01,227.000000,1.143385,0.202031,84130.360000,84092.720000
29847299,2026-10-01T06:59,84075.710000,-0.536500,-0.590664,2026-10-01,186.000000,0.696439,0.592890,84093.300000,84075.700000
29847300,2026-10-01T07:00,84077.990000,-0.313700,0.151597,2026-10-01,186.000000,0.428772,0.537382,84091.700000,84062.480000
29847301,2026-10-01T07:01,84032.480000,0.063900,-0.274384,2026-10-01,234.000000,1.817354,0.247253,84077.990000,84025.410000
29847302,2026-10-01T07:02,84037.730000,-0.358700,-0.450407,2026-10-01,192.000000,1.027766,0.651891,84042.780000,84018.170000
29847303,2026-10-01T07:03,84037.170000,-0.143700,0.303989,2026-10-01,177.000000,0.473150,0.405328,84037.730000,84027.980000
29847304,2026-10-01T07:04,84090.330000,-0.210500,-0.189032,2026-10-01,297.000000,4.737529,0.887665,84107.680000,84031.720000
29847305,2026-10-01T07:05,84091.300000,0.060700,0.775309,2026-10-01,219.000000,1.163717,0.084432,84109.580000,84060.080000
29847306,2026-10-01T07:06,84089.400000,-0.447100,-0.831117,2026-10-01,152.000000,0.361245,0.551894,84095.620000,84070.560000
29847307,2026-10-01T07:07,84074.360000,-0.472500,0.082383,2026-10-01,230.000000,1.977003,0.275295,84101.990000,84060.090000
29847308,2026-10-01T07:08,84123.960000,-0.082000,-0.447422,2026-10-01,194.000000,1.062692,0.219307,84130.330000,84067.100000
29847309,2026-10-01T07:09,84155.170000,-0.294000,-0.561379,2026-10-01,192.000000,0.431210,0.315584,84175.340000,84123.960000
29847310,2026-10-01T07:10,84143.920000,-0.201300,-0.368832,2026-10-01,238.000000,1.176886,0.328021,84184.540000,84140.510000
29847311,2026-10-01T07:11,84091.520000,-0.250100,-0.343958,2026-10-01,201.000000,1.450266,0.110637,84160.360000,84091.520000
29847312,2026-10-01T07:12,84055.240000,-0.066500,-0.778727,2026-10-01,247.000000,5.047451,0.802677,84093.620000,84054.810000
29847313,2026-10-01T07:13,84007.680000,0.025400,0.200067,2026-10-01,252.000000,3.445329,0.218222,84055.240000,84007.680000
29847314,2026-10-01T07:14,84006.390000,-0.078900,-0.136170,2026-10-01,198.000000,1.138413,0.265109,84028.630000,84006.390000
29847315,2026-10-01T07:15,84017.650000,-0.190700,-0.469735,2026-10-01,174.000000,2.262748,0.053599,84029.820000,84000.000000
29847316,2026-10-01T07:16,84009.140000,-0.303000,-0.881036,2026-10-01,231.000000,2.465319,0.865638,84058.540000,84000.000000
29847317,2026-10-01T07:17,83883.070000,-0.162800,0.729721,2026-10-01,412.000000,11.631115,0.439819,84009.140000,83881.920000
29847318,2026-10-01T07:18,83904.860000,-0.353600,-0.120361,2026-10-01,235.000000,7.006012,0.862184,83937.530000,83881.920000
29847319,2026-10-01T07:19,83824.270000,-0.327700,0.685018,2026-10-01,317.000000,5.322272,0.319977,83904.860000,83812.010000
29847320,2026-10-01T07:20,83672.330000,-0.175700,-0.339753,2026-10-01,678.000000,11.588150,0.695473,83814.090000,83654.910000
29847321,2026-10-01T07:21,83619.920000,-0.489500,0.398509,2026-10-01,457.000000,7.397474,0.608391,83682.790000,83567.530000
29847322,2026-10-01T07:22,83623.960000,0.062800,0.194455,2026-10-01,301.000000,2.122236,0.216186,83672.310000,83563.000000
29847323,2026-10-01T07:23,83550.040000,-0.378100,-0.642221,2026-10-01,291.000000,3.948777,0.373481,83647.830000,83546.940000
29847324,2026-10-01T07:24,83356.490000,-0.477100,-0.249874,2026-10-01,826.000000,32.265302,0.366564,83549.000000,83353.470000
29847325,2026-10-01T07:25,83329.040000,-0.233600,-0.266917,2026-10-01,841.000000,22.115412,0.526101,83440.540000,83319.400000
29847326,2026-10-01T07:26,83343.520000,-0.210700,0.052218,2026-10-01,567.000000,26.389221,0.329761,83431.260000,83300.000000
29847327,2026-10-01T07:27,83325.800000,-0.094700,-0.340348,2026-10-01,380.000000,33.627165,0.124949,83353.350000,83291.000000
29847328,2026-10-01T07:28,83326.480000,-0.029900,-0.736098,2026-10-01,284.000000,3.776925,0.585718,83352.180000,83295.030000
29847329,2026-10-01T07:29,83329.540000,-0.278700,0.006285,2026-10-01,342.000000,3.925371,0.484554,83353.930000,83289.000000
29847330,2026-10-01T07:30,83413.150000,-0.283300,0.046766,2026-10-01,291.000000,2.345024,0.609717,83437.000000,83304.380000
29847331,2026-10-01T07:31,83472.990000,0.039800,0.251130,2026-10-01,228.000000,1.679204,0.322320,83478.440000,83399.840000
29847332,2026-10-01T07:32,83502.420000,0.190300,-0.355532,2026-10-01,259.000000,2.128709,0.411441,83525.100000,83460.460000
29847333,2026-10-01T07:33,83592.150000,0.105100,-0.171553,2026-10-01,308.000000,5.522692,0.841077,83608.540000,83489.690000
29847334,2026-10-01T07:34,83609.430000,-0.301100,0.681527,2026-10-01,253.000000,3.690000,0.792411,83609.440000,83558.020000
29847335,2026-10-01T07:35,83546.670000,0.076800,0.584875,2026-10-01,284.000000,7.271915,0.134877,83629.510000,83527.730000
29847336,2026-10-01T07:36,83522.990000,-0.300200,-0.730136,2026-10-01,276.000000,2.535350,0.558418,83545.180000,83431.280000
29847337,2026-10-01T07:37,83494.800000,0.224200,0.116789,2026-10-01,265.000000,3.133615,0.541868,83546.660000,83482.670000
29847338,2026-10-01T07:38,83510.110000,-0.178100,0.083239,2026-10-01,246.000000,3.478598,0.491638,83558.480000,83489.850000
29847339,2026-10-01T07:39,83464.670000,0.162300,-0.009396,2026-10-01,178.000000,1.549383,0.297210,83558.190000,83461.540000
29847340,2026-10-01T07:40,83339.980000,0.057700,-0.428042,2026-10-01,451.000000,40.059707,0.629703,83465.250000,83323.300000
29847341,2026-10-01T07:41,83439.520000,0.220900,0.255088,2026-10-01,252.000000,1.693332,0.222631,83474.600000,83329.630000
29847342,2026-10-01T07:42,83481.010000,-0.131800,-0.509125,2026-10-01,245.000000,1.969927,0.710691,83485.390000,83432.940000
29847343,2026-10-01T07:43,83497.330000,-0.051400,0.419544,2026-10-01,213.000000,0.249856,0.493295,83522.160000,83475.370000
29847344,2026-10-01T07:44,83501.150000,-0.065300,-0.011351,2026-10-01,261.000000,2.307493,0.382375,83549.340000,83444.600000
29847345,2026-10-01T07:45,83537.790000,-0.220500,-0.243323,2026-10-01,225.000000,1.424823,0.268830,83553.550000,83455.150000
29847346,2026-10-01T07:46,83542.670000,0.350800,-0.426003,2026-10-01,223.000000,2.554979,0.560481,83557.990000,83516.300000
29847347,2026-10-01T07:47,83598.040000,-0.088400,0.112428,2026-10-01,215.000000,4.215907,0.894851,83624.300000,83537.610000
29847348,2026-10-01T07:48,83539.620000,-0.154300,0.789834,2026-10-01,183.000000,1.880734,0.290665,83608.670000,83516.300000
29847349,2026-10-01T07:49,83505.890000,-0.038700,-0.428232,2026-10-01,149.000000,2.202274,0.122661,83547.350000,83505.880000
29847350,2026-10-01T07:50,83522.640000,-0.049500,-0.751656,2026-10-01,164.000000,1.453741,0.885456,83552.810000,83495.760000
29847351,2026-10-01T07:51,83552.890000,-0.087600,0.770818,2026-10-01,153.000000,1.068838,0.281915,83581.910000,83522.640000
29847352,2026-10-01T07:52,83490.360000,-0.070700,-0.436401,2026-10-01,121.000000,1.131260,0.146574,83572.140000,83485.040000
29847353,2026-10-01T07:53,83490.210000,-0.037600,-0.706738,2026-10-01,262.000000,2.009324,0.554272,83516.290000,83485.040000
29847354,2026-10-01T07:54,83485.040000,0.099400,0.108534,2026-10-01,163.000000,1.099873,0.520104,83513.330000,83485.040000
29847355,2026-10-01T07:55,83532.240000,0.112300,0.077577,2026-10-01,191.000000,2.260468,0.295446,83532.250000,83482.910000
29847356,2026-10-01T07:56,83509.080000,0.078100,-0.438893,2026-10-01,162.000000,1.954768,0.187341,83546.920000,83497.690000
29847357,2026-10-01T07:57,83365.100000,0.224200,-0.624292,2026-10-01,248.000000,4.517802,0.176498,83512.980000,83361.010000
29847358,2026-10-01T07:58,83424.920000,0.127500,-0.647168,2026-10-01,171.000000,1.014758,0.651776,83425.190000,83350.880000
29847359,2026-10-01T07:59,83371.850000,-0.226200,0.306486,2026-10-01,145.000000,0.497356,0.203159,83429.970000,83370.420000
29847360,2026-10-01T08:00,83426.640000,0.057800,-0.245812,2026-10-01,241.000000,3.911816,0.775979,83454.720000,83371.850000
29847361,2026-10-01T08:01,83370.420000,0.237600,0.535427,2026-10-01,205.000000,1.869770,0.339757,83432.940000,83370.420000
29847362,2026-10-01T08:02,83419.770000,-0.083100,-0.318186,2026-10-01,229.000000,2.062260,0.254744,83432.930000,83349.810000
29847363,2026-10-01T08:03,83460.710000,-0.045400,-0.492623,2026-10-01,254.000000,3.006450,0.656960,83491.260000,83409.010000
29847364,2026-10-01T08:04,83457.450000,0.120500,0.306705,2026-10-01,186.000000,1.159495,0.215093,83477.610000,83432.940000
29847365,2026-10-01T08:05,83375.950000,-0.036800,-0.561315,2026-10-01,167.000000,1.570660,0.313464,83451.810000,83375.780000
29847366,2026-10-01T08:06,83374.520000,-0.264100,-0.373507,2026-10-01,199.000000,0.987366,0.638782,83391.260000,83338.480000
29847367,2026-10-01T08:07,83398.300000,0.029000,0.270543,2026-10-01,148.000000,0.619788,0.493362,83398.310000,83372.870000
29847368,2026-10-01T08:08,83328.740000,-0.137200,0.261821,2026-10-01,229.000000,1.758361,0.468313,83397.310000,83315.990000
29847369,2026-10-01T08:09,83344.890000,-0.181700,-0.232148,2026-10-01,219.000000,1.604493,0.597185,83363.690000,83275.050000
29847370,2026-10-01T08:10,83405.080000,-0.026900,0.251284,2026-10-01,195.000000,2.059482,0.759752,83407.120000,83313.720000
29847371,2026-10-01T08:11,83349.580000,-0.199000,0.489268,2026-10-01,152.000000,0.551456,0.362888,83405.070000,83324.380000
29847372,2026-10-01T08:12,83337.760000,0.245800,-0.274223,2026-10-01,177.000000,0.858458,0.393606,83380.840000,83315.420000
29847373,2026-10-01T08:13,83325.360000,-0.136000,-0.212788,2026-10-01,168.000000,1.598990,0.102786,83358.300000,83307.900000
29847374,2026-10-01T08:14,83328.740000,-0.373400,-0.794427,2026-10-01,132.000000,0.771686,0.738372,83330.710000,83304.130000
29847375,2026-10-01T08:15,83347.210000,-0.070100,0.476745,2026-10-01,141.000000,0.827387,0.965361,83365.120000,83312.500000
29847376,2026-10-01T08:16,83402.520000,-0.520400,0.930722,2026-10-01,196.000000,2.265141,0.765218,83407.720000,83347.200000
29847377,2026-10-01T08:17,83393.790000,-0.111700,0.530439,2026-10-01,205.000000,1.892131,0.667361,83397.500000,83328.730000
29847378,2026-10-01T08:18,83377.790000,-0.232300,0.292172,2026-10-01,195.000000,1.618678,0.226284,83429.640000,83371.680000
29847379,2026-10-01T08:19,83338.110000,-0.062200,-0.529317,2026-10-01,176.000000,1.077728,0.385362,83379.980000,83335.500000
29847380,2026-10-01T08:20,83297.490000,-0.174800,-0.227998,2026-10-01,173.000000,0.986733,0.468193,83338.110000,83297.480000
29847381,2026-10-01T08:21,83320.100000,-0.065000,-0.064841,2026-10-01,191.000000,2.985329,0.117140,83359.990000,83292.530000
29847382,2026-10-01T08:22,83371.510000,-0.268400,-0.765718,2026-10-01,183.000000,2.365205,0.237621,83380.840000,83320.100000
29847383,2026-10-01T08:23,83380.830000,-0.103000,-0.524748,2026-10-01,148.000000,0.388470,0.653579,83394.460000,83346.670000
29847384,2026-10-01T08:24,83363.010000,-0.239800,0.310964,2026-10-01,159.000000,0.456655,0.476169,83391.250000,83352.640000
29847385,2026-10-01T08:25,83412.890000,-0.063200,-0.052648,2026-10-01,214.000000,5.188000,0.872513,83421.940000,83363.020000
29847386,2026-10-01T08:26,83431.960000,0.253200,0.745026,2026-10-01,178.000000,0.751603,0.596274,83422.520000,83380.840000
29847387,2026-10-01T08:27,83389.960000,0.120200,0.187596,2026-10-01,154.000000,0.896508,0.515051,83431.060000,83386.040000
29847388,2026-10-01T08:28,83384.860000,-0.206600,0.082988,2026-10-01,167.000000,1.310894,0.192440,83404.230000,83370.430000
29847389,2026-10-01T08:29,83370.920000,0.023800,-0.677015,2026-10-01,136.000000,0.444049,0.348877,83396.900000,83366.900000
29847390,2026-10-01T08:30,83314.200000,0.194400,-0.474124,2026-10-01,254.000000,3.324733,0.344105,83370.910000,83274.900000
29847391,2026-10-01T08:31,83250.010000,-0.396100,-0.276771,2026-10-01,277.000000,4.105121,0.385086,83346.870000,83227.000000
29847392,2026-10-01T08:32,83140.210000,-0.249200,-0.228937,2026-10-01,438.000000,10.118882,0.177119,83268.060000,83128.030000
29847393,2026-10-01T08:33,83201.010000,-0.123100,-0.640195,2026-10-01,244.000000,4.870362,0.560521,83214.110000,83128.030000
29847394,2026-10-01T08:34,83156.620000,-0.324100,0.112980,2026-10-01,167.000000,1.050460,0.594234,83202.480000,83151.790000
29847395,2026-10-01T08:35,83193.270000,-0.427200,0.189262,2026-10-01,265.000000,4.756934,0.322432,83193.270000,83107.030000
29847396,2026-10-01T08:36,83266.200000,-0.225000,-0.317388,2026-10-01,233.000000,2.895164,0.526169,83311.860000,83193.270000
29847397,2026-10-01T08:37,83330.150000,-0.345000,0.021286,2026-10-01,219.000000,2.453563,0.518769,83339.160000,83265.010000
29847398,2026-10-01T08:38,83362.730000,-0.085300,0.019786,2026-10-01,208.000000,1.672263,0.577081,83380.840000,83292.140000
29847399,2026-10-01T08:39,83441.540000,-0.026800,0.154162,2026-10-01,209.000000,1.151244,0.805366,83460.900000,83359.730000
29847400,2026-10-01T08:40,83380.850000,-0.017800,0.635635,2026-10-01,181.000000,0.946165,0.563074,83452.610000,83370.430000
29847401,2026-10-01T08:41,83441.890000,0.045200,0.049287,2026-10-01,183.000000,1.049925,0.477719,83441.890000,83360.010000
29847402,2026-10-01T08:42,83509.260000,0.078700,-0.140543,2026-10-01,192.000000,2.232338,0.860447,83536.450000,83435.690000
29847403,2026-10-01T08:43,83457.040000,0.306500,0.771933,2026-10-01,132.000000,0.609565,0.731633,83509.260000,83457.030000
29847404,2026-10-01T08:44,83443.360000,0.043200,0.614245,2026-10-01,173.000000,0.771620,0.367398,83471.550000,83443.360000
29847405,2026-10-01T08:45,83416.980000,0.412300,0.026068,2026-10-01,156.000000,0.768066,0.853820,83443.370000,83412.400000
29847406,2026-10-01T08:46,83411.640000,0.352100,0.539457,2026-10-01,152.000000,2.390192,0.209796,83432.930000,83392.340000
29847407,2026-10-01T08:47,83467.710000,0.111700,-0.580407,2026-10-01,197.000000,0.833828,0.623593,83475.090000,83411.650000
29847408,2026-10-01T08:48,83461.460000,-0.298700,-0.628692,2026-10-01,203.000000,2.917730,0.215974,83472.530000,83424.750000
29847409,2026-10-01T08:49,83447.670000,-0.202400,0.348740,2026-10-01,183.000000,1.804729,0.787953,83461.470000,83432.940000
29847410,2026-10-01T08:50,83403.140000,0.148000,0.575862,2026-10-01,175.000000,2.074527,0.774704,83437.230000,83401.690000
29847411,2026-10-01T08:51,83491.120000,0.068800,0.549421,2026-10-01,262.000000,2.511539,0.696880,83496.110000,83384.480000
29847412,2026-10-01T08:52,83494.170000,0.270700,0.393760,2026-10-01,223.000000,1.321434,0.323813,83505.930000,83493.480000
29847413,2026-10-01T08:53,83436.830000,0.038000,-0.351967,2026-10-01,171.000000,1.799388,0.484032,83494.170000,83433.880000
29847414,2026-10-01T08:54,83475.400000,-0.073700,-0.032165,2026-10-01,196.000000,1.186346,0.667269,83477.170000,83436.830000
29847415,2026-10-01T08:55,83512.010000,-0.050500,0.326710,2026-10-01,219.000000,0.933790,0.582857,83512.000000,83456.020000
29847416,2026-10-01T08:56,83519.790000,0.102100,0.185474,2026-10-01,139.000000,0.466714,0.578315,83538.060000,83512.000000
29847417,2026-10-01T08:57,83506.550000,-0.536600,0.130379,2026-10-01,142.000000,0.377111,0.429796,83526.590000,83500.830000
29847418,2026-10-01T08:58,83503.740000,-0.253000,-0.140408,2026-10-01,151.000000,0.940647,0.593267,83518.550000,83501.990000
29847419,2026-10-01T08:59,83515.080000,0.392800,0.179086,2026-10-01,136.000000,0.710267,0.582533,83522.750000,83500.010000
29847420,2026-10-01T09:00,83519.490000,0.130800,0.178020,2026-10-01,426.000000,8.494693,0.661844,83581.740000,83508.660000
29847421,2026-10-01T09:01,83508.540000,0.424400,0.323474,2026-10-01,154.000000,0.602967,0.464901,83531.480000,83505.880000
29847422,2026-10-01T09:02,83519.080000,0.447000,-0.023844,2026-10-01,158.000000,0.933474,0.249796,83531.470000,83503.420000
29847423,2026-10-01T09:03,83516.930000,0.191500,-0.549245,2026-10-01,159.000000,0.560572,0.367309,83535.810000,83508.400000
29847424,2026-10-01T09:04,83555.200000,-0.232900,-0.260809,2026-10-01,161.000000,0.465375,0.720464,83557.880000,83516.930000
29847425,2026-10-01T09:05,83558.670000,-0.230800,0.485454,2026-10-01,161.000000,0.481864,0.488084,83567.030000,83546.570000
29847426,2026-10-01T09:06,83561.550000,0.049900,-0.119446,2026-10-01,182.000000,3.624048,0.879193,83571.670000,83551.260000
29847427,2026-10-01T09:07,83569.040000,-0.018800,0.758934,2026-10-01,175.000000,0.735534,0.543236,83597.810000,83561.550000
29847428,2026-10-01T09:08,83573.540000,-0.042700,0.084734,2026-10-01,158.000000,0.335030,0.633489,83584.740000,83568.410000
29847429,2026-10-01T09:09,83598.010000,-0.127100,0.275080,2026-10-01,160.000000,0.404704,0.681679,83598.010000,83572.560000
29847430,2026-10-01T09:10,83659.200000,0.515600,0.349670,2026-10-01,217.000000,1.375560,0.791406,83651.760000,83598.000000
29847431,2026-10-01T09:11,83641.320000,-0.147500,0.585485,2026-10-01,232.000000,2.159282,0.281499,83711.210000,83610.910000
29847432,2026-10-01T09:12,83613.980000,-0.154400,-0.436739,2026-10-01,232.000000,3.773853,0.267032,83657.580000,83613.970000
29847433,2026-10-01T09:13,83641.330000,-0.495900,-0.400088,2026-10-01,188.000000,0.931227,0.748381,83641.330000,83585.410000
29847434,2026-10-01T09:14,83637.990000,-0.123900,0.378259,2026-10-01,149.000000,0.833399,0.153380,83644.120000,83618.780000
29847435,2026-10-01T09:15,83630.920000,-0.265200,-0.612845,2026-10-01,142.000000,0.427684,0.316079,83662.170000,83630.920000
29847436,2026-10-01T09:16,83632.210000,-0.305200,-0.511392,2026-10-01,163.000000,0.773793,0.331474,83657.270000,83630.920000
29847437,2026-10-01T09:17,83638.830000,0.108700,-0.331636,2026-10-01,178.000000,0.671447,0.441811,83649.540000,83620.850000
29847438,2026-10-01T09:18,83677.770000,-0.107800,-0.104118,2026-10-01,215.000000,1.963944,0.844636,83697.390000,83640.060000
29847439,2026-10-01T09:19,83670.420000,0.433800,0.669517,2026-10-01,125.000000,0.355514,0.247035,83677.770000,83658.690000
29847440,2026-10-01T09:20,83663.860000,0.143000,-0.482182,2026-10-01,164.000000,0.539283,0.428577,83693.430000,83659.540000
29847441,2026-10-01T09:21,83717.050000,-0.011300,-0.142885,2026-10-01,187.000000,1.898452,0.804123,83728.100000,83663.850000
29847442,2026-10-01T09:22,83721.960000,-0.134700,0.608246,2026-10-01,171.000000,0.918533,0.393276,83745.540000,83717.050000
29847443,2026-10-01T09:23,83676.990000,0.207900,-0.599090,2026-10-01,137.000000,1.589519,0.288486,83719.840000,83668.440000
29847444,2026-10-01T09:24,83689.920000,0.115000,0.299296,2026-10-01,156.000000,0.974968,0.524230,83707.830000,83676.990000
29847445,2026-10-01T09:25,83695.790000,0.183800,-0.292044,2026-10-01,168.000000,1.014722,0.203365,83707.830000,83679.980000
29847446,2026-10-01T09:26,83686.480000,0.321300,-0.240457,2026-10-01,154.000000,0.625377,0.143646,83695.800000,83682.380000
29847447,2026-10-01T09:27,83662.900000,0.064500,-0.713130,2026-10-01,140.000000,0.342298,0.589607,83693.890000,83662.900000
29847448,2026-10-01T09:28,83703.260000,0.041700,0.177441,2026-10-01,146.000000,0.926458,0.663471,83714.270000,83662.180000
29847449,2026-10-01T09:29,83724.700000,0.291300,0.326941,2026-10-01,145.000000,0.654244,0.378610,83724.690000,83701.710000
29847450,2026-10-01T09:30,83751.540000,-0.003400,0.034121,2026-10-01,205.000000,2.862429,0.579097,83781.360000,83724.700000
29847451,2026-10-01T09:31,83783.010000,-0.230200,0.099199,2026-10-01,149.000000,0.544254,0.619980,83791.090000,83751.530000
29847452,2026-10-01T09:32,83823.920000,0.056100,0.240926,2026-10-01,231.000000,3.274524,0.718777,83849.730000,83783.000000
29847453,2026-10-01T09:33,83794.100000,0.032600,0.436975,2026-10-01,215.000000,1.425801,0.742665,83823.920000,83786.630000
29847454,2026-10-01T09:34,83769.540000,0.422900,0.486424,2026-10-01,221.000000,6.941030,0.126361,83794.100000,83736.770000
29847455,2026-10-01T09:35,83800.080000,0.171200,-0.744827,2026-10-01,181.000000,0.868131,0.643440,83802.090000,83767.400000
29847456,2026-10-01T09:36,83756.200000,0.166500,0.278823,2026-10-01,138.000000,1.050585,0.094080,83800.090000,83751.630000
29847457,2026-10-01T09:37,83791.650000,0.521100,-0.791849,2026-10-01,142.000000,0.264527,0.543783,83795.550000,83754.200000
29847458,2026-10-01T09:38,83785.200000,0.042800,0.045418,2026-10-01,177.000000,1.155074,0.460290,83795.550000,83766.380000
29847459,2026-10-01T09:39,83809.770000,0.133500,-0.079478,2026-10-01,288.000000,29.256707,0.763149,83825.000000,83757.630000
29847460,2026-10-01T09:40,83816.230000,0.065800,0.526292,2026-10-01,167.000000,5.489101,0.980536,83820.970000,83802.700000
29847461,2026-10-01T09:41,83820.860000,0.363300,0.961091,2026-10-01,223.000000,3.394983,0.798588,83822.930000,83796.110000
29847462,2026-10-01T09:42,83818.100000,0.336900,0.597209,2026-10-01,171.000000,1.276864,0.859181,83820.870000,83803.100000
29847463,2026-10-01T09:43,83834.100000,0.479100,0.778171,2026-10-01,160.000000,1.058987,0.791241,83843.340000,83818.090000
29847464,2026-10-01T09:44,83846.390000,0.371700,0.381089,2026-10-01,134.000000,0.600737,0.483196,83846.410000,83834.090000
29847465,2026-10-01T09:45,83819.290000,0.283100,-0.033538,2026-10-01,203.000000,2.106381,0.534386,83846.380000,83796.200000
29847466,2026-10-01T09:46,83832.790000,-0.061300,0.085231,2026-10-01,231.000000,2.200704,0.417637,83839.310000,83815.920000
29847467,2026-10-01T09:47,83841.240000,0.281200,-0.185121,2026-10-01,157.000000,0.860303,0.781703,83846.380000,83831.130000
29847468,2026-10-01T09:48,83832.180000,0.154400,0.562445,2026-10-01,211.000000,2.147670,0.743182,83863.840000,83832.180000
29847469,2026-10-01T09:49,83814.670000,0.208800,0.489456,2026-10-01,191.000000,1.444815,0.596342,83841.020000,83789.850000
29847470,2026-10-01T09:50,83820.460000,-0.251100,0.161631,2026-10-01,169.000000,1.730450,0.933793,83820.450000,83767.520000
29847471,2026-10-01T09:51,83815.540000,0.165900,0.900070,2026-10-01,195.000000,1.325507,0.665199,83820.450000,83792.270000
29847472,2026-10-01T09:52,83768.490000,0.123400,0.331742,2026-10-01,133.000000,0.431109,0.400815,83815.550000,83762.220000
29847473,2026-10-01T09:53,83742.170000,0.375600,-0.201756,2026-10-01,127.000000,0.718134,0.763870,83768.500000,83735.120000
29847474,2026-10-01T09:54,83770.830000,-0.200000,0.527546,2026-10-01,205.000000,1.596474,0.646514,83771.140000,83742.160000
29847475,2026-10-01T09:55,83731.450000,0.704400,0.293028,2026-10-01,140.000000,0.720799,0.783998,83770.840000,83728.230000
29847476,2026-10-01T09:56,83720.070000,0.002100,0.577064,2026-10-01,170.000000,2.001840,0.607439,83733.560000,83700.000000
29847477,2026-10-01T09:57,83755.960000,-0.141400,0.207865,2026-10-01,182.000000,1.465863,0.279792,83755.960000,83704.920000
29847478,2026-10-01T09:58,83754.860000,0.539500,-0.440160,2026-10-01,132.000000,0.572717,0.794786,83755.950000,83735.000000
29847479,2026-10-01T09:59,83744.490000,0.427300,0.589203,2026-10-01,175.000000,0.691638,0.605399,83754.910000,83722.520000
29847480,2026-10-01T10:00,83678.330000,0.220600,0.436456,2026-10-01,252.000000,3.040224,0.260790,83768.120000,83664.540000
29847481,2026-10-01T10:01,83589.460000,-0.051400,-0.625872,2026-10-01,183.000000,2.062363,0.766654,83678.330000,83583.450000
29847482,2026-10-01T10:02,83543.920000,-0.221700,0.499912,2026-10-01,222.000000,0.873146,0.522195,83589.300000,83514.730000
29847483,2026-10-01T10:03,83531.600000,-0.087700,0.104426,2026-10-01,216.000000,1.841838,0.485934,83568.390000,83526.720000
29847484,2026-10-01T10:04,83429.170000,0.105800,-0.032911,2026-10-01,268.000000,2.216401,0.362965,83531.590000,83424.110000
29847485,2026-10-01T10:05,83411.640000,-0.243200,-0.271856,2026-10-01,340.000000,5.477931,0.458439,83453.770000,83353.870000
29847486,2026-10-01T10:06,83443.360000,-0.246800,-0.083066,2026-10-01,235.000000,1.911392,0.822373,83443.360000,83370.230000
29847487,2026-10-01T10:07,83580.800000,-0.000800,0.644687,2026-10-01,239.000000,3.684644,0.849955,83599.020000,83443.350000
29847488,2026-10-01T10:08,83648.520000,-0.323000,0.699261,2026-10-01,200.000000,1.238354,0.780629,83648.520000,83580.800000
29847489,2026-10-01T10:09,83624.010000,-0.345700,0.563032,2026-10-01,211.000000,1.453518,0.487115,83654.400000,83610.500000
29847490,2026-10-01T10:10,83614.650000,-0.193000,-0.018853,2026-10-01,188.000000,1.199181,0.337575,83634.410000,83593.710000
29847491,2026-10-01T10:11,83610.080000,0.095600,-0.340548,2026-10-01,213.000000,2.633682,0.175328,83614.650000,83558.040000
29847492,2026-10-01T10:12,83629.570000,-0.048200,-0.648065,2026-10-01,191.000000,0.647560,0.233630,83633.370000,83620.490000
29847493,2026-10-01T10:13,83625.290000,0.116100,-0.554433,2026-10-01,177.000000,0.321036,0.169011,83666.070000,83625.280000
29847494,2026-10-01T10:14,83661.960000,0.096500,0.307186,2026-10-01,169.000000,0.867131,0.796307,83662.170000,83625.290000
29847495,2026-10-01T10:15,83578.260000,-0.226200,0.018246,2026-10-01,229.000000,1.433496,0.242783,83661.960000,83576.780000
29847496,2026-10-01T10:16,83536.770000,-0.244000,-0.473748,2026-10-01,224.000000,2.327059,0.382860,83595.090000,83536.770000
29847497,2026-10-01T10:17,83586.450000,-0.320700,-0.256415,2026-10-01,376.000000,13.102594,0.440804,83587.430000,83499.750000
29847498,2026-10-01T10:18,83706.580000,-0.401400,-0.113703,2026-10-01,255.000000,2.157583,0.404304,83735.110000,83586.440000
29847499,2026-10-01T10:19,83636.100000,-0.235700,-0.180353,2026-10-01,155.000000,2.146258,0.095477,83703.870000,83633.310000
29847500,2026-10-01T10:20,83687.210000,-0.143300,-0.774888,2026-10-01,164.000000,0.432278,0.880331,83687.200000,83636.100000
29847501,2026-10-01T10:21,83714.680000,0.259800,0.722981,2026-10-01,239.000000,3.754280,0.779761,83741.110000,83663.250000
29847502,2026-10-01T10:22,83662.890000,0.106300,0.567712,2026-10-01,182.000000,1.227382,0.235635,83734.570000,83659.930000
29847503,2026-10-01T10:23,83671.940000,0.232500,-0.626492,2026-10-01,157.000000,2.650893,0.616853,83693.430000,83662.880000
29847504,2026-10-01T10:24,83655.950000,-0.273100,0.233770,2026-10-01,145.000000,0.747052,0.784455,83675.080000,83655.940000
29847505,2026-10-01T10:25,83630.750000,0.092200,0.568843,2026-10-01,157.000000,0.632777,0.510479,83655.950000,83630.010000
29847506,2026-10-01T10:26,83594.570000,0.403000,0.023160,2026-10-01,211.000000,2.679184,0.472904,83644.450000,83593.060000
29847507,2026-10-01T10:27,83573.820000,0.423600,-0.054675,2026-10-01,227.000000,0.929125,0.705413,83617.200000,83568.220000
29847508,2026-10-01T10:28,83633.670000,-0.098400,0.410743,2026-10-01,211.000000,2.565182,0.770236,83645.390000,83551.180000
29847509,2026-10-01T10:29,83644.920000,0.222400,0.540690,2026-10-01,186.000000,1.557228,0.497931,83644.920000,83614.020000
29847510,2026-10-01T10:30,83699.870000,-0.142500,0.030041,2026-10-01,203.000000,1.240200,0.854291,83701.730000,83644.920000
29847511,2026-10-01T10:31,83748.820000,0.193800,0.692722,2026-10-01,246.000000,1.674608,0.339664,83751.190000,83694.560000
29847512,2026-10-01T10:32,83743.050000,-0.235800,-0.321030,2026-10-01,164.000000,1.242113,0.504882,83759.250000,83733.670000
29847513,2026-10-01T10:33,83751.570000,-0.185100,0.011477,2026-10-01,135.000000,0.217920,0.548472,83750.360000,83743.050000
29847514,2026-10-01T10:34,83739.890000,0.010000,0.006837,2026-10-01,180.000000,0.942090,0.469212,83772.440000,83723.710000
29847515,2026-10-01T10:35,83737.900000,0.096400,-0.042464,2026-10-01,189.000000,1.490992,0.408340,83745.540000,83708.120000
29847516,2026-10-01T10:36,83722.110000,-0.336200,-0.183220,2026-10-01,151.000000,0.644270,0.553059,83737.930000,83714.500000
29847517,2026-10-01T10:37,83719.480000,-0.082900,0.106151,2026-10-01,151.000000,0.588588,0.581118,83737.310000,83718.000000
29847518,2026-10-01T10:38,83704.040000,0.184800,0.162194,2026-10-01,180.000000,0.823645,0.229617,83719.690000,83703.210000
29847519,2026-10-01T10:39,83689.240000,0.035900,-0.472424,2026-10-01,153.000000,0.461908,0.491864,83711.220000,83687.500000
29847520,2026-10-01T10:40,83680.640000,0.176000,-0.107972,2026-10-01,146.000000,0.451060,0.679176,83706.690000,83678.990000
29847521,2026-10-01T10:41,83722.460000,0.593000,0.358071,2026-10-01,133.000000,0.721739,0.936261,83722.740000,83680.640000
29847522,2026-10-01T10:42,83805.610000,0.468100,0.872765,2026-10-01,258.000000,3.470389,0.825679,83809.300000,83722.460000
29847523,2026-10-01T10:43,83819.210000,-0.096700,0.639836,2026-10-01,223.000000,1.834631,0.806057,83837.150000,83805.600000
29847524,2026-10-01T10:44,83849.890000,-0.175600,0.633690,2026-10-01,307.000000,5.801957,0.837888,83881.800000,83804.490000
29847525,2026-10-01T10:45,83827.790000,0.190700,0.675800,2026-10-01,199.000000,1.128622,0.589701,83868.560000,83820.870000
29847526,2026-10-01T10:46,83860.120000,0.098600,0.179478,2026-10-01,217.000000,4.426830,0.806630,83869.600000,83823.370000
29847527,2026-10-01T10:47,83943.890000,0.027700,0.613260,2026-10-01,355.000000,4.835606,0.772985,83960.250000,83852.060000
29847528,2026-10-01T10:48,83935.830000,0.327000,0.544289,2026-10-01,214.000000,1.473374,0.726803,83957.320000,83920.270000
29847529,2026-10-01T10:49,83918.450000,0.324900,0.458818,2026-10-01,194.000000,1.345486,0.414915,83936.540000,83884.960000
29847530,2026-10-01T10:50,83914.260000,0.376800,-0.171607,2026-10-01,201.000000,1.892670,0.323155,83936.100000,83903.560000
29847531,2026-10-01T10:51,83914.110000,0.036700,-0.353045,2026-10-01,202.000000,3.218833,0.093599,83940.750000,83896.120000
29847532,2026-10-01T10:52,83938.740000,-0.089800,-0.812781,2026-10-01,194.000000,1.158541,0.635958,83943.280000,83911.480000
29847533,2026-10-01T10:53,83951.980000,0.121500,0.271818,2026-10-01,215.000000,2.524232,0.394695,83957.030000,83922.680000
29847534,2026-10-01T10:54,83962.680000,0.324600,-0.098012,2026-10-01,48.000000,0.361283,0.942127,83964.360000,83951.980000
29847535,2026-10-01T10:55,83962.680000,0.190600,0.592145,2026-10-01,584.000000,14.611647,0.482902,84062.570000,83962.680000
29847536,2026-10-01T10:56,83951.510000,-0.001800,-0.034196,2026-10-01,182.000000,1.080896,0.462724,83962.690000,83943.520000
29847537,2026-10-01T10:57,83935.110000,0.296300,-0.074429,2026-10-01,146.000000,2.326675,0.160581,83965.810000,83928.830000
29847538,2026-10-01T10:58,83903.260000,0.354100,-0.678455,2026-10-01,301.000000,9.728816,0.119642,83935.120000,83876.270000
29847539,2026-10-01T10:59,83933.150000,-0.059900,-0.758625,2026-10-01,179.000000,1.693784,0.939218,83941.600000,83900.190000
29847540,2026-10-01T11:00,83863.110000,-0.204100,0.878161,2026-10-01,235.000000,0.848017,0.428652,83935.640000,83863.100000
29847541,2026-10-01T11:01,83808.930000,-0.312400,-0.143458,2026-10-01,246.000000,0.978948,0.687882,83863.110000,83788.750000
29847542,2026-10-01T11:02,83787.820000,-0.331900,0.464803,2026-10-01,276.000000,5.046167,0.509218,83824.850000,83776.800000
29847543,2026-10-01T11:03,83798.320000,-0.125000,-0.028587,2026-10-01,218.000000,1.120268,0.830853,83830.100000,83779.870000
29847544,2026-10-01T11:04,83851.950000,0.143200,0.806265,2026-10-01,335.000000,11.060646,0.709798,83859.790000,83791.310000
29847545,2026-10-01T11:05,83837.210000,0.053400,0.351801,2026-10-01,315.000000,3.427532,0.512573,83859.080000,83780.360000
29847546,2026-10-01T11:06,83856.210000,0.037700,0.073098,2026-10-01,222.000000,1.619890,0.620059,83879.820000,83837.200000
29847547,2026-10-01T11:07,83864.040000,0.435500,0.241763,2026-10-01,231.000000,2.056842,0.841976,83901.040000,83841.870000
29847548,2026-10-01T11:08,83848.260000,-0.059500,0.683633,2026-10-01,224.000000,1.577737,0.820372,83883.810000,83842.570000
29847549,2026-10-01T11:09,83847.180000,0.117600,0.640673,2026-10-01,185.000000,0.878973,0.358668,83864.510000,83842.240000
29847550,2026-10-01T11:10,83857.140000,0.202600,-0.284381,2026-10-01,174.000000,0.895864,0.676447,83857.150000,83808.060000
29847551,2026-10-01T11:11,83839.330000,0.103300,0.352895,2026-10-01,174.000000,0.310608,0.587052,83881.000000,83839.330000
29847552,2026-10-01T11:12,83848.760000,0.346700,0.175033,2026-10-01,184.000000,1.859239,0.616095,83849.220000,83828.920000
29847553,2026-10-01T11:13,83858.880000,0.090300,0.206824,2026-10-01,188.000000,2.309872,0.589248,83867.500000,83846.680000
29847554,2026-10-01T11:14,83831.350000,0.350700,0.198675,2026-10-01,193.000000,1.521535,0.424960,83858.880000,83824.670000
29847555,2026-10-01T11:15,83807.610000,0.455300,-0.149201,2026-10-01,185.000000,1.527416,0.354502,83836.940000,83803.960000
29847556,2026-10-01T11:16,83825.790000,0.264100,-0.291884,2026-10-01,151.000000,1.196009,0.866513,83825.780000,83803.900000
29847557,2026-10-01T11:17,83800.010000,-0.202500,0.735887,2026-10-01,181.000000,1.388080,0.483529,83825.780000,83800.000000
29847558,2026-10-01T11:18,83818.480000,-0.167100,-0.042799,2026-10-01,188.000000,1.878888,0.353772,83818.470000,83785.260000
29847559,2026-10-01T11:19,83821.110000,0.094400,-0.292457,2026-10-01,167.000000,1.007085,0.746793,83829.160000,83788.390000
29847560,2026-10-01T11:20,83786.330000,0.177700,0.493452,2026-10-01,202.000000,1.446969,0.270297,83825.930000,83782.900000
29847561,2026-10-01T11:21,83778.540000,0.027500,-0.447999,2026-10-01,178.000000,1.267854,0.806588,83787.220000,83774.340000
29847562,2026-10-01T11:22,83797.640000,0.292500,0.609853,2026-10-01,251.000000,3.877733,0.782779,83845.940000,83760.270000
29847563,2026-10-01T11:23,83793.640000,0.187100,0.566380,2026-10-01,179.000000,2.087299,0.577980,83806.480000,83787.240000
29847564,2026-10-01T11:24,83750.330000,0.372700,0.154731,2026-10-01,146.000000,0.681412,0.221328,83787.250000,83743.120000
29847565,2026-10-01T11:25,83754.990000,-0.295700,-0.560608,2026-10-01,218.000000,2.707850,0.427529,83768.540000,83743.110000
29847566,2026-10-01T11:26,83752.800000,0.106700,-0.067085,2026-10-01,138.000000,0.363029,0.720961,83754.990000,83750.010000
29847567,2026-10-01T11:27,83788.200000,0.395100,-0.249476,2026-10-01,217.000000,2.708425,0.941131,83790.240000,83745.720000
29847568,2026-10-01T11:28,83788.200000,-0.165900,0.882253,2026-10-01,82.000000,0.426228,0.013780,83788.200000,83773.730000
29847569,2026-10-01T11:29,83847.670000,0.017400,-0.953990,2026-10-01,214.000000,7.654063,0.826909,83847.670000,83769.160000
29847570,2026-10-01T11:30,83849.380000,0.441500,0.528161,2026-10-01,262.000000,3.638402,0.395748,83858.870000,83825.100000
29847571,2026-10-01T11:31,83813.830000,0.085000,-0.043349,2026-10-01,216.000000,4.406150,0.795379,83888.990000,83808.060000
29847572,2026-10-01T11:32,83757.640000,0.149200,0.590759,2026-10-01,183.000000,1.536104,0.089396,83813.830000,83757.630000
29847573,2026-10-01T11:33,83797.200000,0.156400,-0.821250,2026-10-01,128.000000,0.671532,0.601971,83797.200000,83757.630000
29847574,2026-10-01T11:34,83808.290000,0.205800,0.204585,2026-10-01,147.000000,1.014992,0.855501,83814.670000,83788.860000
29847575,2026-10-01T11:35,83832.460000,0.156400,0.711002,2026-10-01,148.000000,0.505363,0.832772,83832.670000,83808.290000
29847576,2026-10-01T11:36,83862.520000,0.315500,0.665621,2026-10-01,166.000000,0.667248,0.514392,83872.240000,83831.040000
29847577,2026-10-01T11:37,83891.430000,0.265800,0.031624,2026-10-01,199.000000,1.575510,0.375902,83918.600000,83862.520000
29847578,2026-10-01T11:38,83893.640000,0.349600,-0.249339,2026-10-01,152.000000,1.218295,0.819607,83902.750000,83870.580000
29847579,2026-10-01T11:39,83909.650000,0.244700,0.639159,2026-10-01,131.000000,0.541886,0.604050,83933.080000,83893.640000
29847580,2026-10-01T11:40,83935.710000,0.213700,-0.035837,2026-10-01,146.000000,0.862647,0.644642,83938.960000,83892.170000
29847581,2026-10-01T11:41,83935.980000,0.179600,0.566659,2026-10-01,231.000000,1.926732,0.446077,83960.320000,83927.020000
29847582,2026-10-01T11:42,83917.490000,0.286400,-0.149553,2026-10-01,218.000000,1.536337,0.639343,83947.720000,83912.260000
29847583,2026-10-01T11:43,83944.640000,0.069500,0.374664,2026-10-01,210.000000,1.117509,0.730652,83948.740000,83917.500000
29847584,2026-10-01T11:44,83925.240000,0.306200,0.463938,2026-10-01,124.000000,3.574033,0.059276,83953.740000,83923.670000
29847585,2026-10-01T11:45,83925.240000,0.306200,-0.897387,2026-10-01,,,,,
29847586,2026-10-01T11:46,83968.670000,0.054100,0.000000,2026-10-01,139.000000,2.046088,0.315928,83970.770000,83943.530000
29847587,2026-10-01T11:47,83999.990000,-0.175100,-0.368137,2026-10-01,187.000000,3.097549,0.892294,84000.000000,83944.830000
29847588,2026-10-01T11:48,83953.960000,0.419300,0.784599,2026-10-01,188.000000,2.011302,0.754451,84019.000000,83945.880000
29847589,2026-10-01T11:49,83920.120000,-0.208000,0.508986,2026-10-01,231.000000,6.371677,0.096741,83955.470000,83914.500000
29847590,2026-10-01T11:50,83969.170000,0.285800,-0.808814,2026-10-01,291.000000,7.983502,0.875144,83978.680000,83902.630000
29847591,2026-10-01T11:51,83979.460000,0.082700,0.769185,2026-10-01,178.000000,3.241544,0.129722,83985.200000,83951.890000
29847592,2026-10-01T11:52,83915.330000,0.324100,-0.786976,2026-10-01,323.000000,3.647228,0.165319,83985.200000,83914.310000
29847593,2026-10-01T11:53,83933.740000,0.351100,-0.569388,2026-10-01,209.000000,1.261039,0.788923,83933.950000,83915.330000
29847594,2026-10-01T11:54,83933.010000,0.306300,0.482989,2026-10-01,152.000000,1.005099,0.741394,83942.150000,83932.780000
29847595,2026-10-01T11:55,83915.610000,0.189800,0.616672,2026-10-01,214.000000,2.115562,0.751418,83942.150000,83901.850000
29847596,2026-10-01T11:56,83947.580000,0.405500,0.404691,2026-10-01,200.000000,1.006055,0.404181,83949.480000,83906.980000
29847597,2026-10-01T11:57,83949.610000,-0.134700,-0.191556,2026-10-01,142.000000,1.419423,0.766075,83958.960000,83947.570000
29847598,2026-10-01T11:58,83953.920000,-0.025200,0.532225,2026-10-01,266.000000,5.167613,0.086726,83953.940000,83901.840000
29847599,2026-10-01T11:59,83882.020000,0.042600,-0.825829,2026-10-01,166.000000,0.703749,0.636960,83903.790000,83870.580000
29847600,2026-10-01T12:00,83933.110000,0.162800,0.403250,2026-10-01,199.000000,1.853618,0.292629,83962.620000,83882.030000
29847601,2026-10-01T12:01,83954.270000,0.495700,-0.543625,2026-10-01,223.000000,1.922910,0.463432,83954.620000,83922.690000
29847602,2026-10-01T12:02,83935.240000,0.186700,-0.087504,2026-10-01,160.000000,1.021928,0.469813,83960.380000,83933.190000
29847603,2026-10-01T12:03,83938.230000,0.305200,-0.031818,2026-10-01,236.000000,1.320005,0.566166,83958.290000,83927.030000
29847604,2026-10-01T12:04,83884.620000,0.271400,0.133150,2026-10-01,260.000000,1.164146,0.348889,83938.230000,83883.590000
29847605,2026-10-01T12:05,83911.550000,0.295000,-0.257528,2026-10-01,233.000000,1.523755,0.547680,83911.560000,83882.940000
29847606,2026-10-01T12:06,83911.010000,0.470200,0.065083,2026-10-01,197.000000,2.609416,0.425910,83943.510000,83906.250000
29847607,2026-10-01T12:07,83930.210000,0.520300,-0.146216,2026-10-01,205.000000,2.440698,0.532005,83933.090000,83911.000000
29847608,2026-10-01T12:08,83944.610000,0.602500,0.064010,2026-10-01,172.000000,1.458296,0.304059,83949.620000,83929.740000
29847609,2026-10-01T12:09,83953.390000,0.254200,-0.390392,2026-10-01,204.000000,2.057901,0.471644,83969.890000,83939.000000
29847610,2026-10-01T12:10,83973.010000,0.313500,-0.054248,2026-10-01,208.000000,1.501845,0.318386,83980.000000,83953.380000
29847611,2026-10-01T12:11,83964.360000,-0.140000,-0.369037,2026-10-01,205.000000,2.669779,0.531261,83989.940000,83954.000000
29847612,2026-10-01T12:12,83964.360000,0.334600,0.062820,2026-10-01,199.000000,0.518585,0.693644,83964.370000,83958.310000
29847613,2026-10-01T12:13,83959.210000,0.299500,0.386286,2026-10-01,209.000000,2.581328,0.510732,83976.360000,83955.060000
29847614,2026-10-01T12:14,83969.330000,0.339800,0.021470,2026-10-01,213.000000,0.956454,0.287397,83969.330000,83957.710000
29847615,2026-10-01T12:15,83920.140000,0.089400,-0.420598,2026-10-01,260.000000,3.724607,0.175970,83969.330000,83915.110000
29847616,2026-10-01T12:16,83920.070000,0.357300,-0.649664,2026-10-01,178.000000,0.625791,0.824554,83931.530000,83912.260000
29847617,2026-10-01T12:17,83838.960000,-0.329300,0.655616,2026-10-01,361.000000,9.244082,0.195410,83933.950000,83814.440000
29847618,2026-10-01T12:18,83923.170000,0.094300,-0.605911,2026-10-01,227.000000,2.606622,0.457199,83935.000000,83841.440000
29847619,2026-10-01T12:19,83928.920000,-0.110400,-0.093686,2026-10-01,234.000000,1.487223,0.588534,83944.040000,83916.990000
29847620,2026-10-01T12:20,83882.360000,0.168700,0.177067,2026-10-01,223.000000,2.190568,0.377693,83928.930000,83869.600000
29847621,2026-10-01T12:21,83952.110000,-0.043700,-0.247350,2026-10-01,177.000000,0.738040,0.529692,83952.120000,83882.350000
29847622,2026-10-01T12:22,83916.330000,0.238200,-0.462818,2026-10-01,199.000000,1.462771,0.422455,83938.270000,83885.270000
29847623,2026-10-01T12:23,83913.070000,0.034700,0.725586,2026-10-01,210.000000,1.974952,0.318614,83916.320000,83891.420000
29847624,2026-10-01T12:24,83901.640000,-0.049600,-0.362772,2026-10-01,190.000000,1.631579,0.233985,83913.060000,83870.580000
29847625,2026-10-01T12:25,83937.920000,0.313900,-0.532010,2026-10-01,158.000000,1.504891,0.786443,83941.260000,83895.500000
29847626,2026-10-01T12:26,83969.380000,0.048700,0.572881,2026-10-01,325.000000,3.803877,0.496167,83971.470000,83881.010000
29847627,2026-10-01T12:27,83943.640000,0.182500,-0.007667,2026-10-01,201.000000,1.394835,0.431746,83969.380000,83933.100000
29847628,2026-10-01T12:28,83946.790000,0.040200,-0.133777,2026-10-01,196.000000,1.308732,0.763564,83950.710000,83935.000000
29847629,2026-10-01T12:29,83878.260000,-0.142400,0.526056,2026-10-01,314.000000,5.971128,0.169773,83946.800000,83866.750000
29847630,2026-10-01T12:30,83881.010000,-0.042700,-0.659859,2026-10-01,238.000000,1.975591,0.565552,83904.650000,83864.320000
29847631,2026-10-01T12:31,83880.670000,0.109000,0.130350,2026-10-01,307.000000,2.444903,0.509869,83889.960000,83860.400000
29847632,2026-10-01T12:32,83839.360000,0.238900,0.019430,2026-10-01,190.000000,1.625034,0.562577,83899.650000,83839.360000
29847633,2026-10-01T12:33,83840.140000,0.185400,0.071474,2026-10-01,282.000000,6.034859,0.236858,83850.680000,83787.930000
29847634,2026-10-01T12:34,83940.920000,0.062100,-0.540563,2026-10-01,199.000000,1.274577,0.368206,83941.720000,83840.130000
29847635,2026-10-01T12:35,83874.270000,-0.169700,-0.263643,2026-10-01,188.000000,0.826033,0.404162,83941.700000,83872.660000
29847636,2026-10-01T12:36,83865.330000,-0.062300,-0.190707,2026-10-01,194.000000,1.471322,0.873406,83879.010000,83853.980000
29847637,2026-10-01T12:37,83865.990000,-0.168900,0.746734,2026-10-01,262.000000,2.555076,0.460019,83876.760000,83855.780000
29847638,2026-10-01T12:38,83876.260000,-0.163200,-0.079875,2026-10-01,211.000000,1.609799,0.320021,83880.140000,83865.090000
29847639,2026-10-01T12:39,83940.640000,0.031700,-0.359810,2026-10-01,219.000000,1.244419,0.836580,83940.640000,83876.260000
29847640,2026-10-01T12:40,83961.980000,-0.062200,0.679269,2026-10-01,244.000000,3.547650,0.465455,83984.990000,83940.630000
29847641,2026-10-01T12:41,83985.210000,-0.275700,-0.066712,2026-10-01,258.000000,3.851389,0.510074,84032.930000,83961.540000
29847642,2026-10-01T12:42,83891.420000,0.305100,0.011923,2026-10-01,205.000000,0.990302,0.746174,83985.200000,83891.420000
29847643,2026-10-01T12:43,83897.170000,0.149200,0.492744,2026-10-01,255.000000,2.336605,0.432037,83917.110000,83891.420000
29847644,2026-10-01T12:44,83870.580000,-0.274800,-0.136237,2026-10-01,240.000000,1.960107,0.678020,83911.830000,83868.130000
29847645,2026-10-01T12:45,83881.510000,-0.031600,0.356431,2026-10-01,171.000000,1.037719,0.340207,83881.890000,83860.160000
29847646,2026-10-01T12:46,83884.170000,-0.341200,-0.264396,2026-10-01,191.000000,0.684205,0.193984,83888.830000,83880.390000
29847647,2026-10-01T12:47,83818.490000,-0.107300,-0.718686,2026-10-01,265.000000,2.015124,0.262273,83910.650000,83818.480000
29847648,2026-10-01T12:48,83789.480000,-0.100600,-0.478392,2026-10-01,251.000000,2.025853,0.350345,83818.490000,83787.830000
29847649,2026-10-01T12:49,83765.240000,-0.224500,-0.298947,2026-10-01,214.000000,0.834157,0.240403,83797.010000,83765.230000
29847650,2026-10-01T12:50,83740.180000,0.053700,-0.534827,2026-10-01,332.000000,4.698352,0.500086,83777.950000,83701.300000
29847651,2026-10-01T12:51,83728.040000,-0.115000,0.006434,2026-10-01,215.000000,1.775931,0.417192,83766.920000,83725.340000
29847652,2026-10-01T12:52,83762.290000,0.335400,-0.165628,2026-10-01,234.000000,7.282640,0.899398,83785.900000,83724.750000
29847653,2026-10-01T12:53,83711.460000,-0.285800,0.798802,2026-10-01,300.000000,7.654312,0.132915,83762.290000,83677.490000
29847654,2026-10-01T12:54,83699.450000,0.232300,-0.734519,2026-10-01,319.000000,4.303155,0.409556,83723.370000,83635.620000
29847655,2026-10-01T12:55,83672.610000,-0.234600,-0.178977,2026-10-01,292.000000,5.593056,0.604770,83735.120000,83672.610000
29847656,2026-10-01T12:56,83688.180000,-0.122200,0.209540,2026-10-01,264.000000,2.700917,0.468418,83734.940000,83666.330000
29847657,2026-10-01T12:57,83717.690000,-0.081800,-0.063015,2026-10-01,314.000000,7.836925,0.647569,83734.160000,83626.010000
29847658,2026-10-01T12:58,83697.240000,0.610800,0.281388,2026-10-01,264.000000,3.448626,0.239604,83735.120000,83673.360000
29847659,2026-10-01T12:59,83708.070000,-0.458100,-0.508844,2026-10-01,225.000000,2.167753,0.426972,83749.380000,83696.520000
29847660,2026-10-01T13:00,83653.080000,-0.309900,-0.142674,2026-10-01,318.000000,5.739584,0.276846,83720.940000,83641.340000
29847661,2026-10-01T13:01,83692.580000,-0.378900,-0.460000,2026-10-01,396.000000,6.904972,0.493073,83696.800000,83610.080000
29847662,2026-10-01T13:02,83664.640000,-0.194700,-0.024370,2026-10-01,262.000000,4.543426,0.552760,83711.230000,83641.350000
29847663,2026-10-01T13:03,83602.040000,-0.443500,0.142063,2026-10-01,230.000000,2.635603,0.341439,83671.650000,83602.040000
29847664,2026-10-01T13:04,83575.950000,0.076600,-0.288162,2026-10-01,272.000000,4.427163,0.559165,83629.010000,83573.810000
29847665,2026-10-01T13:05,83537.140000,-0.257500,0.062016,2026-10-01,375.000000,7.473594,0.383499,83599.650000,83503.780000
29847666,2026-10-01T13:06,83553.390000,-0.238500,-0.214260,2026-10-01,309.000000,4.820990,0.307689,83568.390000,83496.470000
29847667,2026-10-01T13:07,83604.240000,0.364200,-0.370824,2026-10-01,296.000000,4.547820,0.433361,83619.690000,83533.080000
29847668,2026-10-01T13:08,83593.110000,-0.249300,-0.134733,2026-10-01,249.000000,2.109533,0.323112,83628.320000,83583.620000
29847669,2026-10-01T13:09,83529.920000,-0.385200,-0.380528,2026-10-01,267.000000,2.980917,0.200653,83604.580000,83526.720000
29847670,2026-10-01T13:10,83500.650000,-0.353600,-0.516461,2026-10-01,407.000000,6.130318,0.509196,83557.970000,83489.860000
29847671,2026-10-01T13:11,83521.850000,-0.407600,0.077515,2026-10-01,719.000000,11.109439,0.833582,83541.890000,83485.920000
29847672,2026-10-01T13:12,83534.700000,0.059700,0.634058,2026-10-01,240.000000,2.363167,0.343069,83557.740000,83514.890000
29847673,2026-10-01T13:13,83479.260000,-0.481700,-0.260175,2026-10-01,245.000000,2.762409,0.404143,83536.920000,83479.270000
29847674,2026-10-01T13:14,83494.390000,-0.061400,-0.191463,2026-10-01,285.000000,4.686985,0.582859,83507.830000,83462.950000
29847675,2026-10-01T13:15,83484.850000,-0.235500,0.285651,2026-10-01,334.000000,5.085942,0.385490,83525.120000,83437.840000
29847676,2026-10-01T13:16,83495.460000,-0.299800,-0.442948,2026-10-01,249.000000,2.153143,0.345404,83500.270000,83450.120000
29847677,2026-10-01T13:17,83542.890000,-0.098200,-0.409220,2026-10-01,314.000000,2.838643,0.513425,83542.890000,83480.790000
29847678,2026-10-01T13:18,83513.240000,-0.280200,-0.012391,2026-10-01,288.000000,2.707721,0.217424,83542.890000,83513.230000
29847679,2026-10-01T13:19,83540.830000,-0.325000,-0.545496,2026-10-01,225.000000,4.700221,0.516875,83542.890000,83485.040000
29847680,2026-10-01T13:20,83579.390000,-0.640200,-0.329840,2026-10-01,330.000000,9.793503,0.116535,83588.780000,83512.580000
29847681,2026-10-01T13:21,83571.860000,-0.429200,-0.687381,2026-10-01,274.000000,5.164385,0.657540,83593.810000,83571.860000
29847682,2026-10-01T13:22,83521.580000,-0.518900,0.306829,2026-10-01,353.000000,4.083708,0.302422,83571.870000,83512.940000
29847683,2026-10-01T13:23,83455.610000,-0.740400,-0.385656,2026-10-01,249.000000,1.704821,0.270030,83523.740000,83449.510000
29847684,2026-10-01T13:24,83516.460000,-0.349600,-0.459905,2026-10-01,312.000000,3.308200,0.465442,83521.680000,83432.940000
29847685,2026-10-01T13:25,83456.650000,-0.207300,-0.483107,2026-10-01,487.000000,9.896321,0.347732,83526.710000,83453.270000
29847686,2026-10-01T13:26,83441.890000,-0.446100,0.215911,2026-10-01,322.000000,3.902519,0.510671,83475.060000,83434.000000
29847687,2026-10-01T13:27,83473.360000,-0.451500,0.028897,2026-10-01,428.000000,22.183103,0.103488,83473.370000,83396.240000
29847688,2026-10-01T13:28,83492.210000,-0.502000,-0.791737,2026-10-01,358.000000,8.185607,0.727568,83524.340000,83467.130000
29847689,2026-10-01T13:29,83439.390000,-0.324200,0.452252,2026-10-01,277.000000,3.382959,0.266273,83488.260000,83439.390000
29847690,2026-10-01T13:30,83446.510000,-0.601100,-0.399638,2026-10-01,463.000000,10.150434,0.368277,83504.780000,83434.600000
29847691,2026-10-01T13:31,83474.040000,-0.052200,-0.280732,2026-10-01,629.000000,34.476815,0.366179,83524.660000,83425.000000
29847692,2026-10-01T13:32,83523.770000,0.292200,-0.268999,2026-10-01,485.000000,25.012369,0.506787,83526.720000,83418.590000
29847693,2026-10-01T13:33,83682.980000,0.087400,0.020305,2026-10-01,513.000000,17.404036,0.514681,83700.000000,83517.870000
29847694,2026-10-01T13:34,83665.010000,-0.201000,0.029082,2026-10-01,362.000000,6.638174,0.345644,83763.010000,83599.670000
29847695,2026-10-01T13:35,83718.230000,0.294200,-0.220577,2026-10-01,464.000000,15.581202,0.710168,83748.360000,83652.470000
29847696,2026-10-01T13:36,83662.180000,0.280200,0.361952,2026-10-01,426.000000,12.423445,0.494586,83734.240000,83662.180000
29847697,2026-10-01T13:37,83840.830000,0.345000,0.009696,2026-10-01,462.000000,18.026719,0.385784,83843.750000,83616.240000
29847698,2026-10-01T13:38,83885.050000,0.236400,-0.216419,2026-10-01,523.000000,24.778281,0.518123,83933.090000,83791.000000
29847699,2026-10-01T13:39,83774.290000,0.461100,0.035656,2026-10-01,568.000000,26.085495,0.279814,83947.170000,83770.670000
29847700,2026-10-01T13:40,83766.420000,0.237500,-0.435373,2026-10-01,593.000000,50.034945,0.628689,83880.000000,83729.020000
29847701,2026-10-01T13:41,83821.040000,0.419800,0.254464,2026-10-01,440.000000,20.296183,0.259457,83900.940000,83730.650000
29847702,2026-10-01T13:42,83785.230000,0.414100,-0.472071,2026-10-01,290.000000,6.397077,0.565042,83856.830000,83755.960000
29847703,2026-10-01T13:43,83818.490000,0.388800,0.136264,2026-10-01,318.000000,5.376523,0.734477,83878.630000,83776.800000
29847704,2026-10-01T13:44,83912.730000,0.170800,0.467927,2026-10-01,358.000000,12.174465,0.268163,83922.670000,83825.120000
29847705,2026-10-01T13:45,83920.870000,0.406700,-0.457397,2026-10-01,444.000000,15.135286,0.658066,84012.990000,83888.000000
29847706,2026-10-01T13:46,83867.360000,-0.130200,0.309168,2026-10-01,379.000000,15.110597,0.356630,83979.950000,83865.380000
29847707,2026-10-01T13:47,83950.760000,0.570700,-0.286739,2026-10-01,531.000000,20.786289,0.822433,84000.130000,83841.030000
29847708,2026-10-01T13:48,83875.450000,0.258600,0.644856,2026-10-01,436.000000,14.675267,0.262552,83961.120000,83852.030000
29847709,2026-10-01T13:49,83662.180000,0.170200,-0.450573,2026-10-01,494.000000,11.835091,0.392290,83897.400000,83631.050000
29847710,2026-10-01T13:50,83752.080000,0.244400,-0.238745,2026-10-01,357.000000,7.464980,0.317686,83791.770000,83639.290000
29847711,2026-10-01T13:51,83747.720000,-0.081400,-0.367710,2026-10-01,289.000000,3.826143,0.472227,83799.990000,83735.130000
29847712,2026-10-01T13:52,83849.740000,0.413400,-0.055616,2026-10-01,283.000000,4.954063,0.822892,83879.670000,83724.700000
29847713,2026-10-01T13:53,83847.140000,0.557100,0.650627,2026-10-01,271.000000,4.530580,0.822824,83859.920000,83802.170000
29847714,2026-10-01T13:54,83895.430000,0.450700,0.640200,2026-10-01,265.000000,7.467757,0.335689,83902.270000,83822.560000
29847715,2026-10-01T13:55,83847.350000,0.227200,-0.028154,2026-10-01,393.000000,14.293090,0.574518,83950.390000,83818.670000
29847716,2026-10-01T13:56,83806.210000,-0.065100,-0.015645,2026-10-01,279.000000,4.679064,0.253093,83854.710000,83766.380000
29847717,2026-10-01T13:57,83846.710000,0.463300,-0.447637,2026-10-01,246.000000,3.519941,0.668819,83870.760000,83808.840000
29847718,2026-10-01T13:58,83886.610000,0.160400,0.318772,2026-10-01,311.000000,3.294952,0.495492,83898.040000,83839.360000
29847719,2026-10-01T13:59,83929.040000,0.062700,-0.009073,2026-10-01,352.000000,2.989120,0.587498,83933.090000,83862.620000
29847720,2026-10-01T14:00,83745.540000,0.529100,0.182960,2026-10-01,494.000000,8.449640,0.204646,83936.000000,83745.540000
29847721,2026-10-01T14:01,83688.570000,-0.141600,-0.695019,2026-10-01,451.000000,5.498040,0.230774,83745.540000,83662.180000
29847722,2026-10-01T14:02,83693.450000,-0.175900,-0.132883,2026-10-01,656.000000,27.501803,0.155048,83748.970000,83572.220000
29847723,2026-10-01T14:03,83700.730000,0.233400,-0.686316,2026-10-01,458.000000,6.037449,0.345608,83800.000000,83676.720000
29847724,2026-10-01T14:04,83623.580000,-0.219500,-0.316492,2026-10-01,380.000000,4.964821,0.122724,83759.440000,83616.980000
29847725,2026-10-01T14:05,83645.010000,-0.162800,-0.753106,2026-10-01,486.000000,6.869253,0.320205,83658.560000,83516.290000
29847726,2026-10-01T14:06,83720.700000,0.406200,-0.360783,2026-10-01,509.000000,8.198212,0.218323,83753.370000,83626.610000
29847727,2026-10-01T14:07,83796.550000,0.068200,-0.566382,2026-10-01,551.000000,12.177094,0.697717,83847.780000,83733.640000
29847728,2026-10-01T14:08,83883.210000,0.192400,0.400349,2026-10-01,750.000000,35.132129,0.731953,83961.300000,83795.560000
29847729,2026-10-01T14:09,84026.880000,0.315200,0.465910,2026-10-01,621.000000,11.846755,0.904194,84026.870000,83846.000000
29847730,2026-10-01T14:10,83924.710000,0.495900,0.800124,2026-10-01,383.000000,2.216129,0.417072,84026.930000,83903.250000
29847731,2026-10-01T14:11,83825.260000,0.208400,0.058046,2026-10-01,411.000000,5.810455,0.283461,83940.900000,83798.630000
29847732,2026-10-01T14:12,83761.860000,0.053900,-0.575968,2026-10-01,456.000000,7.922746,0.488978,83872.650000,83761.860000
29847733,2026-10-01T14:13,83749.390000,-0.033700,-0.029866,2026-10-01,429.000000,6.241747,0.434948,83825.560000,83716.750000
29847734,2026-10-01T14:14,83774.470000,0.130800,-0.115451,2026-10-01,445.000000,5.013458,0.613992,83776.800000,83674.500000
29847735,2026-10-01T14:15,83808.070000,0.132000,0.179087,2026-10-01,450.000000,5.370226,0.275287,83849.120000,83760.170000
29847736,2026-10-01T14:16,83841.470000,0.197200,-0.428789,2026-10-01,383.000000,2.765722,0.275539,83883.750000,83775.610000
29847737,2026-10-01T14:17,84000.140000,0.644000,-0.447814,2026-10-01,472.000000,7.842438,0.668184,84006.010000,83816.000000
29847738,2026-10-01T14:18,83953.010000,0.286600,0.332597,2026-10-01,331.000000,2.992115,0.281761,84014.930000,83932.100000
29847739,2026-10-01T14:19,83949.270000,0.268500,-0.454532,2026-10-01,547.000000,12.611671,0.233295,84016.440000,83849.740000
29847740,2026-10-01T14:20,83922.680000,0.253300,-0.535361,2026-10-01,437.000000,4.319769,0.441955,83976.260000,83891.420000
29847741,2026-10-01T14:21,83885.320000,0.446200,-0.104639,2026-10-01,554.000000,17.505026,0.345669,84009.050000,83871.950000
29847742,2026-10-01T14:22,83812.040000,-0.041800,-0.308376,2026-10-01,418.000000,3.779463,0.353719,83950.940000,83810.520000
29847743,2026-10-01T14:23,83885.710000,0.191800,-0.304928,2026-10-01,389.000000,3.884577,0.446478,83901.820000,83787.230000
29847744,2026-10-01T14:24,84000.620000,0.475700,-0.093775,2026-10-01,453.000000,9.437666,0.728709,84020.690000,83876.760000
29847745,2026-10-01T14:25,83995.620000,0.361800,0.457418,2026-10-01,524.000000,15.268267,0.446275,84047.710000,83981.470000
29847746,2026-10-01T14:26,84167.100000,0.302600,-0.107454,2026-10-01,633.000000,21.029495,0.598653,84165.280000,83945.660000
29847747,2026-10-01T14:27,84135.010000,0.466400,0.167014,2026-10-01,616.000000,14.950521,0.313273,84204.750000,84110.240000
29847748,2026-10-01T14:28,84082.950000,0.238300,-0.341332,2026-10-01,481.000000,12.632002,0.235715,84142.570000,83996.070000
29847749,2026-10-01T14:29,84088.490000,0.385100,-0.524745,2026-10-01,430.000000,14.354756,0.158680,84131.060000,84075.240000
29847750,2026-10-01T14:30,84137.390000,0.395800,-0.698627,2026-10-01,563.000000,9.966771,0.667173,84159.490000,84061.730000
29847751,2026-10-01T14:31,84037.510000,0.441000,0.228275,2026-10-01,604.000000,20.271560,0.307870,84183.170000,84016.460000
29847752,2026-10-01T14:32,84097.680000,0.432700,-0.356315,2026-10-01,410.000000,5.285542,0.701789,84174.400000,84040.900000
29847753,2026-10-01T14:33,84092.260000,0.349700,0.423838,2026-10-01,376.000000,3.415368,0.335105,84193.590000,84089.410000
29847754,2026-10-01T14:34,84173.510000,0.384700,-0.367392,2026-10-01,411.000000,3.802564,0.480642,84183.170000,84033.110000
29847755,2026-10-01T14:35,84197.010000,0.283700,-0.033222,2026-10-01,476.000000,5.883371,0.597791,84204.020000,84141.500000
29847756,2026-10-01T14:36,84262.210000,0.213600,0.192692,2026-10-01,444.000000,6.358949,0.707553,84288.720000,84166.470000
29847757,2026-10-01T14:37,84214.450000,0.490100,0.429942,2026-10-01,484.000000,10.896501,0.441790,84322.250000,84205.900000
29847758,2026-10-01T14:38,84193.390000,0.502300,-0.138229,2026-10-01,652.000000,15.575930,0.323501,84235.950000,84141.500000
29847759,2026-10-01T14:39,84156.500000,0.278700,-0.351297,2026-10-01,535.000000,4.610586,0.386121,84214.420000,84151.920000
29847760,2026-10-01T14:40,84058.510000,0.382800,-0.223517,2026-10-01,408.000000,5.833874,0.389418,84174.170000,84057.530000
29847761,2026-10-01T14:41,83985.210000,0.303400,-0.224161,2026-10-01,390.000000,7.090494,0.311268,84075.100000,83957.540000
29847762,2026-10-01T14:42,83995.620000,0.277700,-0.287724,2026-10-01,415.000000,6.081941,0.371861,84047.720000,83964.360000
29847763,2026-10-01T14:43,84022.820000,0.396100,-0.368045,2026-10-01,342.000000,3.652368,0.796390,84046.580000,83956.530000
29847764,2026-10-01T14:44,83998.580000,0.289500,0.598482,2026-10-01,357.000000,10.894639,0.332878,84027.030000,83956.200000
29847765,2026-10-01T14:45,84045.610000,0.507700,-0.343118,2026-10-01,325.000000,6.105154,0.837333,84045.610000,83976.890000
29847766,2026-10-01T14:46,83942.500000,0.397400,0.679542,2026-10-01,394.000000,4.726873,0.305554,84055.820000,83901.840000
29847767,2026-10-01T14:47,83948.480000,0.176900,-0.392321,2026-10-01,214.000000,2.100435,0.791353,83953.930000,83912.250000
29847768,2026-10-01T14:48,83819.170000,-0.211000,0.625740,2026-10-01,622.000000,5.710200,0.331262,83942.390000,83816.930000
29847769,2026-10-01T14:49,83896.740000,-0.223000,-0.383273,2026-10-01,592.000000,21.065969,0.388671,83922.670000,83748.950000
29847770,2026-10-01T14:50,83850.390000,-0.412500,-0.208937,2026-10-01,419.000000,3.844245,0.534229,83917.310000,83776.830000
29847771,2026-10-01T14:51,83789.920000,-0.401800,-0.061891,2026-10-01,513.000000,6.431837,0.341132,83899.250000,83787.220000
29847772,2026-10-01T14:52,83760.050000,-0.339800,-0.257112,2026-10-01,429.000000,16.612231,0.220617,83803.590000,83745.900000
29847773,2026-10-01T14:53,83847.150000,0.084200,-0.506520,2026-10-01,586.000000,18.080962,0.698399,83873.240000,83746.200000
29847774,2026-10-01T14:54,83889.150000,0.211400,0.374760,2026-10-01,350.000000,2.651434,0.362651,83900.400000,83837.640000
29847775,2026-10-01T14:55,83899.680000,-0.095900,-0.269227,2026-10-01,613.000000,27.106063,0.380713,83950.390000,83852.170000
29847776,2026-10-01T14:56,83918.070000,-0.069200,-0.238209,2026-10-01,412.000000,4.876875,0.567388,83936.840000,83866.050000
29847777,2026-10-01T14:57,83958.710000,0.260000,0.134178,2026-10-01,419.000000,6.305552,0.562210,83964.270000,83876.420000
29847778,2026-10-01T14:58,83931.100000,0.118100,0.116182,2026-10-01,545.000000,10.045767,0.582865,84068.540000,83929.780000
29847779,2026-10-01T14:59,84026.420000,0.645900,0.171801,2026-10-01,481.000000,18.652806,0.868576,84032.190000,83922.680000
29847780,2026-10-01T15:00,83995.600000,0.641800,0.737179,2026-10-01,412.000000,6.122107,0.225799,84072.590000,83984.570000
29847781,2026-10-01T15:01,83968.510000,0.261000,-0.540833,2026-10-01,383.000000,2.584645,0.398145,84031.900000,83956.770000
29847782,2026-10-01T15:02,83997.360000,0.582200,-0.221296,2026-10-01,419.000000,12.741959,0.096620,84037.960000,83962.870000
29847783,2026-10-01T15:03,84089.890000,0.290100,-0.763551,2026-10-01,554.000000,20.297968,0.840034,84099.760000,83988.520000
29847784,2026-10-01T15:04,84120.670000,-0.120500,0.678926,2026-10-01,1315.000000,68.573219,0.637988,84224.860000,84071.990000
29847785,2026-10-01T15:05,84135.480000,0.260300,0.402167,2026-10-01,3830.000000,90.637273,0.569327,84340.030000,84114.410000
29847786,2026-10-01T15:06,84032.380000,0.401300,-0.033873,2026-10-01,529.000000,12.874091,0.482053,84137.960000,84027.730000
29847787,2026-10-01T15:07,84006.040000,0.142800,-0.040044,2026-10-01,451.000000,7.089351,0.542056,84082.470000,84006.040000
29847788,2026-10-01T15:08,83992.510000,-0.055300,0.104725,2026-10-01,402.000000,6.176488,0.413345,84006.040000,83956.000000
29847789,2026-10-01T15:09,83850.670000,-0.131200,-0.169849,2026-10-01,813.000000,25.615035,0.169300,83993.040000,83835.420000
29847790,2026-10-01T15:10,83923.360000,0.296700,-0.652908,2026-10-01,507.000000,13.025223,0.712571,83929.510000,83779.260000
29847791,2026-10-01T15:11,83944.350000,0.232900,0.432939,2026-10-01,389.000000,4.994938,0.631754,83977.030000,83873.830000
29847792,2026-10-01T15:12,83889.860000,0.367100,0.264131,2026-10-01,532.000000,11.447850,0.623214,83948.940000,83879.540000
29847793,2026-10-01T15:13,83969.290000,0.598300,0.351148,2026-10-01,533.000000,13.006178,0.724097,83973.870000,83889.860000
29847794,2026-10-01T15:14,84055.020000,0.617700,0.356275,2026-10-01,444.000000,8.094688,0.509344,84055.840000,83967.810000
29847795,2026-10-01T15:15,84060.760000,0.510300,0.019282,2026-10-01,428.000000,4.423161,0.703862,84078.970000,84023.000000
29847796,2026-10-01T15:16,84094.360000,0.687400,0.407586,2026-10-01,373.000000,6.168914,0.671804,84097.990000,84032.900000
29847797,2026-10-01T15:17,84151.920000,0.619000,0.385369,2026-10-01,471.000000,11.989971,0.418956,84160.330000,84078.990000
29847798,2026-10-01T15:18,84148.500000,-0.130200,-0.204177,2026-10-01,425.000000,5.532192,0.537860,84199.970000,84141.500000
29847799,2026-10-01T15:19,84191.360000,0.423700,0.079211,2026-10-01,454.000000,10.762674,0.493234,84226.800000,84147.050000
29847800,2026-10-01T15:20,84214.480000,0.618000,-0.015354,2026-10-01,544.000000,14.764976,0.258671,84223.460000,84186.000000
29847801,2026-10-01T15:21,84202.640000,0.425700,-0.483184,2026-10-01,462.000000,8.770509,0.434624,84216.520000,84186.000000
29847802,2026-10-01T15:22,84170.040000,0.377100,-0.133014,2026-10-01,406.000000,5.548759,0.757688,84202.640000,84146.470000
29847803,2026-10-01T15:23,84138.920000,0.556300,0.532122,2026-10-01,349.000000,7.531624,0.320073,84190.210000,84137.690000
29847804,2026-10-01T15:24,84120.670000,0.172300,-0.359722,2026-10-01,415.000000,7.332481,0.685604,84172.750000,84120.660000
29847805,2026-10-01T15:25,84096.550000,0.611300,0.371833,2026-10-01,377.000000,9.030894,0.389206,84141.490000,84089.400000
29847806,2026-10-01T15:26,84127.820000,0.485500,-0.221970,2026-10-01,407.000000,6.475480,0.895821,84127.820000,84078.990000
29847807,2026-10-01T15:27,84135.740000,0.514600,0.798625,2026-10-01,348.000000,2.745729,0.453692,84145.540000,84126.840000
29847808,2026-10-01T15:28,84089.400000,0.491800,-0.195739,2026-10-01,446.000000,9.814478,0.329480,84143.830000,84089.400000
29847809,2026-10-01T15:29,84058.140000,0.137100,-0.341188,2026-10-01,317.000000,5.198886,0.169649,84103.610000,84058.150000
29847810,2026-10-01T15:30,83958.300000,-0.008600,-0.659861,2026-10-01,486.000000,5.267443,0.295476,84058.150000,83948.150000
29847811,2026-10-01T15:31,83822.260000,-0.110300,-0.412739,2026-10-01,505.000000,9.019477,0.568120,83958.310000,83812.890000
29847812,2026-10-01T15:32,83905.070000,0.249000,0.140006,2026-10-01,482.000000,4.080271,0.545739,83932.680000,83807.200000
29847813,2026-10-01T15:33,83897.680000,0.472000,0.092186,2026-10-01,520.000000,4.877736,0.517673,83951.630000,83850.000000
29847814,2026-10-01T15:34,83830.490000,0.625200,0.022239,2026-10-01,531.000000,8.874096,0.533823,83892.440000,83786.450000
29847815,2026-10-01T15:35,83809.790000,0.286700,0.070646,2026-10-01,446.000000,3.510559,0.355353,83839.310000,83800.020000
29847816,2026-10-01T15:36,83840.890000,-0.216700,-0.289790,2026-10-01,496.000000,5.979225,0.451267,83861.840000,83809.800000
29847817,2026-10-01T15:37,83873.010000,-0.198800,-0.098119,2026-10-01,428.000000,1.734936,0.346525,83876.480000,83806.000000
29847818,2026-10-01T15:38,83912.270000,0.348900,-0.329352,2026-10-01,416.000000,2.334415,0.333439,83933.100000,83856.830000
29847819,2026-10-01T15:39,83912.290000,0.419400,-0.323066,2026-10-01,426.000000,3.569955,0.260782,83982.730000,83911.930000
29847820,2026-10-01T15:40,83920.490000,0.688200,-0.479968,2026-10-01,384.000000,2.599111,0.164304,83950.700000,83903.810000
29847821,2026-10-01T15:41,83868.240000,0.171100,-0.674613,2026-10-01,466.000000,3.249968,0.212071,83936.590000,83864.900000
29847822,2026-10-01T15:42,83897.860000,0.295600,-0.574010,2026-10-01,413.000000,2.653044,0.486081,83908.290000,83864.150000
29847823,2026-10-01T15:43,83815.790000,0.106500,-0.027839,2026-10-01,385.000000,2.816544,0.200528,83908.290000,83811.800000
29847824,2026-10-01T15:44,83849.420000,-0.512800,-0.593746,2026-10-01,519.000000,10.109268,0.775516,83858.030000,83790.000000
29847825,2026-10-01T15:45,83920.740000,-0.058400,0.550994,2026-10-01,478.000000,4.502243,0.523261,83920.750000,83838.330000
29847826,2026-10-01T15:46,83901.850000,0.419500,0.030423,2026-10-01,602.000000,8.416949,0.219258,83972.370000,83886.890000
29847827,2026-10-01T15:47,84028.670000,0.472000,-0.558587,2026-10-01,614.000000,15.916288,0.475732,84041.580000,83873.000000
29847828,2026-10-01T15:48,84208.300000,0.599700,-0.050688,2026-10-01,831.000000,18.989785,0.483435,84214.440000,84023.740000
29847829,2026-10-01T15:49,84218.480000,0.441700,-0.034254,2026-10-01,810.000000,19.811288,0.191310,84275.590000,84127.380000
29847830,2026-10-01T15:50,84147.830000,0.648400,-0.623912,2026-10-01,584.000000,17.191593,0.443427,84248.760000,84141.510000
29847831,2026-10-01T15:51,84116.850000,0.631300,-0.069921,2026-10-01,478.000000,6.500254,0.850838,84183.150000,84091.090000
29847832,2026-10-01T15:52,84117.610000,0.583400,0.660712,2026-10-01,418.000000,6.400241,0.702396,84143.890000,84067.200000
29847833,2026-10-01T15:53,84067.610000,0.691200,0.404725,2026-10-01,352.000000,3.428358,0.211605,84118.650000,84049.160000
29847834,2026-10-01T15:54,84078.380000,0.639300,-0.571778,2026-10-01,405.000000,2.169076,0.511954,84106.440000,84057.420000
29847835,2026-10-01T15:55,84074.240000,0.536900,-0.000846,2026-10-01,554.000000,8.509269,0.755923,84112.350000,84058.420000
29847836,2026-10-01T15:56,84099.830000,0.099600,0.527626,2026-10-01,615.000000,16.383959,0.835862,84193.990000,84058.150000
29847837,2026-10-01T15:57,84141.620000,0.122800,0.631807,2026-10-01,389.000000,2.874534,0.470807,84167.540000,84088.190000
29847838,2026-10-01T15:58,84071.080000,-0.030000,0.072106,2026-10-01,387.000000,3.582622,0.590656,84137.130000,84060.670000
29847839,2026-10-01T15:59,84130.070000,0.437500,0.172826,2026-10-01,319.000000,1.763621,0.819625,84130.060000,84065.950000
29847840,2026-10-01T16:00,84156.540000,-0.116400,0.664182,2026-10-01,499.000000,6.000898,0.478630,84166.080000,84100.360000
29847841,2026-10-01T16:01,84168.040000,0.379500,-0.047548,2026-10-01,432.000000,2.274829,0.089753,84170.300000,84114.490000
29847842,2026-10-01T16:02,84199.990000,0.692700,-0.820380,2026-10-01,458.000000,3.424478,0.536368,84200.000000,84158.840000
29847843,2026-10-01T16:03,84217.240000,0.465700,0.080833,2026-10-01,442.000000,3.453339,0.334476,84223.750000,84188.190000
29847844,2026-10-01T16:04,84192.200000,0.558100,-0.330755,2026-10-01,450.000000,5.484746,0.602213,84243.110000,84173.410000
29847845,2026-10-01T16:05,84173.010000,0.765900,0.204923,2026-10-01,385.000000,1.628891,0.216829,84200.610000,84172.760000
29847846,2026-10-01T16:06,84251.660000,0.785800,-0.537998,2026-10-01,441.000000,4.219793,0.721592,84265.800000,84173.000000
29847847,2026-10-01T16:07,84205.610000,0.765400,0.438688,2026-10-01,499.000000,6.122846,0.282829,84267.810000,84200.940000
29847848,2026-10-01T16:08,84186.580000,0.660300,-0.434513,2026-10-01,431.000000,13.407338,0.153379,84261.050000,84180.940000
29847849,2026-10-01T16:09,84139.690000,-0.039800,-0.693554,2026-10-01,480.000000,3.464479,0.482027,84188.610000,84107.600000
29847850,2026-10-01T16:10,84140.140000,0.712500,0.014882,2026-10-01,427.000000,6.843270,0.793702,84209.640000,84133.550000
29847851,2026-10-01T16:11,84107.650000,-0.459400,0.576972,2026-10-01,407.000000,2.530906,0.279236,84135.980000,84100.120000
29847852,2026-10-01T16:12,84230.800000,0.698700,-0.511062,2026-10-01,594.000000,17.322671,0.881279,84236.870000,84100.020000
29847853,2026-10-01T16:13,84190.390000,0.732700,0.799900,2026-10-01,447.000000,8.829993,0.202625,84274.440000,84187.020000
29847854,2026-10-01T16:14,84287.410000,0.534300,-0.594781,2026-10-01,536.000000,10.662969,0.579919,84289.940000,84176.100000
29847855,2026-10-01T16:15,84329.260000,0.637400,0.135446,2026-10-01,1054.000000,45.988326,0.618046,84434.080000,84273.790000
29847856,2026-10-01T16:16,84295.080000,-0.096300,0.242310,2026-10-01,573.000000,9.365086,0.712985,84354.810000,84288.300000
29847857,2026-10-01T16:17,84329.510000,0.320800,0.427336,2026-10-01,425.000000,6.241875,0.355865,84357.190000,84263.010000
29847858,2026-10-01T16:18,84280.610000,0.641300,-0.269813,2026-10-01,422.000000,6.629713,0.698411,84340.550000,84270.510000
29847859,2026-10-01T16:19,84321.890000,0.573800,0.387600,2026-10-01,431.000000,7.963238,0.622864,84368.810000,84257.600000
29847860,2026-10-01T16:20,84305.050000,0.633200,0.236492,2026-10-01,429.000000,4.175479,0.193924,84330.600000,84285.400000
29847861,2026-10-01T16:21,84271.210000,0.501400,-0.587744,2026-10-01,438.000000,3.272726,0.223076,84322.090000,84268.090000
29847862,2026-10-01T16:22,84292.450000,0.666600,-0.578830,2026-10-01,572.000000,22.926047,0.362246,84333.290000,84266.660000
29847863,2026-10-01T16:23,84275.710000,0.574800,-0.275444,2026-10-01,403.000000,6.426789,0.333759,84286.240000,84229.070000
29847864,2026-10-01T16:24,84302.050000,0.399600,-0.335235,2026-10-01,507.000000,20.795027,0.389031,84343.710000,84264.610000
29847865,2026-10-01T16:25,84333.880000,0.574200,-0.220987,2026-10-01,453.000000,6.514712,0.576025,84333.870000,84296.050000
29847866,2026-10-01T16:26,84297.790000,0.537400,0.151975,2026-10-01,459.000000,5.335117,0.545649,84347.950000,84286.240000
29847867,2026-10-01T16:27,84244.930000,0.031100,0.087805,2026-10-01,407.000000,2.928228,0.596157,84286.240000,84244.930000
29847868,2026-10-01T16:28,84231.240000,0.660100,0.199032,2026-10-01,452.000000,11.061559,0.483927,84255.430000,84225.000000
29847869,2026-10-01T16:29,84269.710000,0.679700,-0.032034,2026-10-01,583.000000,4.800010,0.604090,84280.110000,84231.240000
29847870,2026-10-01T16:30,84308.710000,0.701900,0.238243,2026-10-01,397.000000,4.729561,0.426281,84325.180000,84272.750000
29847871,2026-10-01T16:31,84347.950000,0.661500,-0.203415,2026-10-01,479.000000,10.056653,0.288743,84359.720000,84299.240000
29847872,2026-10-01T16:32,84386.460000,0.643600,-0.402882,2026-10-01,513.000000,16.733316,0.292451,84393.050000,84347.940000
29847873,2026-10-01T16:33,84450.700000,0.771200,-0.425458,2026-10-01,725.000000,15.002128,0.699092,84471.680000,84385.190000
29847874,2026-10-01T16:34,84461.100000,0.808300,0.401964,2026-10-01,608.000000,15.702103,0.481087,84499.000000,84408.310000
29847875,2026-10-01T16:35,84594.180000,0.490600,-0.041710,2026-10-01,770.000000,32.585706,0.495696,84600.000000,84458.280000
29847876,2026-10-01T16:36,84465.080000,0.587800,-0.006481,2026-10-01,525.000000,19.475725,0.263396,84590.530000,84465.080000
29847877,2026-10-01T16:37,84306.550000,0.607700,-0.483776,2026-10-01,531.000000,6.198314,0.412460,84465.080000,84292.650000
29847878,2026-10-01T16:38,84208.570000,-0.276100,-0.189622,2026-10-01,901.000000,20.737697,0.325509,84306.550000,84183.210000
29847879,2026-10-01T16:39,84188.080000,-0.537900,-0.344832,2026-10-01,559.000000,5.302763,0.397498,84251.530000,84159.460000
29847880,2026-10-01T16:40,84201.610000,-0.045800,-0.211727,2026-10-01,498.000000,5.740703,0.405823,84250.650000,84170.540000
29847881,2026-10-01T16:41,84197.730000,-0.232900,-0.205831,2026-10-01,486.000000,4.990417,0.562346,84235.280000,84176.160000
29847882,2026-10-01T16:42,84203.430000,0.148500,0.142260,2026-10-01,643.000000,8.754823,0.446451,84234.580000,84163.610000
29847883,2026-10-01T16:43,84275.320000,0.748000,-0.103478,2026-10-01,451.000000,8.634970,0.685666,84299.000000,84203.320000
29847884,2026-10-01T16:44,84293.180000,0.766300,0.380241,2026-10-01,414.000000,3.976739,0.660959,84300.000000,84257.010000
29847885,2026-10-01T16:45,84380.490000,0.658800,0.302732,2026-10-01,583.000000,11.881246,0.476754,84391.050000,84293.260000
29847886,2026-10-01T16:46,84328.180000,0.628200,-0.054889,2026-10-01,421.000000,4.394466,0.364032,84354.880000,84301.010000
29847887,2026-10-01T16:47,84322.320000,0.490000,-0.344778,2026-10-01,466.000000,5.075731,0.532168,84334.230000,84300.000000
29847888,2026-10-01T16:48,84277.270000,0.264400,0.198868,2026-10-01,349.000000,7.549850,0.621490,84382.120000,84273.710000
29847889,2026-10-01T16:49,84235.620000,0.482500,0.242897,2026-10-01,577.000000,8.690733,0.444335,84287.550000,84207.910000
29847890,2026-10-01T16:50,84183.630000,0.578600,-0.111450,2026-10-01,498.000000,11.866951,0.257328,84237.720000,84170.530000
29847891,2026-10-01T16:51,84159.100000,0.561400,-0.485794,2026-10-01,568.000000,11.476034,0.592029,84191.560000,84131.930000
29847892,2026-10-01T16:52,84210.490000,0.608000,0.184034,2026-10-01,449.000000,8.249446,0.474054,84212.590000,84129.000000
29847893,2026-10-01T16:53,84180.540000,-0.335300,-0.060372,2026-10-01,438.000000,4.615476,0.473428,84227.720000,84166.130000
29847894,2026-10-01T16:54,84148.920000,0.348700,-0.040491,2026-10-01,453.000000,3.905043,0.250794,84180.540000,84143.130000
29847895,2026-10-01T16:55,84104.400000,0.713300,-0.490402,2026-10-01,404.000000,2.941138,0.452077,84156.610000,84104.400000
29847896,2026-10-01T16:56,84065.320000,0.319600,-0.101898,2026-10-01,464.000000,7.360442,0.576338,84113.400000,84027.780000
29847897,2026-10-01T16:57,84092.540000,0.677100,0.139165,2026-10-01,358.000000,3.811963,0.402922,84094.080000,84057.690000
29847898,2026-10-01T16:58,84103.790000,0.649900,-0.224382,2026-10-01,380.000000,5.255532,0.710625,84139.180000,84084.410000
29847899,2026-10-01T16:59,84164.710000,0.705600,0.486920,2026-10-01,363.000000,5.012263,0.800913,84168.450000,84102.860000
29847900,2026-10-01T17:00,84188.150000,-0.241100,0.586266,2026-10-01,410.000000,4.975008,0.688496,84189.930000,84157.020000
29847901,2026-10-01T17:01,84232.700000,0.559000,0.484065,2026-10-01,630.000000,37.326963,0.305827,84232.690000,84163.150000
29847902,2026-10-01T17:02,84361.830000,0.683300,-0.422314,2026-10-01,777.000000,25.767545,0.427911,84415.150000,84232.690000
29847903,2026-10-01T17:03,84420.490000,0.777100,-0.081895,2026-10-01,1014.000000,20.378686,0.580315,84440.000000,84359.470000
29847904,2026-10-01T17:04,84393.670000,0.439600,0.119292,2026-10-01,696.000000,19.416390,0.406865,84453.150000,84369.120000
29847905,2026-10-01T17:05,84400.710000,0.632600,-0.203079,2026-10-01,555.000000,8.789628,0.591833,84422.990000,84367.290000
29847906,2026-10-01T17:06,84441.380000,0.674900,0.198294,2026-10-01,575.000000,10.283323,0.789657,84468.030000,84400.360000
29847907,2026-10-01T17:07,84388.540000,0.017700,0.565498,2026-10-01,502.000000,5.740354,0.653453,84444.050000,84388.350000
29847908,2026-10-01T17:08,84370.400000,0.094400,0.304689,2026-10-01,489.000000,5.762225,0.569815,84419.450000,84364.150000
29847909,2026-10-01T17:09,84359.770000,0.453400,0.127646,2026-10-01,438.000000,3.169007,0.838999,84385.370000,84349.360000
29847910,2026-10-01T17:10,84381.800000,0.558700,0.663573,2026-10-01,443.000000,3.347960,0.559397,84398.430000,84354.920000
29847911,2026-10-01T17:11,84428.110000,0.401200,0.133634,2026-10-01,427.000000,5.924399,0.641989,84435.020000,84357.290000
29847912,2026-10-01T17:12,84396.710000,0.004200,0.282877,2026-10-01,877.000000,17.707400,0.276051,84438.330000,84331.990000
29847913,2026-10-01T17:13,84414.510000,0.582600,-0.447884,2026-10-01,474.000000,7.468784,0.623667,84418.380000,84367.640000
29847914,2026-10-01T17:14,84402.110000,0.644300,0.247337,2026-10-01,578.000000,11.554770,0.549671,84437.880000,84383.970000
29847915,2026-10-01T17:15,84448.710000,0.818100,0.098714,2026-10-01,384.000000,5.957923,0.545560,84460.920000,84401.570000
29847916,2026-10-01T17:16,84507.990000,0.682600,0.105566,2026-10-01,624.000000,15.711837,0.474372,84513.370000,84412.920000
29847917,2026-10-01T17:17,84672.890000,0.770800,0.099322,2026-10-01,1204.000000,32.062153,0.419072,84702.990000,84507.880000
29847918,2026-10-01T17:18,84601.830000,0.218800,-0.031976,2026-10-01,1172.000000,22.507555,0.507652,84724.270000,84577.450000
29847919,2026-10-01T17:19,84718.400000,0.520300,-0.391515,2026-10-01,908.000000,24.230465,0.766693,84725.900000,84597.530000
29847920,2026-10-01T17:20,84728.080000,0.492100,0.551775,2026-10-01,666.000000,15.028384,0.594836,84769.730000,84696.520000
29847921,2026-10-01T17:21,84754.600000,0.829000,0.124976,2026-10-01,591.000000,6.131906,0.709679,84759.880000,84683.000000
29847922,2026-10-01T17:22,84717.770000,0.708000,0.422193,2026-10-01,545.000000,11.077830,0.598491,84782.100000,84697.800000
29847923,2026-10-01T17:23,84680.010000,0.375600,0.179796,2026-10-01,582.000000,11.137438,0.622694,84736.850000,84662.970000
29847924,2026-10-01T17:24,84745.580000,0.376800,0.245687,2026-10-01,631.000000,24.031993,0.718438,84749.110000,84640.790000
29847925,2026-10-01T17:25,84752.990000,0.810900,0.440886,2026-10-01,532.000000,11.156905,0.792104,84765.130000,84706.840000
29847926,2026-10-01T17:26,84743.950000,0.702400,0.568252,2026-10-01,719.000000,55.348385,0.849605,84816.960000,84731.000000
29847927,2026-10-01T17:27,84807.080000,0.773700,0.701809,2026-10-01,514.000000,9.265325,0.863259,84826.880000,84727.020000
29847928,2026-10-01T17:28,84879.010000,0.427000,0.726372,2026-10-01,1775.000000,69.838249,0.792543,84908.710000,84765.060000
29847929,2026-10-01T17:29,84897.080000,0.443500,0.586775,2026-10-01,864.000000,28.119046,0.706251,84908.990000,84806.720000
29847930,2026-10-01T17:30,84945.010000,0.513000,0.538355,2026-10-01,1950.000000,95.234745,0.683362,85017.370000,84870.020000
29847931,2026-10-01T17:31,84905.450000,0.296800,0.288278,2026-10-01,718.000000,14.265243,0.604320,84967.160000,84840.910000
29847932,2026-10-01T17:32,84833.290000,0.522400,0.220193,2026-10-01,476.000000,5.460852,0.721945,84905.060000,84792.000000
29847933,2026-10-01T17:33,84823.990000,0.515900,0.444819,2026-10-01,646.000000,10.949261,0.510173,84860.270000,84789.820000
29847934,2026-10-01T17:34,84766.980000,0.598500,0.018516,2026-10-01,581.000000,9.892945,0.407761,84835.630000,84748.510000
29847935,2026-10-01T17:35,84761.170000,0.857800,-0.177597,2026-10-01,467.000000,6.620978,0.673433,84822.730000,84758.000000
29847936,2026-10-01T17:36,84846.100000,0.666600,-0.014755,2026-10-01,495.000000,11.431667,0.434116,84854.320000,84749.110000
29847937,2026-10-01T17:37,84919.800000,0.522200,0.077093,2026-10-01,471.000000,5.229880,0.753355,84924.000000,84787.250000
29847938,2026-10-01T17:38,84951.540000,0.475800,0.463938,2026-10-01,514.000000,13.816431,0.676956,85001.000000,84887.210000
29847939,2026-10-01T17:39,84930.730000,0.492400,0.329087,2026-10-01,525.000000,9.269857,0.409955,85011.930000,84927.960000
29847940,2026-10-01T17:40,84969.110000,0.584600,-0.131813,2026-10-01,450.000000,5.486921,0.787877,85019.410000,84930.150000
29847941,2026-10-01T17:41,85026.240000,0.661600,0.576394,2026-10-01,499.000000,8.093375,0.837944,85034.360000,84959.970000
29847942,2026-10-01T17:42,84961.730000,0.706100,0.665063,2026-10-01,533.000000,7.226569,0.482761,85031.860000,84960.560000
29847943,2026-10-01T17:43,84977.740000,0.737300,-0.048443,2026-10-01,670.000000,11.758924,0.526658,85002.310000,84960.560000
29847944,2026-10-01T17:44,85036.010000,0.175200,0.065167,2026-10-01,601.000000,7.975717,0.624103,85046.930000,84964.320000
29847945,2026-10-01T17:45,85000.010000,0.668700,0.233671,2026-10-01,502.000000,7.878976,0.518361,85036.010000,85000.000000
29847946,2026-10-01T17:46,85042.390000,0.633800,0.378293,2026-10-01,563.000000,18.984877,0.675853,85057.730000,84980.570000
29847947,2026-10-01T17:47,85006.020000,0.562500,0.154398,2026-10-01,682.000000,6.321010,0.424163,85042.390000,84983.010000
29847948,2026-10-01T17:48,85005.400000,0.661300,-0.155499,2026-10-01,664.000000,23.778660,0.263994,85029.990000,84966.080000
29847949,2026-10-01T17:49,84986.240000,0.612300,-0.474704,2026-10-01,172.000000,2.231300,0.347977,85018.350000,84984.280000
29847950,2026-10-01T17:50,84989.850000,0.181900,-0.304045,2026-10-01,1362.000000,47.699645,0.695064,85031.330000,84961.010000
29847951,2026-10-01T17:51,85016.330000,0.490200,0.390122,2026-10-01,402.000000,5.998875,0.618238,85016.340000,84979.030000
29847952,2026-10-01T17:52,85007.610000,0.154900,0.234340,2026-10-01,377.000000,1.975489,0.336472,85016.340000,85000.990000
29847953,2026-10-01T17:53,85020.300000,0.632600,-0.329958,2026-10-01,471.000000,12.567326,0.383799,85048.000000,84980.560000
29847954,2026-10-01T17:54,84825.450000,0.316400,-0.230721,2026-10-01,660.000000,13.118485,0.256881,85014.540000,84824.490000
29847955,2026-10-01T17:55,84886.610000,-0.006200,-0.482181,2026-10-01,500.000000,6.598833,0.667677,84892.580000,84824.110000
29847956,2026-10-01T17:56,84858.620000,-0.086800,0.331174,2026-10-01,508.000000,5.604493,0.581317,84918.550000,84829.430000
29847957,2026-10-01T17:57,84822.740000,0.391300,0.163872,2026-10-01,581.000000,10.073534,0.440062,84863.650000,84742.000000
29847958,2026-10-01T17:58,84781.270000,0.693000,-0.127896,2026-10-01,510.000000,9.936273,0.522939,84835.300000,84774.010000
29847959,2026-10-01T17:59,84880.570000,0.253600,0.055270,2026-10-01,573.000000,10.626080,0.619782,84896.850000,84777.000000
29847960,2026-10-01T18:00,84770.910000,0.353100,0.233595,2026-10-01,563.000000,10.326075,0.457605,84880.060000,84738.600000
29847961,2026-10-01T18:01,84793.920000,-0.432300,-0.109602,2026-10-01,531.000000,8.479243,0.694205,84822.690000,84739.000000
29847962,2026-10-01T18:02,84748.080000,0.064700,0.438087,2026-10-01,528.000000,6.810360,0.553555,84835.350000,84741.240000
29847963,2026-10-01T18:03,84680.460000,-0.055500,0.116681,2026-10-01,458.000000,3.077802,0.457929,84752.780000,84680.450000
29847964,2026-10-01T18:04,84689.860000,-0.163000,-0.050604,2026-10-01,459.000000,3.817668,0.468711,84716.550000,84669.190000
29847965,2026-10-01T18:05,84697.170000,0.155200,-0.109491,2026-10-01,511.000000,6.825671,0.808173,84727.540000,84666.700000
29847966,2026-10-01T18:06,84672.760000,-0.602700,0.491917,2026-10-01,417.000000,2.349979,0.387867,84701.320000,84654.020000
29847967,2026-10-01T18:07,84737.610000,0.556200,0.132964,2026-10-01,482.000000,4.128393,0.538071,84737.610000,84651.000000
29847968,2026-10-01T18:08,84728.170000,0.537000,-0.103059,2026-10-01,535.000000,11.297940,0.691520,84775.900000,84708.500000
29847969,2026-10-01T18:09,84842.460000,0.618200,0.454521,2026-10-01,479.000000,4.446809,0.626278,84842.480000,84723.810000
29847970,2026-10-01T18:10,84827.560000,0.710400,0.203865,2026-10-01,512.000000,5.328469,0.670243,84885.570000,84804.770000
29847971,2026-10-01T18:11,84894.260000,0.647600,0.421465,2026-10-01,448.000000,4.467699,0.722675,84909.450000,84821.450000
29847972,2026-10-01T18:12,84928.540000,0.402700,0.438049,2026-10-01,474.000000,4.522571,0.737588,84935.830000,84893.050000
29847973,2026-10-01T18:13,84917.430000,0.577000,0.445890,2026-10-01,596.000000,9.992873,0.355840,84976.360000,84861.910000
29847974,2026-10-01T18:14,84850.490000,0.368400,-0.288947,2026-10-01,500.000000,2.610882,0.391423,84925.160000,84839.740000
29847975,2026-10-01T18:15,84807.990000,0.385300,-0.170042,2026-10-01,461.000000,4.185804,0.197927,84881.920000,84804.010000
29847976,2026-10-01T18:16,84805.070000,0.681900,-0.643392,2026-10-01,447.000000,10.546577,0.633086,84823.360000,84771.940000
29847977,2026-10-01T18:17,84804.830000,0.683100,0.267410,2026-10-01,450.000000,17.061500,0.206406,84851.300000,84800.000000
29847978,2026-10-01T18:18,84844.820000,0.786800,-0.588235,2026-10-01,499.000000,8.540206,0.542241,84854.310000,84803.210000
29847979,2026-10-01T18:19,84779.170000,0.605500,0.060978,2026-10-01,653.000000,16.055167,0.663642,84844.810000,84770.170000
29847980,2026-10-01T18:20,84787.580000,0.586900,0.343114,2026-10-01,419.000000,10.418761,0.379957,84800.660000,84770.230000
29847981,2026-10-01T18:21,84800.010000,0.285900,-0.240070,2026-10-01,329.000000,2.190780,0.481770,84822.760000,84787.570000
29847982,2026-10-01T18:22,84795.640000,0.425500,-0.054467,2026-10-01,442.000000,7.878506,0.411721,84801.720000,84767.200000
29847983,2026-10-01T18:23,84898.050000,0.266300,-0.172658,2026-10-01,664.000000,11.753522,0.827297,84907.500000,84784.010000
29847984,2026-10-01T18:24,84854.330000,0.338600,0.655041,2026-10-01,441.000000,7.164054,0.583713,84923.390000,84854.320000
29847985,2026-10-01T18:25,84875.390000,0.129100,0.174679,2026-10-01,368.000000,3.172398,0.541597,84883.670000,84825.450000
29847986,2026-10-01T18:26,84840.110000,0.680300,-0.085948,2026-10-01,351.000000,3.122238,0.228288,84875.380000,84825.820000
29847987,2026-10-01T18:27,84800.210000,0.417400,-0.453862,2026-10-01,439.000000,7.342609,0.190904,84852.630000,84787.590000
29847988,2026-10-01T18:28,84793.490000,0.646600,-0.590046,2026-10-01,362.000000,4.184431,0.780680,84832.380000,84779.180000
29847989,2026-10-01T18:29,84762.920000,0.171000,0.549503,2026-10-01,531.000000,12.551184,0.524391,84822.170000,84760.190000
29847990,2026-10-01T18:30,84800.480000,0.461500,0.048703,2026-10-01,460.000000,4.559131,0.914499,84800.480000,84751.040000
29847991,2026-10-01T18:31,84812.760000,0.465700,0.829911,2026-10-01,392.000000,2.895103,0.384780,84832.380000,84772.410000
29847992,2026-10-01T18:32,84832.260000,0.582300,-0.230038,2026-10-01,339.000000,2.298956,0.511774,84849.550000,84791.990000
29847993,2026-10-01T18:33,84828.580000,0.616100,0.023776,2026-10-01,461.000000,3.237013,0.486545,84837.630000,84794.010000
29847994,2026-10-01T18:34,84928.730000,0.380100,-0.027205,2026-10-01,548.000000,9.783509,0.603788,84941.290000,84828.590000
29847995,2026-10-01T18:35,85027.240000,0.423100,0.195243,2026-10-01,1026.000000,39.543459,0.866880,85040.830000,84889.010000
29847996,2026-10-01T18:36,84993.800000,0.047800,0.738657,2026-10-01,671.000000,14.713034,0.789579,85030.000000,84961.030000
29847997,2026-10-01T18:37,85062.990000,0.735400,0.571926,2026-10-01,533.000000,6.509975,0.724728,85065.200000,84959.520000
29847998,2026-10-01T18:38,85204.710000,0.792600,0.456208,2026-10-01,1058.000000,26.098517,0.850028,85229.190000,85062.980000
29847999,2026-10-01T18:39,85141.680000,0.658300,0.700501,2026-10-01,990.000000,24.695246,0.675107,85244.000000,85130.240000
29848000,2026-10-01T18:40,84975.020000,0.457000,0.350760,2026-10-01,1109.000000,15.636420,0.232307,85141.690000,84975.020000
29848001,2026-10-01T18:41,85015.210000,0.726500,-0.535096,2026-10-01,491.000000,6.776048,0.605444,85030.670000,84959.530000
29848002,2026-10-01T18:42,84971.820000,0.162800,0.211065,2026-10-01,510.000000,5.734450,0.479367,85052.510000,84952.550000
29848003,2026-10-01T18:43,84885.510000,0.558000,-0.040339,2026-10-01,525.000000,11.188169,0.345653,84964.000000,84867.900000
29848004,2026-10-01T18:44,84929.880000,0.315700,-0.285951,2026-10-01,745.000000,13.253465,0.589179,84962.500000,84885.510000
29848005,2026-10-01T18:45,84919.900000,0.492800,0.165635,2026-10-01,395.000000,4.699153,0.704958,84938.470000,84905.910000
29848006,2026-10-01T18:46,84916.700000,0.719200,0.410072,2026-10-01,635.000000,2.848498,0.540805,84938.480000,84897.700000
29848007,2026-10-01T18:47,84828.210000,0.776600,0.062818,2026-10-01,426.000000,3.823413,0.358856,84927.950000,84821.160000
29848008,2026-10-01T18:48,84753.050000,0.045200,-0.289604,2026-10-01,900.000000,30.165436,0.327726,84833.280000,84721.360000
29848009,2026-10-01T18:49,84707.490000,0.102600,-0.458626,2026-10-01,812.000000,34.659462,0.545665,84758.780000,84681.760000
29848010,2026-10-01T18:50,84709.520000,0.381000,0.345503,2026-10-01,426.000000,2.611597,0.513864,84722.110000,84680.450000
29848011,2026-10-01T18:51,84697.210000,0.368500,-0.088675,2026-10-01,389.000000,1.768978,0.396055,84709.520000,84680.620000
29848012,2026-10-01T18:52,84661.080000,0.579400,-0.024503,2026-10-01,455.000000,10.440214,0.211218,84707.040000,84625.020000
29848013,2026-10-01T18:53,84739.540000,0.604800,-0.577844,2026-10-01,347.000000,1.927414,0.764606,84744.090000,84663.740000
29848014,2026-10-01T18:54,84760.760000,0.603800,0.498161,2026-10-01,334.000000,1.956329,0.787626,84760.760000,84729.430000
29848015,2026-10-01T18:55,84757.640000,0.608500,0.480471,2026-10-01,383.000000,5.471934,0.397997,84768.430000,84735.890000
29848016,2026-10-01T18:56,84754.400000,0.719600,-0.178824,2026-10-01,372.000000,4.678626,0.281786,84777.770000,84742.030000
29848017,2026-10-01T18:57,84795.490000,0.523800,-0.442125,2026-10-01,357.000000,4.568609,0.338247,84795.500000,84754.310000
29848018,2026-10-01T18:58,84788.290000,0.663800,-0.323497,2026-10-01,378.000000,0.957069,0.510818,84795.490000,84770.160000
29848019,2026-10-01T18:59,84769.930000,0.710200,0.074490,2026-10-01,401.000000,8.133476,0.469664,84791.140000,84755.640000
29848020,2026-10-01T19:00,84790.010000,0.692200,-0.060680,2026-10-01,440.000000,7.998936,0.688820,84797.230000,84757.530000
29848021,2026-10-01T19:01,84700.010000,0.779000,0.377534,2026-10-01,568.000000,17.193006,0.038715,84790.010000,84696.520000
29848022,2026-10-01T19:02,84720.920000,0.605200,-0.905733,2026-10-01,378.000000,2.040443,0.470798,84726.820000,84698.310000
29848023,2026-10-01T19:03,84741.400000,0.681200,-0.144913,2026-10-01,416.000000,4.428294,0.537045,84741.400000,84697.010000
29848024,2026-10-01T19:04,84770.150000,0.508900,0.075117,2026-10-01,394.000000,2.479597,0.420330,84780.330000,84740.410000
29848025,2026-10-01T19:05,84761.930000,0.545900,-0.159789,2026-10-01,405.000000,2.749423,0.673543,84786.670000,84759.290000
29848026,2026-10-01T19:06,84781.490000,0.579500,0.347448,2026-10-01,461.000000,2.694194,0.626868,84798.710000,84743.080000
29848027,2026-10-01T19:07,84779.010000,0.681700,0.254191,2026-10-01,466.000000,3.732652,0.364099,84833.920000,84766.990000
29848028,2026-10-01T19:08,84833.270000,0.738500,-0.270453,2026-10-01,473.000000,3.299850,0.816130,84833.280000,84759.640000
29848029,2026-10-01T19:09,84847.670000,0.724300,0.563693,2026-10-01,443.000000,3.811032,0.502086,84856.900000,84827.150000
29848030,2026-10-01T19:10,84846.010000,0.506000,0.043035,2026-10-01,434.000000,4.501489,0.395725,84872.270000,84846.000000
29848031,2026-10-01T19:11,84777.680000,0.605300,-0.256586,2026-10-01,482.000000,3.295508,0.635833,84846.000000,84772.010000
29848032,2026-10-01T19:12,84759.540000,0.667500,0.395158,2026-10-01,438.000000,2.903672,0.484904,84793.590000,84746.450000
29848033,2026-10-01T19:13,84794.770000,0.634700,-0.031049,2026-10-01,354.000000,3.961254,0.838124,84794.770000,84758.910000
29848034,2026-10-01T19:14,84759.580000,0.658100,0.677360,2026-10-01,408.000000,4.300229,0.201271,84794.770000,84752.250000
29848035,2026-10-01T19:15,84795.230000,0.688600,-0.598102,2026-10-01,381.000000,2.481158,0.671906,84795.540000,84746.820000
29848036,2026-10-01T19:16,84778.320000,0.708500,0.347535,2026-10-01,405.000000,3.014207,0.140002,84795.220000,84769.000000
29848037,2026-10-01T19:17,84751.380000,0.752600,-0.719844,2026-10-01,404.000000,2.208974,0.390151,84793.330000,84749.120000
29848038,2026-10-01T19:18,84751.230000,0.481400,-0.220073,2026-10-01,436.000000,3.493607,0.436215,84757.500000,84719.630000
29848039,2026-10-01T19:19,84758.740000,0.631200,-0.128016,2026-10-01,372.000000,1.608765,0.507053,84774.120000,84750.000000
29848040,2026-10-01T19:20,84708.740000,0.588100,0.012358,2026-10-01,444.000000,3.910580,0.166300,84758.430000,84703.530000
29848041,2026-10-01T19:21,84706.120000,0.495200,-0.657127,2026-10-01,451.000000,2.886497,0.635945,84728.070000,84680.450000
29848042,2026-10-01T19:22,84633.600000,-0.134700,0.295062,2026-10-01,603.000000,15.663790,0.159806,84706.120000,84619.330000
29848043,2026-10-01T19:23,84595.760000,0.601400,-0.679209,2026-10-01,563.000000,10.099169,0.388413,84633.590000,84580.000000
29848044,2026-10-01T19:24,84592.080000,0.392800,-0.233107,2026-10-01,1040.000000,15.937453,0.797612,84604.960000,84570.000000
29848045,2026-10-01T19:25,84646.880000,0.506200,0.596049,2026-10-01,1216.000000,25.495803,0.713525,84682.260000,84584.480000
29848046,2026-10-01T19:26,84645.180000,0.326300,0.430017,2026-10-01,302.000000,3.006595,0.388641,84675.470000,84645.180000
29848047,2026-10-01T19:27,84579.740000,0.105100,-0.244682,2026-10-01,905.000000,6.762231,0.163001,84645.180000,84562.000000
29848048,2026-10-01T19:28,84595.540000,0.643300,-0.673963,2026-10-01,564.000000,7.834178,0.402693,84613.090000,84577.370000
29848049,2026-10-01T19:29,84582.850000,0.632000,-0.194613,2026-10-01,426.000000,4.760356,0.659934,84629.980000,84563.920000
29848050,2026-10-01T19:30,84615.680000,0.662000,0.319869,2026-10-01,612.000000,8.737075,0.708247,84620.160000,84562.000000
29848051,2026-10-01T19:31,84685.020000,0.637600,0.416433,2026-10-01,542.000000,12.203090,0.693248,84698.440000,84615.750000
29848052,2026-10-01T19:32,84715.510000,0.778100,0.386492,2026-10-01,433.000000,4.632930,0.630191,84725.890000,84679.320000
29848053,2026-10-01T19:33,84725.770000,0.556000,0.304060,2026-10-01,688.000000,9.958566,0.465472,84741.250000,84703.730000
29848054,2026-10-01T19:34,84709.010000,0.025200,-0.121173,2026-10-01,562.000000,17.670720,0.272752,84735.820000,84667.970000
29848055,2026-10-01T19:35,84683.210000,0.419400,-0.454534,2026-10-01,521.000000,4.895194,0.549760,84707.060000,84664.960000
29848056,2026-10-01T19:36,84612.360000,0.515500,0.116914,2026-10-01,538.000000,12.021494,0.151353,84694.770000,84611.970000
29848057,2026-10-01T19:37,84598.330000,0.632200,-0.710723,2026-10-01,471.000000,5.006709,0.904072,84618.610000,84580.320000
29848058,2026-10-01T19:38,84596.010000,0.755200,0.803234,2026-10-01,452.000000,3.585931,0.651156,84622.870000,84590.000000
29848059,2026-10-01T19:39,84611.850000,0.706000,0.318955,2026-10-01,466.000000,4.116438,0.634829,84630.520000,84596.020000
29848060,2026-10-01T19:40,84635.920000,0.673900,0.256630,2026-10-01,404.000000,2.432306,0.843099,84640.040000,84591.340000
29848061,2026-10-01T19:41,84648.980000,0.640000,0.705451,2026-10-01,482.000000,16.284372,0.179073,84676.060000,84630.960000
29848062,2026-10-01T19:42,84612.920000,0.550900,-0.656292,2026-10-01,414.000000,1.660428,0.745641,84651.960000,84612.910000
29848063,2026-10-01T19:43,84624.490000,0.846500,0.491216,2026-10-01,359.000000,1.890185,0.874303,84631.090000,84607.090000
29848064,2026-10-01T19:44,84604.760000,0.611500,0.747611,2026-10-01,540.000000,14.657639,0.329537,84645.590000,84600.540000
29848065,2026-10-01T19:45,84613.360000,0.707500,-0.340891,2026-10-01,443.000000,4.275085,0.909952,84626.970000,84600.000000
29848066,2026-10-01T19:46,84629.210000,0.801100,0.788411,2026-10-01,417.000000,3.964295,0.608034,84630.100000,84593.550000
29848067,2026-10-01T19:47,84604.550000,0.609300,0.239704,2026-10-01,366.000000,1.443601,0.671951,84626.220000,84604.550000
29848068,2026-10-01T19:48,84548.760000,0.682800,0.348011,2026-10-01,381.000000,4.101605,0.247248,84605.290000,84544.010000
29848069,2026-10-01T19:49,84557.830000,0.745800,-0.510423,2026-10-01,563.000000,8.631660,0.794124,84594.340000,84544.440000
29848070,2026-10-01T19:50,84637.010000,0.615500,0.654714,2026-10-01,309.000000,4.659008,0.889570,84641.270000,84559.100000
29848071,2026-10-01T19:51,84667.510000,0.488800,0.660277,2026-10-01,503.000000,8.624757,0.503115,84686.030000,84637.010000
29848072,2026-10-01T19:52,84667.510000,0.639800,-0.002369,2026-10-01,396.000000,5.597871,0.462892,84685.530000,84614.630000
29848073,2026-10-01T19:53,84648.390000,0.511100,-0.061799,2026-10-01,362.000000,5.095573,0.922889,84657.210000,84625.020000
29848074,2026-10-01T19:54,84616.770000,0.754900,0.850634,2026-10-01,419.000000,9.360688,0.466973,84670.110000,84600.000000
29848075,2026-10-01T19:55,84565.650000,0.740200,-0.361742,2026-10-01,548.000000,12.427157,0.424787,84616.770000,84545.040000
29848076,2026-10-01T19:56,84591.320000,0.796800,0.244332,2026-10-01,646.000000,6.786123,0.820094,84604.390000,84551.540000
29848077,2026-10-01T19:57,84617.330000,0.588900,0.650412,2026-10-01,354.000000,7.661150,0.487578,84627.840000,84591.310000
29848078,2026-10-01T19:58,84655.540000,0.417300,-0.093038,2026-10-01,492.000000,17.359116,0.434617,84664.960000,84602.460000
29848079,2026-10-01T19:59,84646.930000,0.152100,-0.101359,2026-10-01,1025.000000,16.513999,0.844527,84664.950000,84612.570000
29848080,2026-10-01T20:00,84725.100000,0.132900,0.698302,2026-10-01,1473.000000,26.918086,0.724310,84740.990000,84639.730000
29848081,2026-10-01T20:01,84753.740000,0.239600,0.442351,2026-10-01,379.000000,5.195319,0.844002,84759.560000,84707.040000
29848082,2026-10-01T20:02,84738.510000,0.573600,0.688552,2026-10-01,438.000000,7.013537,0.701722,84770.470000,84736.110000
29848083,2026-10-01T20:03,84753.240000,0.883700,0.391818,2026-10-01,836.000000,9.464910,0.459601,84770.150000,84723.310000
29848084,2026-10-01T20:04,84823.820000,0.424300,-0.027382,2026-10-01,452.000000,4.336066,0.882057,84828.540000,84753.240000
29848085,2026-10-01T20:05,84790.730000,0.247000,0.812980,2026-10-01,447.000000,10.170437,0.396602,84842.910000,84775.300000
29848086,2026-10-01T20:06,84817.150000,0.164200,-0.427844,2026-10-01,397.000000,6.109639,0.908223,84825.990000,84757.830000
29848087,2026-10-01T20:07,84772.490000,-0.115200,0.816616,2026-10-01,500.000000,6.517273,0.567955,84818.090000,84757.550000
29848088,2026-10-01T20:08,84757.550000,0.928000,0.128201,2026-10-01,415.000000,5.012003,0.778834,84782.390000,84757.550000
29848089,2026-10-01T20:09,84766.360000,0.333500,0.557759,2026-10-01,523.000000,5.994602,0.614140,84780.680000,84751.810000
29848090,2026-10-01T20:10,84738.610000,-0.158900,0.180697,2026-10-01,484.000000,27.814274,0.075326,84766.360000,84721.170000
29848091,2026-10-01T20:11,84750.050000,0.583900,-0.848049,2026-10-01,410.000000,6.440714,0.668689,84768.490000,84728.080000
29848092,2026-10-01T20:12,84735.830000,0.461000,0.338041,2026-10-01,334.000000,2.295594,0.734743,84756.030000,84726.390000
29848093,2026-10-01T20:13,84765.170000,0.064300,0.439598,2026-10-01,370.000000,2.328316,0.815389,84778.630000,84735.830000
29848094,2026-10-01T20:14,84750.740000,-0.085300,0.664978,2026-10-01,344.000000,6.935069,0.201691,84778.320000,84742.010000
29848095,2026-10-01T20:15,84758.390000,0.495500,-0.596619,2026-10-01,284.000000,1.559328,0.828318,84766.310000,84748.050000
29848096,2026-10-01T20:16,84738.610000,0.073000,0.639442,2026-10-01,508.000000,10.591627,0.317131,84822.760000,84738.600000
29848097,2026-10-01T20:17,84747.040000,-0.232000,-0.364635,2026-10-01,327.000000,2.447318,0.839607,84763.420000,84738.600000
29848098,2026-10-01T20:18,84770.150000,0.438300,0.672655,2026-10-01,323.000000,2.622558,0.937390,84770.150000,84742.450000
29848099,2026-10-01T20:19,84770.710000,0.306400,0.883228,2026-10-01,400.000000,3.745017,0.841679,84798.310000,84765.700000
29848100,2026-10-01T20:20,84804.510000,0.273300,0.683363,2026-10-01,289.000000,1.926297,0.917586,84807.160000,84774.880000
29848101,2026-10-01T20:21,84789.300000,0.538400,0.835202,2026-10-01,306.000000,1.156483,0.453173,84804.510000,84787.370000
29848102,2026-10-01T20:22,84807.760000,0.627800,-0.095044,2026-10-01,335.000000,2.288883,0.765328,84807.760000,84778.000000
29848103,2026-10-01T20:23,84809.960000,0.456500,0.531923,2026-10-01,274.000000,0.865213,0.808624,84812.240000,84788.210000
29848104,2026-10-01T20:24,84803.070000,0.624700,0.617117,2026-10-01,353.000000,1.872202,0.438690,84812.240000,84790.560000
29848105,2026-10-01T20:25,84807.070000,0.607300,-0.122626,2026-10-01,239.000000,0.637799,0.675982,84807.070000,84802.930000
29848106,2026-10-01T20:26,84754.260000,0.474400,0.352531,2026-10-01,265.000000,1.259235,0.427852,84807.840000,84751.880000
29848107,2026-10-01T20:27,84763.130000,0.447300,-0.143835,2026-10-01,282.000000,0.872925,0.686816,84776.710000,84751.880000
29848108,2026-10-01T20:28,84754.100000,0.177100,0.373230,2026-10-01,239.000000,0.777340,0.697756,84775.590000,84754.080000
29848109,2026-10-01T20:29,84733.050000,0.225500,0.396272,2026-10-01,385.000000,1.359042,0.529580,84754.100000,84731.430000
29848110,2026-10-01T20:30,84746.390000,0.395400,0.060056,2026-10-01,267.000000,2.253757,0.429587,84755.930000,84733.050000
29848111,2026-10-01T20:31,84727.260000,0.423600,-0.141115,2026-10-01,334.000000,1.831563,0.297017,84746.820000,84727.260000
29848112,2026-10-01T20:32,84709.420000,0.165400,-0.254406,2026-10-01,389.000000,2.018593,0.557038,84729.110000,84708.120000
29848113,2026-10-01T20:33,84727.150000,0.484400,0.004678,2026-10-01,308.000000,0.831015,0.642992,84727.160000,84700.010000
29848114,2026-10-01T20:34,84717.710000,-0.158200,0.283149,2026-10-01,398.000000,1.505330,0.834693,84734.660000,84715.520000
29848115,2026-10-01T20:35,84717.020000,0.159100,0.671189,2026-10-01,263.000000,1.197074,0.349978,84722.350000,84714.300000
29848116,2026-10-01T20:36,84722.360000,0.117900,-0.303065,2026-10-01,286.000000,1.408164,0.359019,84722.350000,84698.350000
29848117,2026-10-01T20:37,84693.880000,0.249700,-0.282009,2026-10-01,340.000000,1.111716,0.556068,84722.350000,84667.040000
29848118,2026-10-01T20:38,84678.600000,0.565200,0.111345,2026-10-01,394.000000,1.229379,0.137567,84696.520000,84675.090000
29848119,2026-10-01T20:39,84650.010000,0.175700,-0.724732,2026-10-01,358.000000,0.756159,0.652114,84678.130000,84650.000000
29848120,2026-10-01T20:40,84640.570000,0.095200,0.308280,2026-10-01,371.000000,2.890373,0.521762,84650.010000,84622.890000
29848121,2026-10-01T20:41,84596.610000,0.081900,0.041603,2026-10-01,424.000000,1.136643,0.568486,84645.640000,84594.800000
29848122,2026-10-01T20:42,84570.330000,-0.174900,0.138506,2026-10-01,406.000000,1.731203,0.698132,84596.230000,84570.000000
29848123,2026-10-01T20:43,84583.010000,-0.135800,0.395367,2026-10-01,303.000000,1.172604,0.710776,84591.320000,84570.320000
29848124,2026-10-01T20:44,84581.640000,-0.076900,0.425370,2026-10-01,260.000000,0.283228,0.106248,84583.010000,84580.380000
29848125,2026-10-01T20:45,84530.150000,-0.089800,-0.822465,2026-10-01,377.000000,1.618774,0.388666,84581.650000,84528.210000
29848126,2026-10-01T20:46,84591.550000,0.841800,-0.207761,2026-10-01,363.000000,1.607729,0.664407,84597.200000,84530.150000
29848127,2026-10-01T20:47,84605.790000,0.893200,0.293626,2026-10-01,301.000000,1.144954,0.578263,84610.540000,84589.630000
29848128,2026-10-01T20:48,84582.640000,0.358500,0.194424,2026-10-01,332.000000,14.963823,0.032193,84605.790000,84582.630000
29848129,2026-10-01T20:49,84562.950000,0.454100,-0.922416,2026-10-01,396.000000,1.952674,0.581103,84609.880000,84558.690000
29848130,2026-10-01T20:50,84625.290000,0.019100,0.117341,2026-10-01,386.000000,2.105249,0.774131,84626.310000,84557.160000
29848131,2026-10-01T20:51,84614.370000,0.224100,0.546727,2026-10-01,207.000000,0.510383,0.179139,84653.580000,84608.040000
29848132,2026-10-01T20:52,84600.210000,0.019400,-0.640759,2026-10-01,455.000000,1.048865,0.532942,84608.600000,84595.300000
29848133,2026-10-01T20:53,84602.710000,0.020600,0.069097,2026-10-01,304.000000,0.510982,0.867012,84607.110000,84600.200000
29848134,2026-10-01T20:54,84626.260000,0.206400,0.739798,2026-10-01,353.000000,2.824946,0.856660,84644.480000,84580.800000
29848135,2026-10-01T20:55,84638.960000,0.263300,0.710360,2026-10-01,264.000000,0.315145,0.442702,84638.970000,84626.260000
29848136,2026-10-01T20:56,84613.740000,0.723000,-0.112390,2026-10-01,327.000000,2.969692,0.725559,84638.970000,84610.660000
29848137,2026-10-01T20:57,84624.300000,0.281800,0.452303,2026-10-01,287.000000,1.518486,0.396942,84624.310000,84610.150000
29848138,2026-10-01T20:58,84606.320000,0.637500,-0.206514,2026-10-01,287.000000,1.110664,0.240074,84624.310000,84602.720000
29848139,2026-10-01T20:59,84603.820000,0.550400,-0.519522,2026-10-01,347.000000,1.315517,0.790211,84610.970000,84602.720000
29848140,2026-10-01T21:00,84608.330000,0.516900,0.581203,2026-10-01,324.000000,0.858418,0.508155,84608.730000,84602.720000
29848141,2026-10-01T21:01,84608.460000,0.690700,0.109288,2026-10-01,282.000000,1.434431,0.547417,84608.460000,84602.720000
29848142,2026-10-01T21:02,84605.540000,0.526300,0.033012,2026-10-01,273.000000,4.360375,0.359667,84628.400000,84604.420000
29848143,2026-10-01T21:03,84590.350000,0.319600,-0.225555,2026-10-01,320.000000,4.982841,0.147662,84605.550000,84588.700000
29848144,2026-10-01T21:04,84587.020000,0.329200,-0.774634,2026-10-01,303.000000,0.676218,0.572466,84592.950000,84583.610000
29848145,2026-10-01T21:05,84587.020000,-0.197700,0.144649,2026-10-01,304.000000,0.738889,0.559837,84587.030000,84581.840000
29848146,2026-10-01T21:06,84633.390000,-0.182400,0.467651,2026-10-01,279.000000,2.077819,0.922698,84646.350000,84587.020000
29848147,2026-10-01T21:07,84614.020000,0.134500,0.740365,2026-10-01,326.000000,0.350933,0.318971,84633.390000,84613.710000
29848148,2026-10-01T21:08,84615.010000,0.616000,-0.247576,2026-10-01,327.000000,1.031773,0.695702,84617.870000,84614.020000
29848149,2026-10-01T21:09,84607.360000,0.382000,0.391478,2026-10-01,279.000000,6.179865,0.119921,84615.010000,84607.360000
29848150,2026-10-01T21:10,84604.040000,0.125100,-0.760187,2026-10-01,217.000000,0.597155,0.421451,84607.370000,84604.040000
29848151,2026-10-01T21:11,84607.830000,0.099900,0.309735,2026-10-01,245.000000,2.168081,0.585576,84623.910000,84604.040000
29848152,2026-10-01T21:12,84613.930000,0.459800,-0.018864,2026-10-01,236.000000,1.765883,0.882318,84627.970000,84607.830000
29848153,2026-10-01T21:13,84613.930000,0.312900,0.827128,2026-10-01,289.000000,2.312849,0.544613,84623.320000,84613.930000
29848154,2026-10-01T21:14,84591.330000,0.385700,-0.253258,2026-10-01,231.000000,0.780093,0.420367,84613.940000,84591.320000
29848155,2026-10-01T21:15,84564.790000,0.292600,-0.151160,2026-10-01,342.000000,3.272797,0.479055,84591.340000,84553.460000
29848156,2026-10-01T21:16,84566.400000,0.269200,-0.043641,2026-10-01,374.000000,2.007142,0.850105,84571.290000,84531.870000
29848157,2026-10-01T21:17,84595.890000,0.122600,0.700209,2026-10-01,496.000000,12.850289,0.914970,84614.310000,84570.680000
29848158,2026-10-01T21:18,84583.890000,0.296200,0.829940,2026-10-01,280.000000,3.242131,0.397494,84595.900000,84570.280000
29848159,2026-10-01T21:19,84604.100000,0.286100,-0.205011,2026-10-01,292.000000,3.409123,0.732895,84604.100000,84576.270000
29848160,2026-10-01T21:20,84646.040000,0.239600,0.474851,2026-10-01,327.000000,5.170272,0.351585,84664.960000,84604.100000
29848161,2026-10-01T21:21,84626.170000,0.279200,-0.311754,2026-10-01,348.000000,1.387532,0.343819,84653.020000,84622.880000
29848162,2026-10-01T21:22,84622.180000,0.286000,-0.312363,2026-10-01,303.000000,1.770785,0.854216,84625.600000,84604.690000
29848163,2026-10-01T21:23,84609.080000,-0.009200,0.452036,2026-10-01,316.000000,1.747033,0.506087,84622.180000,84602.240000
29848164,2026-10-01T21:24,84589.390000,0.032900,0.233128,2026-10-01,270.000000,1.955465,0.596946,84609.080000,84582.390000
29848165,2026-10-01T21:25,84570.110000,0.129900,0.193898,2026-10-01,301.000000,0.970597,0.178238,84589.390000,84566.550000
29848166,2026-10-01T21:26,84587.180000,0.250300,-0.639715,2026-10-01,305.000000,2.033030,0.931625,84587.190000,84570.100000
29848167,2026-10-01T21:27,84588.490000,0.149100,0.863053,2026-10-01,307.000000,2.862627,0.788656,84613.170000,84571.490000
29848168,2026-10-01T21:28,84571.490000,0.313100,0.395871,2026-10-01,414.000000,4.294736,0.612456,84588.490000,84571.490000
29848169,2026-10-01T21:29,84559.760000,0.336400,0.405039,2026-10-01,348.000000,3.481604,0.243822,84571.950000,84554.740000
29848170,2026-10-01T21:30,84539.390000,-0.082500,-0.713489,2026-10-01,331.000000,1.331635,0.574485,84559.760000,84535.960000
29848171,2026-10-01T21:31,84554.240000,0.066800,0.205116,2026-10-01,335.000000,2.247274,0.754033,84554.250000,84529.190000
29848172,2026-10-01T21:32,84585.260000,0.047100,0.547531,2026-10-01,392.000000,3.314257,0.759177,84599.990000,84539.170000
29848173,2026-10-01T21:33,84532.710000,-0.049100,0.518660,2026-10-01,392.000000,2.664592,0.221207,84585.260000,84530.950000
29848174,2026-10-01T21:34,84523.950000,0.438700,-0.558936,2026-10-01,317.000000,3.100734,0.528586,84532.710000,84517.680000
29848175,2026-10-01T21:35,84544.620000,0.171500,0.030769,2026-10-01,281.000000,2.258485,0.594276,84544.630000,84513.000000
29848176,2026-10-01T21:36,84532.240000,-0.071400,0.231919,2026-10-01,301.000000,0.596510,0.249925,84544.620000,84532.240000
29848177,2026-10-01T21:37,84501.930000,0.866500,-0.496043,2026-10-01,374.000000,3.675569,0.227785,84532.250000,84500.000000
29848178,2026-10-01T21:38,84501.110000,0.061900,-0.559659,2026-10-01,497.000000,10.209393,0.315960,84517.550000,84488.000000
29848179,2026-10-01T21:39,84517.550000,0.282300,-0.365035,2026-10-01,390.000000,2.722776,0.600374,84517.560000,84488.000000
29848180,2026-10-01T21:40,84475.610000,0.318900,0.068469,2026-10-01,497.000000,2.271533,0.496881,84517.550000,84475.600000
29848181,2026-10-01T21:41,84505.170000,0.213500,0.212342,2026-10-01,359.000000,2.281005,0.852877,84505.180000,84475.320000
29848182,2026-10-01T21:42,84478.360000,0.049400,0.706099,2026-10-01,356.000000,2.853775,0.766497,84505.170000,84470.420000
29848183,2026-10-01T21:43,84483.930000,0.422000,0.533881,2026-10-01,423.000000,2.433998,0.501035,84483.940000,84462.120000
29848184,2026-10-01T21:44,84467.770000,0.317700,-0.009999,2026-10-01,286.000000,1.815158,0.076893,84488.650000,84466.770000
29848185,2026-10-01T21:45,84480.150000,0.278100,-0.832142,2026-10-01,300.000000,1.206872,0.726249,84481.100000,84461.730000
29848186,2026-10-01T21:46,84483.930000,0.304400,0.447200,2026-10-01,268.000000,0.735543,0.558938,84492.700000,84480.150000
29848187,2026-10-01T21:47,84542.460000,0.368100,0.304623,2026-10-01,375.000000,3.652427,0.790947,84545.750000,84483.930000
29848188,2026-10-01T21:48,84529.120000,0.007500,0.558010,2026-10-01,347.000000,3.701195,0.206390,84545.180000,84522.070000
29848189,2026-10-01T21:49,84539.650000,0.466700,-0.579718,2026-10-01,332.000000,1.730188,0.570749,84541.930000,84529.120000
29848190,2026-10-01T21:50,84519.300000,0.137500,0.133305,2026-10-01,368.000000,2.156338,0.361531,84539.660000,84506.350000
29848191,2026-10-01T21:51,84494.100000,0.224500,-0.277906,2026-10-01,338.000000,1.291353,0.617127,84519.310000,84493.510000
29848192,2026-10-01T21:52,84493.760000,-0.035000,0.233482,2026-10-01,117.000000,0.326408,0.625034,84494.800000,84489.450000
29848193,2026-10-01T21:53,84510.260000,-0.048100,0.257005,2026-10-01,539.000000,3.306841,0.840935,84511.970000,84486.120000
29848194,2026-10-01T21:54,84516.210000,0.001400,0.680854,2026-10-01,353.000000,1.498906,0.714937,84528.110000,84510.260000
29848195,2026-10-01T21:55,84516.510000,0.221200,0.431439,2026-10-01,302.000000,0.907956,0.312997,84516.520000,84516.200000
29848196,2026-10-01T21:56,84532.210000,0.165300,-0.346748,2026-10-01,335.000000,3.700617,0.614956,84538.710000,84516.230000
29848197,2026-10-01T21:57,84517.150000,0.472300,0.217141,2026-10-01,409.000000,5.123620,0.191807,84532.210000,84494.240000
29848198,2026-10-01T21:58,84536.580000,0.307200,-0.615484,2026-10-01,218.000000,0.610059,0.379458,84536.570000,84517.150000
29848199,2026-10-01T21:59,84529.230000,0.190800,-0.241528,2026-10-01,306.000000,2.073325,0.563789,84542.450000,84515.180000
29848200,2026-10-01T22:00,84580.290000,0.600500,0.470228,2026-10-01,359.000000,2.697604,0.924601,84580.310000,84510.010000
29848201,2026-10-01T22:01,84629.240000,0.387100,0.700062,2026-10-01,280.000000,0.841226,0.736455,84629.630000,84580.300000
29848202,2026-10-01T22:02,84681.740000,0.262400,0.472232,2026-10-01,329.000000,4.149059,0.547438,84696.520000,84629.230000
29848203,2026-10-01T22:03,84677.450000,0.040300,0.096454,2026-10-01,359.000000,2.359871,0.550672,84702.440000,84666.600000
29848204,2026-10-01T22:04,84714.270000,-0.001300,0.092299,2026-10-01,317.000000,2.841832,0.625715,84714.270000,84644.110000
29848205,2026-10-01T22:05,84738.610000,0.331900,0.258765,2026-10-01,372.000000,2.695685,0.486243,84768.390000,84714.270000
29848206,2026-10-01T22:06,84737.240000,0.294000,0.250517,2026-10-01,351.000000,3.465644,0.736025,84744.440000,84709.000000
29848207,2026-10-01T22:07,84715.390000,0.162100,0.257912,2026-10-01,399.000000,3.345094,0.261321,84767.960000,84715.230000
29848208,2026-10-01T22:08,84695.670000,0.060900,-0.477478,2026-10-01,311.000000,1.950455,0.796727,84715.540000,84683.160000
29848209,2026-10-01T22:09,84671.990000,0.212500,0.679961,2026-10-01,348.000000,1.680042,0.580446,84707.030000,84667.680000
29848210,2026-10-01T22:10,84769.860000,0.537800,-0.224256,2026-10-01,291.000000,2.524780,0.848346,84771.660000,84671.980000
29848211,2026-10-01T22:11,84741.570000,0.384400,0.626997,2026-10-01,391.000000,4.389962,0.502379,84769.860000,84732.560000
29848212,2026-10-01T22:12,84738.830000,0.139200,0.020107,2026-10-01,367.000000,7.951523,0.880733,84769.870000,84718.070000
29848213,2026-10-01T22:13,84739.710000,0.334400,0.761606,2026-10-01,275.000000,1.701765,0.366754,84741.350000,84720.650000
29848214,2026-10-01T22:14,84728.350000,0.398800,-0.270730,2026-10-01,245.000000,1.147873,0.215242,84741.350000,84722.340000
29848215,2026-10-01T22:15,84712.140000,0.055600,-0.599779,2026-10-01,632.000000,3.723020,0.283300,84728.340000,84691.400000
29848216,2026-10-01T22:16,84701.960000,0.336800,-0.443834,2026-10-01,368.000000,1.907525,0.413573,84723.410000,84691.070000
29848217,2026-10-01T22:17,84750.830000,0.049500,-0.097923,2026-10-01,269.000000,1.531244,0.753086,84755.110000,84701.960000
29848218,2026-10-01T22:18,84706.200000,-0.005200,0.226353,2026-10-01,316.000000,1.985623,0.262357,84750.820000,84703.110000
29848219,2026-10-01T22:19,84710.110000,0.100000,-0.365003,2026-10-01,322.000000,1.060759,0.628300,84727.160000,84696.670000
29848220,2026-10-01T22:20,84685.890000,-0.304500,0.257476,2026-10-01,361.000000,4.136363,0.660869,84728.980000,84679.540000
29848221,2026-10-01T22:21,84725.540000,0.002700,0.321465,2026-10-01,226.000000,1.392515,0.791835,84725.530000,84685.880000
29848222,2026-10-01T22:22,84733.930000,0.240900,0.583991,2026-10-01,187.000000,0.478442,0.782388,84733.940000,84728.070000
29848223,2026-10-01T22:23,84696.080000,-0.007500,-0.255021,2026-10-01,309.000000,2.477471,0.380807,84733.930000,84683.670000
29848224,2026-10-01T22:24,84709.990000,0.197400,0.011273,2026-10-01,288.000000,1.119610,0.560221,84710.000000,84692.750000
29848225,2026-10-01T22:25,84702.640000,0.395500,0.046265,2026-10-01,282.000000,2.898343,0.519119,84714.850000,84689.760000
29848226,2026-10-01T22:26,84713.980000,0.192600,0.053229,2026-10-01,228.000000,1.862941,0.862067,84722.930000,84702.630000
29848227,2026-10-01T22:27,84693.070000,0.204400,0.705957,2026-10-01,329.000000,1.242450,0.431380,84713.970000,84687.100000
29848228,2026-10-01T22:28,84698.950000,-0.111700,-0.129047,2026-10-01,244.000000,0.836350,0.820240,84706.380000,84692.840000
29848229,2026-10-01T22:29,84666.010000,0.101900,0.640975,2026-10-01,322.000000,1.323656,0.455102,84698.940000,84666.000000
29848230,2026-10-01T22:30,84684.300000,-0.194100,-0.087795,2026-10-01,304.000000,1.946867,0.684055,84685.990000,84657.000000
29848231,2026-10-01T22:31,84693.510000,-0.066800,0.366325,2026-10-01,246.000000,0.842902,0.503234,84693.510000,84676.750000
29848232,2026-10-01T22:32,84684.760000,-0.214400,0.008179,2026-10-01,328.000000,1.106248,0.513123,84696.510000,84676.750000
29848233,2026-10-01T22:33,84639.580000,0.165900,0.025536,2026-10-01,406.000000,1.609651,0.542724,84690.060000,84625.860000
29848234,2026-10-01T22:34,84644.010000,0.100900,0.085760,2026-10-01,293.000000,0.932759,0.865466,84647.250000,84635.110000
29848235,2026-10-01T22:35,84719.710000,0.082000,0.731431,2026-10-01,293.000000,1.060330,0.471836,84719.700000,84647.250000
29848236,2026-10-01T22:36,84708.170000,0.122400,-0.056344,2026-10-01,299.000000,0.721431,0.492091,84727.110000,84704.130000
29848237,2026-10-01T22:37,84733.930000,0.502600,-0.016334,2026-10-01,299.000000,0.583453,0.644401,84733.940000,84708.480000
29848238,2026-10-01T22:38,84756.120000,0.215500,0.289753,2026-10-01,290.000000,1.697808,0.535663,84766.370000,84733.930000
29848239,2026-10-01T22:39,84739.680000,-0.309800,0.071080,2026-10-01,383.000000,1.032850,0.103325,84756.120000,84736.750000
29848240,2026-10-01T22:40,84721.020000,-0.217600,-0.795193,2026-10-01,336.000000,1.075359,0.423097,84739.690000,84718.480000
29848241,2026-10-01T22:41,84735.850000,-0.209300,-0.153139,2026-10-01,260.000000,0.589894,0.754089,84739.680000,84721.020000
29848242,2026-10-01T22:42,84719.330000,-0.198700,0.509137,2026-10-01,332.000000,0.827017,0.243683,84735.840000,84707.210000
29848243,2026-10-01T22:43,84671.380000,0.510700,-0.471462,2026-10-01,512.000000,10.073030,0.380293,84707.050000,84660.070000
29848244,2026-10-01T22:44,84654.450000,0.053400,-0.242293,2026-10-01,300.000000,0.894071,0.597585,84685.990000,84647.990000
29848245,2026-10-01T22:45,84627.170000,0.331000,0.196748,2026-10-01,341.000000,0.909539,0.684363,84654.440000,84625.490000
29848246,2026-10-01T22:46,84625.510000,0.363700,0.367605,2026-10-01,393.000000,1.021501,0.479334,84651.970000,84623.390000
29848247,2026-10-01T22:47,84612.450000,0.323700,-0.041281,2026-10-01,322.000000,0.817819,0.075440,84625.520000,84612.440000
29848248,2026-10-01T22:48,84625.520000,0.453500,-0.849450,2026-10-01,294.000000,0.820610,0.757964,84632.140000,84612.440000
29848249,2026-10-01T22:49,84615.450000,0.501400,0.523017,2026-10-01,317.000000,0.916530,0.178340,84625.530000,84612.700000
29848250,2026-10-01T22:50,84608.610000,0.465200,-0.649657,2026-10-01,379.000000,0.656747,0.403872,84615.450000,84608.610000
29848251,2026-10-01T22:51,84598.110000,0.232700,-0.194686,2026-10-01,264.000000,0.850192,0.796552,84612.190000,84598.100000
29848252,2026-10-01T22:52,84664.880000,-0.174400,0.592326,2026-10-01,245.000000,1.783407,0.828940,84673.690000,84598.100000
29848253,2026-10-01T22:53,84685.990000,-0.029400,0.657881,2026-10-01,50.000000,0.015760,0.078965,84686.000000,84667.270000
29848254,2026-10-01T22:54,84738.600000,-0.045500,-0.842067,2026-10-01,367.000000,1.037887,0.842784,84738.600000,84685.990000
29848255,2026-10-01T22:55,84735.450000,0.310300,0.617628,2026-10-01,276.000000,3.066158,0.781801,84758.480000,84733.610000
29848256,2026-10-01T22:56,84728.080000,-0.079500,0.586153,2026-10-01,270.000000,0.668710,0.518416,84747.190000,84721.000000
29848257,2026-10-01T22:57,84710.320000,0.014500,0.038624,2026-10-01,291.000000,1.419038,0.728994,84721.990000,84697.920000
29848258,2026-10-01T22:58,84722.040000,0.281700,0.457910,2026-10-01,283.000000,2.646829,0.835583,84728.220000,84708.610000
29848259,2026-10-01T22:59,84719.230000,0.156400,0.671166,2026-10-01,229.000000,1.099866,0.517516,84728.830000,84718.830000
29848260,2026-10-01T23:00,84653.210000,0.132000,0.035033,2026-10-01,299.000000,2.835611,0.507175,84719.230000,84652.770000
29848261,2026-10-01T23:01,84666.210000,0.466100,-0.008484,2026-10-01,313.000000,1.772539,0.644509,84676.880000,84644.820000
29848262,2026-10-01T23:02,84685.990000,0.575000,0.340584,2026-10-01,270.000000,0.994676,0.796142,84686.000000,84661.070000
29848263,2026-10-01T23:03,84717.210000,0.618100,0.592284,2026-10-01,233.000000,0.882514,0.329345,84717.960000,84685.990000
29848264,2026-10-01T23:04,84699.170000,-0.324400,-0.400342,2026-10-01,268.000000,1.322891,0.733453,84717.210000,84699.160000
29848265,2026-10-01T23:05,84659.790000,-0.079800,0.564873,2026-10-01,310.000000,0.904425,0.424226,84699.170000,84659.790000
29848266,2026-10-01T23:06,84675.890000,0.066400,-0.140636,2026-10-01,288.000000,1.043645,0.585349,84675.880000,84659.790000
29848267,2026-10-01T23:07,84664.960000,-0.123000,0.162850,2026-10-01,279.000000,1.060038,0.244935,84692.730000,84664.960000
29848268,2026-10-01T23:08,84660.140000,0.063600,-0.509163,2026-10-01,284.000000,0.950205,0.673967,84678.920000,84655.920000
29848269,2026-10-01T23:09,84661.980000,0.356300,0.348095,2026-10-01,284.000000,0.643808,0.626994,84671.210000,84655.660000
29848270,2026-10-01T23:10,84659.350000,0.250100,0.286948,2026-10-01,283.000000,0.953787,0.579617,84667.100000,84656.020000
29848271,2026-10-01T23:11,84657.710000,-0.174800,0.140711,2026-10-01,217.000000,0.530612,0.741423,84661.500000,84651.660000
29848272,2026-10-01T23:12,84646.140000,-0.063700,0.440926,2026-10-01,246.000000,0.563238,0.296994,84657.710000,84645.820000
29848273,2026-10-01T23:13,84641.320000,0.067000,-0.393299,2026-10-01,276.000000,0.445175,0.524236,84647.990000,84640.470000
29848274,2026-10-01T23:14,84639.040000,-0.263900,-0.128537,2026-10-01,275.000000,0.672172,0.213917,84641.310000,84635.380000
29848275,2026-10-01T23:15,84616.880000,-0.202500,-0.511548,2026-10-01,243.000000,1.648006,0.562983,84640.000000,84616.870000
29848276,2026-10-01T23:16,84647.990000,0.483800,0.130640,2026-10-01,221.000000,0.832484,0.919213,84647.990000,84616.870000
29848277,2026-10-01T23:17,84672.490000,0.296900,0.893844,2026-10-01,206.000000,0.886745,0.854104,84672.500000,84647.990000
29848278,2026-10-01T23:18,84717.420000,0.082800,-0.370721,2026-10-01,200.000000,1.394201,0.790137,84717.430000,84672.490000
29848279,2026-10-01T23:19,84743.550000,-0.309500,0.582873,2026-10-01,218.000000,3.333384,0.981697,84758.850000,84717.410000
29848280,2026-10-01T23:20,84716.390000,0.165800,0.963375,2026-10-01,319.000000,3.860278,0.592498,84759.990000,84707.030000
29848281,2026-10-01T23:21,84708.150000,-0.133600,0.184995,2026-10-01,235.000000,0.821659,0.166330,84716.390000,84701.090000
29848282,2026-10-01T23:22,84731.260000,0.355700,-0.667340,2026-10-01,263.000000,1.291679,0.464677,84731.820000,84708.150000
29848283,2026-10-01T23:23,84728.480000,0.528700,-0.070647,2026-10-01,263.000000,0.612437,0.289950,84731.260000,84726.780000
29848284,2026-10-01T23:24,84726.790000,-0.122900,-0.420111,2026-10-01,304.000000,1.404677,0.589091,84740.320000,84726.780000
29848285,2026-10-01T23:25,84728.170000,-0.003700,0.178191,2026-10-01,239.000000,0.593653,0.544699,84737.090000,84726.780000
29848286,2026-10-01T23:26,84729.620000,-0.098300,0.089397,2026-10-01,214.000000,1.346821,0.760348,84736.120000,84728.160000
29848287,2026-10-01T23:27,84745.610000,-0.105000,0.520696,2026-10-01,255.000000,0.470576,0.744020,84745.610000,84726.780000
29848288,2026-10-01T23:28,84739.670000,0.529500,0.474909,2026-10-01,287.000000,2.813125,0.062089,84745.600000,84715.670000
29848289,2026-10-01T23:29,84714.670000,0.534400,0.359663,2026-10-01,360.000000,9.747125,0.692700,84759.990000,84706.100000
29848290,2026-10-01T23:30,84689.460000,0.087700,-0.390814,2026-10-01,242.000000,0.894058,0.760682,84714.670000,84689.460000
29848291,2026-10-01T23:31,84728.080000,0.051500,0.595286,2026-10-01,277.000000,1.678142,0.614638,84728.070000,84675.480000
29848292,2026-10-01T23:32,84757.850000,0.008100,0.233688,2026-10-01,222.000000,0.431136,0.066092,84762.570000,84728.070000
29848293,2026-10-01T23:33,84778.290000,0.079500,-0.868014,2026-10-01,236.000000,0.865918,0.850751,84778.300000,84755.990000
29848294,2026-10-01T23:34,84785.430000,0.591700,0.699157,2026-10-01,242.000000,3.667377,0.895614,84791.200000,84769.870000
29848295,2026-10-01T23:35,84797.420000,0.395200,0.791799,2026-10-01,301.000000,5.687735,0.874923,84832.350000,84785.430000
29848296,2026-10-01T23:36,84796.140000,-0.537400,0.747656,2026-10-01,300.000000,3.581886,0.803128,84797.730000,84795.510000
29848297,2026-10-01T23:37,84762.550000,-0.415000,0.610111,2026-10-01,295.000000,2.787653,0.701499,84795.520000,84762.450000
29848298,2026-10-01T23:38,84795.510000,0.481700,0.401201,2026-10-01,371.000000,13.073746,0.975585,84795.520000,84762.450000
29848299,2026-10-01T23:39,84800.010000,0.205100,0.952399,2026-10-01,336.000000,3.175916,0.532285,84817.350000,84795.510000
29848300,2026-10-01T23:40,84784.900000,0.132400,-0.062648,2026-10-01,294.000000,1.119745,0.550208,84800.010000,84783.570000
29848301,2026-10-01T23:41,84773.540000,-0.047200,0.150905,2026-10-01,307.000000,0.391623,0.397662,84784.910000,84771.160000
29848302,2026-10-01T23:42,84805.140000,0.620000,-0.207892,2026-10-01,280.000000,1.593166,0.884346,84805.420000,84770.390000
29848303,2026-10-01T23:43,84828.010000,0.346300,0.768481,2026-10-01,242.000000,3.346890,0.913871,84829.980000,84805.130000
29848304,2026-10-01T23:44,84807.300000,0.147600,0.827742,2026-10-01,347.000000,1.852902,0.850825,84856.680000,84807.300000
29848305,2026-10-01T23:45,84766.150000,-0.121300,0.700620,2026-10-01,366.000000,3.474364,0.463598,84807.310000,84762.550000
29848306,2026-10-01T23:46,84766.640000,-0.098600,-0.072601,2026-10-01,230.000000,0.651263,0.854395,84782.810000,84762.550000
29848307,2026-10-01T23:47,84758.770000,-0.085200,0.709205,2026-10-01,301.000000,0.527125,0.632199,84766.640000,84757.610000
29848308,2026-10-01T23:48,84769.680000,0.292500,0.263788,2026-10-01,242.000000,1.486463,0.384553,84770.000000,84758.770000
29848309,2026-10-01T23:49,84815.670000,0.249200,-0.206978,2026-10-01,286.000000,2.887224,0.461899,84821.970000,84760.400000
29848310,2026-10-01T23:50,84808.450000,0.287400,-0.154763,2026-10-01,263.000000,0.676866,0.346909,84822.760000,84795.590000
29848311,2026-10-01T23:51,84821.110000,-0.738000,-0.216734,2026-10-01,273.000000,2.364674,0.881550,84830.000000,84780.680000
29848312,2026-10-01T23:52,84794.760000,0.453900,0.884604,2026-10-01,337.000000,0.839176,0.463463,84821.110000,84774.650000
29848313,2026-10-01T23:53,84829.900000,-0.648400,-0.078460,2026-10-01,236.000000,0.859782,0.838293,84830.000000,84794.760000
29848314,2026-10-01T23:54,84804.460000,0.014700,0.261100,2026-10-01,64.000000,0.538021,0.383169,84829.900000,84804.460000
29848315,2026-10-01T23:55,84821.290000,-0.580300,0.618902,2026-10-01,490.000000,3.185600,0.911398,84829.990000,84781.190000
29848316,2026-10-01T23:56,84829.990000,-0.498300,0.822796,2026-10-01,205.000000,0.524181,0.417286,84830.000000,84821.280000
29848317,2026-10-01T23:57,84829.990000,0.206100,-0.594874,2026-10-01,235.000000,6.402178,0.911107,84830.000000,84829.990000
29848318,2026-10-01T23:58,84861.730000,0.663900,0.996994,2026-10-01,425.000000,7.787751,0.622834,84875.000000,84829.990000
29848319,2026-10-01T23:59,84848.740000,0.294200,-0.290781,2026-10-01,327.000000,1.588120,0.391961,84882.010000,84842.260000
