minute_epoch,minute_utc,close,book_imb,ofi,day,trades,volume,buy_share,high,low
29825280,2026-09-16T00:00,75586.980000,0.088700,0.998587,2026-09-16,464,10.313914,0.602979,75603.900000,75558.010000
29825281,2026-09-16T00:01,75553.700000,-0.454700,0.192792,2026-09-16,290,1.019681,0.192203,75584.130000,75550.000000
29825282,2026-09-16T00:02,75590.760000,-0.260500,-0.619537,2026-09-16,396,2.104984,0.384227,75590.770000,75523.350000
29825283,2026-09-16T00:03,75640.010000,-0.360000,-0.227667,2026-09-16,344,2.206212,0.528303,75666.230000,75594.990000
29825284,2026-09-16T00:04,75694.260000,0.362300,0.051831,2026-09-16,352,1.504706,0.800843,75694.270000,75632.710000
29825285,2026-09-16T00:05,75709.460000,-0.148800,0.612418,2026-09-16,290,3.849605,0.837161,75735.000000,75670.560000
29825286,2026-09-16T00:06,75718.700000,-0.595300,0.674989,2026-09-16,288,4.662322,0.647536,75730.350000,75689.240000
29825287,2026-09-16T00:07,75694.990000,-0.219600,0.296069,2026-09-16,242,4.862092,0.103347,75730.810000,75669.270000
29825288,2026-09-16T00:08,75698.050000,-0.219300,-0.785038,2026-09-16,198,1.104538,0.281582,75720.600000,75695.000000
29825289,2026-09-16T00:09,75638.640000,-0.228100,-0.486641,2026-09-16,177,1.034910,0.222990,75707.120000,75638.640000
29825290,2026-09-16T00:10,75615.990000,-0.022500,-0.517422,2026-09-16,224,1.243464,0.693508,75655.050000,75613.390000
29825291,2026-09-16T00:11,75695.650000,0.254500,0.374459,2026-09-16,331,1.601370,0.506355,75698.730000,75616.000000
29825292,2026-09-16T00:12,75696.080000,-0.094300,0.009613,2026-09-16,426,6.861413,0.105432,75704.880000,75667.450000
29825293,2026-09-16T00:13,75653.180000,-0.257100,-0.790276,2026-09-16,343,1.902942,0.333728,75696.080000,75643.890000
29825294,2026-09-16T00:14,75639.460000,0.135200,-0.313532,2026-09-16,303,2.705182,0.285373,75668.500000,75639.460000
29825295,2026-09-16T00:15,75677.320000,0.092200,-0.396832,2026-09-16,387,2.757437,0.567947,75683.350000,75618.600000
29825296,2026-09-16T00:16,75726.010000,-0.200000,0.120648,2026-09-16,340,2.173374,0.767806,75731.000000,75665.850000
29825297,2026-09-16T00:17,75717.510000,-0.183500,0.525618,2026-09-16,307,0.638877,0.179273,75732.450000,75717.510000
29825298,2026-09-16T00:18,75735.400000,0.399500,-0.633334,2026-09-16,322,2.092429,0.334592,75737.000000,75709.510000
29825299,2026-09-16T00:19,75726.610000,0.439900,-0.330397,2026-09-16,311,0.769155,0.318811,75735.410000,75710.960000
29825300,2026-09-16T00:20,75701.890000,-0.003400,-0.329620,2026-09-16,474,5.204756,0.478362,75743.980000,75698.570000
29825301,2026-09-16T00:21,75694.380000,-0.072800,-0.043276,2026-09-16,366,1.266733,0.377327,75724.000000,75683.240000
29825302,2026-09-16T00:22,75685.670000,-0.268900,-0.264934,2026-09-16,470,9.493290,0.316329,75709.990000,75666.300000
29825303,2026-09-16T00:23,75755.670000,-0.339500,-0.367720,2026-09-16,300,1.884504,0.900767,75755.670000,75685.670000
29825304,2026-09-16T00:24,75763.170000,0.132400,0.751068,2026-09-16,322,0.819609,0.507003,75780.800000,75746.860000
29825305,2026-09-16T00:25,75772.330000,-0.288600,0.094099,2026-09-16,303,1.013773,0.499430,75773.920000,75747.640000
29825306,2026-09-16T00:26,75783.800000,-0.149100,-0.001139,2026-09-16,360,2.860181,0.581343,75793.060000,75772.320000
29825307,2026-09-16T00:27,75766.860000,-0.371700,0.163325,2026-09-16,326,1.207280,0.247729,75792.060000,75762.650000
29825308,2026-09-16T00:28,75755.920000,-0.392800,-0.496371,2026-09-16,373,4.011062,0.130822,75762.400000,75733.320000
29825309,2026-09-16T00:29,75793.990000,-0.342500,-0.744101,2026-09-16,367,1.492993,0.664525,75795.720000,75748.430000
29825310,2026-09-16T00:30,75795.230000,-0.085100,0.356543,2026-09-16,324,1.472151,0.354097,75808.500000,75778.040000
29825311,2026-09-16T00:31,75772.340000,-0.174800,-0.341954,2026-09-16,399,2.315078,0.282147,75795.500000,75771.320000
29825312,2026-09-16T00:32,75778.130000,0.019800,-0.406967,2026-09-16,412,2.516337,0.351351,75807.640000,75771.580000
29825313,2026-09-16T00:33,75771.680000,-0.022700,-0.297306,2026-09-16,365,1.804961,0.262565,75792.400000,75771.680000
29825314,2026-09-16T00:34,75754.860000,-0.430600,-0.458746,2026-09-16,359,1.724309,0.407024,75781.160000,75743.190000
29825315,2026-09-16T00:35,75759.040000,-0.279400,-0.203981,2026-09-16,401,2.038803,0.423854,75766.850000,75737.870000
29825316,2026-09-16T00:36,75772.740000,-0.270100,-0.148467,2026-09-16,328,1.205476,0.512267,75800.390000,75755.110000
29825317,2026-09-16T00:37,75796.450000,-0.186000,0.042909,2026-09-16,361,0.837384,0.382067,75802.070000,75768.770000
29825318,2026-09-16T00:38,75813.080000,-0.266200,-0.217637,2026-09-16,315,0.737981,0.375824,75820.000000,75793.270000
29825319,2026-09-16T00:39,75854.660000,-0.002200,-0.311808,2026-09-16,297,2.848548,0.859650,75860.780000,75811.240000
29825320,2026-09-16T00:40,75791.260000,-0.012100,0.674062,2026-09-16,411,3.853296,0.188730,75854.800000,75791.260000
29825321,2026-09-16T00:41,75787.120000,-0.253500,-0.446235,2026-09-16,417,2.499561,0.404626,75816.050000,75787.110000
29825322,2026-09-16T00:42,75729.540000,0.257000,-0.482374,2026-09-16,422,4.525881,0.088452,75787.120000,75725.720000
29825323,2026-09-16T00:43,75716.770000,0.108000,-0.824710,2026-09-16,421,3.646450,0.227299,75739.050000,75711.650000
29825324,2026-09-16T00:44,75743.790000,-0.098700,-0.461234,2026-09-16,461,6.602902,0.056811,75760.000000,75713.340000
29825325,2026-09-16T00:45,75719.790000,-0.048300,-0.929444,2026-09-16,460,3.980896,0.181515,75771.720000,75714.460000
29825326,2026-09-16T00:46,75701.290000,-0.025700,-0.647437,2026-09-16,413,4.476627,0.198833,75727.330000,75699.780000
29825327,2026-09-16T00:47,75749.170000,0.088700,-0.192123,2026-09-16,459,6.120426,0.500326,75754.260000,75701.290000
29825328,2026-09-16T00:48,75819.900000,-0.665100,-0.309936,2026-09-16,428,5.215946,0.704218,75837.600000,75729.410000
29825329,2026-09-16T00:49,75775.010000,-0.403100,0.385238,2026-09-16,355,1.928710,0.136600,75819.870000,75757.370000
29825330,2026-09-16T00:50,75744.400000,-0.470200,-0.717906,2026-09-16,389,2.020922,0.195818,75775.020000,75733.320000
29825331,2026-09-16T00:51,75725.620000,-0.287300,-0.610968,2026-09-16,339,1.234489,0.278204,75754.380000,75725.620000
29825332,2026-09-16T00:52,75713.010000,-0.278800,-0.481961,2026-09-16,422,4.889057,0.162594,75766.860000,75700.000000
29825333,2026-09-16T00:53,75695.740000,-0.345400,-0.660431,2026-09-16,376,1.835192,0.260387,75728.310000,75688.600000
29825334,2026-09-16T00:54,75678.620000,-0.298900,-0.500762,2026-09-16,365,1.840693,0.321765,75688.600000,75666.090000
29825335,2026-09-16T00:55,75712.520000,-0.386500,-0.356680,2026-09-16,385,0.964338,0.322123,75733.310000,75674.170000
29825336,2026-09-16T00:56,75700.010000,0.353200,-0.355268,2026-09-16,324,1.041701,0.466895,75728.640000,75700.000000
29825337,2026-09-16T00:57,75674.290000,-0.180700,0.035922,2026-09-16,385,1.303128,0.673294,75713.440000,75674.270000
29825338,2026-09-16T00:58,75730.540000,-0.412300,-0.393090,2026-09-16,462,8.959838,0.666483,75743.590000,75671.000000
29825339,2026-09-16T00:59,75712.210000,-0.449700,0.569051,2026-09-16,382,2.888647,0.472191,75758.820000,75710.910000
29825340,2026-09-16T01:00,75750.680000,-0.175500,-0.083292,2026-09-16,430,1.773503,0.265867,75772.350000,75706.160000
29825341,2026-09-16T01:01,75767.490000,0.058200,-0.458924,2026-09-16,390,1.651436,0.164225,75811.500000,75750.690000
29825342,2026-09-16T01:02,75722.150000,0.241400,-0.681383,2026-09-16,448,6.189573,0.096581,75789.220000,75722.140000
29825343,2026-09-16T01:03,75692.270000,-0.080600,-0.805703,2026-09-16,426,5.408623,0.514738,75747.920000,75688.710000
29825344,2026-09-16T01:04,75656.650000,-0.184600,0.029479,2026-09-16,491,3.692430,0.149316,75692.900000,75617.740000
29825345,2026-09-16T01:05,75665.480000,0.214000,-0.699076,2026-09-16,438,2.151639,0.216506,75686.600000,75640.810000
29825346,2026-09-16T01:06,75729.980000,-0.149400,-0.570563,2026-09-16,414,3.304617,0.089646,75733.250000,75666.790000
29825347,2026-09-16T01:07,75693.800000,-0.066700,-0.819736,2026-09-16,381,1.468571,0.311301,75737.550000,75688.600000
29825348,2026-09-16T01:08,75699.770000,0.146300,-0.353308,2026-09-16,423,4.035206,0.121971,75701.590000,75667.130000
29825349,2026-09-16T01:09,75696.980000,-0.469700,-0.766028,2026-09-16,388,2.710289,0.258738,75710.660000,75675.600000
29825350,2026-09-16T01:10,75744.490000,0.111800,-0.553613,2026-09-16,423,1.883651,0.454703,75744.500000,75670.860000
29825351,2026-09-16T01:11,75745.640000,-0.023900,0.164489,2026-09-16,326,1.628297,0.139518,75765.810000,75744.490000
29825352,2026-09-16T01:12,75688.600000,-0.341500,-0.727108,2026-09-16,475,3.914729,0.625488,75758.730000,75650.000000
29825353,2026-09-16T01:13,75676.300000,0.054900,0.265316,2026-09-16,425,4.434331,0.614254,75698.510000,75643.880000
29825354,2026-09-16T01:14,75724.960000,-0.414800,0.228508,2026-09-16,433,5.755677,0.676405,75759.840000,75676.300000
29825355,2026-09-16T01:15,75674.420000,-0.157000,0.351885,2026-09-16,375,2.873427,0.151129,75724.950000,75658.940000
29825356,2026-09-16T01:16,75718.860000,0.082000,-0.697781,2026-09-16,309,1.292390,0.565757,75722.510000,75673.990000
29825357,2026-09-16T01:17,75725.490000,-0.398600,0.131427,2026-09-16,355,1.491148,0.373756,75728.920000,75689.900000
29825358,2026-09-16T01:18,75731.660000,-0.547600,-0.265299,2026-09-16,286,1.193241,0.235721,75735.000000,75706.010000
29825359,2026-09-16T01:19,75744.730000,0.066600,-0.518056,2026-09-16,328,1.204973,0.253986,75750.000000,75735.990000
29825360,2026-09-16T01:20,75754.010000,-0.256100,-0.492299,2026-09-16,287,1.838498,0.109874,75754.030000,75733.130000
29825361,2026-09-16T01:21,75789.210000,0.205100,-0.779858,2026-09-16,381,2.241850,0.150998,75812.000000,75754.010000
29825362,2026-09-16T01:22,75794.050000,-0.005200,-0.762983,2026-09-16,467,5.421547,0.731055,75828.910000,75784.750000
29825363,2026-09-16T01:23,75827.110000,0.248200,0.649810,2026-09-16,350,3.895197,0.773311,75829.570000,75790.180000
29825364,2026-09-16T01:24,75876.010000,0.062900,0.546622,2026-09-16,380,2.266536,0.522689,75878.660000,75833.930000
29825365,2026-09-16T01:25,75883.490000,0.178500,-0.020402,2026-09-16,384,1.484420,0.461347,75901.020000,75876.000000
29825366,2026-09-16T01:26,75833.670000,-0.450500,0.030926,2026-09-16,336,0.491164,0.385222,75894.580000,75824.020000
29825367,2026-09-16T01:27,75818.680000,-0.430500,-0.206956,2026-09-16,293,0.254723,0.659461,75834.630000,75818.050000
29825368,2026-09-16T01:28,75867.480000,-0.209900,0.340760,2026-09-16,348,0.499802,0.489201,75867.470000,75818.680000
29825369,2026-09-16T01:29,75811.580000,-0.261700,-0.058961,2026-09-16,369,8.461951,0.012404,75867.470000,75811.580000
29825370,2026-09-16T01:30,75782.360000,-0.344200,-0.975193,2026-09-16,302,1.440668,0.229339,75811.580000,75780.990000
29825371,2026-09-16T01:31,75753.200000,-0.416200,-0.541224,2026-09-16,307,1.101571,0.269903,75792.330000,75753.180000
29825372,2026-09-16T01:32,75764.550000,-0.205900,-0.459813,2026-09-16,343,2.483713,0.849267,75773.970000,75733.980000
29825373,2026-09-16T01:33,75635.280000,-0.303800,0.572816,2026-09-16,502,10.257803,0.119150,75764.550000,75618.090000
29825374,2026-09-16T01:34,75630.580000,-0.591600,-0.757646,2026-09-16,343,1.639177,0.806024,75653.320000,75621.620000
29825375,2026-09-16T01:35,75627.740000,-0.408200,0.639134,2026-09-16,528,11.366447,0.922462,75653.780000,75590.490000
29825376,2026-09-16T01:36,75489.040000,-0.136000,0.841844,2026-09-16,511,8.270542,0.087197,75627.750000,75487.360000
29825377,2026-09-16T01:37,75529.070000,0.035900,-0.827780,2026-09-16,453,7.565760,0.180214,75574.520000,75490.510000
29825378,2026-09-16T01:38,75541.640000,0.127300,-0.639592,2026-09-16,407,4.162275,0.779097,75554.430000,75511.910000
29825379,2026-09-16T01:39,75490.510000,-0.140700,0.558359,2026-09-16,320,1.397167,0.136954,75552.410000,75490.500000
29825380,2026-09-16T01:40,75532.080000,-0.189900,-0.662308,2026-09-16,507,5.529007,0.133628,75537.910000,75471.220000
29825381,2026-09-16T01:41,75564.760000,0.013300,-0.760235,2026-09-16,369,1.810029,0.365593,75576.790000,75513.740000
29825382,2026-09-16T01:42,75580.010000,-0.383700,-0.156907,2026-09-16,344,0.692976,0.251310,75596.080000,75564.750000
29825383,2026-09-16T01:43,75597.480000,0.128300,-0.497325,2026-09-16,354,0.515717,0.485530,75605.330000,75568.470000
29825384,2026-09-16T01:44,75599.180000,0.218100,-0.030247,2026-09-16,326,0.634804,0.237394,75605.510000,75594.240000
29825385,2026-09-16T01:45,75621.540000,0.047000,-0.821431,2026-09-16,383,2.864860,0.461362,75650.380000,75589.270000
29825386,2026-09-16T01:46,75595.800000,-0.174900,0.459557,2026-09-16,329,1.536942,0.130361,75657.430000,75587.980000
29825387,2026-09-16T01:47,75550.320000,-0.180400,-0.732641,2026-09-16,410,13.110995,0.107197,75609.330000,75541.410000
29825388,2026-09-16T01:48,75535.980000,-0.422700,-0.784509,2026-09-16,341,0.544924,0.722395,75559.450000,75520.910000
29825389,2026-09-16T01:49,75521.700000,-0.535400,0.045477,2026-09-16,399,1.949393,0.141572,75549.930000,75509.790000
29825390,2026-09-16T01:50,75480.850000,-0.231800,-0.470788,2026-09-16,424,1.727597,0.660323,75521.110000,75453.830000
29825391,2026-09-16T01:51,75466.420000,0.107000,0.201646,2026-09-16,426,1.534436,0.518772,75480.850000,75453.420000
29825392,2026-09-16T01:52,75482.800000,-0.291100,0.069456,2026-09-16,379,0.756804,0.701570,75482.820000,75454.200000
29825393,2026-09-16T01:53,75456.080000,0.071500,0.372030,2026-09-16,311,0.715175,0.537351,75489.200000,75454.610000
29825394,2026-09-16T01:54,75419.980000,-0.342400,0.059124,2026-09-16,506,16.284384,0.146172,75456.280000,75394.310000
29825395,2026-09-16T01:55,75406.830000,0.363700,-0.699811,2026-09-16,382,2.414069,0.501697,75439.940000,75401.050000
29825396,2026-09-16T01:56,75404.790000,0.028600,0.038440,2026-09-16,343,0.649601,0.600287,75416.410000,75403.000000
29825397,2026-09-16T01:57,75418.790000,0.010200,-0.074606,2026-09-16,338,0.937062,0.319093,75422.970000,75404.280000
29825398,2026-09-16T01:58,75466.680000,0.033100,-0.317329,2026-09-16,374,4.649989,0.623255,75470.930000,75419.070000
29825399,2026-09-16T01:59,75434.600000,-0.215600,0.241346,2026-09-16,311,2.335016,0.250671,75466.680000,75434.580000
29825400,2026-09-16T02:00,75436.730000,-0.223100,-0.498659,2026-09-16,479,11.075636,0.426532,75500.000000,75420.870000
29825401,2026-09-16T02:01,75509.140000,-0.096300,-0.146918,2026-09-16,351,0.966798,0.825471,75509.140000,75433.830000
29825402,2026-09-16T02:02,75570.640000,-0.066200,0.650909,2026-09-16,315,1.655615,0.476646,75570.630000,75500.000000
29825403,2026-09-16T02:03,75557.680000,-0.592700,-0.044331,2026-09-16,307,1.749799,0.071785,75598.110000,75554.440000
29825404,2026-09-16T02:04,75565.610000,-0.131500,-0.858629,2026-09-16,379,1.790913,0.378588,75565.610000,75532.080000
29825405,2026-09-16T02:05,75588.180000,0.200100,-0.190926,2026-09-16,370,1.323581,0.398496,75596.020000,75551.010000
29825406,2026-09-16T02:06,75567.240000,-0.081400,-0.279436,2026-09-16,383,5.493195,0.135081,75596.030000,75550.000000
29825407,2026-09-16T02:07,75554.430000,-0.320700,-0.729855,2026-09-16,315,2.422290,0.157385,75567.250000,75521.680000
29825408,2026-09-16T02:08,75562.510000,0.237100,-0.685185,2026-09-16,240,0.394373,0.368202,75572.220000,75551.920000
29825409,2026-09-16T02:09,75564.700000,-0.202200,-0.264840,2026-09-16,274,0.722657,0.154650,75565.610000,75540.000000
29825410,2026-09-16T02:10,75582.900000,-0.379500,-0.690562,2026-09-16,312,1.614535,0.761281,75601.000000,75560.010000
29825411,2026-09-16T02:11,75526.360000,-0.442700,0.432439,2026-09-16,339,1.954582,0.288492,75582.900000,75520.900000
29825412,2026-09-16T02:12,75543.260000,-0.476600,-0.391272,2026-09-16,410,5.363494,0.838330,75543.260000,75495.150000
29825413,2026-09-16T02:13,75610.330000,-0.429400,0.672225,2026-09-16,400,2.171491,0.214047,75610.350000,75535.630000
29825414,2026-09-16T02:14,75595.420000,0.156900,-0.572231,2026-09-16,372,4.532687,0.464139,75610.340000,75569.030000
29825415,2026-09-16T02:15,75649.990000,-0.129700,-0.068459,2026-09-16,339,1.757440,0.308786,75655.060000,75586.610000
29825416,2026-09-16T02:16,75695.040000,0.026600,-0.382428,2026-09-16,344,2.127824,0.249271,75695.040000,75643.880000
29825417,2026-09-16T02:17,75741.330000,-0.078300,-0.502178,2026-09-16,486,9.118617,0.148588,75773.940000,75689.050000
29825418,2026-09-16T02:18,75706.800000,-0.295900,-0.699540,2026-09-16,334,2.459275,0.165390,75757.880000,75700.160000
29825419,2026-09-16T02:19,75762.080000,0.387300,-0.679084,2026-09-16,335,3.479828,0.328259,75775.910000,75706.800000
29825420,2026-09-16T02:20,75792.330000,0.348200,-0.344378,2026-09-16,298,0.895951,0.626054,75792.330000,75753.770000
29825421,2026-09-16T02:21,75769.380000,0.283000,0.253293,2026-09-16,309,2.755001,0.049477,75792.320000,75765.900000
29825422,2026-09-16T02:22,75764.950000,-0.518600,-0.894733,2026-09-16,230,0.324584,0.328298,75781.070000,75761.150000
29825423,2026-09-16T02:23,75753.110000,-0.175700,-0.382382,2026-09-16,272,4.152143,0.899156,75766.490000,75750.010000
29825424,2026-09-16T02:24,75782.290000,0.018500,0.798312,2026-09-16,252,0.927663,0.269430,75782.280000,75754.990000
29825425,2026-09-16T02:25,75801.480000,-0.332900,-0.461139,2026-09-16,277,0.885163,0.625552,75818.140000,75782.280000
29825426,2026-09-16T02:26,75811.550000,0.129500,0.251014,2026-09-16,298,1.484577,0.724687,75815.720000,75781.000000
29825427,2026-09-16T02:27,75828.120000,0.332200,0.449436,2026-09-16,290,2.229450,0.632493,75831.440000,75815.720000
29825428,2026-09-16T02:28,75865.330000,-0.032900,0.229071,2026-09-16,367,2.687400,0.595994,75873.040000,75816.900000
29825429,2026-09-16T02:29,75882.400000,-0.151500,0.221660,2026-09-16,237,0.982430,0.283685,75887.530000,75860.000000
29825430,2026-09-16T02:30,75928.450000,0.019100,-0.276726,2026-09-16,478,7.711979,0.778312,76000.000000,75867.480000
29825431,2026-09-16T02:31,75969.330000,0.350500,0.568254,2026-09-16,404,6.005220,0.404801,75987.090000,75921.840000
29825432,2026-09-16T02:32,75934.570000,0.012500,-0.252331,2026-09-16,332,1.321708,0.179661,75979.280000,75931.800000
29825433,2026-09-16T02:33,75896.050000,-0.252300,-0.679967,2026-09-16,406,2.409567,0.812447,75932.380000,75890.830000
29825434,2026-09-16T02:34,75964.610000,0.032700,0.585714,2026-09-16,325,1.891218,0.462508,75967.100000,75896.050000
29825435,2026-09-16T02:35,75997.890000,0.421000,-0.000734,2026-09-16,352,1.490925,0.481878,75998.130000,75964.840000
29825436,2026-09-16T02:36,75990.010000,0.143300,0.014253,2026-09-16,442,8.668043,0.293729,76054.530000,75986.520000
29825437,2026-09-16T02:37,75961.480000,0.085900,-0.439195,2026-09-16,391,4.227489,0.384735,75990.210000,75945.740000
29825438,2026-09-16T02:38,75987.790000,0.161200,-0.230575,2026-09-16,372,1.459014,0.232156,75987.790000,75960.780000
29825439,2026-09-16T02:39,75999.080000,0.345600,-0.537698,2026-09-16,354,3.810803,0.632010,76015.010000,75977.120000
29825440,2026-09-16T02:40,75956.960000,0.075100,0.266291,2026-09-16,411,1.241406,0.207396,76012.670000,75953.440000
29825441,2026-09-16T02:41,75971.170000,-0.127400,-0.585208,2026-09-16,437,4.866662,0.648742,76003.220000,75940.710000
29825442,2026-09-16T02:42,75926.710000,-0.021700,0.297484,2026-09-16,397,1.622345,0.136266,75977.200000,75926.710000
29825443,2026-09-16T02:43,75930.550000,-0.097900,-0.730995,2026-09-16,346,2.367282,0.616303,75954.430000,75923.380000
29825444,2026-09-16T02:44,75901.420000,0.060700,0.243784,2026-09-16,289,0.978218,0.147557,75931.840000,75901.180000
29825445,2026-09-16T02:45,75873.110000,0.142200,-0.705164,2026-09-16,335,1.768966,0.088594,75907.030000,75868.480000
29825446,2026-09-16T02:46,75901.010000,0.060300,-0.817288,2026-09-16,271,1.223395,0.218934,75901.020000,75869.400000
29825447,2026-09-16T02:47,75890.010000,0.009400,-0.568909,2026-09-16,224,0.860203,0.240221,75903.210000,75885.970000
29825448,2026-09-16T02:48,75890.230000,0.094400,-0.516150,2026-09-16,259,0.701432,0.091523,75899.400000,75888.490000
29825449,2026-09-16T02:49,75925.170000,-0.128500,-0.821811,2026-09-16,377,3.096460,0.478489,75941.970000,75888.040000
29825450,2026-09-16T02:50,75905.270000,-0.161700,-0.041637,2026-09-16,243,0.626755,0.318916,75934.580000,75898.090000
29825451,2026-09-16T02:51,75905.120000,-0.003000,-0.366570,2026-09-16,300,1.783328,0.628464,75928.230000,75902.820000
29825452,2026-09-16T02:52,75885.710000,-0.181000,0.259930,2026-09-16,348,1.666856,0.130963,75911.130000,75885.710000
29825453,2026-09-16T02:53,75897.260000,0.065300,-0.735907,2026-09-16,293,1.347897,0.131867,75897.580000,75874.480000
29825454,2026-09-16T02:54,75857.430000,-0.194600,-0.751179,2026-09-16,290,1.275763,0.118282,75897.250000,75852.950000
29825455,2026-09-16T02:55,75843.580000,-0.115600,-0.759836,2026-09-16,327,1.530697,0.289754,75863.590000,75838.570000
29825456,2026-09-16T02:56,75763.380000,-0.026200,-0.422905,2026-09-16,388,4.257821,0.460681,75858.440000,75754.000000
29825457,2026-09-16T02:57,75783.920000,-0.275600,-0.078025,2026-09-16,366,5.078679,0.564494,75787.920000,75744.790000
29825458,2026-09-16T02:58,75828.640000,0.060700,0.128570,2026-09-16,320,3.764497,0.793290,75838.680000,75783.920000
29825459,2026-09-16T02:59,75824.860000,-0.294900,0.586692,2026-09-16,268,1.935121,0.424807,75838.940000,75817.200000
29825460,2026-09-16T03:00,75844.740000,0.279900,-0.125619,2026-09-16,326,1.905757,0.326756,75860.140000,75812.330000
29825461,2026-09-16T03:01,75893.410000,0.088700,-0.332271,2026-09-16,313,1.248967,0.502123,75900.000000,75860.090000
29825462,2026-09-16T03:02,75899.050000,-0.355200,-0.049721,2026-09-16,385,1.360253,0.284883,75900.000000,75867.490000
29825463,2026-09-16T03:03,75886.110000,0.212300,-0.488876,2026-09-16,366,3.578808,0.141176,75901.010000,75830.640000
29825464,2026-09-16T03:04,75886.290000,-0.285800,-0.711418,2026-09-16,389,1.652626,0.381484,75930.940000,75864.920000
29825465,2026-09-16T03:05,75869.610000,-0.086900,-0.225317,2026-09-16,316,0.814380,0.575043,75886.280000,75868.310000
29825466,2026-09-16T03:06,75859.430000,-0.212700,0.271015,2026-09-16,295,0.807732,0.186585,75883.260000,75859.430000
29825467,2026-09-16T03:07,75805.100000,-0.195900,-0.681714,2026-09-16,355,0.991719,0.201388,75860.340000,75803.660000
29825468,2026-09-16T03:08,75795.290000,-0.144800,-0.597237,2026-09-16,247,1.453045,0.541300,75815.340000,75778.340000
29825469,2026-09-16T03:09,75781.350000,-0.408800,0.081640,2026-09-16,471,10.568446,0.710788,75802.920000,75760.000000
29825470,2026-09-16T03:10,75796.420000,-0.392000,0.423786,2026-09-16,394,2.702626,0.226340,75809.890000,75780.870000
29825471,2026-09-16T03:11,75845.610000,0.216800,-0.568750,2026-09-16,309,1.424055,0.264382,75849.770000,75796.410000
29825472,2026-09-16T03:12,75839.820000,0.160500,-0.448575,2026-09-16,387,1.128340,0.169073,75875.380000,75836.780000
29825473,2026-09-16T03:13,75884.990000,-0.092900,-0.714647,2026-09-16,230,0.972987,0.768772,75887.170000,75839.810000
29825474,2026-09-16T03:14,75890.290000,0.216900,0.537650,2026-09-16,255,0.319325,0.356460,75893.820000,75884.990000
29825475,2026-09-16T03:15,75932.210000,-0.185100,-0.252349,2026-09-16,348,0.889002,0.507897,75932.220000,75890.290000
29825476,2026-09-16T03:16,75963.300000,0.130400,0.012380,2026-09-16,382,1.983261,0.307034,75967.920000,75932.190000
29825477,2026-09-16T03:17,75987.100000,0.271200,-0.389985,2026-09-16,331,1.189357,0.646837,75987.090000,75954.060000
29825478,2026-09-16T03:18,75984.140000,0.171900,0.293675,2026-09-16,319,1.746776,0.574984,75997.210000,75975.000000
29825479,2026-09-16T03:19,75960.300000,0.515600,0.149968,2026-09-16,374,8.187620,0.071510,75995.890000,75937.740000
29825480,2026-09-16T03:20,75989.390000,-0.066600,-0.825603,2026-09-16,293,1.247553,0.415487,75990.450000,75960.300000
29825481,2026-09-16T03:21,76009.990000,0.694600,-0.317651,2026-09-16,424,2.270628,0.516072,76012.640000,75982.210000
29825482,2026-09-16T03:22,76003.490000,0.063000,0.031497,2026-09-16,332,1.128974,0.174812,76016.380000,75993.870000
29825483,2026-09-16T03:23,75990.640000,0.023300,-0.680018,2026-09-16,313,1.182401,0.262349,76012.700000,75990.470000
29825484,2026-09-16T03:24,75968.110000,0.088900,-0.488105,2026-09-16,309,0.873848,0.127915,75990.650000,75968.100000
29825485,2026-09-16T03:25,75934.570000,0.323400,-0.757503,2026-09-16,326,1.032973,0.737426,75968.110000,75934.560000
29825486,2026-09-16T03:26,75915.960000,-0.007400,0.613937,2026-09-16,337,1.280959,0.297052,75943.110000,75915.950000
29825487,2026-09-16T03:27,75867.540000,-0.125700,-0.447210,2026-09-16,303,1.090623,0.355139,75915.950000,75867.530000
29825488,2026-09-16T03:28,75841.920000,0.087700,-0.241717,2026-09-16,372,4.557381,0.863051,75880.010000,75840.020000
29825489,2026-09-16T03:29,75789.390000,-0.178300,0.723268,2026-09-16,355,3.477844,0.128666,75848.830000,75780.510000
29825490,2026-09-16T03:30,75766.860000,-0.221100,-0.746359,2026-09-16,414,3.852923,0.304335,75811.570000,75766.860000
29825491,2026-09-16T03:31,75802.510000,-0.077900,-0.378280,2026-09-16,459,6.319252,0.802706,75817.500000,75760.000000
29825492,2026-09-16T03:32,75845.110000,-0.122800,0.604956,2026-09-16,282,0.644277,0.291377,75845.110000,75802.500000
29825493,2026-09-16T03:33,75822.240000,-0.301200,-0.504502,2026-09-16,292,0.781502,0.238662,75846.630000,75822.230000
29825494,2026-09-16T03:34,75791.140000,-0.314400,-0.441609,2026-09-16,298,0.402108,0.269295,75822.240000,75791.140000
29825495,2026-09-16T03:35,75783.150000,-0.492600,-0.460461,2026-09-16,282,0.888959,0.612528,75791.150000,75783.150000
29825496,2026-09-16T03:36,75755.680000,-0.103500,0.227532,2026-09-16,347,1.061172,0.327693,75784.960000,75755.680000
29825497,2026-09-16T03:37,75725.300000,-0.108400,-0.346139,2026-09-16,315,2.256833,0.027048,75755.690000,75725.260000
29825498,2026-09-16T03:38,75736.790000,-0.163400,-0.901261,2026-09-16,271,1.381628,0.535300,75736.780000,75712.830000
29825499,2026-09-16T03:39,75744.510000,-0.313300,0.031594,2026-09-16,295,1.703961,0.654866,75771.230000,75736.780000
29825500,2026-09-16T03:40,75766.860000,-0.412200,0.310272,2026-09-16,263,1.017933,0.357760,75770.230000,75744.500000
29825501,2026-09-16T03:41,75749.510000,-0.335800,-0.302334,2026-09-16,296,1.156455,0.234544,75763.850000,75733.320000
29825502,2026-09-16T03:42,75719.260000,-0.309300,-0.519598,2026-09-16,419,2.592829,0.078263,75749.510000,75711.080000
29825503,2026-09-16T03:43,75740.970000,-0.212900,-0.848087,2026-09-16,284,0.905213,0.173591,75743.790000,75718.320000
29825504,2026-09-16T03:44,75730.110000,0.064100,-0.621837,2026-09-16,361,26.040505,0.005977,75748.230000,75730.110000
29825505,2026-09-16T03:45,75766.670000,-0.099400,-0.988048,2026-09-16,294,1.189928,0.326846,75777.000000,75730.110000
29825506,2026-09-16T03:46,75743.330000,-0.185400,-0.346477,2026-09-16,306,1.697067,0.215996,75766.160000,75733.320000
29825507,2026-09-16T03:47,75721.260000,-0.100600,-0.515653,2026-09-16,274,2.153450,0.256447,75750.100000,75709.050000
29825508,2026-09-16T03:48,75740.290000,0.282600,-0.528310,2026-09-16,273,1.024894,0.475481,75746.350000,75710.350000
29825509,2026-09-16T03:49,75736.780000,0.081500,-0.049039,2026-09-16,257,1.417638,0.058630,75744.010000,75730.390000
29825510,2026-09-16T03:50,75713.240000,-0.425200,-0.882740,2026-09-16,374,8.046896,0.060921,75737.390000,75707.840000
29825511,2026-09-16T03:51,75713.100000,-0.229400,-0.878010,2026-09-16,290,0.779469,0.690204,75725.450000,75711.940000
29825512,2026-09-16T03:52,75708.050000,-0.365100,0.378854,2026-09-16,351,2.837733,0.178430,75718.590000,75701.810000
29825513,2026-09-16T03:53,75708.050000,-0.403600,-0.643063,2026-09-16,344,1.715145,0.315294,75723.630000,75708.050000
29825514,2026-09-16T03:54,75698.420000,-0.062600,-0.369416,2026-09-16,289,0.840557,0.519750,75708.050000,75691.950000
29825515,2026-09-16T03:55,75729.260000,-0.405400,0.039500,2026-09-16,296,1.270805,0.538567,75729.260000,75698.410000
29825516,2026-09-16T03:56,75728.920000,0.139700,0.077140,2026-09-16,250,1.058768,0.286595,75733.320000,75716.120000
29825517,2026-09-16T03:57,75741.680000,-0.404400,-0.426822,2026-09-16,305,1.079101,0.361037,75744.490000,75728.920000
29825518,2026-09-16T03:58,75768.480000,-0.137000,-0.277925,2026-09-16,307,3.859339,0.574094,75771.540000,75740.870000
29825519,2026-09-16T03:59,75755.420000,0.231600,0.148188,2026-09-16,252,1.767094,0.650815,75780.290000,75752.180000
29825520,2026-09-16T04:00,75769.700000,0.057700,0.335622,2026-09-16,242,0.642772,0.487550,75769.690000,75755.410000
29825521,2026-09-16T04:01,75750.010000,0.474300,-0.180070,2026-09-16,308,3.297795,0.108456,75787.490000,75750.000000
29825522,2026-09-16T04:02,75790.010000,-0.130600,-0.782809,2026-09-16,268,1.604379,0.835634,75812.000000,75753.970000
29825523,2026-09-16T04:03,75824.990000,-0.036400,0.670979,2026-09-16,334,1.687369,0.890933,75833.930000,75790.000000
29825524,2026-09-16T04:04,75847.050000,0.268400,0.831121,2026-09-16,269,1.874211,0.356243,75860.310000,75824.990000
29825525,2026-09-16T04:05,75832.420000,-0.370900,-0.754693,2026-09-16,281,0.678475,0.743496,75851.140000,75814.840000
29825526,2026-09-16T04:06,75823.040000,-0.292900,0.467102,2026-09-16,300,2.275570,0.785851,75841.060000,75822.350000
29825527,2026-09-16T04:07,75814.890000,-0.103500,0.571999,2026-09-16,387,5.116280,0.178416,75833.920000,75807.590000
29825528,2026-09-16T04:08,75820.550000,-0.706900,-0.642628,2026-09-16,287,1.297060,0.870628,75837.360000,75814.890000
29825529,2026-09-16T04:09,75792.420000,-0.528600,0.741691,2026-09-16,282,2.296246,0.727648,75820.530000,75791.540000
29825530,2026-09-16T04:10,75820.420000,-0.245000,0.455297,2026-09-16,318,1.589715,0.531883,75835.370000,75784.860000
29825531,2026-09-16T04:11,75843.360000,0.245500,0.063765,2026-09-16,276,0.884795,0.642749,75844.000000,75818.950000
29825532,2026-09-16T04:12,75804.610000,0.000900,0.285498,2026-09-16,252,1.376701,0.182258,75843.360000,75802.540000
29825533,2026-09-16T04:13,75827.890000,-0.296000,-0.635485,2026-09-16,234,0.560229,0.879193,75827.910000,75804.600000
29825534,2026-09-16T04:14,75823.640000,-0.162000,0.758510,2026-09-16,243,0.375523,0.505634,75830.100000,75819.740000
29825535,2026-09-16T04:15,75800.400000,0.231600,-0.665005,2026-09-16,292,6.103003,0.826610,75823.640000,75800.400000
29825536,2026-09-16T04:16,75789.990000,-0.218300,0.888128,2026-09-16,271,1.780656,0.076157,75805.510000,75788.710000
29825537,2026-09-16T04:17,75805.050000,-0.433700,-0.846834,2026-09-16,244,0.889485,0.170585,75805.070000,75789.490000
29825538,2026-09-16T04:18,75794.230000,-0.332100,-0.660156,2026-09-16,214,0.520270,0.090996,75805.060000,75789.780000
29825539,2026-09-16T04:19,75772.300000,0.093800,-0.806670,2026-09-16,316,0.682696,0.120517,75795.860000,75772.300000
29825540,2026-09-16T04:20,75821.510000,-0.315600,-0.776339,2026-09-16,337,2.091089,0.565785,75824.350000,75772.300000
29825541,2026-09-16T04:21,75874.830000,-0.375500,0.147245,2026-09-16,370,5.654224,0.681312,75906.130000,75813.140000
29825542,2026-09-16T04:22,75902.420000,-0.143100,0.362624,2026-09-16,469,22.351547,0.951109,75913.600000,75842.950000
29825543,2026-09-16T04:23,75917.880000,0.156200,0.902220,2026-09-16,270,0.989256,0.654122,75934.530000,75902.410000
29825544,2026-09-16T04:24,75908.640000,0.035400,0.336125,2026-09-16,244,0.470386,0.185634,75925.040000,75908.630000
29825545,2026-09-16T04:25,75909.770000,-0.027100,-0.585187,2026-09-16,231,0.411537,0.631912,75910.860000,75901.020000
29825546,2026-09-16T04:26,75909.770000,-0.036700,0.213106,2026-09-16,255,1.175251,0.525568,75916.520000,75896.160000
29825547,2026-09-16T04:27,75878.670000,0.164200,0.092864,2026-09-16,327,4.273041,0.051284,75925.000000,75878.660000
29825548,2026-09-16T04:28,75831.710000,0.126900,-0.838471,2026-09-16,286,3.025668,0.253361,75887.310000,75817.000000
29825549,2026-09-16T04:29,75811.580000,-0.001600,-0.593949,2026-09-16,272,3.031331,0.215902,75850.000000,75811.580000
29825550,2026-09-16T04:30,75823.320000,-0.095600,-0.568196,2026-09-16,308,2.427551,0.940487,75833.900000,75803.870000
29825551,2026-09-16T04:31,75825.550000,-0.131000,0.880932,2026-09-16,260,0.892660,0.838997,75832.260000,75821.960000
29825552,2026-09-16T04:32,75808.870000,-0.123600,0.678097,2026-09-16,213,0.610199,0.680529,75832.270000,75805.730000
29825553,2026-09-16T04:33,75799.710000,-0.405600,0.361058,2026-09-16,264,1.692634,0.655362,75821.490000,75799.700000
29825554,2026-09-16T04:34,75858.700000,0.002900,0.306631,2026-09-16,359,5.429090,0.844687,75858.000000,75790.240000
29825555,2026-09-16T04:35,75875.290000,-0.424600,0.702570,2026-09-16,297,2.459484,0.540063,75888.170000,75852.990000
29825556,2026-09-16T04:36,75875.400000,-0.073300,-0.005975,2026-09-16,273,1.843536,0.263552,75877.140000,75843.610000
29825557,2026-09-16T04:37,75874.290000,-0.458800,-0.472897,2026-09-16,314,5.380038,0.165724,75875.410000,75846.070000
29825558,2026-09-16T04:38,75869.390000,-0.051200,-0.668560,2026-09-16,259,0.627670,0.327120,75889.810000,75861.600000
29825559,2026-09-16T04:39,75916.330000,-0.228800,-0.246655,2026-09-16,264,0.227314,0.775295,75923.380000,75869.930000
29825560,2026-09-16T04:40,75940.620000,-0.028700,0.424450,2026-09-16,241,0.655024,0.598823,75950.000000,75916.330000
29825561,2026-09-16T04:41,75955.960000,0.049500,0.197624,2026-09-16,241,0.456999,0.365388,75962.060000,75940.620000
29825562,2026-09-16T04:42,75961.640000,-0.123400,-0.269206,2026-09-16,230,0.462343,0.484325,75962.070000,75954.590000
29825563,2026-09-16T04:43,75890.210000,0.287900,-0.031631,2026-09-16,360,6.400466,0.064736,75961.640000,75889.810000
29825564,2026-09-16T04:44,75871.290000,-0.365500,-0.869794,2026-09-16,218,1.050348,0.946618,75890.240000,75867.670000
29825565,2026-09-16T04:45,75912.200000,0.218100,0.892982,2026-09-16,272,1.966605,0.864895,75912.200000,75871.280000
29825566,2026-09-16T04:46,75874.970000,-0.314300,0.689498,2026-09-16,249,1.743540,0.358238,75912.200000,75874.950000
29825567,2026-09-16T04:47,75865.320000,-0.396600,-0.264549,2026-09-16,245,1.093248,0.731986,75874.960000,75854.780000
29825568,2026-09-16T04:48,75847.140000,-0.325900,0.463973,2026-09-16,214,1.086787,0.580719,75865.320000,75847.140000
29825569,2026-09-16T04:49,75842.750000,-0.258300,0.161437,2026-09-16,233,0.544763,0.300994,75847.150000,75830.300000
29825570,2026-09-16T04:50,75810.180000,-0.271800,-0.027183,2026-09-16,283,1.106999,0.397066,75843.610000,75808.730000
29825571,2026-09-16T04:51,75790.990000,-0.433300,-0.575121,2026-09-16,351,5.499184,0.223786,75810.190000,75777.780000
29825572,2026-09-16T04:52,75765.670000,-0.305700,-0.552410,2026-09-16,287,1.725958,0.499410,75794.200000,75763.720000
29825573,2026-09-16T04:53,75764.330000,-0.204500,-0.001295,2026-09-16,297,1.493914,0.030105,75765.680000,75754.130000
29825574,2026-09-16T04:54,75773.300000,-0.434800,-0.939791,2026-09-16,362,4.453078,0.912967,75785.460000,75757.200000
29825575,2026-09-16T04:55,75764.170000,-0.293000,0.825943,2026-09-16,249,2.230427,0.331336,75773.700000,75745.580000
29825576,2026-09-16T04:56,75745.580000,0.052300,-0.337625,2026-09-16,298,3.148460,0.218572,75764.180000,75745.580000
29825577,2026-09-16T04:57,75774.940000,-0.546100,-0.562717,2026-09-16,283,4.684410,0.825351,75787.310000,75745.580000
29825578,2026-09-16T04:58,75822.130000,-0.257000,0.650702,2026-09-16,298,4.010287,0.332302,75821.510000,75760.810000
29825579,2026-09-16T04:59,75796.350000,0.017200,-0.335395,2026-09-16,264,0.529521,0.216197,75821.830000,75795.830000
29825580,2026-09-16T05:00,75805.110000,-0.441400,-0.327280,2026-09-16,219,0.314102,0.633489,75813.720000,75796.340000
29825581,2026-09-16T05:01,75753.670000,0.503300,-0.049033,2026-09-16,331,2.673805,0.229279,75805.110000,75751.700000
29825582,2026-09-16T05:02,75628.550000,-0.267300,-0.538358,2026-09-16,463,11.286822,0.216720,75755.350000,75623.640000
29825583,2026-09-16T05:03,75635.180000,-0.141600,-0.569897,2026-09-16,371,5.700286,0.527026,75644.990000,75616.950000
29825584,2026-09-16T05:04,75655.050000,-0.005300,0.067522,2026-09-16,391,2.931717,0.728240,75663.000000,75610.340000
29825585,2026-09-16T05:05,75639.070000,-0.021700,0.473569,2026-09-16,380,1.938201,0.464917,75688.500000,75632.700000
29825586,2026-09-16T05:06,75645.070000,0.073300,-0.125781,2026-09-16,383,2.092084,0.415304,75666.220000,75625.180000
29825587,2026-09-16T05:07,75661.510000,0.231300,-0.167564,2026-09-16,225,1.069487,0.767133,75671.310000,75643.960000
29825588,2026-09-16T05:08,75688.730000,-0.301000,0.533044,2026-09-16,217,0.327687,0.686180,75693.570000,75661.500000
29825589,2026-09-16T05:09,75727.110000,-0.140700,0.372360,2026-09-16,213,0.241552,0.906274,75727.120000,75688.690000
29825590,2026-09-16T05:10,75730.110000,-0.205100,0.812548,2026-09-16,258,0.626009,0.559698,75733.320000,75719.980000
29825591,2026-09-16T05:11,75740.010000,-0.315900,0.119396,2026-09-16,239,0.842729,0.124333,75755.670000,75726.090000
29825592,2026-09-16T05:12,75723.050000,-0.130100,-0.740735,2026-09-16,272,1.487764,0.858304,75749.280000,75722.140000
29825593,2026-09-16T05:13,75730.830000,-0.255800,0.701511,2026-09-16,257,0.762656,0.785858,75730.840000,75710.970000
29825594,2026-09-16T05:14,75739.920000,-0.097700,0.597420,2026-09-16,273,0.461963,0.225074,75744.490000,75730.830000
29825595,2026-09-16T05:15,75766.860000,-0.028700,-0.548926,2026-09-16,296,0.382365,0.545706,75766.860000,75739.910000
29825596,2026-09-16T05:16,75773.540000,-0.414700,0.093795,2026-09-16,296,0.886918,0.231438,75773.540000,75749.410000
29825597,2026-09-16T05:17,75781.680000,0.289700,-0.539349,2026-09-16,355,1.783743,0.669144,75788.920000,75772.080000
29825598,2026-09-16T05:18,75788.960000,-0.352800,0.338289,2026-09-16,410,8.962194,0.267550,75798.720000,75747.570000
29825599,2026-09-16T05:19,75810.740000,-0.512000,-0.465452,2026-09-16,278,0.806786,0.607750,75811.150000,75785.090000
29825600,2026-09-16T05:20,75789.550000,-0.390600,0.230009,2026-09-16,357,1.936451,0.565533,75811.040000,75785.850000
29825601,2026-09-16T05:21,75837.070000,-0.295700,0.130873,2026-09-16,333,1.475287,0.719935,75864.740000,75789.290000
29825602,2026-09-16T05:22,75794.340000,-0.110600,0.427107,2026-09-16,292,1.836594,0.270670,75853.530000,75777.320000
29825603,2026-09-16T05:23,75820.320000,-0.200700,-0.454742,2026-09-16,257,1.008056,0.752588,75822.080000,75782.730000
29825604,2026-09-16T05:24,75827.390000,-0.215200,0.505176,2026-09-16,276,0.416980,0.539880,75830.720000,75817.250000
29825605,2026-09-16T05:25,75840.180000,0.128100,-0.007502,2026-09-16,324,1.660816,0.641049,75845.540000,75812.460000
29825606,2026-09-16T05:26,75821.510000,-0.120700,0.311038,2026-09-16,311,4.173208,0.204907,75845.540000,75806.190000
29825607,2026-09-16T05:27,75817.620000,-0.070000,-0.590185,2026-09-16,258,0.935074,0.691180,75829.630000,75816.510000
29825608,2026-09-16T05:28,75801.580000,-0.168400,0.382359,2026-09-16,293,1.772900,0.845919,75829.730000,75787.780000
29825609,2026-09-16T05:29,75826.320000,-0.078200,0.680836,2026-09-16,295,1.133589,0.672114,75830.220000,75801.580000
29825610,2026-09-16T05:30,75796.340000,-0.385100,0.357913,2026-09-16,296,0.437865,0.578153,75836.280000,75784.490000
29825611,2026-09-16T05:31,75795.740000,-0.416400,0.158840,2026-09-16,263,0.658061,0.858920,75796.500000,75776.980000
29825612,2026-09-16T05:32,75786.490000,-0.312200,0.717274,2026-09-16,257,0.550098,0.292492,75796.480000,75770.430000
29825613,2026-09-16T05:33,75798.860000,-0.378600,-0.478221,2026-09-16,293,1.787874,0.311025,75806.880000,75778.390000
29825614,2026-09-16T05:34,75807.720000,-0.355300,-0.352147,2026-09-16,336,1.835128,0.305621,75833.090000,75789.220000
29825615,2026-09-16T05:35,75826.550000,-0.405900,-0.387739,2026-09-16,224,0.146940,0.885331,75826.560000,75800.510000
29825616,2026-09-16T05:36,75848.760000,-0.379600,0.768275,2026-09-16,337,2.897777,0.119525,75864.920000,75823.580000
29825617,2026-09-16T05:37,75833.350000,-0.154200,-0.762127,2026-09-16,294,2.220948,0.241775,75849.390000,75822.760000
29825618,2026-09-16T05:38,75863.830000,-0.301300,-0.516335,2026-09-16,212,0.607729,0.928976,75864.420000,75832.660000
29825619,2026-09-16T05:39,75856.950000,-0.275600,0.680301,2026-09-16,196,0.374204,0.451915,75863.840000,75854.740000
29825620,2026-09-16T05:40,75875.960000,-0.543900,0.092355,2026-09-16,255,0.638013,0.757577,75875.950000,75856.060000
29825621,2026-09-16T05:41,75867.140000,-0.354100,0.514850,2026-09-16,227,0.609285,0.555991,75877.470000,75860.570000
29825622,2026-09-16T05:42,75859.330000,-0.276700,0.112255,2026-09-16,298,0.603459,0.244618,75867.260000,75848.560000
29825623,2026-09-16T05:43,75895.200000,-0.287800,-0.555461,2026-09-16,340,4.503018,0.885433,75902.590000,75852.950000
29825624,2026-09-16T05:44,75899.990000,-0.216100,0.794709,2026-09-16,354,5.233133,0.690744,75940.240000,75894.750000
29825625,2026-09-16T05:45,75891.880000,-0.419500,0.381464,2026-09-16,292,1.098977,0.699963,75909.300000,75878.910000
29825626,2026-09-16T05:46,75899.990000,-0.483000,0.399925,2026-09-16,207,0.832890,0.757042,75900.000000,75890.140000
29825627,2026-09-16T05:47,75880.760000,0.095700,0.501297,2026-09-16,231,0.510571,0.146096,75900.000000,75880.010000
29825628,2026-09-16T05:48,75885.820000,-0.602400,-0.707516,2026-09-16,295,2.511743,0.350280,75896.850000,75875.050000
29825629,2026-09-16T05:49,75859.860000,0.105400,-0.297599,2026-09-16,311,4.073824,0.198329,75899.980000,75845.120000
29825630,2026-09-16T05:50,75869.400000,-0.097300,-0.603341,2026-09-16,290,1.209124,0.316153,75869.410000,75860.920000
29825631,2026-09-16T05:51,75870.890000,-0.360500,-0.350606,2026-09-16,217,0.454675,0.794277,75872.480000,75859.400000
29825632,2026-09-16T05:52,75827.910000,-0.092100,0.754103,2026-09-16,294,0.669892,0.349146,75870.890000,75826.490000
29825633,2026-09-16T05:53,75836.170000,-0.403600,-0.305063,2026-09-16,247,0.199191,0.827877,75837.180000,75827.320000
29825634,2026-09-16T05:54,75840.580000,-0.330400,0.655711,2026-09-16,177,0.180833,0.936349,75842.100000,75835.520000
29825635,2026-09-16T05:55,75828.640000,-0.347200,0.872697,2026-09-16,329,4.987270,0.732762,75861.780000,75828.630000
29825636,2026-09-16T05:56,75896.950000,-0.458200,0.473553,2026-09-16,317,5.323310,0.883205,75896.990000,75828.630000
29825637,2026-09-16T05:57,75885.830000,-0.367000,0.763043,2026-09-16,262,1.272566,0.225263,75899.990000,75878.890000
29825638,2026-09-16T05:58,75899.990000,-0.272600,-0.549705,2026-09-16,274,0.733125,0.899867,75899.980000,75872.060000
29825639,2026-09-16T05:59,75901.240000,-0.465000,0.778989,2026-09-16,374,2.084563,0.793689,75905.910000,75892.570000
29825640,2026-09-16T06:00,75960.860000,-0.456400,0.593915,2026-09-16,268,2.177468,0.973145,75960.870000,75901.920000
29825641,2026-09-16T06:01,75962.510000,-0.652200,0.943938,2026-09-16,249,1.014252,0.304858,75979.270000,75960.860000
29825642,2026-09-16T06:02,75956.290000,0.020000,-0.220410,2026-09-16,230,0.546667,0.733405,75965.280000,75945.740000
29825643,2026-09-16T06:03,75938.170000,-0.079300,0.283743,2026-09-16,275,0.445491,0.447274,75956.300000,75934.590000
29825644,2026-09-16T06:04,75919.240000,-0.287500,-0.104872,2026-09-16,433,11.363133,0.296827,75956.300000,75903.200000
29825645,2026-09-16T06:05,75929.740000,-0.527100,-0.406362,2026-09-16,260,1.499851,0.933799,75929.990000,75901.810000
29825646,2026-09-16T06:06,75934.550000,-0.282700,0.867598,2026-09-16,234,0.362507,0.719156,75934.550000,75914.870000
29825647,2026-09-16T06:07,75944.020000,-0.265900,0.438315,2026-09-16,244,1.060871,0.450312,75945.740000,75926.130000
29825648,2026-09-16T06:08,75948.610000,-0.104600,-0.099377,2026-09-16,205,0.931648,0.170953,75956.290000,75942.360000
29825649,2026-09-16T06:09,75946.460000,0.074700,-0.661610,2026-09-16,240,0.649096,0.276410,75955.450000,75934.330000
29825650,2026-09-16T06:10,75940.960000,-0.087000,-0.431893,2026-09-16,245,0.218997,0.758619,75947.990000,75940.010000
29825651,2026-09-16T06:11,75927.710000,0.134000,0.511038,2026-09-16,328,1.491305,0.315780,75946.290000,75903.200000
29825652,2026-09-16T06:12,75942.490000,-0.391800,-0.368727,2026-09-16,259,0.533778,0.591304,75943.270000,75927.700000
29825653,2026-09-16T06:13,75960.390000,-0.219400,0.182609,2026-09-16,316,1.793905,0.792881,75969.100000,75942.490000
29825654,2026-09-16T06:14,75926.990000,-0.033000,0.585909,2026-09-16,373,0.887916,0.411730,75968.080000,75926.390000
29825655,2026-09-16T06:15,75878.830000,0.038300,-0.177388,2026-09-16,319,0.775007,0.626115,75927.000000,75878.830000
29825656,2026-09-16T06:16,75923.380000,-0.322500,0.317579,2026-09-16,387,1.143653,0.978385,75923.370000,75878.830000
29825657,2026-09-16T06:17,75935.080000,-0.276100,0.953770,2026-09-16,327,0.623279,0.521461,75956.250000,75923.370000
29825658,2026-09-16T06:18,75944.570000,-0.541600,0.041153,2026-09-16,259,0.757065,0.769124,75946.070000,75924.770000
29825659,2026-09-16T06:19,75944.570000,-0.381300,0.540099,2026-09-16,311,1.649660,0.279160,75944.570000,75912.120000
29825660,2026-09-16T06:20,75956.920000,-0.396500,-0.441630,2026-09-16,276,1.476991,0.251618,75957.270000,75936.960000
29825661,2026-09-16T06:21,75908.860000,-0.225500,-0.496923,2026-09-16,334,2.296763,0.059801,75956.910000,75904.350000
29825662,2026-09-16T06:22,75893.450000,-0.737900,-0.880379,2026-09-16,282,0.635143,0.300395,75908.860000,75881.440000
29825663,2026-09-16T06:23,75879.990000,-0.616700,-0.399113,2026-09-16,227,0.501416,0.678031,75893.450000,75871.680000
29825664,2026-09-16T06:24,75845.120000,-0.550800,0.356062,2026-09-16,370,0.985821,0.422470,75879.980000,75843.430000
29825665,2026-09-16T06:25,75842.390000,-0.316500,-0.155060,2026-09-16,285,1.275035,0.300838,75843.440000,75829.970000
29825666,2026-09-16T06:26,75849.800000,-0.395800,-0.398384,2026-09-16,268,0.600459,0.215771,75850.010000,75836.360000
29825667,2026-09-16T06:27,75833.650000,-0.252900,-0.568366,2026-09-16,263,0.575222,0.664981,75849.800000,75833.650000
29825668,2026-09-16T06:28,75845.960000,-0.364800,0.364611,2026-09-16,209,0.209406,0.950171,75847.590000,75833.650000
29825669,2026-09-16T06:29,75857.600000,-0.353100,0.853377,2026-09-16,269,0.820879,0.904332,75857.600000,75833.650000
29825670,2026-09-16T06:30,75848.140000,-0.127200,0.729778,2026-09-16,223,1.293775,0.590646,75857.590000,75846.740000
29825671,2026-09-16T06:31,75833.950000,-0.446700,0.219192,2026-09-16,295,3.534882,0.481865,75867.480000,75833.940000
29825672,2026-09-16T06:32,75839.380000,-0.057500,-0.036258,2026-09-16,216,1.147943,0.943510,75849.280000,75833.940000
29825673,2026-09-16T06:33,75867.480000,-0.279700,0.892293,2026-09-16,283,0.416848,0.919493,75878.660000,75839.380000
29825674,2026-09-16T06:34,75861.820000,0.181600,0.813944,2026-09-16,334,4.460495,0.376372,75884.820000,75844.610000
29825675,2026-09-16T06:35,75824.110000,-0.217200,-0.258345,2026-09-16,262,0.597273,0.181941,75860.270000,75823.110000
29825676,2026-09-16T06:36,75827.380000,-0.589300,-0.442913,2026-09-16,284,1.574478,0.512376,75836.060000,75814.940000
29825677,2026-09-16T06:37,75792.150000,0.022200,-0.010130,2026-09-16,323,1.570296,0.064593,75826.000000,75786.310000
29825678,2026-09-16T06:38,75762.000000,0.006500,-0.870652,2026-09-16,332,1.316185,0.551556,75795.610000,75760.660000
29825679,2026-09-16T06:39,75789.210000,-0.173000,0.064236,2026-09-16,271,1.026160,0.207803,75789.220000,75749.560000
29825680,2026-09-16T06:40,75821.480000,-0.131100,-0.490304,2026-09-16,298,1.284508,0.495544,75822.330000,75789.210000
29825681,2026-09-16T06:41,75816.710000,0.411100,-0.047745,2026-09-16,236,0.195025,0.149952,75822.300000,75814.300000
29825682,2026-09-16T06:42,75829.540000,-0.137100,-0.700341,2026-09-16,313,0.956821,0.429959,75829.550000,75811.260000
29825683,2026-09-16T06:43,75820.640000,0.388200,-0.140064,2026-09-16,247,2.393818,0.160550,75829.550000,75811.060000
29825684,2026-09-16T06:44,75864.540000,-0.060500,-0.678901,2026-09-16,250,1.239240,0.853104,75875.950000,75819.990000
29825685,2026-09-16T06:45,75875.950000,-0.244300,0.706208,2026-09-16,220,0.564689,0.635392,75875.950000,75857.750000
29825686,2026-09-16T06:46,75870.680000,-0.036700,0.270784,2026-09-16,195,0.267212,0.137273,75875.950000,75870.680000
29825687,2026-09-16T06:47,75945.740000,-0.304800,-0.725454,2026-09-16,277,0.906633,0.851685,75945.740000,75870.680000
29825688,2026-09-16T06:48,75936.070000,0.129400,0.740151,2026-09-16,321,1.003209,0.620135,75945.740000,75909.400000
29825689,2026-09-16T06:49,75903.210000,-0.201600,0.128836,2026-09-16,258,1.795154,0.153498,75945.730000,75903.200000
29825690,2026-09-16T06:50,75878.080000,-0.191500,-0.663522,2026-09-16,335,1.233313,0.673006,75907.480000,75872.790000
29825691,2026-09-16T06:51,75871.830000,-0.198700,0.330823,2026-09-16,350,3.540061,0.418442,75893.320000,75867.480000
29825692,2026-09-16T06:52,75867.490000,-0.263400,-0.164344,2026-09-16,250,1.358234,0.620375,75886.070000,75867.480000
29825693,2026-09-16T06:53,75877.170000,-0.261100,0.240346,2026-09-16,256,1.070652,0.697747,75879.470000,75865.920000
29825694,2026-09-16T06:54,75869.020000,0.039000,0.395468,2026-09-16,248,0.892109,0.011760,75877.170000,75865.100000
29825695,2026-09-16T06:55,75883.770000,-0.045300,-0.980195,2026-09-16,295,1.159689,0.455357,75882.150000,75853.220000
29825696,2026-09-16T06:56,75893.200000,-0.422100,0.064271,2026-09-16,210,0.472604,0.444191,75899.300000,75878.450000
29825697,2026-09-16T06:57,75867.490000,-0.426400,-0.111616,2026-09-16,337,1.170413,0.538029,75893.190000,75866.670000
29825698,2026-09-16T06:58,75895.930000,-0.282200,0.076058,2026-09-16,250,5.152282,0.948074,75906.170000,75871.530000
29825699,2026-09-16T06:59,75969.010000,-0.321100,0.896148,2026-09-16,282,1.641130,0.316044,75969.000000,75895.920000
29825700,2026-09-16T07:00,75957.080000,-0.310500,-0.255116,2026-09-16,338,1.238510,0.463854,75969.010000,75924.350000
29825701,2026-09-16T07:01,75963.200000,-0.180400,-0.217261,2026-09-16,304,2.950429,0.311682,75979.270000,75947.310000
29825702,2026-09-16T07:02,75989.520000,-0.656900,-0.376636,2026-09-16,271,1.221181,0.978959,75989.520000,75951.810000
29825703,2026-09-16T07:03,75990.460000,-0.319400,0.957931,2026-09-16,310,8.491892,0.055919,76000.000000,75955.110000
29825704,2026-09-16T07:04,76008.640000,-0.170000,-0.888247,2026-09-16,494,17.578880,0.442965,76040.000000,75970.770000
29825705,2026-09-16T07:05,76004.610000,-0.177900,-0.114071,2026-09-16,322,3.795961,0.175069,76028.420000,75979.280000
29825706,2026-09-16T07:06,75948.240000,-0.330700,-0.651188,2026-09-16,311,1.307980,0.545548,75997.930000,75937.030000
29825707,2026-09-16T07:07,75965.240000,-0.122300,0.104473,2026-09-16,258,2.568541,0.890979,75971.240000,75948.240000
29825708,2026-09-16T07:08,75939.740000,-0.176100,0.780005,2026-09-16,240,0.900122,0.122917,75965.250000,75934.560000
29825709,2026-09-16T07:09,75874.600000,0.172400,-0.754074,2026-09-16,291,3.779902,0.039463,75939.740000,75865.380000
29825710,2026-09-16T07:10,75802.510000,-0.257500,-0.914488,2026-09-16,454,5.038357,0.647887,75874.590000,75778.040000
29825711,2026-09-16T07:11,75774.290000,0.073700,0.064060,2026-09-16,391,9.016340,0.030800,75802.510000,75753.220000
29825712,2026-09-16T07:12,75754.390000,-0.317300,-0.924982,2026-09-16,374,4.589900,0.078853,75774.290000,75738.400000
29825713,2026-09-16T07:13,75758.250000,-0.272700,-0.847615,2026-09-16,312,1.592141,0.725072,75760.990000,75749.050000
29825714,2026-09-16T07:14,75810.210000,0.039600,0.631048,2026-09-16,333,4.641075,0.908566,75811.580000,75749.060000
29825715,2026-09-16T07:15,75846.010000,-0.089600,0.779825,2026-09-16,253,0.897224,0.448143,75855.190000,75811.450000
29825716,2026-09-16T07:16,75845.110000,-0.198300,-0.103840,2026-09-16,308,6.014495,0.178689,75865.530000,75803.200000
29825717,2026-09-16T07:17,75837.980000,0.046800,-0.611600,2026-09-16,293,1.366215,0.197545,75862.330000,75833.940000
29825718,2026-09-16T07:18,75795.270000,-0.268900,-0.753513,2026-09-16,237,0.331914,0.472482,75837.980000,75790.350000
29825719,2026-09-16T07:19,75749.740000,0.043600,-0.053877,2026-09-16,254,1.629787,0.030233,75795.280000,75737.080000
29825720,2026-09-16T07:20,75756.790000,-0.277600,-0.940046,2026-09-16,252,0.765735,0.469038,75766.860000,75744.140000
29825721,2026-09-16T07:21,75753.960000,-0.322500,-0.061888,2026-09-16,267,1.892266,0.611236,75778.040000,75750.910000
29825722,2026-09-16T07:22,75747.010000,-0.197300,0.222472,2026-09-16,259,0.650268,0.765319,75753.970000,75745.280000
29825723,2026-09-16T07:23,75741.860000,-0.485100,0.530636,2026-09-16,270,0.786492,0.657935,75755.550000,75740.450000
29825724,2026-09-16T07:24,75762.920000,-0.134200,0.316844,2026-09-16,352,6.099348,0.755313,75774.910000,75741.860000
29825725,2026-09-16T07:25,75778.040000,-0.149400,0.510536,2026-09-16,264,1.285869,0.236940,75807.020000,75760.790000
29825726,2026-09-16T07:26,75791.490000,-0.427000,-0.526119,2026-09-16,229,1.036528,0.133744,75800.400000,75770.620000
29825727,2026-09-16T07:27,75772.540000,-0.414700,-0.748440,2026-09-16,280,3.242919,0.283175,75791.490000,75762.030000
29825728,2026-09-16T07:28,75743.680000,-0.432000,-0.421951,2026-09-16,287,1.295856,0.566782,75781.560000,75734.380000
29825729,2026-09-16T07:29,75753.800000,-0.424900,0.133574,2026-09-16,263,0.338316,0.723933,75758.430000,75741.920000
29825730,2026-09-16T07:30,75735.460000,-0.269200,0.588934,2026-09-16,255,0.758927,0.643445,75766.850000,75734.010000
29825731,2026-09-16T07:31,75722.140000,-0.275200,-0.199981,2026-09-16,386,4.303264,0.154188,75766.860000,75688.460000
29825732,2026-09-16T07:32,75776.390000,-0.164800,-0.691037,2026-09-16,301,1.178637,0.632611,75776.520000,75731.810000
29825733,2026-09-16T07:33,75753.550000,-0.300100,0.267264,2026-09-16,279,1.983332,0.708758,75776.520000,75740.290000
29825734,2026-09-16T07:34,75751.070000,-0.359600,0.415952,2026-09-16,212,0.223421,0.194059,75753.560000,75740.300000
29825735,2026-09-16T07:35,75750.170000,-0.255800,-0.493935,2026-09-16,292,1.575220,0.387291,75765.820000,75735.520000
29825736,2026-09-16T07:36,75765.520000,-0.076800,-0.355267,2026-09-16,259,1.644690,0.346819,75765.530000,75745.100000
29825737,2026-09-16T07:37,75761.040000,0.082200,-0.164241,2026-09-16,261,1.107110,0.256247,75778.040000,75752.710000
29825738,2026-09-16T07:38,75775.010000,0.129600,-0.232417,2026-09-16,247,0.822427,0.522597,75788.990000,75761.040000
29825739,2026-09-16T07:39,75809.990000,-0.193200,-0.349838,2026-09-16,261,0.572630,0.760086,75810.000000,75756.080000
29825740,2026-09-16T07:40,75823.930000,-0.362600,0.587219,2026-09-16,219,0.316753,0.253768,75825.000000,75818.060000
29825741,2026-09-16T07:41,75823.460000,0.025800,-0.510306,2026-09-16,275,2.727627,0.108492,75840.090000,75797.650000
29825742,2026-09-16T07:42,75819.620000,-0.483200,-0.783016,2026-09-16,219,0.784570,0.263859,75836.710000,75817.510000
29825743,2026-09-16T07:43,75743.610000,-0.200600,-0.472283,2026-09-16,301,1.029083,0.209152,75819.630000,75743.600000
29825744,2026-09-16T07:44,75750.520000,-0.595400,-0.581696,2026-09-16,339,2.368338,0.418774,75757.670000,75709.410000
29825745,2026-09-16T07:45,75768.570000,-0.404000,-0.162453,2026-09-16,255,0.805341,0.784927,75768.560000,75729.210000
29825746,2026-09-16T07:46,75799.400000,-0.472500,0.569854,2026-09-16,216,0.483257,0.249058,75799.400000,75760.810000
29825747,2026-09-16T07:47,75823.580000,-0.228800,-0.501884,2026-09-16,317,0.749923,0.586813,75826.100000,75795.010000
29825748,2026-09-16T07:48,75785.400000,-0.402200,0.173626,2026-09-16,289,1.860233,0.251889,75823.580000,75785.400000
29825749,2026-09-16T07:49,75802.920000,0.249600,-0.523290,2026-09-16,344,7.672430,0.780153,75802.910000,75739.460000
29825750,2026-09-16T07:50,75759.170000,-0.270400,0.582088,2026-09-16,389,14.547087,0.731921,75802.910000,75753.610000
29825751,2026-09-16T07:51,75739.480000,-0.244500,0.463642,2026-09-16,228,0.839082,0.626156,75753.600000,75726.280000
29825752,2026-09-16T07:52,75724.330000,-0.386600,0.255304,2026-09-16,245,0.447160,0.582652,75743.210000,75723.310000
29825753,2026-09-16T07:53,75738.740000,-0.045700,0.165304,2026-09-16,271,1.525078,0.824368,75752.410000,75724.320000
29825754,2026-09-16T07:54,75728.740000,-0.246800,0.648601,2026-09-16,268,0.890057,0.789773,75738.740000,75722.410000
29825755,2026-09-16T07:55,75730.210000,-0.342300,0.592921,2026-09-16,233,0.598862,0.725981,75744.090000,75729.230000
29825756,2026-09-16T07:56,75665.670000,-0.267000,0.424325,2026-09-16,391,5.126362,0.286704,75735.620000,75655.840000
29825757,2026-09-16T07:57,75699.540000,-0.230400,-0.426218,2026-09-16,269,0.990303,0.987425,75699.540000,75664.450000
29825758,2026-09-16T07:58,75703.140000,-0.201900,0.974812,2026-09-16,190,0.180142,0.729390,75711.240000,75687.170000
29825759,2026-09-16T07:59,75695.020000,-0.271600,0.458793,2026-09-16,283,1.852704,0.371329,75711.240000,75690.460000
29825760,2026-09-16T08:00,75660.010000,-0.033800,-0.299427,2026-09-16,271,1.900385,0.293068,75690.460000,75655.140000
29825761,2026-09-16T08:01,75662.960000,-0.114100,-0.377724,2026-09-16,260,0.111402,0.281055,75662.960000,75660.010000
29825762,2026-09-16T08:02,75643.860000,-0.255600,-0.434187,2026-09-16,325,2.110518,0.213242,75670.760000,75633.050000
29825763,2026-09-16T08:03,75630.960000,-0.167000,-0.573044,2026-09-16,343,3.250883,0.294350,75643.860000,75609.000000
29825764,2026-09-16T08:04,75599.150000,-0.270700,-0.417186,2026-09-16,390,2.502373,0.175418,75630.960000,75590.200000
29825765,2026-09-16T08:05,75578.900000,-0.249300,-0.644818,2026-09-16,348,3.136598,0.137897,75599.150000,75564.640000
29825766,2026-09-16T08:06,75555.990000,-0.284900,-0.799099,2026-09-16,566,10.933657,0.295948,75578.900000,75478.910000
29825767,2026-09-16T08:07,75484.550000,-0.133500,-0.352561,2026-09-16,379,7.006404,0.409182,75555.860000,75473.510000
29825768,2026-09-16T08:08,75450.980000,-0.374700,-0.061748,2026-09-16,440,6.586960,0.202149,75485.710000,75431.370000
29825769,2026-09-16T08:09,75457.760000,-0.218600,-0.597724,2026-09-16,576,11.237793,0.352592,75483.190000,75368.650000
29825770,2026-09-16T08:10,75470.930000,0.044700,-0.292487,2026-09-16,361,4.227208,0.390116,75500.020000,75446.440000
29825771,2026-09-16T08:11,75475.210000,0.216600,-0.132656,2026-09-16,284,0.921475,0.742547,75492.840000,75470.930000
29825772,2026-09-16T08:12,75514.390000,-0.031900,0.415503,2026-09-16,320,1.810576,0.276635,75514.400000,75475.200000
29825773,2026-09-16T08:13,75469.460000,-0.102100,-0.640390,2026-09-16,478,10.238865,0.202364,75527.980000,75463.130000
29825774,2026-09-16T08:14,75457.210000,-0.437900,-0.595864,2026-09-16,315,1.560369,0.372884,75469.460000,75420.800000
29825775,2026-09-16T08:15,75513.330000,-0.324000,-0.470843,2026-09-16,346,1.514529,0.438518,75513.320000,75418.510000
29825776,2026-09-16T08:16,75529.510000,-0.089000,0.513271,2026-09-16,327,1.874569,0.698652,75535.190000,75505.330000
29825777,2026-09-16T08:17,75519.360000,-0.053200,0.398669,2026-09-16,431,9.353202,0.214605,75561.890000,75493.600000
29825778,2026-09-16T08:18,75446.850000,-0.647300,-0.578571,2026-09-16,366,2.157520,0.331281,75520.570000,75435.110000
29825779,2026-09-16T08:19,75441.260000,-0.187200,-0.276480,2026-09-16,528,6.705592,0.630236,75479.950000,75389.600000
29825780,2026-09-16T08:20,75434.420000,-0.057800,0.150032,2026-09-16,371,2.750707,0.408751,75483.200000,75414.680000
29825781,2026-09-16T08:21,75485.270000,-0.050400,0.078139,2026-09-16,320,1.383583,0.278737,75521.420000,75420.800000
29825782,2026-09-16T08:22,75514.610000,0.192100,-0.473671,2026-09-16,336,1.782768,0.271704,75520.030000,75462.400000
29825783,2026-09-16T08:23,75387.480000,0.049300,-0.456928,2026-09-16,421,5.256658,0.165011,75514.610000,75383.050000
29825784,2026-09-16T08:24,75363.990000,0.080500,-0.640497,2026-09-16,411,3.400090,0.262729,75393.100000,75325.000000
29825785,2026-09-16T08:25,75369.460000,-0.329500,-0.520923,2026-09-16,611,12.520316,0.712854,75376.260000,75301.690000
29825786,2026-09-16T08:26,75310.430000,-0.041000,0.417466,2026-09-16,447,8.689754,0.157279,75373.670000,75271.810000
29825787,2026-09-16T08:27,75364.740000,-0.337100,-0.680551,2026-09-16,345,2.594859,0.453126,75368.780000,75310.430000
29825788,2026-09-16T08:28,75377.770000,-0.255900,-0.096293,2026-09-16,279,1.274085,0.744674,75385.000000,75337.600000
29825789,2026-09-16T08:29,75361.710000,0.175200,0.490228,2026-09-16,330,3.555916,0.153524,75386.480000,75343.350000
29825790,2026-09-16T08:30,75420.790000,-0.266100,-0.689222,2026-09-16,311,0.942927,0.898675,75420.790000,75358.400000
29825791,2026-09-16T08:31,75447.580000,-0.620800,0.556859,2026-09-16,296,2.177211,0.865543,75447.590000,75400.000000
29825792,2026-09-16T08:32,75431.210000,-0.205100,0.852996,2026-09-16,324,1.668087,0.355185,75452.990000,75418.410000
29825793,2026-09-16T08:33,75389.610000,-0.451100,-0.289630,2026-09-16,307,1.179735,0.636578,75437.950000,75389.600000
29825794,2026-09-16T08:34,75420.960000,-0.224000,0.273157,2026-09-16,277,0.566705,0.474471,75425.510000,75385.000000
29825795,2026-09-16T08:35,75441.580000,-0.243400,-0.051057,2026-09-16,258,2.451019,0.554189,75441.590000,75410.390000
29825796,2026-09-16T08:36,75461.790000,0.117700,0.108317,2026-09-16,216,0.262216,0.475375,75461.800000,75434.540000
29825797,2026-09-16T08:37,75473.920000,-0.122100,-0.681785,2026-09-16,282,0.947768,0.295462,75479.940000,75443.690000
29825798,2026-09-16T08:38,75482.680000,-0.152000,0.315593,2026-09-16,203,0.166385,0.328273,75482.690000,75470.990000
29825799,2026-09-16T08:39,75475.330000,-0.496500,-0.354652,2026-09-16,212,0.570343,0.629021,75482.690000,75472.230000
29825800,2026-09-16T08:40,75456.360000,0.119200,0.258041,2026-09-16,277,2.111915,0.112147,75489.980000,75455.870000
29825801,2026-09-16T08:41,75465.040000,-0.241100,-0.750437,2026-09-16,219,0.591492,0.976611,75465.530000,75456.360000
29825802,2026-09-16T08:42,75460.860000,0.292000,0.950683,2026-09-16,226,0.204696,0.776572,75465.720000,75455.970000
29825803,2026-09-16T08:43,75489.980000,0.191600,0.553776,2026-09-16,292,0.888880,0.523599,75511.730000,75458.170000
29825804,2026-09-16T08:44,75487.240000,-0.089900,0.046862,2026-09-16,256,0.638224,0.473938,75510.740000,75486.750000
29825805,2026-09-16T08:45,75475.510000,-0.265400,-0.113111,2026-09-16,232,0.369763,0.614505,75487.230000,75474.700000
29825806,2026-09-16T08:46,75497.140000,-0.040500,-0.022862,2026-09-16,220,0.403368,0.507130,75504.000000,75472.800000
29825807,2026-09-16T08:47,75486.240000,0.158000,0.716901,2026-09-16,223,1.207930,0.306630,75504.000000,75474.710000
29825808,2026-09-16T08:48,75481.640000,-0.163600,-0.594866,2026-09-16,243,0.694890,0.343107,75486.240000,75472.800000
29825809,2026-09-16T08:49,75494.010000,-0.196600,-0.313785,2026-09-16,282,1.085217,0.788655,75514.390000,75481.630000
29825810,2026-09-16T08:50,75501.890000,-0.265300,0.577310,2026-09-16,264,3.573320,0.900961,75528.150000,75486.470000
29825811,2026-09-16T08:51,75503.640000,0.142000,0.801844,2026-09-16,245,0.693715,0.329873,75504.980000,75486.470000
29825812,2026-09-16T08:52,75503.640000,-0.143600,-0.340335,2026-09-16,218,0.261590,0.531085,75503.640000,75492.260000
29825813,2026-09-16T08:53,75519.360000,-0.176200,0.062216,2026-09-16,274,0.838793,0.785208,75519.430000,75498.450000
29825814,2026-09-16T08:54,75557.210000,-0.141800,0.570410,2026-09-16,286,0.856822,0.255253,75558.560000,75519.360000
29825815,2026-09-16T08:55,75587.610000,0.079400,-0.489643,2026-09-16,266,0.685218,0.590912,75594.930000,75549.990000
29825816,2026-09-16T08:56,75625.290000,-0.102300,0.182269,2026-09-16,340,2.601352,0.756823,75652.580000,75587.600000
29825817,2026-09-16T08:57,75639.900000,0.265600,0.513877,2026-09-16,208,1.088594,0.998465,75639.910000,75625.280000
29825818,2026-09-16T08:58,75646.330000,0.026800,0.996893,2026-09-16,187,0.238495,0.437728,75646.330000,75631.660000
29825819,2026-09-16T08:59,75670.390000,0.028400,-0.124477,2026-09-16,253,0.435833,0.982183,75670.400000,75646.330000
29825820,2026-09-16T09:00,75699.990000,0.160700,0.964369,2026-09-16,277,2.568730,0.880888,75699.990000,75657.870000
29825821,2026-09-16T09:01,75707.080000,-0.091300,0.761776,2026-09-16,289,1.826034,0.373921,75719.980000,75691.190000
29825822,2026-09-16T09:02,75750.580000,-0.380800,0.687354,2026-09-16,384,6.933261,0.804466,75754.920000,75707.070000
29825823,2026-09-16T09:03,75767.790000,-0.170300,-0.243500,2026-09-16,177,3.033197,0.727552,75774.260000,75750.570000
29825824,2026-09-16T09:04,75807.240000,-0.047100,0.538704,2026-09-16,205,1.916533,0.841277,75810.180000,75753.610000
29825825,2026-09-16T09:05,75883.430000,-0.143500,0.682817,2026-09-16,414,7.455620,0.817694,75887.100000,75802.690000
29825826,2026-09-16T09:06,75817.140000,-0.325700,0.635311,2026-09-16,311,3.951645,0.840187,75883.430000,75802.690000
29825827,2026-09-16T09:07,75763.990000,-0.217900,0.680365,2026-09-16,353,5.802112,0.171649,75812.920000,75751.090000
29825828,2026-09-16T09:08,75760.830000,-0.279300,-0.656722,2026-09-16,240,1.507404,0.775520,75763.990000,75753.090000
29825829,2026-09-16T09:09,75792.760000,0.303900,0.550778,2026-09-16,251,1.054433,0.902613,75792.750000,75757.450000
29825830,2026-09-16T09:10,75758.330000,0.163100,0.805236,2026-09-16,263,2.410783,0.082764,75792.760000,75756.840000
29825831,2026-09-16T09:11,75776.710000,0.030300,-0.834123,2026-09-16,223,0.260065,0.447645,75784.800000,75758.320000
29825832,2026-09-16T09:12,75756.240000,0.252800,-0.106525,2026-09-16,313,5.370597,0.049775,75784.800000,75755.000000
29825833,2026-09-16T09:13,75746.670000,0.100500,-0.900444,2026-09-16,238,0.724142,0.450614,75759.460000,75732.800000
29825834,2026-09-16T09:14,75725.010000,-0.155400,-0.098837,2026-09-16,212,0.320300,0.433272,75753.310000,75723.230000
29825835,2026-09-16T09:15,75747.960000,0.297200,-0.133455,2026-09-16,236,3.973287,0.977787,75749.990000,75725.000000
29825836,2026-09-16T09:16,75721.140000,-0.216100,0.956892,2026-09-16,305,2.159799,0.114536,75764.000000,75713.180000
29825837,2026-09-16T09:17,75730.740000,-0.428600,-0.875139,2026-09-16,357,5.091814,0.934004,75737.040000,75683.620000
29825838,2026-09-16T09:18,75744.830000,-0.121400,0.868250,2026-09-16,246,0.941350,0.126158,75753.570000,75728.840000
29825839,2026-09-16T09:19,75739.080000,-0.314100,-0.747691,2026-09-16,233,0.345484,0.352503,75744.840000,75713.720000
29825840,2026-09-16T09:20,75766.210000,-0.223000,-0.294675,2026-09-16,220,0.348461,0.710781,75768.550000,75739.080000
29825841,2026-09-16T09:21,75766.210000,-0.180100,0.423666,2026-09-16,207,0.312207,0.513447,75766.210000,75746.010000
29825842,2026-09-16T09:22,75753.610000,0.095200,0.022175,2026-09-16,277,0.835742,0.195874,75793.380000,75753.600000
29825843,2026-09-16T09:23,75785.600000,0.173400,-0.607550,2026-09-16,291,0.558756,0.619526,75801.770000,75753.600000
29825844,2026-09-16T09:24,75798.740000,-0.120900,0.238009,2026-09-16,205,0.777512,0.911732,75805.590000,75791.900000
29825845,2026-09-16T09:25,75781.550000,-0.471100,0.824056,2026-09-16,428,10.544935,0.354131,75811.000000,75743.200000
29825846,2026-09-16T09:26,75766.670000,-0.267200,-0.267544,2026-09-16,225,1.314430,0.724464,75805.590000,75763.070000
29825847,2026-09-16T09:27,75798.930000,-0.364200,0.349206,2026-09-16,297,0.436602,0.463260,75811.640000,75747.770000
29825848,2026-09-16T09:28,75787.420000,0.249700,-0.073480,2026-09-16,259,1.427661,0.800924,75799.960000,75784.800000
29825849,2026-09-16T09:29,75767.640000,-0.216300,0.601848,2026-09-16,206,0.215687,0.308635,75787.420000,75767.010000
29825850,2026-09-16T09:30,75770.960000,-0.197500,-0.382730,2026-09-16,253,0.913023,0.337061,75789.760000,75764.000000
29825851,2026-09-16T09:31,75785.320000,0.182000,-0.325877,2026-09-16,199,0.241930,0.498544,75789.770000,75772.040000
29825852,2026-09-16T09:32,75815.990000,-0.037300,-0.002911,2026-09-16,230,0.265831,0.709173,75815.990000,75785.310000
29825853,2026-09-16T09:33,75814.080000,-0.225300,0.418345,2026-09-16,263,0.252768,0.253158,75817.430000,75800.010000
29825854,2026-09-16T09:34,75795.360000,-0.199500,-0.493684,2026-09-16,300,5.149835,0.399627,75817.430000,75784.800000
29825855,2026-09-16T09:35,75794.860000,-0.112500,-0.200745,2026-09-16,221,0.384155,0.402706,75802.670000,75791.090000
29825856,2026-09-16T09:36,75861.990000,-0.211300,-0.190219,2026-09-16,281,0.606422,0.694155,75861.990000,75794.850000
29825857,2026-09-16T09:37,75854.200000,-0.168500,0.385684,2026-09-16,273,1.353665,0.734195,75883.460000,75852.950000
29825858,2026-09-16T09:38,75836.800000,-0.172800,0.468959,2026-09-16,270,0.862656,0.245804,75862.820000,75836.800000
29825859,2026-09-16T09:39,75843.650000,-0.068600,-0.506989,2026-09-16,280,2.240656,0.311348,75850.000000,75826.400000
29825860,2026-09-16T09:40,75850.820000,-0.045600,-0.376744,2026-09-16,267,0.991368,0.545194,75865.270000,75830.070000
29825861,2026-09-16T09:41,75859.990000,-0.177900,0.090389,2026-09-16,257,1.044332,0.632642,75867.920000,75850.810000
29825862,2026-09-16T09:42,75843.670000,-0.281500,0.266553,2026-09-16,248,0.664194,0.090611,75860.000000,75843.660000
29825863,2026-09-16T09:43,75843.990000,0.072900,-0.830015,2026-09-16,186,0.195954,0.284285,75848.930000,75843.990000
29825864,2026-09-16T09:44,75852.960000,0.018800,-0.431428,2026-09-16,265,0.746250,0.952981,75853.980000,75843.990000
29825865,2026-09-16T09:45,75831.540000,0.037200,0.905963,2026-09-16,252,0.411052,0.244614,75853.980000,75831.530000
29825866,2026-09-16T09:46,75819.830000,-0.294000,-0.510772,2026-09-16,277,2.043233,0.166360,75831.540000,75811.270000
29825867,2026-09-16T09:47,75851.540000,-0.041500,-0.668417,2026-09-16,286,0.574582,0.809485,75854.630000,75819.830000
29825868,2026-09-16T09:48,75885.720000,-0.148600,0.635213,2026-09-16,292,1.096743,0.168809,75885.730000,75851.530000
29825869,2026-09-16T09:49,75864.920000,-0.128300,-0.661982,2026-09-16,261,1.431300,0.074652,75885.010000,75856.190000
29825870,2026-09-16T09:50,75862.760000,-0.075200,-0.851250,2026-09-16,271,1.123992,0.216777,75881.280000,75858.910000
29825871,2026-09-16T09:51,75876.050000,-0.235100,-0.564382,2026-09-16,248,1.339771,0.286880,75876.060000,75840.560000
29825872,2026-09-16T09:52,75875.990000,0.305600,-0.391363,2026-09-16,246,1.163304,0.088179,75887.100000,75873.290000
29825873,2026-09-16T09:53,75884.450000,-0.108600,-0.870952,2026-09-16,240,0.926017,0.313241,75884.450000,75875.970000
29825874,2026-09-16T09:54,75910.540000,-0.297100,-0.379661,2026-09-16,284,4.393592,0.932347,75910.780000,75884.440000
29825875,2026-09-16T09:55,75903.400000,-0.322000,0.864694,2026-09-16,208,0.412732,0.253323,75912.090000,75891.910000
29825876,2026-09-16T09:56,75883.200000,0.160900,-0.493354,2026-09-16,217,1.660257,0.014225,75912.090000,75882.690000
29825877,2026-09-16T09:57,75904.420000,-0.143500,-0.914841,2026-09-16,271,0.914090,0.301494,75904.420000,75878.830000
29825878,2026-09-16T09:58,75924.040000,-0.179400,-0.476419,2026-09-16,278,1.966740,0.746969,75929.810000,75904.410000
29825879,2026-09-16T09:59,75924.040000,-0.295700,0.493938,2026-09-16,251,0.869490,0.268472,75924.050000,75898.620000
29825880,2026-09-16T10:00,75971.990000,-0.136600,-0.458469,2026-09-16,422,7.631998,0.591721,75972.000000,75906.960000
29825881,2026-09-16T10:01,75968.510000,-0.031800,0.183149,2026-09-16,327,3.902271,0.296879,75980.470000,75942.230000
29825882,2026-09-16T10:02,75949.710000,0.208600,-0.406241,2026-09-16,311,2.659342,0.061693,75980.280000,75932.930000
29825883,2026-09-16T10:03,75961.510000,0.204200,-0.876613,2026-09-16,255,0.246714,0.469084,75971.510000,75949.710000
29825884,2026-09-16T10:04,75938.570000,0.161300,-0.061833,2026-09-16,295,1.370662,0.202011,75966.090000,75935.060000
29825885,2026-09-16T10:05,75903.210000,-0.285300,-0.595978,2026-09-16,306,3.821342,0.179321,75938.560000,75903.200000
29825886,2026-09-16T10:06,75937.920000,-0.336600,-0.642036,2026-09-16,382,5.626229,0.673309,75956.410000,75903.200000
29825887,2026-09-16T10:07,75949.460000,-0.096500,0.324299,2026-09-16,285,2.085903,0.561115,75949.890000,75927.970000
29825888,2026-09-16T10:08,75933.600000,-0.117900,0.179763,2026-09-16,243,1.427192,0.142370,75949.460000,75925.160000
29825889,2026-09-16T10:09,75947.960000,-0.117100,-0.592316,2026-09-16,319,0.819808,0.598115,75951.190000,75933.590000
29825890,2026-09-16T10:10,75938.020000,-0.065000,0.162462,2026-09-16,298,2.084127,0.234879,75963.030000,75936.000000
29825891,2026-09-16T10:11,75919.260000,0.092100,-0.588815,2026-09-16,338,5.340342,0.449420,75946.780000,75883.450000
29825892,2026-09-16T10:12,75888.710000,-0.307200,-0.101149,2026-09-16,328,1.820519,0.119119,75919.270000,75888.700000
29825893,2026-09-16T10:13,75877.450000,0.002100,-0.762976,2026-09-16,359,3.320365,0.683600,75900.330000,75877.370000
29825894,2026-09-16T10:14,75879.730000,-0.346700,0.371114,2026-09-16,329,1.265946,0.574755,75885.280000,75858.870000
29825895,2026-09-16T10:15,75883.450000,-0.309600,0.149270,2026-09-16,276,0.928934,0.415497,75894.810000,75877.510000
29825896,2026-09-16T10:16,75887.760000,0.230400,-0.176457,2026-09-16,373,0.508298,0.388726,75887.770000,75877.810000
29825897,2026-09-16T10:17,75918.080000,0.012000,-0.206895,2026-09-16,312,3.340006,0.682590,75918.080000,75877.460000
29825898,2026-09-16T10:18,75919.260000,-0.285900,0.370607,2026-09-16,220,0.716415,0.331879,75927.740000,75918.070000
29825899,2026-09-16T10:19,75940.650000,-0.363500,-0.381750,2026-09-16,224,0.499836,0.950486,75940.650000,75919.260000
29825900,2026-09-16T10:20,75926.390000,0.222900,0.894946,2026-09-16,343,6.345635,0.093784,75951.190000,75918.100000
29825901,2026-09-16T10:21,75951.040000,-0.509600,-0.764359,2026-09-16,207,0.841969,0.795849,75951.040000,75926.380000
29825902,2026-09-16T10:22,75893.860000,-0.400600,0.455908,2026-09-16,321,3.851342,0.017753,75951.050000,75874.380000
29825903,2026-09-16T10:23,75875.290000,0.059600,-0.957818,2026-09-16,273,1.122174,0.473241,75893.860000,75857.600000
29825904,2026-09-16T10:24,75856.230000,-0.027900,0.184053,2026-09-16,285,1.452997,0.206750,75866.340000,75852.860000
29825905,2026-09-16T10:25,75856.460000,0.297500,-0.605860,2026-09-16,321,8.308156,0.139308,75861.980000,75834.010000
29825906,2026-09-16T10:26,75906.290000,-0.170600,-0.721386,2026-09-16,322,3.213332,0.829901,75906.280000,75854.020000
29825907,2026-09-16T10:27,75889.330000,0.021500,0.660380,2026-09-16,282,0.999630,0.345162,75919.990000,75889.330000
29825908,2026-09-16T10:28,75883.330000,-0.069600,-0.207336,2026-09-16,275,1.010520,0.441669,75895.810000,75871.660000
29825909,2026-09-16T10:29,75908.960000,0.091200,-0.226099,2026-09-16,276,1.377807,0.389352,75909.590000,75875.090000
29825910,2026-09-16T10:30,75927.920000,-0.189300,-0.221296,2026-09-16,260,0.798180,0.423852,75934.800000,75908.960000
29825911,2026-09-16T10:31,75899.210000,-0.216600,-0.152329,2026-09-16,264,0.832759,0.137846,75927.920000,75899.150000
29825912,2026-09-16T10:32,75875.730000,-0.387600,-0.719603,2026-09-16,258,0.430652,0.482802,75899.210000,75872.990000
29825913,2026-09-16T10:33,75888.650000,-0.014300,0.422951,2026-09-16,311,1.613562,0.874503,75894.010000,75875.730000
29825914,2026-09-16T10:34,75899.200000,0.173900,0.681983,2026-09-16,279,1.193863,0.677541,75909.590000,75888.650000
29825915,2026-09-16T10:35,75901.540000,-0.346900,0.355132,2026-09-16,293,2.013369,0.795086,75909.600000,75889.000000
29825916,2026-09-16T10:36,75914.890000,0.170300,0.590411,2026-09-16,198,0.269570,0.573414,75918.900000,75902.800000
29825917,2026-09-16T10:37,75919.990000,0.043500,0.142504,2026-09-16,243,0.909980,0.288500,75927.930000,75914.890000
29825918,2026-09-16T10:38,75905.640000,-0.176000,-0.422963,2026-09-16,236,0.088845,0.590214,75919.970000,75905.010000
29825919,2026-09-16T10:39,75911.210000,-0.362500,0.180427,2026-09-16,240,0.521162,0.689662,75911.230000,75893.760000
29825920,2026-09-16T10:40,75908.400000,-0.230600,0.376211,2026-09-16,265,0.249732,0.872232,75911.220000,75902.530000
29825921,2026-09-16T10:41,75924.460000,-0.221100,0.755680,2026-09-16,307,2.810960,0.197495,75927.730000,75908.400000
29825922,2026-09-16T10:42,75933.980000,-0.287200,-0.606538,2026-09-16,245,0.373632,0.575090,75933.980000,75924.460000
29825923,2026-09-16T10:43,75934.960000,-0.298800,0.149439,2026-09-16,233,0.792702,0.256159,75937.430000,75933.970000
29825924,2026-09-16T10:44,75917.540000,0.121600,-0.487763,2026-09-16,229,0.350945,0.163926,75934.970000,75917.530000
29825925,2026-09-16T10:45,75917.540000,0.157200,-0.831648,2026-09-16,279,1.539218,0.709740,75917.540000,75909.600000
29825926,2026-09-16T10:46,75903.210000,-0.293200,0.799650,2026-09-16,291,1.279607,0.645480,75921.400000,75903.090000
29825927,2026-09-16T10:47,75889.010000,0.055100,0.215272,2026-09-16,241,0.372145,0.715084,75903.200000,75889.000000
29825928,2026-09-16T10:48,75889.010000,0.018200,0.867552,2026-09-16,245,0.387050,0.589559,75889.010000,75888.370000
29825929,2026-09-16T10:49,75883.710000,-0.225200,0.372644,2026-09-16,286,0.721450,0.386170,75895.650000,75881.500000
29825930,2026-09-16T10:50,75883.710000,-0.084700,-0.470820,2026-09-16,180,0.032325,0.922547,75883.720000,75883.710000
29825931,2026-09-16T10:51,75878.390000,-0.287700,0.843634,2026-09-16,235,0.336856,0.658603,75883.720000,75875.310000
29825932,2026-09-16T10:52,75878.350000,-0.026500,0.317350,2026-09-16,214,0.104852,0.858829,75878.410000,75878.340000
29825933,2026-09-16T10:53,75878.960000,-0.388100,0.710405,2026-09-16,220,0.251243,0.778801,75879.940000,75878.340000
29825934,2026-09-16T10:54,75854.010000,-0.256800,0.562044,2026-09-16,233,0.215071,0.313977,75878.960000,75852.230000
29825935,2026-09-16T10:55,75838.860000,-0.184300,-0.372584,2026-09-16,252,1.149221,0.733937,75854.010000,75837.780000
29825936,2026-09-16T10:56,75833.240000,-0.618400,0.467179,2026-09-16,273,0.672985,0.638671,75838.860000,75829.260000
29825937,2026-09-16T10:57,75833.200000,-0.161200,0.182798,2026-09-16,243,0.229125,0.217704,75833.240000,75833.140000
29825938,2026-09-16T10:58,75856.290000,-0.027100,-0.431003,2026-09-16,310,3.672340,0.814568,75865.180000,75833.140000
29825939,2026-09-16T10:59,75885.510000,-0.542400,0.629135,2026-09-16,317,7.578535,0.973620,75920.000000,75848.720000
29825940,2026-09-16T11:00,75975.970000,-0.221000,0.901534,2026-09-16,421,1.834325,0.440599,75987.630000,75900.240000
29825941,2026-09-16T11:01,75871.930000,0.250800,-0.040504,2026-09-16,380,1.037416,0.159154,75986.620000,75868.000000
29825942,2026-09-16T11:02,75881.960000,-0.434800,-0.673773,2026-09-16,296,0.738034,0.316899,75898.090000,75870.990000
29825943,2026-09-16T11:03,75930.390000,-0.370800,-0.376072,2026-09-16,317,0.392057,0.842096,75930.400000,75882.860000
29825944,2026-09-16T11:04,75903.640000,-0.387200,0.684135,2026-09-16,310,0.594255,0.473537,75931.340000,75902.000000
29825945,2026-09-16T11:05,75907.740000,-0.229500,-0.052904,2026-09-16,301,0.515091,0.489184,75907.750000,75892.470000
29825946,2026-09-16T11:06,75923.360000,-0.544100,-0.016976,2026-09-16,280,1.269902,0.120776,75923.370000,75907.740000
29825947,2026-09-16T11:07,75882.140000,-0.196300,-0.780284,2026-09-16,354,0.912622,0.542775,75923.350000,75875.000000
29825948,2026-09-16T11:08,75851.540000,-0.385300,0.259473,2026-09-16,381,4.164111,0.300459,75883.350000,75830.110000
29825949,2026-09-16T11:09,75867.730000,-0.281600,-0.402999,2026-09-16,315,1.759431,0.653905,75877.810000,75838.120000
29825950,2026-09-16T11:10,75888.790000,-0.046100,0.326469,2026-09-16,290,0.809808,0.602315,75888.790000,75851.180000
29825951,2026-09-16T11:11,75885.960000,-0.126000,0.208920,2026-09-16,303,1.333893,0.139911,75888.800000,75876.620000
29825952,2026-09-16T11:12,75863.510000,-0.191400,-0.721432,2026-09-16,271,0.975757,0.164637,75885.960000,75863.510000
29825953,2026-09-16T11:13,75859.100000,-0.338600,-0.662800,2026-09-16,270,0.638588,0.442900,75866.030000,75856.500000
29825954,2026-09-16T11:14,75839.760000,-0.477400,-0.121578,2026-09-16,312,1.797237,0.231350,75859.150000,75839.760000
29825955,2026-09-16T11:15,75824.890000,-0.413300,-0.537715,2026-09-16,371,3.045829,0.417406,75839.770000,75804.450000
29825956,2026-09-16T11:16,75857.920000,-0.592700,-0.141292,2026-09-16,370,7.867874,0.501323,75868.000000,75817.500000
29825957,2026-09-16T11:17,75849.260000,-0.011800,-0.005493,2026-09-16,277,1.523083,0.266818,75859.820000,75847.040000
29825958,2026-09-16T11:18,75867.990000,0.103500,-0.465448,2026-09-16,266,3.249215,0.932486,75868.000000,75849.250000
29825959,2026-09-16T11:19,75889.990000,-0.125300,0.864933,2026-09-16,252,1.074410,0.470902,75889.990000,75867.990000
29825960,2026-09-16T11:20,75899.990000,0.389400,-0.079261,2026-09-16,270,0.550180,0.703964,75900.000000,75889.980000
29825961,2026-09-16T11:21,75909.670000,-0.032200,0.473776,2026-09-16,323,6.310378,0.055377,75933.190000,75897.080000
29825962,2026-09-16T11:22,75864.740000,0.174200,-0.875804,2026-09-16,335,5.385156,0.190934,75909.670000,75856.400000
29825963,2026-09-16T11:23,75859.980000,-0.264600,-0.631793,2026-09-16,257,0.965167,0.809738,75864.740000,75845.190000
29825964,2026-09-16T11:24,75845.320000,-0.209900,0.619424,2026-09-16,177,0.933537,0.882524,75859.890000,75832.870000
29825965,2026-09-16T11:25,75857.600000,0.089600,0.765376,2026-09-16,220,0.677331,0.658447,75868.000000,75845.310000
29825966,2026-09-16T11:26,75916.380000,0.053900,0.308471,2026-09-16,288,2.955313,0.932264,75916.380000,75852.300000
29825967,2026-09-16T11:27,75916.380000,0.265600,0.867091,2026-09-16,271,0.992867,0.402190,75916.380000,75905.000000
29825968,2026-09-16T11:28,75903.980000,0.148300,-0.197734,2026-09-16,256,0.904680,0.386084,75916.380000,75896.380000
29825969,2026-09-16T11:29,75903.980000,-0.427700,-0.057931,2026-09-16,298,1.246352,0.636378,75915.370000,75903.970000
29825970,2026-09-16T11:30,75908.290000,-0.162400,0.112738,2026-09-16,280,0.735422,0.495565,75908.290000,75885.000000
29825971,2026-09-16T11:31,75958.890000,-0.009800,0.083211,2026-09-16,312,0.497203,0.789034,75963.650000,75908.280000
29825972,2026-09-16T11:32,75928.890000,-0.224400,0.580371,2026-09-16,329,2.435993,0.454981,75994.220000,75909.610000
29825973,2026-09-16T11:33,75954.170000,0.314800,-0.090038,2026-09-16,245,0.402009,0.670391,75965.000000,75919.680000
29825974,2026-09-16T11:34,75959.990000,-0.090100,0.343244,2026-09-16,282,0.936953,0.916332,75961.620000,75947.720000
29825975,2026-09-16T11:35,75967.640000,0.036500,0.831884,2026-09-16,263,1.122664,0.849189,75970.610000,75959.990000
29825976,2026-09-16T11:36,76003.200000,0.025000,0.699548,2026-09-16,313,1.125708,0.719118,76003.200000,75967.640000
29825977,2026-09-16T11:37,75942.240000,0.277500,0.460420,2026-09-16,419,4.041256,0.285069,76036.700000,75943.850000
29825978,2026-09-16T11:38,75920.800000,-0.621200,-0.446648,2026-09-16,341,2.252287,0.357714,75957.120000,75905.630000
29825979,2026-09-16T11:39,75941.910000,-0.031700,-0.286314,2026-09-16,288,0.518728,0.654641,75951.200000,75920.800000
29825980,2026-09-16T11:40,75954.520000,0.072100,0.184701,2026-09-16,536,13.929736,0.568801,75970.010000,75895.010000
29825981,2026-09-16T11:41,75992.450000,-0.605300,0.142050,2026-09-16,299,3.094139,0.542702,76000.000000,75959.250000
29825982,2026-09-16T11:42,76118.520000,0.041300,0.085892,2026-09-16,543,17.042269,0.579233,76125.210000,75989.140000
29825983,2026-09-16T11:43,76197.230000,-0.164400,0.157730,2026-09-16,475,8.040681,0.657253,76200.800000,76094.490000
29825984,2026-09-16T11:44,76144.900000,0.118800,0.316224,2026-09-16,253,2.526592,0.175000,76211.190000,76144.900000
29825985,2026-09-16T11:45,76112.790000,0.227300,-0.600623,2026-09-16,497,1.948588,0.246136,76180.000000,76100.000000
29825986,2026-09-16T11:46,76116.150000,-0.368300,-0.536844,2026-09-16,352,2.497710,0.112293,76132.970000,76078.800000
29825987,2026-09-16T11:47,76169.600000,-0.071700,-0.798593,2026-09-16,272,0.629525,0.764965,76169.590000,76117.590000
29825988,2026-09-16T11:48,76119.510000,0.529500,0.529779,2026-09-16,315,6.050229,0.473359,76169.600000,76117.600000
29825989,2026-09-16T11:49,76158.350000,0.150200,-0.053681,2026-09-16,305,1.526604,0.893648,76164.710000,76119.500000
29825990,2026-09-16T11:50,76206.550000,0.064500,0.799661,2026-09-16,397,2.439764,0.753286,76231.380000,76158.340000
29825991,2026-09-16T11:51,76200.830000,0.221500,0.491742,2026-09-16,425,12.613902,0.773859,76250.000000,76200.000000
29825992,2026-09-16T11:52,76183.980000,0.012100,0.546815,2026-09-16,336,6.378900,0.473706,76200.800000,76158.330000
29825993,2026-09-16T11:53,76207.790000,-0.390700,-0.052459,2026-09-16,234,0.480220,0.547256,76212.960000,76183.970000
29825994,2026-09-16T11:54,76164.520000,0.001400,0.095574,2026-09-16,333,0.765797,0.196430,76207.790000,76146.590000
29825995,2026-09-16T11:55,76184.260000,0.039200,-0.608359,2026-09-16,273,1.266202,0.196542,76189.990000,76164.930000
29825996,2026-09-16T11:56,76178.350000,-0.258900,-0.607005,2026-09-16,269,0.731870,0.566413,76187.970000,76164.790000
29825997,2026-09-16T11:57,76163.730000,0.386400,0.133240,2026-09-16,274,1.025893,0.285376,76187.970000,76157.170000
29825998,2026-09-16T11:58,76161.960000,-0.268900,-0.420636,2026-09-16,265,0.457433,0.924311,76164.320000,76155.010000
29825999,2026-09-16T11:59,76182.140000,-0.247200,0.846536,2026-09-16,318,0.769503,0.700711,76192.280000,76161.950000
29826000,2026-09-16T12:00,76143.080000,-0.184900,0.356738,2026-09-16,397,6.114134,0.182074,76189.730000,76128.470000
29826001,2026-09-16T12:01,76186.490000,0.191500,-0.633298,2026-09-16,396,4.839414,0.864888,76213.000000,76136.920000
29826002,2026-09-16T12:02,76142.990000,0.126700,0.729520,2026-09-16,315,0.709402,0.648306,76186.490000,76140.560000
29826003,2026-09-16T12:03,76186.540000,-0.295400,0.321692,2026-09-16,334,2.220055,0.632343,76201.470000,76142.990000
29826004,2026-09-16T12:04,76224.880000,0.263900,0.262722,2026-09-16,357,3.658939,0.828357,76232.380000,76186.340000
29826005,2026-09-16T12:05,76141.920000,0.100300,0.654597,2026-09-16,355,0.913337,0.593427,76224.880000,76141.920000
29826006,2026-09-16T12:06,76160.260000,-0.278000,0.187402,2026-09-16,258,0.842021,0.539861,76163.190000,76141.910000
29826007,2026-09-16T12:07,76158.740000,0.160500,0.077552,2026-09-16,312,0.682702,0.442604,76176.740000,76158.740000
29826008,2026-09-16T12:08,76134.610000,-0.065300,-0.112562,2026-09-16,302,2.290625,0.418950,76167.540000,76123.800000
29826009,2026-09-16T12:09,76119.990000,-0.349300,-0.163462,2026-09-16,240,1.066887,0.290178,76134.600000,76119.980000
29826010,2026-09-16T12:10,76069.820000,-0.235800,-0.417751,2026-09-16,332,5.397373,0.085948,76119.990000,76046.610000
29826011,2026-09-16T12:11,76073.710000,-0.116600,-0.828108,2026-09-16,269,1.369620,0.711719,76092.990000,76069.810000
29826012,2026-09-16T12:12,76088.140000,-0.112700,0.423527,2026-09-16,226,0.548298,0.982466,76088.140000,76072.850000
29826013,2026-09-16T12:13,76070.930000,-0.152600,0.961974,2026-09-16,344,7.182996,0.141356,76088.140000,76042.670000
29826014,2026-09-16T12:14,76057.680000,0.165400,-0.717300,2026-09-16,287,2.411430,0.367304,76070.940000,76048.460000
29826015,2026-09-16T12:15,76032.140000,-0.380500,-0.265055,2026-09-16,304,2.651482,0.401556,76059.200000,76024.820000
29826016,2026-09-16T12:16,76067.200000,-0.468800,-0.194665,2026-09-16,334,4.940083,0.761538,76075.000000,76026.510000
29826017,2026-09-16T12:17,76067.200000,-0.181900,0.523280,2026-09-16,284,4.442418,0.960672,76099.800000,76067.190000
29826018,2026-09-16T12:18,76019.920000,-0.430900,0.921409,2026-09-16,313,1.310495,0.632055,76067.200000,76016.450000
29826019,2026-09-16T12:19,76043.320000,-0.087800,0.286450,2026-09-16,289,3.289694,0.943508,76057.910000,76019.920000
29826020,2026-09-16T12:20,76009.260000,-0.013000,0.713895,2026-09-16,413,9.812029,0.177006,76043.310000,75972.670000
29826021,2026-09-16T12:21,76010.490000,-0.141800,-0.633867,2026-09-16,265,1.111250,0.929602,76015.460000,75997.650000
29826022,2026-09-16T12:22,76028.540000,-0.212800,0.864552,2026-09-16,221,0.369601,0.860170,76032.370000,76010.500000
29826023,2026-09-16T12:23,75992.790000,0.209300,0.682664,2026-09-16,253,0.366203,0.696723,76028.540000,75992.800000
29826024,2026-09-16T12:24,75923.550000,0.034000,0.393441,2026-09-16,327,2.794623,0.086437,75992.800000,75923.560000
29826025,2026-09-16T12:25,75903.830000,-0.347600,-0.815777,2026-09-16,313,1.261608,0.694354,75958.340000,75901.580000
29826026,2026-09-16T12:26,75909.610000,-0.222800,0.383337,2026-09-16,198,0.580147,0.538095,75920.940000,75903.830000
29826027,2026-09-16T12:27,75892.830000,-0.298600,0.065755,2026-09-16,285,2.085661,0.393591,75920.930000,75885.980000
29826028,2026-09-16T12:28,75854.540000,-0.466700,-0.212818,2026-09-16,405,8.848752,0.196960,75892.820000,75830.840000
29826029,2026-09-16T12:29,75874.360000,-0.208100,-0.605988,2026-09-16,314,1.291895,0.605117,75876.130000,75837.630000
29826030,2026-09-16T12:30,75831.740000,-0.086200,-0.132461,2026-09-16,349,2.546913,0.349350,75878.380000,75807.940000
29826031,2026-09-16T12:31,75797.270000,-0.280800,-0.126127,2026-09-16,303,1.164535,0.340172,75842.030000,75777.010000
29826032,2026-09-16T12:32,75749.880000,-0.150300,-0.246476,2026-09-16,332,2.154224,0.405226,75797.270000,75722.400000
29826033,2026-09-16T12:33,75926.540000,-0.199100,0.199911,2026-09-16,334,2.989616,0.707592,75927.870000,75749.880000
29826034,2026-09-16T12:34,75949.990000,-0.306200,0.025112,2026-09-16,385,5.950182,0.640804,75958.170000,75901.000000
29826035,2026-09-16T12:35,75936.260000,-0.212200,0.307579,2026-09-16,328,2.545288,0.265485,75957.990000,75909.600000
29826036,2026-09-16T12:36,75888.790000,-0.356400,-0.474019,2026-09-16,339,1.086742,0.471525,75950.870000,75860.560000
29826037,2026-09-16T12:37,75899.670000,-0.296300,-0.056931,2026-09-16,265,1.247771,0.376493,75899.690000,75884.990000
29826038,2026-09-16T12:38,75896.330000,0.140200,-0.247015,2026-09-16,359,1.710730,0.688038,75897.450000,75852.950000
29826039,2026-09-16T12:39,75908.550000,0.310400,0.376060,2026-09-16,293,0.677382,0.417810,75924.980000,75885.240000
29826040,2026-09-16T12:40,75916.180000,0.269800,-0.164356,2026-09-16,294,0.985389,0.254883,75927.710000,75909.560000
29826041,2026-09-16T12:41,75940.990000,-0.000500,-0.490245,2026-09-16,313,0.654435,0.638265,75951.130000,75911.240000
29826042,2026-09-16T12:42,75887.180000,-0.436600,0.100670,2026-09-16,302,2.019742,0.336215,75940.990000,75887.180000
29826043,2026-09-16T12:43,75898.170000,-0.200600,-0.291347,2026-09-16,304,0.983282,0.766015,75915.000000,75886.920000
29826044,2026-09-16T12:44,75888.820000,-0.677300,0.531997,2026-09-16,288,1.131395,0.381176,75914.130000,75888.810000
29826045,2026-09-16T12:45,75908.270000,-0.024900,-0.237696,2026-09-16,263,0.454068,0.701849,75908.280000,75857.600000
29826046,2026-09-16T12:46,75921.320000,0.254500,0.427767,2026-09-16,241,0.873138,0.419438,75930.400000,75908.270000
29826047,2026-09-16T12:47,75926.430000,-0.284700,-0.295034,2026-09-16,319,5.907189,0.919298,75937.730000,75902.060000
29826048,2026-09-16T12:48,75916.920000,-0.523300,0.876852,2026-09-16,280,1.720186,0.494223,75926.440000,75902.000000
29826049,2026-09-16T12:49,75960.790000,-0.481900,-0.011542,2026-09-16,256,1.463218,0.683784,75963.360000,75916.300000
29826050,2026-09-16T12:50,75966.710000,-0.288700,0.367568,2026-09-16,250,1.273495,0.514362,75982.380000,75951.200000
29826051,2026-09-16T12:51,75945.270000,-0.390000,0.055918,2026-09-16,398,5.373342,0.334027,75966.740000,75911.960000
29826052,2026-09-16T12:52,75924.680000,-0.448900,-0.340770,2026-09-16,257,0.487661,0.336341,75945.280000,75921.710000
29826053,2026-09-16T12:53,75917.010000,-0.351300,-0.323588,2026-09-16,478,11.917214,0.789702,75978.130000,75917.000000
29826054,2026-09-16T12:54,75893.230000,-0.315400,0.579024,2026-09-16,338,1.501765,0.667839,75922.670000,75893.220000
29826055,2026-09-16T12:55,75884.990000,-0.415700,0.199850,2026-09-16,388,4.192590,0.345809,75893.230000,75839.640000
29826056,2026-09-16T12:56,75956.290000,-0.221600,-0.278953,2026-09-16,328,0.867227,0.740582,75957.530000,75884.980000
29826057,2026-09-16T12:57,75875.990000,0.407500,0.481327,2026-09-16,403,9.016905,0.135993,75956.280000,75876.770000
29826058,2026-09-16T12:58,75863.790000,-0.461500,-0.728013,2026-09-16,330,2.429964,0.534755,75892.960000,75852.530000
29826059,2026-09-16T12:59,75901.240000,-0.403400,0.069509,2026-09-16,359,3.523144,0.439289,75902.300000,75844.770000
29826060,2026-09-16T13:00,75831.890000,-0.147500,-0.165579,2026-09-16,461,5.773260,0.151544,75901.240000,75819.040000
29826061,2026-09-16T13:01,75748.210000,-0.014800,-0.695656,2026-09-16,548,10.736813,0.206497,75831.880000,75748.200000
29826062,2026-09-16T13:02,75725.140000,-0.223500,-0.555149,2026-09-16,427,5.486744,0.245264,75765.110000,75698.200000
29826063,2026-09-16T13:03,75654.230000,0.088200,-0.559276,2026-09-16,463,3.773735,0.211823,75739.420000,75643.480000
29826064,2026-09-16T13:04,75676.640000,-0.234200,-0.574748,2026-09-16,424,2.807084,0.384223,75676.650000,75629.830000
29826065,2026-09-16T13:05,75710.890000,-0.163000,-0.177994,2026-09-16,450,2.965322,0.695402,75739.970000,75676.640000
29826066,2026-09-16T13:06,75703.510000,0.213400,0.362165,2026-09-16,333,0.680688,0.588563,75725.630000,75701.030000
29826067,2026-09-16T13:07,75700.120000,-0.391300,0.221768,2026-09-16,356,2.394100,0.858030,75709.030000,75678.410000
29826068,2026-09-16T13:08,75678.760000,-0.526300,0.708994,2026-09-16,309,1.729295,0.937802,75700.480000,75678.750000
29826069,2026-09-16T13:09,75676.200000,-0.291700,0.915522,2026-09-16,329,1.818215,0.836795,75678.760000,75668.330000
29826070,2026-09-16T13:10,75613.880000,-0.178400,0.673618,2026-09-16,391,2.438718,0.226781,75676.190000,75606.400000
29826071,2026-09-16T13:11,75649.600000,-0.218300,-0.546449,2026-09-16,348,2.243107,0.755347,75649.600000,75607.390000
29826072,2026-09-16T13:12,75636.180000,-0.359100,0.376854,2026-09-16,388,2.342272,0.688182,75649.590000,75620.130000
29826073,2026-09-16T13:13,75730.360000,-0.407600,0.517687,2026-09-16,895,10.613048,0.703059,75731.790000,75632.060000
29826074,2026-09-16T13:14,75730.330000,-0.046900,0.406117,2026-09-16,291,1.766475,0.423103,75730.350000,75710.830000
29826075,2026-09-16T13:15,75767.600000,-0.171600,-0.155339,2026-09-16,400,6.516695,0.804724,75769.850000,75691.280000
29826076,2026-09-16T13:16,75753.670000,-0.451400,0.615909,2026-09-16,416,2.651708,0.416098,75815.000000,75748.510000
29826077,2026-09-16T13:17,75774.700000,-0.507500,-0.167804,2026-09-16,360,1.691248,0.263976,75777.080000,75727.710000
29826078,2026-09-16T13:18,75795.490000,-0.464000,-0.472048,2026-09-16,375,2.665745,0.538528,75799.780000,75752.600000
29826079,2026-09-16T13:19,75750.490000,-0.473600,0.077056,2026-09-16,414,7.853397,0.253697,75795.490000,75731.450000
29826080,2026-09-16T13:20,75711.420000,-0.560700,-0.492606,2026-09-16,377,3.282613,0.803389,75750.480000,75681.710000
29826081,2026-09-16T13:21,75737.170000,-0.357900,0.606777,2026-09-16,377,3.953630,0.790227,75743.200000,75691.200000
29826082,2026-09-16T13:22,75727.110000,-0.694900,0.580592,2026-09-16,368,2.200783,0.358049,75749.740000,75722.400000
29826083,2026-09-16T13:23,75681.950000,-0.753900,-0.284658,2026-09-16,277,1.121172,0.563221,75722.410000,75670.670000
29826084,2026-09-16T13:24,75688.790000,-0.675900,0.126443,2026-09-16,319,2.247510,0.755903,75711.840000,75676.080000
29826085,2026-09-16T13:25,75701.550000,-0.572400,-0.336272,2026-09-16,692,11.077328,0.522753,75717.170000,75647.350000
29826086,2026-09-16T13:26,75718.740000,-0.423800,0.411621,2026-09-16,473,7.443295,0.452052,75753.330000,75697.380000
29826087,2026-09-16T13:27,75746.400000,-0.267200,-0.095895,2026-09-16,488,4.028157,0.542987,75761.610000,75718.740000
29826088,2026-09-16T13:28,75728.760000,-0.639000,0.046095,2026-09-16,410,2.587207,0.537169,75761.470000,75722.410000
29826089,2026-09-16T13:29,75695.040000,-0.123700,0.142195,2026-09-16,302,2.912680,0.195151,75728.970000,75695.040000
29826090,2026-09-16T13:30,75636.760000,-0.457800,-0.515797,2026-09-16,648,9.574567,0.442475,75714.980000,75631.990000
29826091,2026-09-16T13:31,75658.240000,-0.666100,-0.173817,2026-09-16,635,13.739631,0.391737,75685.730000,75577.000000
29826092,2026-09-16T13:32,75627.760000,-0.417300,-0.204547,2026-09-16,656,14.626023,0.322065,75685.700000,75593.340000
29826093,2026-09-16T13:33,75628.800000,-0.402900,-0.352179,2026-09-16,637,14.978558,0.407887,75686.980000,75588.030000
29826094,2026-09-16T13:34,75595.420000,-0.615400,-0.174924,2026-09-16,664,10.853768,0.404949,75644.230000,75566.400000
29826095,2026-09-16T13:35,75605.130000,-0.261600,-0.220731,2026-09-16,640,13.269935,0.271476,75666.000000,75570.420000
29826096,2026-09-16T13:36,75624.610000,-0.087500,-0.435984,2026-09-16,597,9.407002,0.212505,75658.380000,75578.770000
29826097,2026-09-16T13:37,75570.580000,-0.033400,-0.600540,2026-09-16,624,11.100766,0.269903,75640.000000,75563.660000
29826098,2026-09-16T13:38,75563.290000,-0.205100,-0.459368,2026-09-16,626,9.043653,0.198916,75577.850000,75520.150000
29826099,2026-09-16T13:39,75514.400000,-0.266900,-0.602849,2026-09-16,610,10.662941,0.335745,75637.370000,75513.730000
29826100,2026-09-16T13:40,75589.990000,-0.498400,-0.335208,2026-09-16,638,10.503001,0.343806,75608.010000,75507.990000
29826101,2026-09-16T13:41,75685.290000,-0.639100,-0.297432,2026-09-16,631,12.622387,0.559773,75700.000000,75581.730000
29826102,2026-09-16T13:42,75658.510000,-0.250500,0.129964,2026-09-16,608,9.945932,0.370844,75696.990000,75608.000000
29826103,2026-09-16T13:43,75670.390000,-0.019700,-0.262747,2026-09-16,757,14.450897,0.252650,75670.390000,75608.010000
29826104,2026-09-16T13:44,75695.540000,-0.626400,-0.510807,2026-09-16,520,7.640538,0.290546,75730.000000,75670.390000
29826105,2026-09-16T13:45,75664.360000,-0.280700,-0.425414,2026-09-16,348,8.044133,0.235989,75697.350000,75637.760000
29826106,2026-09-16T13:46,75595.140000,-0.158900,0.030317,2026-09-16,1275,33.529800,0.456237,75675.920000,75566.400000
29826107,2026-09-16T13:47,75830.040000,0.098500,-0.502640,2026-09-16,556,12.159149,0.569652,75851.900000,75602.720000
29826108,2026-09-16T13:48,75785.760000,-0.107200,0.152677,2026-09-16,580,9.980092,0.158925,75851.960000,75784.800000
29826109,2026-09-16T13:49,75795.150000,-0.280600,-0.705705,2026-09-16,488,7.493122,0.280456,75802.980000,75722.400000
29826110,2026-09-16T13:50,75732.820000,-0.062400,-0.411304,2026-09-16,604,11.795552,0.227996,75874.530000,75732.800000
29826111,2026-09-16T13:51,75685.950000,-0.169800,-0.549282,2026-09-16,494,5.699545,0.207084,75754.780000,75657.680000
29826112,2026-09-16T13:52,75650.010000,-0.232700,-0.585372,2026-09-16,530,4.618332,0.459163,75722.390000,75650.000000
29826113,2026-09-16T13:53,75711.960000,-0.551100,-0.078351,2026-09-16,474,9.478293,0.363131,75711.960000,75608.000000
29826114,2026-09-16T13:54,75677.730000,-0.219200,-0.284718,2026-09-16,374,3.467121,0.247402,75732.740000,75649.620000
29826115,2026-09-16T13:55,75688.950000,-0.592800,-0.487465,2026-09-16,423,7.108973,0.686130,75724.150000,75658.720000
29826116,2026-09-16T13:56,75657.600000,-0.595500,0.368760,2026-09-16,425,5.698354,0.173853,75688.950000,75620.310000
29826117,2026-09-16T13:57,75704.690000,-0.349200,-0.659467,2026-09-16,415,5.215039,0.695523,75711.290000,75637.810000
29826118,2026-09-16T13:58,75623.880000,-0.302200,0.403048,2026-09-16,310,1.477608,0.236636,75705.090000,75623.870000
29826119,2026-09-16T13:59,75582.100000,-0.420500,-0.536727,2026-09-16,420,5.636351,0.228701,75623.880000,75535.200000
29826120,2026-09-16T14:00,75522.360000,-0.596000,-0.543816,2026-09-16,461,9.692134,0.477001,75597.590000,75515.160000
29826121,2026-09-16T14:01,75544.810000,-0.570500,-0.046766,2026-09-16,466,9.209548,0.565193,75593.000000,75518.130000
29826122,2026-09-16T14:02,75468.240000,-0.686400,0.137090,2026-09-16,774,24.340505,0.084844,75545.580000,75455.130000
29826123,2026-09-16T14:03,75485.350000,-0.655700,-0.830334,2026-09-16,444,4.679721,0.616760,75510.000000,75464.370000
29826124,2026-09-16T14:04,75497.860000,-0.469700,0.207201,2026-09-16,598,11.051076,0.485676,75519.990000,75441.600000
29826125,2026-09-16T14:05,75579.860000,-0.581200,-0.109462,2026-09-16,537,8.916812,0.542588,75591.660000,75467.370000
29826126,2026-09-16T14:06,75571.600000,-0.545400,0.234035,2026-09-16,469,7.125509,0.447913,75597.600000,75545.610000
29826127,2026-09-16T14:07,75447.990000,-0.467800,-0.119848,2026-09-16,566,7.230476,0.288700,75571.590000,75443.040000
29826128,2026-09-16T14:08,75503.080000,-0.319100,-0.419825,2026-09-16,605,9.144558,0.368104,75519.970000,75421.250000
29826129,2026-09-16T14:09,75490.820000,-0.476600,-0.294975,2026-09-16,603,19.310043,0.418059,75541.520000,75482.760000
29826130,2026-09-16T14:10,75440.980000,-0.293700,-0.141165,2026-09-16,588,8.550190,0.249204,75514.030000,75431.890000
29826131,2026-09-16T14:11,75439.610000,-0.574200,-0.501774,2026-09-16,498,7.944523,0.146674,75472.080000,75419.430000
29826132,2026-09-16T14:12,75423.260000,-0.694200,-0.709384,2026-09-16,524,7.632877,0.424182,75452.000000,75419.000000
29826133,2026-09-16T14:13,75425.080000,-0.554100,-0.198551,2026-09-16,703,16.741212,0.193549,75431.200000,75349.250000
29826134,2026-09-16T14:14,75498.990000,-0.664500,-0.624429,2026-09-16,455,5.859371,0.263289,75498.990000,75402.890000
29826135,2026-09-16T14:15,75587.210000,-0.422300,-0.361986,2026-09-16,729,14.890767,0.440553,75618.400000,75491.260000
29826136,2026-09-16T14:16,75638.070000,-0.338900,-0.131988,2026-09-16,553,7.733658,0.407089,75638.060000,75547.010000
29826137,2026-09-16T14:17,75570.990000,-0.696700,-0.044193,2026-09-16,442,3.464364,0.603332,75650.000000,75524.800000
29826138,2026-09-16T14:18,75597.290000,-0.428000,0.115504,2026-09-16,443,9.089802,0.209384,75627.660000,75569.000000
29826139,2026-09-16T14:19,75485.230000,-0.358600,-0.689541,2026-09-16,659,30.205460,0.144330,75592.630000,75462.450000
29826140,2026-09-16T14:20,75572.080000,-0.661000,-0.565362,2026-09-16,487,9.506657,0.543254,75573.650000,75479.560000
29826141,2026-09-16T14:21,75616.900000,-0.843700,-0.260176,2026-09-16,414,10.320191,0.245227,75616.910000,75550.530000
29826142,2026-09-16T14:22,75564.170000,-0.398600,-0.514820,2026-09-16,372,3.647735,0.262663,75616.910000,75553.000000
29826143,2026-09-16T14:23,75545.860000,-0.323400,-0.457987,2026-09-16,343,4.768982,0.383775,75569.720000,75514.400000
29826144,2026-09-16T14:24,75558.880000,-0.657500,-0.253163,2026-09-16,483,11.183765,0.604443,75576.790000,75500.000000
29826145,2026-09-16T14:25,75613.790000,-0.477000,0.194624,2026-09-16,460,6.169088,0.179131,75633.800000,75539.190000
29826146,2026-09-16T14:26,75680.790000,-0.334700,-0.700029,2026-09-16,523,8.223642,0.299919,75680.810000,75605.540000
29826147,2026-09-16T14:27,75699.990000,-0.435000,-0.270162,2026-09-16,478,3.469815,0.435633,75700.000000,75648.540000
29826148,2026-09-16T14:28,75732.300000,-0.301800,-0.127970,2026-09-16,425,3.296891,0.546314,75750.000000,75700.990000
29826149,2026-09-16T14:29,75761.570000,0.165400,0.067399,2026-09-16,516,7.370786,0.284521,75763.990000,75716.670000
29826150,2026-09-16T14:30,75723.140000,-0.587500,-0.412732,2026-09-16,537,9.349225,0.243607,75766.600000,75681.570000
29826151,2026-09-16T14:31,75642.390000,-0.788000,-0.541461,2026-09-16,477,3.969663,0.200747,75723.140000,75628.960000
29826152,2026-09-16T14:32,75586.550000,-0.567400,-0.557411,2026-09-16,479,8.533228,0.474296,75642.750000,75555.000000
29826153,2026-09-16T14:33,75673.670000,-0.157400,-0.051239,2026-09-16,486,5.747992,0.418648,75697.550000,75587.200000
29826154,2026-09-16T14:34,75660.230000,-0.479500,-0.183264,2026-09-16,489,6.803543,0.451386,75722.990000,75652.120000
29826155,2026-09-16T14:35,75651.490000,-0.651000,-0.191783,2026-09-16,407,3.336831,0.231793,75722.790000,75629.670000
29826156,2026-09-16T14:36,75620.920000,-0.235800,-0.365657,2026-09-16,531,8.500997,0.670368,75708.250000,75620.910000
29826157,2026-09-16T14:37,75628.790000,-0.409400,0.341223,2026-09-16,469,4.247455,0.116322,75641.930000,75591.530000
29826158,2026-09-16T14:38,75644.360000,-0.205000,-0.773198,2026-09-16,397,3.293226,0.262480,75669.340000,75625.510000
29826159,2026-09-16T14:39,75572.350000,-0.232700,-0.566647,2026-09-16,445,4.372439,0.376447,75644.360000,75566.400000
29826160,2026-09-16T14:40,75618.390000,-0.703800,-0.077006,2026-09-16,446,7.328357,0.073638,75618.400000,75555.000000
29826161,2026-09-16T14:41,75629.210000,-0.581000,-0.853382,2026-09-16,416,3.499413,0.099312,75648.790000,75610.030000
29826162,2026-09-16T14:42,75643.580000,-0.015000,-0.802812,2026-09-16,633,14.605942,0.495378,75664.000000,75592.370000
29826163,2026-09-16T14:43,75680.790000,-0.242900,-0.007666,2026-09-16,395,2.826841,0.332439,75680.790000,75611.740000
29826164,2026-09-16T14:44,75688.580000,0.207300,-0.335390,2026-09-16,523,5.588160,0.419287,75718.180000,75650.110000
29826165,2026-09-16T14:45,75657.240000,-0.104200,-0.161156,2026-09-16,419,2.692289,0.274793,75693.160000,75636.160000
29826166,2026-09-16T14:46,75606.700000,-0.437000,-0.450172,2026-09-16,419,8.390023,0.771160,75659.990000,75605.340000
29826167,2026-09-16T14:47,75600.570000,-0.579800,0.542979,2026-09-16,382,3.227063,0.243563,75637.050000,75600.560000
29826168,2026-09-16T14:48,75524.790000,0.161700,-0.519803,2026-09-16,534,12.540579,0.283609,75604.460000,75477.950000
29826169,2026-09-16T14:49,75522.420000,-0.246500,-0.433007,2026-09-16,588,13.989102,0.629978,75573.020000,75478.990000
29826170,2026-09-16T14:50,75524.920000,-0.549400,0.254239,2026-09-16,497,7.918358,0.478362,75594.100000,75500.000000
29826171,2026-09-16T14:51,75449.300000,-0.682100,-0.097146,2026-09-16,631,18.920397,0.283256,75528.190000,75398.500000
29826172,2026-09-16T14:52,75539.020000,-0.638700,-0.420229,2026-09-16,508,2.879881,0.722194,75539.030000,75449.210000
29826173,2026-09-16T14:53,75566.390000,-0.547800,0.486046,2026-09-16,458,6.127647,0.244362,75569.830000,75519.380000
29826174,2026-09-16T14:54,75544.890000,-0.457300,-0.510283,2026-09-16,416,2.955438,0.544180,75578.480000,75532.300000
29826175,2026-09-16T14:55,75541.240000,-0.615000,0.094645,2026-09-16,454,3.131457,0.188562,75569.360000,75500.000000
29826176,2026-09-16T14:56,75579.110000,-0.494400,-0.644433,2026-09-16,398,4.533284,0.357304,75595.010000,75527.470000
29826177,2026-09-16T14:57,75538.140000,-0.553700,-0.285720,2026-09-16,474,5.446812,0.170782,75579.110000,75533.240000
29826178,2026-09-16T14:58,75557.040000,-0.207700,-0.658642,2026-09-16,367,2.155808,0.417038,75563.280000,75534.760000
29826179,2026-09-16T14:59,75630.960000,-0.803500,-0.156351,2026-09-16,409,5.308812,0.571255,75635.220000,75557.030000
29826180,2026-09-16T15:00,75658.670000,0.184200,0.066920,2026-09-16,486,4.825288,0.362751,75670.400000,75618.400000
29826181,2026-09-16T15:01,75677.170000,-0.077600,-0.200939,2026-09-16,483,5.692877,0.423691,75701.600000,75658.660000
29826182,2026-09-16T15:02,75640.290000,-0.414500,-0.164463,2026-09-16,527,6.215132,0.086199,75690.920000,75633.320000
29826183,2026-09-16T15:03,75654.260000,-0.718000,-0.829883,2026-09-16,449,2.869911,0.140774,75657.000000,75611.260000
29826184,2026-09-16T15:04,75647.790000,-0.688900,-0.719101,2026-09-16,768,7.126779,0.375874,75689.090000,75621.190000
29826185,2026-09-16T15:05,75537.660000,-0.628800,-0.213862,2026-09-16,759,19.185177,0.291558,75717.670000,75538.280000
29826186,2026-09-16T15:06,75504.110000,-0.703700,-0.439776,2026-09-16,756,21.695637,0.215161,75556.870000,75488.910000
29826187,2026-09-16T15:07,75652.090000,-0.659100,-0.561242,2026-09-16,641,19.138006,0.443657,75705.000000,75469.960000
29826188,2026-09-16T15:08,75524.790000,-0.641300,-0.094464,2026-09-16,551,11.837365,0.301321,75639.720000,75501.010000
29826189,2026-09-16T15:09,75680.790000,-0.394700,-0.405662,2026-09-16,493,6.246215,0.343238,75680.800000,75517.290000
29826190,2026-09-16T15:10,75711.990000,-0.697000,-0.267366,2026-09-16,429,4.813936,0.303478,75711.990000,75670.410000
29826191,2026-09-16T15:11,75651.970000,-0.565000,-0.431931,2026-09-16,458,5.677365,0.392833,75741.620000,75651.920000
29826192,2026-09-16T15:12,75636.460000,-0.622000,-0.188384,2026-09-16,430,3.892821,0.236168,75693.990000,75630.590000
29826193,2026-09-16T15:13,75696.950000,-0.626400,-0.539734,2026-09-16,446,4.442853,0.398237,75705.000000,75622.500000
29826194,2026-09-16T15:14,75695.120000,-0.763300,-0.208926,2026-09-16,349,2.450908,0.179857,75711.990000,75685.010000
29826195,2026-09-16T15:15,75647.360000,-0.699300,-0.627896,2026-09-16,525,9.231375,0.234486,75705.480000,75607.560000
29826196,2026-09-16T15:16,75611.990000,-0.802000,-0.532626,2026-09-16,520,7.885427,0.196593,75667.370000,75576.800000
29826197,2026-09-16T15:17,75620.830000,-0.499000,-0.622347,2026-09-16,518,8.838307,0.343441,75628.770000,75568.630000
29826198,2026-09-16T15:18,75605.570000,-0.693200,-0.292676,2026-09-16,480,7.366282,0.144524,75649.010000,75590.390000
29826199,2026-09-16T15:19,75626.170000,-0.646600,-0.707732,2026-09-16,609,10.452392,0.167713,75675.980000,75588.450000
29826200,2026-09-16T15:20,75637.100000,-0.640200,-0.667213,2026-09-16,708,12.220544,0.227033,75664.770000,75612.660000
29826201,2026-09-16T15:21,75710.080000,0.094900,-0.551476,2026-09-16,761,16.415024,0.149050,75711.030000,75621.850000
29826202,2026-09-16T15:22,75717.420000,-0.217700,-0.697545,2026-09-16,747,18.842954,0.360134,75744.120000,75692.650000
29826203,2026-09-16T15:23,75716.860000,-0.411600,-0.275928,2026-09-16,650,14.282300,0.228860,75741.720000,75685.100000
29826204,2026-09-16T15:24,75675.990000,-0.607100,-0.557354,2026-09-16,474,8.851901,0.086454,75716.850000,75660.410000
29826205,2026-09-16T15:25,75691.210000,-0.635300,-0.823809,2026-09-16,600,10.000456,0.119503,75692.720000,75628.810000
29826206,2026-09-16T15:26,75652.570000,-0.651200,-0.759696,2026-09-16,615,11.552022,0.105019,75715.810000,75627.960000
29826207,2026-09-16T15:27,75652.040000,-0.522400,-0.787181,2026-09-16,488,8.241056,0.213959,75659.990000,75629.100000
29826208,2026-09-16T15:28,75606.510000,-0.610900,-0.572092,2026-09-16,481,9.216425,0.139136,75652.340000,75603.350000
29826209,2026-09-16T15:29,75576.430000,-0.710000,-0.721665,2026-09-16,392,6.375625,0.197009,75614.000000,75567.480000
29826210,2026-09-16T15:30,75510.170000,-0.716800,-0.611580,2026-09-16,703,14.997615,0.195981,75587.970000,75490.650000
29826211,2026-09-16T15:31,75537.790000,-0.710800,-0.607185,2026-09-16,610,11.788190,0.283080,75555.990000,75501.820000
29826212,2026-09-16T15:32,75517.800000,-0.500200,-0.428024,2026-09-16,658,11.280400,0.210148,75537.790000,75501.750000
29826213,2026-09-16T15:33,75565.330000,-0.675000,-0.579008,2026-09-16,617,10.896582,0.184380,75566.390000,75502.650000
29826214,2026-09-16T15:34,75568.850000,-0.750500,-0.639452,2026-09-16,563,9.152450,0.154029,75600.030000,75548.330000
29826215,2026-09-16T15:35,75657.700000,-0.207800,-0.686957,2026-09-16,661,10.873745,0.172173,75659.930000,75568.850000
29826216,2026-09-16T15:36,75682.120000,-0.133200,-0.661694,2026-09-16,594,15.378839,0.213228,75720.490000,75651.990000
29826217,2026-09-16T15:37,75656.510000,-0.602900,-0.566971,2026-09-16,574,10.227095,0.129213,75729.360000,75649.370000
29826218,2026-09-16T15:38,75690.070000,-0.707500,-0.744290,2026-09-16,625,11.102864,0.262429,75698.990000,75639.060000
29826219,2026-09-16T15:39,75691.200000,0.226100,-0.488265,2026-09-16,526,11.610263,0.481915,75717.440000,75666.390000
29826220,2026-09-16T15:40,75712.880000,0.028400,-0.006661,2026-09-16,396,3.534385,0.468633,75719.980000,75681.460000
29826221,2026-09-16T15:41,75723.180000,-0.719300,-0.128678,2026-09-16,403,4.266395,0.666636,75730.750000,75688.200000
29826222,2026-09-16T15:42,75717.900000,-0.692800,0.419722,2026-09-16,471,3.534336,0.273219,75736.970000,75701.600000
29826223,2026-09-16T15:43,75686.930000,-0.609500,-0.452859,2026-09-16,286,0.818518,0.168171,75728.280000,75685.470000
29826224,2026-09-16T15:44,75666.890000,-0.522300,-0.668192,2026-09-16,323,1.933783,0.179911,75686.940000,75660.840000
29826225,2026-09-16T15:45,75711.890000,-0.501200,-0.638690,2026-09-16,530,6.768183,0.632662,75714.400000,75643.840000
29826226,2026-09-16T15:46,75691.420000,-0.767800,0.265372,2026-09-16,256,2.567120,0.180159,75722.400000,75680.810000
29826227,2026-09-16T15:47,75829.460000,-0.650100,-0.641084,2026-09-16,890,23.458112,0.631993,75894.320000,75660.200000
29826228,2026-09-16T15:48,75807.010000,-0.603600,0.263419,2026-09-16,392,2.524833,0.309572,75867.100000,75783.290000
29826229,2026-09-16T15:49,75766.110000,-0.761500,-0.368713,2026-09-16,323,1.502712,0.313865,75807.000000,75743.200000
29826230,2026-09-16T15:50,75829.490000,-0.585800,-0.263502,2026-09-16,511,9.109439,0.474263,75833.280000,75756.620000
29826231,2026-09-16T15:51,75790.510000,-0.659500,-0.090840,2026-09-16,432,5.692254,0.153232,75857.100000,75769.610000
29826232,2026-09-16T15:52,75792.790000,-0.479500,-0.684889,2026-09-16,342,2.209321,0.486658,75815.000000,75776.570000
29826233,2026-09-16T15:53,75793.070000,-0.454400,0.011222,2026-09-16,348,2.586372,0.576346,75849.760000,75792.310000
29826234,2026-09-16T15:54,75793.620000,-0.843800,0.132676,2026-09-16,381,2.936923,0.244844,75815.630000,75764.040000
29826235,2026-09-16T15:55,75758.960000,-0.682700,-0.506349,2026-09-16,455,2.746394,0.237117,75796.020000,75753.530000
29826236,2026-09-16T15:56,75736.850000,0.261100,-0.501680,2026-09-16,438,4.614770,0.391710,75765.770000,75706.830000
29826237,2026-09-16T15:57,75688.830000,-0.616500,-0.230505,2026-09-16,407,2.986591,0.611221,75743.650000,75682.820000
29826238,2026-09-16T15:58,75756.890000,-0.776700,0.222718,2026-09-16,450,10.642982,0.802561,75780.430000,75680.810000
29826239,2026-09-16T15:59,75730.900000,-0.694500,0.605205,2026-09-16,387,4.583824,0.205203,75767.770000,75719.380000
29826240,2026-09-16T16:00,75718.980000,-0.782900,-0.568460,2026-09-16,432,3.894915,0.592205,75754.000000,75712.010000
29826241,2026-09-16T16:01,75737.110000,-0.792500,0.188242,2026-09-16,398,3.040832,0.473396,75740.790000,75690.790000
29826242,2026-09-16T16:02,75743.830000,-0.718500,-0.083022,2026-09-16,454,2.662097,0.322666,75753.600000,75711.680000
29826243,2026-09-16T16:03,75703.650000,-0.584400,-0.392334,2026-09-16,349,1.208349,0.252101,75743.830000,75703.650000
29826244,2026-09-16T16:04,75717.260000,-0.736300,-0.413619,2026-09-16,455,4.091316,0.279474,75754.070000,75681.100000
29826245,2026-09-16T16:05,75752.580000,-0.628800,-0.441013,2026-09-16,525,3.634241,0.305119,75754.080000,75715.480000
29826246,2026-09-16T16:06,75687.930000,-0.504400,-0.315841,2026-09-16,534,11.745633,0.231451,75771.690000,75670.400000
29826247,2026-09-16T16:07,75661.210000,-0.754400,-0.564242,2026-09-16,450,3.287373,0.225480,75714.000000,75661.210000
29826248,2026-09-16T16:08,75583.650000,-0.592500,-0.549934,2026-09-16,572,13.748251,0.407634,75661.210000,75569.230000
29826249,2026-09-16T16:09,75669.860000,-0.754000,-0.184217,2026-09-16,464,4.739391,0.323058,75678.970000,75596.560000
29826250,2026-09-16T16:10,75660.010000,-0.734300,-0.311874,2026-09-16,576,8.843565,0.337976,75712.000000,75648.320000
29826251,2026-09-16T16:11,75667.320000,-0.774600,-0.348305,2026-09-16,491,5.743421,0.366070,75685.500000,75630.960000
29826252,2026-09-16T16:12,75742.550000,-0.709700,-0.258582,2026-09-16,556,9.276847,0.624973,75750.010000,75673.760000
29826253,2026-09-16T16:13,75811.620000,-0.662400,0.250052,2026-09-16,456,3.615857,0.278737,75811.680000,75712.170000
29826254,2026-09-16T16:14,75784.140000,-0.612500,-0.486417,2026-09-16,473,5.174056,0.158495,75811.640000,75753.600000
29826255,2026-09-16T16:15,75794.360000,-0.581900,-0.662899,2026-09-16,436,3.274384,0.283616,75824.320000,75758.550000
29826256,2026-09-16T16:16,75714.480000,-0.392200,-0.431634,2026-09-16,415,5.915199,0.108979,75794.370000,75708.890000
29826257,2026-09-16T16:17,75721.960000,-0.712500,-0.784040,2026-09-16,431,4.070577,0.366413,75725.000000,75674.240000
29826258,2026-09-16T16:18,75793.920000,-0.626100,-0.241582,2026-09-16,542,12.560736,0.735220,75809.670000,75721.970000
29826259,2026-09-16T16:19,75824.300000,-0.587000,0.431647,2026-09-16,360,2.840307,0.168038,75824.310000,75764.000000
29826260,2026-09-16T16:20,75814.920000,-0.671900,-0.620139,2026-09-16,398,2.741305,0.212506,75832.950000,75781.310000
29826261,2026-09-16T16:21,75751.080000,-0.686200,-0.575870,2026-09-16,439,3.651872,0.332972,75823.060000,75750.170000
29826262,2026-09-16T16:22,75769.950000,0.147000,-0.334025,2026-09-16,300,0.480765,0.419728,75774.390000,75747.930000
29826263,2026-09-16T16:23,75781.850000,-0.705000,-0.832292,2026-09-16,407,4.610455,0.181984,75787.960000,75732.820000
29826264,2026-09-16T16:24,75733.170000,-0.596300,0.012908,2026-09-16,407,3.925517,0.098588,75784.970000,75712.030000
29826265,2026-09-16T16:25,75768.540000,-0.788800,-0.802816,2026-09-16,360,1.014671,0.707093,75777.580000,75733.170000
29826266,2026-09-16T16:26,75750.230000,-0.468900,0.423261,2026-09-16,355,1.441482,0.565349,75775.080000,75749.860000
29826267,2026-09-16T16:27,75714.740000,-0.683400,0.133690,2026-09-16,513,11.987848,0.033701,75762.370000,75695.470000
29826268,2026-09-16T16:28,75678.640000,-0.714100,-0.933421,2026-09-16,391,5.913679,0.514998,75714.740000,75678.630000
29826269,2026-09-16T16:29,75724.980000,-0.116300,0.055913,2026-09-16,431,5.375364,0.553828,75732.790000,75678.630000
29826270,2026-09-16T16:30,75748.420000,-0.838500,0.108172,2026-09-16,367,1.397195,0.459769,75774.400000,75728.520000
29826271,2026-09-16T16:31,75721.450000,-0.662600,0.433305,2026-09-16,388,3.895118,0.607695,75758.760000,75712.010000
29826272,2026-09-16T16:32,75730.310000,-0.589700,-0.556207,2026-09-16,519,8.362583,0.237413,75735.000000,75667.280000
29826273,2026-09-16T16:33,75665.260000,-0.689800,-0.337738,2026-09-16,319,3.123392,0.281003,75735.000000,75654.530000
29826274,2026-09-16T16:34,75689.640000,-0.821400,-0.441210,2026-09-16,347,3.214696,0.250716,75700.000000,75660.220000
29826275,2026-09-16T16:35,75699.290000,-0.697800,-0.511562,2026-09-16,340,1.200081,0.303612,75715.000000,75683.360000
29826276,2026-09-16T16:36,75672.410000,-0.622100,-0.348511,2026-09-16,386,2.945832,0.125067,75734.000000,75672.710000
29826277,2026-09-16T16:37,75677.700000,-0.818000,-0.744959,2026-09-16,417,2.076791,0.210319,75691.060000,75661.910000
29826278,2026-09-16T16:38,75701.230000,-0.803900,-0.585095,2026-09-16,338,0.871234,0.513077,75715.070000,75677.690000
29826279,2026-09-16T16:39,75681.270000,-0.524400,0.025180,2026-09-16,356,1.331343,0.407965,75712.770000,75681.270000
29826280,2026-09-16T16:40,75639.240000,-0.706400,-0.205811,2026-09-16,401,4.913122,0.402624,75683.000000,75629.010000
29826281,2026-09-16T16:41,75669.430000,-0.621100,-0.188527,2026-09-16,370,3.244759,0.707823,75670.390000,75615.930000
29826282,2026-09-16T16:42,75626.040000,-0.635200,0.386896,2026-09-16,425,4.549937,0.117333,75668.510000,75624.860000
29826283,2026-09-16T16:43,75631.770000,-0.712500,-0.761466,2026-09-16,344,2.942333,0.387098,75639.860000,75611.750000
29826284,2026-09-16T16:44,75616.830000,-0.665400,-0.226142,2026-09-16,368,3.723603,0.073472,75635.990000,75607.800000
29826285,2026-09-16T16:45,75673.600000,-0.696600,-0.853046,2026-09-16,463,4.588518,0.412492,75683.660000,75615.100000
29826286,2026-09-16T16:46,75709.360000,-0.675200,-0.173717,2026-09-16,346,1.550162,0.372561,75710.290000,75662.700000
29826287,2026-09-16T16:47,75758.520000,-0.353200,-0.342897,2026-09-16,368,3.846434,0.555740,75758.520000,75703.430000
29826288,2026-09-16T16:48,75697.290000,-0.611100,0.148049,2026-09-16,554,6.456921,0.082739,75772.480000,75691.830000
29826289,2026-09-16T16:49,75690.010000,-0.631800,-0.830893,2026-09-16,402,5.636783,0.158886,75712.930000,75667.590000
29826290,2026-09-16T16:50,75668.980000,-0.615200,-0.684422,2026-09-16,219,1.749891,0.556758,75690.010000,75662.810000
29826291,2026-09-16T16:51,75683.610000,-0.514900,0.126731,2026-09-16,398,5.624247,0.529227,75698.470000,75662.880000
29826292,2026-09-16T16:52,75713.550000,-0.463400,0.371292,2026-09-16,492,8.830688,0.394470,75752.150000,75683.600000
29826293,2026-09-16T16:53,75733.760000,-0.789100,-0.779092,2026-09-16,404,4.547286,0.199773,75747.720000,75705.530000
29826294,2026-09-16T16:54,75732.360000,-0.670800,-0.601958,2026-09-16,450,3.418153,0.150240,75735.000000,75699.020000
29826295,2026-09-16T16:55,75747.320000,-0.716800,-0.676873,2026-09-16,380,4.377428,0.512022,75747.330000,75720.810000
29826296,2026-09-16T16:56,75712.930000,-0.811200,0.014452,2026-09-16,430,3.447744,0.235799,75753.600000,75708.630000
29826297,2026-09-16T16:57,75713.740000,-0.758100,-0.525605,2026-09-16,340,1.109859,0.281400,75724.180000,75709.050000
29826298,2026-09-16T16:58,75706.360000,-0.664700,-0.431393,2026-09-16,348,2.705881,0.327000,75712.640000,75683.630000
29826299,2026-09-16T16:59,75701.550000,-0.660100,-0.351406,2026-09-16,425,5.164785,0.363616,75743.190000,75692.530000
29826300,2026-09-16T17:00,75693.460000,-0.691700,-0.394160,2026-09-16,372,4.511105,0.424794,75701.560000,75674.260000
29826301,2026-09-16T17:01,75677.670000,-0.726400,0.076627,2026-09-16,444,4.180308,0.381975,75693.460000,75655.180000
29826302,2026-09-16T17:02,75697.820000,-0.804200,-0.219542,2026-09-16,341,3.148229,0.291868,75700.000000,75669.620000
29826303,2026-09-16T17:03,75692.080000,-0.692800,-0.416583,2026-09-16,315,1.355920,0.297058,75697.820000,75679.740000
29826304,2026-09-16T17:04,75724.670000,-0.003100,-0.397270,2026-09-16,597,8.072940,0.285601,75728.130000,75691.860000
29826305,2026-09-16T17:05,75667.920000,-0.682200,-0.429630,2026-09-16,476,7.563553,0.192972,75734.510000,75652.860000
29826306,2026-09-16T17:06,75680.790000,-0.848100,-0.614635,2026-09-16,361,3.314171,0.658525,75684.170000,75650.000000
29826307,2026-09-16T17:07,75656.990000,-0.797100,0.316613,2026-09-16,514,10.114270,0.071343,75696.440000,75646.000000
29826308,2026-09-16T17:08,75620.300000,-0.605100,-0.857306,2026-09-16,425,5.065159,0.300044,75671.360000,75618.380000
29826309,2026-09-16T17:09,75608.180000,-0.590300,-0.399774,2026-09-16,321,1.116496,0.532426,75628.000000,75608.000000
29826310,2026-09-16T17:10,75643.220000,-0.618700,0.127424,2026-09-16,329,1.873983,0.590600,75644.410000,75599.060000
29826311,2026-09-16T17:11,75614.640000,-0.546000,-0.193890,2026-09-16,525,11.083496,0.604231,75645.040000,75592.370000
29826312,2026-09-16T17:12,75641.400000,-0.784500,0.296557,2026-09-16,362,2.692707,0.544261,75655.610000,75605.400000
29826313,2026-09-16T17:13,75622.040000,-0.458200,0.088386,2026-09-16,361,3.506447,0.122294,75650.000000,75611.120000
29826314,2026-09-16T17:14,75656.960000,-0.367300,-0.755676,2026-09-16,304,2.336455,0.250840,75664.430000,75618.920000
29826315,2026-09-16T17:15,75677.850000,-0.655100,-0.498320,2026-09-16,333,3.936485,0.181008,75691.200000,75656.950000
29826316,2026-09-16T17:16,75732.150000,-0.306600,-0.642840,2026-09-16,416,12.895548,0.847128,75731.510000,75655.650000
29826317,2026-09-16T17:17,75706.320000,-0.547800,0.701449,2026-09-16,614,29.911898,0.579587,75758.450000,75686.600000
29826318,2026-09-16T17:18,75657.510000,-0.662300,0.157176,2026-09-16,468,20.431009,0.831487,75720.000000,75655.660000
29826319,2026-09-16T17:19,75680.790000,-0.258300,0.663674,2026-09-16,381,4.526578,0.172154,75680.800000,75638.270000
29826320,2026-09-16T17:20,75669.040000,-0.330000,-0.651774,2026-09-16,342,5.483776,0.262600,75695.000000,75657.030000
29826321,2026-09-16T17:21,75599.960000,-0.536800,-0.476403,2026-09-16,366,4.745640,0.060857,75670.420000,75599.850000
29826322,2026-09-16T17:22,75594.150000,-0.603800,-0.879620,2026-09-16,507,11.350568,0.161050,75626.090000,75561.830000
29826323,2026-09-16T17:23,75643.070000,-0.476100,-0.675229,2026-09-16,430,6.521312,0.712988,75646.990000,75585.990000
29826324,2026-09-16T17:24,75640.960000,-0.609200,0.424719,2026-09-16,386,5.515622,0.046005,75654.990000,75623.900000
29826325,2026-09-16T17:25,75690.830000,-0.460600,-0.907918,2026-09-16,347,2.404299,0.380777,75693.390000,75632.860000
29826326,2026-09-16T17:26,75685.820000,-0.590600,-0.157760,2026-09-16,371,3.892084,0.164613,75711.890000,75672.310000
29826327,2026-09-16T17:27,75653.890000,-0.380900,-0.666667,2026-09-16,296,2.137871,0.137180,75680.810000,75653.810000
29826328,2026-09-16T17:28,75639.210000,-0.405200,-0.731956,2026-09-16,370,3.859082,0.102004,75666.060000,75639.200000
29826329,2026-09-16T17:29,75649.010000,-0.573800,-0.796017,2026-09-16,294,1.463961,0.574174,75655.070000,75633.680000
29826330,2026-09-16T17:30,75625.670000,-0.524400,0.149914,2026-09-16,448,9.026116,0.156592,75666.320000,75598.730000
29826331,2026-09-16T17:31,75624.230000,0.547800,-0.692793,2026-09-16,387,6.415225,0.275853,75640.170000,75585.480000
29826332,2026-09-16T17:32,75667.640000,-0.341700,-0.433693,2026-09-16,312,1.989002,0.102988,75667.640000,75644.220000
29826333,2026-09-16T17:33,75618.540000,0.023300,-0.795679,2026-09-16,375,6.404215,0.654784,75679.790000,75612.710000
29826334,2026-09-16T17:34,75557.820000,-0.431100,0.309363,2026-09-16,339,4.450052,0.093035,75618.550000,75556.000000
29826335,2026-09-16T17:35,75497.110000,-0.367000,-0.850517,2026-09-16,582,13.124718,0.200763,75568.390000,75429.820000
29826336,2026-09-16T17:36,75490.550000,-0.088400,-0.561782,2026-09-16,488,6.515924,0.202031,75543.420000,75474.910000
29826337,2026-09-16T17:37,75419.300000,-0.274600,-0.602416,2026-09-16,724,19.896439,0.486984,75499.880000,75368.740000
29826338,2026-09-16T17:38,75419.610000,-0.091100,-0.012492,2026-09-16,619,9.605709,0.684765,75430.670000,75388.250000
29826339,2026-09-16T17:39,75379.430000,-0.227200,0.358564,2026-09-16,648,12.053903,0.551270,75420.000000,75373.470000
29826340,2026-09-16T17:40,75466.360000,0.008700,0.036130,2026-09-16,1160,12.933243,0.615393,75466.360000,75368.810000
29826341,2026-09-16T17:41,75448.110000,0.341900,0.237854,2026-09-16,474,12.204528,0.527928,75478.990000,75436.400000
29826342,2026-09-16T17:42,75324.010000,-0.276300,0.109671,2026-09-16,473,7.670432,0.258081,75448.120000,75324.000000
29826343,2026-09-16T17:43,75324.890000,0.138300,-0.291986,2026-09-16,782,9.174141,0.774580,75347.630000,75313.790000
29826344,2026-09-16T17:44,75390.740000,-0.426500,0.488968,2026-09-16,620,11.920929,0.548580,75400.000000,75321.580000
29826345,2026-09-16T17:45,75415.950000,-0.204000,0.176709,2026-09-16,949,10.818732,0.808689,75478.490000,75390.730000
29826346,2026-09-16T17:46,75392.760000,-0.404800,0.582031,2026-09-16,435,7.661041,0.783576,75418.840000,75366.750000
29826347,2026-09-16T17:47,75384.990000,-0.028800,0.553348,2026-09-16,453,5.389807,0.828329,75384.990000,75350.040000
29826348,2026-09-16T17:48,75353.120000,-0.120500,0.656651,2026-09-16,911,15.457174,0.426433,75400.000000,75352.410000
29826349,2026-09-16T17:49,75296.400000,-0.545800,-0.147084,2026-09-16,989,14.919075,0.663353,75353.130000,75274.110000
29826350,2026-09-16T17:50,75316.800000,0.086100,0.370498,2026-09-16,964,12.696905,0.684132,75374.730000,75294.740000
29826351,2026-09-16T17:51,75362.210000,-0.206200,0.292438,2026-09-16,499,8.023335,0.618721,75362.220000,75296.220000
29826352,2026-09-16T17:52,75367.680000,0.074500,0.292000,2026-09-16,474,6.728171,0.549468,75370.520000,75341.870000
29826353,2026-09-16T17:53,75399.990000,0.142200,0.102336,2026-09-16,465,8.979866,0.619621,75400.000000,75357.850000
29826354,2026-09-16T17:54,75434.490000,-0.166500,0.173858,2026-09-16,538,7.642059,0.463758,75513.750000,75386.910000
29826355,2026-09-16T17:55,75461.170000,-0.101700,-0.047023,2026-09-16,375,4.162719,0.254429,75478.080000,75431.200000
29826356,2026-09-16T17:56,75505.880000,0.024500,-0.480399,2026-09-16,346,2.572364,0.277137,75513.670000,75444.690000
29826357,2026-09-16T17:57,75563.430000,-0.024500,-0.472771,2026-09-16,432,3.513513,0.206433,75564.330000,75502.200000
29826358,2026-09-16T17:58,75730.890000,0.068400,-0.586483,2026-09-16,724,15.188659,0.542162,75850.000000,75560.860000
29826359,2026-09-16T17:59,75622.790000,-0.374300,0.090713,2026-09-16,1049,30.165544,0.609449,75800.010000,75613.370000
29826360,2026-09-16T18:00,75482.430000,0.165300,0.222436,2026-09-16,2383,119.600255,0.472027,75915.000000,75336.890000
29826361,2026-09-16T18:01,75331.420000,0.309300,-0.061512,2026-09-16,995,23.665346,0.398626,75575.800000,75309.980000
29826362,2026-09-16T18:02,75542.580000,-0.486500,-0.209747,2026-09-16,1345,44.315338,0.466720,75580.860000,75217.430000
29826363,2026-09-16T18:03,75700.960000,-0.576800,-0.068058,2026-09-16,986,22.259921,0.382142,75818.480000,75479.330000
29826364,2026-09-16T18:04,75760.360000,0.324600,-0.232481,2026-09-16,925,28.659530,0.235864,75839.390000,75631.570000
29826365,2026-09-16T18:05,76045.400000,-0.571000,-0.528321,2026-09-16,1087,26.913847,0.576552,76140.200000,75769.230000
29826366,2026-09-16T18:06,76159.290000,-0.370100,0.155886,2026-09-16,933,22.241264,0.661725,76277.810000,76030.430000
29826367,2026-09-16T18:07,76330.990000,-0.481700,0.302073,2026-09-16,1293,45.386459,0.575158,76430.020000,76096.800000
29826368,2026-09-16T18:08,76329.300000,0.060000,0.151829,2026-09-16,1017,45.537926,0.448038,76499.990000,76300.000000
29826369,2026-09-16T18:09,76152.490000,-0.403400,-0.031096,2026-09-16,728,24.162687,0.486419,76360.000000,76113.460000
29826370,2026-09-16T18:10,76052.180000,-0.273500,-0.163524,2026-09-16,945,31.513757,0.507068,76269.540000,76025.440000
29826371,2026-09-16T18:11,76003.320000,-0.275300,0.021287,2026-09-16,842,26.119704,0.257022,76109.980000,75967.550000
29826372,2026-09-16T18:12,75916.650000,-0.705400,-0.481328,2026-09-16,736,17.657402,0.345620,76034.690000,75910.000000
29826373,2026-09-16T18:13,75895.460000,-0.476400,-0.218192,2026-09-16,914,22.463687,0.425825,76012.100000,75816.170000
29826374,2026-09-16T18:14,75719.580000,-0.673700,-0.227721,2026-09-16,1036,34.523260,0.309131,75917.900000,75621.510000
29826375,2026-09-16T18:15,75774.400000,-0.721600,-0.383254,2026-09-16,738,13.256453,0.502953,75847.190000,75693.020000
29826376,2026-09-16T18:16,75734.220000,-0.417400,0.007915,2026-09-16,804,15.196778,0.417592,75837.990000,75700.050000
29826377,2026-09-16T18:17,75771.430000,-0.511100,-0.152941,2026-09-16,701,22.467110,0.352024,75841.990000,75738.470000
29826378,2026-09-16T18:18,75774.430000,-0.340100,-0.305891,2026-09-16,712,12.952832,0.502452,75885.810000,75701.600000
29826379,2026-09-16T18:19,75885.650000,-0.292100,0.014249,2026-09-16,730,19.008896,0.722426,75951.200000,75743.200000
29826380,2026-09-16T18:20,75930.390000,-0.068600,0.433098,2026-09-16,643,13.135870,0.482009,75950.620000,75778.760000
29826381,2026-09-16T18:21,75912.130000,0.058100,-0.042049,2026-09-16,660,18.181581,0.503075,76038.630000,75875.840000
29826382,2026-09-16T18:22,75972.920000,-0.069000,0.017794,2026-09-16,434,3.550409,0.519866,76024.000000,75888.970000
29826383,2026-09-16T18:23,75988.140000,-0.116700,-0.045460,2026-09-16,496,9.008748,0.264985,75993.290000,75862.340000
29826384,2026-09-16T18:24,75830.420000,-0.085600,-0.453463,2026-09-16,425,4.957912,0.535576,75997.720000,75816.010000
29826385,2026-09-16T18:25,75771.360000,-0.005100,0.059183,2026-09-16,496,7.001080,0.548626,75878.060000,75760.000000
29826386,2026-09-16T18:26,75859.000000,-0.127600,0.108823,2026-09-16,502,7.397858,0.348157,75863.720000,75789.870000
29826387,2026-09-16T18:27,75712.780000,-0.106200,-0.307491,2026-09-16,524,8.801991,0.347481,75875.540000,75712.000000
29826388,2026-09-16T18:28,75724.890000,0.155300,-0.298442,2026-09-16,638,11.880802,0.602322,75731.170000,75569.580000
29826389,2026-09-16T18:29,75943.830000,-0.123500,0.205790,2026-09-16,727,18.128062,0.580454,75961.830000,75723.380000
29826390,2026-09-16T18:30,75805.610000,-0.430500,0.161869,2026-09-16,588,7.864724,0.459283,75955.130000,75749.880000
29826391,2026-09-16T18:31,75719.830000,-0.191000,-0.107374,2026-09-16,572,9.566437,0.348532,75809.460000,75663.530000
29826392,2026-09-16T18:32,75606.020000,-0.232200,-0.300898,2026-09-16,764,18.495247,0.347591,75738.610000,75530.580000
29826393,2026-09-16T18:33,75526.920000,0.169500,-0.316778,2026-09-16,847,18.402553,0.411753,75628.790000,75487.390000
29826394,2026-09-16T18:34,75527.080000,-0.643100,-0.163658,2026-09-16,753,12.136372,0.419699,75603.620000,75464.230000
29826395,2026-09-16T18:35,75184.100000,-0.176200,-0.191121,2026-09-16,1261,41.528962,0.304393,75524.900000,75171.150000
29826396,2026-09-16T18:36,75034.460000,-0.178200,-0.383596,2026-09-16,2822,113.751376,0.269154,75300.000000,74911.530000
29826397,2026-09-16T18:37,75316.240000,0.289100,-0.462639,2026-09-16,1313,52.976096,0.454284,75315.680000,74975.920000
29826398,2026-09-16T18:38,75648.780000,0.243500,-0.085354,2026-09-16,1480,50.901158,0.404427,75714.840000,75314.000000
29826399,2026-09-16T18:39,75713.760000,-0.291100,-0.176626,2026-09-16,1114,34.460806,0.618423,75840.000000,75609.470000
29826400,2026-09-16T18:40,75828.800000,-0.042800,0.185026,2026-09-16,866,17.594889,0.378209,75837.420000,75673.450000
29826401,2026-09-16T18:41,75875.770000,-0.050700,-0.202648,2026-09-16,682,11.066583,0.429443,75901.260000,75714.740000
29826402,2026-09-16T18:42,76223.380000,0.057500,-0.118484,2026-09-16,1162,45.384069,0.714003,76226.540000,75873.050000
29826403,2026-09-16T18:43,76126.980000,0.389600,0.425303,2026-09-16,792,24.727781,0.634721,76243.630000,76048.790000
29826404,2026-09-16T18:44,75898.240000,0.200700,0.273587,2026-09-16,861,34.689312,0.256264,76160.100000,75888.800000
29826405,2026-09-16T18:45,75940.820000,-0.458000,-0.494141,2026-09-16,665,10.954759,0.373931,76017.120000,75858.420000
29826406,2026-09-16T18:46,75878.650000,-0.291800,-0.225518,2026-09-16,443,3.449090,0.328902,75951.190000,75878.410000
29826407,2026-09-16T18:47,75797.990000,-0.629300,-0.311313,2026-09-16,475,5.316830,0.355965,75897.040000,75778.540000
29826408,2026-09-16T18:48,75798.540000,-0.237800,-0.408781,2026-09-16,225,2.244251,0.140553,75825.080000,75769.640000
29826409,2026-09-16T18:49,75847.210000,-0.528700,-0.465595,2026-09-16,671,8.347754,0.392195,75902.360000,75798.530000
29826410,2026-09-16T18:50,75677.880000,-0.613300,-0.186645,2026-09-16,586,11.576893,0.264224,75849.250000,75673.200000
29826411,2026-09-16T18:51,75823.620000,-0.581000,-0.480629,2026-09-16,568,8.069897,0.464399,75826.390000,75596.550000
29826412,2026-09-16T18:52,75586.760000,-0.611700,-0.109539,2026-09-16,654,15.761952,0.335543,75823.620000,75569.860000
29826413,2026-09-16T18:53,75497.490000,-0.615600,-0.335970,2026-09-16,752,25.010991,0.249901,75638.000000,75483.270000
29826414,2026-09-16T18:54,75459.960000,-0.353200,-0.463103,2026-09-16,632,13.013439,0.395399,75602.100000,75456.550000
29826415,2026-09-16T18:55,75480.300000,-0.424800,-0.258597,2026-09-16,601,14.025152,0.258794,75545.230000,75414.860000
29826416,2026-09-16T18:56,75496.670000,-0.563700,-0.489743,2026-09-16,513,9.013233,0.459993,75531.930000,75400.000000
29826417,2026-09-16T18:57,75456.710000,-0.503400,-0.071809,2026-09-16,487,12.522574,0.392346,75502.440000,75404.040000
29826418,2026-09-16T18:58,75586.640000,-0.603900,-0.216886,2026-09-16,581,13.498104,0.640568,75598.000000,75410.280000
29826419,2026-09-16T18:59,75554.800000,-0.599900,0.297791,2026-09-16,663,17.020778,0.542316,75657.610000,75531.420000
29826420,2026-09-16T19:00,75861.370000,-0.509700,0.177595,2026-09-16,578,23.344908,0.689419,75878.400000,75549.830000
29826421,2026-09-16T19:01,75906.110000,-0.360300,0.469927,2026-09-16,958,43.893370,0.685290,76022.790000,75868.000000
29826422,2026-09-16T19:02,75928.020000,-0.620800,0.252949,2026-09-16,760,26.179927,0.746844,75960.010000,75847.200000
29826423,2026-09-16T19:03,76053.110000,-0.588400,0.499576,2026-09-16,666,19.433456,0.474667,76066.000000,75892.030000
29826424,2026-09-16T19:04,75971.140000,-0.376200,-0.061853,2026-09-16,644,13.819337,0.436916,76108.270000,75955.090000
29826425,2026-09-16T19:05,75930.390000,-0.353600,-0.125409,2026-09-16,660,12.667671,0.276749,75976.240000,75858.800000
29826426,2026-09-16T19:06,75972.010000,-0.573100,-0.432714,2026-09-16,533,6.138433,0.601461,75995.350000,75924.380000
29826427,2026-09-16T19:07,75950.540000,0.099000,0.185880,2026-09-16,642,9.671635,0.391706,75994.820000,75858.640000
29826428,2026-09-16T19:08,75918.260000,-0.626600,-0.188768,2026-09-16,525,11.108935,0.611902,75995.460000,75891.940000
29826429,2026-09-16T19:09,75865.180000,-0.708300,0.206454,2026-09-16,536,11.564767,0.371782,75922.990000,75823.750000
29826430,2026-09-16T19:10,75715.420000,-0.473800,-0.256454,2026-09-16,625,13.095458,0.325768,75861.580000,75688.130000
29826431,2026-09-16T19:11,75759.990000,-0.590600,-0.352543,2026-09-16,582,15.260524,0.406268,75776.300000,75685.620000
29826432,2026-09-16T19:12,75713.210000,-0.515800,-0.189840,2026-09-16,638,16.866629,0.317547,75803.770000,75696.450000
29826433,2026-09-16T19:13,75723.670000,-0.649700,-0.363850,2026-09-16,585,11.971825,0.532984,75741.190000,75643.810000
29826434,2026-09-16T19:14,75867.990000,-0.526700,0.069129,2026-09-16,542,10.476278,0.732485,75878.400000,75708.050000
29826435,2026-09-16T19:15,75861.420000,-0.462900,0.467128,2026-09-16,794,26.208996,0.244493,75940.790000,75775.540000
29826436,2026-09-16T19:16,75761.340000,-0.536900,-0.514527,2026-09-16,514,9.037965,0.358248,75861.430000,75754.410000
29826437,2026-09-16T19:17,75701.610000,-0.703600,-0.318139,2026-09-16,502,9.472999,0.476531,75763.990000,75694.060000
29826438,2026-09-16T19:18,75659.040000,-0.668100,0.010707,2026-09-16,662,19.718307,0.532750,75795.190000,75651.130000
29826439,2026-09-16T19:19,75621.180000,-0.384200,0.065456,2026-09-16,799,22.216219,0.267768,75694.250000,75502.770000
29826440,2026-09-16T19:20,75552.470000,-0.484700,-0.464423,2026-09-16,608,17.800395,0.625103,75649.590000,75543.820000
29826441,2026-09-16T19:21,75492.480000,-0.713600,0.239475,2026-09-16,576,12.918953,0.316745,75560.810000,75479.340000
29826442,2026-09-16T19:22,75427.890000,-0.168800,-0.142467,2026-09-16,957,48.093200,0.410205,75559.670000,75408.600000
29826443,2026-09-16T19:23,75391.260000,-0.744600,-0.237069,2026-09-16,681,19.915383,0.379958,75481.750000,75389.000000
29826444,2026-09-16T19:24,75353.550000,-0.618700,-0.253180,2026-09-16,554,10.455685,0.406102,75410.400000,75330.780000
29826445,2026-09-16T19:25,75264.760000,-0.569900,0.154836,2026-09-16,775,22.300421,0.410330,75440.390000,75239.470000
29826446,2026-09-16T19:26,75179.100000,-0.590200,-0.476274,2026-09-16,677,18.230664,0.352867,75287.730000,75169.100000
29826447,2026-09-16T19:27,75396.240000,-0.679300,-0.280848,2026-09-16,927,26.268201,0.654176,75408.450000,75160.800000
29826448,2026-09-16T19:28,75295.390000,-0.644300,0.292801,2026-09-16,676,20.005840,0.313707,75397.160000,75259.930000
29826449,2026-09-16T19:29,75461.490000,-0.491100,-0.359679,2026-09-16,522,7.922289,0.331570,75472.790000,75291.840000
29826450,2026-09-16T19:30,75397.060000,-0.606100,-0.367532,2026-09-16,750,14.294659,0.451893,75482.740000,75379.200000
29826451,2026-09-16T19:31,75432.610000,-0.192500,-0.084028,2026-09-16,504,7.277472,0.321738,75462.390000,75348.030000
29826452,2026-09-16T19:32,75555.990000,-0.002900,-0.335182,2026-09-16,507,8.937811,0.291996,75556.000000,75431.080000
29826453,2026-09-16T19:33,75569.990000,-0.137900,-0.431045,2026-09-16,484,8.108198,0.318087,75601.490000,75493.610000
29826454,2026-09-16T19:34,75723.580000,-0.068200,-0.353729,2026-09-16,456,7.274306,0.480448,75722.400000,75556.860000
29826455,2026-09-16T19:35,75706.180000,-0.482900,-0.052272,2026-09-16,501,13.683904,0.195210,75780.990000,75681.130000
29826456,2026-09-16T19:36,75606.150000,-0.072800,-0.620367,2026-09-16,726,18.432214,0.256425,75713.600000,75561.010000
29826457,2026-09-16T19:37,75665.290000,-0.160400,-0.474796,2026-09-16,516,7.477710,0.386170,75670.390000,75553.480000
29826458,2026-09-16T19:38,75699.710000,0.006500,-0.226596,2026-09-16,581,11.831889,0.361482,75763.990000,75650.180000
29826459,2026-09-16T19:39,75744.390000,-0.370500,-0.276972,2026-09-16,332,2.023093,0.240632,75753.570000,75692.560000
29826460,2026-09-16T19:40,75744.670000,-0.365400,-0.581964,2026-09-16,571,13.834492,0.159229,75752.400000,75695.830000
29826461,2026-09-16T19:41,75738.890000,-0.471500,-0.674529,2026-09-16,492,6.557099,0.403617,75815.140000,75731.550000
29826462,2026-09-16T19:42,75786.400000,-0.114600,-0.196807,2026-09-16,577,12.826796,0.512779,75826.400000,75698.190000
29826463,2026-09-16T19:43,75887.740000,0.030200,0.004813,2026-09-16,472,18.522660,0.699223,75896.960000,75781.010000
29826464,2026-09-16T19:44,75908.570000,0.058300,0.419077,2026-09-16,438,8.878480,0.245433,75914.850000,75853.010000
29826465,2026-09-16T19:45,75990.640000,0.137900,-0.513517,2026-09-16,515,11.480138,0.435769,76037.110000,75878.470000
29826466,2026-09-16T19:46,75988.290000,0.033500,-0.132429,2026-09-16,481,9.168981,0.393444,76030.320000,75935.140000
29826467,2026-09-16T19:47,76021.330000,-0.163600,-0.202660,2026-09-16,372,5.313592,0.580503,76034.390000,75996.870000
29826468,2026-09-16T19:48,76027.180000,-0.627200,-0.034763,2026-09-16,396,6.540078,0.311427,76069.730000,76003.200000
29826469,2026-09-16T19:49,76025.540000,0.215000,-0.268518,2026-09-16,111,0.681421,0.705914,76034.700000,76013.600000
29826470,2026-09-16T19:50,76021.960000,0.346700,0.411885,2026-09-16,794,14.743486,0.600909,76055.190000,75964.330000
29826471,2026-09-16T19:51,75971.140000,0.137400,0.193953,2026-09-16,462,18.030102,0.725246,76030.230000,75961.600000
29826472,2026-09-16T19:52,75981.510000,0.241200,0.453030,2026-09-16,367,4.831339,0.229985,75999.990000,75945.030000
29826473,2026-09-16T19:53,75965.790000,-0.066700,-0.533173,2026-09-16,401,6.910136,0.449334,75981.510000,75931.070000
29826474,2026-09-16T19:54,75999.020000,-0.060000,-0.179925,2026-09-16,294,2.378847,0.507665,76011.360000,75957.710000
29826475,2026-09-16T19:55,75990.820000,-0.100600,0.142694,2026-09-16,408,5.852014,0.349660,76002.750000,75942.900000
29826476,2026-09-16T19:56,75992.050000,0.231900,-0.265439,2026-09-16,387,8.914336,0.347295,76012.150000,75977.100000
29826477,2026-09-16T19:57,75968.200000,-0.029900,-0.306551,2026-09-16,358,4.549795,0.221694,76000.430000,75950.730000
29826478,2026-09-16T19:58,76011.680000,-0.094700,-0.599423,2026-09-16,492,9.214623,0.265717,76037.370000,75957.030000
29826479,2026-09-16T19:59,76004.630000,-0.158400,-0.442168,2026-09-16,444,9.126863,0.169940,76018.250000,75983.410000
29826480,2026-09-16T20:00,75980.710000,-0.662500,-0.539168,2026-09-16,496,4.078254,0.619674,76020.170000,75980.700000
29826481,2026-09-16T20:01,75973.570000,-0.253300,0.187875,2026-09-16,337,3.423997,0.803944,75980.700000,75940.460000
29826482,2026-09-16T20:02,76099.920000,-0.176000,0.562019,2026-09-16,311,5.386190,0.673064,76101.470000,75973.570000
29826483,2026-09-16T20:03,76163.960000,0.048900,0.337060,2026-09-16,400,4.339165,0.534531,76164.970000,76107.190000
29826484,2026-09-16T20:04,76198.650000,-0.733700,0.107536,2026-09-16,521,13.102057,0.569938,76211.200000,76117.400000
29826485,2026-09-16T20:05,76316.950000,0.204900,0.103755,2026-09-16,465,7.889264,0.864227,76329.130000,76185.300000
29826486,2026-09-16T20:06,76159.670000,-0.107600,0.753027,2026-09-16,463,11.194552,0.319665,76345.000000,76154.200000
29826487,2026-09-16T20:07,76169.610000,-0.310500,-0.358216,2026-09-16,376,4.873619,0.648885,76231.990000,76159.670000
29826488,2026-09-16T20:08,76117.800000,-0.069500,0.291768,2026-09-16,387,4.033232,0.357341,76211.220000,76117.600000
29826489,2026-09-16T20:09,76098.640000,0.251400,-0.286948,2026-09-16,518,15.809352,0.114347,76122.800000,76087.020000
29826490,2026-09-16T20:10,76055.230000,-0.300600,-0.775378,2026-09-16,347,7.030741,0.204111,76098.170000,76046.300000
29826491,2026-09-16T20:11,76081.110000,-0.416000,-0.579337,2026-09-16,286,1.965147,0.740191,76084.140000,76055.220000
29826492,2026-09-16T20:12,76124.460000,-0.402600,0.517509,2026-09-16,509,18.005949,0.417841,76169.690000,76059.020000
29826493,2026-09-16T20:13,76148.540000,-0.278000,-0.165331,2026-09-16,326,2.553688,0.604637,76162.200000,76124.460000
29826494,2026-09-16T20:14,76138.990000,-0.253300,0.148645,2026-09-16,304,2.809864,0.283972,76159.220000,76120.380000
29826495,2026-09-16T20:15,76101.270000,-0.098500,-0.444731,2026-09-16,308,2.419856,0.338465,76139.040000,76091.580000
29826496,2026-09-16T20:16,76139.990000,-0.512800,-0.186533,2026-09-16,302,2.898704,0.826911,76140.000000,76074.400000
29826497,2026-09-16T20:17,76234.480000,-0.077700,0.570354,2026-09-16,404,12.482452,0.812220,76238.000000,76120.580000
29826498,2026-09-16T20:18,76215.620000,-0.271500,0.636555,2026-09-16,319,4.624371,0.366034,76255.520000,76180.000000
29826499,2026-09-16T20:19,76268.510000,-0.358000,-0.342127,2026-09-16,382,3.240841,0.388483,76273.590000,76169.600000
29826500,2026-09-16T20:20,76274.170000,-0.082300,-0.091779,2026-09-16,325,4.966590,0.504988,76302.160000,76242.850000
29826501,2026-09-16T20:21,76268.210000,-0.591200,0.012633,2026-09-16,282,1.858833,0.594385,76286.060000,76254.280000
29826502,2026-09-16T20:22,76274.670000,-0.277000,0.188200,2026-09-16,320,6.195258,0.748535,76299.000000,76263.200000
29826503,2026-09-16T20:23,76242.390000,-0.400400,0.497069,2026-09-16,312,8.649041,0.088290,76282.110000,76215.900000
29826504,2026-09-16T20:24,76183.600000,-0.463700,-0.823428,2026-09-16,285,2.054502,0.159622,76242.400000,76183.590000
29826505,2026-09-16T20:25,76173.040000,-0.400100,-0.681537,2026-09-16,264,1.533178,0.319978,76191.660000,76160.370000
29826506,2026-09-16T20:26,76128.920000,-0.333300,-0.230400,2026-09-16,329,2.945757,0.663929,76179.920000,76122.800000
29826507,2026-09-16T20:27,76052.010000,-0.274800,0.320259,2026-09-16,347,1.879091,0.261502,76135.740000,76052.000000
29826508,2026-09-16T20:28,76047.510000,-0.237900,-0.582439,2026-09-16,303,2.485006,0.698926,76052.010000,76035.510000
29826509,2026-09-16T20:29,76135.120000,-0.459000,0.397487,2026-09-16,398,11.511486,0.713867,76145.780000,76035.930000
29826510,2026-09-16T20:30,76153.770000,-0.404800,0.427856,2026-09-16,321,3.158905,0.096577,76169.600000,76120.480000
29826511,2026-09-16T20:31,76117.990000,-0.047200,-0.803207,2026-09-16,248,1.265248,0.365934,76161.790000,76117.990000
29826512,2026-09-16T20:32,76062.110000,0.224800,-0.179033,2026-09-16,323,2.352771,0.348164,76133.150000,76057.730000
29826513,2026-09-16T20:33,76063.240000,-0.072500,-0.326312,2026-09-16,316,2.500098,0.635482,76079.580000,76046.540000
29826514,2026-09-16T20:34,76142.480000,-0.329700,0.301991,2026-09-16,277,1.793109,0.718341,76147.560000,76064.280000
29826515,2026-09-16T20:35,76093.330000,0.234600,0.464189,2026-09-16,528,16.957560,0.182563,76180.000000,76084.100000
29826516,2026-09-16T20:36,76103.990000,-0.239800,-0.660396,2026-09-16,283,3.854299,0.641066,76116.300000,76091.110000
29826517,2026-09-16T20:37,76062.120000,0.115400,0.281414,2026-09-16,256,2.440572,0.616404,76110.790000,76055.200000
29826518,2026-09-16T20:38,76034.400000,-0.455700,0.233383,2026-09-16,281,1.907806,0.626770,76075.500000,76034.400000
29826519,2026-09-16T20:39,76031.800000,-0.475600,0.252575,2026-09-16,348,2.031701,0.607613,76034.410000,76022.790000
29826520,2026-09-16T20:40,76011.140000,-0.083000,0.214384,2026-09-16,269,2.714079,0.768238,76031.810000,76003.130000
29826521,2026-09-16T20:41,75985.150000,-0.510700,0.537274,2026-09-16,354,2.894187,0.428702,76022.740000,75967.250000
29826522,2026-09-16T20:42,76010.860000,-0.334300,-0.142592,2026-09-16,367,7.720922,0.701245,76013.590000,75944.010000
29826523,2026-09-16T20:43,76057.760000,-0.515000,-0.063784,2026-09-16,280,7.059570,0.079529,76057.760000,76009.750000
29826524,2026-09-16T20:44,76048.040000,-0.167900,-0.650911,2026-09-16,279,2.324417,0.112038,76065.600000,76047.910000
29826525,2026-09-16T20:45,76008.520000,-0.081400,-0.775695,2026-09-16,243,2.081519,0.154319,76048.030000,76003.200000
29826526,2026-09-16T20:46,76017.990000,0.088000,-0.691448,2026-09-16,257,0.913741,0.330332,76025.040000,76008.520000
29826527,2026-09-16T20:47,76052.510000,0.156300,-0.338939,2026-09-16,270,1.316268,0.584412,76053.570000,76017.990000
29826528,2026-09-16T20:48,76107.200000,-0.298300,0.192118,2026-09-16,231,0.693934,0.904285,76107.200000,76052.510000
29826529,2026-09-16T20:49,76094.010000,-0.561400,0.797591,2026-09-16,379,11.226607,0.221038,76127.990000,76073.810000
29826530,2026-09-16T20:50,76056.170000,-0.375100,-0.557929,2026-09-16,318,2.751217,0.489948,76094.000000,76054.150000
29826531,2026-09-16T20:51,76019.390000,-0.340600,-0.020078,2026-09-16,268,1.880469,0.600980,76066.340000,76013.600000
29826532,2026-09-16T20:52,76032.270000,-0.483700,0.173066,2026-09-16,307,4.370456,0.744612,76042.130000,75982.400000
29826533,2026-09-16T20:53,76042.010000,-0.525100,0.505650,2026-09-16,242,2.289846,0.400869,76042.020000,76006.570000
29826534,2026-09-16T20:54,76061.670000,-0.206400,-0.198398,2026-09-16,297,3.341523,0.787970,76068.570000,76032.370000
29826535,2026-09-16T20:55,76057.110000,-0.262600,0.575902,2026-09-16,316,2.351956,0.564726,76082.380000,76034.890000
29826536,2026-09-16T20:56,76080.460000,0.015300,0.167138,2026-09-16,220,0.939077,0.267698,76080.460000,76062.570000
29826537,2026-09-16T20:57,76109.700000,-0.383400,-0.651826,2026-09-16,255,1.989141,0.441312,76115.100000,76080.450000
29826538,2026-09-16T20:58,76117.830000,-0.230100,-0.117377,2026-09-16,265,1.645032,0.666265,76122.450000,76103.470000
29826539,2026-09-16T20:59,76101.990000,-0.159300,0.297501,2026-09-16,280,1.661605,0.394248,76119.740000,76097.670000
29826540,2026-09-16T21:00,76099.670000,0.151500,-0.186644,2026-09-16,257,0.937086,0.490053,76105.070000,76084.070000
29826541,2026-09-16T21:01,76081.260000,0.018400,-0.034068,2026-09-16,251,0.628572,0.202509,76099.670000,76076.000000
29826542,2026-09-16T21:02,76078.520000,-0.333200,-0.571778,2026-09-16,255,0.516953,0.414751,76090.560000,76076.000000
29826543,2026-09-16T21:03,76105.640000,0.078000,-0.186292,2026-09-16,216,1.015229,0.774692,76107.490000,76078.520000
29826544,2026-09-16T21:04,76081.890000,-0.014600,0.549045,2026-09-16,279,0.475524,0.437501,76105.640000,76076.000000
29826545,2026-09-16T21:05,76109.950000,0.035000,-0.123774,2026-09-16,233,0.527663,0.276453,76112.720000,76080.970000
29826546,2026-09-16T21:06,76139.040000,-0.435300,-0.448311,2026-09-16,250,0.915168,0.333581,76148.800000,76109.940000
29826547,2026-09-16T21:07,76096.900000,0.364100,-0.345392,2026-09-16,313,1.064922,0.108012,76135.960000,76094.200000
29826548,2026-09-16T21:08,76076.010000,-0.094400,-0.791043,2026-09-16,308,1.781115,0.057500,76105.400000,76076.000000
29826549,2026-09-16T21:09,76087.990000,-0.121000,-0.885375,2026-09-16,271,1.915262,0.326171,76087.980000,76057.230000
29826550,2026-09-16T21:10,76082.010000,-0.336500,-0.354908,2026-09-16,270,2.318441,0.299442,76100.000000,76073.120000
29826551,2026-09-16T21:11,76034.990000,-0.511800,-0.395581,2026-09-16,293,1.908126,0.188309,76082.020000,76034.920000
29826552,2026-09-16T21:12,76016.420000,-0.374400,-0.607230,2026-09-16,287,0.939576,0.284108,76035.570000,76013.600000
29826553,2026-09-16T21:13,76022.540000,-0.490600,-0.461607,2026-09-16,334,2.222171,0.263719,76043.990000,76014.890000
29826554,2026-09-16T21:14,76044.790000,-0.599300,-0.471884,2026-09-16,289,1.740331,0.346162,76044.800000,76022.530000
29826555,2026-09-16T21:15,76049.290000,-0.660500,-0.309765,2026-09-16,220,0.747378,0.137947,76055.200000,76044.790000
29826556,2026-09-16T21:16,76064.080000,-0.548800,-0.640131,2026-09-16,241,1.424160,0.348313,76084.080000,76049.300000
29826557,2026-09-16T21:17,76049.300000,-0.254200,-0.296234,2026-09-16,243,0.774727,0.535242,76079.820000,76049.300000
29826558,2026-09-16T21:18,76044.640000,-0.220600,0.014038,2026-09-16,240,0.875312,0.420934,76055.600000,76038.490000
29826559,2026-09-16T21:19,76030.010000,-0.229400,-0.159495,2026-09-16,312,1.776934,0.850439,76046.780000,76026.910000
29826560,2026-09-16T21:20,76059.450000,-0.092100,0.700988,2026-09-16,244,1.370642,0.498720,76061.200000,76046.770000
29826561,2026-09-16T21:21,76030.170000,-0.216400,0.019711,2026-09-16,320,3.884990,0.233975,76073.110000,76015.550000
29826562,2026-09-16T21:22,76031.600000,-0.304400,-0.544847,2026-09-16,206,0.341616,0.579768,76031.690000,76026.690000
29826563,2026-09-16T21:23,76007.490000,-0.110200,0.164064,2026-09-16,245,2.616122,0.193751,76031.590000,76003.600000
29826564,2026-09-16T21:24,76001.380000,-0.444900,-0.612540,2026-09-16,323,3.515956,0.665840,76007.490000,75985.120000
29826565,2026-09-16T21:25,76002.260000,-0.142100,0.389017,2026-09-16,270,1.463928,0.543531,76005.550000,75996.440000
29826566,2026-09-16T21:26,76044.760000,0.098900,-0.180929,2026-09-16,296,2.431281,0.694688,76051.240000,76002.250000
29826567,2026-09-16T21:27,76026.080000,-0.236700,0.384686,2026-09-16,254,1.050753,0.198334,76053.790000,76026.080000
29826568,2026-09-16T21:28,75961.450000,0.154200,-0.600709,2026-09-16,382,5.447724,0.438173,76026.090000,75961.440000
29826569,2026-09-16T21:29,76000.040000,0.423200,-0.077994,2026-09-16,290,1.302473,0.730770,76013.520000,75961.440000
29826570,2026-09-16T21:30,76023.990000,-0.336200,0.349079,2026-09-16,257,1.780181,0.675235,76023.990000,76000.040000
29826571,2026-09-16T21:31,76014.880000,0.521200,0.349860,2026-09-16,230,0.485182,0.188282,76024.000000,76014.870000
29826572,2026-09-16T21:32,76002.360000,0.044700,-0.623229,2026-09-16,289,2.178054,0.388951,76014.880000,75992.800000
29826573,2026-09-16T21:33,75992.820000,-0.258100,-0.222102,2026-09-16,259,0.653953,0.780570,76002.370000,75992.800000
29826574,2026-09-16T21:34,75988.360000,0.128100,0.568903,2026-09-16,243,0.770064,0.772359,75992.820000,75988.340000
29826575,2026-09-16T21:35,75997.890000,-0.090500,0.539369,2026-09-16,199,1.017283,0.815102,75997.970000,75988.350000
29826576,2026-09-16T21:36,76001.950000,-0.115400,0.629340,2026-09-16,187,0.811259,0.853954,76002.370000,75997.880000
29826577,2026-09-16T21:37,75982.900000,-0.334600,0.707590,2026-09-16,327,4.880467,0.406917,76010.280000,75972.300000
29826578,2026-09-16T21:38,75934.230000,-0.150000,-0.242027,2026-09-16,372,4.503243,0.454955,75982.910000,75930.400000
29826579,2026-09-16T21:39,75921.890000,-0.297300,-0.010853,2026-09-16,270,1.768242,0.285423,75936.100000,75913.120000
29826580,2026-09-16T21:40,75909.610000,0.094800,0.342341,2026-09-16,308,3.658421,0.604369,75944.490000,75909.600000
29826581,2026-09-16T21:41,75900.010000,-0.302800,-0.828718,2026-09-16,300,2.350811,0.312445,75921.410000,75900.000000
29826582,2026-09-16T21:42,75916.590000,-0.140000,-0.374975,2026-09-16,283,5.592583,0.306794,75915.770000,75889.750000
29826583,2026-09-16T21:43,75886.650000,0.030400,-0.386895,2026-09-16,291,2.248011,0.269445,75915.840000,75857.600000
29826584,2026-09-16T21:44,75898.090000,-0.078700,-0.465436,2026-09-16,255,1.755052,0.089569,75897.040000,75878.650000
29826585,2026-09-16T21:45,75891.510000,-0.281000,-0.862301,2026-09-16,242,1.536918,0.102286,75897.050000,75863.380000
29826586,2026-09-16T21:46,75883.430000,0.714200,-0.698742,2026-09-16,225,0.801562,0.425449,75891.520000,75875.000000
29826587,2026-09-16T21:47,75899.140000,0.211800,-0.147998,2026-09-16,266,3.279889,0.568951,75907.560000,75881.420000
29826588,2026-09-16T21:48,75909.580000,-0.181800,0.138692,2026-09-16,258,1.317075,0.292827,75913.300000,75898.690000
29826589,2026-09-16T21:49,75900.840000,-0.028600,-0.415376,2026-09-16,257,1.243372,0.313035,75909.590000,75896.670000
29826590,2026-09-16T21:50,75900.360000,-0.189700,-0.375534,2026-09-16,169,0.648881,0.132840,75914.500000,75900.360000
29826591,2026-09-16T21:51,75900.700000,-0.394600,-0.737988,2026-09-16,248,0.561902,0.100757,75900.710000,75899.700000
29826592,2026-09-16T21:52,75927.880000,-0.052500,-0.796743,2026-09-16,292,1.097571,0.400464,75930.400000,75900.390000
29826593,2026-09-16T21:53,75927.120000,-0.101700,-0.199667,2026-09-16,224,0.451397,0.093871,75927.880000,75926.190000
29826594,2026-09-16T21:54,75959.420000,-0.309800,-0.813533,2026-09-16,373,6.487688,0.290414,75961.590000,75905.960000
29826595,2026-09-16T21:55,75888.800000,-0.046600,-0.418899,2026-09-16,303,7.966093,0.137756,75959.420000,75888.800000
29826596,2026-09-16T21:56,75904.800000,-0.071900,-0.715870,2026-09-16,383,5.739330,0.578313,75908.860000,75870.250000
29826597,2026-09-16T21:57,75937.260000,-0.043700,0.153215,2026-09-16,316,3.617209,0.096198,75942.230000,75904.800000
29826598,2026-09-16T21:58,75937.260000,-0.441800,-0.817604,2026-09-16,167,0.197392,0.695978,75937.280000,75937.260000
29826599,2026-09-16T21:59,75907.460000,-0.004700,0.391955,2026-09-16,280,3.256557,0.704949,75937.270000,75904.570000
29826600,2026-09-16T22:00,75868.010000,-0.350700,0.446369,2026-09-16,288,3.995132,0.170542,75924.810000,75868.010000
29826601,2026-09-16T22:01,75768.570000,-0.450500,-0.761539,2026-09-16,392,8.785482,0.092053,75868.000000,75763.980000
29826602,2026-09-16T22:02,75716.730000,-0.209100,-0.682615,2026-09-16,440,4.270202,0.370947,75800.000000,75691.200000
29826603,2026-09-16T22:03,75745.550000,-0.583200,-0.499859,2026-09-16,475,11.377521,0.613633,75774.400000,75673.210000
29826604,2026-09-16T22:04,75687.880000,0.112400,0.228941,2026-09-16,419,5.322469,0.277547,75747.070000,75665.690000
29826605,2026-09-16T22:05,75723.900000,0.358400,-0.439155,2026-09-16,314,4.189181,0.401470,75728.870000,75666.610000
29826606,2026-09-16T22:06,75665.610000,0.313000,-0.199248,2026-09-16,226,4.817768,0.304225,75723.900000,75665.600000
29826607,2026-09-16T22:07,75659.640000,-0.192100,-0.390746,2026-09-16,285,6.798839,0.231811,75670.410000,75613.210000
29826608,2026-09-16T22:08,75617.240000,-0.385200,-0.536680,2026-09-16,194,2.297082,0.314831,75659.640000,75605.060000
29826609,2026-09-16T22:09,75698.180000,-0.493000,-0.370329,2026-09-16,193,2.955892,0.738332,75701.600000,75617.240000
29826610,2026-09-16T22:10,75702.600000,-0.032500,0.441968,2026-09-16,158,1.460965,0.211738,75712.000000,75686.030000
29826611,2026-09-16T22:11,75719.770000,0.066600,-0.554121,2026-09-16,102,0.740812,0.296903,75724.710000,75701.080000
29826612,2026-09-16T22:12,75784.170000,-0.393500,0.381145,2026-09-16,215,1.846737,0.751682,75784.780000,75719.780000
29826613,2026-09-16T22:13,75793.070000,-0.342700,-0.015184,2026-09-16,288,0.583207,0.341895,75793.060000,75777.620000
29826614,2026-09-16T22:14,75826.390000,-0.292400,-0.354527,2026-09-16,256,0.994491,0.489936,75844.280000,75793.060000
29826615,2026-09-16T22:15,75845.460000,-0.367700,0.072139,2026-09-16,294,1.389522,0.623731,75845.460000,75815.000000
29826616,2026-09-16T22:16,75805.610000,-0.093100,0.214109,2026-09-16,372,8.978432,0.166509,75874.530000,75805.620000
29826617,2026-09-16T22:17,75807.080000,-0.406800,-0.667030,2026-09-16,240,0.506603,0.496974,75807.490000,75778.530000
29826618,2026-09-16T22:18,75784.800000,-0.483500,-0.003964,2026-09-16,289,0.928099,0.130007,75807.070000,75784.800000
29826619,2026-09-16T22:19,75728.190000,-0.277400,-0.738922,2026-09-16,331,3.073163,0.249112,75784.810000,75727.080000
29826620,2026-09-16T22:20,75715.480000,-0.357600,-0.506031,2026-09-16,292,2.971478,0.696511,75737.030000,75715.470000
29826621,2026-09-16T22:21,75675.320000,-0.153300,0.376424,2026-09-16,299,4.223800,0.690132,75715.410000,75673.200000
29826622,2026-09-16T22:22,75624.110000,-0.551100,0.401899,2026-09-16,317,4.025434,0.100337,75675.310000,75623.300000
29826623,2026-09-16T22:23,75617.140000,-0.505400,-0.799326,2026-09-16,270,1.952094,0.764746,75628.960000,75609.180000
29826624,2026-09-16T22:24,75632.460000,-0.468200,0.529169,2026-09-16,286,1.045166,0.419583,75641.930000,75614.250000
29826625,2026-09-16T22:25,75649.520000,-0.350200,-0.162029,2026-09-16,270,1.195328,0.574192,75649.460000,75632.240000
29826626,2026-09-16T22:26,75687.830000,-0.097100,0.496304,2026-09-16,244,1.763383,0.699277,75694.200000,75649.470000
29826627,2026-09-16T22:27,75689.040000,-0.269600,-0.130808,2026-09-16,273,3.956486,0.050846,75689.360000,75662.650000
29826628,2026-09-16T22:28,75728.360000,-0.355300,-0.898855,2026-09-16,265,1.066428,0.546075,75728.360000,75689.040000
29826629,2026-09-16T22:29,75691.210000,-0.553800,0.091871,2026-09-16,228,0.876345,0.142341,75728.370000,75691.200000
29826630,2026-09-16T22:30,75660.010000,-0.455800,-0.802406,2026-09-16,376,4.777156,0.392679,75691.210000,75659.720000
29826631,2026-09-16T22:31,75675.360000,-0.228900,-0.142204,2026-09-16,347,2.615234,0.526462,75680.020000,75639.850000
29826632,2026-09-16T22:32,75658.100000,-0.454000,0.055211,2026-09-16,250,1.256609,0.308919,75673.840000,75642.260000
29826633,2026-09-16T22:33,75653.510000,0.143100,-0.383547,2026-09-16,270,0.575328,0.248813,75668.840000,75651.280000
29826634,2026-09-16T22:34,75623.930000,-0.521000,-0.631531,2026-09-16,354,4.060422,0.091869,75653.510000,75620.830000
29826635,2026-09-16T22:35,75620.330000,-0.169000,-0.804742,2026-09-16,319,2.249635,0.661494,75649.590000,75614.250000
29826636,2026-09-16T22:36,75613.360000,-0.181200,0.322212,2026-09-16,303,2.494747,0.368219,75620.880000,75592.580000
29826637,2026-09-16T22:37,75650.990000,-0.235100,-0.263553,2026-09-16,250,1.147622,0.447314,75656.590000,75604.560000
29826638,2026-09-16T22:38,75652.730000,-0.506000,-0.107030,2026-09-16,271,1.090375,0.268884,75660.000000,75641.630000
29826639,2026-09-16T22:39,75711.990000,-0.660700,-0.462204,2026-09-16,262,2.747758,0.251340,75712.000000,75652.720000
29826640,2026-09-16T22:40,75669.760000,-0.531800,-0.501368,2026-09-16,281,1.415228,0.296229,75712.000000,75663.530000
29826641,2026-09-16T22:41,75683.740000,-0.126700,-0.398007,2026-09-16,206,0.421493,0.293016,75690.030000,75667.920000
29826642,2026-09-16T22:42,75719.040000,-0.417100,-0.295403,2026-09-16,257,3.716746,0.101955,75727.480000,75686.930000
29826643,2026-09-16T22:43,75736.990000,-0.656200,-0.814829,2026-09-16,198,0.226590,0.559105,75737.000000,75713.120000
29826644,2026-09-16T22:44,75755.930000,-0.548400,0.116203,2026-09-16,245,4.546021,0.911749,75756.170000,75736.990000
29826645,2026-09-16T22:45,75748.710000,-0.487000,0.823893,2026-09-16,296,1.732546,0.673619,75761.990000,75747.670000
29826646,2026-09-16T22:46,75753.400000,-0.336700,0.344981,2026-09-16,259,1.674354,0.575748,75760.630000,75748.710000
29826647,2026-09-16T22:47,75716.380000,-0.639000,0.151497,2026-09-16,280,0.906825,0.234899,75753.410000,75716.360000
29826648,2026-09-16T22:48,75675.040000,-0.542500,-0.529455,2026-09-16,357,2.563866,0.227760,75716.380000,75652.660000
29826649,2026-09-16T22:49,75658.520000,-0.689200,-0.544369,2026-09-16,274,1.888681,0.290160,75676.880000,75651.770000
29826650,2026-09-16T22:50,75637.480000,-0.506000,-0.420152,2026-09-16,293,0.619009,0.285535,75658.530000,75631.340000
29826651,2026-09-16T22:51,75599.570000,0.002900,-0.427196,2026-09-16,225,0.593041,0.390124,75652.010000,75598.400000
29826652,2026-09-16T22:52,75579.070000,-0.424300,-0.221301,2026-09-16,341,2.055407,0.128690,75599.420000,75573.670000
29826653,2026-09-16T22:53,75600.460000,-0.457200,-0.742620,2026-09-16,337,2.074240,0.856656,75602.940000,75578.800000
29826654,2026-09-16T22:54,75594.920000,-0.498000,0.711073,2026-09-16,240,1.227449,0.173652,75600.450000,75585.640000
29826655,2026-09-16T22:55,75607.990000,-0.576800,-0.690731,2026-09-16,231,0.703571,0.444806,75608.000000,75594.910000
29826656,2026-09-16T22:56,75607.920000,-0.273800,0.158932,2026-09-16,225,0.394373,0.577288,75608.000000,75589.990000
29826657,2026-09-16T22:57,75611.260000,-0.455300,0.124504,2026-09-16,203,1.296772,0.575119,75612.000000,75607.910000
29826658,2026-09-16T22:58,75621.460000,-0.541300,0.116381,2026-09-16,273,1.219192,0.301651,75622.960000,75594.740000
29826659,2026-09-16T22:59,75620.080000,-0.585200,-0.381492,2026-09-16,212,0.792986,0.238935,75621.470000,75611.530000
29826660,2026-09-16T23:00,75594.740000,-0.440500,-0.595965,2026-09-16,321,1.975346,0.130661,75651.080000,75587.290000
29826661,2026-09-16T23:01,75659.990000,-0.586900,-0.716568,2026-09-16,231,0.676304,0.483527,75660.000000,75576.810000
29826662,2026-09-16T23:02,75653.010000,-0.460600,-0.034049,2026-09-16,249,0.968997,0.562214,75667.360000,75632.890000
29826663,2026-09-16T23:03,75670.210000,-0.232900,0.016225,2026-09-16,263,1.473024,0.216976,75685.970000,75626.270000
29826664,2026-09-16T23:04,75670.730000,-0.687800,-0.517304,2026-09-16,244,0.917051,0.248456,75685.490000,75655.340000
29826665,2026-09-16T23:05,75729.250000,-0.171900,-0.532232,2026-09-16,250,1.576831,0.323097,75743.190000,75669.850000
29826666,2026-09-16T23:06,75736.980000,-0.586900,-0.353230,2026-09-16,238,1.456133,0.506321,75740.670000,75715.800000
29826667,2026-09-16T23:07,75677.360000,-0.079500,0.012193,2026-09-16,272,1.432910,0.224945,75736.970000,75670.400000
29826668,2026-09-16T23:08,75743.200000,-0.330300,-0.550110,2026-09-16,230,1.607556,0.386983,75743.190000,75677.360000
29826669,2026-09-16T23:09,75733.390000,-0.653100,-0.226448,2026-09-16,249,1.243963,0.288322,75752.130000,75724.180000
29826670,2026-09-16T23:10,75749.170000,-0.461300,-0.385504,2026-09-16,285,0.710143,0.699946,75752.140000,75729.870000
29826671,2026-09-16T23:11,75722.170000,0.092600,0.475120,2026-09-16,240,1.862547,0.218633,75749.170000,75709.510000
29826672,2026-09-16T23:12,75738.620000,-0.196800,-0.570795,2026-09-16,234,0.722305,0.737960,75738.630000,75722.170000
29826673,2026-09-16T23:13,75735.460000,-0.271600,0.133249,2026-09-16,259,1.797915,0.157723,75738.620000,75712.000000
29826674,2026-09-16T23:14,75786.990000,-0.224400,-0.632802,2026-09-16,246,1.049529,0.400635,75786.990000,75735.460000
29826675,2026-09-16T23:15,75805.640000,-0.471200,-0.169577,2026-09-16,329,5.996947,0.151806,75835.600000,75786.990000
29826676,2026-09-16T23:16,75867.990000,-0.353800,-0.709753,2026-09-16,261,1.000214,0.558503,75867.990000,75777.020000
29826677,2026-09-16T23:17,75938.170000,0.032100,0.275293,2026-09-16,441,8.006969,0.558564,75981.630000,75853.310000
29826678,2026-09-16T23:18,75960.020000,-0.015600,0.117263,2026-09-16,265,1.393969,0.411285,75987.100000,75939.900000
29826679,2026-09-16T23:19,75988.520000,-0.492800,-0.174727,2026-09-16,260,0.641749,0.297536,75988.840000,75960.030000
29826680,2026-09-16T23:20,76049.990000,-0.283800,-0.012541,2026-09-16,329,1.990160,0.512129,76050.000000,75988.520000
29826681,2026-09-16T23:21,76066.200000,-0.576900,-0.116046,2026-09-16,306,2.455102,0.446382,76082.790000,76035.790000
29826682,2026-09-16T23:22,76054.170000,-0.364100,-0.094686,2026-09-16,286,2.238510,0.358147,76084.160000,76034.820000
29826683,2026-09-16T23:23,76060.990000,-0.509200,-0.284944,2026-09-16,264,2.673003,0.454148,76076.990000,76048.730000
29826684,2026-09-16T23:24,76032.520000,-0.499200,-0.028808,2026-09-16,252,1.247418,0.579214,76073.700000,76027.270000
29826685,2026-09-16T23:25,76016.860000,-0.620900,0.032020,2026-09-16,277,1.203917,0.274890,76043.670000,76001.030000
29826686,2026-09-16T23:26,76007.240000,-0.483800,-0.479519,2026-09-16,385,18.643523,0.939631,76035.340000,75987.100000
29826687,2026-09-16T23:27,76010.420000,-0.738500,0.870834,2026-09-16,260,2.581050,0.862253,76023.990000,75997.660000
29826688,2026-09-16T23:28,76045.960000,-0.633500,0.782184,2026-09-16,240,0.911829,0.466726,76062.490000,76010.420000
29826689,2026-09-16T23:29,76016.700000,-0.577000,-0.050257,2026-09-16,268,0.605959,0.401093,76045.960000,76003.210000
29826690,2026-09-16T23:30,76070.790000,-0.714000,-0.355685,2026-09-16,265,1.177686,0.377456,76070.780000,76009.120000
29826691,2026-09-16T23:31,76018.080000,-0.411300,-0.214612,2026-09-16,354,5.011603,0.139020,76070.780000,76005.120000
29826692,2026-09-16T23:32,76014.380000,-0.542500,-0.718937,2026-09-16,290,1.089206,0.675474,76035.760000,76000.000000
29826693,2026-09-16T23:33,76044.790000,-0.313800,0.347271,2026-09-16,231,0.692258,0.218365,76044.800000,76023.280000
29826694,2026-09-16T23:34,76057.580000,-0.656600,-0.563412,2026-09-16,232,1.384055,0.140900,76070.350000,76044.790000
29826695,2026-09-16T23:35,76032.080000,-0.460000,-0.772579,2026-09-16,303,2.952973,0.768859,76057.570000,76022.430000
29826696,2026-09-16T23:36,76001.890000,-0.329100,0.763855,2026-09-16,235,0.680231,0.087006,76040.300000,76001.520000
29826697,2026-09-16T23:37,76051.350000,-0.701000,-0.826005,2026-09-16,287,4.523821,0.929250,76053.810000,76001.890000
29826698,2026-09-16T23:38,76049.170000,-0.680900,0.858775,2026-09-16,214,0.457696,0.324369,76061.790000,76041.390000
29826699,2026-09-16T23:39,76055.210000,-0.290900,-0.377955,2026-09-16,346,4.898917,0.657544,76088.180000,76035.960000
29826700,2026-09-16T23:40,76157.350000,-0.409100,0.315172,2026-09-16,443,7.628025,0.864484,76159.200000,76055.510000
29826701,2026-09-16T23:41,76122.480000,0.060100,0.729325,2026-09-16,298,4.224416,0.204434,76160.030000,76117.600000
29826702,2026-09-16T23:42,76096.800000,0.116700,-0.584265,2026-09-16,398,12.748303,0.095744,76158.950000,76096.800000
29826703,2026-09-16T23:43,76140.640000,-0.511400,-0.811470,2026-09-16,308,4.725009,0.877640,76154.370000,76096.800000
29826704,2026-09-16T23:44,76150.450000,-0.441700,0.754874,2026-09-16,274,2.306449,0.816245,76158.940000,76137.840000
29826705,2026-09-16T23:45,76161.550000,-0.369800,0.628037,2026-09-16,278,2.262491,0.882611,76172.530000,76150.480000
29826706,2026-09-16T23:46,76190.330000,-0.653400,0.808102,2026-09-16,298,3.233491,0.547257,76190.390000,76158.630000
29826707,2026-09-16T23:47,76133.730000,-0.700200,-0.050402,2026-09-16,313,5.555985,0.189524,76192.760000,76121.200000
29826708,2026-09-16T23:48,76098.960000,-0.307700,-0.620952,2026-09-16,292,1.156341,0.355212,76134.370000,76090.690000
29826709,2026-09-16T23:49,76159.200000,-0.450300,-0.289558,2026-09-16,343,8.417031,0.798600,76159.200000,76091.620000
29826710,2026-09-16T23:50,76180.980000,0.095300,0.597563,2026-09-16,310,3.144679,0.123509,76189.470000,76132.190000
29826711,2026-09-16T23:51,76179.730000,-0.502600,-0.642722,2026-09-16,274,2.001593,0.741505,76211.200000,76178.710000
29826712,2026-09-16T23:52,76210.490000,-0.473700,0.420450,2026-09-16,168,0.747598,0.344955,76203.830000,76179.720000
29826713,2026-09-16T23:53,76173.450000,-0.582700,-0.314686,2026-09-16,307,1.542858,0.155570,76214.790000,76170.010000
29826714,2026-09-16T23:54,76197.930000,-0.771800,-0.688824,2026-09-16,287,5.581154,0.077704,76200.000000,76163.000000
29826715,2026-09-16T23:55,76142.070000,-0.165500,-0.844600,2026-09-16,435,20.167554,0.043569,76200.000000,76114.660000
29826716,2026-09-16T23:56,76156.170000,0.516800,-0.912863,2026-09-16,277,0.833432,0.456037,76156.160000,76130.030000
29826717,2026-09-16T23:57,76148.180000,-0.076100,0.005866,2026-09-16,257,0.857692,0.224174,76166.080000,76148.180000
29826718,2026-09-16T23:58,76144.530000,0.164100,-0.710470,2026-09-16,287,1.291630,0.453767,76148.190000,76119.910000
29826719,2026-09-16T23:59,76144.990000,-0.557500,-0.140039,2026-09-16,219,1.657022,0.267418,76145.000000,76135.310000
