minute_epoch,minute_utc,close,book_imb,ofi,day,trades,volume,buy_share,high,low
29786820,2026-08-20T07:00,69792.050000,0.892100,0.399143,2026-08-20,653.000000,17.483084,0.234080,69814.000000,69790.310000
29786821,2026-08-20T07:01,69792.050000,0.963100,-0.538863,2026-08-20,258.000000,5.689009,0.766168,69803.150000,69790.660000
29786822,2026-08-20T07:02,69799.240000,0.976700,0.529803,2026-08-20,353.000000,4.939478,0.554632,69810.620000,69792.050000
29786823,2026-08-20T07:03,69767.740000,0.748400,0.084367,2026-08-20,554.000000,133.400599,0.018414,69799.240000,69716.220000
29786824,2026-08-20T07:04,69820.490000,0.531600,-0.958515,2026-08-20,384.000000,5.550851,0.823773,69820.480000,69764.520000
29786825,2026-08-20T07:05,69879.510000,0.912400,0.667019,2026-08-20,393.000000,4.333978,0.896188,69879.510000,69820.480000
29786826,2026-08-20T07:06,69828.920000,-0.522500,0.756447,2026-08-20,548.000000,6.655264,0.558104,69900.000000,69828.920000
29786827,2026-08-20T07:07,69859.480000,0.702600,0.116209,2026-08-20,531.000000,7.116866,0.835377,69859.470000,69800.000000
29786828,2026-08-20T07:08,69896.540000,0.481200,0.670753,2026-08-20,679.000000,11.808314,0.761490,69926.460000,69859.470000
29786829,2026-08-20T07:09,69887.510000,-0.176400,0.537086,2026-08-20,835.000000,22.191041,0.799204,69953.820000,69838.700000
29786830,2026-08-20T07:10,69859.210000,-0.311500,0.552793,2026-08-20,804.000000,17.298117,0.235395,69982.000000,69861.110000
29786831,2026-08-20T07:11,69758.080000,0.044600,-0.514245,2026-08-20,509.000000,5.194208,0.513040,69857.900000,69758.080000
29786832,2026-08-20T07:12,69803.680000,-0.180400,0.026199,2026-08-20,713.000000,11.585020,0.870486,69866.210000,69758.080000
29786833,2026-08-20T07:13,69761.300000,-0.256200,0.752331,2026-08-20,459.000000,3.738667,0.827352,69803.690000,69758.080000
29786834,2026-08-20T07:14,69751.640000,-0.514600,0.597505,2026-08-20,368.000000,2.252257,0.472565,69774.170000,69751.640000
29786835,2026-08-20T07:15,69738.260000,-0.147700,-0.055040,2026-08-20,430.000000,1.452974,0.276110,69754.870000,69735.000000
29786836,2026-08-20T07:16,69736.240000,-0.531600,-0.447621,2026-08-20,408.000000,1.468781,0.809775,69745.190000,69734.330000
29786837,2026-08-20T07:17,69620.550000,-0.379700,0.619548,2026-08-20,733.000000,6.038337,0.440430,69739.040000,69619.490000
29786838,2026-08-20T07:18,69642.170000,-0.031800,-0.119141,2026-08-20,474.000000,4.060539,0.773722,69661.480000,69629.270000
29786839,2026-08-20T07:19,69584.420000,-0.510800,0.507785,2026-08-20,407.000000,2.168328,0.313351,69642.160000,69584.410000
29786840,2026-08-20T07:20,69616.390000,0.226900,-0.340618,2026-08-20,458.000000,3.646499,0.899424,69616.400000,69574.540000
29786841,2026-08-20T07:21,69671.140000,0.047900,0.832645,2026-08-20,340.000000,2.753269,0.684278,69680.980000,69616.400000
29786842,2026-08-20T07:22,69640.010000,-0.321600,0.168918,2026-08-20,397.000000,1.390540,0.588941,69676.670000,69640.000000
29786843,2026-08-20T07:23,69590.640000,-0.365100,0.133452,2026-08-20,450.000000,1.822415,0.274571,69646.780000,69588.730000
29786844,2026-08-20T07:24,69590.640000,0.084300,-0.449191,2026-08-20,402.000000,6.080964,0.352042,69593.050000,69560.320000
29786845,2026-08-20T07:25,69629.260000,-0.124700,-0.298929,2026-08-20,389.000000,2.348978,0.529514,69629.970000,69580.980000
29786846,2026-08-20T07:26,69630.110000,0.346900,0.065216,2026-08-20,460.000000,5.289640,0.663887,69652.670000,69620.490000
29786847,2026-08-20T07:27,69631.290000,0.219800,0.328150,2026-08-20,467.000000,1.305592,0.754427,69631.280000,69622.840000
29786848,2026-08-20T07:28,69645.380000,0.066000,0.508546,2026-08-20,361.000000,1.504753,0.616983,69647.610000,69631.280000
29786849,2026-08-20T07:29,69642.170000,-0.410700,0.232983,2026-08-20,434.000000,2.845795,0.543108,69665.990000,69642.160000
29786850,2026-08-20T07:30,69540.010000,-0.038300,0.086369,2026-08-20,462.000000,2.721353,0.244933,69642.160000,69538.610000
29786851,2026-08-20T07:31,69510.140000,-0.156700,-0.510000,2026-08-20,369.000000,2.841015,0.473576,69542.310000,69509.330000
29786852,2026-08-20T07:32,69503.700000,0.438200,-0.052922,2026-08-20,422.000000,3.089056,0.420237,69510.140000,69452.290000
29786853,2026-08-20T07:33,69484.890000,-0.107100,-0.170811,2026-08-20,373.000000,3.132747,0.327315,69513.350000,69477.940000
29786854,2026-08-20T07:34,69555.020000,0.528200,-0.338318,2026-08-20,391.000000,3.831006,0.336846,69558.790000,69488.410000
29786855,2026-08-20T07:35,69544.510000,0.385300,-0.271655,2026-08-20,359.000000,1.779754,0.285827,69580.480000,69544.500000
29786856,2026-08-20T07:36,69513.900000,0.337900,-0.581725,2026-08-20,287.000000,1.386210,0.550380,69544.500000,69512.490000
29786857,2026-08-20T07:37,69490.860000,0.524600,0.125102,2026-08-20,237.000000,1.683295,0.434031,69522.750000,69487.900000
29786858,2026-08-20T07:38,69523.020000,0.142000,-0.116668,2026-08-20,314.000000,1.915119,0.373128,69537.010000,69487.900000
29786859,2026-08-20T07:39,69513.360000,-0.717400,-0.271366,2026-08-20,297.000000,3.553399,0.349945,69544.490000,69513.360000
29786860,2026-08-20T07:40,69506.900000,0.514000,-0.154918,2026-08-20,387.000000,3.777883,0.470019,69524.040000,69496.650000
29786861,2026-08-20T07:41,69529.510000,0.179400,-0.229106,2026-08-20,435.000000,5.655308,0.407225,69590.630000,69502.580000
29786862,2026-08-20T07:42,69540.210000,0.451600,-0.180378,2026-08-20,275.000000,2.317454,0.561673,69548.770000,69513.370000
29786863,2026-08-20T07:43,69545.710000,0.675600,0.191943,2026-08-20,313.000000,2.641150,0.294505,69545.710000,69531.010000
29786864,2026-08-20T07:44,69564.260000,0.033600,-0.539137,2026-08-20,296.000000,2.333234,0.488712,69584.740000,69545.700000
29786865,2026-08-20T07:45,69546.010000,0.382200,-0.023288,2026-08-20,253.000000,2.397416,0.332216,69564.250000,69520.830000
29786866,2026-08-20T07:46,69520.820000,0.485400,-0.335573,2026-08-20,362.000000,2.755764,0.121219,69547.380000,69518.990000
29786867,2026-08-20T07:47,69558.080000,0.607000,-0.759127,2026-08-20,281.000000,3.645173,0.386682,69561.130000,69518.990000
29786868,2026-08-20T07:48,69569.990000,0.611100,-0.222136,2026-08-20,222.000000,2.281542,0.614814,69572.990000,69542.530000
29786869,2026-08-20T07:49,69637.510000,0.628900,0.229347,2026-08-20,405.000000,6.009342,0.538771,69641.010000,69571.600000
29786870,2026-08-20T07:50,69614.450000,0.430100,0.077635,2026-08-20,369.000000,7.718304,0.691556,69637.510000,69604.500000
29786871,2026-08-20T07:51,69586.540000,0.326500,0.345682,2026-08-20,385.000000,3.689673,0.346889,69614.270000,69577.510000
29786872,2026-08-20T07:52,69672.420000,0.618400,-0.364693,2026-08-20,1051.000000,10.338053,0.478883,69675.560000,69585.010000
29786873,2026-08-20T07:53,69688.390000,0.471700,0.012198,2026-08-20,271.000000,3.012890,0.473482,69699.990000,69672.420000
29786874,2026-08-20T07:54,69764.990000,0.685500,-0.053635,2026-08-20,362.000000,6.150293,0.732889,69768.670000,69688.390000
29786875,2026-08-20T07:55,69726.990000,0.285100,0.409568,2026-08-20,255.000000,2.106882,0.329757,69764.980000,69721.800000
29786876,2026-08-20T07:56,69711.100000,0.372400,-0.281674,2026-08-20,636.000000,5.262783,0.195844,69726.990000,69687.150000
29786877,2026-08-20T07:57,69714.350000,0.423700,-0.623916,2026-08-20,501.000000,6.915800,0.543607,69725.560000,69685.500000
29786878,2026-08-20T07:58,69742.490000,0.304500,0.094752,2026-08-20,868.000000,10.035061,0.640807,69756.310000,69714.340000
29786879,2026-08-20T07:59,69783.610000,0.616500,0.363494,2026-08-20,931.000000,14.968625,0.592350,69801.010000,69730.230000
29786880,2026-08-20T08:00,69749.450000,0.377500,0.126328,2026-08-20,954.000000,14.521707,0.505949,69807.400000,69735.720000
29786881,2026-08-20T08:01,69795.400000,0.268900,0.021423,2026-08-20,347.000000,5.860778,0.756490,69802.970000,69739.200000
29786882,2026-08-20T08:02,69826.690000,0.418700,0.495274,2026-08-20,381.000000,7.507322,0.644794,69836.640000,69783.000000
29786883,2026-08-20T08:03,69796.510000,-0.143600,0.281997,2026-08-20,629.000000,9.685419,0.675261,69852.010000,69796.510000
29786884,2026-08-20T08:04,69803.350000,0.182900,0.368035,2026-08-20,1211.000000,12.064248,0.458264,69835.220000,69788.040000
29786885,2026-08-20T08:05,69838.490000,0.661300,-0.083804,2026-08-20,734.000000,7.346541,0.587829,69838.480000,69794.880000
29786886,2026-08-20T08:06,69900.010000,0.321500,0.177839,2026-08-20,1205.000000,20.559713,0.678003,69940.950000,69838.220000
29786887,2026-08-20T08:07,70266.050000,-0.037200,0.355456,2026-08-20,3489.000000,101.360742,0.757701,70304.700000,69914.790000
29786888,2026-08-20T08:08,70201.930000,0.357400,0.518865,2026-08-20,1507.000000,40.237987,0.606559,70325.910000,70153.320000
29786889,2026-08-20T08:09,70660.340000,0.045200,0.186642,2026-08-20,3809.000000,102.637987,0.675987,70807.000000,70191.610000
29786890,2026-08-20T08:10,70857.580000,0.432600,0.352952,2026-08-20,1710.000000,39.607228,0.605783,70919.140000,70616.170000
29786891,2026-08-20T08:11,71006.320000,-0.189200,0.181788,2026-08-20,2053.000000,114.261635,0.835708,71092.750000,70772.760000
29786892,2026-08-20T08:12,70936.320000,0.569600,0.670821,2026-08-20,1690.000000,59.233072,0.569548,71121.050000,70857.160000
29786893,2026-08-20T08:13,71232.110000,0.069500,0.140234,2026-08-20,1977.000000,50.988621,0.618505,71246.580000,70946.700000
29786894,2026-08-20T08:14,71246.050000,-0.484500,0.321592,2026-08-20,1403.000000,26.162820,0.724108,71319.020000,71183.410000
29786895,2026-08-20T08:15,71032.600000,-0.217700,0.314462,2026-08-20,2832.000000,70.023635,0.734324,71246.060000,70996.070000
29786896,2026-08-20T08:16,71005.210000,0.108000,0.468087,2026-08-20,2074.000000,64.025592,0.651393,71062.140000,70985.000000
29786897,2026-08-20T08:17,71503.970000,-0.197000,0.306356,2026-08-20,2997.000000,69.695613,0.676795,71529.140000,70981.360000
29786898,2026-08-20T08:18,71311.990000,0.128100,0.363511,2026-08-20,1603.000000,67.712774,0.790558,71530.400000,71251.680000
29786899,2026-08-20T08:19,71259.980000,0.122100,0.582762,2026-08-20,952.000000,17.826393,0.696613,71366.600000,71259.970000
29786900,2026-08-20T08:20,71200.390000,0.382500,0.368217,2026-08-20,997.000000,14.324776,0.342705,71290.420000,71166.010000
29786901,2026-08-20T08:21,71089.390000,0.019200,-0.280757,2026-08-20,738.000000,12.576809,0.361111,71238.030000,71060.060000
29786902,2026-08-20T08:22,71142.540000,-0.018300,-0.323966,2026-08-20,1045.000000,18.744424,0.603553,71189.500000,71075.520000
29786903,2026-08-20T08:23,71115.870000,0.244200,0.200268,2026-08-20,765.000000,15.353929,0.277474,71138.170000,71068.630000
29786904,2026-08-20T08:24,71127.730000,-0.271800,-0.442126,2026-08-20,590.000000,11.620798,0.278231,71161.130000,71099.970000
29786905,2026-08-20T08:25,71120.760000,-0.612600,-0.415198,2026-08-20,796.000000,7.897755,0.691595,71194.470000,71103.360000
29786906,2026-08-20T08:26,71151.180000,-0.096100,0.364605,2026-08-20,684.000000,6.729432,0.348268,71152.080000,71038.600000
29786907,2026-08-20T08:27,71319.170000,-0.281200,-0.284631,2026-08-20,997.000000,23.156369,0.843440,71321.810000,71120.860000
29786908,2026-08-20T08:28,71305.200000,0.299400,0.671369,2026-08-20,1027.000000,22.655827,0.773084,71338.720000,71235.610000
29786909,2026-08-20T08:29,71298.240000,-0.492900,0.559545,2026-08-20,699.000000,16.488131,0.173360,71335.850000,71221.460000
29786910,2026-08-20T08:30,71225.210000,-0.471900,-0.647627,2026-08-20,663.000000,6.882826,0.581695,71312.160000,71221.030000
29786911,2026-08-20T08:31,71197.610000,-0.410100,0.156170,2026-08-20,682.000000,8.429009,0.488942,71235.390000,71153.540000
29786912,2026-08-20T08:32,71376.260000,-0.229800,-0.023081,2026-08-20,1048.000000,17.507150,0.671585,71402.640000,71176.440000
29786913,2026-08-20T08:33,71219.670000,-0.244500,0.343965,2026-08-20,913.000000,17.066072,0.450954,71375.250000,71172.970000
29786914,2026-08-20T08:34,71232.120000,-0.195300,-0.091505,2026-08-20,813.000000,7.579221,0.480116,71292.080000,71197.320000
29786915,2026-08-20T08:35,71148.580000,-0.481200,-0.054222,2026-08-20,784.000000,21.800867,0.660503,71246.920000,71127.630000
29786916,2026-08-20T08:36,71207.670000,0.328200,0.321173,2026-08-20,723.000000,11.676382,0.843455,71218.360000,71139.830000
29786917,2026-08-20T08:37,71265.290000,0.350400,0.680825,2026-08-20,645.000000,7.652105,0.681272,71265.290000,71200.000000
29786918,2026-08-20T08:38,71413.610000,0.456700,0.233086,2026-08-20,936.000000,18.632144,0.742721,71427.000000,71228.640000
29786919,2026-08-20T08:39,71388.210000,0.215200,0.558327,2026-08-20,1181.000000,21.153412,0.734396,71536.480000,71383.500000
29786920,2026-08-20T08:40,71446.510000,0.669500,0.469358,2026-08-20,1209.000000,23.080928,0.679406,71614.000000,71372.990000
29786921,2026-08-20T08:41,71437.680000,-0.661100,0.354451,2026-08-20,1093.000000,35.290152,0.732623,71478.830000,71371.510000
29786922,2026-08-20T08:42,71406.110000,-0.103300,0.471682,2026-08-20,906.000000,20.198675,0.733259,71447.880000,71358.000000
29786923,2026-08-20T08:43,71389.260000,0.231500,0.457538,2026-08-20,673.000000,8.496987,0.790457,71420.760000,71389.240000
29786924,2026-08-20T08:44,71451.740000,-0.043900,0.575997,2026-08-20,715.000000,12.810458,0.562129,71456.360000,71350.860000
29786925,2026-08-20T08:45,71490.700000,0.147800,0.123383,2026-08-20,874.000000,9.242348,0.495061,71494.490000,71389.480000
29786926,2026-08-20T08:46,71580.460000,0.014000,-0.020836,2026-08-20,1082.000000,18.664957,0.659536,71597.510000,71467.510000
29786927,2026-08-20T08:47,71656.790000,0.202700,0.327003,2026-08-20,1166.000000,22.660000,0.659857,71703.760000,71580.690000
29786928,2026-08-20T08:48,71635.800000,-0.244100,0.320503,2026-08-20,824.000000,12.082718,0.581154,71670.600000,71583.890000
29786929,2026-08-20T08:49,71618.450000,-0.333700,0.161677,2026-08-20,765.000000,10.050546,0.491694,71689.650000,71562.720000
29786930,2026-08-20T08:50,71667.110000,0.094300,-0.019621,2026-08-20,839.000000,10.046033,0.438861,71701.820000,71505.610000
29786931,2026-08-20T08:51,71656.790000,-0.709900,-0.119989,2026-08-20,691.000000,8.941517,0.616632,71699.990000,71618.400000
29786932,2026-08-20T08:52,71715.850000,0.247900,0.232073,2026-08-20,778.000000,11.466918,0.619297,71747.440000,71655.530000
29786933,2026-08-20T08:53,71736.170000,-0.236700,0.240456,2026-08-20,644.000000,5.859015,0.194187,71743.340000,71684.520000
29786934,2026-08-20T08:54,71730.050000,-0.274400,-0.626423,2026-08-20,633.000000,4.993666,0.404648,71762.180000,71712.190000
29786935,2026-08-20T08:55,71684.520000,-0.424700,-0.183428,2026-08-20,715.000000,7.019567,0.653978,71785.440000,71684.520000
29786936,2026-08-20T08:56,71656.420000,0.165800,0.267190,2026-08-20,707.000000,19.690434,0.491309,71698.990000,71614.930000
29786937,2026-08-20T08:57,71614.920000,0.021700,-0.033985,2026-08-20,615.000000,8.238814,0.394265,71656.420000,71576.640000
29786938,2026-08-20T08:58,71588.240000,-0.647400,-0.152850,2026-08-20,559.000000,2.609013,0.147873,71646.230000,71541.840000
29786939,2026-08-20T08:59,71527.900000,0.103800,-0.704330,2026-08-20,511.000000,2.606735,0.287003,71604.480000,71518.080000
29786940,2026-08-20T09:00,71476.170000,-0.345200,-0.360704,2026-08-20,640.000000,6.279413,0.445654,71567.620000,71467.780000
29786941,2026-08-20T09:01,71583.170000,-0.473200,-0.131090,2026-08-20,604.000000,10.381853,0.482996,71594.020000,71430.000000
29786942,2026-08-20T09:02,71513.290000,-0.460900,-0.034080,2026-08-20,604.000000,8.973864,0.267492,71583.430000,71496.610000
29786943,2026-08-20T09:03,71583.610000,-0.545400,-0.465975,2026-08-20,598.000000,5.867928,0.674124,71623.140000,71490.810000
29786944,2026-08-20T09:04,71572.350000,0.344200,0.338419,2026-08-20,573.000000,5.462725,0.534460,71592.200000,71527.930000
29786945,2026-08-20T09:05,71635.290000,0.198900,0.001496,2026-08-20,559.000000,4.652494,0.447932,71635.430000,71548.800000
29786946,2026-08-20T09:06,71817.710000,0.690100,-0.013889,2026-08-20,647.000000,11.084030,0.801443,71821.370000,71629.930000
29786947,2026-08-20T09:07,71628.850000,-0.478500,0.570227,2026-08-20,761.000000,6.709529,0.382830,71831.000000,71590.560000
29786948,2026-08-20T09:08,71677.570000,-0.432600,-0.246557,2026-08-20,702.000000,8.454001,0.507017,71733.240000,71593.160000
29786949,2026-08-20T09:09,71814.170000,-0.059100,0.013573,2026-08-20,1049.000000,56.654169,0.883134,71905.830000,71618.400000
29786950,2026-08-20T09:10,71861.140000,-0.177700,0.762312,2026-08-20,958.000000,20.144177,0.533608,71926.420000,71775.000000
29786951,2026-08-20T09:11,71670.260000,0.418200,0.060454,2026-08-20,820.000000,20.828602,0.191492,71861.650000,71626.730000
29786952,2026-08-20T09:12,71819.290000,-0.617300,-0.616912,2026-08-20,608.000000,6.138443,0.809108,71824.700000,71670.600000
29786953,2026-08-20T09:13,71855.140000,-0.304700,0.618135,2026-08-20,553.000000,5.830957,0.688843,71866.690000,71815.580000
29786954,2026-08-20T09:14,71875.920000,0.348000,0.377284,2026-08-20,628.000000,3.444739,0.664185,71909.830000,71851.560000
29786955,2026-08-20T09:15,71747.760000,0.666600,0.287060,2026-08-20,737.000000,5.402309,0.478052,71875.920000,71698.440000
29786956,2026-08-20T09:16,71772.210000,-0.353600,-0.030289,2026-08-20,657.000000,4.201771,0.606934,71781.960000,71736.720000
29786957,2026-08-20T09:17,71896.800000,-0.571300,0.214485,2026-08-20,679.000000,4.703785,0.608182,71907.810000,71772.210000
29786958,2026-08-20T09:18,71890.510000,0.023900,0.200497,2026-08-20,529.000000,4.354205,0.557730,71918.200000,71880.480000
29786959,2026-08-20T09:19,71820.240000,-0.479200,0.140170,2026-08-20,785.000000,13.477259,0.722276,71980.000000,71820.240000
29786960,2026-08-20T09:20,71795.890000,0.215100,0.437273,2026-08-20,584.000000,5.762359,0.318980,71834.160000,71754.120000
29786961,2026-08-20T09:21,71980.330000,-0.173500,-0.359707,2026-08-20,738.000000,16.891703,0.854586,71998.710000,71788.920000
29786962,2026-08-20T09:22,71935.730000,0.095000,0.709200,2026-08-20,562.000000,2.987050,0.344113,71969.880000,71900.000000
29786963,2026-08-20T09:23,71909.700000,-0.183400,-0.333403,2026-08-20,576.000000,4.295142,0.664335,71986.800000,71900.000000
29786964,2026-08-20T09:24,71955.700000,-0.380300,0.104229,2026-08-20,541.000000,4.787008,0.355531,71973.360000,71858.100000
29786965,2026-08-20T09:25,71953.490000,-0.460500,-0.108793,2026-08-20,534.000000,4.679605,0.606304,71964.810000,71900.280000
29786966,2026-08-20T09:26,71934.240000,0.557400,0.199808,2026-08-20,587.000000,9.751647,0.755870,71975.640000,71887.280000
29786967,2026-08-20T09:27,71916.950000,-0.399900,0.521088,2026-08-20,422.000000,7.178466,0.267439,71948.990000,71900.290000
29786968,2026-08-20T09:28,71848.080000,0.029100,-0.465173,2026-08-20,485.000000,4.416467,0.324119,71921.150000,71848.080000
29786969,2026-08-20T09:29,71764.570000,0.131400,-0.351477,2026-08-20,469.000000,2.564921,0.323815,71848.090000,71764.560000
29786970,2026-08-20T09:30,71796.880000,-0.208400,-0.376952,2026-08-20,701.000000,9.774355,0.326575,71802.840000,71677.560000
29786971,2026-08-20T09:31,71867.300000,0.272500,-0.340947,2026-08-20,578.000000,7.931239,0.814256,71900.280000,71802.820000
29786972,2026-08-20T09:32,71906.960000,0.118000,0.633337,2026-08-20,530.000000,4.425998,0.608393,71943.650000,71852.220000
29786973,2026-08-20T09:33,71926.890000,0.114600,0.218527,2026-08-20,538.000000,3.535299,0.694397,71940.470000,71886.360000
29786974,2026-08-20T09:34,71883.760000,-0.469600,0.380839,2026-08-20,495.000000,2.620056,0.487011,71926.890000,71880.000000
29786975,2026-08-20T09:35,71939.270000,0.132800,-0.037189,2026-08-20,554.000000,8.688447,0.760479,71965.490000,71858.520000
29786976,2026-08-20T09:36,71931.040000,0.003800,0.541140,2026-08-20,493.000000,3.771596,0.625190,71994.230000,71900.620000
29786977,2026-08-20T09:37,71929.850000,0.114000,0.190370,2026-08-20,411.000000,1.866544,0.711197,71945.520000,71900.290000
29786978,2026-08-20T09:38,71896.800000,-0.272000,0.401999,2026-08-20,477.000000,2.255601,0.426866,71933.120000,71882.880000
29786979,2026-08-20T09:39,71822.360000,-0.054300,-0.135883,2026-08-20,499.000000,2.201469,0.189285,71896.810000,71805.980000
29786980,2026-08-20T09:40,71894.510000,0.433800,-0.655656,2026-08-20,479.000000,2.635968,0.440484,71896.160000,71813.290000
29786981,2026-08-20T09:41,71896.790000,0.534500,-0.039809,2026-08-20,484.000000,3.148079,0.280813,71917.670000,71868.960000
29786982,2026-08-20T09:42,71930.140000,0.334600,-0.437223,2026-08-20,532.000000,4.673622,0.299050,71945.510000,71901.320000
29786983,2026-08-20T09:43,71886.360000,0.249700,-0.402472,2026-08-20,597.000000,7.030456,0.703842,71985.560000,71875.920000
29786984,2026-08-20T09:44,71938.010000,-0.291500,0.408773,2026-08-20,469.000000,3.645237,0.780557,71957.950000,71882.890000
29786985,2026-08-20T09:45,71952.480000,0.495400,0.559870,2026-08-20,550.000000,3.541475,0.424334,71952.480000,71903.760000
29786986,2026-08-20T09:46,71928.120000,-0.221100,-0.035025,2026-08-20,577.000000,5.616834,0.629943,71977.690000,71895.580000
29786987,2026-08-20T09:47,71940.920000,0.489600,0.204588,2026-08-20,519.000000,7.039591,0.623149,71968.020000,71924.640000
29786988,2026-08-20T09:48,71872.450000,0.018900,0.246132,2026-08-20,459.000000,5.641351,0.222410,71962.920000,71871.000000
29786989,2026-08-20T09:49,71854.020000,-0.471500,-0.555082,2026-08-20,468.000000,6.439729,0.166529,71882.880000,71823.720000
29786990,2026-08-20T09:50,71764.570000,-0.246000,-0.668081,2026-08-20,371.000000,4.370191,0.451204,71854.020000,71762.680000
29786991,2026-08-20T09:51,71747.170000,-0.165600,-0.093380,2026-08-20,421.000000,2.844887,0.441434,71798.640000,71734.440000
29786992,2026-08-20T09:52,71674.080000,-0.323900,-0.126707,2026-08-20,609.000000,6.611026,0.251972,71740.170000,71644.440000
29786993,2026-08-20T09:53,71646.240000,0.016400,-0.495114,2026-08-20,446.000000,2.870821,0.607283,71712.350000,71628.840000
29786994,2026-08-20T09:54,71646.240000,-0.344900,0.257703,2026-08-20,284.000000,4.302885,0.782108,71653.190000,71634.110000
29786995,2026-08-20T09:55,71660.170000,0.177900,0.569792,2026-08-20,308.000000,2.696990,0.550995,71677.550000,71633.590000
29786996,2026-08-20T09:56,71632.320000,0.260500,0.030270,2026-08-20,479.000000,3.991932,0.293362,71681.030000,71624.270000
29786997,2026-08-20T09:57,71632.320000,0.309000,-0.413205,2026-08-20,349.000000,7.750269,0.574604,71677.550000,71621.880000
29786998,2026-08-20T09:58,71742.890000,0.447600,0.299606,2026-08-20,354.000000,9.161841,0.891538,71740.210000,71632.310000
29786999,2026-08-20T09:59,71734.540000,0.104100,0.734469,2026-08-20,273.000000,1.590442,0.607439,71740.890000,71705.400000
29787000,2026-08-20T10:00,71712.230000,-0.058900,0.200883,2026-08-20,379.000000,4.717652,0.657270,71763.000000,71681.040000
29787001,2026-08-20T10:01,71712.350000,0.326200,0.330312,2026-08-20,405.000000,2.852302,0.681866,71726.510000,71642.760000
29787002,2026-08-20T10:02,71785.450000,0.300900,0.347666,2026-08-20,556.000000,8.181367,0.705118,71859.990000,71712.340000
29787003,2026-08-20T10:03,71778.460000,-0.002200,0.413994,2026-08-20,306.000000,3.514715,0.333906,71796.320000,71743.680000
29787004,2026-08-20T10:04,71712.360000,0.071100,-0.357709,2026-08-20,377.000000,9.393241,0.456029,71802.830000,71710.000000
29787005,2026-08-20T10:05,71719.320000,0.274700,-0.084237,2026-08-20,266.000000,1.432748,0.410565,71722.790000,71663.640000
29787006,2026-08-20T10:06,71841.110000,0.293400,-0.211851,2026-08-20,643.000000,38.489277,0.691972,71848.070000,71707.650000
29787007,2026-08-20T10:07,71830.670000,0.338000,0.381413,2026-08-20,328.000000,4.316070,0.514035,71852.740000,71792.400000
29787008,2026-08-20T10:08,71781.260000,0.346700,0.027374,2026-08-20,351.000000,1.620952,0.657816,71826.080000,71770.000000
29787009,2026-08-20T10:09,71792.080000,0.126600,0.379118,2026-08-20,312.000000,5.669414,0.465800,71820.230000,71777.500000
29787010,2026-08-20T10:10,71841.110000,0.151200,-0.082709,2026-08-20,461.000000,4.829810,0.771914,71843.620000,71762.990000
29787011,2026-08-20T10:11,71883.510000,0.162500,0.569691,2026-08-20,457.000000,2.773676,0.542138,71896.790000,71833.860000
29787012,2026-08-20T10:12,71967.730000,0.217000,0.091449,2026-08-20,585.000000,7.894101,0.847161,71985.360000,71875.920000
29787013,2026-08-20T10:13,71954.990000,0.460600,0.693905,2026-08-20,507.000000,2.844389,0.668653,71974.420000,71921.160000
29787014,2026-08-20T10:14,72087.330000,0.757400,0.338573,2026-08-20,914.000000,40.733740,0.931312,72108.270000,71938.060000
29787015,2026-08-20T10:15,72286.400000,-0.016900,0.853608,2026-08-20,1589.000000,34.022601,0.639260,72392.040000,72061.300000
29787016,2026-08-20T10:16,72154.330000,-0.284800,0.271137,2026-08-20,951.000000,18.482198,0.574110,72286.400000,72130.010000
29787017,2026-08-20T10:17,72270.980000,0.294200,0.146474,2026-08-20,637.000000,7.156644,0.781497,72272.640000,72142.040000
29787018,2026-08-20T10:18,72335.180000,0.382200,0.571409,2026-08-20,741.000000,9.028110,0.678874,72381.310000,72272.630000
29787019,2026-08-20T10:19,72337.600000,-0.086400,0.353175,2026-08-20,618.000000,8.777712,0.380600,72345.720000,72246.580000
29787020,2026-08-20T10:20,72262.210000,-0.329300,-0.230277,2026-08-20,752.000000,10.633896,0.743579,72427.200000,72260.420000
29787021,2026-08-20T10:21,72209.990000,0.107600,0.474229,2026-08-20,609.000000,5.565517,0.350439,72262.200000,72183.330000
29787022,2026-08-20T10:22,72107.210000,-0.291100,-0.290635,2026-08-20,679.000000,14.575548,0.383431,72213.950000,72070.800000
29787023,2026-08-20T10:23,72235.420000,0.094100,-0.200402,2026-08-20,890.000000,14.662671,0.802492,72255.240000,72085.360000
29787024,2026-08-20T10:24,72196.080000,-0.204200,0.595628,2026-08-20,586.000000,6.137020,0.631327,72264.350000,72192.610000
29787025,2026-08-20T10:25,72067.330000,-0.496200,0.254520,2026-08-20,551.000000,6.887584,0.227949,72192.600000,72056.380000
29787026,2026-08-20T10:26,72129.960000,-0.060500,-0.543122,2026-08-20,529.000000,3.528004,0.679729,72160.100000,72056.880000
29787027,2026-08-20T10:27,72065.960000,0.258200,0.359458,2026-08-20,546.000000,6.669861,0.329657,72129.960000,72056.880000
29787028,2026-08-20T10:28,71967.990000,-0.172000,-0.340853,2026-08-20,683.000000,12.309649,0.102150,72066.820000,71912.100000
29787029,2026-08-20T10:29,71983.490000,0.156700,-0.783566,2026-08-20,589.000000,5.744209,0.151834,71990.000000,71949.000000
29787030,2026-08-20T10:30,71850.010000,0.057400,-0.694145,2026-08-20,783.000000,15.007306,0.093436,71987.280000,71840.000000
29787031,2026-08-20T10:31,71871.080000,-0.136600,-0.822204,2026-08-20,659.000000,8.290900,0.293624,71899.960000,71848.080000
29787032,2026-08-20T10:32,71834.170000,-0.024100,-0.413727,2026-08-20,607.000000,3.610274,0.154158,71882.880000,71820.250000
29787033,2026-08-20T10:33,71784.780000,-0.274100,-0.648194,2026-08-20,596.000000,2.555424,0.612350,71850.000000,71752.310000
29787034,2026-08-20T10:34,71820.180000,-0.136700,0.190640,2026-08-20,531.000000,1.721468,0.508273,71875.920000,71792.390000
29787035,2026-08-20T10:35,71749.710000,-0.292000,0.001477,2026-08-20,562.000000,2.383954,0.565324,71820.190000,71749.710000
29787036,2026-08-20T10:36,71834.150000,-0.485000,0.143318,2026-08-20,616.000000,9.494178,0.503019,71842.160000,71749.710000
29787037,2026-08-20T10:37,71840.010000,-0.422300,0.006033,2026-08-20,493.000000,3.491214,0.598228,71850.000000,71797.020000
29787038,2026-08-20T10:38,71801.450000,-0.183900,0.197260,2026-08-20,467.000000,1.936927,0.467710,71842.880000,71793.920000
29787039,2026-08-20T10:39,71809.790000,0.174700,-0.092155,2026-08-20,520.000000,3.270796,0.527422,71829.680000,71776.870000
29787040,2026-08-20T10:40,71781.960000,-0.606100,0.043887,2026-08-20,494.000000,2.501539,0.622305,71810.000000,71771.520000
29787041,2026-08-20T10:41,71778.490000,-0.125400,0.291062,2026-08-20,429.000000,3.351670,0.600543,71802.980000,71754.120000
29787042,2026-08-20T10:42,71720.850000,0.324400,0.220290,2026-08-20,654.000000,12.169684,0.097867,71819.440000,71720.180000
29787043,2026-08-20T10:43,71771.510000,0.242400,-0.816449,2026-08-20,519.000000,3.597839,0.194016,71771.520000,71705.590000
29787044,2026-08-20T10:44,71747.150000,-0.095900,-0.612396,2026-08-20,485.000000,4.747062,0.846510,71774.990000,71728.800000
29787045,2026-08-20T10:45,71801.140000,0.237900,0.765492,2026-08-20,532.000000,4.356605,0.854736,71814.440000,71747.150000
29787046,2026-08-20T10:46,71797.270000,0.329500,0.561463,2026-08-20,550.000000,3.015627,0.713477,71870.100000,71785.640000
29787047,2026-08-20T10:47,71858.520000,-0.429200,0.427455,2026-08-20,613.000000,11.008456,0.852914,71894.730000,71806.310000
29787048,2026-08-20T10:48,71882.890000,-0.241400,0.704796,2026-08-20,464.000000,1.950271,0.472913,71893.320000,71841.130000
29787049,2026-08-20T10:49,71809.800000,-0.111600,-0.050838,2026-08-20,552.000000,4.170871,0.359261,71887.780000,71809.810000
29787050,2026-08-20T10:50,71853.760000,-0.542800,-0.250951,2026-08-20,487.000000,1.963157,0.241906,71861.030000,71799.360000
29787051,2026-08-20T10:51,71834.350000,-0.520800,-0.599457,2026-08-20,533.000000,1.398066,0.366564,71861.930000,71830.680000
29787052,2026-08-20T10:52,71879.400000,-0.132000,-0.265766,2026-08-20,514.000000,2.673591,0.735195,71902.490000,71834.280000
29787053,2026-08-20T10:53,71845.070000,0.000500,0.470309,2026-08-20,527.000000,1.377952,0.320404,71879.410000,71835.760000
29787054,2026-08-20T10:54,71864.460000,0.465800,-0.357567,2026-08-20,464.000000,1.617355,0.659908,71878.390000,71846.420000
29787055,2026-08-20T10:55,71846.110000,0.084800,0.317516,2026-08-20,463.000000,1.078442,0.593782,71864.470000,71827.260000
29787056,2026-08-20T10:56,71834.070000,-0.070800,-0.583389,2026-08-20,472.000000,3.669274,0.126739,71846.110000,71816.760000
29787057,2026-08-20T10:57,71882.890000,0.429900,-0.444493,2026-08-20,463.000000,2.132359,0.790386,71892.400000,71835.240000
29787058,2026-08-20T10:58,71920.780000,-0.413000,0.580896,2026-08-20,429.000000,1.362079,0.429863,71922.540000,71893.320000
29787059,2026-08-20T10:59,71943.610000,0.555000,-0.153405,2026-08-20,494.000000,9.172401,0.913053,71943.600000,71916.810000
29787060,2026-08-20T11:00,71916.460000,0.235300,0.747777,2026-08-20,624.000000,5.397406,0.449609,71943.600000,71865.480000
29787061,2026-08-20T11:01,72071.350000,-0.078300,-0.022600,2026-08-20,860.000000,11.291661,0.744023,72081.240000,71910.620000
29787062,2026-08-20T11:02,72072.510000,-0.135000,0.488064,2026-08-20,558.000000,2.810271,0.832131,72091.670000,72025.560000
29787063,2026-08-20T11:03,72040.010000,-0.329600,0.527157,2026-08-20,541.000000,2.064902,0.319790,72072.520000,72040.000000
29787064,2026-08-20T11:04,72011.370000,-0.168700,-0.271326,2026-08-20,607.000000,7.832469,0.517895,72050.240000,72005.000000
29787065,2026-08-20T11:05,71942.040000,-0.220500,0.035519,2026-08-20,564.000000,2.600432,0.346307,72010.970000,71875.000000
29787066,2026-08-20T11:06,71908.380000,0.015000,-0.319343,2026-08-20,518.000000,1.221487,0.467382,71944.520000,71897.450000
29787067,2026-08-20T11:07,71816.770000,-0.113300,-0.025995,2026-08-20,589.000000,3.585420,0.093854,71913.110000,71816.780000
29787068,2026-08-20T11:08,71921.170000,-0.560700,-0.815066,2026-08-20,652.000000,3.639898,0.578907,71949.000000,71806.320000
29787069,2026-08-20T11:09,71909.040000,-0.320500,0.171705,2026-08-20,568.000000,1.805301,0.550397,71968.600000,71895.750000
29787070,2026-08-20T11:10,71823.730000,-0.436900,0.100356,2026-08-20,651.000000,3.325546,0.691387,71909.040000,71784.010000
29787071,2026-08-20T11:11,71869.610000,-0.233500,0.406386,2026-08-20,528.000000,4.008696,0.763421,71882.880000,71820.240000
29787072,2026-08-20T11:12,71863.460000,-0.151700,0.495110,2026-08-20,475.000000,2.425683,0.597816,71877.560000,71844.600000
29787073,2026-08-20T11:13,71863.210000,0.317100,0.208942,2026-08-20,374.000000,0.733921,0.405571,71865.470000,71844.600000
29787074,2026-08-20T11:14,71938.550000,-0.120400,-0.177062,2026-08-20,525.000000,9.695403,0.563804,71938.550000,71834.160000
29787075,2026-08-20T11:15,71868.980000,-0.349400,0.125990,2026-08-20,429.000000,1.299259,0.400344,71938.550000,71868.970000
29787076,2026-08-20T11:16,71924.360000,-0.019400,-0.179791,2026-08-20,436.000000,6.032626,0.794988,71935.070000,71865.480000
29787077,2026-08-20T11:17,71848.080000,0.027900,0.589186,2026-08-20,588.000000,2.813111,0.387189,71938.550000,71848.080000
29787078,2026-08-20T11:18,71893.320000,-0.109100,-0.225111,2026-08-20,399.000000,4.197480,0.815963,71895.330000,71838.810000
29787079,2026-08-20T11:19,71827.210000,0.084500,0.629855,2026-08-20,513.000000,3.976942,0.420441,71901.250000,71827.200000
29787080,2026-08-20T11:20,71855.040000,-0.140100,-0.159475,2026-08-20,442.000000,2.603453,0.751268,71855.040000,71818.000000
29787081,2026-08-20T11:21,71880.180000,-0.152400,0.502748,2026-08-20,558.000000,6.097163,0.646584,71903.760000,71827.200000
29787082,2026-08-20T11:22,71973.350000,-0.038100,0.293476,2026-08-20,402.000000,1.727117,0.711390,71977.330000,71873.350000
29787083,2026-08-20T11:23,71906.730000,0.257400,0.417415,2026-08-20,625.000000,7.746143,0.803980,72001.280000,71893.320000
29787084,2026-08-20T11:24,71866.950000,0.489500,0.609105,2026-08-20,516.000000,3.538848,0.373031,71910.250000,71851.560000
29787085,2026-08-20T11:25,71859.380000,0.129800,-0.265159,2026-08-20,434.000000,2.082091,0.643394,71895.610000,71850.000000
29787086,2026-08-20T11:26,71879.450000,0.253100,0.282152,2026-08-20,375.000000,3.170374,0.304546,71896.120000,71855.090000
29787087,2026-08-20T11:27,71886.210000,0.208900,-0.378901,2026-08-20,429.000000,1.049499,0.613521,71890.410000,71872.000000
29787088,2026-08-20T11:28,71862.700000,-0.031900,0.227321,2026-08-20,479.000000,2.343749,0.679790,71875.920000,71841.120000
29787089,2026-08-20T11:29,71841.120000,-0.261400,0.354850,2026-08-20,362.000000,1.642010,0.652330,71883.010000,71834.160000
29787090,2026-08-20T11:30,71845.360000,0.297000,0.177170,2026-08-20,489.000000,2.512794,0.321019,71872.440000,71813.440000
29787091,2026-08-20T11:31,72022.080000,0.409700,-0.306512,2026-08-20,542.000000,5.726001,0.707434,72022.080000,71845.350000
29787092,2026-08-20T11:32,72030.320000,0.242200,0.414022,2026-08-20,619.000000,9.119125,0.588885,72053.650000,71952.480000
29787093,2026-08-20T11:33,72039.480000,0.414900,0.174227,2026-08-20,635.000000,10.317562,0.297829,72123.840000,72013.060000
29787094,2026-08-20T11:34,72191.540000,-0.350100,-0.402691,2026-08-20,708.000000,6.547891,0.750357,72214.360000,72039.470000
29787095,2026-08-20T11:35,72114.800000,-0.280600,0.500720,2026-08-20,977.000000,15.100079,0.447394,72277.050000,72103.100000
29787096,2026-08-20T11:36,72180.540000,-0.090600,-0.105997,2026-08-20,543.000000,2.818424,0.524339,72209.990000,72107.040000
29787097,2026-08-20T11:37,72129.980000,-0.324500,0.035069,2026-08-20,460.000000,2.397856,0.473747,72180.530000,72106.060000
29787098,2026-08-20T11:38,72185.640000,-0.057200,-0.032281,2026-08-20,593.000000,5.211904,0.752553,72221.070000,72130.470000
29787099,2026-08-20T11:39,72230.890000,-0.339400,0.496097,2026-08-20,443.000000,2.856178,0.700213,72269.780000,72175.200000
29787100,2026-08-20T11:40,72234.830000,-0.226100,0.415517,2026-08-20,596.000000,7.387595,0.478663,72277.780000,72211.760000
29787101,2026-08-20T11:41,72216.960000,-0.300800,-0.041601,2026-08-20,685.000000,16.606101,0.239671,72281.450000,72203.040000
29787102,2026-08-20T11:42,72216.960000,-0.197500,-0.504056,2026-08-20,644.000000,10.340905,0.812593,72239.440000,72186.540000
29787103,2026-08-20T11:43,72164.760000,-0.622500,0.615179,2026-08-20,598.000000,7.598166,0.513281,72220.140000,72160.220000
29787104,2026-08-20T11:44,72109.080000,-0.344600,0.029028,2026-08-20,663.000000,11.405850,0.362320,72160.110000,72078.690000
29787105,2026-08-20T11:45,72150.820000,0.040500,-0.275384,2026-08-20,599.000000,5.181627,0.507447,72182.960000,72098.620000
29787106,2026-08-20T11:46,72176.700000,0.078500,0.034984,2026-08-20,531.000000,2.536949,0.597419,72192.590000,72151.430000
29787107,2026-08-20T11:47,72213.430000,-0.037200,0.159472,2026-08-20,546.000000,5.299182,0.863989,72219.460000,72161.000000
29787108,2026-08-20T11:48,72143.860000,0.366800,0.731447,2026-08-20,596.000000,4.872291,0.293111,72230.900000,72126.480000
29787109,2026-08-20T11:49,72122.040000,-0.475100,-0.439127,2026-08-20,561.000000,8.608948,0.621248,72143.870000,72091.690000
29787110,2026-08-20T11:50,72114.340000,-0.396800,0.248921,2026-08-20,540.000000,6.845906,0.151232,72161.990000,72098.640000
29787111,2026-08-20T11:51,72073.710000,-0.497700,-0.697848,2026-08-20,489.000000,2.459797,0.486076,72102.180000,72011.450000
29787112,2026-08-20T11:52,72033.960000,-0.247400,-0.025146,2026-08-20,510.000000,7.688068,0.521085,72084.710000,72032.850000
29787113,2026-08-20T11:53,71975.610000,-0.568300,0.022623,2026-08-20,768.000000,46.030933,0.083108,72032.520000,71966.400000
29787114,2026-08-20T11:54,71956.010000,-0.689100,-0.833129,2026-08-20,534.000000,4.830148,0.664490,71997.210000,71952.480000
29787115,2026-08-20T11:55,71883.010000,0.013500,0.313433,2026-08-20,677.000000,6.216827,0.210986,71956.010000,71863.040000
29787116,2026-08-20T11:56,71780.760000,0.026100,-0.600788,2026-08-20,1138.000000,36.769158,0.456900,71910.720000,71771.530000
29787117,2026-08-20T11:57,71802.830000,0.173900,-0.064925,2026-08-20,1105.000000,14.605902,0.584180,71837.640000,71754.120000
29787118,2026-08-20T11:58,71865.230000,-0.331300,0.159801,2026-08-20,630.000000,7.026215,0.281145,71879.470000,71800.930000
29787119,2026-08-20T11:59,71870.670000,0.009300,-0.419453,2026-08-20,490.000000,4.256680,0.207583,71879.250000,71840.040000
29787120,2026-08-20T12:00,71880.710000,0.157300,-0.565831,2026-08-20,822.000000,18.960200,0.271781,71934.240000,71870.560000
29787121,2026-08-20T12:01,71910.240000,-0.270900,-0.465512,2026-08-20,676.000000,7.521278,0.329575,71914.200000,71821.640000
29787122,2026-08-20T12:02,71888.170000,0.205800,-0.339982,2026-08-20,561.000000,3.207486,0.286189,71931.600000,71868.960000
29787123,2026-08-20T12:03,71792.400000,0.118400,-0.425856,2026-08-20,732.000000,6.997812,0.125745,71931.540000,71792.410000
29787124,2026-08-20T12:04,71757.610000,0.150500,-0.755640,2026-08-20,861.000000,11.470754,0.298916,71816.760000,71722.930000
29787125,2026-08-20T12:05,71727.990000,-0.029400,-0.370911,2026-08-20,709.000000,4.846917,0.258288,71790.000000,71715.840000
29787126,2026-08-20T12:06,71586.960000,-0.490500,-0.545183,2026-08-20,1017.000000,22.084817,0.276030,71752.460000,71544.000000
29787127,2026-08-20T12:07,71531.460000,0.166900,-0.444239,2026-08-20,887.000000,11.641668,0.202426,71594.040000,71515.830000
29787128,2026-08-20T12:08,71532.260000,0.394900,-0.598685,2026-08-20,847.000000,20.382815,0.495384,71601.000000,71518.240000
29787129,2026-08-20T12:09,71599.990000,0.380300,-0.000316,2026-08-20,1052.000000,41.711198,0.574278,71600.000000,71426.740000
29787130,2026-08-20T12:10,71698.430000,0.261600,0.146782,2026-08-20,800.000000,7.654631,0.626742,71712.360000,71597.260000
29787131,2026-08-20T12:11,71707.310000,0.088200,0.245411,2026-08-20,650.000000,3.052973,0.438089,71743.260000,71667.120000
29787132,2026-08-20T12:12,71752.860000,0.288900,-0.122389,2026-08-20,679.000000,4.968336,0.255744,71796.560000,71705.400000
29787133,2026-08-20T12:13,71743.170000,0.262000,-0.357330,2026-08-20,690.000000,6.061344,0.736246,71806.320000,71735.160000
29787134,2026-08-20T12:14,71733.580000,0.254100,0.426201,2026-08-20,586.000000,3.020030,0.100301,71790.370000,71729.770000
29787135,2026-08-20T12:15,71709.550000,0.539700,-0.811280,2026-08-20,595.000000,4.412838,0.510690,71800.000000,71701.920000
29787136,2026-08-20T12:16,71701.920000,-0.193700,0.018899,2026-08-20,566.000000,2.006520,0.352588,71761.080000,71701.920000
29787137,2026-08-20T12:17,71647.170000,-0.433200,-0.254054,2026-08-20,597.000000,1.964256,0.184978,71729.760000,71632.320000
29787138,2026-08-20T12:18,71701.920000,-0.554000,-0.637685,2026-08-20,572.000000,1.733698,0.346583,71722.650000,71639.420000
29787139,2026-08-20T12:19,71692.830000,-0.098400,-0.307625,2026-08-20,599.000000,8.951373,0.155654,71725.490000,71666.760000
29787140,2026-08-20T12:20,71782.950000,0.306500,-0.650078,2026-08-20,670.000000,8.971841,0.673231,71803.050000,71684.610000
29787141,2026-08-20T12:21,71743.700000,-0.085400,0.303352,2026-08-20,599.000000,3.158542,0.687703,71830.890000,71736.000000
29787142,2026-08-20T12:22,71750.640000,0.513100,0.462141,2026-08-20,587.000000,8.149867,0.216945,71764.560000,71705.400000
29787143,2026-08-20T12:23,71735.350000,-0.100900,-0.571173,2026-08-20,675.000000,17.644065,0.614876,71772.240000,71685.000000
29787144,2026-08-20T12:24,71774.990000,0.657800,0.244926,2026-08-20,526.000000,7.961488,0.454095,71775.000000,71726.280000
29787145,2026-08-20T12:25,71787.290000,-0.244000,-0.118194,2026-08-20,769.000000,7.367872,0.102644,71820.240000,71747.160000
29787146,2026-08-20T12:26,71768.790000,0.057000,-0.830405,2026-08-20,542.000000,8.170268,0.081329,71813.280000,71757.610000
29787147,2026-08-20T12:27,71805.820000,-0.457200,-0.835240,2026-08-20,675.000000,8.424852,0.207475,71813.280000,71750.640000
29787148,2026-08-20T12:28,71777.380000,-0.080300,-0.584225,2026-08-20,789.000000,5.761854,0.452694,71813.270000,71771.520000
29787149,2026-08-20T12:29,71788.960000,0.130000,-0.095122,2026-08-20,651.000000,2.690976,0.346688,71802.840000,71767.850000
29787150,2026-08-20T12:30,71855.040000,0.693000,-0.200151,2026-08-20,659.000000,7.851252,0.430118,71858.520000,71721.040000
29787151,2026-08-20T12:31,71834.150000,0.474400,-0.190283,2026-08-20,1031.000000,15.332793,0.175904,71955.960000,71807.330000
29787152,2026-08-20T12:32,71827.200000,0.719300,-0.644401,2026-08-20,768.000000,18.961733,0.376973,71855.040000,71788.920000
29787153,2026-08-20T12:33,71733.240000,-0.295000,-0.254664,2026-08-20,750.000000,6.590884,0.214410,71848.080000,71730.000000
29787154,2026-08-20T12:34,71726.270000,0.457700,-0.553254,2026-08-20,697.000000,13.220898,0.541004,71761.080000,71677.280000
29787155,2026-08-20T12:35,71698.430000,0.565600,0.087140,2026-08-20,594.000000,6.141560,0.128211,71733.240000,71649.720000
29787156,2026-08-20T12:36,71728.920000,-0.262200,-0.769796,2026-08-20,590.000000,9.443970,0.513900,71730.320000,71635.810000
29787157,2026-08-20T12:37,71765.040000,0.585600,0.023158,2026-08-20,519.000000,4.288960,0.385878,71770.000000,71691.000000
29787158,2026-08-20T12:38,71742.880000,-0.542500,-0.217703,2026-08-20,683.000000,10.134385,0.468846,71766.150000,71705.000000
29787159,2026-08-20T12:39,71785.430000,0.141800,-0.062941,2026-08-20,949.000000,14.453886,0.254659,71781.960000,71709.840000
29787160,2026-08-20T12:40,71802.830000,0.585500,-0.483805,2026-08-20,602.000000,10.391710,0.194082,71829.710000,71778.480000
29787161,2026-08-20T12:41,71781.960000,0.336900,-0.626931,2026-08-20,545.000000,4.701704,0.456335,71834.150000,71757.600000
29787162,2026-08-20T12:42,71706.650000,-0.233400,-0.084510,2026-08-20,631.000000,14.578705,0.153623,71795.870000,71660.160000
29787163,2026-08-20T12:43,71709.580000,0.729900,-0.675142,2026-08-20,1083.000000,11.666836,0.323573,71714.170000,71660.300000
29787164,2026-08-20T12:44,71627.570000,-0.094000,-0.399360,2026-08-20,619.000000,5.586765,0.233891,71708.600000,71604.480000
29787165,2026-08-20T12:45,71632.320000,0.269900,-0.489813,2026-08-20,603.000000,5.163994,0.136911,71642.710000,71588.850000
29787166,2026-08-20T12:46,71545.330000,0.206400,-0.725937,2026-08-20,819.000000,10.703377,0.121514,71632.310000,71544.010000
29787167,2026-08-20T12:47,71528.990000,-0.680200,-0.756815,2026-08-20,822.000000,6.050735,0.254975,71592.790000,71528.980000
29787168,2026-08-20T12:48,71551.460000,0.012500,-0.423463,2026-08-20,1084.000000,28.211183,0.566781,71559.830000,71440.690000
29787169,2026-08-20T12:49,71534.880000,0.156600,0.126034,2026-08-20,630.000000,15.312324,0.329095,71552.370000,71500.000000
29787170,2026-08-20T12:50,71673.890000,0.121200,-0.332621,2026-08-20,590.000000,7.412439,0.455688,71681.040000,71541.830000
29787171,2026-08-20T12:51,71724.990000,0.637900,-0.406395,2026-08-20,630.000000,14.848815,0.145925,71726.270000,71667.270000
29787172,2026-08-20T12:52,71778.490000,-0.283600,-0.612105,2026-08-20,673.000000,10.337254,0.461205,71796.810000,71724.980000
29787173,2026-08-20T12:53,71795.150000,0.268300,-0.037121,2026-08-20,557.000000,8.241550,0.601757,71813.270000,71754.130000
29787174,2026-08-20T12:54,71826.290000,-0.019500,0.159182,2026-08-20,427.000000,4.876357,0.539098,71831.510000,71767.810000
29787175,2026-08-20T12:55,71844.070000,-0.066000,0.080836,2026-08-20,467.000000,4.842083,0.475569,71857.780000,71813.280000
29787176,2026-08-20T12:56,71889.240000,0.524600,-0.045862,2026-08-20,455.000000,5.242264,0.598136,71895.000000,71831.660000
29787177,2026-08-20T12:57,71865.080000,0.101200,0.200825,2026-08-20,644.000000,6.416086,0.423881,71909.320000,71862.000000
29787178,2026-08-20T12:58,71871.010000,0.450600,-0.065835,2026-08-20,998.000000,14.130085,0.572839,71907.220000,71848.480000
29787179,2026-08-20T12:59,71896.760000,-0.040800,0.111057,2026-08-20,720.000000,22.688258,0.255240,71899.990000,71854.160000
29787180,2026-08-20T13:00,71841.120000,0.177900,-0.489594,2026-08-20,712.000000,8.134532,0.713069,71921.160000,71841.120000
29787181,2026-08-20T13:01,71865.010000,0.002300,0.426831,2026-08-20,492.000000,4.048802,0.832476,71894.490000,71841.120000
29787182,2026-08-20T13:02,71917.680000,0.327000,0.664865,2026-08-20,525.000000,5.835753,0.772864,71930.640000,71865.010000
29787183,2026-08-20T13:03,71950.520000,0.226400,0.504343,2026-08-20,922.000000,23.658925,0.906022,71975.970000,71910.730000
29787184,2026-08-20T13:04,71927.860000,0.286400,0.824446,2026-08-20,639.000000,9.268459,0.265330,71990.760000,71918.820000
29787185,2026-08-20T13:05,71970.540000,0.180000,-0.456639,2026-08-20,504.000000,3.615372,0.620260,71976.840000,71927.850000
29787186,2026-08-20T13:06,71955.850000,0.051300,0.134384,2026-08-20,691.000000,37.301710,0.752444,72005.600000,71938.670000
29787187,2026-08-20T13:07,71979.180000,-0.053200,0.516504,2026-08-20,695.000000,29.291495,0.374093,72018.280000,71950.400000
29787188,2026-08-20T13:08,71992.010000,-0.398700,-0.252334,2026-08-20,720.000000,7.746420,0.456816,72015.110000,71959.440000
29787189,2026-08-20T13:09,71954.490000,0.172200,0.387727,2026-08-20,870.000000,44.080795,0.697354,72054.530000,71948.280000
29787190,2026-08-20T13:10,71929.990000,-0.069600,0.257726,2026-08-20,691.000000,9.972131,0.720683,71977.930000,71907.240000
29787191,2026-08-20T13:11,71937.010000,-0.820600,0.422487,2026-08-20,734.000000,12.313982,0.290450,71947.100000,71900.000000
29787192,2026-08-20T13:12,71959.570000,-0.519800,-0.412797,2026-08-20,427.000000,14.139756,0.878726,71966.400000,71938.980000
29787193,2026-08-20T13:13,71971.620000,0.327100,0.755484,2026-08-20,451.000000,9.429688,0.459559,71975.260000,71951.820000
29787194,2026-08-20T13:14,72002.990000,0.310300,-0.080157,2026-08-20,431.000000,3.538392,0.444372,72004.470000,71955.000000
29787195,2026-08-20T13:15,71968.400000,-0.120500,-0.220453,2026-08-20,606.000000,5.163193,0.223789,72004.480000,71963.960000
29787196,2026-08-20T13:16,71957.210000,0.100400,-0.504725,2026-08-20,508.000000,3.603214,0.498951,71982.660000,71948.000000
29787197,2026-08-20T13:17,71945.270000,0.147200,0.016642,2026-08-20,447.000000,5.437943,0.629004,71966.390000,71945.010000
29787198,2026-08-20T13:18,71958.330000,-0.390200,0.248519,2026-08-20,602.000000,10.026865,0.205268,71963.420000,71916.530000
29787199,2026-08-20T13:19,71906.240000,-0.452200,-0.588400,2026-08-20,1310.000000,34.655699,0.252316,71960.760000,71847.740000
29787200,2026-08-20T13:20,71944.960000,0.972600,-0.500912,2026-08-20,1468.000000,35.956438,0.456918,71979.990000,71893.320000
29787201,2026-08-20T13:21,71950.010000,0.964100,-0.076794,2026-08-20,974.000000,45.376097,0.339380,71986.190000,71944.950000
29787202,2026-08-20T13:22,71956.520000,0.964600,-0.323193,2026-08-20,1176.000000,47.840775,0.347736,71962.990000,71946.240000
29787203,2026-08-20T13:23,71942.040000,-0.413900,-0.312114,2026-08-20,1539.000000,365.411518,0.041710,71964.000000,71879.990000
29787204,2026-08-20T13:24,71959.430000,0.672600,-0.916471,2026-08-20,722.000000,7.730660,0.627853,71976.840000,71942.030000
29787205,2026-08-20T13:25,71894.040000,0.093300,-0.836124,2026-08-20,1337.000000,99.241032,0.168649,71959.440000,71796.710000
29787206,2026-08-20T13:26,71857.640000,-0.249500,-0.295940,2026-08-20,1166.000000,13.705203,0.157007,71928.110000,71808.000000
29787207,2026-08-20T13:27,71874.640000,-0.597400,-0.688639,2026-08-20,839.000000,8.139148,0.217709,71892.540000,71851.580000
29787208,2026-08-20T13:28,71843.140000,-0.637300,-0.556042,2026-08-20,694.000000,11.664794,0.092328,71900.270000,71842.260000
29787209,2026-08-20T13:29,71904.770000,0.394900,-0.815948,2026-08-20,906.000000,20.224908,0.713626,71928.000000,71842.040000
29787210,2026-08-20T13:30,71634.450000,0.514100,0.306009,2026-08-20,1507.000000,75.804113,0.499484,71911.950000,71574.450000
29787211,2026-08-20T13:31,71445.200000,-0.137500,0.027085,2026-08-20,1627.000000,52.057900,0.263061,71705.390000,71440.980000
29787212,2026-08-20T13:32,71555.740000,-0.199500,-0.519681,2026-08-20,1347.000000,32.112811,0.513589,71632.940000,71406.660000
29787213,2026-08-20T13:33,71558.260000,0.198100,0.122369,2026-08-20,2327.000000,42.234089,0.549175,71611.440000,71517.480000
29787214,2026-08-20T13:34,71443.350000,-0.106500,0.116166,2026-08-20,1529.000000,40.475535,0.258880,71610.070000,71430.490000
29787215,2026-08-20T13:35,71538.360000,-0.338100,-0.482905,2026-08-20,1463.000000,54.282962,0.585119,71576.990000,71430.470000
29787216,2026-08-20T13:36,71204.260000,-0.316600,0.194195,2026-08-20,1441.000000,42.576330,0.231017,71582.990000,71184.000000
29787217,2026-08-20T13:37,71159.040000,0.245400,-0.458627,2026-08-20,1602.000000,54.532123,0.371797,71251.670000,71065.000000
29787218,2026-08-20T13:38,71249.520000,0.078800,-0.305021,2026-08-20,1248.000000,39.831991,0.409784,71315.560000,71152.080000
29787219,2026-08-20T13:39,71318.280000,0.304200,-0.186301,2026-08-20,1011.000000,17.062968,0.619449,71331.310000,71236.620000
29787220,2026-08-20T13:40,71343.350000,-0.528700,0.218957,2026-08-20,965.000000,15.670359,0.385596,71360.880000,71243.210000
29787221,2026-08-20T13:41,71464.020000,0.352200,-0.213377,2026-08-20,885.000000,17.291857,0.477057,71491.160000,71318.360000
29787222,2026-08-20T13:42,71538.270000,0.666300,-0.049271,2026-08-20,833.000000,8.026381,0.426378,71545.320000,71419.170000
29787223,2026-08-20T13:43,71597.510000,0.459300,-0.140904,2026-08-20,732.000000,8.108640,0.509864,71605.590000,71524.800000
29787224,2026-08-20T13:44,71624.170000,0.308400,0.018442,2026-08-20,1460.000000,13.803365,0.535934,71628.350000,71561.020000
29787225,2026-08-20T13:45,71569.670000,0.794000,0.056384,2026-08-20,1383.000000,19.867998,0.617809,71652.610000,71552.710000
29787226,2026-08-20T13:46,71577.670000,0.523900,0.194087,2026-08-20,1465.000000,27.248952,0.661892,71630.740000,71549.230000
29787227,2026-08-20T13:47,71461.790000,0.057000,0.364657,2026-08-20,926.000000,12.816129,0.462755,71576.720000,71440.920000
29787228,2026-08-20T13:48,71444.160000,-0.194400,-0.078268,2026-08-20,643.000000,7.701112,0.393187,71486.140000,71409.660000
29787229,2026-08-20T13:49,71583.170000,0.646900,-0.260495,2026-08-20,671.000000,10.607590,0.441441,71587.080000,71380.000000
29787230,2026-08-20T13:50,71595.560000,-0.085400,-0.081221,2026-08-20,526.000000,7.533884,0.256075,71617.990000,71559.240000
29787231,2026-08-20T13:51,71728.420000,-0.590500,-0.495223,2026-08-20,1042.000000,21.866930,0.557890,71794.000000,71486.160000
29787232,2026-08-20T13:52,71786.590000,-0.654600,0.108364,2026-08-20,473.000000,11.407956,0.504837,71800.000000,71660.170000
29787233,2026-08-20T13:53,71719.480000,0.104400,0.021594,2026-08-20,1202.000000,31.038472,0.260155,71790.020000,71714.130000
29787234,2026-08-20T13:54,71692.430000,0.281100,-0.478791,2026-08-20,973.000000,10.386259,0.305866,71733.240000,71678.890000
29787235,2026-08-20T13:55,71704.760000,0.334500,-0.414829,2026-08-20,1194.000000,23.683772,0.353719,71743.680000,71681.040000
29787236,2026-08-20T13:56,71677.240000,0.266400,-0.275788,2026-08-20,970.000000,9.207481,0.174623,71731.860000,71642.770000
29787237,2026-08-20T13:57,71656.240000,0.020200,-0.654562,2026-08-20,674.000000,18.698306,0.663172,71691.480000,71639.280000
29787238,2026-08-20T13:58,71609.540000,-0.337600,0.335846,2026-08-20,760.000000,9.352218,0.292933,71675.370000,71604.480000
29787239,2026-08-20T13:59,71645.550000,0.249400,-0.434766,2026-08-20,980.000000,12.595786,0.432253,71649.710000,71583.600000
29787240,2026-08-20T14:00,71575.230000,-0.447300,-0.145980,2026-08-20,1165.000000,18.773778,0.494579,71664.640000,71559.250000
29787241,2026-08-20T14:01,71616.170000,-0.216400,-0.003329,2026-08-20,890.000000,33.257802,0.710393,71669.540000,71569.680000
29787242,2026-08-20T14:02,71684.520000,-0.277600,0.423410,2026-08-20,832.000000,12.624304,0.267280,71761.060000,71617.480000
29787243,2026-08-20T14:03,71687.300000,0.080300,-0.460199,2026-08-20,1009.000000,10.374706,0.250441,71729.750000,71653.200000
29787244,2026-08-20T14:04,71677.580000,-0.307800,-0.518134,2026-08-20,798.000000,10.614484,0.406535,71751.400000,71674.080000
29787245,2026-08-20T14:05,71731.040000,0.723400,-0.186909,2026-08-20,627.000000,12.021251,0.751622,71732.660000,71636.000000
29787246,2026-08-20T14:06,71759.760000,0.435900,0.501740,2026-08-20,920.000000,14.695531,0.523466,71799.360000,71708.890000
29787247,2026-08-20T14:07,71794.890000,0.509400,0.055022,2026-08-20,709.000000,20.057334,0.722765,71816.760000,71744.430000
29787248,2026-08-20T14:08,71782.390000,0.657500,0.489748,2026-08-20,847.000000,9.589522,0.372803,71818.480000,71722.800000
29787249,2026-08-20T14:09,71804.510000,0.538400,-0.556954,2026-08-20,1190.000000,12.559911,0.449484,71827.190000,71761.080000
29787250,2026-08-20T14:10,71840.780000,-0.459000,-0.026629,2026-08-20,877.000000,20.600109,0.410202,71916.770000,71794.440000
29787251,2026-08-20T14:11,71862.010000,0.222600,-0.231547,2026-08-20,1055.000000,11.345655,0.418843,71884.650000,71836.070000
29787252,2026-08-20T14:12,71924.640000,0.489500,-0.166299,2026-08-20,941.000000,11.371982,0.487138,71936.930000,71862.000000
29787253,2026-08-20T14:13,71807.260000,-0.371100,-0.031932,2026-08-20,768.000000,15.064239,0.469536,71950.040000,71799.360000
29787254,2026-08-20T14:14,71765.040000,-0.105200,-0.054139,2026-08-20,905.000000,10.832182,0.403328,71843.170000,71765.030000
29787255,2026-08-20T14:15,71661.010000,-0.638200,-0.202005,2026-08-20,879.000000,20.918500,0.496281,71775.000000,71652.680000
29787256,2026-08-20T14:16,71632.880000,-0.179500,-0.003011,2026-08-20,778.000000,21.660512,0.575790,71736.720000,71632.870000
29787257,2026-08-20T14:17,71573.170000,0.687600,0.151613,2026-08-20,1081.000000,22.820071,0.562905,71632.870000,71562.730000
29787258,2026-08-20T14:18,71603.050000,-0.281700,0.162742,2026-08-20,697.000000,7.008125,0.589403,71639.270000,71571.110000
29787259,2026-08-20T14:19,71516.980000,-0.324000,0.115857,2026-08-20,775.000000,16.961540,0.213520,71625.360000,71505.920000
29787260,2026-08-20T14:20,71576.640000,0.121100,-0.621325,2026-08-20,739.000000,11.867474,0.396316,71594.040000,71430.480000
29787261,2026-08-20T14:21,71555.760000,0.695400,-0.146657,2026-08-20,807.000000,10.384334,0.600182,71587.080000,71520.000000
29787262,2026-08-20T14:22,71523.790000,0.268400,0.260004,2026-08-20,749.000000,9.594584,0.491001,71576.640000,71475.720000
29787263,2026-08-20T14:23,71594.570000,-0.171900,-0.153953,2026-08-20,1107.000000,20.861322,0.663230,71596.960000,71468.760000
29787264,2026-08-20T14:24,71611.450000,-0.245800,0.333900,2026-08-20,860.000000,19.570124,0.873025,71628.790000,71571.010000
29787265,2026-08-20T14:25,71597.490000,-0.265000,0.782284,2026-08-20,911.000000,22.527200,0.742730,71656.680000,71566.210000
29787266,2026-08-20T14:26,71607.960000,-0.385700,0.481332,2026-08-20,715.000000,14.003621,0.790820,71631.960000,71586.390000
29787267,2026-08-20T14:27,71481.960000,-0.553000,0.586658,2026-08-20,880.000000,19.175886,0.660424,71629.730000,71479.070000
29787268,2026-08-20T14:28,71427.010000,-0.364400,0.161804,2026-08-20,776.000000,21.549571,0.481165,71489.640000,71427.000000
29787269,2026-08-20T14:29,71401.210000,-0.564300,0.091524,2026-08-20,771.000000,17.383779,0.441177,71472.140000,71315.010000
29787270,2026-08-20T14:30,71395.670000,-0.142500,-0.117139,2026-08-20,876.000000,18.643009,0.417114,71441.980000,71360.880000
29787271,2026-08-20T14:31,71475.710000,0.689400,-0.174500,2026-08-20,1010.000000,15.601104,0.356313,71475.720000,71399.150000
29787272,2026-08-20T14:32,71531.390000,-0.134600,-0.283852,2026-08-20,1086.000000,17.538006,0.228150,71538.360000,71462.050000
29787273,2026-08-20T14:33,71588.830000,-0.366800,-0.545377,2026-08-20,1295.000000,16.882415,0.362970,71591.340000,71541.830000
29787274,2026-08-20T14:34,71522.140000,-0.327100,-0.265756,2026-08-20,1293.000000,19.047707,0.290206,71638.260000,71522.130000
29787275,2026-08-20T14:35,71571.580000,0.142600,-0.428015,2026-08-20,1317.000000,18.271644,0.347173,71594.030000,71511.110000
29787276,2026-08-20T14:36,71626.510000,-0.261400,-0.304570,2026-08-20,818.000000,11.725992,0.301349,71632.310000,71580.110000
29787277,2026-08-20T14:37,71500.080000,-0.612400,-0.145591,2026-08-20,1149.000000,43.831681,0.221174,71675.000000,71500.080000
29787278,2026-08-20T14:38,71480.480000,-0.592100,-0.665395,2026-08-20,655.000000,5.837069,0.523434,71513.990000,71437.440000
29787279,2026-08-20T14:39,71503.550000,0.379100,0.069605,2026-08-20,664.000000,7.483234,0.641246,71507.040000,71453.920000
29787280,2026-08-20T14:40,71479.200000,0.042300,0.266777,2026-08-20,759.000000,7.547401,0.441900,71506.350000,71437.440000
29787281,2026-08-20T14:41,71541.430000,0.630100,-0.106232,2026-08-20,832.000000,12.753531,0.626695,71574.600000,71472.240000
29787282,2026-08-20T14:42,71425.600000,-0.388900,0.252588,2026-08-20,729.000000,13.350573,0.283908,71553.910000,71420.080000
29787283,2026-08-20T14:43,71487.790000,0.270200,-0.436947,2026-08-20,729.000000,12.196854,0.301580,71488.320000,71409.660000
29787284,2026-08-20T14:44,71496.600000,-0.298800,-0.390424,2026-08-20,555.000000,5.811204,0.462075,71503.710000,71465.280000
29787285,2026-08-20T14:45,71433.960000,0.085000,-0.075640,2026-08-20,706.000000,7.601696,0.475888,71507.320000,71416.560000
29787286,2026-08-20T14:46,71465.270000,0.505300,-0.052519,2026-08-20,621.000000,4.169099,0.713542,71490.120000,71427.000000
29787287,2026-08-20T14:47,71392.160000,0.017500,0.440240,2026-08-20,733.000000,10.074887,0.279622,71503.820000,71360.010000
29787288,2026-08-20T14:48,71440.920000,0.147300,-0.435085,2026-08-20,712.000000,8.899593,0.814822,71469.390000,71396.110000
29787289,2026-08-20T14:49,71513.990000,0.053200,0.465848,2026-08-20,790.000000,11.983916,0.630520,71520.350000,71394.990000
29787290,2026-08-20T14:50,71662.920000,0.096900,0.370189,2026-08-20,609.000000,4.810024,0.557608,71663.630000,71500.080000
29787291,2026-08-20T14:51,71687.490000,0.310200,0.105108,2026-08-20,311.000000,6.136873,0.834601,71695.730000,71659.800000
29787292,2026-08-20T14:52,71687.460000,0.548100,0.689669,2026-08-20,1139.000000,19.896315,0.478811,71712.260000,71635.000000
29787293,2026-08-20T14:53,71716.460000,0.597200,-0.026441,2026-08-20,766.000000,10.737668,0.686427,71732.800000,71645.390000
29787294,2026-08-20T14:54,71702.670000,0.121100,0.376008,2026-08-20,637.000000,8.656028,0.782495,71732.590000,71681.040000
29787295,2026-08-20T14:55,71692.960000,-0.420500,0.546968,2026-08-20,716.000000,10.123996,0.733035,71739.960000,71681.040000
29787296,2026-08-20T14:56,71658.140000,-0.367500,0.455862,2026-08-20,623.000000,6.643501,0.480291,71692.970000,71619.500000
29787297,2026-08-20T14:57,71658.930000,0.318900,-0.023433,2026-08-20,672.000000,9.102953,0.569407,71691.480000,71621.880000
29787298,2026-08-20T14:58,71690.110000,0.065400,0.124799,2026-08-20,635.000000,6.744672,0.453951,71690.110000,71619.490000
29787299,2026-08-20T14:59,71780.330000,0.100200,-0.088711,2026-08-20,703.000000,12.757898,0.423905,71785.440000,71688.000000
29787300,2026-08-20T15:00,71812.650000,0.470800,-0.116464,2026-08-20,886.000000,12.679570,0.481776,71820.270000,71737.780000
29787301,2026-08-20T15:01,71920.730000,0.763600,-0.068806,2026-08-20,918.000000,19.289513,0.612113,71929.660000,71809.420000
29787302,2026-08-20T15:02,72083.610000,0.515100,0.207901,2026-08-20,2192.000000,346.076756,0.810291,72161.370000,71921.160000
29787303,2026-08-20T15:03,72294.010000,-0.084100,0.621977,2026-08-20,1774.000000,76.598257,0.726465,72307.690000,72042.970000
29787304,2026-08-20T15:04,72287.770000,0.136800,0.465655,2026-08-20,1949.000000,87.690116,0.608409,72534.040000,72242.650000
29787305,2026-08-20T15:05,72107.190000,0.526200,0.210409,2026-08-20,1303.000000,33.543298,0.615607,72380.980000,72094.040000
29787306,2026-08-20T15:06,72153.400000,0.096700,0.216358,2026-08-20,1205.000000,26.562175,0.789708,72191.990000,72056.650000
29787307,2026-08-20T15:07,72122.600000,0.201600,0.601627,2026-08-20,970.000000,14.448128,0.709799,72247.070000,72109.990000
29787308,2026-08-20T15:08,72014.450000,-0.142800,0.409339,2026-08-20,1101.000000,24.886692,0.434711,72170.990000,71958.140000
29787309,2026-08-20T15:09,72131.930000,0.179600,-0.131744,2026-08-20,921.000000,14.308329,0.663592,72190.480000,72001.200000
29787310,2026-08-20T15:10,72164.760000,-0.410100,0.328189,2026-08-20,908.000000,18.724422,0.804999,72203.040000,72102.120000
29787311,2026-08-20T15:11,72220.450000,-0.290600,0.612222,2026-08-20,807.000000,12.037590,0.696748,72244.800000,72087.960000
29787312,2026-08-20T15:12,72208.180000,0.193000,0.449821,2026-08-20,1481.000000,39.661422,0.330102,72270.990000,72174.700000
29787313,2026-08-20T15:13,72242.000000,0.457100,-0.361326,2026-08-20,1186.000000,26.307128,0.454668,72312.340000,72207.060000
29787314,2026-08-20T15:14,72201.290000,0.757600,-0.110994,2026-08-20,751.000000,10.096945,0.604164,72265.670000,72186.550000
29787315,2026-08-20T15:15,72188.980000,0.593600,0.213753,2026-08-20,791.000000,18.644984,0.756016,72244.790000,72168.250000
29787316,2026-08-20T15:16,72150.890000,0.124800,0.509688,2026-08-20,595.000000,9.094541,0.515966,72200.970000,72124.230000
29787317,2026-08-20T15:17,72134.730000,0.026700,-0.080272,2026-08-20,1318.000000,34.294479,0.342936,72175.200000,72051.010000
29787318,2026-08-20T15:18,72214.330000,-0.404300,-0.290883,2026-08-20,1030.000000,23.433463,0.502863,72215.960000,72031.260000
29787319,2026-08-20T15:19,72204.740000,-0.165200,-0.006021,2026-08-20,1264.000000,13.282693,0.436950,72222.170000,72161.290000
29787320,2026-08-20T15:20,72213.490000,0.074700,-0.128455,2026-08-20,1107.000000,27.717036,0.649440,72322.960000,72185.640000
29787321,2026-08-20T15:21,72146.010000,-0.612800,0.318981,2026-08-20,763.000000,9.801580,0.486336,72242.310000,72129.960000
29787322,2026-08-20T15:22,72070.920000,0.018000,-0.075989,2026-08-20,850.000000,24.765911,0.257149,72146.010000,72046.440000
29787323,2026-08-20T15:23,71936.540000,-0.212000,-0.489007,2026-08-20,962.000000,14.698471,0.395321,72070.930000,71933.770000
29787324,2026-08-20T15:24,72039.140000,0.554400,-0.193419,2026-08-20,629.000000,8.263795,0.630160,72067.320000,71935.000000
29787325,2026-08-20T15:25,72133.420000,0.376400,0.158021,2026-08-20,792.000000,24.618598,0.675268,72153.220000,72029.040000
29787326,2026-08-20T15:26,72178.670000,0.710900,0.391775,2026-08-20,557.000000,4.612353,0.596695,72178.680000,72116.040000
29787327,2026-08-20T15:27,72265.670000,0.490400,0.216301,2026-08-20,753.000000,9.154428,0.441642,72286.550000,72173.190000
29787328,2026-08-20T15:28,72290.890000,0.491300,-0.133208,2026-08-20,884.000000,23.410471,0.462346,72305.900000,72251.760000
29787329,2026-08-20T15:29,72377.950000,0.140400,-0.067501,2026-08-20,979.000000,31.162890,0.538886,72381.000000,72286.520000
29787330,2026-08-20T15:30,72473.040000,0.823200,0.072623,2026-08-20,1078.000000,18.543365,0.739314,72487.540000,72331.800000
29787331,2026-08-20T15:31,72642.110000,-0.158600,0.477575,2026-08-20,1635.000000,46.506438,0.725521,72667.980000,72457.090000
29787332,2026-08-20T15:32,72620.640000,0.555900,0.434471,2026-08-20,1560.000000,80.430561,0.557675,72801.320000,72547.570000
29787333,2026-08-20T15:33,72418.790000,0.123800,0.118753,2026-08-20,935.000000,12.988418,0.326903,72620.630000,72401.870000
29787334,2026-08-20T15:34,72472.850000,0.310600,-0.320387,2026-08-20,949.000000,44.907379,0.844333,72502.780000,72345.720000
29787335,2026-08-20T15:35,72300.460000,0.693800,0.692716,2026-08-20,1229.000000,30.837618,0.619921,72485.990000,72270.000000
29787336,2026-08-20T15:36,72265.680000,-0.270600,0.232043,2026-08-20,2035.000000,38.464464,0.252763,72330.830000,72209.250000
29787337,2026-08-20T15:37,72231.690000,-0.379300,-0.502969,2026-08-20,730.000000,11.623023,0.403185,72283.070000,72211.420000
29787338,2026-08-20T15:38,72142.890000,-0.122300,-0.132051,2026-08-20,605.000000,7.498088,0.538133,72262.190000,72137.400000
29787339,2026-08-20T15:39,72209.080000,-0.405200,0.052947,2026-08-20,537.000000,5.046310,0.629020,72227.390000,72130.010000
29787340,2026-08-20T15:40,72192.610000,0.444100,0.300887,2026-08-20,571.000000,9.049795,0.753583,72237.830000,72171.790000
29787341,2026-08-20T15:41,72233.950000,0.535300,0.508380,2026-08-20,836.000000,20.527977,0.884707,72248.790000,72166.000000
29787342,2026-08-20T15:42,72273.120000,0.198100,0.769159,2026-08-20,454.000000,4.961516,0.695317,72314.400000,72234.030000
29787343,2026-08-20T15:43,72272.640000,0.255700,0.399194,2026-08-20,646.000000,8.427363,0.686383,72310.850000,72234.060000
29787344,2026-08-20T15:44,72203.040000,0.388100,0.369928,2026-08-20,626.000000,11.688066,0.708519,72280.770000,72203.040000
29787345,2026-08-20T15:45,72204.800000,0.315900,0.528325,2026-08-20,662.000000,25.638421,0.397885,72237.840000,72171.720000
29787346,2026-08-20T15:46,72231.860000,0.356100,-0.351896,2026-08-20,899.000000,32.740345,0.551392,72300.000000,72128.750000
29787347,2026-08-20T15:47,72328.320000,0.553900,0.104679,2026-08-20,817.000000,14.651275,0.631661,72334.480000,72185.640000
29787348,2026-08-20T15:48,72266.010000,0.686800,0.255077,2026-08-20,691.000000,8.791986,0.689861,72366.000000,72262.200000
29787349,2026-08-20T15:49,72314.150000,0.327100,0.390725,2026-08-20,472.000000,6.144083,0.790157,72320.490000,72266.890000
29787350,2026-08-20T15:50,72311.890000,0.111500,0.527122,2026-08-20,647.000000,9.542604,0.579220,72342.240000,72286.550000
29787351,2026-08-20T15:51,72460.670000,-0.198200,0.173507,2026-08-20,799.000000,13.523830,0.655243,72495.360000,72290.040000
29787352,2026-08-20T15:52,72515.650000,0.168900,0.318941,2026-08-20,790.000000,10.238366,0.555985,72537.530000,72422.280000
29787353,2026-08-20T15:53,72440.830000,-0.105200,0.113138,2026-08-20,750.000000,10.419110,0.567446,72521.160000,72404.880000
29787354,2026-08-20T15:54,72453.600000,-0.019000,0.161586,2026-08-20,746.000000,10.756504,0.726157,72491.870000,72390.960000
29787355,2026-08-20T15:55,72460.650000,0.465200,0.439496,2026-08-20,799.000000,12.631026,0.615795,72475.000000,72403.980000
29787356,2026-08-20T15:56,72477.960000,-0.282600,0.244462,2026-08-20,752.000000,17.068866,0.807845,72499.990000,72454.020000
29787357,2026-08-20T15:57,72458.820000,-0.135200,0.609557,2026-08-20,655.000000,13.466612,0.828455,72490.090000,72450.600000
29787358,2026-08-20T15:58,72472.740000,0.260000,0.656540,2026-08-20,575.000000,9.628007,0.507222,72479.890000,72446.030000
29787359,2026-08-20T15:59,72429.260000,0.441600,0.026848,2026-08-20,571.000000,7.101967,0.360785,72483.220000,72408.360000
29787360,2026-08-20T16:00,72334.140000,0.504900,-0.271277,2026-08-20,760.000000,17.835057,0.194702,72442.510000,72318.270000
29787361,2026-08-20T16:01,72350.120000,0.359000,-0.624204,2026-08-20,481.000000,7.484722,0.500786,72375.630000,72317.880000
29787362,2026-08-20T16:02,72462.290000,0.830500,-0.007067,2026-08-20,615.000000,17.426308,0.530010,72462.290000,72330.000000
29787363,2026-08-20T16:03,72380.520000,-0.323300,0.056716,2026-08-20,600.000000,5.731469,0.300757,72488.810000,72380.520000
29787364,2026-08-20T16:04,72305.350000,0.393000,-0.361921,2026-08-20,632.000000,10.515413,0.487866,72425.640000,72290.000000
29787365,2026-08-20T16:05,72407.110000,0.581100,-0.039517,2026-08-20,526.000000,10.158863,0.849175,72418.090000,72300.480000
29787366,2026-08-20T16:06,72420.960000,-0.227900,0.720605,2026-08-20,546.000000,6.309573,0.574776,72450.890000,72404.870000
29787367,2026-08-20T16:07,72421.150000,0.720900,0.030685,2026-08-20,1016.000000,67.650972,0.256333,72474.470000,72371.010000
29787368,2026-08-20T16:08,72408.360000,0.724600,-0.485619,2026-08-20,758.000000,9.801015,0.541355,72445.270000,72380.940000
29787369,2026-08-20T16:09,72460.540000,0.004200,0.125134,2026-08-20,539.000000,6.177948,0.687890,72480.990000,72408.360000
29787370,2026-08-20T16:10,72445.750000,0.567800,0.309034,2026-08-20,577.000000,8.500801,0.560384,72459.400000,72397.920000
29787371,2026-08-20T16:11,72411.850000,0.007200,0.349356,2026-08-20,564.000000,7.294847,0.724191,72467.130000,72385.000000
29787372,2026-08-20T16:12,72327.080000,0.067700,0.055387,2026-08-20,590.000000,4.258929,0.508337,72411.840000,72305.000000
29787373,2026-08-20T16:13,72355.080000,0.331400,0.027035,2026-08-20,588.000000,7.559595,0.387861,72363.120000,72305.000000
29787374,2026-08-20T16:14,72279.600000,0.499800,-0.224517,2026-08-20,581.000000,9.653724,0.435802,72349.900000,72236.910000
29787375,2026-08-20T16:15,72314.400000,0.434600,-0.105809,2026-08-20,538.000000,12.293020,0.254809,72344.310000,72277.440000
29787376,2026-08-20T16:16,72273.800000,0.114900,-0.520732,2026-08-20,449.000000,5.332684,0.614523,72325.880000,72273.800000
29787377,2026-08-20T16:17,72241.580000,0.391000,0.277358,2026-08-20,636.000000,10.501833,0.335053,72283.090000,72175.130000
29787378,2026-08-20T16:18,72293.740000,0.283400,-0.342899,2026-08-20,482.000000,4.191302,0.573497,72303.490000,72234.820000
29787379,2026-08-20T16:19,72313.790000,0.521900,0.150095,2026-08-20,468.000000,6.864313,0.706752,72338.760000,72292.650000
29787380,2026-08-20T16:20,72307.430000,-0.164000,0.416411,2026-08-20,580.000000,4.272037,0.613241,72317.880000,72263.540000
29787381,2026-08-20T16:21,72299.990000,0.214300,0.190962,2026-08-20,529.000000,9.703216,0.690815,72312.190000,72266.000000
29787382,2026-08-20T16:22,72267.920000,0.486800,0.395718,2026-08-20,522.000000,4.453988,0.103734,72326.470000,72266.040000
29787383,2026-08-20T16:23,72251.990000,0.466800,-0.797941,2026-08-20,542.000000,7.912417,0.336863,72285.230000,72248.280000
29787384,2026-08-20T16:24,72259.710000,0.517700,-0.294164,2026-08-20,541.000000,5.614822,0.608889,72276.120000,72251.760000
29787385,2026-08-20T16:25,72326.420000,0.356900,0.173824,2026-08-20,428.000000,5.274084,0.651638,72332.790000,72242.220000
29787386,2026-08-20T16:26,72346.740000,-0.373900,0.335237,2026-08-20,542.000000,4.711453,0.346605,72349.610000,72283.080000
29787387,2026-08-20T16:27,72345.740000,0.369700,-0.310555,2026-08-20,440.000000,8.498473,0.446051,72398.210000,72341.520000
29787388,2026-08-20T16:28,72361.540000,0.026800,-0.111673,2026-08-20,630.000000,15.537515,0.551633,72375.750000,72324.010000
29787389,2026-08-20T16:29,72379.820000,0.276200,0.107884,2026-08-20,452.000000,3.136108,0.614948,72392.530000,72363.120000
29787390,2026-08-20T16:30,72293.510000,0.503400,0.199355,2026-08-20,695.000000,7.152753,0.481406,72379.820000,72283.080000
29787391,2026-08-20T16:31,72254.020000,0.059400,-0.039984,2026-08-20,458.000000,8.044813,0.347009,72304.100000,72250.000000
29787392,2026-08-20T16:32,72283.080000,-0.282700,-0.312166,2026-08-20,474.000000,4.251819,0.557009,72283.080000,72252.620000
29787393,2026-08-20T16:33,72359.640000,0.207000,0.119094,2026-08-20,571.000000,6.679105,0.656023,72380.510000,72279.700000
29787394,2026-08-20T16:34,72376.260000,0.529500,0.325552,2026-08-20,765.000000,37.592938,0.784392,72424.950000,72359.300000
29787395,2026-08-20T16:35,72290.040000,0.534000,0.568151,2026-08-20,608.000000,6.225019,0.577576,72388.200000,72290.030000
29787396,2026-08-20T16:36,72307.360000,-0.038900,0.091899,2026-08-20,444.000000,6.027210,0.507632,72316.670000,72269.160000
29787397,2026-08-20T16:37,72375.460000,0.303600,0.065578,2026-08-20,583.000000,10.477198,0.710395,72432.960000,72305.540000
29787398,2026-08-20T16:38,72383.990000,0.548800,0.416616,2026-08-20,638.000000,11.304024,0.712675,72411.150000,72345.720000
29787399,2026-08-20T16:39,72433.120000,0.503600,0.429123,2026-08-20,557.000000,8.128322,0.627255,72436.100000,72383.990000
29787400,2026-08-20T16:40,72484.920000,0.480900,0.269508,2026-08-20,674.000000,14.675062,0.692486,72484.910000,72428.000000
29787401,2026-08-20T16:41,72495.620000,0.086400,0.416159,2026-08-20,1109.000000,27.172833,0.836439,72630.630000,72466.120000
29787402,2026-08-20T16:42,72562.290000,-0.600700,0.659795,2026-08-20,1092.000000,27.289764,0.680201,72652.060000,72470.010000
29787403,2026-08-20T16:43,72658.920000,0.418900,0.359959,2026-08-20,867.000000,20.861248,0.704487,72676.320000,72539.160000
29787404,2026-08-20T16:44,72623.100000,-0.433300,0.408151,2026-08-20,928.000000,16.519896,0.764146,72665.520000,72564.970000
29787405,2026-08-20T16:45,72565.520000,0.664100,0.522359,2026-08-20,837.000000,14.504610,0.511963,72606.720000,72556.460000
29787406,2026-08-20T16:46,72678.540000,0.331400,0.036878,2026-08-20,852.000000,17.730624,0.705906,72700.680000,72564.520000
29787407,2026-08-20T16:47,72637.010000,0.074300,-0.271528,2026-08-20,858.000000,31.201094,0.356112,72690.550000,72617.160000
29787408,2026-08-20T16:48,72549.110000,0.025000,0.483692,2026-08-20,759.000000,15.363323,0.441327,72637.020000,72520.970000
29787409,2026-08-20T16:49,72544.080000,-0.218700,-0.093843,2026-08-20,604.000000,11.064885,0.765472,72564.850000,72500.000000
29787410,2026-08-20T16:50,72624.110000,0.231400,0.496216,2026-08-20,611.000000,10.742818,0.834350,72636.990000,72526.680000
29787411,2026-08-20T16:51,72568.450000,-0.203900,0.695950,2026-08-20,661.000000,8.489615,0.686093,72637.020000,72565.700000
29787412,2026-08-20T16:52,72599.510000,0.326000,0.355523,2026-08-20,675.000000,14.116195,0.560200,72610.190000,72533.650000
29787413,2026-08-20T16:53,72627.600000,0.173400,0.120151,2026-08-20,1158.000000,19.055348,0.454968,72627.600000,72578.020000
29787414,2026-08-20T16:54,72623.580000,-0.114900,-0.098828,2026-08-20,1165.000000,15.105583,0.434092,72650.000000,72598.290000
29787415,2026-08-20T16:55,72655.430000,0.355300,-0.138006,2026-08-20,983.000000,23.321225,0.303423,72655.440000,72533.220000
29787416,2026-08-20T16:56,72681.880000,0.389000,-0.390086,2026-08-20,870.000000,27.055888,0.752405,72710.460000,72649.110000
29787417,2026-08-20T16:57,72718.040000,0.489600,0.479683,2026-08-20,861.000000,13.399211,0.536632,72754.740000,72686.750000
29787418,2026-08-20T16:58,72773.610000,0.077700,0.113048,2026-08-20,890.000000,24.624972,0.796452,72796.950000,72702.560000
29787419,2026-08-20T16:59,72808.570000,0.421300,0.586123,2026-08-20,1252.000000,40.540507,0.642534,72888.560000,72749.400000
29787420,2026-08-20T17:00,72711.110000,0.601300,0.245064,2026-08-20,2296.000000,36.120895,0.203933,72822.470000,72690.240000
29787421,2026-08-20T17:01,72753.550000,0.018500,-0.596755,2026-08-20,1822.000000,24.882602,0.282844,72812.030000,72699.930000
29787422,2026-08-20T17:02,72779.420000,0.093900,-0.412671,2026-08-20,1714.000000,26.498047,0.317509,72866.000000,72753.550000
29787423,2026-08-20T17:03,72828.260000,0.486500,-0.355908,2026-08-20,1302.000000,19.283223,0.344405,72846.140000,72763.320000
29787424,2026-08-20T17:04,72739.360000,-0.204500,-0.318576,2026-08-20,1335.000000,15.800253,0.144138,72832.920000,72739.360000
29787425,2026-08-20T17:05,72757.390000,-0.029700,-0.728608,2026-08-20,1483.000000,18.587713,0.232417,72784.200000,72711.980000
29787426,2026-08-20T17:06,72707.640000,-0.137800,-0.551989,2026-08-20,1731.000000,21.946815,0.189674,72757.380000,72691.390000
29787427,2026-08-20T17:07,72756.070000,0.353100,-0.604288,2026-08-20,1198.000000,20.782907,0.295208,72768.990000,72658.670000
29787428,2026-08-20T17:08,72692.830000,0.560800,-0.409357,2026-08-20,2540.000000,23.052843,0.292702,72755.110000,72690.240000
29787429,2026-08-20T17:09,72642.380000,-0.421400,-0.414739,2026-08-20,1621.000000,25.651906,0.445332,72704.160000,72616.780000
29787430,2026-08-20T17:10,72557.990000,0.336600,-0.132631,2026-08-20,987.000000,32.918248,0.240751,72644.170000,72515.000000
29787431,2026-08-20T17:11,72600.120000,-0.019500,-0.525859,2026-08-20,696.000000,12.597082,0.807630,72615.820000,72533.000000
29787432,2026-08-20T17:12,72680.400000,0.228200,0.667253,2026-08-20,584.000000,10.609031,0.789033,72682.330000,72596.280000
29787433,2026-08-20T17:13,72661.540000,0.231200,0.560888,2026-08-20,602.000000,12.504538,0.889533,72690.240000,72648.490000
29787434,2026-08-20T17:14,72668.480000,0.054100,0.775134,2026-08-20,619.000000,12.268569,0.859770,72679.800000,72623.700000
29787435,2026-08-20T17:15,72644.990000,0.177500,0.726013,2026-08-20,553.000000,12.454626,0.543679,72683.320000,72622.500000
29787436,2026-08-20T17:16,72664.430000,0.177300,0.048285,2026-08-20,606.000000,8.287072,0.660081,72667.350000,72599.760000
29787437,2026-08-20T17:17,72705.490000,-0.328600,0.399096,2026-08-20,484.000000,8.602279,0.737335,72711.230000,72651.960000
29787438,2026-08-20T17:18,72641.610000,0.604300,0.474514,2026-08-20,630.000000,12.003793,0.684663,72718.080000,72637.760000
29787439,2026-08-20T17:19,72606.040000,-0.425900,0.335911,2026-08-20,655.000000,9.128332,0.661165,72662.770000,72598.990000
29787440,2026-08-20T17:20,72568.430000,-0.110200,0.370395,2026-08-20,665.000000,7.080957,0.623139,72604.440000,72533.920000
29787441,2026-08-20T17:21,72669.360000,0.082300,0.243541,2026-08-20,635.000000,8.041919,0.577687,72676.270000,72561.480000
29787442,2026-08-20T17:22,72697.210000,-0.028300,0.154913,2026-08-20,911.000000,13.752591,0.626595,72763.350000,72676.310000
29787443,2026-08-20T17:23,72658.920000,0.252500,0.252534,2026-08-20,552.000000,6.386087,0.559917,72697.210000,72658.920000
29787444,2026-08-20T17:24,72704.210000,0.646300,0.083871,2026-08-20,552.000000,7.440212,0.512077,72731.950000,72658.920000
29787445,2026-08-20T17:25,72718.080000,0.427900,0.020892,2026-08-20,806.000000,12.210444,0.433248,72772.210000,72676.000000
29787446,2026-08-20T17:26,72763.330000,0.554900,-0.116655,2026-08-20,739.000000,9.422144,0.655054,72800.000000,72695.750000
29787447,2026-08-20T17:27,72726.510000,0.634100,0.387800,2026-08-20,534.000000,8.947036,0.721149,72784.180000,72722.210000
29787448,2026-08-20T17:28,72787.670000,0.427000,0.356306,2026-08-20,501.000000,5.921411,0.589531,72787.680000,72729.720000
29787449,2026-08-20T17:29,72790.920000,0.633500,0.177683,2026-08-20,679.000000,10.869943,0.733983,72832.920000,72785.010000
29787450,2026-08-20T17:30,72801.580000,0.260900,0.460617,2026-08-20,568.000000,9.269195,0.583163,72836.400000,72773.760000
29787451,2026-08-20T17:31,72821.020000,0.207700,0.176273,2026-08-20,640.000000,8.352851,0.677508,72846.830000,72799.000000
29787452,2026-08-20T17:32,72735.480000,0.329500,0.265688,2026-08-20,688.000000,17.075499,0.391170,72829.650000,72725.010000
29787453,2026-08-20T17:33,72787.390000,0.233700,-0.190321,2026-08-20,626.000000,11.047532,0.497955,72790.000000,72725.830000
29787454,2026-08-20T17:34,72780.730000,-0.083400,-0.004090,2026-08-20,975.000000,13.115220,0.618484,72820.360000,72770.030000
29787455,2026-08-20T17:35,72733.600000,-0.085300,0.057939,2026-08-20,727.000000,10.067475,0.482079,72786.790000,72721.560000
29787456,2026-08-20T17:36,72751.820000,0.399900,0.238923,2026-08-20,558.000000,7.020571,0.644150,72751.820000,72693.230000
29787457,2026-08-20T17:37,72725.040000,0.600700,0.286093,2026-08-20,615.000000,11.138633,0.737684,72751.820000,72714.610000
29787458,2026-08-20T17:38,72756.360000,0.462600,0.420566,2026-08-20,530.000000,7.773671,0.641345,72776.730000,72724.710000
29787459,2026-08-20T17:39,72791.170000,-0.318900,0.357118,2026-08-20,544.000000,14.909524,0.768379,72822.330000,72755.050000
29787460,2026-08-20T17:40,72801.610000,0.149000,0.493747,2026-08-20,475.000000,9.307889,0.670988,72816.370000,72780.000000
29787461,2026-08-20T17:41,72757.380000,-0.099600,0.371981,2026-08-20,636.000000,10.103361,0.804862,72808.420000,72736.640000
29787462,2026-08-20T17:42,72704.170000,0.226000,0.647077,2026-08-20,491.000000,6.678083,0.600028,72775.000000,72704.160000
29787463,2026-08-20T17:43,72712.480000,0.565800,0.199308,2026-08-20,781.000000,33.172962,0.356105,72740.320000,72655.440000
29787464,2026-08-20T17:44,72737.210000,0.004500,-0.288450,2026-08-20,464.000000,5.922936,0.744436,72749.380000,72707.660000
29787465,2026-08-20T17:45,72711.120000,0.172900,0.497743,2026-08-20,584.000000,12.191030,0.756601,72770.280000,72707.640000
29787466,2026-08-20T17:46,72697.010000,0.293500,0.513208,2026-08-20,554.000000,13.577920,0.726513,72741.990000,72690.240000
29787467,2026-08-20T17:47,72711.330000,0.589200,0.459774,2026-08-20,649.000000,11.468857,0.760408,72729.450000,72696.890000
29787468,2026-08-20T17:48,72717.960000,0.572300,0.529213,2026-08-20,531.000000,7.986578,0.583601,72752.920000,72713.140000
29787469,2026-08-20T17:49,72780.710000,0.283200,0.124902,2026-08-20,508.000000,8.988345,0.789661,72795.900000,72717.950000
29787470,2026-08-20T17:50,72806.280000,0.383000,0.560018,2026-08-20,578.000000,16.688886,0.675459,72822.480000,72750.010000
29787471,2026-08-20T17:51,72864.050000,0.108900,0.350235,2026-08-20,658.000000,15.887649,0.781439,72874.360000,72799.000000
29787472,2026-08-20T17:52,72915.250000,-0.550400,0.560774,2026-08-20,816.000000,21.443813,0.801972,72950.000000,72832.920000
29787473,2026-08-20T17:53,72836.420000,-0.172100,0.618490,2026-08-20,631.000000,11.348634,0.714322,72912.970000,72785.000000
29787474,2026-08-20T17:54,72836.420000,-0.172100,0.428601,2026-08-20,,,,,
29787475,2026-08-20T17:55,72859.230000,0.299200,0.000000,2026-08-20,1232.000000,25.901850,0.786492,72899.030000,72800.000000
29787476,2026-08-20T17:56,72848.850000,-0.035000,0.452692,2026-08-20,565.000000,15.406357,0.580382,72864.370000,72800.000000
29787477,2026-08-20T17:57,72848.390000,0.078600,0.356670,2026-08-20,612.000000,18.607371,0.593939,72857.220000,72811.800000
29787478,2026-08-20T17:58,72836.390000,0.281100,0.178899,2026-08-20,576.000000,12.898393,0.689580,72881.640000,72829.440000
29787479,2026-08-20T17:59,72715.330000,0.539900,0.368473,2026-08-20,670.000000,14.878543,0.517861,72843.270000,72707.640000
29787480,2026-08-20T18:00,72763.330000,-0.584200,0.045379,2026-08-20,504.000000,13.030821,0.581635,72803.730000,72715.330000
29787481,2026-08-20T18:01,72693.880000,0.235200,0.192432,2026-08-20,577.000000,11.212854,0.484252,72771.930000,72679.800000
29787482,2026-08-20T18:02,72541.040000,0.244700,-0.079510,2026-08-20,1117.000000,26.341334,0.317389,72700.680000,72540.000000
29787483,2026-08-20T18:03,72571.920000,0.059100,-0.339475,2026-08-20,774.000000,20.357713,0.377163,72634.480000,72540.000000
29787484,2026-08-20T18:04,72596.290000,0.128800,-0.204833,2026-08-20,551.000000,15.796132,0.549855,72606.710000,72565.300000
29787485,2026-08-20T18:05,72529.850000,0.237200,0.032226,2026-08-20,580.000000,17.585753,0.236350,72606.710000,72510.000000
29787486,2026-08-20T18:06,72546.540000,0.474900,-0.486955,2026-08-20,828.000000,17.938346,0.444579,72564.950000,72467.530000
29787487,2026-08-20T18:07,72592.800000,-0.260200,-0.178292,2026-08-20,615.000000,13.582545,0.286503,72638.660000,72540.080000
29787488,2026-08-20T18:08,72533.100000,0.519000,-0.345352,2026-08-20,624.000000,11.215454,0.633390,72595.930000,72516.240000
29787489,2026-08-20T18:09,72542.100000,0.272800,0.212590,2026-08-20,731.000000,13.778866,0.599269,72581.000000,72519.720000
29787490,2026-08-20T18:10,72545.580000,0.121200,0.187098,2026-08-20,465.000000,8.321516,0.385717,72554.510000,72523.200000
29787491,2026-08-20T18:11,72512.760000,0.231300,-0.315112,2026-08-20,694.000000,14.677718,0.535462,72559.220000,72490.000000
29787492,2026-08-20T18:12,72474.490000,0.156000,0.164715,2026-08-20,795.000000,8.987002,0.457110,72512.820000,72474.480000
29787493,2026-08-20T18:13,72554.510000,0.633600,-0.099224,2026-08-20,819.000000,42.447293,0.555387,72603.190000,72450.120000
29787494,2026-08-20T18:14,72593.930000,-0.012100,0.103441,2026-08-20,561.000000,11.778166,0.577786,72609.820000,72533.640000
29787495,2026-08-20T18:15,72590.450000,0.436900,0.083836,2026-08-20,569.000000,6.899519,0.420865,72610.000000,72570.010000
29787496,2026-08-20T18:16,72505.260000,0.259100,0.010988,2026-08-20,685.000000,15.526561,0.314313,72590.330000,72477.960000
29787497,2026-08-20T18:17,72546.510000,0.300100,-0.360479,2026-08-20,622.000000,9.602774,0.445456,72577.330000,72512.760000
29787498,2026-08-20T18:18,72596.290000,0.041700,-0.121194,2026-08-20,800.000000,9.731173,0.326093,72617.140000,72546.510000
29787499,2026-08-20T18:19,72612.390000,0.337100,-0.348347,2026-08-20,641.000000,9.650967,0.328744,72616.840000,72581.230000
29787500,2026-08-20T18:20,72656.110000,0.309400,-0.199171,2026-08-20,749.000000,13.544514,0.526320,72683.270000,72610.570000
29787501,2026-08-20T18:21,72684.960000,0.638100,-0.033624,2026-08-20,546.000000,8.171575,0.440113,72695.350000,72656.070000
29787502,2026-08-20T18:22,72667.040000,0.526400,-0.121782,2026-08-20,761.000000,11.696916,0.441567,72704.990000,72658.920000
29787503,2026-08-20T18:23,72695.180000,0.436900,-0.015284,2026-08-20,575.000000,11.201580,0.437849,72702.520000,72662.400000
29787504,2026-08-20T18:24,72707.640000,0.236900,-0.256204,2026-08-20,584.000000,8.018687,0.538144,72716.130000,72689.590000
29787505,2026-08-20T18:25,72691.790000,0.489300,0.078700,2026-08-20,680.000000,13.946419,0.556394,72733.650000,72672.840000
29787506,2026-08-20T18:26,72672.850000,0.382000,0.068733,2026-08-20,627.000000,8.582875,0.329511,72710.890000,72669.360000
29787507,2026-08-20T18:27,72640.740000,-0.497000,-0.293496,2026-08-20,636.000000,12.451813,0.488661,72669.370000,72617.870000
29787508,2026-08-20T18:28,72683.290000,0.164800,0.034997,2026-08-20,740.000000,26.771363,0.548355,72696.920000,72609.820000
29787509,2026-08-20T18:29,72669.920000,0.500300,0.070503,2026-08-20,457.000000,10.023831,0.339829,72698.570000,72669.370000
29787510,2026-08-20T18:30,72648.420000,0.259000,-0.327039,2026-08-20,589.000000,16.791666,0.572276,72709.980000,72642.880000
29787511,2026-08-20T18:31,72592.800000,0.575600,0.142002,2026-08-20,663.000000,10.742968,0.535305,72648.410000,72540.600000
29787512,2026-08-20T18:32,72568.400000,0.490200,0.085284,2026-08-20,725.000000,12.146507,0.432943,72610.200000,72561.500000
29787513,2026-08-20T18:33,72505.800000,0.175100,-0.129246,2026-08-20,990.000000,13.543706,0.201707,72571.910000,72505.800000
29787514,2026-08-20T18:34,72418.800000,-0.040700,-0.602513,2026-08-20,754.000000,17.616876,0.336934,72526.670000,72373.560000
29787515,2026-08-20T18:35,72470.990000,0.528300,-0.326302,2026-08-20,559.000000,11.467866,0.465216,72470.990000,72415.320000
29787516,2026-08-20T18:36,72515.880000,0.540900,-0.071802,2026-08-20,473.000000,9.246002,0.673864,72520.800000,72470.990000
29787517,2026-08-20T18:37,72564.960000,0.673500,0.351764,2026-08-20,533.000000,8.884587,0.769784,72564.960000,72515.800000
29787518,2026-08-20T18:38,72514.940000,0.654400,0.524429,2026-08-20,576.000000,8.947360,0.265576,72568.440000,72500.190000
29787519,2026-08-20T18:39,72434.360000,0.399400,-0.463210,2026-08-20,733.000000,21.013175,0.199239,72519.720000,72432.000000
29787520,2026-08-20T18:40,72432.710000,0.378700,-0.560106,2026-08-20,539.000000,7.198659,0.506880,72453.590000,72422.280000
29787521,2026-08-20T18:41,72384.010000,0.428000,-0.069474,2026-08-20,605.000000,12.988832,0.424403,72436.200000,72370.560000
29787522,2026-08-20T18:42,72422.290000,0.424600,-0.158101,2026-08-20,543.000000,7.658096,0.411673,72432.040000,72373.560000
29787523,2026-08-20T18:43,72470.650000,0.654800,-0.165397,2026-08-20,523.000000,7.919948,0.521995,72470.390000,72410.950000
29787524,2026-08-20T18:44,72481.430000,0.767100,0.044470,2026-08-20,558.000000,9.056846,0.394040,72499.990000,72443.160000
29787525,2026-08-20T18:45,72464.040000,0.426000,-0.211846,2026-08-20,741.000000,34.469964,0.450220,72491.880000,72420.000000
29787526,2026-08-20T18:46,72455.070000,0.358700,-0.099577,2026-08-20,704.000000,10.310366,0.387476,72484.910000,72446.640000
29787527,2026-08-20T18:47,72488.430000,0.521500,-0.344355,2026-08-20,529.000000,9.901327,0.569330,72490.990000,72452.000000
29787528,2026-08-20T18:48,72498.850000,0.363600,0.405581,2026-08-20,806.000000,9.470660,0.252496,72526.670000,72488.820000
29787529,2026-08-20T18:49,72516.610000,0.521800,-0.349873,2026-08-20,536.000000,7.653942,0.376553,72519.710000,72493.620000
29787530,2026-08-20T18:50,72502.330000,0.029900,-0.439807,2026-08-20,515.000000,5.803445,0.476329,72522.800000,72501.090000
29787531,2026-08-20T18:51,72529.330000,-0.039100,0.028556,2026-08-20,665.000000,8.551193,0.515360,72545.990000,72502.320000
29787532,2026-08-20T18:52,72598.610000,0.440900,-0.023618,2026-08-20,1018.000000,13.761337,0.365762,72610.190000,72523.640000
29787533,2026-08-20T18:53,72488.400000,0.332700,-0.268475,2026-08-20,1085.000000,56.713552,0.093434,72602.250000,72488.400000
29787534,2026-08-20T18:54,72473.710000,0.109900,-0.813309,2026-08-20,620.000000,7.403486,0.311209,72495.480000,72443.160000
29787535,2026-08-20T18:55,72473.710000,0.413500,-0.373045,2026-08-20,8.000000,0.015165,0.000010,72473.710000,72473.700000
29787536,2026-08-20T18:56,72472.680000,0.295200,-0.999993,2026-08-20,942.000000,13.688084,0.387062,72498.840000,72436.200000
29787537,2026-08-20T18:57,72443.450000,0.019200,-0.225755,2026-08-20,524.000000,2.245023,0.468003,72484.920000,72443.440000
29787538,2026-08-20T18:58,72437.010000,0.577900,-0.062850,2026-08-20,567.000000,7.336320,0.472036,72450.110000,72418.800000
29787539,2026-08-20T18:59,72410.920000,0.347800,-0.061999,2026-08-20,682.000000,9.182362,0.482668,72443.160000,72397.860000
29787540,2026-08-20T19:00,72370.080000,0.275900,-0.143818,2026-08-20,581.000000,9.692985,0.538300,72427.510000,72370.080000
29787541,2026-08-20T19:01,72342.240000,0.399500,0.244367,2026-08-20,788.000000,15.782042,0.477640,72435.320000,72303.970000
29787542,2026-08-20T19:02,72356.170000,0.409400,-0.040969,2026-08-20,642.000000,10.116469,0.569333,72370.750000,72331.800000
29787543,2026-08-20T19:03,72366.610000,0.437200,0.129396,2026-08-20,687.000000,12.951361,0.709755,72396.470000,72331.800000
29787544,2026-08-20T19:04,72385.960000,0.252000,0.407979,2026-08-20,778.000000,17.032178,0.602976,72413.460000,72335.290000
29787545,2026-08-20T19:05,72397.920000,0.710700,0.190324,2026-08-20,704.000000,12.768667,0.632469,72405.670000,72317.880000
29787546,2026-08-20T19:06,72441.010000,0.470800,0.126032,2026-08-20,583.000000,8.834438,0.475612,72450.050000,72384.000000
29787547,2026-08-20T19:07,72404.890000,0.451500,0.220171,2026-08-20,653.000000,10.248574,0.502571,72484.910000,72390.960000
29787548,2026-08-20T19:08,72404.890000,0.131000,-0.020976,2026-08-20,832.000000,13.955807,0.614019,72439.990000,72397.920000
29787549,2026-08-20T19:09,72452.040000,0.106500,0.253883,2026-08-20,602.000000,9.538751,0.662916,72457.080000,72404.880000
29787550,2026-08-20T19:10,72478.850000,0.077800,0.309077,2026-08-20,705.000000,11.274636,0.670970,72479.950000,72425.760000
29787551,2026-08-20T19:11,72463.930000,0.579100,0.211290,2026-08-20,583.000000,10.643118,0.480563,72478.850000,72435.210000
29787552,2026-08-20T19:12,72445.710000,0.030400,0.355320,2026-08-20,850.000000,13.742769,0.658532,72488.390000,72429.240000
29787553,2026-08-20T19:13,72464.480000,0.586900,0.059864,2026-08-20,711.000000,11.424167,0.599169,72479.140000,72425.290000
29787554,2026-08-20T19:14,72466.770000,0.515900,0.205090,2026-08-20,640.000000,12.433771,0.681233,72492.180000,72459.810000
29787555,2026-08-20T19:15,72484.010000,0.396100,0.354236,2026-08-20,536.000000,9.336378,0.718798,72491.880000,72457.080000
29787556,2026-08-20T19:16,72541.900000,0.628300,0.432301,2026-08-20,771.000000,18.066455,0.785438,72573.460000,72484.010000
29787557,2026-08-20T19:17,72520.010000,0.133100,0.565018,2026-08-20,608.000000,9.347035,0.676946,72557.770000,72520.000000
29787558,2026-08-20T19:18,72535.010000,0.313700,0.375220,2026-08-20,611.000000,7.518639,0.556774,72560.530000,72512.760000
29787559,2026-08-20T19:19,72513.480000,-0.616200,0.122789,2026-08-20,641.000000,8.914576,0.814735,72536.530000,72509.420000
29787560,2026-08-20T19:20,72508.600000,-0.677500,0.622148,2026-08-20,518.000000,5.444501,0.609251,72548.970000,72508.590000
29787561,2026-08-20T19:21,72554.510000,0.640100,0.216862,2026-08-20,606.000000,9.039073,0.672607,72560.630000,72494.510000
29787562,2026-08-20T19:22,72579.600000,0.124800,0.357267,2026-08-20,395.000000,6.164018,0.788787,72597.890000,72554.510000
29787563,2026-08-20T19:23,72599.650000,0.190100,0.569404,2026-08-20,502.000000,9.037304,0.777565,72600.000000,72567.710000
29787564,2026-08-20T19:24,72610.210000,0.473500,0.562755,2026-08-20,568.000000,11.467020,0.830525,72620.390000,72589.320000
29787565,2026-08-20T19:25,72623.760000,-0.452500,0.656193,2026-08-20,509.000000,7.830045,0.502951,72627.880000,72599.760000
29787566,2026-08-20T19:26,72606.880000,0.100300,0.004255,2026-08-20,507.000000,8.294904,0.546072,72623.760000,72585.000000
29787567,2026-08-20T19:27,72545.540000,-0.289400,0.108039,2026-08-20,546.000000,6.257525,0.583022,72607.740000,72533.200000
29787568,2026-08-20T19:28,72588.120000,0.421500,0.148504,2026-08-20,512.000000,9.715239,0.881417,72595.400000,72537.490000
29787569,2026-08-20T19:29,72592.800000,-0.398600,0.765239,2026-08-20,490.000000,7.244222,0.784523,72614.410000,72592.800000
29787570,2026-08-20T19:30,72593.790000,0.341000,0.531493,2026-08-20,542.000000,8.477239,0.606203,72624.210000,72578.880000
29787571,2026-08-20T19:31,72622.670000,0.040300,0.236574,2026-08-20,534.000000,7.912957,0.794948,72627.600000,72582.360000
29787572,2026-08-20T19:32,72624.430000,-0.358300,0.631137,2026-08-20,392.000000,5.445883,0.895577,72627.790000,72615.000000
29787573,2026-08-20T19:33,72640.260000,0.387900,0.766933,2026-08-20,420.000000,4.942128,0.807568,72641.010000,72614.640000
29787574,2026-08-20T19:34,72582.920000,0.302400,0.596805,2026-08-20,580.000000,11.286876,0.634110,72640.250000,72561.480000
29787575,2026-08-20T19:35,72616.430000,-0.055900,0.236717,2026-08-20,578.000000,8.533496,0.405053,72616.440000,72527.550000
29787576,2026-08-20T19:36,72658.920000,0.177800,-0.126287,2026-08-20,513.000000,9.050198,0.681904,72683.280000,72616.430000
29787577,2026-08-20T19:37,72672.850000,0.030800,0.353070,2026-08-20,626.000000,13.804544,0.541360,72697.300000,72610.200000
29787578,2026-08-20T19:38,72669.040000,0.071600,0.097718,2026-08-20,522.000000,10.940254,0.760992,72687.760000,72650.000000
29787579,2026-08-20T19:39,72690.990000,-0.147700,0.506172,2026-08-20,580.000000,16.371942,0.842341,72722.000000,72669.040000
29787580,2026-08-20T19:40,72714.610000,0.074000,0.681826,2026-08-20,515.000000,8.147666,0.695471,72730.300000,72672.840000
29787581,2026-08-20T19:41,72748.460000,0.108400,0.407423,2026-08-20,520.000000,16.268516,0.760034,72761.950000,72714.600000
29787582,2026-08-20T19:42,72771.730000,0.226300,0.515277,2026-08-20,595.000000,16.597266,0.682947,72780.690000,72721.560000
29787583,2026-08-20T19:43,72745.380000,-0.214400,0.358857,2026-08-20,554.000000,9.379833,0.775132,72768.590000,72738.960000
29787584,2026-08-20T19:44,72710.900000,0.636900,0.540944,2026-08-20,745.000000,11.097878,0.575123,72752.780000,72694.260000
29787585,2026-08-20T19:45,72718.070000,0.399200,0.165197,2026-08-20,547.000000,8.784330,0.493608,72727.540000,72693.720000
29787586,2026-08-20T19:46,72590.390000,0.114100,-0.000256,2026-08-20,730.000000,17.146732,0.320092,72719.890000,72570.000000
29787587,2026-08-20T19:47,72631.450000,0.455900,-0.368166,2026-08-20,689.000000,17.644228,0.748579,72647.000000,72585.840000
29787588,2026-08-20T19:48,72641.510000,0.495900,0.492732,2026-08-20,582.000000,8.776676,0.663213,72650.000000,72592.970000
29787589,2026-08-20T19:49,72670.240000,-0.132900,0.332143,2026-08-20,566.000000,10.049070,0.611131,72682.030000,72641.610000
29787590,2026-08-20T19:50,72684.770000,-0.152300,0.227507,2026-08-20,523.000000,8.434943,0.732867,72693.250000,72641.520000
29787591,2026-08-20T19:51,72679.700000,0.131700,0.441536,2026-08-20,542.000000,6.679178,0.738110,72693.180000,72649.860000
29787592,2026-08-20T19:52,72711.120000,0.069700,0.503486,2026-08-20,505.000000,11.093867,0.649032,72742.550000,72669.360000
29787593,2026-08-20T19:53,72708.960000,0.292400,0.286038,2026-08-20,524.000000,8.742905,0.691738,72745.920000,72704.160000
29787594,2026-08-20T19:54,72673.360000,-0.381600,0.374859,2026-08-20,618.000000,7.926038,0.729118,72709.060000,72651.960000
29787595,2026-08-20T19:55,72644.540000,0.520100,0.378513,2026-08-20,679.000000,16.249986,0.492631,72673.360000,72632.210000
29787596,2026-08-20T19:56,72632.110000,0.207000,-0.070946,2026-08-20,111.000000,1.267901,0.460487,72642.750000,72631.080000
29787597,2026-08-20T19:57,72632.110000,0.207000,0.437692,2026-08-20,,,,,
29787598,2026-08-20T19:58,72632.110000,0.207000,0.000000,2026-08-20,,,,,
29787599,2026-08-20T19:59,72632.110000,0.207000,0.000000,2026-08-20,,,,,
29787600,2026-08-20T20:00,72632.110000,0.207000,0.000000,2026-08-20,,,,,
29787601,2026-08-20T20:01,72694.450000,0.534800,0.000000,2026-08-20,3775.000000,88.279599,0.614221,72707.410000,72603.240000
29787602,2026-08-20T20:02,72651.430000,0.426300,0.228156,2026-08-20,431.000000,4.303206,0.326693,72694.450000,72648.520000
29787603,2026-08-20T20:03,72672.850000,0.545500,-0.343063,2026-08-20,505.000000,6.989435,0.554781,72683.590000,72651.430000
29787604,2026-08-20T20:04,72697.210000,0.348900,0.109345,2026-08-20,474.000000,6.091310,0.588582,72720.220000,72672.840000
29787605,2026-08-20T20:05,72711.300000,0.475100,0.186199,2026-08-20,406.000000,7.380839,0.394515,72718.410000,72693.720000
29787606,2026-08-20T20:06,72704.520000,0.141300,-0.221794,2026-08-20,418.000000,8.468281,0.181919,72720.030000,72703.500000
29787607,2026-08-20T20:07,72693.730000,0.400100,-0.636356,2026-08-20,669.000000,11.212013,0.343900,72705.810000,72674.510000
29787608,2026-08-20T20:08,72672.830000,0.693900,-0.310933,2026-08-20,575.000000,6.871492,0.429459,72700.000000,72664.640000
29787609,2026-08-20T20:09,72726.580000,0.108000,-0.144024,2026-08-20,457.000000,6.229234,0.747324,72727.070000,72676.010000
29787610,2026-08-20T20:10,72766.790000,0.531700,0.505375,2026-08-20,499.000000,23.775766,0.482543,72777.240000,72726.590000
29787611,2026-08-20T20:11,72729.890000,0.680200,-0.109252,2026-08-20,839.000000,12.781323,0.143210,72766.800000,72726.850000
29787612,2026-08-20T20:12,72690.240000,0.595000,-0.652221,2026-08-20,780.000000,13.782050,0.049881,72736.100000,72690.240000
29787613,2026-08-20T20:13,72670.730000,0.439000,-0.920148,2026-08-20,785.000000,14.266740,0.126898,72693.720000,72658.920000
29787614,2026-08-20T20:14,72686.760000,0.054900,-0.746673,2026-08-20,469.000000,7.676310,0.369647,72693.720000,72662.400000
29787615,2026-08-20T20:15,72647.760000,0.181700,0.394709,2026-08-20,707.000000,16.379029,0.372715,72704.160000,72645.000000
29787616,2026-08-20T20:16,72670.360000,0.122800,-0.766958,2026-08-20,866.000000,8.981444,0.073665,72677.130000,72646.010000
29787617,2026-08-20T20:17,72624.510000,0.497900,-0.825152,2026-08-20,679.000000,15.897096,0.322418,72670.360000,72617.160000
29787618,2026-08-20T20:18,72683.270000,0.572100,-0.359774,2026-08-20,518.000000,9.106858,0.292567,72683.270000,72624.500000
29787619,2026-08-20T20:19,72714.600000,0.221000,-0.404162,2026-08-20,1118.000000,15.110369,0.156597,72714.600000,72683.270000
29787620,2026-08-20T20:20,72698.240000,0.430400,-0.686995,2026-08-20,1055.000000,14.605663,0.207338,72723.910000,72690.780000
29787621,2026-08-20T20:21,72686.740000,0.297800,-0.626382,2026-08-20,986.000000,11.112330,0.286826,72698.290000,72662.400000
29787622,2026-08-20T20:22,72735.490000,-0.828500,-0.331880,2026-08-20,746.000000,11.880377,0.623685,72742.500000,72686.750000
29787623,2026-08-20T20:23,72780.620000,0.459500,0.256517,2026-08-20,1823.000000,27.233224,0.239368,72784.190000,72729.540000
29787624,2026-08-20T20:24,72801.600000,0.194700,-0.526834,2026-08-20,905.000000,14.171424,0.393737,72801.600000,72763.330000
29787625,2026-08-20T20:25,72825.300000,0.271100,-0.216416,2026-08-20,1031.000000,11.722631,0.275315,72825.950000,72787.680000
29787626,2026-08-20T20:26,72885.700000,0.168300,-0.442222,2026-08-20,1673.000000,25.133974,0.291474,72922.650000,72825.300000
29787627,2026-08-20T20:27,72832.920000,-0.329800,-0.418055,2026-08-20,1621.000000,15.866026,0.141861,72885.980000,72832.920000
29787628,2026-08-20T20:28,72847.540000,-0.132300,-0.726555,2026-08-20,1007.000000,10.639307,0.290900,72847.540000,72815.520000
29787629,2026-08-20T20:29,72826.300000,-0.314700,-0.394689,2026-08-20,1073.000000,9.993168,0.292984,72847.530000,72813.150000
29787630,2026-08-20T20:30,72822.490000,-0.407000,-0.412006,2026-08-20,919.000000,19.564159,0.650875,72830.970000,72808.560000
29787631,2026-08-20T20:31,72902.510000,0.408800,0.301750,2026-08-20,382.000000,8.805544,0.452569,72902.510000,72822.080000
29787632,2026-08-20T20:32,72899.040000,0.348900,-0.094862,2026-08-20,801.000000,5.711534,0.097514,72910.240000,72877.510000
29787633,2026-08-20T20:33,72895.570000,0.033600,-0.804981,2026-08-20,681.000000,16.324635,0.128421,72933.830000,72882.880000
29787634,2026-08-20T20:34,72863.020000,0.451400,-0.743157,2026-08-20,614.000000,8.811169,0.196189,72895.570000,72836.400000
29787635,2026-08-20T20:35,72902.140000,0.165600,-0.605591,2026-08-20,551.000000,5.622984,0.346647,72906.000000,72863.020000
29787636,2026-08-20T20:36,72881.640000,-0.247500,-0.308350,2026-08-20,578.000000,6.881529,0.295801,72920.430000,72881.640000
29787637,2026-08-20T20:37,72963.350000,-0.220700,-0.409234,2026-08-20,1722.000000,82.539856,0.734541,73079.090000,72878.170000
29787638,2026-08-20T20:38,72819.450000,0.426900,0.469067,2026-08-20,810.000000,20.578057,0.131606,72968.640000,72819.000000
29787639,2026-08-20T20:39,72728.520000,-0.129800,-0.737189,2026-08-20,455.000000,4.149652,0.282003,72819.000000,72728.520000
29787640,2026-08-20T20:40,72769.240000,0.320400,-0.431982,2026-08-20,558.000000,11.401290,0.457599,72777.240000,72725.440000
29787641,2026-08-20T20:41,72752.360000,0.046700,-0.085915,2026-08-20,478.000000,3.689632,0.412748,72776.290000,72750.000000
29787642,2026-08-20T20:42,72745.400000,0.157500,-0.167936,2026-08-20,640.000000,36.538093,0.241807,72752.870000,72673.340000
29787643,2026-08-20T20:43,72766.790000,0.392800,-0.517802,2026-08-20,495.000000,9.347421,0.796933,72816.150000,72728.530000
29787644,2026-08-20T20:44,72756.360000,0.274500,0.606552,2026-08-20,471.000000,9.061394,0.246893,72801.400000,72741.280000
29787645,2026-08-20T20:45,72742.450000,0.043100,-0.472688,2026-08-20,457.000000,7.472543,0.355003,72776.620000,72735.590000
29787646,2026-08-20T20:46,72725.040000,-0.100300,-0.326740,2026-08-20,483.000000,7.313675,0.303643,72752.870000,72711.820000
29787647,2026-08-20T20:47,72775.540000,0.025000,-0.392343,2026-08-20,617.000000,28.175760,0.828534,72804.830000,72714.610000
29787648,2026-08-20T20:48,72719.820000,-0.000600,0.648304,2026-08-20,340.000000,2.601128,0.393444,72774.480000,72718.080000
29787649,2026-08-20T20:49,72714.600000,0.300800,-0.020625,2026-08-20,423.000000,5.239673,0.260041,72746.870000,72714.590000
29787650,2026-08-20T20:50,72676.330000,0.332400,-0.512587,2026-08-20,467.000000,5.675945,0.359248,72723.990000,72674.470000
29787651,2026-08-20T20:51,72647.920000,0.196600,-0.336615,2026-08-20,536.000000,6.376886,0.342842,72693.710000,72634.560000
29787652,2026-08-20T20:52,72608.050000,0.243000,-0.314527,2026-08-20,576.000000,10.580122,0.249972,72665.870000,72580.000000
29787653,2026-08-20T20:53,72593.920000,0.437200,-0.426143,2026-08-20,428.000000,9.711663,0.779162,72617.150000,72593.250000
29787654,2026-08-20T20:54,72599.820000,0.325500,0.531991,2026-08-20,519.000000,4.445354,0.253269,72599.810000,72583.410000
29787655,2026-08-20T20:55,72617.150000,0.092300,-0.493765,2026-08-20,713.000000,11.129064,0.347694,72634.560000,72599.810000
29787656,2026-08-20T20:56,72592.650000,0.314500,-0.304611,2026-08-20,619.000000,7.630342,0.261604,72620.640000,72592.640000
29787657,2026-08-20T20:57,72634.550000,0.551800,-0.477260,2026-08-20,744.000000,9.541846,0.405135,72634.550000,72582.360000
29787658,2026-08-20T20:58,72665.960000,0.603000,-0.189081,2026-08-20,359.000000,4.078766,0.322190,72667.360000,72634.550000
29787659,2026-08-20T20:59,72660.240000,0.570500,-0.355619,2026-08-20,554.000000,7.242022,0.466261,72676.300000,72640.980000
29787660,2026-08-20T21:00,72621.760000,-0.069500,-0.067480,2026-08-20,1342.000000,11.338421,0.116724,72662.400000,72619.370000
29787661,2026-08-20T21:01,72647.260000,0.525300,-0.766553,2026-08-20,55.000000,0.830546,0.973208,72647.270000,72621.760000
29787662,2026-08-20T21:02,72647.260000,0.525300,0.946415,2026-08-20,,,,,
29787663,2026-08-20T21:03,72647.260000,0.525300,0.000000,2026-08-20,,,,,
29787664,2026-08-20T21:04,72647.260000,0.525300,0.000000,2026-08-20,,,,,
29787665,2026-08-20T21:05,72647.260000,0.525300,0.000000,2026-08-20,,,,,
29787666,2026-08-20T21:06,72550.010000,0.289300,0.000000,2026-08-20,3290.000000,53.170767,0.386266,72662.390000,72550.000000
29787667,2026-08-20T21:07,72606.710000,0.476700,-0.221419,2026-08-20,558.000000,8.897495,0.650176,72606.720000,72555.330000
29787668,2026-08-20T21:08,72560.680000,-0.058700,0.279675,2026-08-20,1007.000000,13.675573,0.186426,72626.770000,72544.080000
29787669,2026-08-20T21:09,72612.610000,0.153700,-0.563778,2026-08-20,456.000000,10.412205,0.891662,72623.890000,72560.680000
29787670,2026-08-20T21:10,72646.900000,0.534400,0.771144,2026-08-20,925.000000,16.540882,0.248511,72648.470000,72612.610000
29787671,2026-08-20T21:11,72630.210000,0.313100,-0.509460,2026-08-20,850.000000,18.983317,0.067950,72646.910000,72627.620000
29787672,2026-08-20T21:12,72643.320000,0.475500,-0.854247,2026-08-20,456.000000,15.082153,0.237141,72643.320000,72624.800000
29787673,2026-08-20T21:13,72648.490000,0.285000,-0.534951,2026-08-20,1103.000000,13.254498,0.354036,72686.300000,72645.000000
29787674,2026-08-20T21:14,72683.270000,0.343600,-0.292992,2026-08-20,437.000000,6.014876,0.457192,72686.750000,72648.820000
29787675,2026-08-20T21:15,72829.430000,0.747500,-0.071971,2026-08-20,567.000000,32.263287,0.759767,72829.440000,72683.270000
29787676,2026-08-20T21:16,72777.240000,0.550700,0.518949,2026-08-20,515.000000,10.542629,0.092256,72831.190000,72777.240000
29787677,2026-08-20T21:17,72752.890000,0.050700,-0.815456,2026-08-20,660.000000,11.637715,0.108510,72798.110000,72752.880000
29787678,2026-08-20T21:18,72759.880000,0.237500,-0.783377,2026-08-20,621.000000,5.605229,0.314630,72762.230000,72732.000000
29787679,2026-08-20T21:19,72718.990000,-0.530700,-0.368366,2026-08-20,1029.000000,11.115401,0.282008,72767.720000,72715.330000
29787680,2026-08-20T21:20,72714.880000,0.267600,-0.436056,2026-08-20,358.000000,2.106666,0.411697,72715.340000,72711.580000
29787681,2026-08-20T21:21,72738.960000,0.466700,-0.176606,2026-08-20,343.000000,5.396316,0.475779,72738.960000,72695.000000
29787682,2026-08-20T21:22,72723.510000,0.237300,-0.048442,2026-08-20,393.000000,3.563656,0.233373,72756.890000,72720.570000
29787683,2026-08-20T21:23,72700.680000,0.143400,-0.637125,2026-08-20,466.000000,6.799397,0.161237,72723.520000,72700.680000
29787684,2026-08-20T21:24,72708.120000,0.062800,-0.620644,2026-08-20,463.000000,2.832058,0.418158,72711.390000,72700.680000
29787685,2026-08-20T21:25,72718.070000,0.593800,-0.415085,2026-08-20,443.000000,5.516186,0.412397,72718.070000,72685.010000
29787686,2026-08-20T21:26,72722.960000,0.485300,0.058510,2026-08-20,462.000000,3.915966,0.387765,72749.400000,72718.060000
29787687,2026-08-20T21:27,72704.150000,0.548800,-0.224471,2026-08-20,447.000000,5.312030,0.187159,72722.950000,72694.720000
29787688,2026-08-20T21:28,72644.270000,-0.188200,-0.625682,2026-08-20,857.000000,8.238351,0.176339,72704.160000,72630.270000
29787689,2026-08-20T21:29,72648.460000,0.454000,-0.641646,2026-08-20,427.000000,3.654010,0.845237,72648.470000,72636.340000
29787690,2026-08-20T21:30,72711.080000,0.271300,0.519633,2026-08-20,411.000000,2.556553,0.522963,72711.080000,72641.280000
29787691,2026-08-20T21:31,72763.330000,-0.192400,0.247492,2026-08-20,363.000000,1.363584,0.590382,72766.780000,72707.490000
29787692,2026-08-20T21:32,72780.710000,0.081400,0.192831,2026-08-20,365.000000,1.307344,0.750618,72780.720000,72745.910000
29787693,2026-08-20T21:33,72789.010000,-0.554800,0.485854,2026-08-20,434.000000,4.329570,0.917483,72789.020000,72780.710000
29787694,2026-08-20T21:34,72789.010000,-0.507800,0.834967,2026-08-20,409.000000,6.290503,0.416240,72789.020000,72774.320000
29787695,2026-08-20T21:35,72791.140000,0.575800,-0.167521,2026-08-20,565.000000,16.874249,0.733508,72815.460000,72781.000000
29787696,2026-08-20T21:36,72817.200000,0.180300,0.467018,2026-08-20,348.000000,0.281848,0.757586,72817.200000,72791.140000
29787697,2026-08-20T21:37,72801.070000,0.106500,0.515446,2026-08-20,384.000000,2.682234,0.174141,72817.200000,72797.400000
29787698,2026-08-20T21:38,72789.680000,0.046600,-0.651775,2026-08-20,507.000000,3.765651,0.129010,72801.070000,72789.250000
29787699,2026-08-20T21:39,72759.850000,-0.242700,-0.742011,2026-08-20,408.000000,11.608974,0.137719,72798.260000,72742.440000
29787700,2026-08-20T21:40,72795.010000,0.085000,-0.724579,2026-08-20,366.000000,9.357557,0.214603,72795.010000,72731.450000
29787701,2026-08-20T21:41,72802.890000,-0.369300,-0.570762,2026-08-20,253.000000,2.471625,0.338961,72802.890000,72784.230000
29787702,2026-08-20T21:42,72765.140000,0.241900,-0.322078,2026-08-20,313.000000,2.924484,0.101328,72802.880000,72752.890000
29787703,2026-08-20T21:43,72704.240000,-0.246000,-0.801544,2026-08-20,500.000000,3.298406,0.126769,72765.140000,72702.710000
29787704,2026-08-20T21:44,72728.510000,0.153800,-0.696790,2026-08-20,476.000000,6.608132,0.677610,72738.950000,72701.320000
29787705,2026-08-20T21:45,72738.700000,0.128700,0.346799,2026-08-20,248.000000,1.009694,0.370674,72739.230000,72714.600000
29787706,2026-08-20T21:46,72729.180000,0.034600,-0.258183,2026-08-20,388.000000,1.276145,0.544074,72739.230000,72714.600000
29787707,2026-08-20T21:47,72718.100000,-0.380200,0.083625,2026-08-20,415.000000,1.324242,0.096510,72734.000000,72712.410000
29787708,2026-08-20T21:48,72718.360000,-0.229000,-0.771990,2026-08-20,408.000000,1.358821,0.902630,72723.550000,72714.670000
29787709,2026-08-20T21:49,72705.900000,-0.200600,0.801156,2026-08-20,406.000000,2.068167,0.095867,72721.280000,72705.890000
29787710,2026-08-20T21:50,72711.580000,0.020900,-0.799536,2026-08-20,376.000000,0.525841,0.660160,72711.570000,72697.560000
29787711,2026-08-20T21:51,72725.040000,0.887500,0.310639,2026-08-20,238.000000,0.326962,0.684731,72725.040000,72711.570000
29787712,2026-08-20T21:52,72745.980000,0.228300,0.363400,2026-08-20,340.000000,2.523490,0.201080,72745.970000,72725.030000
29787713,2026-08-20T21:53,72754.900000,0.092800,-0.597656,2026-08-20,459.000000,6.136826,0.506453,72762.560000,72720.430000
29787714,2026-08-20T21:54,72745.040000,-0.468600,0.012328,2026-08-20,461.000000,3.075644,0.219829,72756.310000,72735.570000
29787715,2026-08-20T21:55,72724.320000,0.072700,-0.574240,2026-08-20,535.000000,16.905576,0.050707,72745.040000,72689.500000
29787716,2026-08-20T21:56,72738.960000,-0.003400,-0.898077,2026-08-20,325.000000,3.286796,0.852621,72763.320000,72724.310000
29787717,2026-08-20T21:57,72715.650000,-0.010400,0.724753,2026-08-20,429.000000,1.015250,0.823496,72741.690000,72706.550000
29787718,2026-08-20T21:58,72708.850000,-0.122100,0.669731,2026-08-20,455.000000,1.605915,0.904392,72732.000000,72706.650000
29787719,2026-08-20T21:59,72725.640000,0.339100,0.768875,2026-08-20,392.000000,0.965102,0.422072,72725.640000,72705.410000
29787720,2026-08-20T22:00,72733.110000,0.092100,-0.062665,2026-08-20,550.000000,7.081654,0.084873,72745.920000,72725.630000
29787721,2026-08-20T22:01,72661.010000,-0.148500,-0.850612,2026-08-20,635.000000,7.610040,0.172503,72733.110000,72661.000000
29787722,2026-08-20T22:02,72632.920000,0.523000,-0.659995,2026-08-20,651.000000,7.072934,0.657855,72676.290000,72559.650000
29787723,2026-08-20T22:03,72482.150000,0.166200,0.331723,2026-08-20,1023.000000,38.697179,0.188509,72634.550000,72481.190000
29787724,2026-08-20T22:04,72490.960000,0.198800,-0.592786,2026-08-20,577.000000,5.758362,0.524149,72547.550000,72481.200000
29787725,2026-08-20T22:05,72624.110000,0.655000,-0.090654,2026-08-20,528.000000,6.729223,0.836606,72624.110000,72490.020000
29787726,2026-08-20T22:06,72620.640000,0.434600,0.673211,2026-08-20,132.000000,2.140456,0.195682,72626.510000,72599.760000
29787727,2026-08-20T22:07,72620.640000,0.434600,-0.608637,2026-08-20,,,,,
29787728,2026-08-20T22:08,72620.640000,0.434600,0.000000,2026-08-20,,,,,
29787729,2026-08-20T22:09,72620.640000,0.434600,0.000000,2026-08-20,,,,,
29787730,2026-08-20T22:10,72620.640000,0.434600,0.000000,2026-08-20,,,,,
29787731,2026-08-20T22:11,72604.990000,0.119900,0.000000,2026-08-20,2802.000000,20.359490,0.562311,72653.910000,72578.880000
29787732,2026-08-20T22:12,72599.550000,0.231200,0.124303,2026-08-20,379.000000,1.907529,0.493417,72606.710000,72582.360000
29787733,2026-08-20T22:13,72585.850000,0.551000,-0.011028,2026-08-20,580.000000,3.627351,0.582072,72638.040000,72585.840000
29787734,2026-08-20T22:14,72589.330000,0.193400,0.163997,2026-08-20,452.000000,1.288627,0.583747,72607.900000,72589.320000
29787735,2026-08-20T22:15,72545.860000,0.761200,0.167910,2026-08-20,522.000000,1.937014,0.432323,72599.760000,72540.600000
29787736,2026-08-20T22:16,72578.700000,0.471100,-0.116488,2026-08-20,503.000000,4.140301,0.453886,72578.990000,72537.120000
29787737,2026-08-20T22:17,72624.110000,0.444300,-0.100931,2026-08-20,367.000000,1.674874,0.370440,72624.110000,72572.090000
29787738,2026-08-20T22:18,72585.850000,0.206000,-0.259209,2026-08-20,498.000000,1.019538,0.176080,72626.260000,72571.880000
29787739,2026-08-20T22:19,72595.860000,0.722400,-0.534138,2026-08-20,518.000000,2.674118,0.454482,72597.680000,72569.940000
29787740,2026-08-20T22:20,72683.240000,0.521100,-0.121172,2026-08-20,509.000000,2.238841,0.833417,72683.250000,72595.860000
29787741,2026-08-20T22:21,72707.550000,-0.263800,0.509807,2026-08-20,392.000000,4.507422,0.169030,72708.970000,72667.400000
29787742,2026-08-20T22:22,72718.080000,0.579900,-0.643719,2026-08-20,667.000000,13.251734,0.854167,72742.160000,72687.120000
29787743,2026-08-20T22:23,72776.040000,0.543800,0.707670,2026-08-20,556.000000,17.773328,0.896693,72776.050000,72718.990000
29787744,2026-08-20T22:24,72770.290000,0.715700,0.794008,2026-08-20,508.000000,3.384502,0.588787,72784.200000,72763.310000
29787745,2026-08-20T22:25,72784.210000,-0.010200,0.175664,2026-08-20,520.000000,11.096997,0.492570,72812.040000,72763.320000
29787746,2026-08-20T22:26,72810.990000,0.417500,-0.033323,2026-08-20,456.000000,5.341356,0.635207,72817.170000,72768.710000
29787747,2026-08-20T22:27,72776.010000,0.064800,0.506965,2026-08-20,489.000000,5.677028,0.775313,72815.520000,72761.860000
29787748,2026-08-20T22:28,72742.480000,0.490400,0.310481,2026-08-20,480.000000,2.416195,0.886713,72776.010000,72741.250000
29787749,2026-08-20T22:29,72785.570000,0.546900,0.773182,2026-08-20,408.000000,5.687893,0.787528,72785.580000,72742.470000
29787750,2026-08-20T22:30,72768.550000,0.621200,0.443118,2026-08-20,425.000000,13.082183,0.508278,72789.280000,72756.370000
29787751,2026-08-20T22:31,72679.800000,-0.212000,0.056978,2026-08-20,482.000000,2.836801,0.150372,72768.560000,72679.800000
29787752,2026-08-20T22:32,72727.120000,0.609500,-0.701259,2026-08-20,474.000000,2.964022,0.749867,72727.130000,72655.590000
29787753,2026-08-20T22:33,72743.050000,0.577100,0.499734,2026-08-20,354.000000,2.863501,0.450496,72749.470000,72719.690000
29787754,2026-08-20T22:34,72731.830000,0.658500,-0.477885,2026-08-20,488.000000,5.833394,0.556133,72743.060000,72700.000000
29787755,2026-08-20T22:35,72788.990000,0.553800,0.728777,2026-08-20,399.000000,5.606114,0.646494,72789.000000,72730.360000
29787756,2026-08-20T22:36,72749.330000,0.195300,0.293088,2026-08-20,464.000000,3.547159,0.684587,72791.050000,72742.440000
29787757,2026-08-20T22:37,72721.540000,0.517700,0.368772,2026-08-20,404.000000,7.516872,0.469051,72762.640000,72714.600000
29787758,2026-08-20T22:38,72734.240000,-0.579200,-0.061640,2026-08-20,458.000000,4.347530,0.708750,72742.430000,72703.030000
29787759,2026-08-20T22:39,72745.730000,0.200300,0.441824,2026-08-20,404.000000,4.013921,0.730867,72748.460000,72733.250000
29787760,2026-08-20T22:40,72737.960000,0.478300,0.434989,2026-08-20,456.000000,2.891743,0.454031,72745.720000,72698.950000
29787761,2026-08-20T22:41,72738.960000,0.019600,-0.091937,2026-08-20,366.000000,2.426326,0.248792,72742.440000,72725.040000
29787762,2026-08-20T22:42,72711.300000,0.711600,-0.508442,2026-08-20,469.000000,0.763309,0.440855,72738.950000,72709.840000
29787763,2026-08-20T22:43,72704.150000,0.623000,-0.065708,2026-08-20,436.000000,1.504851,0.862747,72712.000000,72690.240000
29787764,2026-08-20T22:44,72670.740000,0.488600,0.725493,2026-08-20,425.000000,1.613124,0.667249,72704.160000,72670.740000
29787765,2026-08-20T22:45,72695.170000,0.077500,0.334499,2026-08-20,336.000000,2.016499,0.203651,72695.170000,72670.740000
29787766,2026-08-20T22:46,72671.890000,0.164200,-0.592698,2026-08-20,425.000000,0.984861,0.471729,72695.160000,72671.300000
29787767,2026-08-20T22:47,72680.010000,0.136600,-0.054361,2026-08-20,261.000000,1.036129,0.507835,72689.850000,72671.880000
29787768,2026-08-20T22:48,72673.010000,-0.163500,0.013499,2026-08-20,420.000000,2.752019,0.861923,72689.850000,72673.000000
29787769,2026-08-20T22:49,72704.170000,0.734000,0.723994,2026-08-20,426.000000,3.033056,0.554161,72720.000000,72689.840000
29787770,2026-08-20T22:50,72704.170000,0.350000,0.125557,2026-08-20,340.000000,1.096769,0.366358,72718.070000,72701.260000
29787771,2026-08-20T22:51,72743.150000,0.716100,-0.340342,2026-08-20,320.000000,1.417536,0.367559,72746.800000,72701.780000
29787772,2026-08-20T22:52,72843.360000,0.601700,-0.264883,2026-08-20,369.000000,5.875393,0.671791,72843.360000,72738.960000
29787773,2026-08-20T22:53,72823.580000,0.457500,0.343582,2026-08-20,505.000000,5.970164,0.242100,72867.720000,72808.500000
29787774,2026-08-20T22:54,72832.920000,-0.279900,-0.515908,2026-08-20,391.000000,5.048667,0.109823,72839.950000,72802.120000
29787775,2026-08-20T22:55,72780.830000,0.175600,-0.780301,2026-08-20,403.000000,0.644961,0.212261,72832.910000,72780.830000
29787776,2026-08-20T22:56,72749.400000,0.555800,-0.575417,2026-08-20,489.000000,2.580728,0.439922,72780.840000,72723.100000
29787777,2026-08-20T22:57,72674.540000,0.538000,-0.122535,2026-08-20,557.000000,11.992190,0.210920,72749.400000,72669.000000
29787778,2026-08-20T22:58,72674.270000,0.022600,-0.555845,2026-08-20,360.000000,0.730991,0.437602,72688.770000,72664.090000
29787779,2026-08-20T22:59,72665.180000,0.024800,-0.465649,2026-08-20,370.000000,6.539000,0.094393,72693.760000,72654.330000
29787780,2026-08-20T23:00,72660.010000,0.524700,-0.811214,2026-08-20,424.000000,3.028009,0.556694,72683.270000,72653.530000
29787781,2026-08-20T23:01,72691.800000,0.506400,0.113388,2026-08-20,370.000000,1.239622,0.530620,72691.810000,72645.000000
29787782,2026-08-20T23:02,72683.290000,0.517400,0.061240,2026-08-20,369.000000,6.310778,0.658482,72702.770000,72683.280000
29787783,2026-08-20T23:03,72700.680000,0.424200,0.324419,2026-08-20,404.000000,13.668374,0.429285,72718.380000,72683.280000
29787784,2026-08-20T23:04,72703.450000,0.507800,-0.147290,2026-08-20,380.000000,1.604054,0.421762,72723.530000,72699.800000
29787785,2026-08-20T23:05,72715.010000,0.259300,-0.108274,2026-08-20,393.000000,2.303628,0.526638,72725.040000,72702.240000
29787786,2026-08-20T23:06,72754.430000,0.571900,0.023851,2026-08-20,723.000000,27.843042,0.421670,72791.780000,72715.270000
29787787,2026-08-20T23:07,72772.960000,0.501900,-0.139433,2026-08-20,287.000000,2.837232,0.689200,72776.670000,72754.440000
29787788,2026-08-20T23:08,72820.510000,0.571100,0.270062,2026-08-20,331.000000,4.535831,0.841846,72822.480000,72761.920000
29787789,2026-08-20T23:09,72826.100000,0.421500,0.683933,2026-08-20,486.000000,4.117022,0.759684,72829.440000,72808.560000
29787790,2026-08-20T23:10,72866.990000,0.680600,0.524725,2026-08-20,490.000000,10.784255,0.944788,72872.890000,72800.000000
29787791,2026-08-20T23:11,72843.360000,0.431800,0.896325,2026-08-20,314.000000,3.658536,0.382045,72880.070000,72839.910000
29787792,2026-08-20T23:12,72843.360000,0.431800,-0.556137,2026-08-20,,,,,
29787793,2026-08-20T23:13,72843.360000,0.431800,0.000000,2026-08-20,,,,,
29787794,2026-08-20T23:14,72843.360000,0.431800,0.000000,2026-08-20,,,,,
29787795,2026-08-20T23:15,72843.360000,0.431800,0.000000,2026-08-20,,,,,
29787796,2026-08-20T23:16,72853.740000,0.215000,0.000000,2026-08-20,,,,,
29787797,2026-08-20T23:17,72905.990000,0.722300,-0.466083,2026-08-20,2834.000000,27.653294,0.547317,72968.640000,72839.920000
29787798,2026-08-20T23:18,72940.790000,0.589300,0.097729,2026-08-20,263.000000,2.496678,0.584142,72940.800000,72888.600000
29787799,2026-08-20T23:19,73008.080000,0.530300,0.168281,2026-08-20,493.000000,11.530570,0.876533,73017.820000,72938.480000
29787800,2026-08-20T23:20,72961.680000,0.308000,0.753065,2026-08-20,569.000000,7.758858,0.553673,73020.830000,72938.500000
29787801,2026-08-20T23:21,72920.030000,0.613500,0.050465,2026-08-20,506.000000,5.446450,0.881205,72938.510000,72892.080000
29787802,2026-08-20T23:22,72910.390000,0.487100,0.921156,2026-08-20,112.000000,0.806109,0.969159,72924.950000,72906.000000
29787803,2026-08-20T23:23,72970.490000,0.278700,0.938319,2026-08-20,460.000000,15.086099,0.779230,72986.590000,72923.400000
29787804,2026-08-20T23:24,72995.020000,-0.069900,0.558460,2026-08-20,656.000000,9.555195,0.610732,73013.230000,72969.680000
29787805,2026-08-20T23:25,73177.450000,0.054100,0.221463,2026-08-20,888.000000,37.647866,0.682597,73250.000000,72999.990000
29787806,2026-08-20T23:26,73125.320000,-0.572800,0.365193,2026-08-20,754.000000,19.405345,0.845955,73213.660000,73093.920000
29787807,2026-08-20T23:27,73354.020000,0.721400,0.691910,2026-08-20,590.000000,16.934298,0.645469,73391.430000,73117.180000
29787808,2026-08-20T23:28,73354.020000,0.721400,0.290938,2026-08-20,22.000000,0.040090,0.484286,73274.890000,73267.680000
29787809,2026-08-20T23:29,73309.680000,-0.329200,0.304695,2026-08-20,693.000000,20.675773,0.404605,73346.200000,73258.280000
29787810,2026-08-20T23:30,73224.170000,0.303300,-0.216165,2026-08-20,661.000000,15.270934,0.269998,73316.640000,73177.440000
29787811,2026-08-20T23:31,73295.760000,0.059200,-0.448318,2026-08-20,466.000000,6.602896,0.351646,73332.490000,73274.880000
29787812,2026-08-20T23:32,73279.350000,0.673100,-0.296709,2026-08-20,604.000000,13.451916,0.759375,73354.920000,73273.980000
29787813,2026-08-20T23:33,73306.570000,-0.220200,0.518750,2026-08-20,913.000000,13.207108,0.397743,73387.280000,73287.410000
29787814,2026-08-20T23:34,73214.850000,0.133900,-0.203063,2026-08-20,539.000000,7.771640,0.212959,73295.770000,73199.670000
29787815,2026-08-20T23:35,73215.730000,0.260200,-0.576522,2026-08-20,537.000000,5.402045,0.634162,73229.350000,73194.840000
29787816,2026-08-20T23:36,73101.690000,0.521000,0.267872,2026-08-20,749.000000,13.178965,0.292548,73207.640000,73093.920000
29787817,2026-08-20T23:37,73090.430000,0.382500,-0.414961,2026-08-20,629.000000,6.597691,0.353806,73139.160000,73066.080000
29787818,2026-08-20T23:38,73077.460000,0.226500,-0.292387,2026-08-20,429.000000,18.143065,0.025489,73139.160000,73075.540000
29787819,2026-08-20T23:39,73088.480000,-0.170700,-0.949021,2026-08-20,709.000000,9.613988,0.641404,73128.290000,73059.120000
29787820,2026-08-20T23:40,73123.550000,-0.263000,0.282808,2026-08-20,696.000000,14.004347,0.663058,73139.480000,73100.700000
29787821,2026-08-20T23:41,73106.710000,0.270800,0.326115,2026-08-20,562.000000,8.155776,0.644858,73118.280000,73100.880000
29787822,2026-08-20T23:42,73105.070000,-0.091000,0.289716,2026-08-20,645.000000,6.842412,0.600263,73129.080000,73100.010000
29787823,2026-08-20T23:43,73093.920000,0.283000,0.170161,2026-08-20,420.000000,5.618338,0.394374,73123.150000,73083.480000
29787824,2026-08-20T23:44,73091.580000,0.256200,-0.200682,2026-08-20,448.000000,6.908890,0.690933,73149.370000,73089.670000
29787825,2026-08-20T23:45,73038.550000,0.153100,0.366665,2026-08-20,701.000000,9.921053,0.184798,73124.660000,73033.420000
29787826,2026-08-20T23:46,73063.220000,0.380800,-0.626610,2026-08-20,512.000000,5.660495,0.531748,73114.800000,73038.250000
29787827,2026-08-20T23:47,73117.710000,0.237100,0.060862,2026-08-20,799.000000,12.012028,0.322957,73139.160000,73073.040000
29787828,2026-08-20T23:48,73073.040000,0.322900,-0.354085,2026-08-20,514.000000,9.350143,0.401562,73123.460000,73073.040000
29787829,2026-08-20T23:49,73073.730000,0.373500,-0.196876,2026-08-20,720.000000,12.620646,0.295342,73130.280000,73066.080000
29787830,2026-08-20T23:50,73049.010000,-0.132200,-0.409316,2026-08-20,643.000000,9.194417,0.236456,73105.370000,73034.520000
29787831,2026-08-20T23:51,73033.010000,0.385200,-0.527076,2026-08-20,340.000000,7.633837,0.546804,73051.960000,72994.590000
29787832,2026-08-20T23:52,73033.010000,0.385200,0.093648,2026-08-20,431.000000,6.627561,0.193817,73050.610000,73005.260000
29787833,2026-08-20T23:53,73033.010000,0.385200,-0.612367,2026-08-20,,,,,
29787834,2026-08-20T23:54,73033.010000,0.385200,0.000000,2026-08-20,,,,,
29787835,2026-08-20T23:55,73033.010000,0.385200,0.000000,2026-08-20,,,,,
29787836,2026-08-20T23:56,73033.010000,0.385200,0.000000,2026-08-20,,,,,
29787837,2026-08-20T23:57,73033.010000,0.385200,0.000000,2026-08-20,,,,,
29787838,2026-08-20T23:58,73033.010000,0.385200,0.000000,2026-08-20,,,,,
29787839,2026-08-20T23:59,73033.010000,0.385200,0.000000,2026-08-20,,,,,
29787840,2026-08-21T00:00,73033.010000,0.385200,0.000000,2026-08-20,,,,,
29787841,2026-08-21T00:01,73033.010000,0.385200,0.000000,2026-08-20,,,,,
29787842,2026-08-21T00:02,73033.010000,0.385200,0.000000,2026-08-20,,,,,
29787843,2026-08-21T00:03,73033.010000,0.385200,0.000000,2026-08-20,,,,,
29787844,2026-08-21T00:04,73033.010000,0.385200,0.000000,2026-08-20,,,,,
29787845,2026-08-21T00:05,73033.010000,0.385200,0.000000,2026-08-20,,,,,
29787846,2026-08-21T00:06,73033.010000,0.385200,0.000000,2026-08-20,,,,,
29787847,2026-08-21T00:07,73033.010000,0.385200,0.000000,2026-08-20,,,,,
29787848,2026-08-21T00:08,73033.010000,0.385200,0.000000,2026-08-20,,,,,
29787849,2026-08-21T00:09,73033.010000,0.385200,0.000000,2026-08-20,,,,,
29787850,2026-08-21T00:10,73033.010000,0.385200,0.000000,2026-08-20,,,,,
29787851,2026-08-21T00:11,73033.010000,0.385200,0.000000,2026-08-20,,,,,
29787852,2026-08-21T00:12,73033.010000,0.385200,0.000000,2026-08-20,,,,,
29787853,2026-08-21T00:13,73033.010000,0.385200,0.000000,2026-08-20,,,,,
29787854,2026-08-21T00:14,73033.010000,0.385200,0.000000,2026-08-20,,,,,
29787855,2026-08-21T00:15,73033.010000,0.385200,0.000000,2026-08-20,,,,,
29787856,2026-08-21T00:16,73033.010000,0.385200,0.000000,2026-08-20,,,,,
29787857,2026-08-21T00:17,73033.010000,0.385200,0.000000,2026-08-20,,,,,
29787858,2026-08-21T00:18,73033.010000,0.385200,0.000000,2026-08-20,,,,,
29787859,2026-08-21T00:19,73033.010000,0.385200,0.000000,2026-08-20,,,,,
29787860,2026-08-21T00:20,73033.010000,0.385200,0.000000,2026-08-20,,,,,
29787861,2026-08-21T00:21,73033.010000,0.385200,0.000000,2026-08-20,,,,,
29787862,2026-08-21T00:22,73033.010000,0.385200,0.000000,2026-08-20,,,,,
29787863,2026-08-21T00:23,73033.010000,0.385200,0.000000,2026-08-20,,,,,
29787864,2026-08-21T00:24,73033.010000,0.385200,0.000000,2026-08-20,,,,,
29787865,2026-08-21T00:25,73033.010000,0.385200,0.000000,2026-08-20,,,,,
29787866,2026-08-21T00:26,73033.010000,0.385200,0.000000,2026-08-20,,,,,
29787867,2026-08-21T00:27,73033.010000,0.385200,0.000000,2026-08-20,,,,,
29787868,2026-08-21T00:28,73033.010000,0.385200,0.000000,2026-08-20,,,,,
29787869,2026-08-21T00:29,73033.010000,0.385200,0.000000,2026-08-20,,,,,
29787870,2026-08-21T00:30,73033.010000,0.385200,0.000000,2026-08-20,,,,,
29787871,2026-08-21T00:31,73033.010000,0.385200,0.000000,2026-08-20,,,,,
29787872,2026-08-21T00:32,73033.010000,0.385200,0.000000,2026-08-20,,,,,
29787873,2026-08-21T00:33,73033.010000,0.385200,0.000000,2026-08-20,,,,,
29787874,2026-08-21T00:34,73033.010000,0.385200,0.000000,2026-08-20,,,,,
29787875,2026-08-21T00:35,73033.010000,0.385200,0.000000,2026-08-20,,,,,
29787876,2026-08-21T00:36,73033.010000,0.385200,0.000000,2026-08-20,,,,,
29787877,2026-08-21T00:37,73033.010000,0.385200,0.000000,2026-08-20,,,,,
29787878,2026-08-21T00:38,73033.010000,0.385200,0.000000,2026-08-20,,,,,
29787879,2026-08-21T00:39,73033.010000,0.385200,0.000000,2026-08-20,,,,,
29787880,2026-08-21T00:40,73033.010000,0.385200,0.000000,2026-08-20,,,,,
29787881,2026-08-21T00:41,73033.010000,0.385200,0.000000,2026-08-20,,,,,
29787882,2026-08-21T00:42,73033.010000,0.385200,0.000000,2026-08-20,,,,,
29787883,2026-08-21T00:43,73033.010000,0.385200,0.000000,2026-08-20,,,,,
29787884,2026-08-21T00:44,73033.010000,0.385200,0.000000,2026-08-20,,,,,
29787885,2026-08-21T00:45,73033.010000,0.385200,0.000000,2026-08-20,,,,,
29787886,2026-08-21T00:46,73033.010000,0.385200,0.000000,2026-08-20,,,,,
29787887,2026-08-21T00:47,73033.010000,0.385200,0.000000,2026-08-20,,,,,
29787888,2026-08-21T00:48,73033.010000,0.385200,0.000000,2026-08-20,,,,,
29787889,2026-08-21T00:49,73033.010000,0.385200,0.000000,2026-08-20,,,,,
29787890,2026-08-21T00:50,73033.010000,0.385200,0.000000,2026-08-20,,,,,
29787891,2026-08-21T00:51,73033.010000,0.385200,0.000000,2026-08-20,,,,,
29787892,2026-08-21T00:52,73033.010000,0.385200,0.000000,2026-08-20,,,,,
29787893,2026-08-21T00:53,73033.010000,0.385200,0.000000,2026-08-20,,,,,
29787894,2026-08-21T00:54,73033.010000,0.385200,0.000000,2026-08-20,,,,,
29787895,2026-08-21T00:55,73033.010000,0.385200,0.000000,2026-08-20,,,,,
29787896,2026-08-21T00:56,73033.010000,0.385200,0.000000,2026-08-20,,,,,
29787897,2026-08-21T00:57,73033.010000,0.385200,0.000000,2026-08-20,,,,,
29787898,2026-08-21T00:58,73033.010000,0.385200,0.000000,2026-08-20,,,,,
29787899,2026-08-21T00:59,73033.010000,0.385200,0.000000,2026-08-20,,,,,
29787900,2026-08-21T01:00,73033.010000,0.385200,0.000000,2026-08-20,,,,,
29787901,2026-08-21T01:01,73033.010000,0.385200,0.000000,2026-08-20,,,,,
29787902,2026-08-21T01:02,73033.010000,0.385200,0.000000,2026-08-20,,,,,
29787903,2026-08-21T01:03,73033.010000,0.385200,0.000000,2026-08-20,,,,,
29787904,2026-08-21T01:04,73033.010000,0.385200,0.000000,2026-08-20,,,,,
29787905,2026-08-21T01:05,73033.010000,0.385200,0.000000,2026-08-20,,,,,
29787906,2026-08-21T01:06,73033.010000,0.385200,0.000000,2026-08-20,,,,,
29787907,2026-08-21T01:07,73033.010000,0.385200,0.000000,2026-08-20,,,,,
29787908,2026-08-21T01:08,73033.010000,0.385200,0.000000,2026-08-20,,,,,
29787909,2026-08-21T01:09,73033.010000,0.385200,0.000000,2026-08-20,,,,,
29787910,2026-08-21T01:10,73033.010000,0.385200,0.000000,2026-08-20,,,,,
29787911,2026-08-21T01:11,73033.010000,0.385200,0.000000,2026-08-20,,,,,
29787912,2026-08-21T01:12,73033.010000,0.385200,0.000000,2026-08-20,,,,,
29787913,2026-08-21T01:13,73033.010000,0.385200,0.000000,2026-08-20,,,,,
29787914,2026-08-21T01:14,73033.010000,0.385200,0.000000,2026-08-20,,,,,
29787915,2026-08-21T01:15,73033.010000,0.385200,0.000000,2026-08-20,,,,,
29787916,2026-08-21T01:16,73033.010000,0.385200,0.000000,2026-08-20,,,,,
29787917,2026-08-21T01:17,73033.010000,0.385200,0.000000,2026-08-20,,,,,
29787918,2026-08-21T01:18,73033.010000,0.385200,0.000000,2026-08-20,,,,,
29787919,2026-08-21T01:19,73033.010000,0.385200,0.000000,2026-08-20,,,,,
29787920,2026-08-21T01:20,73033.010000,0.385200,0.000000,2026-08-20,,,,,
29787921,2026-08-21T01:21,73033.010000,0.385200,0.000000,2026-08-20,,,,,
29787922,2026-08-21T01:22,73033.010000,0.385200,0.000000,2026-08-20,,,,,
29787923,2026-08-21T01:23,73033.010000,0.385200,0.000000,2026-08-20,,,,,
29787924,2026-08-21T01:24,73033.010000,0.385200,0.000000,2026-08-20,,,,,
29787925,2026-08-21T01:25,73033.010000,0.385200,0.000000,2026-08-20,,,,,
29787926,2026-08-21T01:26,73033.010000,0.385200,0.000000,2026-08-20,,,,,
29787927,2026-08-21T01:27,73033.010000,0.385200,0.000000,2026-08-20,,,,,
29787928,2026-08-21T01:28,73033.010000,0.385200,0.000000,2026-08-20,,,,,
29787929,2026-08-21T01:29,73033.010000,0.385200,0.000000,2026-08-20,,,,,
29787930,2026-08-21T01:30,73033.010000,0.385200,0.000000,2026-08-20,,,,,
29787931,2026-08-21T01:31,73033.010000,0.385200,0.000000,2026-08-20,,,,,
29787932,2026-08-21T01:32,73033.010000,0.385200,0.000000,2026-08-20,,,,,
29787933,2026-08-21T01:33,73033.010000,0.385200,0.000000,2026-08-20,,,,,
29787934,2026-08-21T01:34,73033.010000,0.385200,0.000000,2026-08-20,,,,,
29787935,2026-08-21T01:35,73033.010000,0.385200,0.000000,2026-08-20,,,,,
29787936,2026-08-21T01:36,73033.010000,0.385200,0.000000,2026-08-20,,,,,
29787937,2026-08-21T01:37,73033.010000,0.385200,0.000000,2026-08-20,,,,,
29787938,2026-08-21T01:38,73033.010000,0.385200,0.000000,2026-08-20,,,,,
29787939,2026-08-21T01:39,73033.010000,0.385200,0.000000,2026-08-20,,,,,
29787940,2026-08-21T01:40,73033.010000,0.385200,0.000000,2026-08-20,,,,,
29787941,2026-08-21T01:41,73033.010000,0.385200,0.000000,2026-08-20,,,,,
29787942,2026-08-21T01:42,73033.010000,0.385200,0.000000,2026-08-20,,,,,
29787943,2026-08-21T01:43,73033.010000,0.385200,0.000000,2026-08-20,,,,,
29787944,2026-08-21T01:44,73033.010000,0.385200,0.000000,2026-08-20,,,,,
29787945,2026-08-21T01:45,73033.010000,0.385200,0.000000,2026-08-20,,,,,
29787946,2026-08-21T01:46,73033.010000,0.385200,0.000000,2026-08-20,,,,,
29787947,2026-08-21T01:47,73033.010000,0.385200,0.000000,2026-08-20,,,,,
29787948,2026-08-21T01:48,73033.010000,0.385200,0.000000,2026-08-20,,,,,
29787949,2026-08-21T01:49,73033.010000,0.385200,0.000000,2026-08-20,,,,,
29787950,2026-08-21T01:50,73033.010000,0.385200,0.000000,2026-08-20,,,,,
29787951,2026-08-21T01:51,73033.010000,0.385200,0.000000,2026-08-20,,,,,
29787952,2026-08-21T01:52,73033.010000,0.385200,0.000000,2026-08-20,,,,,
29787953,2026-08-21T01:53,73033.010000,0.385200,0.000000,2026-08-20,,,,,
29787954,2026-08-21T01:54,73033.010000,0.385200,0.000000,2026-08-20,,,,,
29787955,2026-08-21T01:55,73033.010000,0.385200,0.000000,2026-08-20,,,,,
29787956,2026-08-21T01:56,73033.010000,0.385200,0.000000,2026-08-20,,,,,
29787957,2026-08-21T01:57,73033.010000,0.385200,0.000000,2026-08-20,,,,,
29787958,2026-08-21T01:58,73033.010000,0.385200,0.000000,2026-08-20,,,,,
29787959,2026-08-21T01:59,73033.010000,0.385200,0.000000,2026-08-20,,,,,
29787960,2026-08-21T02:00,73033.010000,0.385200,0.000000,2026-08-20,,,,,
29787961,2026-08-21T02:01,73033.010000,0.385200,0.000000,2026-08-20,,,,,
29787962,2026-08-21T02:02,73033.010000,0.385200,0.000000,2026-08-20,,,,,
29787963,2026-08-21T02:03,73033.010000,0.385200,0.000000,2026-08-20,,,,,
29787964,2026-08-21T02:04,73033.010000,0.385200,0.000000,2026-08-20,,,,,
29787965,2026-08-21T02:05,73033.010000,0.385200,0.000000,2026-08-20,,,,,
29787966,2026-08-21T02:06,73033.010000,0.385200,0.000000,2026-08-20,,,,,
29787967,2026-08-21T02:07,73033.010000,0.385200,0.000000,2026-08-20,,,,,
29787968,2026-08-21T02:08,73033.010000,0.385200,0.000000,2026-08-20,,,,,
29787969,2026-08-21T02:09,73033.010000,0.385200,0.000000,2026-08-20,,,,,
29787970,2026-08-21T02:10,73033.010000,0.385200,0.000000,2026-08-20,,,,,
29787971,2026-08-21T02:11,73033.010000,0.385200,0.000000,2026-08-20,,,,,
29787972,2026-08-21T02:12,73033.010000,0.385200,0.000000,2026-08-20,,,,,
29787973,2026-08-21T02:13,73033.010000,0.385200,0.000000,2026-08-20,,,,,
29787974,2026-08-21T02:14,73033.010000,0.385200,0.000000,2026-08-20,,,,,
29787975,2026-08-21T02:15,73033.010000,0.385200,0.000000,2026-08-20,,,,,
29787976,2026-08-21T02:16,73033.010000,0.385200,0.000000,2026-08-20,,,,,
29787977,2026-08-21T02:17,73033.010000,0.385200,0.000000,2026-08-20,,,,,
29787978,2026-08-21T02:18,73033.010000,0.385200,0.000000,2026-08-20,,,,,
29787979,2026-08-21T02:19,73033.010000,0.385200,0.000000,2026-08-20,,,,,
29787980,2026-08-21T02:20,73033.010000,0.385200,0.000000,2026-08-20,,,,,
29787981,2026-08-21T02:21,73033.010000,0.385200,0.000000,2026-08-20,,,,,
29787982,2026-08-21T02:22,73033.010000,0.385200,0.000000,2026-08-20,,,,,
29787983,2026-08-21T02:23,73033.010000,0.385200,0.000000,2026-08-20,,,,,
29787984,2026-08-21T02:24,73033.010000,0.385200,0.000000,2026-08-20,,,,,
29787985,2026-08-21T02:25,73033.010000,0.385200,0.000000,2026-08-20,,,,,
29787986,2026-08-21T02:26,73033.010000,0.385200,0.000000,2026-08-20,,,,,
29787987,2026-08-21T02:27,73033.010000,0.385200,0.000000,2026-08-20,,,,,
29787988,2026-08-21T02:28,73033.010000,0.385200,0.000000,2026-08-20,,,,,
29787989,2026-08-21T02:29,73033.010000,0.385200,0.000000,2026-08-20,,,,,
29787990,2026-08-21T02:30,73033.010000,0.385200,0.000000,2026-08-20,,,,,
29787991,2026-08-21T02:31,73033.010000,0.385200,0.000000,2026-08-20,,,,,
29787992,2026-08-21T02:32,73033.010000,0.385200,0.000000,2026-08-20,,,,,
29787993,2026-08-21T02:33,73033.010000,0.385200,0.000000,2026-08-20,,,,,
29787994,2026-08-21T02:34,73033.010000,0.385200,0.000000,2026-08-20,,,,,
29787995,2026-08-21T02:35,73033.010000,0.385200,0.000000,2026-08-20,,,,,
29787996,2026-08-21T02:36,73033.010000,0.385200,0.000000,2026-08-20,,,,,
29787997,2026-08-21T02:37,73033.010000,0.385200,0.000000,2026-08-20,,,,,
29787998,2026-08-21T02:38,73033.010000,0.385200,0.000000,2026-08-20,,,,,
29787999,2026-08-21T02:39,73033.010000,0.385200,0.000000,2026-08-20,8.000000,0.016469,0.028493,73004.830000,73004.820000
29788000,2026-08-21T02:40,73004.830000,0.478900,-0.943014,2026-08-20,,,,,
29788001,2026-08-21T02:41,73004.830000,0.478900,0.000000,2026-08-20,237.000000,1.968935,0.166874,73023.020000,72997.360000
29788002,2026-08-21T02:42,73013.230000,0.715500,-0.666252,2026-08-20,171.000000,1.813460,0.172712,73017.040000,72989.520000
29788003,2026-08-21T02:43,73013.230000,0.715500,-0.654575,2026-08-20,,,,,
29788004,2026-08-21T02:44,73013.230000,0.715500,0.000000,2026-08-20,,,,,
29788005,2026-08-21T02:45,73013.230000,0.715500,0.000000,2026-08-20,1.000000,0.000000,0.000000,74677.320000,74677.320000
29788006,2026-08-21T02:46,74558.990000,0.220900,-1.000000,2026-08-20,1069.000000,12.465271,0.213301,74684.190000,74548.560000
29788007,2026-08-21T02:47,74566.790000,0.239900,-0.634360,2026-08-20,1195.000000,43.040956,0.445584,74568.980000,74422.630000
29788008,2026-08-21T02:48,74447.040000,-0.336200,-0.046945,2026-08-20,894.000000,24.805469,0.498199,74583.000000,74418.690000
29788009,2026-08-21T02:49,74440.360000,-0.778600,-0.031384,2026-08-20,569.000000,4.092824,0.450964,74461.550000,74413.210000
29788010,2026-08-21T02:50,74426.210000,0.254700,-0.092363,2026-08-20,533.000000,3.464749,0.445745,74488.110000,74401.540000
29788011,2026-08-21T02:51,74436.820000,0.623400,-0.111200,2026-08-20,593.000000,10.185847,0.698229,74438.230000,74394.010000
29788012,2026-08-21T02:52,74476.350000,0.002600,0.398126,2026-08-20,768.000000,15.338218,0.739908,74500.000000,74436.150000
29788013,2026-08-21T02:53,74381.990000,-0.107600,0.479440,2026-08-20,569.000000,5.854493,0.173361,74472.890000,74357.460000
29788014,2026-08-21T02:54,74385.010000,0.137700,-0.651544,2026-08-20,618.000000,6.933746,0.621550,74431.230000,74364.120000
29788015,2026-08-21T02:55,74388.490000,0.272400,0.128667,2026-08-20,547.000000,4.517568,0.383365,74427.750000,74381.260000
29788016,2026-08-21T02:56,74432.180000,0.132900,-0.092346,2026-08-20,597.000000,3.885494,0.679798,74433.720000,74375.410000
29788017,2026-08-21T02:57,74385.010000,-0.097500,0.359927,2026-08-20,590.000000,12.958706,0.233726,74448.460000,74385.000000
29788018,2026-08-21T02:58,74364.170000,0.314600,-0.532983,2026-08-20,581.000000,6.575522,0.569990,74433.720000,74360.650000
29788019,2026-08-21T02:59,74398.290000,-0.398200,0.152884,2026-08-20,665.000000,6.966704,0.449673,74414.230000,74346.810000
29788020,2026-08-21T03:00,74382.990000,0.120000,-0.110058,2026-08-20,512.000000,1.815185,0.324930,74445.110000,74379.210000
29788021,2026-08-21T03:01,74385.300000,0.169300,-0.552569,2026-08-20,543.000000,2.511455,0.249281,74410.550000,74374.560000
29788022,2026-08-21T03:02,74427.740000,-0.059800,-0.333638,2026-08-20,607.000000,8.482870,0.450202,74442.110000,74374.510000
29788023,2026-08-21T03:03,74404.960000,-0.228200,-0.155077,2026-08-20,128.000000,3.592093,0.115840,74429.990000,74404.950000
29788024,2026-08-21T03:04,74404.960000,-0.228200,-0.926106,2026-08-20,,,,,
29788025,2026-08-21T03:05,74329.330000,-0.332000,0.000000,2026-08-20,1791.000000,20.734171,0.491525,74411.330000,74301.480000
29788026,2026-08-21T03:06,74287.550000,0.425800,-0.018021,2026-08-20,884.000000,8.779046,0.401447,74329.330000,74211.920000
29788027,2026-08-21T03:07,74275.490000,-0.213700,-0.171942,2026-08-20,699.000000,16.973698,0.137203,74335.900000,74256.240000
29788028,2026-08-21T03:08,74290.510000,-0.064100,-0.739417,2026-08-20,625.000000,8.262889,0.466959,74315.390000,74273.930000
29788029,2026-08-21T03:09,74309.290000,-0.346500,-0.075789,2026-08-20,490.000000,2.892845,0.683646,74313.000000,74277.120000
29788030,2026-08-21T03:10,74360.610000,0.450100,0.408967,2026-08-20,552.000000,5.301464,0.388064,74360.620000,74291.040000
29788031,2026-08-21T03:11,74419.800000,-0.082300,-0.229321,2026-08-20,694.000000,13.236127,0.749297,74457.190000,74360.610000
29788032,2026-08-21T03:12,74436.040000,0.214800,0.512323,2026-08-20,516.000000,2.972517,0.293688,74460.150000,74419.810000
29788033,2026-08-21T03:13,74437.490000,0.226200,-0.546225,2026-08-20,532.000000,4.303285,0.343926,74464.730000,74419.810000
29788034,2026-08-21T03:14,74419.790000,0.071300,-0.282598,2026-08-20,595.000000,5.758840,0.312751,74452.110000,74398.920000
29788035,2026-08-21T03:15,74370.610000,0.038500,-0.410323,2026-08-20,595.000000,4.265921,0.142973,74422.810000,74355.000000
29788036,2026-08-21T03:16,74441.880000,0.312200,-0.726236,2026-08-20,779.000000,11.898124,0.335027,74443.950000,74280.610000
29788037,2026-08-21T03:17,74461.110000,-0.059700,-0.296432,2026-08-20,674.000000,10.105797,0.523540,74465.040000,74417.320000
29788038,2026-08-21T03:18,74406.020000,-0.078200,0.045564,2026-08-20,537.000000,8.915998,0.038068,74461.120000,74398.920000
29788039,2026-08-21T03:19,74405.890000,-0.070900,-0.921476,2026-08-20,600.000000,4.094367,0.295510,74455.200000,74400.450000
29788040,2026-08-21T03:20,74463.070000,0.041600,-0.412803,2026-08-20,534.000000,7.102997,0.552248,74471.990000,74405.880000
29788041,2026-08-21T03:21,74486.140000,0.292700,0.105034,2026-08-20,646.000000,15.003766,0.779496,74501.380000,74455.000000
29788042,2026-08-21T03:22,74473.170000,0.119000,0.558585,2026-08-20,565.000000,20.256338,0.879901,74537.670000,74426.770000
29788043,2026-08-21T03:23,74573.800000,-0.017800,0.766669,2026-08-20,537.000000,8.240830,0.661022,74575.200000,74472.000000
29788044,2026-08-21T03:24,74522.460000,0.038500,0.271165,2026-08-20,432.000000,19.765995,0.067192,74575.160000,74508.150000
29788045,2026-08-21T03:25,74506.790000,0.118300,-0.865651,2026-08-20,366.000000,6.710613,0.223718,74537.130000,74475.480000
29788046,2026-08-21T03:26,74527.670000,0.149400,-0.552209,2026-08-20,307.000000,2.424833,0.450084,74527.670000,74502.850000
29788047,2026-08-21T03:27,74581.490000,0.314000,-0.152343,2026-08-20,460.000000,8.067149,0.599952,74590.730000,74518.540000
29788048,2026-08-21T03:28,74565.960000,-0.094300,0.222671,2026-08-20,443.000000,6.212264,0.435696,74607.710000,74565.960000
29788049,2026-08-21T03:29,74576.390000,0.362900,-0.168809,2026-08-20,418.000000,2.694222,0.709894,74583.990000,74550.000000
29788050,2026-08-21T03:30,74600.950000,0.746600,0.587729,2026-08-20,624.000000,35.922269,0.095490,74613.920000,74550.000000
29788051,2026-08-21T03:31,74590.330000,-0.115400,-0.808989,2026-08-20,482.000000,11.406798,0.764622,74632.080000,74583.360000
29788052,2026-08-21T03:32,74602.040000,0.198100,0.534816,2026-08-20,441.000000,4.583989,0.465021,74630.130000,74590.330000
29788053,2026-08-21T03:33,74576.400000,-0.301800,-0.094759,2026-08-20,359.000000,2.419112,0.313989,74602.040000,74576.390000
29788054,2026-08-21T03:34,74542.240000,0.116400,-0.371876,2026-08-20,458.000000,5.347090,0.061618,74576.400000,74541.610000
29788055,2026-08-21T03:35,74561.850000,-0.174300,-0.807844,2026-08-20,601.000000,12.178137,0.295151,74570.930000,74540.010000
29788056,2026-08-21T03:36,74495.880000,0.205300,-0.413972,2026-08-20,530.000000,10.691704,0.068894,74555.540000,74476.590000
29788057,2026-08-21T03:37,74447.520000,-0.217600,-0.840081,2026-08-20,641.000000,11.135357,0.201376,74503.320000,74408.820000
29788058,2026-08-21T03:38,74489.520000,0.559100,-0.614806,2026-08-20,649.000000,10.036943,0.253129,74495.780000,74391.960000
29788059,2026-08-21T03:39,74486.760000,-0.051900,-0.481974,2026-08-20,577.000000,5.581457,0.266989,74520.710000,74468.520000
29788060,2026-08-21T03:40,74513.760000,-0.601800,-0.536724,2026-08-20,635.000000,12.576231,0.505684,74534.640000,74437.210000
29788061,2026-08-21T03:41,74557.140000,0.147400,0.419842,2026-08-20,469.000000,4.959530,0.475084,74561.680000,74507.430000
29788062,2026-08-21T03:42,74618.010000,0.422200,-0.047283,2026-08-20,468.000000,1.488562,0.486031,74619.650000,74557.130000
29788063,2026-08-21T03:43,74606.460000,0.142400,-0.036859,2026-08-20,523.000000,4.737787,0.480716,74619.650000,74559.000000
29788064,2026-08-21T03:44,74635.570000,0.069600,-0.029975,2026-08-20,551.000000,7.905393,0.827028,74702.410000,74602.560000
29788065,2026-08-21T03:45,74667.570000,0.375900,0.650969,2026-08-20,549.000000,4.215380,0.352262,74695.000000,74628.600000
29788066,2026-08-21T03:46,74705.150000,0.090600,-0.286404,2026-08-20,520.000000,3.648023,0.681836,74726.040000,74667.570000
29788067,2026-08-21T03:47,74763.900000,0.412100,0.356906,2026-08-20,575.000000,5.423904,0.888886,74770.360000,74700.330000
29788068,2026-08-21T03:48,74771.330000,-0.040800,0.826762,2026-08-20,648.000000,16.773808,0.684862,74811.830000,74764.160000
29788069,2026-08-21T03:49,74757.360000,0.371100,0.311601,2026-08-20,493.000000,5.162231,0.791509,74771.930000,74712.120000
29788070,2026-08-21T03:50,74793.540000,0.428200,0.573219,2026-08-20,394.000000,4.471347,0.895918,74799.080000,74752.080000
29788071,2026-08-21T03:51,74806.080000,-0.314800,0.791832,2026-08-20,563.000000,13.393460,0.690821,74846.700000,74792.810000
29788072,2026-08-21T03:52,74716.680000,-0.033600,0.381701,2026-08-20,607.000000,13.558742,0.601707,74806.090000,74696.030000
29788073,2026-08-21T03:53,74724.490000,-0.095900,0.194527,2026-08-20,575.000000,6.051800,0.432712,74781.720000,74689.510000
29788074,2026-08-21T03:54,74630.930000,-0.115500,0.040417,2026-08-20,528.000000,8.995206,0.597601,74733.000000,74621.650000
29788075,2026-08-21T03:55,74637.920000,0.053300,0.095285,2026-08-20,442.000000,3.939590,0.588458,74699.580000,74623.220000
29788076,2026-08-21T03:56,74625.120000,-0.267300,0.176727,2026-08-20,380.000000,1.605498,0.280548,74667.890000,74618.170000
29788077,2026-08-21T03:57,74593.980000,0.212000,-0.402055,2026-08-20,553.000000,13.942621,0.588825,74639.030000,74583.360000
29788078,2026-08-21T03:58,74549.080000,0.581600,0.175154,2026-08-20,432.000000,2.899949,0.303984,74605.000000,74531.180000
29788079,2026-08-21T03:59,74478.960000,0.330200,-0.387189,2026-08-20,495.000000,5.139486,0.333658,74565.960000,74465.820000
29788080,2026-08-21T04:00,74569.460000,-0.087500,-0.291203,2026-08-20,684.000000,13.699223,0.443978,74593.800000,74478.960000
29788081,2026-08-21T04:01,74570.920000,-0.516100,-0.126072,2026-08-20,472.000000,2.759877,0.530444,74588.980000,74545.080000
29788082,2026-08-21T04:02,74742.800000,0.424700,0.017997,2026-08-20,624.000000,7.324975,0.903933,74769.130000,74555.520000
29788083,2026-08-21T04:03,74764.320000,0.550800,0.832470,2026-08-20,811.000000,19.203220,0.871997,74823.000000,74715.610000
29788084,2026-08-21T04:04,74753.890000,0.852900,0.745218,2026-08-20,507.000000,4.298909,0.275589,74809.480000,74751.880000
29788085,2026-08-21T04:05,74764.240000,0.674000,-0.571287,2026-08-20,43.000000,1.497280,0.082123,74760.840000,74751.880000
29788086,2026-08-21T04:06,74701.670000,0.309100,0.991560,2026-08-20,936.000000,42.680029,0.064732,74761.100000,74673.840000
29788087,2026-08-21T04:07,74736.480000,0.066400,-0.870536,2026-08-20,406.000000,4.070927,0.380069,74736.470000,74687.760000
29788088,2026-08-21T04:08,74811.380000,0.132800,-0.239866,2026-08-20,374.000000,6.512042,0.921788,74812.470000,74736.470000
29788089,2026-08-21T04:09,74821.920000,0.128900,0.843580,2026-08-20,336.000000,2.775208,0.406326,74836.480000,74802.600000
29788090,2026-08-21T04:10,74786.110000,-0.572700,-0.080580,2026-08-20,500.000000,9.348114,0.673848,74882.120000,74778.240000
29788091,2026-08-21T04:11,74767.800000,0.240400,0.327968,2026-08-20,443.000000,1.450866,0.324829,74808.650000,74766.240000
29788092,2026-08-21T04:12,74813.040000,0.488000,-0.347869,2026-08-20,526.000000,9.523083,0.807371,74813.040000,74721.120000
29788093,2026-08-21T04:13,74819.990000,-0.018000,0.614635,2026-08-20,388.000000,1.468916,0.129259,74819.980000,74792.600000
29788094,2026-08-21T04:14,74842.580000,0.295800,-0.741600,2026-08-20,362.000000,1.842187,0.196830,74846.820000,74797.500000
29788095,2026-08-21T04:15,74863.890000,0.179000,-0.606028,2026-08-20,380.000000,3.370798,0.217190,74863.900000,74821.140000
29788096,2026-08-21T04:16,74815.010000,-0.076700,-0.566398,2026-08-20,410.000000,2.909032,0.518009,74896.560000,74800.000000
29788097,2026-08-21T04:17,74810.740000,0.318100,0.010390,2026-08-20,393.000000,1.801245,0.393197,74824.990000,74781.720000
29788098,2026-08-21T04:18,74882.640000,0.263600,-0.197411,2026-08-20,396.000000,2.018497,0.517145,74882.640000,74810.740000
29788099,2026-08-21T04:19,74833.920000,-0.326800,0.034513,2026-08-20,443.000000,4.530574,0.167503,74896.950000,74833.920000
29788100,2026-08-21T04:20,74853.110000,0.037900,-0.661657,2026-08-20,404.000000,1.345128,0.414855,74853.120000,74830.440000
29788101,2026-08-21T04:21,74862.360000,-0.139700,-0.171022,2026-08-20,408.000000,1.729458,0.352165,74879.160000,74853.110000
29788102,2026-08-21T04:22,74861.760000,0.495000,-0.295660,2026-08-20,410.000000,2.625623,0.238592,74885.000000,74853.110000
29788103,2026-08-21T04:23,74872.210000,0.022200,-0.523839,2026-08-20,392.000000,1.288109,0.530259,74920.990000,74858.280000
29788104,2026-08-21T04:24,74823.640000,0.057800,0.132482,2026-08-20,430.000000,2.897389,0.725932,74878.230000,74823.640000
29788105,2026-08-21T04:25,74775.180000,0.063200,0.414032,2026-08-20,431.000000,1.607902,0.678044,74830.440000,74768.400000
29788106,2026-08-21T04:26,74813.040000,-0.468800,0.387573,2026-08-20,408.000000,3.254679,0.594879,74864.770000,74753.360000
29788107,2026-08-21T04:27,74811.040000,0.486000,0.189758,2026-08-20,389.000000,3.040275,0.289085,74813.050000,74781.720000
29788108,2026-08-21T04:28,74802.610000,-0.512900,-0.458603,2026-08-20,420.000000,1.799591,0.509522,74823.480000,74795.650000
29788109,2026-08-21T04:29,74793.400000,0.104100,0.151646,2026-08-20,373.000000,2.685161,0.695215,74802.610000,74751.540000
29788110,2026-08-21T04:30,74764.320000,0.315000,0.384307,2026-08-20,390.000000,2.740535,0.573470,74793.400000,74753.880000
29788111,2026-08-21T04:31,74893.080000,0.384400,0.189008,2026-08-20,465.000000,3.887299,0.544637,74893.080000,74764.310000
29788112,2026-08-21T04:32,74927.890000,-0.030800,0.040848,2026-08-20,519.000000,3.983678,0.446575,74966.150000,74893.070000
29788113,2026-08-21T04:33,74890.490000,0.481200,-0.063554,2026-08-20,528.000000,4.652111,0.347226,74966.150000,74879.160000
29788114,2026-08-21T04:34,74938.110000,0.135400,-0.318410,2026-08-20,391.000000,1.895487,0.601282,74940.040000,74890.490000
29788115,2026-08-21T04:35,74931.930000,-0.496500,0.149324,2026-08-20,404.000000,3.466433,0.586439,74962.680000,74920.860000
29788116,2026-08-21T04:36,74927.890000,0.050100,0.240859,2026-08-20,359.000000,1.224470,0.751229,74959.200000,74927.880000
29788117,2026-08-21T04:37,74945.270000,0.256100,0.392587,2026-08-20,388.000000,1.010306,0.478791,74948.740000,74919.420000
29788118,2026-08-21T04:38,74937.070000,0.274700,0.005257,2026-08-20,428.000000,2.830681,0.215337,74948.740000,74910.480000
29788119,2026-08-21T04:39,74896.570000,0.187100,-0.602337,2026-08-20,406.000000,2.903122,0.153725,74937.070000,74896.560000
29788120,2026-08-21T04:40,74859.870000,0.080600,-0.625865,2026-08-20,473.000000,3.181618,0.699813,74910.470000,74851.300000
29788121,2026-08-21T04:41,74875.680000,-0.028700,0.385991,2026-08-20,381.000000,3.052943,0.593201,74907.000000,74873.960000
29788122,2026-08-21T04:42,74868.710000,-0.050800,0.159658,2026-08-20,423.000000,3.765142,0.693318,74875.680000,74828.200000
29788123,2026-08-21T04:43,74912.900000,0.504300,0.399478,2026-08-20,453.000000,4.343442,0.409586,74931.360000,74856.960000
29788124,2026-08-21T04:44,74928.990000,0.278400,-0.180828,2026-08-20,333.000000,1.397754,0.692918,74941.720000,74904.120000
29788125,2026-08-21T04:45,74917.890000,0.152000,0.385690,2026-08-20,489.000000,3.099406,0.673533,74929.000000,74886.190000
29788126,2026-08-21T04:46,74986.880000,0.155600,0.346787,2026-08-20,509.000000,10.785081,0.898655,75001.000000,74905.000000
29788127,2026-08-21T04:47,74982.320000,0.266300,0.797470,2026-08-20,399.000000,4.154459,0.521231,75001.000000,74978.720000
29788128,2026-08-21T04:48,75000.960000,0.019900,0.042312,2026-08-20,312.000000,18.879122,0.114818,75010.390000,74986.240000
29788129,2026-08-21T04:49,74956.070000,0.510500,-0.770364,2026-08-20,369.000000,1.139202,0.155678,75008.980000,74955.210000
29788130,2026-08-21T04:50,74969.640000,-0.382200,-0.658156,2026-08-20,254.000000,1.010969,0.520460,74983.560000,74956.070000
29788131,2026-08-21T04:51,74943.140000,0.491100,0.023896,2026-08-20,428.000000,2.469453,0.535448,74973.490000,74911.100000
29788132,2026-08-21T04:52,74947.770000,0.342700,0.069769,2026-08-20,279.000000,1.068229,0.694874,74962.690000,74941.800000
29788133,2026-08-21T04:53,74966.990000,0.360500,0.396739,2026-08-20,460.000000,3.514492,0.533456,74967.000000,74924.430000
29788134,2026-08-21T04:54,75007.380000,0.084200,0.063518,2026-08-20,392.000000,2.209606,0.536808,75007.380000,74966.990000
29788135,2026-08-21T04:55,75013.490000,0.149400,0.073616,2026-08-20,356.000000,1.122577,0.556971,75018.550000,75003.560000
29788136,2026-08-21T04:56,74975.890000,0.196700,0.113972,2026-08-20,444.000000,8.827759,0.651766,75023.030000,74966.170000
29788137,2026-08-21T04:57,74999.990000,0.418600,0.303480,2026-08-20,314.000000,1.731099,0.585421,75000.000000,74975.000000
29788138,2026-08-21T04:58,74974.580000,0.020200,0.171083,2026-08-20,332.000000,2.764093,0.747482,75008.380000,74967.240000
29788139,2026-08-21T04:59,74999.990000,0.148400,0.448502,2026-08-20,369.000000,4.897885,0.537770,75000.000000,74970.010000
29788140,2026-08-21T05:00,74952.260000,0.061200,0.101028,2026-08-20,450.000000,1.140252,0.589371,75000.000000,74952.250000
29788141,2026-08-21T05:01,75000.960000,-0.002700,0.155457,2026-08-20,327.000000,2.418111,0.795487,75000.960000,74952.250000
29788142,2026-08-21T05:02,75012.520000,0.211800,0.590929,2026-08-20,355.000000,2.117084,0.134025,75013.290000,74996.930000
29788143,2026-08-21T05:03,75020.540000,-0.044200,-0.731244,2026-08-20,586.000000,9.110740,0.733439,75103.720000,75005.690000
29788144,2026-08-21T05:04,74934.610000,-0.104000,0.467534,2026-08-20,583.000000,4.219784,0.315270,75024.740000,74875.000000
29788145,2026-08-21T05:05,75140.170000,-0.048600,-0.372679,2026-08-20,774.000000,9.130676,0.723976,75198.640000,74924.400000
29788146,2026-08-21T05:06,75119.270000,-0.151000,0.419542,2026-08-20,143.000000,1.449501,0.612244,75140.600000,75105.000000
29788147,2026-08-21T05:07,75084.490000,-0.160400,0.400930,2026-08-20,855.000000,4.936517,0.513329,75130.820000,75056.640000
29788148,2026-08-21T05:08,75075.520000,0.076000,0.027438,2026-08-20,458.000000,2.062433,0.373495,75103.170000,75075.520000
29788149,2026-08-21T05:09,75119.170000,0.079500,-0.254422,2026-08-20,501.000000,2.280542,0.648704,75121.250000,75056.640000
29788150,2026-08-21T05:10,75223.890000,0.017200,0.296879,2026-08-20,506.000000,4.527916,0.736167,75232.000000,75105.370000
29788151,2026-08-21T05:11,75219.990000,0.256000,0.472355,2026-08-20,556.000000,10.862724,0.777903,75226.680000,75150.610000
29788152,2026-08-21T05:12,75188.290000,0.206500,0.555807,2026-08-20,529.000000,7.681352,0.443478,75241.000000,75175.620000
29788153,2026-08-21T05:13,75246.990000,0.441000,-0.113036,2026-08-20,375.000000,2.373063,0.722888,75247.000000,75187.160000
29788154,2026-08-21T05:14,75293.240000,-0.110200,0.567913,2026-08-20,662.000000,12.567536,0.528303,75332.330000,75234.430000
29788155,2026-08-21T05:15,75310.490000,-0.672600,0.001987,2026-08-20,734.000000,17.250286,0.285264,75328.430000,75170.000000
29788156,2026-08-21T05:16,75307.210000,0.135200,-0.429500,2026-08-20,406.000000,3.853388,0.663993,75342.000000,75265.440000
29788157,2026-08-21T05:17,75350.570000,0.275800,0.374855,2026-08-20,466.000000,10.155202,0.616883,75352.590000,75307.210000
29788158,2026-08-21T05:18,75408.120000,0.052700,0.210657,2026-08-20,720.000000,12.923842,0.574121,75483.370000,75346.790000
29788159,2026-08-21T05:19,75355.920000,0.372000,0.148246,2026-08-20,495.000000,7.133202,0.574339,75411.960000,75343.510000
29788160,2026-08-21T05:20,75390.750000,0.363200,0.150505,2026-08-20,624.000000,4.815031,0.596390,75482.920000,75345.480000
29788161,2026-08-21T05:21,75359.400000,0.358200,0.204139,2026-08-20,522.000000,7.439613,0.288442,75425.520000,75359.410000
29788162,2026-08-21T05:22,75379.520000,0.281000,-0.439567,2026-08-20,530.000000,4.339343,0.460434,75411.600000,75359.400000
29788163,2026-08-21T05:23,75289.790000,0.394900,-0.080544,2026-08-20,522.000000,5.153681,0.256362,75390.830000,75251.530000
29788164,2026-08-21T05:24,75252.820000,-0.531100,-0.487414,2026-08-20,355.000000,9.437316,0.288353,75300.240000,75246.330000
29788165,2026-08-21T05:25,75188.880000,0.519500,-0.402255,2026-08-20,515.000000,6.392086,0.490851,75279.340000,75164.520000
29788166,2026-08-21T05:26,75126.240000,-0.430700,-0.014481,2026-08-20,422.000000,2.558762,0.709456,75230.630000,75126.250000
29788167,2026-08-21T05:27,75161.610000,-0.436800,-0.027592,2026-08-20,711.000000,17.448478,0.649277,75179.550000,75030.000000
29788168,2026-08-21T05:28,75254.990000,0.554500,0.366598,2026-08-20,570.000000,6.973971,0.475492,75254.990000,75101.880000
29788169,2026-08-21T05:29,75174.960000,0.058500,-0.031716,2026-08-20,438.000000,5.425793,0.129697,75258.300000,75163.900000
29788170,2026-08-21T05:30,75119.300000,-0.425900,-0.758514,2026-08-20,522.000000,3.355434,0.610769,75174.950000,75119.290000
29788171,2026-08-21T05:31,75143.640000,-0.372400,0.292115,2026-08-20,399.000000,1.029997,0.386676,75155.220000,75107.580000
29788172,2026-08-21T05:32,75070.010000,-0.083400,-0.257492,2026-08-20,480.000000,3.908273,0.372765,75152.740000,75070.000000
29788173,2026-08-21T05:33,75146.330000,-0.325300,-0.263132,2026-08-20,416.000000,2.356714,0.726183,75157.550000,75064.070000
29788174,2026-08-21T05:34,75179.360000,0.231400,0.490786,2026-08-20,498.000000,5.281845,0.532451,75246.760000,75146.320000
29788175,2026-08-21T05:35,75153.900000,0.157700,0.064945,2026-08-20,465.000000,2.985303,0.421548,75195.840000,75140.160000
29788176,2026-08-21T05:36,75203.460000,0.177000,-0.156360,2026-08-20,306.000000,2.617114,0.758624,75207.630000,75153.900000
29788177,2026-08-21T05:37,75222.990000,0.083700,0.495749,2026-08-20,436.000000,7.294361,0.916052,75258.480000,75199.030000
29788178,2026-08-21T05:38,75223.670000,0.235300,0.840035,2026-08-20,436.000000,1.970841,0.287058,75230.630000,75164.520000
29788179,2026-08-21T05:39,75301.980000,0.225000,-0.424245,2026-08-20,507.000000,5.790770,0.620390,75310.670000,75223.670000
29788180,2026-08-21T05:40,75253.530000,0.182500,0.254319,2026-08-20,530.000000,4.298157,0.659261,75357.700000,75244.570000
29788181,2026-08-21T05:41,75195.540000,0.035800,0.301466,2026-08-20,517.000000,3.395822,0.735412,75261.960000,75176.070000
29788182,2026-08-21T05:42,75248.210000,-0.054300,0.480665,2026-08-20,473.000000,4.024185,0.745499,75315.620000,75194.180000
29788183,2026-08-21T05:43,75219.170000,0.287700,0.431145,2026-08-20,458.000000,4.914952,0.747121,75248.210000,75213.240000
29788184,2026-08-21T05:44,75244.550000,0.108400,0.584236,2026-08-20,448.000000,2.801079,0.491972,75284.810000,75219.170000
29788185,2026-08-21T05:45,75206.290000,0.058100,-0.244053,2026-08-20,436.000000,3.072847,0.495339,75255.120000,75203.340000
29788186,2026-08-21T05:46,75195.830000,0.270400,-0.013610,2026-08-20,312.000000,1.972731,0.481638,75222.330000,75185.400000
29788187,2026-08-21T05:47,75229.760000,0.168400,-0.036534,2026-08-20,308.000000,2.083365,0.450012,75230.650000,75180.000000
29788188,2026-08-21T05:48,75230.640000,-0.332300,-0.100166,2026-08-20,337.000000,1.434267,0.595913,75244.560000,75201.000000
29788189,2026-08-21T05:49,75235.400000,0.084000,0.080560,2026-08-20,385.000000,1.607215,0.099818,75250.000000,75218.800000
29788190,2026-08-21T05:50,75338.010000,0.238400,-0.781160,2026-08-20,453.000000,5.094454,0.603732,75338.010000,75232.210000
29788191,2026-08-21T05:51,75258.480000,0.273800,0.209044,2026-08-20,652.000000,7.350828,0.588655,75370.000000,75246.380000
29788192,2026-08-21T05:52,75342.460000,0.109900,0.195599,2026-08-20,428.000000,3.743640,0.832889,75342.460000,75258.470000
29788193,2026-08-21T05:53,75352.430000,0.150500,0.255273,2026-08-20,500.000000,6.761534,0.410263,75373.320000,75321.120000
29788194,2026-08-21T05:54,75323.610000,-0.011300,0.038170,2026-08-20,416.000000,1.573756,0.568966,75364.580000,75321.230000
29788195,2026-08-21T05:55,75402.770000,0.511000,-0.053717,2026-08-20,442.000000,2.160672,0.710516,75411.600000,75320.000000
29788196,2026-08-21T05:56,75364.420000,-0.222600,0.409615,2026-08-20,451.000000,4.524639,0.473736,75399.380000,75342.500000
29788197,2026-08-21T05:57,75394.200000,0.419700,-0.052656,2026-08-20,351.000000,1.016088,0.834408,75397.670000,75362.880000
29788198,2026-08-21T05:58,75363.950000,0.914600,0.663332,2026-08-20,473.000000,8.232850,0.710343,75425.390000,75344.740000
29788199,2026-08-21T05:59,75438.080000,-0.030500,0.423645,2026-08-20,331.000000,3.634668,0.687199,75440.420000,75363.940000
29788200,2026-08-21T06:00,75360.770000,0.909000,0.368313,2026-08-20,616.000000,14.861432,0.213808,75439.240000,75359.410000
29788201,2026-08-21T06:01,75370.110000,0.940200,-0.572399,2026-08-20,394.000000,9.303527,0.331727,75385.590000,75359.400000
29788202,2026-08-21T06:02,75314.170000,0.124200,-0.327997,2026-08-20,466.000000,56.054540,0.045573,75383.760000,75310.250000
29788203,2026-08-21T06:03,75428.990000,-0.132900,-0.904111,2026-08-20,483.000000,5.467709,0.699543,75435.030000,75307.280000
29788204,2026-08-21T06:04,75396.360000,0.274100,0.375742,2026-08-20,402.000000,4.364693,0.339322,75442.920000,75391.950000
29788205,2026-08-21T06:05,75454.670000,0.160600,-0.305263,2026-08-20,483.000000,5.061594,0.539184,75460.050000,75356.430000
29788206,2026-08-21T06:06,75436.670000,-0.033800,0.036775,2026-08-20,369.000000,3.285742,0.446950,75453.310000,75358.410000
29788207,2026-08-21T06:07,75470.960000,0.242900,-0.064524,2026-08-20,201.000000,2.495283,0.794935,75480.000000,75436.660000
29788208,2026-08-21T06:08,75470.960000,0.242900,0.589869,2026-08-20,,,,,
29788209,2026-08-21T06:09,75418.550000,0.198400,0.000000,2026-08-20,1209.000000,14.538651,0.525305,75498.800000,75339.020000
29788210,2026-08-21T06:10,75299.760000,0.279800,0.049572,2026-08-20,1101.000000,4.027145,0.195674,75425.000000,75293.280000
29788211,2026-08-21T06:11,75261.960000,-0.374700,-0.555297,2026-08-20,1107.000000,1.181404,0.233807,75330.670000,75251.520000
29788212,2026-08-21T06:12,75261.960000,-0.512900,-0.616475,2026-08-20,1147.000000,1.940069,0.262149,75293.280000,75248.820000
29788213,2026-08-21T06:13,75261.960000,0.078900,-0.441924,2026-08-20,1232.000000,4.498382,0.568043,75283.370000,75244.560000
29788214,2026-08-21T06:14,75261.580000,0.162900,0.078294,2026-08-20,968.000000,0.613940,0.109515,75275.870000,75255.000000
29788215,2026-08-21T06:15,75324.610000,-0.607800,-0.799339,2026-08-20,799.000000,3.401710,0.421455,75334.220000,75261.580000
29788216,2026-08-21T06:16,75314.170000,-0.238100,-0.178420,2026-08-20,584.000000,1.662198,0.140337,75345.480000,75303.720000
29788217,2026-08-21T06:17,75382.020000,-0.097600,-0.705591,2026-08-20,994.000000,1.758706,0.699403,75409.940000,75314.160000
29788218,2026-08-21T06:18,75328.580000,0.276600,0.336513,2026-08-20,1352.000000,2.454467,0.605585,75380.290000,75316.590000
29788219,2026-08-21T06:19,75279.360000,0.283200,0.240567,2026-08-20,1150.000000,5.635314,0.197423,75328.590000,75241.080000
29788220,2026-08-21T06:20,75234.120000,-0.516100,-0.603453,2026-08-20,1759.000000,2.569947,0.610689,75273.010000,75230.650000
29788221,2026-08-21T06:21,75275.890000,-0.306200,0.223006,2026-08-20,1543.000000,1.743187,0.473187,75331.550000,75230.650000
29788222,2026-08-21T06:22,75115.600000,0.090700,-0.061999,2026-08-20,1638.000000,4.750189,0.308306,75277.590000,75108.840000
29788223,2026-08-21T06:23,75108.860000,-0.089400,-0.379222,2026-08-20,1608.000000,3.174884,0.375174,75129.710000,75063.600000
29788224,2026-08-21T06:24,75213.230000,0.467600,-0.260673,2026-08-20,1003.000000,10.670650,0.858715,75211.660000,75075.000000
29788225,2026-08-21T06:25,75230.100000,-0.255300,0.750358,2026-08-20,486.000000,4.023489,0.943017,75230.100000,75170.090000
29788226,2026-08-21T06:26,75377.900000,-0.030500,0.896892,2026-08-20,1700.000000,10.299286,0.876084,75401.270000,75226.020000
29788227,2026-08-21T06:27,75428.980000,0.368500,0.712815,2026-08-20,1216.000000,2.935010,0.765136,75482.800000,75377.900000
29788228,2026-08-21T06:28,75355.920000,-0.009100,0.527376,2026-08-20,1919.000000,2.921723,0.862314,75429.000000,75355.920000
29788229,2026-08-21T06:29,75302.850000,-0.250100,0.727938,2026-08-20,1901.000000,2.559282,0.369149,75369.840000,75296.760000
29788230,2026-08-21T06:30,75372.890000,0.335000,-0.261706,2026-08-20,1537.000000,1.091034,0.618520,75376.240000,75289.810000
29788231,2026-08-21T06:31,75425.490000,-0.170600,0.260869,2026-08-20,1517.000000,2.683196,0.366761,75437.150000,75372.900000
29788232,2026-08-21T06:32,75551.050000,0.253700,-0.283295,2026-08-20,1675.000000,12.501162,0.834071,75557.890000,75420.020000
29788233,2026-08-21T06:33,75593.120000,0.041100,0.669459,2026-08-20,1724.000000,10.953579,0.710894,75627.950000,75536.880000
29788234,2026-08-21T06:34,75602.420000,-0.086900,0.419140,2026-08-20,1677.000000,3.928435,0.427243,75613.100000,75533.410000
29788235,2026-08-21T06:35,75582.110000,0.618300,-0.147843,2026-08-20,1771.000000,3.113422,0.530718,75606.480000,75515.360000
29788236,2026-08-21T06:36,75514.960000,0.052600,0.052566,2026-08-20,1086.000000,7.335002,0.780972,75592.810000,75456.840000
29788237,2026-08-21T06:37,75536.880000,0.240400,0.565317,2026-08-20,956.000000,3.966466,0.726979,75536.880000,75486.900000
29788238,2026-08-21T06:38,75567.700000,0.294300,0.463287,2026-08-20,1071.000000,5.639943,0.308784,75568.200000,75498.010000
29788239,2026-08-21T06:39,75662.610000,0.295500,-0.386565,2026-08-20,1358.000000,5.239069,0.849952,75686.520000,75568.190000
29788240,2026-08-21T06:40,75648.240000,-0.049500,0.690075,2026-08-20,1533.000000,7.828005,0.450616,75705.000000,75648.240000
29788241,2026-08-21T06:41,75550.790000,0.445100,-0.091037,2026-08-20,1033.000000,2.437260,0.709405,75662.170000,75540.360000
29788242,2026-08-21T06:42,75362.980000,0.087000,0.419892,2026-08-20,1679.000000,7.228079,0.382728,75550.790000,75352.440000
29788243,2026-08-21T06:43,75345.480000,0.267000,-0.237035,2026-08-20,1451.000000,8.777311,0.711733,75373.320000,75277.350000
29788244,2026-08-21T06:44,75359.400000,-0.294300,0.450537,2026-08-20,1359.000000,13.739947,0.811606,75469.370000,75352.450000
29788245,2026-08-21T06:45,75268.930000,-0.337200,0.613699,2026-08-20,1433.000000,4.630281,0.540680,75359.410000,75257.100000
29788246,2026-08-21T06:46,75276.860000,-0.177200,0.081942,2026-08-20,1358.000000,2.254719,0.642892,75296.750000,75268.930000
29788247,2026-08-21T06:47,75355.110000,-0.021000,0.284923,2026-08-20,1472.000000,3.341471,0.796354,75376.800000,75273.780000
29788248,2026-08-21T06:48,75428.990000,0.569200,0.592318,2026-08-20,1227.000000,3.728921,0.888446,75429.000000,75343.780000
29788249,2026-08-21T06:49,75491.640000,0.248100,0.746915,2026-08-20,1357.000000,12.505515,0.742808,75585.600000,75428.990000
29788250,2026-08-21T06:50,75450.570000,-0.066000,0.500367,2026-08-20,970.000000,3.634491,0.544015,75519.480000,75445.740000
29788251,2026-08-21T06:51,75429.230000,0.085200,0.011444,2026-08-20,1039.000000,0.649180,0.353720,75467.910000,75425.530000
29788252,2026-08-21T06:52,75389.040000,-0.068300,-0.294443,2026-08-20,1416.000000,6.045700,0.370527,75495.990000,75389.030000
29788253,2026-08-21T06:53,75455.490000,0.075500,-0.258833,2026-08-20,1168.000000,5.366403,0.252911,75490.490000,75378.230000
29788254,2026-08-21T06:54,75506.740000,-0.182000,-0.492551,2026-08-20,1020.000000,4.465127,0.526951,75535.600000,75455.500000
29788255,2026-08-21T06:55,75537.960000,0.393000,0.060320,2026-08-20,878.000000,34.900774,0.585701,75588.110000,75492.120000
29788256,2026-08-21T06:56,75597.300000,0.064200,0.170439,2026-08-20,497.000000,16.897316,0.810234,75599.990000,75503.440000
29788257,2026-08-21T06:57,75568.210000,0.260500,0.626500,2026-08-20,401.000000,5.487811,0.147258,75597.310000,75550.000000
29788258,2026-08-21T06:58,75565.240000,0.029700,-0.744505,2026-08-20,704.000000,21.155668,0.561629,75568.210000,75530.720000
29788259,2026-08-21T06:59,75615.790000,0.070900,0.172704,2026-08-20,527.000000,12.924529,0.773229,75621.740000,75565.230000
