minute_epoch,minute_utc,close,book_imb,ofi,day,trades,volume,buy_share,high,low
29831040,2026-09-20T00:00,81202.580000,-0.097700,0.972627,2026-09-20,265.000000,1.604003,0.489443,81240.000000,81196.500000
29831041,2026-09-20T00:01,81215.100000,-0.420500,-0.022723,2026-09-20,176.000000,0.549699,0.480065,81215.100000,81200.950000
29831042,2026-09-20T00:02,81207.010000,-0.008500,0.048251,2026-09-20,214.000000,0.599907,0.094857,81229.290000,81207.000000
29831043,2026-09-20T00:03,81186.010000,-0.590600,-0.978229,2026-09-20,230.000000,1.234307,0.069455,81215.780000,81186.000000
29831044,2026-09-20T00:04,81185.730000,-0.566700,-0.862081,2026-09-20,236.000000,0.346482,0.022023,81186.010000,81185.690000
29831045,2026-09-20T00:05,81180.040000,-0.161300,-0.954796,2026-09-20,210.000000,0.697512,0.486736,81185.720000,81180.000000
29831046,2026-09-20T00:06,81191.650000,-0.414400,-0.026527,2026-09-20,186.000000,0.936009,0.839308,81191.650000,81180.000000
29831047,2026-09-20T00:07,81180.010000,-0.185600,0.678615,2026-09-20,189.000000,0.246127,0.017138,81191.660000,81180.010000
29831048,2026-09-20T00:08,81176.170000,0.044700,-0.965724,2026-09-20,230.000000,0.445320,0.066931,81185.050000,81176.160000
29831049,2026-09-20T00:09,81206.990000,-0.354300,-0.835713,2026-09-20,215.000000,1.681520,0.931984,81207.000000,81175.510000
29831050,2026-09-20T00:10,81240.610000,-0.316100,0.863368,2026-09-20,371.000000,4.612517,0.738644,81241.950000,81206.990000
29831051,2026-09-20T00:11,81253.460000,-0.243700,0.477288,2026-09-20,229.000000,0.747606,0.116505,81255.000000,81230.030000
29831052,2026-09-20T00:12,81250.890000,0.460600,-0.767075,2026-09-20,230.000000,1.485581,0.148560,81256.970000,81248.040000
29831053,2026-09-20T00:13,81254.490000,0.260300,-0.514434,2026-09-20,252.000000,0.419088,0.614204,81255.970000,81250.900000
29831054,2026-09-20T00:14,81258.960000,-0.045800,-0.363111,2026-09-20,308.000000,1.767173,0.851653,81269.170000,81253.260000
29831055,2026-09-20T00:15,81235.830000,0.094600,0.703037,2026-09-20,286.000000,1.267972,0.181899,81284.660000,81235.820000
29831056,2026-09-20T00:16,81237.850000,-0.015900,-0.632521,2026-09-20,247.000000,0.342764,0.714903,81237.860000,81235.820000
29831057,2026-09-20T00:17,81228.010000,0.124900,0.425790,2026-09-20,231.000000,1.022370,0.610865,81237.860000,81217.510000
29831058,2026-09-20T00:18,81251.740000,-0.171200,0.477151,2026-09-20,200.000000,0.716482,0.785144,81254.490000,81228.010000
29831059,2026-09-20T00:19,81230.710000,0.047700,-0.418551,2026-09-20,271.000000,4.495352,0.006992,81253.370000,81230.000000
29831060,2026-09-20T00:20,81188.040000,-0.083100,-0.985458,2026-09-20,287.000000,1.058891,0.576231,81230.720000,81186.000000
29831061,2026-09-20T00:21,81187.450000,-0.072600,0.151451,2026-09-20,245.000000,0.722503,0.210314,81200.530000,81187.440000
29831062,2026-09-20T00:22,81186.960000,0.037200,-0.581175,2026-09-20,269.000000,2.911040,0.050099,81187.440000,81171.110000
29831063,2026-09-20T00:23,81189.880000,-0.074300,-0.899695,2026-09-20,186.000000,0.685483,0.728383,81193.050000,81186.960000
29831064,2026-09-20T00:24,81215.190000,-0.173600,0.456085,2026-09-20,264.000000,1.960329,0.525259,81222.170000,81189.870000
29831065,2026-09-20T00:25,81272.540000,-0.476100,0.050697,2026-09-20,433.000000,11.505349,0.783274,81272.540000,81202.940000
29831066,2026-09-20T00:26,81289.960000,-0.256800,0.566548,2026-09-20,265.000000,0.994709,0.164707,81294.320000,81263.900000
29831067,2026-09-20T00:27,81289.640000,-0.352600,-0.670486,2026-09-20,235.000000,0.575211,0.267950,81293.560000,81270.690000
29831068,2026-09-20T00:28,81284.490000,-0.025000,-0.362836,2026-09-20,224.000000,0.887878,0.544534,81295.140000,81277.010000
29831069,2026-09-20T00:29,81279.550000,-0.408100,0.042932,2026-09-20,299.000000,1.626355,0.343467,81297.540000,81272.950000
29831070,2026-09-20T00:30,81248.760000,0.306500,-0.331461,2026-09-20,298.000000,1.470913,0.081686,81279.560000,81240.010000
29831071,2026-09-20T00:31,81238.510000,0.217000,-0.803041,2026-09-20,278.000000,2.722540,0.293637,81265.010000,81238.500000
29831072,2026-09-20T00:32,81269.990000,-0.157600,-0.424319,2026-09-20,289.000000,1.393897,0.543754,81276.980000,81219.380000
29831073,2026-09-20T00:33,81299.140000,-0.383100,0.170786,2026-09-20,258.000000,0.953292,0.639864,81299.990000,81274.330000
29831074,2026-09-20T00:34,81294.760000,0.261100,0.154425,2026-09-20,214.000000,0.298777,0.182502,81299.140000,81290.270000
29831075,2026-09-20T00:35,81242.890000,-0.155800,-0.635980,2026-09-20,250.000000,0.331741,0.180904,81296.390000,81242.880000
29831076,2026-09-20T00:36,81245.390000,-0.363000,-0.637310,2026-09-20,359.000000,1.044136,0.563155,81248.870000,81233.320000
29831077,2026-09-20T00:37,81246.290000,-0.483500,0.126311,2026-09-20,228.000000,0.502975,0.547412,81246.940000,81235.440000
29831078,2026-09-20T00:38,81246.930000,-0.062000,0.094824,2026-09-20,210.000000,0.976245,0.709853,81246.940000,81232.750000
29831079,2026-09-20T00:39,81279.380000,-0.259900,0.419705,2026-09-20,299.000000,6.640380,0.945051,81297.320000,81233.930000
29831080,2026-09-20T00:40,81284.830000,-0.307000,0.872586,2026-09-20,282.000000,2.627328,0.537035,81300.000000,81269.990000
29831081,2026-09-20T00:41,81301.610000,-0.317100,-0.102579,2026-09-20,254.000000,0.640473,0.501858,81301.620000,81278.420000
29831082,2026-09-20T00:42,81299.120000,-0.068200,-0.029503,2026-09-20,204.000000,0.761357,0.002343,81301.600000,81294.340000
29831083,2026-09-20T00:43,81277.490000,-0.196800,-0.995182,2026-09-20,231.000000,0.336083,0.085566,81299.130000,81276.810000
29831084,2026-09-20T00:44,81300.710000,-0.320200,-0.018929,2026-09-20,193.000000,0.446645,0.618474,81302.350000,81277.480000
29831085,2026-09-20T00:45,81273.680000,-0.237600,-0.932445,2026-09-20,263.000000,0.443255,0.155996,81300.710000,81272.060000
29831086,2026-09-20T00:46,81272.070000,-0.479300,-0.609001,2026-09-20,254.000000,1.156246,0.645364,81288.460000,81272.060000
29831087,2026-09-20T00:47,81258.740000,-0.437600,0.287928,2026-09-20,275.000000,0.591152,0.344574,81272.070000,81253.950000
29831088,2026-09-20T00:48,81261.580000,-0.082200,-0.308588,2026-09-20,253.000000,1.306805,0.820823,81261.580000,81251.010000
29831089,2026-09-20T00:49,81257.010000,-0.129100,0.642350,2026-09-20,234.000000,0.884715,0.243596,81272.070000,81255.220000
29831090,2026-09-20T00:50,81258.050000,-0.637400,-0.511014,2026-09-20,307.000000,1.098790,0.744281,81263.080000,81257.130000
29831091,2026-09-20T00:51,81273.730000,-0.096800,0.487579,2026-09-20,207.000000,0.607731,0.605501,81273.880000,81253.440000
29831092,2026-09-20T00:52,81263.040000,-0.423100,0.273835,2026-09-20,278.000000,1.514388,0.837850,81277.630000,81255.120000
29831093,2026-09-20T00:53,81267.330000,-0.551700,0.665515,2026-09-20,228.000000,0.231343,0.748751,81267.330000,81262.530000
29831094,2026-09-20T00:54,81259.760000,0.109700,0.484500,2026-09-20,225.000000,0.301649,0.421132,81272.080000,81259.760000
29831095,2026-09-20T00:55,81260.210000,-0.190100,-0.153848,2026-09-20,174.000000,0.124174,0.268059,81260.200000,81257.730000
29831096,2026-09-20T00:56,81262.770000,-0.190600,-0.476220,2026-09-20,192.000000,0.217968,0.272435,81264.220000,81260.200000
29831097,2026-09-20T00:57,81252.390000,-0.208200,-0.454979,2026-09-20,186.000000,0.225354,0.096504,81262.770000,81253.380000
29831098,2026-09-20T00:58,81243.260000,-0.118600,-0.789691,2026-09-20,237.000000,0.536057,0.286412,81252.400000,81240.290000
29831099,2026-09-20T00:59,81261.980000,-0.233700,-0.423766,2026-09-20,294.000000,3.722339,0.760737,81278.940000,81243.260000
29831100,2026-09-20T01:00,81261.740000,-0.513000,0.521154,2026-09-20,225.000000,0.335581,0.501754,81261.980000,81250.280000
29831101,2026-09-20T01:01,81277.170000,-0.517200,0.003073,2026-09-20,171.000000,0.192104,0.696570,81281.780000,81261.740000
29831102,2026-09-20T01:02,81246.650000,-0.515800,0.380944,2026-09-20,242.000000,0.487553,0.065369,81277.180000,81246.650000
29831103,2026-09-20T01:03,81240.330000,-0.271300,-0.868767,2026-09-20,231.000000,1.589203,0.648224,81246.660000,81238.520000
29831104,2026-09-20T01:04,81235.210000,-0.079600,0.288686,2026-09-20,253.000000,0.202462,0.146777,81240.340000,81235.200000
29831105,2026-09-20T01:05,81245.920000,0.583400,-0.690808,2026-09-20,227.000000,0.460367,0.756277,81248.910000,81235.200000
29831106,2026-09-20T01:06,81228.900000,-0.583000,0.512426,2026-09-20,208.000000,1.436579,0.033236,81245.920000,81228.000000
29831107,2026-09-20T01:07,81234.350000,-0.312700,-0.933529,2026-09-20,240.000000,0.290937,0.778169,81235.210000,81223.860000
29831108,2026-09-20T01:08,81234.350000,-0.560900,0.549304,2026-09-20,172.000000,0.114770,0.269969,81234.350000,81234.340000
29831109,2026-09-20T01:09,81199.920000,-0.262100,-0.853382,2026-09-20,320.000000,2.411833,0.055120,81234.340000,81195.390000
29831110,2026-09-20T01:10,81154.510000,-0.674900,-0.880216,2026-09-20,303.000000,2.723457,0.549875,81199.920000,81150.000000
29831111,2026-09-20T01:11,81164.580000,-0.464700,0.109727,2026-09-20,252.000000,2.326341,0.141285,81172.090000,81144.000000
29831112,2026-09-20T01:12,81139.520000,-0.434000,-0.713338,2026-09-20,237.000000,0.557488,0.161853,81167.800000,81139.520000
29831113,2026-09-20T01:13,81126.180000,-0.486000,-0.718192,2026-09-20,263.000000,0.932604,0.328452,81140.000000,81110.000000
29831114,2026-09-20T01:14,81106.080000,-0.425100,-0.088687,2026-09-20,295.000000,2.685274,0.127074,81126.700000,81097.200000
29831115,2026-09-20T01:15,81081.550000,0.276300,-0.745436,2026-09-20,249.000000,2.908222,0.045067,81106.080000,81066.790000
29831116,2026-09-20T01:16,81070.510000,0.165300,-0.910287,2026-09-20,286.000000,2.913196,0.191648,81112.180000,81070.030000
29831117,2026-09-20T01:17,81066.400000,0.205900,-0.616703,2026-09-20,255.000000,1.919703,0.148332,81094.610000,81063.510000
29831118,2026-09-20T01:18,81124.860000,0.486600,-0.703079,2026-09-20,218.000000,1.486542,0.258811,81126.030000,81066.400000
29831119,2026-09-20T01:19,81166.330000,-0.461500,-0.482667,2026-09-20,183.000000,0.310314,0.812421,81166.330000,81124.850000
29831120,2026-09-20T01:20,81156.830000,0.218200,0.610217,2026-09-20,204.000000,0.699567,0.127616,81166.320000,81153.980000
29831121,2026-09-20T01:21,81182.420000,0.335800,-0.743736,2026-09-20,167.000000,0.574833,0.339382,81183.500000,81156.820000
29831122,2026-09-20T01:22,81153.460000,0.343100,-0.321235,2026-09-20,223.000000,1.416420,0.035339,81187.690000,81150.700000
29831123,2026-09-20T01:23,81139.990000,-0.168700,-0.929155,2026-09-20,193.000000,0.179461,0.599727,81153.460000,81139.990000
29831124,2026-09-20T01:24,81132.420000,-0.411600,0.198911,2026-09-20,170.000000,0.484099,0.809533,81140.000000,81124.380000
29831125,2026-09-20T01:25,81123.700000,-0.253100,0.619063,2026-09-20,211.000000,0.684480,0.529280,81132.410000,81111.070000
29831126,2026-09-20T01:26,81116.920000,-0.630600,0.055845,2026-09-20,236.000000,0.784109,0.757672,81132.420000,81115.880000
29831127,2026-09-20T01:27,81131.490000,-0.052700,0.695009,2026-09-20,169.000000,1.059129,0.950254,81134.050000,81116.920000
29831128,2026-09-20T01:28,81106.920000,0.190400,0.589962,2026-09-20,185.000000,0.426443,0.152232,81131.490000,81102.000000
29831129,2026-09-20T01:29,81088.790000,-0.449700,-0.612840,2026-09-20,214.000000,0.475032,0.362713,81114.980000,81082.270000
29831130,2026-09-20T01:30,81082.270000,-0.416400,-0.274574,2026-09-20,173.000000,0.548352,0.168778,81103.810000,81080.000000
29831131,2026-09-20T01:31,81063.510000,-0.470400,-0.681224,2026-09-20,240.000000,1.148445,0.236185,81080.000000,81060.150000
29831132,2026-09-20T01:32,81035.880000,-0.501000,-0.513779,2026-09-20,238.000000,1.474914,0.754711,81065.990000,81035.620000
29831133,2026-09-20T01:33,81051.710000,-0.436400,0.495039,2026-09-20,222.000000,0.596322,0.264715,81061.730000,81032.910000
29831134,2026-09-20T01:34,81043.400000,-0.441400,-0.632042,2026-09-20,165.000000,0.880580,0.877450,81056.950000,81043.400000
29831135,2026-09-20T01:35,81041.770000,-0.441400,0.754815,2026-09-20,165.000000,0.486651,0.414821,81043.400000,81029.540000
29831136,2026-09-20T01:36,81004.010000,-0.110100,-0.170358,2026-09-20,239.000000,1.314487,0.177063,81041.780000,81004.000000
29831137,2026-09-20T01:37,81036.210000,-0.557500,-0.645874,2026-09-20,159.000000,0.530425,0.507695,81036.210000,81000.010000
29831138,2026-09-20T01:38,81059.990000,-0.589100,0.015389,2026-09-20,221.000000,1.853844,0.194961,81059.990000,81036.210000
29831139,2026-09-20T01:39,81076.210000,-0.572700,-0.659056,2026-09-20,201.000000,2.220445,0.090268,81091.480000,81056.430000
29831140,2026-09-20T01:40,81081.010000,-0.158100,-0.794861,2026-09-20,165.000000,0.407624,0.698402,81085.980000,81061.000000
29831141,2026-09-20T01:41,81097.420000,-0.494200,0.396804,2026-09-20,130.000000,0.383060,0.498910,81097.430000,81081.010000
29831142,2026-09-20T01:42,81079.700000,-0.388200,0.007993,2026-09-20,171.000000,0.621554,0.248262,81097.430000,81079.690000
29831143,2026-09-20T01:43,81076.550000,-0.471400,-0.513072,2026-09-20,155.000000,0.736201,0.051951,81079.700000,81076.210000
29831144,2026-09-20T01:44,81045.580000,-0.164500,-0.896098,2026-09-20,268.000000,3.601519,0.552009,81076.560000,81037.380000
29831145,2026-09-20T01:45,81065.710000,-0.532000,0.104018,2026-09-20,157.000000,0.781419,0.917589,81066.190000,81045.570000
29831146,2026-09-20T01:46,81039.010000,-0.275300,0.834048,2026-09-20,156.000000,0.782955,0.108128,81067.110000,81022.040000
29831147,2026-09-20T01:47,81042.790000,0.150200,-0.783619,2026-09-20,254.000000,2.894119,0.864107,81049.490000,81000.000000
29831148,2026-09-20T01:48,81073.450000,-0.564300,0.728230,2026-09-20,153.000000,0.483975,0.381528,81076.980000,81049.490000
29831149,2026-09-20T01:49,81044.170000,-0.179500,-0.236944,2026-09-20,153.000000,1.031601,0.100007,81075.070000,81039.000000
29831150,2026-09-20T01:50,81033.040000,-0.432600,-0.793526,2026-09-20,109.000000,0.221559,0.337668,81044.180000,81031.100000
29831151,2026-09-20T01:51,81034.540000,0.020400,-0.328915,2026-09-20,119.000000,0.540165,0.084871,81046.180000,81033.030000
29831152,2026-09-20T01:52,81032.490000,-0.536600,-0.835262,2026-09-20,137.000000,0.239182,0.452477,81045.300000,81028.500000
29831153,2026-09-20T01:53,81039.010000,-0.057300,0.187944,2026-09-20,177.000000,0.548452,0.389404,81061.630000,81032.480000
29831154,2026-09-20T01:54,81049.740000,-0.226700,-0.441845,2026-09-20,120.000000,0.719146,0.872515,81049.750000,81039.000000
29831155,2026-09-20T01:55,81063.610000,-0.075400,0.743305,2026-09-20,173.000000,0.318946,0.665568,81063.610000,81039.000000
29831156,2026-09-20T01:56,81082.170000,-0.375600,0.334389,2026-09-20,153.000000,1.140449,0.751946,81094.840000,81063.600000
29831157,2026-09-20T01:57,81071.490000,-0.294000,0.503714,2026-09-20,107.000000,0.338821,0.061836,81082.180000,81070.470000
29831158,2026-09-20T01:58,81053.920000,-0.279900,-0.876437,2026-09-20,159.000000,0.886052,0.154606,81071.490000,81051.920000
29831159,2026-09-20T01:59,81071.710000,-0.493000,-0.616736,2026-09-20,158.000000,0.396295,0.993340,81071.720000,81053.920000
29831160,2026-09-20T02:00,81052.150000,-0.096900,0.985163,2026-09-20,200.000000,2.195237,0.184244,81071.710000,81050.000000
29831161,2026-09-20T02:01,81077.110000,-0.421100,-0.631513,2026-09-20,153.000000,1.370369,0.846901,81082.180000,81052.150000
29831162,2026-09-20T02:02,81117.420000,-0.245400,0.759404,2026-09-20,185.000000,35.680450,0.978912,81117.420000,81077.120000
29831163,2026-09-20T02:03,81101.990000,-0.625700,0.957448,2026-09-20,149.000000,1.084568,0.151269,81117.420000,81101.990000
29831164,2026-09-20T02:04,81057.170000,-0.417800,-0.697463,2026-09-20,187.000000,1.993147,0.671835,81101.990000,81057.170000
29831165,2026-09-20T02:05,81073.140000,-0.403100,0.343670,2026-09-20,144.000000,0.754233,0.400993,81073.140000,81052.230000
29831166,2026-09-20T02:06,81073.680000,0.085000,-0.198015,2026-09-20,41.000000,0.260789,0.434384,81073.690000,81073.130000
29831167,2026-09-20T02:07,81073.680000,0.085000,-0.131232,2026-09-20,,,,,
29831168,2026-09-20T02:08,81073.680000,0.085000,0.000000,2026-09-20,,,,,
29831169,2026-09-20T02:09,81073.680000,0.085000,0.000000,2026-09-20,,,,,
29831170,2026-09-20T02:10,81073.680000,0.085000,0.000000,2026-09-20,,,,,
29831171,2026-09-20T02:11,81073.680000,0.085000,0.000000,2026-09-20,,,,,
29831172,2026-09-20T02:12,81073.680000,0.085000,0.000000,2026-09-20,,,,,
29831173,2026-09-20T02:13,81073.680000,0.085000,0.000000,2026-09-20,,,,,
29831174,2026-09-20T02:14,81073.680000,0.085000,0.000000,2026-09-20,,,,,
29831175,2026-09-20T02:15,81073.680000,0.085000,0.000000,2026-09-20,,,,,
29831176,2026-09-20T02:16,81073.680000,0.085000,0.000000,2026-09-20,,,,,
29831177,2026-09-20T02:17,81073.680000,0.085000,0.000000,2026-09-20,,,,,
29831178,2026-09-20T02:18,81073.680000,0.085000,0.000000,2026-09-20,,,,,
29831179,2026-09-20T02:19,81073.680000,0.085000,0.000000,2026-09-20,,,,,
29831180,2026-09-20T02:20,81073.680000,0.085000,0.000000,2026-09-20,,,,,
29831181,2026-09-20T02:21,81073.680000,0.078500,0.000000,2026-09-20,,,,,
29831182,2026-09-20T02:22,81073.680000,0.078500,0.000000,2026-09-20,,,,,
29831183,2026-09-20T02:23,81073.680000,0.078500,0.000000,2026-09-20,,,,,
29831184,2026-09-20T02:24,81073.680000,0.078500,0.000000,2026-09-20,,,,,
29831185,2026-09-20T02:25,81073.680000,0.078500,0.000000,2026-09-20,,,,,
29831186,2026-09-20T02:26,81073.680000,0.078500,0.000000,2026-09-20,,,,,
29831187,2026-09-20T02:27,81073.680000,0.078500,0.000000,2026-09-20,,,,,
29831188,2026-09-20T02:28,81073.680000,0.078500,0.000000,2026-09-20,,,,,
29831189,2026-09-20T02:29,81073.680000,0.078500,0.000000,2026-09-20,,,,,
29831190,2026-09-20T02:30,81073.680000,0.078500,0.000000,2026-09-20,,,,,
29831191,2026-09-20T02:31,81073.680000,0.078500,0.000000,2026-09-20,,,,,
29831192,2026-09-20T02:32,81073.680000,0.078500,0.000000,2026-09-20,,,,,
29831193,2026-09-20T02:33,81073.680000,0.078500,0.000000,2026-09-20,,,,,
29831194,2026-09-20T02:34,81073.680000,0.078500,0.000000,2026-09-20,,,,,
29831195,2026-09-20T02:35,81073.680000,0.078500,0.000000,2026-09-20,,,,,
29831196,2026-09-20T02:36,81073.680000,0.078500,0.000000,2026-09-20,,,,,
29831197,2026-09-20T02:37,81073.680000,0.078500,0.000000,2026-09-20,,,,,
29831198,2026-09-20T02:38,81073.680000,0.078500,0.000000,2026-09-20,,,,,
29831199,2026-09-20T02:39,81073.680000,0.078500,0.000000,2026-09-20,1.000000,0.000000,0.000000,80892.220000,80892.220000
29831200,2026-09-20T02:40,81073.680000,0.078500,-1.000000,2026-09-20,,,,,
29831201,2026-09-20T02:41,81073.680000,0.078500,0.000000,2026-09-20,,,,,
29831202,2026-09-20T02:42,81073.680000,0.078500,0.000000,2026-09-20,,,,,
29831203,2026-09-20T02:43,81073.680000,0.078500,0.000000,2026-09-20,,,,,
29831204,2026-09-20T02:44,81073.680000,0.078500,0.000000,2026-09-20,,,,,
29831205,2026-09-20T02:45,81073.680000,0.078500,0.000000,2026-09-20,,,,,
29831206,2026-09-20T02:46,81073.680000,0.078500,0.000000,2026-09-20,,,,,
29831207,2026-09-20T02:47,81073.680000,0.078500,0.000000,2026-09-20,,,,,
29831208,2026-09-20T02:48,81073.680000,0.078500,0.000000,2026-09-20,,,,,
29831209,2026-09-20T02:49,81073.680000,0.078500,0.000000,2026-09-20,,,,,
29831210,2026-09-20T02:50,81073.680000,0.078500,0.000000,2026-09-20,,,,,
29831211,2026-09-20T02:51,81073.680000,0.078500,0.000000,2026-09-20,,,,,
29831212,2026-09-20T02:52,81073.680000,0.078500,0.000000,2026-09-20,,,,,
29831213,2026-09-20T02:53,81073.680000,0.078500,0.000000,2026-09-20,,,,,
29831214,2026-09-20T02:54,81073.680000,0.078500,0.000000,2026-09-20,,,,,
29831215,2026-09-20T02:55,81073.680000,0.078500,0.000000,2026-09-20,,,,,
29831216,2026-09-20T02:56,81073.680000,0.078500,0.000000,2026-09-20,,,,,
29831217,2026-09-20T02:57,81073.680000,0.078500,0.000000,2026-09-20,,,,,
29831218,2026-09-20T02:58,81073.680000,0.078500,0.000000,2026-09-20,,,,,
29831219,2026-09-20T02:59,81073.680000,0.078500,0.000000,2026-09-20,,,,,
29831220,2026-09-20T03:00,81073.680000,0.078500,0.000000,2026-09-20,,,,,
29831221,2026-09-20T03:01,81073.680000,0.078500,0.000000,2026-09-20,,,,,
29831222,2026-09-20T03:02,81073.680000,0.078500,0.000000,2026-09-20,,,,,
29831223,2026-09-20T03:03,81073.680000,0.078500,0.000000,2026-09-20,,,,,
29831224,2026-09-20T03:04,81073.680000,0.078500,0.000000,2026-09-20,,,,,
29831225,2026-09-20T03:05,81073.680000,0.078500,0.000000,2026-09-20,,,,,
29831226,2026-09-20T03:06,81073.680000,0.078500,0.000000,2026-09-20,,,,,
29831227,2026-09-20T03:07,81073.680000,0.078500,0.000000,2026-09-20,,,,,
29831228,2026-09-20T03:08,81073.680000,0.078500,0.000000,2026-09-20,,,,,
29831229,2026-09-20T03:09,81073.680000,0.078500,0.000000,2026-09-20,,,,,
29831230,2026-09-20T03:10,81073.680000,0.078500,0.000000,2026-09-20,,,,,
29831231,2026-09-20T03:11,81073.680000,0.078500,0.000000,2026-09-20,,,,,
29831232,2026-09-20T03:12,81073.680000,0.078500,0.000000,2026-09-20,,,,,
29831233,2026-09-20T03:13,81073.680000,0.078500,0.000000,2026-09-20,,,,,
29831234,2026-09-20T03:14,81073.680000,0.078500,0.000000,2026-09-20,,,,,
29831235,2026-09-20T03:15,81073.680000,0.078500,0.000000,2026-09-20,,,,,
29831236,2026-09-20T03:16,81073.680000,0.078500,0.000000,2026-09-20,,,,,
29831237,2026-09-20T03:17,81073.680000,0.078500,0.000000,2026-09-20,,,,,
29831238,2026-09-20T03:18,81073.680000,0.078500,0.000000,2026-09-20,,,,,
29831239,2026-09-20T03:19,81073.680000,0.078500,0.000000,2026-09-20,,,,,
29831240,2026-09-20T03:20,81073.680000,0.078500,0.000000,2026-09-20,,,,,
29831241,2026-09-20T03:21,81073.680000,0.078500,0.000000,2026-09-20,,,,,
29831242,2026-09-20T03:22,81073.680000,0.078500,0.000000,2026-09-20,,,,,
29831243,2026-09-20T03:23,81073.680000,0.078500,0.000000,2026-09-20,,,,,
29831244,2026-09-20T03:24,81073.680000,0.078500,0.000000,2026-09-20,,,,,
29831245,2026-09-20T03:25,81073.680000,0.078500,0.000000,2026-09-20,,,,,
29831246,2026-09-20T03:26,81073.680000,0.078500,0.000000,2026-09-20,,,,,
29831247,2026-09-20T03:27,81073.680000,0.078500,0.000000,2026-09-20,,,,,
29831248,2026-09-20T03:28,81073.680000,0.078500,0.000000,2026-09-20,,,,,
29831249,2026-09-20T03:29,81073.680000,0.078500,0.000000,2026-09-20,,,,,
29831250,2026-09-20T03:30,81073.680000,0.078500,0.000000,2026-09-20,,,,,
29831251,2026-09-20T03:31,81073.680000,0.078500,0.000000,2026-09-20,,,,,
29831252,2026-09-20T03:32,81073.680000,0.078500,0.000000,2026-09-20,,,,,
29831253,2026-09-20T03:33,81073.680000,0.078500,0.000000,2026-09-20,,,,,
29831254,2026-09-20T03:34,81073.680000,0.078500,0.000000,2026-09-20,,,,,
29831255,2026-09-20T03:35,81073.680000,0.078500,0.000000,2026-09-20,,,,,
29831256,2026-09-20T03:36,81073.680000,0.078500,0.000000,2026-09-20,,,,,
29831257,2026-09-20T03:37,81073.680000,0.078500,0.000000,2026-09-20,,,,,
29831258,2026-09-20T03:38,81073.680000,0.078500,0.000000,2026-09-20,,,,,
29831259,2026-09-20T03:39,81073.680000,0.078500,0.000000,2026-09-20,,,,,
29831260,2026-09-20T03:40,81073.680000,0.078500,0.000000,2026-09-20,,,,,
29831261,2026-09-20T03:41,80330.110000,0.032600,0.000000,2026-09-20,249.000000,3.057335,0.818583,80330.000000,80290.010000
29831262,2026-09-20T03:42,80296.490000,0.100900,0.637166,2026-09-20,285.000000,6.569358,0.132089,80330.650000,80283.690000
29831263,2026-09-20T03:43,80297.900000,-0.360400,-0.735823,2026-09-20,205.000000,1.107458,0.837356,80304.310000,80273.070000
29831264,2026-09-20T03:44,80358.430000,-0.345300,0.674789,2026-09-20,241.000000,0.512262,0.315623,80365.860000,80297.900000
29831265,2026-09-20T03:45,80315.010000,-0.399900,-0.425188,2026-09-20,243.000000,0.901634,0.594602,80358.260000,80295.000000
29831266,2026-09-20T03:46,80319.450000,-0.290100,0.215486,2026-09-20,169.000000,0.139353,0.685074,80319.950000,80297.790000
29831267,2026-09-20T03:47,80371.710000,-0.008400,0.758848,2026-09-20,210.000000,0.668896,0.805072,80372.810000,80319.440000
29831268,2026-09-20T03:48,80426.300000,0.036300,0.699485,2026-09-20,243.000000,1.246254,0.435439,80429.990000,80371.330000
29831269,2026-09-20T03:49,80445.080000,-0.088000,-0.346352,2026-09-20,261.000000,1.133837,0.294290,80463.100000,80426.300000
29831270,2026-09-20T03:50,80459.680000,-0.135500,-0.345462,2026-09-20,198.000000,0.829195,0.322407,80466.090000,80445.330000
29831271,2026-09-20T03:51,80419.510000,-0.387200,-0.450343,2026-09-20,218.000000,0.790536,0.386104,80459.680000,80419.510000
29831272,2026-09-20T03:52,80411.140000,-0.486700,-0.227791,2026-09-20,181.000000,0.076890,0.016905,80419.520000,80411.130000
29831273,2026-09-20T03:53,80434.140000,-0.368100,-0.966189,2026-09-20,178.000000,0.384911,0.657054,80439.440000,80396.560000
29831274,2026-09-20T03:54,80476.920000,-0.463200,0.353911,2026-09-20,298.000000,3.219503,0.828013,80489.710000,80434.140000
29831275,2026-09-20T03:55,80451.010000,-0.135900,0.653940,2026-09-20,228.000000,0.810584,0.312538,80480.520000,80450.720000
29831276,2026-09-20T03:56,80440.090000,-0.330500,-0.374599,2026-09-20,240.000000,0.346820,0.423341,80451.010000,80438.570000
29831277,2026-09-20T03:57,80446.980000,-0.258600,-0.153958,2026-09-20,213.000000,0.489705,0.724039,80452.930000,80430.000000
29831278,2026-09-20T03:58,80472.010000,-0.499000,0.448080,2026-09-20,190.000000,0.619981,0.948718,80477.940000,80446.960000
29831279,2026-09-20T03:59,80459.330000,-0.282300,0.897354,2026-09-20,188.000000,0.120306,0.045471,80472.010000,80456.840000
29831280,2026-09-20T04:00,80458.240000,-0.483700,-0.907086,2026-09-20,254.000000,3.319078,0.760848,80477.940000,80454.580000
29831281,2026-09-20T04:01,80449.320000,0.153400,0.521835,2026-09-20,134.000000,0.233605,0.083102,80458.250000,80448.630000
29831282,2026-09-20T04:02,80416.430000,-0.391900,-0.839917,2026-09-20,224.000000,6.010276,0.024935,80449.800000,80382.330000
29831283,2026-09-20T04:03,80450.960000,-0.350900,-0.950229,2026-09-20,152.000000,0.583849,0.304564,80451.000000,80416.430000
29831284,2026-09-20T04:04,80479.270000,-0.345900,-0.390873,2026-09-20,171.000000,1.370359,0.796103,80491.020000,80449.750000
29831285,2026-09-20T04:05,80455.010000,-0.550200,0.592206,2026-09-20,125.000000,0.238822,0.026159,80491.020000,80455.010000
29831286,2026-09-20T04:06,80430.010000,-0.511600,-0.947683,2026-09-20,111.000000,0.126146,0.075915,80455.020000,80430.000000
29831287,2026-09-20T04:07,80427.140000,-0.606000,-0.848170,2026-09-20,98.000000,0.103506,0.650326,80430.000000,80419.500000
29831288,2026-09-20T04:08,80405.360000,-0.099800,0.300653,2026-09-20,150.000000,1.382749,0.093464,80427.140000,80398.270000
29831289,2026-09-20T04:09,80426.600000,0.101900,-0.813072,2026-09-20,245.000000,0.422770,0.301871,80429.160000,80400.400000
29831290,2026-09-20T04:10,80396.040000,-0.472800,-0.399823,2026-09-20,127.000000,0.246505,0.056896,80426.600000,80396.040000
29831291,2026-09-20T04:11,80384.270000,-0.084600,-0.887192,2026-09-20,102.000000,0.141453,0.023919,80396.040000,80367.000000
29831292,2026-09-20T04:12,80357.920000,-0.128600,-0.950634,2026-09-20,107.000000,0.126251,0.185016,80384.270000,80357.620000
29831293,2026-09-20T04:13,80380.210000,1.000000,-0.629968,2026-09-20,318.000000,1.559299,0.367103,80385.270000,80344.000000
29831294,2026-09-20T04:14,80397.830000,1.000000,-0.293055,2026-09-20,308.000000,0.247421,0.361767,80405.000000,80376.930000
29831295,2026-09-20T04:15,80430.010000,0.999900,-0.044134,2026-09-20,438.000000,0.212654,0.835178,80440.000000,80405.000000
29831296,2026-09-20T04:16,80472.270000,0.487400,0.670354,2026-09-20,346.000000,1.421141,0.944453,80474.310000,80435.410000
29831297,2026-09-20T04:17,80459.260000,-0.315700,0.889459,2026-09-20,320.000000,2.057958,0.716569,80500.000000,80451.420000
29831298,2026-09-20T04:18,80367.010000,-0.489800,0.431120,2026-09-20,202.000000,0.714527,0.050665,80459.250000,80367.000000
29831299,2026-09-20T04:19,80346.010000,-0.165800,-0.901245,2026-09-20,151.000000,0.140849,0.342450,80367.000000,80346.000000
29831300,2026-09-20T04:20,80326.330000,-0.453600,-0.210672,2026-09-20,324.000000,10.430535,0.957287,80384.010000,80326.330000
29831301,2026-09-20T04:21,80328.540000,0.390400,0.914045,2026-09-20,191.000000,1.515630,0.590129,80331.200000,80324.180000
29831302,2026-09-20T04:22,80304.430000,0.206000,0.182382,2026-09-20,104.000000,0.241224,0.014977,80328.530000,80304.000000
29831303,2026-09-20T04:23,80378.360000,0.999900,-0.970047,2026-09-20,465.000000,1.183571,0.560855,80378.370000,80304.000000
29831304,2026-09-20T04:24,80407.200000,0.575200,0.121710,2026-09-20,480.000000,0.293003,0.585055,80407.200000,80377.500000
29831305,2026-09-20T04:25,80431.200000,0.969200,0.172092,2026-09-20,427.000000,0.294383,0.489419,80431.200000,80407.190000
29831306,2026-09-20T04:26,80442.980000,0.100800,-0.023602,2026-09-20,319.000000,0.391916,0.662238,80442.980000,80431.190000
29831307,2026-09-20T04:27,80416.110000,0.008600,0.173197,2026-09-20,126.000000,0.614421,0.132600,80442.970000,80416.060000
29831308,2026-09-20T04:28,80390.260000,0.606800,-0.711033,2026-09-20,227.000000,8.870574,0.090596,80416.110000,80378.810000
29831309,2026-09-20T04:29,80398.390000,0.591300,-0.818808,2026-09-20,153.000000,0.439372,0.898420,80405.780000,80390.260000
29831310,2026-09-20T04:30,80399.200000,0.603600,0.796841,2026-09-20,153.000000,0.590349,0.473731,80407.900000,80399.090000
29831311,2026-09-20T04:31,80430.350000,-0.247700,-0.052539,2026-09-20,287.000000,0.392472,0.870333,80430.350000,80399.110000
29831312,2026-09-20T04:32,80407.200000,-0.173000,0.728263,2026-09-20,112.000000,0.159338,0.577186,80430.340000,80399.390000
29831313,2026-09-20T04:33,80409.640000,0.954000,0.174698,2026-09-20,91.000000,0.291752,0.805891,80409.640000,80405.580000
29831314,2026-09-20T04:34,80407.200000,0.018800,0.605694,2026-09-20,118.000000,0.269718,0.520910,80416.070000,80409.640000
29831315,2026-09-20T04:35,80375.540000,-0.626900,0.046342,2026-09-20,156.000000,1.255639,0.009471,80407.200000,80375.540000
29831316,2026-09-20T04:36,80406.710000,0.826800,-0.981057,2026-09-20,265.000000,0.719700,0.672798,80406.700000,80357.830000
29831317,2026-09-20T04:37,80430.260000,1.000000,0.291978,2026-09-20,320.000000,0.248338,0.337387,80430.260000,80406.700000
29831318,2026-09-20T04:38,80451.990000,0.994600,-0.232942,2026-09-20,544.000000,0.804384,0.411320,80451.990000,80423.030000
29831319,2026-09-20T04:39,80444.350000,0.038000,-0.174892,2026-09-20,257.000000,1.057586,0.227712,80455.000000,80430.000000
29831320,2026-09-20T04:40,80452.460000,0.019100,-0.547054,2026-09-20,169.000000,0.309664,0.275099,80455.300000,80444.340000
29831321,2026-09-20T04:41,80421.510000,0.310500,-0.450687,2026-09-20,119.000000,0.656804,0.735967,80437.910000,80417.110000
29831322,2026-09-20T04:42,80380.330000,-0.065800,0.473054,2026-09-20,178.000000,4.880814,0.017379,80421.510000,80367.750000
29831323,2026-09-20T04:43,80361.890000,0.339600,-0.965242,2026-09-20,149.000000,0.481714,0.681472,80380.340000,80356.510000
29831324,2026-09-20T04:44,80354.340000,-0.163800,0.362944,2026-09-20,170.000000,0.520916,0.463339,80368.620000,80353.610000
29831325,2026-09-20T04:45,80348.360000,0.034000,-0.074255,2026-09-20,168.000000,1.858532,0.431870,80357.620000,80340.710000
29831326,2026-09-20T04:46,80294.380000,-0.144300,-0.136015,2026-09-20,420.000000,11.632112,0.572225,80348.360000,80287.580000
29831327,2026-09-20T04:47,80351.960000,0.969500,0.144450,2026-09-20,352.000000,1.480881,0.445752,80351.960000,80282.820000
29831328,2026-09-20T04:48,80354.990000,0.145100,-0.108496,2026-09-20,295.000000,2.879230,0.523625,80354.990000,80317.330000
29831329,2026-09-20T04:49,80349.290000,0.947500,0.041731,2026-09-20,225.000000,0.773819,0.527010,80354.980000,80325.000000
29831330,2026-09-20T04:50,80350.420000,0.119900,0.075218,2026-09-20,561.000000,0.619848,0.456859,80383.000000,80348.870000
29831331,2026-09-20T04:51,80357.430000,-0.687000,-0.083187,2026-09-20,269.000000,2.672397,0.352910,80377.490000,80348.860000
29831332,2026-09-20T04:52,80395.540000,0.112800,-0.293995,2026-09-20,351.000000,1.470814,0.764078,80395.540000,80357.180000
29831333,2026-09-20T04:53,80392.180000,-0.935300,0.527463,2026-09-20,231.000000,0.530232,0.460611,80398.730000,80392.180000
29831334,2026-09-20T04:54,80404.450000,0.195900,-0.078777,2026-09-20,483.000000,2.844313,0.595002,80419.420000,80392.180000
29831335,2026-09-20T04:55,80403.650000,-0.095100,0.190040,2026-09-20,293.000000,1.235300,0.414785,80409.000000,80387.980000
29831336,2026-09-20T04:56,80427.010000,0.787600,-0.170537,2026-09-20,312.000000,1.150731,0.660870,80435.500000,80394.330000
29831337,2026-09-20T04:57,80432.360000,0.972800,0.368827,2026-09-20,273.000000,3.214146,0.155725,80432.360000,80384.470000
29831338,2026-09-20T04:58,80407.740000,-0.263400,-0.734591,2026-09-20,347.000000,5.127048,0.103480,80453.730000,80406.510000
29831339,2026-09-20T04:59,80395.950000,-0.007500,-0.793232,2026-09-20,197.000000,0.565867,0.829855,80406.520000,80388.030000
29831340,2026-09-20T05:00,80426.640000,0.396500,0.688159,2026-09-20,172.000000,0.554985,0.918379,80426.650000,80395.940000
29831341,2026-09-20T05:01,80403.790000,-0.474500,0.820017,2026-09-20,124.000000,0.483259,0.561280,80434.070000,80398.500000
29831342,2026-09-20T05:02,80412.240000,0.676700,-0.131384,2026-09-20,209.000000,1.344827,0.738009,80412.260000,80377.510000
29831343,2026-09-20T05:03,80430.980000,0.935600,0.649287,2026-09-20,274.000000,0.594703,0.627227,80430.980000,80395.150000
29831344,2026-09-20T05:04,80453.110000,0.913200,0.329094,2026-09-20,371.000000,0.597651,0.808264,80456.580000,80423.300000
29831345,2026-09-20T05:05,80451.140000,-0.037400,0.688525,2026-09-20,204.000000,0.849483,0.316847,80458.920000,80444.990000
29831346,2026-09-20T05:06,80444.990000,0.073800,-0.819599,2026-09-20,137.000000,0.524149,0.637492,80458.930000,80444.990000
29831347,2026-09-20T05:07,80471.430000,0.992600,0.483779,2026-09-20,363.000000,0.559262,0.688905,80471.440000,80451.320000
29831348,2026-09-20T05:08,80504.980000,0.488300,0.378060,2026-09-20,550.000000,3.358346,0.906078,80504.990000,80471.440000
29831349,2026-09-20T05:09,80479.290000,-0.374800,0.812144,2026-09-20,281.000000,0.513376,0.266395,80504.980000,80472.000000
29831350,2026-09-20T05:10,80503.070000,0.795000,-0.467250,2026-09-20,205.000000,0.716243,0.419568,80503.070000,80479.660000
29831351,2026-09-20T05:11,80582.210000,0.258300,-0.160821,2026-09-20,640.000000,4.606220,0.818697,80594.350000,80497.400000
29831352,2026-09-20T05:12,80590.490000,-0.856700,0.564492,2026-09-20,533.000000,8.362851,0.827335,80613.940000,80567.720000
29831353,2026-09-20T05:13,80572.100000,-0.659700,0.698368,2026-09-20,296.000000,0.717347,0.469716,80590.500000,80567.720000
29831354,2026-09-20T05:14,80561.460000,-0.717400,-0.064478,2026-09-20,272.000000,0.655187,0.294507,80574.990000,80561.460000
29831355,2026-09-20T05:15,80503.510000,-0.354700,-0.411410,2026-09-20,318.000000,2.429064,0.141788,80566.210000,80503.500000
29831356,2026-09-20T05:16,80464.990000,-0.595600,-0.716424,2026-09-20,305.000000,2.151421,0.466841,80503.510000,80440.500000
29831357,2026-09-20T05:17,80457.450000,-0.566400,-0.066318,2026-09-20,261.000000,0.710175,0.257698,80482.500000,80457.440000
29831358,2026-09-20T05:18,80507.760000,-0.063800,-0.343588,2026-09-20,421.000000,4.050630,0.794549,80518.570000,80451.000000
29831359,2026-09-20T05:19,80488.230000,-0.557700,0.595139,2026-09-20,245.000000,0.837661,0.322539,80507.770000,80483.730000
29831360,2026-09-20T05:20,80480.240000,-0.432700,-0.357099,2026-09-20,156.000000,0.341043,0.591212,80488.220000,80473.580000
29831361,2026-09-20T05:21,80519.260000,-0.420100,0.191716,2026-09-20,400.000000,3.686151,0.849234,80525.000000,80479.820000
29831362,2026-09-20T05:22,80480.300000,-0.417100,0.670144,2026-09-20,251.000000,1.366836,0.365697,80519.260000,80480.300000
29831363,2026-09-20T05:23,80456.610000,-0.522800,-0.233556,2026-09-20,182.000000,0.905947,0.391220,80480.300000,80454.820000
29831364,2026-09-20T05:24,80411.760000,-0.442600,-0.307080,2026-09-20,263.000000,2.954954,0.261464,80456.820000,80411.760000
29831365,2026-09-20T05:25,80435.120000,-0.285400,-0.455471,2026-09-20,401.000000,2.631031,0.082844,80475.390000,80419.500000
29831366,2026-09-20T05:26,80474.230000,-0.601600,-0.834312,2026-09-20,411.000000,4.000891,0.823860,80488.490000,80435.120000
29831367,2026-09-20T05:27,80500.110000,-0.537100,0.647774,2026-09-20,417.000000,0.977164,0.623786,80510.580000,80473.460000
29831368,2026-09-20T05:28,80502.680000,-0.401700,0.247107,2026-09-20,196.000000,1.153001,0.804029,80510.580000,80491.350000
29831369,2026-09-20T05:29,80515.240000,0.556100,0.608059,2026-09-20,181.000000,0.072901,0.638742,80515.240000,80501.350000
29831370,2026-09-20T05:30,80519.550000,0.445700,0.302178,2026-09-20,245.000000,3.870390,0.962455,80519.560000,80503.000000
29831371,2026-09-20T05:31,80532.980000,-0.196500,0.924861,2026-09-20,417.000000,0.331657,0.421477,80540.000000,80518.260000
29831372,2026-09-20T05:32,80590.240000,-0.288900,-0.157046,2026-09-20,577.000000,2.255138,0.613483,80594.990000,80532.970000
29831373,2026-09-20T05:33,80559.700000,-0.515600,0.226966,2026-09-20,375.000000,0.287573,0.349540,80590.250000,80547.140000
29831374,2026-09-20T05:34,80559.680000,-0.280000,-0.300919,2026-09-20,173.000000,0.619504,0.231321,80565.460000,80556.300000
29831375,2026-09-20T05:35,80514.010000,-0.521000,-0.538600,2026-09-20,184.000000,1.047502,0.146473,80559.690000,80514.250000
29831376,2026-09-20T05:36,80461.510000,-0.355800,-0.712397,2026-09-20,219.000000,1.772593,0.109671,80514.000000,80461.500000
29831377,2026-09-20T05:37,80438.770000,-0.362700,-0.776921,2026-09-20,244.000000,0.948729,0.475410,80461.510000,80419.510000
29831378,2026-09-20T05:38,80470.920000,-0.147800,0.049361,2026-09-20,402.000000,6.256914,0.735860,80486.940000,80419.500000
29831379,2026-09-20T05:39,80470.400000,-0.311600,0.463191,2026-09-20,318.000000,1.028471,0.169200,80500.490000,80470.400000
29831380,2026-09-20T05:40,80470.400000,-0.484100,-0.661600,2026-09-20,200.000000,0.436443,0.693546,80484.980000,80470.400000
29831381,2026-09-20T05:41,80476.920000,0.559200,0.387091,2026-09-20,185.000000,0.814552,0.362877,80476.920000,80456.610000
29831382,2026-09-20T05:42,80472.390000,0.293900,-0.274247,2026-09-20,104.000000,0.416442,0.006548,80476.920000,80469.980000
29831383,2026-09-20T05:43,80487.540000,0.990500,-0.986905,2026-09-20,216.000000,0.691272,0.498816,80490.260000,80460.000000
29831384,2026-09-20T05:44,80504.860000,-0.073300,0.000362,2026-09-20,386.000000,0.721838,0.077169,80504.870000,80490.260000
29831385,2026-09-20T05:45,80459.280000,-0.251400,-0.850432,2026-09-20,293.000000,3.750398,0.149481,80505.580000,80431.870000
29831386,2026-09-20T05:46,80495.490000,-0.172300,-0.701037,2026-09-20,257.000000,0.567901,0.882794,80495.490000,80445.740000
29831387,2026-09-20T05:47,80494.990000,0.358100,0.601048,2026-09-20,215.000000,1.580012,0.546204,80495.480000,80469.210000
29831388,2026-09-20T05:48,80490.070000,-0.511600,0.134308,2026-09-20,497.000000,1.589586,0.356960,80524.370000,80487.590000
29831389,2026-09-20T05:49,80499.450000,-0.600200,-0.286080,2026-09-20,155.000000,0.151088,0.684481,80499.450000,80482.500000
29831390,2026-09-20T05:50,80454.180000,-0.317900,0.368962,2026-09-20,218.000000,2.344790,0.020041,80511.490000,80459.660000
29831391,2026-09-20T05:51,80459.040000,-0.274200,-0.959918,2026-09-20,208.000000,4.148120,0.145040,80476.620000,80437.220000
29831392,2026-09-20T05:52,80449.460000,-0.475100,-0.708933,2026-09-20,180.000000,0.468941,0.785386,80469.990000,80442.640000
29831393,2026-09-20T05:53,80447.450000,-0.549700,0.568565,2026-09-20,135.000000,0.905101,0.922386,80456.480000,80447.440000
29831394,2026-09-20T05:54,80430.240000,-0.530700,0.845074,2026-09-20,153.000000,0.621029,0.116480,80458.260000,80430.230000
29831395,2026-09-20T05:55,80440.490000,-0.276200,-0.772087,2026-09-20,137.000000,0.269067,0.878772,80440.490000,80419.000000
29831396,2026-09-20T05:56,80454.820000,-0.214700,0.757545,2026-09-20,115.000000,0.363385,0.868572,80458.560000,80439.370000
29831397,2026-09-20T05:57,80489.240000,-0.119200,0.737677,2026-09-20,211.000000,0.263835,0.806614,80490.800000,80454.810000
29831398,2026-09-20T05:58,80483.360000,0.016000,0.612144,2026-09-20,209.000000,3.879500,0.075632,80489.060000,80454.660000
29831399,2026-09-20T05:59,80456.010000,-0.450100,-0.848735,2026-09-20,122.000000,0.357131,0.094455,80483.370000,80456.010000
29831400,2026-09-20T06:00,80466.290000,-0.258800,-0.791838,2026-09-20,189.000000,1.066376,0.664602,80469.650000,80450.670000
29831401,2026-09-20T06:01,80498.570000,0.843300,0.326666,2026-09-20,408.000000,2.157620,0.516388,80498.560000,80440.500000
29831402,2026-09-20T06:02,80472.010000,-0.645700,0.032820,2026-09-20,221.000000,0.631558,0.126797,80498.570000,80470.750000
29831403,2026-09-20T06:03,80423.080000,0.740000,-0.766853,2026-09-20,235.000000,3.053686,0.301708,80472.000000,80409.020000
29831404,2026-09-20T06:04,80397.490000,-0.422900,-0.385564,2026-09-20,219.000000,1.623181,0.304520,80436.070000,80394.750000
29831405,2026-09-20T06:05,80408.860000,-0.391900,-0.390489,2026-09-20,141.000000,0.311558,0.630700,80419.490000,80397.490000
29831406,2026-09-20T06:06,80468.460000,-0.510700,0.261397,2026-09-20,306.000000,3.376842,0.869091,80471.800000,80408.850000
29831407,2026-09-20T06:07,80409.010000,-0.247200,0.734075,2026-09-20,250.000000,1.414996,0.020611,80468.460000,80408.300000
29831408,2026-09-20T06:08,80405.980000,0.246900,-0.958543,2026-09-20,168.000000,0.448296,0.520559,80419.090000,80394.960000
29831409,2026-09-20T06:09,80467.430000,0.963900,0.097901,2026-09-20,282.000000,0.347784,0.783299,80468.470000,80405.980000
29831410,2026-09-20T06:10,80430.010000,-0.384500,0.528328,2026-09-20,237.000000,1.238766,0.216928,80468.460000,80440.500000
29831411,2026-09-20T06:11,80413.360000,0.022600,-0.566144,2026-09-20,227.000000,2.602667,0.346437,80430.010000,80389.800000
29831412,2026-09-20T06:12,80454.140000,0.732300,-0.307125,2026-09-20,210.000000,0.882655,0.834275,80455.610000,80409.150000
29831413,2026-09-20T06:13,80473.980000,0.016300,0.668550,2026-09-20,371.000000,1.211497,0.188738,80488.890000,80455.610000
29831414,2026-09-20T06:14,80485.230000,0.805700,-0.621735,2026-09-20,208.000000,0.444405,0.158953,80485.220000,80461.880000
29831415,2026-09-20T06:15,80509.990000,0.546700,-0.683507,2026-09-20,360.000000,0.351844,0.678912,80510.000000,80478.400000
29831416,2026-09-20T06:16,80566.490000,-0.552800,0.357198,2026-09-20,466.000000,1.547525,0.709409,80573.610000,80509.980000
29831417,2026-09-20T06:17,80476.550000,-0.095200,0.418797,2026-09-20,486.000000,8.086176,0.146396,80573.620000,80455.400000
29831418,2026-09-20T06:18,80461.080000,-0.322700,-0.707123,2026-09-20,215.000000,0.791458,0.194695,80480.560000,80458.350000
29831419,2026-09-20T06:19,80504.650000,-0.490100,-0.611403,2026-09-20,200.000000,0.795155,0.596855,80505.000000,80451.000000
29831420,2026-09-20T06:20,80468.490000,0.195800,0.232026,2026-09-20,194.000000,0.640384,0.461354,80504.660000,80465.390000
29831421,2026-09-20T06:21,80445.450000,-0.402800,-0.249427,2026-09-20,171.000000,1.701108,0.476530,80468.490000,80440.500000
29831422,2026-09-20T06:22,80449.170000,-0.326000,-0.046939,2026-09-20,236.000000,2.478121,0.322703,80464.340000,80421.800000
29831423,2026-09-20T06:23,80456.880000,-0.384700,-0.354595,2026-09-20,243.000000,1.249381,0.354722,80456.890000,80435.060000
29831424,2026-09-20T06:24,80470.040000,-0.342700,-0.290676,2026-09-20,169.000000,0.205137,0.621410,80472.790000,80456.870000
29831425,2026-09-20T06:25,80443.320000,-0.407000,0.243687,2026-09-20,119.000000,0.258122,0.485879,80470.040000,80440.500000
29831426,2026-09-20T06:26,80450.740000,-0.086200,-0.027989,2026-09-20,125.000000,0.596195,0.709703,80451.350000,80430.000000
29831427,2026-09-20T06:27,80471.580000,0.676100,0.419406,2026-09-20,173.000000,0.135183,0.673439,80471.590000,80450.730000
29831428,2026-09-20T06:28,80455.580000,-0.456300,0.346879,2026-09-20,102.000000,0.362533,0.027741,80471.590000,80455.570000
29831429,2026-09-20T06:29,80427.830000,-0.280600,-0.944518,2026-09-20,136.000000,0.627410,0.312216,80455.580000,80426.210000
29831430,2026-09-20T06:30,80408.660000,-0.296000,-0.399888,2026-09-20,173.000000,0.779947,0.269942,80435.260000,80403.550000
29831431,2026-09-20T06:31,80434.120000,-0.152800,-0.441923,2026-09-20,384.000000,5.651671,0.282201,80443.260000,80364.590000
29831432,2026-09-20T06:32,80449.070000,-0.465200,-0.435598,2026-09-20,217.000000,1.265578,0.090462,80454.780000,80434.120000
29831433,2026-09-20T06:33,80427.960000,-0.071500,-0.819077,2026-09-20,110.000000,0.205605,0.070004,80447.490000,80426.400000
29831434,2026-09-20T06:34,80422.080000,-0.307000,-0.859991,2026-09-20,127.000000,0.307242,0.705081,80427.960000,80420.610000
29831435,2026-09-20T06:35,80415.510000,-0.556300,0.410160,2026-09-20,155.000000,0.545526,0.609098,80422.070000,80398.490000
29831436,2026-09-20T06:36,80432.990000,-0.467700,0.218197,2026-09-20,167.000000,1.301913,0.919304,80436.540000,80400.060000
29831437,2026-09-20T06:37,80407.360000,-0.481100,0.838607,2026-09-20,153.000000,0.481539,0.117627,80433.000000,80405.300000
29831438,2026-09-20T06:38,80369.010000,-0.277200,-0.764746,2026-09-20,168.000000,0.814719,0.544925,80407.360000,80369.010000
29831439,2026-09-20T06:39,80358.200000,-0.198400,0.110322,2026-09-20,135.000000,0.809300,0.053391,80372.480000,80358.190000
29831440,2026-09-20T06:40,80353.330000,-0.027200,-0.929898,2026-09-20,137.000000,0.863401,0.586752,80358.200000,80350.000000
29831441,2026-09-20T06:41,80351.610000,-0.441400,0.153794,2026-09-20,105.000000,0.317152,0.149309,80355.630000,80350.660000
29831442,2026-09-20T06:42,80245.950000,0.201300,-0.689353,2026-09-20,403.000000,10.296446,0.079649,80350.670000,80232.800000
29831443,2026-09-20T06:43,80289.490000,-0.283100,-0.826662,2026-09-20,360.000000,4.611976,0.795092,80310.000000,80237.910000
29831444,2026-09-20T06:44,80345.770000,-0.028700,0.583028,2026-09-20,226.000000,1.143373,0.837735,80345.780000,80302.950000
29831445,2026-09-20T06:45,80283.010000,-0.067000,0.675470,2026-09-20,253.000000,0.875274,0.384708,80356.490000,80283.000000
29831446,2026-09-20T06:46,80364.150000,0.895500,-0.230584,2026-09-20,345.000000,3.660440,0.402143,80364.150000,80283.000000
29831447,2026-09-20T06:47,80391.100000,-0.025600,-0.195695,2026-09-20,324.000000,2.127721,0.239809,80391.200000,80361.560000
29831448,2026-09-20T06:48,80403.790000,-0.058300,-0.536057,2026-09-20,277.000000,0.989968,0.529287,80411.500000,80381.070000
29831449,2026-09-20T06:49,80365.210000,-0.435200,0.141221,2026-09-20,181.000000,0.452048,0.316125,80405.830000,80365.200000
29831450,2026-09-20T06:50,80383.890000,-0.681700,-0.367749,2026-09-20,110.000000,0.509527,0.782322,80383.890000,80356.500000
29831451,2026-09-20T06:51,80356.510000,-0.552100,0.564644,2026-09-20,114.000000,0.175913,0.098119,80383.880000,80356.500000
29831452,2026-09-20T06:52,80348.080000,-0.580900,-0.803762,2026-09-20,128.000000,0.434131,0.572091,80357.050000,80348.070000
29831453,2026-09-20T06:53,80326.610000,-0.159800,0.144182,2026-09-20,153.000000,0.199142,0.447585,80348.070000,80325.020000
29831454,2026-09-20T06:54,80261.920000,-0.327000,0.147113,2026-09-20,336.000000,7.082360,0.311820,80333.140000,80254.600000
29831455,2026-09-20T06:55,80190.580000,-0.391000,-0.387972,2026-09-20,442.000000,12.111300,0.147836,80262.060000,80178.850000
29831456,2026-09-20T06:56,80228.150000,-0.184100,-0.704435,2026-09-20,333.000000,1.660488,0.454147,80240.990000,80190.580000
29831457,2026-09-20T06:57,80288.930000,0.844900,-0.095303,2026-09-20,308.000000,1.362693,0.855723,80288.930000,80228.150000
29831458,2026-09-20T06:58,80303.990000,0.456400,0.711794,2026-09-20,178.000000,0.732881,0.369081,80304.000000,80282.060000
29831459,2026-09-20T06:59,80272.510000,-0.049900,-0.263765,2026-09-20,141.000000,0.601794,0.086382,80308.410000,80272.500000
29831460,2026-09-20T07:00,80294.990000,-0.338400,-0.827248,2026-09-20,105.000000,0.123248,0.686291,80294.990000,80272.500000
29831461,2026-09-20T07:01,80306.290000,0.450400,0.399036,2026-09-20,114.000000,0.233068,0.148024,80309.990000,80294.980000
29831462,2026-09-20T07:02,80321.260000,0.012500,-0.743789,2026-09-20,255.000000,0.902245,0.216460,80321.250000,80298.910000
29831463,2026-09-20T07:03,80307.710000,-0.170700,-0.567465,2026-09-20,134.000000,0.278552,0.062548,80321.250000,80307.420000
29831464,2026-09-20T07:04,80265.010000,-0.537700,-0.874541,2026-09-20,141.000000,0.705038,0.112780,80307.720000,80272.480000
29831465,2026-09-20T07:05,80275.490000,0.254700,-0.774741,2026-09-20,227.000000,1.689985,0.202160,80277.080000,80262.300000
29831466,2026-09-20T07:06,80263.670000,-0.339000,-0.457412,2026-09-20,271.000000,1.090877,0.303049,80307.760000,80262.980000
29831467,2026-09-20T07:07,80301.320000,0.974200,-0.633457,2026-09-20,209.000000,0.779080,0.660581,80305.000000,80256.390000
29831468,2026-09-20T07:08,80324.880000,0.999300,0.321161,2026-09-20,236.000000,0.743323,0.531699,80324.880000,80306.450000
29831469,2026-09-20T07:09,80296.610000,-0.402700,0.063399,2026-09-20,379.000000,2.637917,0.329254,80337.530000,80296.600000
29831470,2026-09-20T07:10,80320.540000,0.653100,-0.319248,2026-09-20,149.000000,0.399782,0.459900,80320.530000,80285.800000
29831471,2026-09-20T07:11,80286.540000,-0.287900,-0.509189,2026-09-20,181.000000,0.959265,0.254026,80323.630000,80286.550000
29831472,2026-09-20T07:12,80307.120000,-0.525500,-0.346863,2026-09-20,180.000000,0.755945,0.474877,80310.530000,80282.360000
29831473,2026-09-20T07:13,80319.920000,0.485900,-0.128390,2026-09-20,148.000000,0.322743,0.206063,80319.940000,80305.470000
29831474,2026-09-20T07:14,80317.100000,-0.557200,-0.478875,2026-09-20,426.000000,1.919326,0.692266,80341.490000,80317.060000
29831475,2026-09-20T07:15,80300.200000,-0.167000,0.335983,2026-09-20,202.000000,2.011930,0.775785,80312.970000,80278.070000
29831476,2026-09-20T07:16,80300.200000,-0.382700,0.607291,2026-09-20,135.000000,0.300734,0.373323,80305.030000,80300.180000
29831477,2026-09-20T07:17,80292.670000,-0.480300,-0.254738,2026-09-20,189.000000,1.048423,0.443385,80300.190000,80272.460000
29831478,2026-09-20T07:18,80305.350000,0.402700,-0.112757,2026-09-20,147.000000,0.181706,0.275471,80308.210000,80292.660000
29831479,2026-09-20T07:19,80283.010000,-0.055800,-0.449057,2026-09-20,133.000000,0.577504,0.105558,80305.350000,80283.000000
29831480,2026-09-20T07:20,80283.010000,0.641100,-0.788975,2026-09-20,79.000000,0.038458,0.030075,80283.010000,80283.000000
29831481,2026-09-20T07:21,80263.650000,0.059400,-0.939453,2026-09-20,131.000000,0.581577,0.111849,80283.010000,80259.600000
29831482,2026-09-20T07:22,80296.480000,0.965900,-0.778837,2026-09-20,280.000000,1.513780,0.870316,80296.480000,80254.830000
29831483,2026-09-20T07:23,80306.460000,-0.824400,0.748330,2026-09-20,271.000000,0.171839,0.158732,80314.500000,80296.470000
29831484,2026-09-20T07:24,80355.920000,0.466800,-0.682536,2026-09-20,496.000000,0.142638,0.509940,80358.660000,80306.460000
29831485,2026-09-20T07:25,80370.900000,-0.342500,0.019257,2026-09-20,477.000000,4.397752,0.656220,80400.000000,80352.140000
29831486,2026-09-20T07:26,80354.570000,-0.884900,0.312466,2026-09-20,290.000000,0.417520,0.385634,80370.900000,80346.000000
29831487,2026-09-20T07:27,80362.330000,-0.165400,-0.228731,2026-09-20,190.000000,0.414793,0.676716,80362.320000,80354.560000
29831488,2026-09-20T07:28,80368.420000,-0.285900,0.353433,2026-09-20,173.000000,0.747658,0.672964,80368.440000,80350.860000
29831489,2026-09-20T07:29,80364.770000,-0.311100,0.345929,2026-09-20,97.000000,0.118528,0.276393,80375.290000,80363.430000
29831490,2026-09-20T07:30,80363.110000,0.172100,-0.447394,2026-09-20,131.000000,0.282289,0.369069,80365.950000,80356.860000
29831491,2026-09-20T07:31,80343.390000,-0.360400,-0.261760,2026-09-20,133.000000,0.229849,0.141625,80363.110000,80343.380000
29831492,2026-09-20T07:32,80359.850000,0.421300,-0.716680,2026-09-20,169.000000,0.297088,0.548344,80359.850000,80323.120000
29831493,2026-09-20T07:33,80349.140000,-0.559300,0.097204,2026-09-20,99.000000,0.226342,0.838990,80364.270000,80349.140000
29831494,2026-09-20T07:34,80331.580000,-0.375600,0.677725,2026-09-20,113.000000,0.233209,0.739419,80349.150000,80331.580000
29831495,2026-09-20T07:35,80314.510000,-0.642300,0.504271,2026-09-20,104.000000,0.286138,0.098068,80331.590000,80314.500000
29831496,2026-09-20T07:36,80307.480000,-0.180600,-0.896330,2026-09-20,107.000000,0.321021,0.723483,80314.510000,80304.000000
29831497,2026-09-20T07:37,80304.680000,0.179900,0.632917,2026-09-20,119.000000,0.167228,0.833575,80308.560000,80304.680000
29831498,2026-09-20T07:38,80279.900000,-0.586400,0.665443,2026-09-20,169.000000,1.500734,0.068083,80304.680000,80262.000000
29831499,2026-09-20T07:39,80302.330000,-0.389000,-0.863862,2026-09-20,188.000000,1.608200,0.939269,80302.320000,80279.900000
29831500,2026-09-20T07:40,80285.010000,-0.361000,0.878896,2026-09-20,133.000000,0.196672,0.149408,80302.330000,80285.000000
29831501,2026-09-20T07:41,80299.820000,0.100700,-0.702147,2026-09-20,187.000000,0.479745,0.965098,80306.260000,80285.000000
29831502,2026-09-20T07:42,80299.820000,0.362500,0.931226,2026-09-20,111.000000,0.288548,0.093541,80299.820000,80289.830000
29831503,2026-09-20T07:43,80306.010000,0.999700,-0.812764,2026-09-20,105.000000,1.087947,0.991284,80306.000000,80299.810000
29831504,2026-09-20T07:44,80310.730000,-0.196900,0.982568,2026-09-20,274.000000,0.300733,0.251605,80322.400000,80306.000000
29831505,2026-09-20T07:45,80296.080000,-0.494900,-0.496789,2026-09-20,165.000000,0.274840,0.192550,80301.300000,80285.000000
29831506,2026-09-20T07:46,80315.010000,-0.810700,-0.614900,2026-09-20,293.000000,0.874679,0.690493,80331.590000,80296.080000
29831507,2026-09-20T07:47,80308.010000,-0.213800,0.380132,2026-09-20,201.000000,1.963055,0.829199,80315.020000,80304.000000
29831508,2026-09-20T07:48,80308.010000,-0.070500,0.658856,2026-09-20,72.000000,0.064576,0.078465,80308.010000,80308.000000
29831509,2026-09-20T07:49,80308.010000,-0.434600,-0.843743,2026-09-20,75.000000,0.281744,0.065022,80308.010000,80308.000000
29831510,2026-09-20T07:50,80308.010000,-0.296600,-0.869861,2026-09-20,98.000000,0.410271,0.276958,80308.010000,80300.000000
29831511,2026-09-20T07:51,80329.210000,-0.299400,-0.445984,2026-09-20,561.000000,0.361983,0.489515,80356.070000,80308.000000
29831512,2026-09-20T07:52,80313.320000,-0.122800,-0.020970,2026-09-20,262.000000,0.138154,0.411381,80329.220000,80313.310000
29831513,2026-09-20T07:53,80294.240000,0.037600,-0.167259,2026-09-20,143.000000,0.654870,0.065692,80316.190000,80294.240000
29831514,2026-09-20T07:54,80299.990000,0.014000,-0.871993,2026-09-20,96.000000,0.129558,0.933333,80299.990000,80294.250000
29831515,2026-09-20T07:55,80316.180000,0.451600,0.866664,2026-09-20,185.000000,0.287485,0.961269,80316.190000,80299.990000
29831516,2026-09-20T07:56,80316.980000,0.418300,0.922539,2026-09-20,70.000000,0.030795,0.914848,80316.980000,80316.190000
29831517,2026-09-20T07:57,80308.040000,-0.382100,0.820821,2026-09-20,187.000000,0.739567,0.359269,80320.580000,80296.260000
29831518,2026-09-20T07:58,80303.290000,-0.235500,-0.281316,2026-09-20,236.000000,4.024274,0.193898,80329.190000,80282.040000
29831519,2026-09-20T07:59,80284.570000,-0.411100,-0.612205,2026-09-20,124.000000,0.739082,0.377300,80303.290000,80279.890000
29831520,2026-09-20T08:00,80295.260000,0.812500,-0.245400,2026-09-20,254.000000,2.638818,0.492262,80299.480000,80276.360000
29831521,2026-09-20T08:01,80377.510000,-0.201300,-0.005892,2026-09-20,771.000000,4.002631,0.686334,80415.370000,80299.480000
29831522,2026-09-20T08:02,80370.010000,-0.313000,0.368702,2026-09-20,323.000000,1.570236,0.111980,80414.990000,80370.000000
29831523,2026-09-20T08:03,80412.400000,0.340700,-0.743407,2026-09-20,217.000000,0.668878,0.878624,80412.400000,80370.000000
29831524,2026-09-20T08:04,80421.490000,-0.129400,0.746091,2026-09-20,227.000000,1.310443,0.118988,80429.010000,80412.400000
29831525,2026-09-20T08:05,80393.170000,-0.624400,-0.773706,2026-09-20,212.000000,0.610824,0.621007,80421.490000,80393.160000
29831526,2026-09-20T08:06,80372.200000,-0.583100,0.050998,2026-09-20,170.000000,0.944259,0.281233,80393.170000,80372.190000
29831527,2026-09-20T08:07,80388.580000,0.608800,-0.306276,2026-09-20,97.000000,0.857469,0.992902,80388.570000,80372.190000
29831528,2026-09-20T08:08,80356.510000,-0.406700,0.985805,2026-09-20,124.000000,1.275314,0.014523,80388.580000,80356.500000
29831529,2026-09-20T08:09,80403.040000,0.010200,-0.970954,2026-09-20,309.000000,6.369822,0.946728,80413.340000,80350.000000
29831530,2026-09-20T08:10,80415.290000,-0.090300,0.893476,2026-09-20,272.000000,0.486869,0.406735,80424.950000,80403.030000
29831531,2026-09-20T08:11,80406.640000,-0.148200,-0.189539,2026-09-20,121.000000,0.139304,0.375139,80416.020000,80405.200000
29831532,2026-09-20T08:12,80393.710000,0.173200,-0.249723,2026-09-20,147.000000,1.901163,0.081959,80406.640000,80388.000000
29831533,2026-09-20T08:13,80396.240000,0.355400,-0.836082,2026-09-20,125.000000,0.173308,0.282039,80403.150000,80393.710000
29831534,2026-09-20T08:14,80388.210000,0.582100,-0.415788,2026-09-20,104.000000,0.212350,0.171590,80401.610000,80388.200000
29831535,2026-09-20T08:15,80393.860000,-0.226800,-0.676275,2026-09-20,88.000000,0.028000,0.831927,80396.900000,80388.200000
29831536,2026-09-20T08:16,80368.360000,-0.531400,0.663855,2026-09-20,148.000000,0.803757,0.307976,80393.860000,80364.760000
29831537,2026-09-20T08:17,80399.140000,0.161800,-0.334645,2026-09-20,318.000000,7.958677,0.875583,80408.980000,80357.870000
29831538,2026-09-20T08:18,80381.580000,-0.395200,0.750259,2026-09-20,266.000000,2.070421,0.131508,80399.140000,80379.220000
29831539,2026-09-20T08:19,80392.580000,0.362900,-0.724415,2026-09-20,132.000000,1.392682,0.944510,80392.570000,80379.160000
29831540,2026-09-20T08:20,80367.010000,-0.100800,0.765042,2026-09-20,209.000000,2.045935,0.095909,80392.610000,80367.000000
29831541,2026-09-20T08:21,80367.010000,-0.589200,-0.728107,2026-09-20,140.000000,0.353401,0.662652,80375.520000,80367.000000
29831542,2026-09-20T08:22,80361.620000,-0.665300,0.128674,2026-09-20,241.000000,0.454736,0.293253,80367.020000,80350.100000
29831543,2026-09-20T08:23,80351.120000,-0.479300,-0.413494,2026-09-20,169.000000,0.595208,0.026338,80361.630000,80351.120000
29831544,2026-09-20T08:24,80361.040000,-0.296100,-0.949881,2026-09-20,130.000000,1.194642,0.905450,80365.210000,80351.120000
29831545,2026-09-20T08:25,80369.990000,-0.555600,0.858130,2026-09-20,221.000000,2.966393,0.524434,80375.550000,80351.480000
29831546,2026-09-20T08:26,80346.040000,-0.731200,0.048863,2026-09-20,157.000000,0.529905,0.064968,80369.990000,80345.290000
29831547,2026-09-20T08:27,80346.020000,-0.979300,-0.870060,2026-09-20,79.000000,0.261043,0.118120,80350.500000,80346.020000
29831548,2026-09-20T08:28,80345.610000,-0.019500,-0.763760,2026-09-20,171.000000,0.408979,0.191653,80347.960000,80344.950000
29831549,2026-09-20T08:29,80345.610000,-0.709900,-0.616695,2026-09-20,73.000000,0.410371,0.005926,80345.610000,80345.600000
29831550,2026-09-20T08:30,80345.610000,0.367300,-0.988150,2026-09-20,173.000000,1.930309,0.007664,80345.610000,80335.530000
29831551,2026-09-20T08:31,80337.700000,-0.357700,-0.984342,2026-09-20,162.000000,0.874663,0.056701,80345.610000,80336.210000
29831552,2026-09-20T08:32,80347.520000,0.881400,-0.896717,2026-09-20,100.000000,0.502796,0.397865,80347.520000,80337.690000
29831553,2026-09-20T08:33,80356.210000,-0.410600,-0.050355,2026-09-20,360.000000,5.982019,0.280137,80384.990000,80347.520000
29831554,2026-09-20T08:34,80340.540000,-0.557500,-0.439725,2026-09-20,208.000000,0.366314,0.345027,80356.220000,80337.690000
29831555,2026-09-20T08:35,80331.040000,0.164400,-0.438517,2026-09-20,225.000000,3.327317,0.579083,80340.540000,80323.330000
29831556,2026-09-20T08:36,80341.670000,0.400400,0.188105,2026-09-20,170.000000,1.787903,0.779204,80352.540000,80331.040000
29831557,2026-09-20T08:37,80326.990000,-0.395200,0.558249,2026-09-20,126.000000,2.195841,0.017878,80343.130000,80325.450000
29831558,2026-09-20T08:38,80314.510000,-0.643600,-0.964240,2026-09-20,87.000000,0.071191,0.093049,80326.990000,80314.500000
29831559,2026-09-20T08:39,80305.230000,-0.767500,-0.813902,2026-09-20,111.000000,0.129425,0.252242,80314.510000,80304.900000
29831560,2026-09-20T08:40,80293.460000,-0.519300,-0.495516,2026-09-20,169.000000,1.259654,0.078037,80305.200000,80288.960000
29831561,2026-09-20T08:41,80295.640000,-0.061100,-0.843926,2026-09-20,144.000000,2.969338,0.820778,80295.640000,80286.710000
29831562,2026-09-20T08:42,80241.360000,-0.039800,0.641558,2026-09-20,225.000000,4.800872,0.290179,80295.640000,80241.360000
29831563,2026-09-20T08:43,80212.120000,-0.259300,-0.399086,2026-09-20,303.000000,3.185367,0.229373,80245.160000,80208.240000
29831564,2026-09-20T08:44,80227.680000,-0.616800,-0.594750,2026-09-20,222.000000,3.632766,0.263977,80236.340000,80210.110000
29831565,2026-09-20T08:45,80253.180000,0.771300,-0.480932,2026-09-20,260.000000,4.272372,0.513098,80253.180000,80222.160000
29831566,2026-09-20T08:46,80223.670000,-0.502400,0.041355,2026-09-20,192.000000,2.496477,0.110382,80253.190000,80223.670000
29831567,2026-09-20T08:47,80208.920000,-0.459500,-0.779236,2026-09-20,243.000000,4.128451,0.073523,80230.510000,80199.880000
29831568,2026-09-20T08:48,80181.900000,-0.240000,-0.852954,2026-09-20,150.000000,4.437245,0.022954,80208.920000,80178.270000
29831569,2026-09-20T08:49,80214.320000,0.894500,-0.946984,2026-09-20,242.000000,4.093094,0.490731,80214.320000,80181.900000
29831570,2026-09-20T08:50,80161.020000,-0.486700,-0.022580,2026-09-20,167.000000,2.818126,0.131902,80214.320000,80158.430000
29831571,2026-09-20T08:51,80156.990000,-0.463200,-0.736103,2026-09-20,358.000000,8.866940,0.045431,80171.150000,80119.200000
29831572,2026-09-20T08:52,80242.450000,0.037000,-0.909341,2026-09-20,502.000000,10.383616,0.871963,80252.960000,80139.640000
29831573,2026-09-20T08:53,80203.890000,-0.568700,0.723815,2026-09-20,262.000000,2.783886,0.049062,80242.440000,80199.620000
29831574,2026-09-20T08:54,80224.140000,0.375200,-0.896783,2026-09-20,226.000000,1.852803,0.999816,80224.150000,80203.880000
29831575,2026-09-20T08:55,80236.260000,-0.154800,0.999632,2026-09-20,209.000000,1.539286,0.035062,80241.000000,80224.140000
29831576,2026-09-20T08:56,80217.610000,-0.733600,-0.929875,2026-09-20,118.000000,0.865775,0.036494,80236.260000,80217.610000
29831577,2026-09-20T08:57,80209.600000,-0.382200,-0.927011,2026-09-20,127.000000,1.229588,0.106619,80217.620000,80205.570000
29831578,2026-09-20T08:58,80209.600000,-0.265100,-0.786762,2026-09-20,71.000000,0.077124,0.838012,80209.600000,80209.590000
29831579,2026-09-20T08:59,80228.210000,-0.441000,0.676025,2026-09-20,221.000000,3.779219,0.500286,80233.930000,80209.590000
29831580,2026-09-20T09:00,80221.010000,-0.400900,-0.007414,2026-09-20,115.000000,0.331559,0.249255,80228.200000,80220.990000
29831581,2026-09-20T09:01,80229.990000,0.711000,-0.466781,2026-09-20,116.000000,2.078793,0.819685,80229.990000,80221.000000
29831582,2026-09-20T09:02,80255.200000,0.967000,0.645887,2026-09-20,347.000000,0.814233,0.394476,80256.500000,80229.990000
29831583,2026-09-20T09:03,80252.790000,-0.203100,-0.211119,2026-09-20,143.000000,2.213223,0.052648,80255.200000,80239.150000
29831584,2026-09-20T09:04,80266.010000,0.955200,-0.894701,2026-09-20,253.000000,2.355468,0.794581,80266.010000,80252.780000
29831585,2026-09-20T09:05,80258.400000,-0.450200,0.589162,2026-09-20,149.000000,2.381265,0.046042,80266.010000,80255.720000
29831586,2026-09-20T09:06,80268.980000,0.971700,-0.907916,2026-09-20,158.000000,1.993009,0.917075,80269.540000,80258.400000
29831587,2026-09-20T09:07,80241.010000,-0.506300,0.834151,2026-09-20,345.000000,4.755918,0.339300,80289.410000,80241.010000
29831588,2026-09-20T09:08,80235.260000,-0.798900,-0.321399,2026-09-20,138.000000,0.672201,0.399270,80241.020000,80235.250000
29831589,2026-09-20T09:09,80235.260000,-0.486900,-0.325894,2026-09-20,170.000000,2.354760,0.808735,80235.260000,80229.990000
29831590,2026-09-20T09:10,80251.200000,0.046500,0.707230,2026-09-20,102.000000,1.075834,0.141027,80251.490000,80235.250000
29831591,2026-09-20T09:11,80241.480000,-0.676300,-0.717873,2026-09-20,101.000000,1.246201,0.045080,80251.190000,80241.470000
29831592,2026-09-20T09:12,80259.580000,0.364200,-0.909840,2026-09-20,146.000000,2.220528,0.842596,80271.710000,80241.470000
29831593,2026-09-20T09:13,80250.430000,-0.738600,0.685427,2026-09-20,90.000000,1.861324,0.004495,80259.580000,80250.430000
29831594,2026-09-20T09:14,80230.760000,-0.569300,-0.992687,2026-09-20,116.000000,0.998471,0.005197,80250.440000,80223.840000
29831595,2026-09-20T09:15,80230.330000,-0.259900,-0.989360,2026-09-20,142.000000,2.367993,0.781118,80230.770000,80219.990000
29831596,2026-09-20T09:16,80250.420000,-0.580000,0.562214,2026-09-20,125.000000,0.848701,0.209999,80250.440000,80228.700000
29831597,2026-09-20T09:17,80244.990000,-0.125700,-0.611168,2026-09-20,87.000000,1.093239,0.044624,80250.420000,80244.990000
29831598,2026-09-20T09:18,80247.990000,-0.454400,-0.904829,2026-09-20,99.000000,1.201507,0.091620,80247.980000,80241.290000
29831599,2026-09-20T09:19,80267.570000,0.488400,-0.816760,2026-09-20,121.000000,1.851154,0.991118,80269.930000,80247.980000
29831600,2026-09-20T09:20,80267.570000,0.366000,0.980729,2026-09-20,72.000000,1.222317,0.001078,80267.570000,80267.560000
29831601,2026-09-20T09:21,80322.860000,0.769600,-0.997841,2026-09-20,246.000000,0.759435,0.556516,80324.990000,80267.560000
29831602,2026-09-20T09:22,80336.830000,-0.292300,0.144641,2026-09-20,150.000000,1.374426,0.156714,80340.920000,80324.990000
29831603,2026-09-20T09:23,80339.990000,0.404800,-0.721729,2026-09-20,131.000000,3.020819,0.621948,80340.000000,80328.110000
29831604,2026-09-20T09:24,80322.860000,-0.268400,0.243896,2026-09-20,104.000000,1.935550,0.009258,80340.000000,80322.860000
29831605,2026-09-20T09:25,80335.330000,0.714600,-0.981484,2026-09-20,141.000000,2.289205,0.885909,80340.000000,80320.360000
29831606,2026-09-20T09:26,80364.460000,0.684400,0.771818,2026-09-20,144.000000,0.863377,0.092627,80364.470000,80335.320000
29831607,2026-09-20T09:27,80364.460000,0.097900,-0.814746,2026-09-20,70.000000,0.022322,0.168727,80364.470000,80364.460000
29831608,2026-09-20T09:28,80360.540000,-0.429100,-0.662547,2026-09-20,60.000000,1.758572,0.000446,80364.460000,80360.540000
29831609,2026-09-20T09:29,80345.710000,-0.683900,-0.999109,2026-09-20,102.000000,0.393847,0.162730,80360.550000,80345.700000
29831610,2026-09-20T09:30,80359.230000,0.587200,-0.674605,2026-09-20,135.000000,2.264119,0.907701,80363.940000,80345.700000
29831611,2026-09-20T09:31,80363.950000,0.072700,0.815465,2026-09-20,83.000000,1.185161,0.106863,80363.950000,80359.220000
29831612,2026-09-20T09:32,80384.640000,0.545100,-0.786433,2026-09-20,133.000000,0.302606,0.581629,80388.000000,80363.940000
29831613,2026-09-20T09:33,80400.140000,-0.334400,0.165283,2026-09-20,92.000000,0.112189,0.993920,80400.140000,80384.640000
29831614,2026-09-20T09:34,80467.810000,0.065000,0.994269,2026-09-20,232.000000,1.956083,0.712767,80469.990000,80400.130000
29831615,2026-09-20T09:35,80469.360000,0.060800,0.425533,2026-09-20,141.000000,0.480415,0.249903,80477.680000,80463.580000
29831616,2026-09-20T09:36,80474.490000,-0.086900,-0.500325,2026-09-20,138.000000,2.271122,0.055147,80474.490000,80451.000000
29831617,2026-09-20T09:37,80482.490000,0.245100,-0.889700,2026-09-20,146.000000,2.429779,0.732778,80484.100000,80474.490000
29831618,2026-09-20T09:38,80493.010000,-0.074800,0.465556,2026-09-20,143.000000,1.152551,0.945208,80500.000000,80485.080000
29831619,2026-09-20T09:39,80519.360000,-0.120400,0.890416,2026-09-20,121.000000,1.638858,0.953763,80519.370000,80493.000000
29831620,2026-09-20T09:40,80492.960000,0.133200,0.907527,2026-09-20,173.000000,1.733743,0.095112,80519.360000,80482.500000
29831621,2026-09-20T09:41,80541.450000,-0.637700,-0.809776,2026-09-20,157.000000,0.752567,0.816160,80541.450000,80493.660000
29831622,2026-09-20T09:42,80541.450000,0.366600,0.632319,2026-09-20,96.000000,0.194221,0.072055,80541.450000,80531.180000
29831623,2026-09-20T09:43,80491.790000,-0.075800,-0.846499,2026-09-20,287.000000,7.498584,0.057952,80544.670000,80468.080000
29831624,2026-09-20T09:44,80511.680000,0.383100,-0.878006,2026-09-20,152.000000,0.768845,0.231073,80513.860000,80491.790000
29831625,2026-09-20T09:45,80478.920000,-0.614700,-0.590188,2026-09-20,127.000000,2.202957,0.125962,80511.680000,80478.910000
29831626,2026-09-20T09:46,80470.110000,0.506600,-0.748076,2026-09-20,158.000000,3.371511,0.614519,80478.920000,80459.070000
29831627,2026-09-20T09:47,80454.490000,0.310600,0.229037,2026-09-20,128.000000,3.794909,0.478377,80470.120000,80444.350000
29831628,2026-09-20T09:48,80471.990000,-0.376200,-0.043245,2026-09-20,93.000000,0.582475,0.170577,80472.000000,80454.480000
29831629,2026-09-20T09:49,80467.150000,-0.144300,-0.659527,2026-09-20,137.000000,1.017310,0.155745,80472.000000,80461.510000
29831630,2026-09-20T09:50,80434.890000,-0.508400,-0.688174,2026-09-20,123.000000,1.183198,0.013920,80467.150000,80434.880000
29831631,2026-09-20T09:51,80447.800000,0.322700,-0.815991,2026-09-20,102.000000,2.438343,0.784564,80447.810000,80434.890000
29831632,2026-09-20T09:52,80447.800000,-0.191900,0.550367,2026-09-20,65.000000,0.008950,0.414462,80447.810000,80447.800000
29831633,2026-09-20T09:53,80438.460000,-0.373600,-0.171079,2026-09-20,87.000000,1.286845,0.014394,80447.800000,80438.450000
29831634,2026-09-20T09:54,80421.670000,-0.136200,-0.971212,2026-09-20,111.000000,0.664269,0.056218,80438.460000,80421.670000
29831635,2026-09-20T09:55,80426.920000,-0.366100,-0.887564,2026-09-20,114.000000,0.708226,0.166689,80431.030000,80421.670000
29831636,2026-09-20T09:56,80459.580000,-0.120800,-0.666622,2026-09-20,137.000000,2.252261,0.864574,80463.290000,80426.910000
29831637,2026-09-20T09:57,80444.450000,-0.329000,0.729063,2026-09-20,133.000000,2.111675,0.002371,80459.580000,80444.440000
29831638,2026-09-20T09:58,80436.510000,-0.606700,-0.995275,2026-09-20,113.000000,0.607175,0.026824,80444.440000,80436.510000
29831639,2026-09-20T09:59,80430.010000,-0.594400,-0.945685,2026-09-20,81.000000,0.288794,0.154620,80436.520000,80430.000000
29831640,2026-09-20T10:00,80471.320000,-0.110600,0.772634,2026-09-20,198.000000,2.470759,0.787973,80473.160000,80430.010000
29831641,2026-09-20T10:01,80472.640000,-0.134900,-0.711984,2026-09-20,144.000000,1.988284,0.045355,80483.300000,80471.310000
29831642,2026-09-20T10:02,80472.430000,-0.478300,-0.908156,2026-09-20,71.000000,0.078918,0.791184,80472.640000,80465.220000
29831643,2026-09-20T10:03,80480.020000,0.057200,0.981822,2026-09-20,91.000000,1.797826,0.966224,80480.030000,80472.440000
29831644,2026-09-20T10:04,80458.290000,-0.553000,-0.944629,2026-09-20,197.000000,3.754974,0.158522,80480.030000,80443.970000
29831645,2026-09-20T10:05,80441.360000,-0.385400,-0.682900,2026-09-20,93.000000,0.264780,0.163162,80458.290000,80441.350000
29831646,2026-09-20T10:06,80383.640000,-0.712300,-0.660012,2026-09-20,219.000000,2.468246,0.155431,80441.360000,80377.110000
29831647,2026-09-20T10:07,80320.860000,0.390200,-0.685648,2026-09-20,287.000000,5.439468,0.501723,80383.650000,80294.100000
29831648,2026-09-20T10:08,80329.620000,0.121300,0.009568,2026-09-20,185.000000,1.034205,0.386607,80345.990000,80320.850000
29831649,2026-09-20T10:09,80335.510000,-0.565700,-0.250151,2026-09-20,147.000000,0.692111,0.270595,80364.990000,80330.650000
29831650,2026-09-20T10:10,80327.640000,-0.519100,-0.506087,2026-09-20,100.000000,0.482630,0.379377,80335.510000,80326.350000
29831651,2026-09-20T10:11,80338.430000,-0.505600,-0.107813,2026-09-20,139.000000,0.612360,0.362379,80347.750000,80326.350000
29831652,2026-09-20T10:12,80321.210000,-0.504300,-0.408911,2026-09-20,226.000000,4.169605,0.739323,80338.440000,80305.330000
29831653,2026-09-20T10:13,80295.010000,-0.576000,0.478646,2026-09-20,163.000000,0.502238,0.038827,80321.210000,80295.010000
29831654,2026-09-20T10:14,80376.100000,0.058900,-0.922347,2026-09-20,257.000000,5.831830,0.931815,80377.490000,80295.010000
29831655,2026-09-20T10:15,80407.540000,-0.337200,0.812183,2026-09-20,224.000000,0.922542,0.424263,80407.540000,80368.050000
29831656,2026-09-20T10:16,80394.260000,-0.510300,0.034112,2026-09-20,161.000000,0.837714,0.375105,80416.000000,80394.260000
29831657,2026-09-20T10:17,80356.510000,-0.530500,-0.249791,2026-09-20,140.000000,0.804333,0.110784,80407.540000,80356.500000
29831658,2026-09-20T10:18,80354.330000,-0.527600,-0.778432,2026-09-20,123.000000,0.339943,0.432229,80356.510000,80346.010000
29831659,2026-09-20T10:19,80318.100000,-0.610300,-0.135542,2026-09-20,148.000000,0.804701,0.037817,80354.330000,80318.090000
29831660,2026-09-20T10:20,80294.010000,-0.308100,-0.924371,2026-09-20,166.000000,1.038426,0.357524,80318.100000,80292.640000
29831661,2026-09-20T10:21,80294.010000,0.101800,-0.284923,2026-09-20,131.000000,2.448037,0.810742,80315.020000,80294.000000
29831662,2026-09-20T10:22,80315.010000,-0.030200,0.621483,2026-09-20,104.000000,0.467739,0.327514,80315.020000,80294.010000
29831663,2026-09-20T10:23,80309.240000,0.006900,-0.344971,2026-09-20,133.000000,0.708676,0.327607,80323.690000,80302.960000
29831664,2026-09-20T10:24,80306.930000,-0.319900,-0.344785,2026-09-20,143.000000,0.527381,0.104238,80309.240000,80298.920000
29831665,2026-09-20T10:25,80310.600000,-0.201300,-0.791523,2026-09-20,140.000000,0.698181,0.225050,80323.680000,80301.050000
29831666,2026-09-20T10:26,80306.580000,-0.030000,-0.549943,2026-09-20,114.000000,0.550527,0.761768,80310.600000,80300.930000
29831667,2026-09-20T10:27,80317.420000,-0.389000,0.523499,2026-09-20,117.000000,0.499486,0.372071,80318.220000,80303.710000
29831668,2026-09-20T10:28,80312.170000,-0.150300,-0.255741,2026-09-20,85.000000,0.229282,0.008495,80318.830000,80309.410000
29831669,2026-09-20T10:29,80345.990000,-0.311300,-0.983010,2026-09-20,149.000000,0.599926,0.284471,80346.000000,80312.160000
29831670,2026-09-20T10:30,80377.480000,0.105800,-0.431057,2026-09-20,145.000000,1.028091,0.122687,80377.480000,80338.760000
29831671,2026-09-20T10:31,80352.900000,-0.407600,-0.754625,2026-09-20,157.000000,0.823559,0.101156,80398.480000,80350.370000
29831672,2026-09-20T10:32,80348.670000,-0.596300,-0.797714,2026-09-20,129.000000,0.347464,0.291810,80353.720000,80348.130000
29831673,2026-09-20T10:33,80352.180000,-0.564900,-0.416206,2026-09-20,134.000000,0.536138,0.224564,80359.430000,80335.500000
29831674,2026-09-20T10:34,80351.460000,-0.314400,-0.865725,2026-09-20,139.000000,1.497321,0.113824,80352.780000,80339.080000
29831675,2026-09-20T10:35,80346.700000,-0.177100,0.419479,2026-09-20,110.000000,0.376114,0.101324,80351.460000,80343.370000
29831676,2026-09-20T10:36,80323.290000,0.364800,-0.797686,2026-09-20,159.000000,0.951116,0.156742,80346.690000,80314.040000
29831677,2026-09-20T10:37,80307.760000,-0.122800,-0.686516,2026-09-20,99.000000,1.164812,0.004993,80323.610000,80307.750000
29831678,2026-09-20T10:38,80315.770000,-0.121400,-0.990014,2026-09-20,98.000000,0.083680,0.481928,80315.770000,80307.750000
29831679,2026-09-20T10:39,80309.290000,-0.055000,-0.036141,2026-09-20,272.000000,4.329504,0.321311,80339.660000,80295.010000
29831680,2026-09-20T10:40,80287.540000,0.643300,-0.356639,2026-09-20,147.000000,1.478611,0.065442,80309.290000,80283.000000
29831681,2026-09-20T10:41,80294.890000,0.007800,-0.857540,2026-09-20,162.000000,1.230196,0.223753,80308.840000,80287.530000
29831682,2026-09-20T10:42,80326.960000,0.035700,-0.567244,2026-09-20,154.000000,0.337079,0.561875,80327.010000,80294.890000
29831683,2026-09-20T10:43,80326.960000,-0.484000,-0.140399,2026-09-20,87.000000,0.298549,0.171268,80326.960000,80321.530000
29831684,2026-09-20T10:44,80322.900000,-0.059800,-0.475483,2026-09-20,132.000000,0.901963,0.103993,80330.000000,80317.520000
29831685,2026-09-20T10:45,80299.360000,-0.478000,-0.792024,2026-09-20,92.000000,0.382175,0.061317,80322.910000,80299.360000
29831686,2026-09-20T10:46,80309.330000,0.079800,-0.877351,2026-09-20,151.000000,0.507414,0.268797,80322.950000,80299.360000
29831687,2026-09-20T10:47,80313.610000,0.022800,-0.462405,2026-09-20,161.000000,0.056218,0.999539,80313.610000,80309.320000
29831688,2026-09-20T10:48,80313.610000,-0.266400,0.999080,2026-09-20,89.000000,0.049313,0.158708,80313.620000,80313.610000
29831689,2026-09-20T10:49,80319.080000,-0.125200,-0.682583,2026-09-20,255.000000,3.001259,0.537454,80348.790000,80313.610000
29831690,2026-09-20T10:50,80332.040000,-0.044500,0.074908,2026-09-20,114.000000,0.153264,0.628468,80332.050000,80314.510000
29831691,2026-09-20T10:51,80332.040000,-0.491700,-0.629163,2026-09-20,136.000000,0.602705,0.287365,80332.040000,80317.940000
29831692,2026-09-20T10:52,80331.230000,-0.499200,0.192883,2026-09-20,86.000000,0.215485,0.051773,80332.050000,80331.220000
29831693,2026-09-20T10:53,80354.260000,-0.024700,-0.862011,2026-09-20,162.000000,0.747521,0.289692,80366.910000,80331.220000
29831694,2026-09-20T10:54,80335.510000,0.172100,-0.420533,2026-09-20,162.000000,2.188407,0.044753,80360.110000,80335.500000
29831695,2026-09-20T10:55,80314.510000,0.151400,-0.910494,2026-09-20,148.000000,0.493144,0.423414,80343.640000,80314.500000
29831696,2026-09-20T10:56,80304.010000,0.007500,-0.153171,2026-09-20,162.000000,0.536774,0.751796,80314.500000,80284.260000
29831697,2026-09-20T10:57,80306.890000,0.263100,0.503592,2026-09-20,125.000000,0.503902,0.114897,80323.770000,80299.560000
29831698,2026-09-20T10:58,80291.890000,0.578800,-0.770207,2026-09-20,126.000000,0.979637,0.576637,80306.900000,80290.280000
29831699,2026-09-20T10:59,80283.010000,-0.261200,0.153528,2026-09-20,147.000000,3.768284,0.007395,80291.900000,80283.010000
29831700,2026-09-20T11:00,80296.540000,-0.480400,-0.984003,2026-09-20,336.000000,5.155350,0.691205,80310.000000,80265.090000
29831701,2026-09-20T11:01,80270.010000,0.025200,0.371861,2026-09-20,205.000000,0.387923,0.190568,80299.580000,80270.000000
29831702,2026-09-20T11:02,80260.330000,-0.567600,-0.574700,2026-09-20,292.000000,1.491053,0.129256,80270.010000,80256.420000
29831703,2026-09-20T11:03,80291.480000,-0.550000,-0.739521,2026-09-20,304.000000,1.067658,0.447069,80291.480000,80241.840000
29831704,2026-09-20T11:04,80286.950000,-0.363400,-0.263742,2026-09-20,201.000000,0.765402,0.136138,80291.470000,80274.010000
29831705,2026-09-20T11:05,80285.080000,-0.440300,-0.637220,2026-09-20,379.000000,6.113871,0.832086,80319.980000,80273.670000
29831706,2026-09-20T11:06,80334.730000,-0.273800,0.657535,2026-09-20,241.000000,1.847179,0.277883,80335.500000,80277.740000
29831707,2026-09-20T11:07,80349.880000,-0.136600,-0.425385,2026-09-20,332.000000,5.894755,0.284146,80386.460000,80332.450000
29831708,2026-09-20T11:08,80325.010000,-0.325900,-0.432035,2026-09-20,291.000000,1.227370,0.540161,80343.710000,80325.000000
29831709,2026-09-20T11:09,80317.790000,0.809500,0.080547,2026-09-20,212.000000,0.792452,0.212088,80343.720000,80315.090000
29831710,2026-09-20T11:10,80347.080000,-0.558700,-0.569593,2026-09-20,204.000000,1.275892,0.228465,80348.170000,80313.000000
29831711,2026-09-20T11:11,80314.510000,0.573700,-0.546881,2026-09-20,171.000000,0.297570,0.168103,80347.070000,80314.500000
29831712,2026-09-20T11:12,80334.240000,-0.310000,-0.663794,2026-09-20,214.000000,7.738712,0.027401,80337.990000,80300.000000
29831713,2026-09-20T11:13,80321.790000,-0.398100,-0.945197,2026-09-20,125.000000,0.336007,0.073449,80335.060000,80321.780000
29831714,2026-09-20T11:14,80334.110000,-0.507200,-0.663140,2026-09-20,218.000000,3.028072,0.116085,80341.870000,80304.250000
29831715,2026-09-20T11:15,80316.960000,-0.484700,-0.790523,2026-09-20,138.000000,0.269362,0.394746,80334.120000,80313.170000
29831716,2026-09-20T11:16,80311.480000,-0.428600,-0.210508,2026-09-20,139.000000,0.296977,0.436623,80316.950000,80305.300000
29831717,2026-09-20T11:17,80280.210000,-0.496800,-0.126754,2026-09-20,171.000000,0.624727,0.367345,80311.480000,80280.200000
29831718,2026-09-20T11:18,80268.010000,-0.458800,-0.265310,2026-09-20,189.000000,0.767702,0.499427,80289.010000,80268.000000
29831719,2026-09-20T11:19,80338.390000,-0.403300,0.011606,2026-09-20,374.000000,6.366878,0.922176,80346.000000,80268.000000
29831720,2026-09-20T11:20,80351.640000,-0.393700,0.831519,2026-09-20,195.000000,0.763179,0.315968,80351.640000,80333.960000
29831721,2026-09-20T11:21,80309.990000,-0.014500,-0.329633,2026-09-20,173.000000,0.775432,0.022014,80351.630000,80305.100000
29831722,2026-09-20T11:22,80312.730000,-0.431100,-0.955972,2026-09-20,152.000000,0.280657,0.512758,80320.000000,80309.990000
29831723,2026-09-20T11:23,80330.920000,-0.510300,0.025395,2026-09-20,196.000000,0.624746,0.595852,80333.140000,80300.360000
29831724,2026-09-20T11:24,80330.100000,-0.434400,0.191767,2026-09-20,208.000000,1.228689,0.157997,80345.990000,80324.990000
29831725,2026-09-20T11:25,80321.380000,-0.158300,-0.684006,2026-09-20,167.000000,1.402390,0.893966,80339.130000,80320.070000
29831726,2026-09-20T11:26,80321.360000,-0.585800,0.787932,2026-09-20,101.000000,0.087602,0.888874,80321.380000,80316.150000
29831727,2026-09-20T11:27,80329.710000,-0.578600,0.779295,2026-09-20,128.000000,0.248791,0.569732,80335.980000,80321.350000
29831728,2026-09-20T11:28,80328.550000,-0.419900,0.137332,2026-09-20,111.000000,0.117629,0.184558,80335.990000,80328.550000
29831729,2026-09-20T11:29,80338.990000,-0.628700,-0.630733,2026-09-20,126.000000,0.224942,0.794338,80339.130000,80328.550000
29831730,2026-09-20T11:30,80385.230000,0.311200,0.588655,2026-09-20,160.000000,0.185558,0.328504,80385.230000,80338.860000
29831731,2026-09-20T11:31,80418.790000,-0.512900,-0.337488,2026-09-20,235.000000,0.747921,0.217145,80423.600000,80385.220000
29831732,2026-09-20T11:32,80429.990000,-0.531300,-0.567292,2026-09-20,169.000000,0.397935,0.593484,80430.000000,80399.880000
29831733,2026-09-20T11:33,80440.490000,-0.493100,0.186949,2026-09-20,151.000000,0.649751,0.909309,80440.490000,80425.260000
29831734,2026-09-20T11:34,80407.330000,0.038300,0.818619,2026-09-20,332.000000,8.665461,0.043558,80460.480000,80357.660000
29831735,2026-09-20T11:35,80396.540000,0.228900,-0.913922,2026-09-20,288.000000,2.350990,0.775749,80428.440000,80378.850000
29831736,2026-09-20T11:36,80376.710000,-0.032400,0.623598,2026-09-20,191.000000,0.648382,0.586406,80405.450000,80356.500000
29831737,2026-09-20T11:37,80440.490000,-0.184300,0.172811,2026-09-20,341.000000,4.537882,0.171382,80440.500000,80376.710000
29831738,2026-09-20T11:38,80434.210000,-0.400100,-0.679154,2026-09-20,190.000000,0.901559,0.466395,80434.220000,80402.010000
29831739,2026-09-20T11:39,80406.790000,-0.413200,0.362838,2026-09-20,167.000000,0.382316,0.686212,80434.210000,80398.500000
29831740,2026-09-20T11:40,80444.040000,-0.387200,0.286340,2026-09-20,239.000000,1.551960,0.176254,80444.370000,80403.830000
29831741,2026-09-20T11:41,80419.510000,0.177000,-0.635491,2026-09-20,139.000000,0.495079,0.491447,80444.050000,80419.500000
29831742,2026-09-20T11:42,80420.960000,-0.282000,-0.017106,2026-09-20,173.000000,1.120645,0.849169,80427.000000,80419.500000
29831743,2026-09-20T11:43,80416.790000,-0.506600,0.698347,2026-09-20,142.000000,0.270796,0.265741,80420.970000,80409.000000
29831744,2026-09-20T11:44,80426.990000,0.203600,-0.468692,2026-09-20,91.000000,0.200332,0.924225,80427.000000,80416.780000
29831745,2026-09-20T11:45,80408.070000,-0.075900,0.848451,2026-09-20,140.000000,1.589540,0.037589,80426.990000,80403.790000
29831746,2026-09-20T11:46,80425.540000,-0.333500,-0.742551,2026-09-20,159.000000,0.359749,0.740399,80442.110000,80408.060000
29831747,2026-09-20T11:47,80433.080000,-0.488900,0.046765,2026-09-20,140.000000,0.242156,0.597944,80433.080000,80409.410000
29831748,2026-09-20T11:48,80445.670000,-0.063100,0.187660,2026-09-20,155.000000,0.261179,0.374967,80445.670000,80433.070000
29831749,2026-09-20T11:49,80444.110000,-0.389500,-0.251542,2026-09-20,149.000000,0.308929,0.347103,80445.670000,80436.710000
29831750,2026-09-20T11:50,80445.670000,-0.474000,-0.315743,2026-09-20,129.000000,0.192110,0.299254,80445.670000,80444.050000
29831751,2026-09-20T11:51,80438.320000,-0.248700,-0.385592,2026-09-20,123.000000,0.123660,0.606949,80445.670000,80436.710000
29831752,2026-09-20T11:52,80470.230000,-0.507100,0.213898,2026-09-20,231.000000,1.307976,0.192608,80471.090000,80438.310000
29831753,2026-09-20T11:53,80480.460000,-0.499100,-0.612648,2026-09-20,182.000000,0.888540,0.778979,80488.900000,80464.320000
29831754,2026-09-20T11:54,80493.330000,-0.296300,0.557094,2026-09-20,217.000000,0.617686,0.564778,80498.200000,80480.460000
29831755,2026-09-20T11:55,80461.670000,-0.449900,0.234323,2026-09-20,225.000000,1.663615,0.262647,80493.340000,80450.300000
29831756,2026-09-20T11:56,80439.260000,-0.302700,-0.559397,2026-09-20,140.000000,0.268036,0.045558,80461.980000,80437.640000
29831757,2026-09-20T11:57,80424.990000,-0.331100,-0.908816,2026-09-20,256.000000,3.003576,0.150924,80439.260000,80407.510000
29831758,2026-09-20T11:58,80460.800000,-0.447000,-0.701126,2026-09-20,219.000000,0.235790,0.636479,80460.810000,80415.470000
29831759,2026-09-20T11:59,80438.470000,0.082600,0.456972,2026-09-20,189.000000,0.619227,0.309287,80460.800000,80442.910000
29831760,2026-09-20T12:00,80422.080000,-0.315900,-0.375625,2026-09-20,170.000000,0.598651,0.288247,80437.360000,80422.070000
29831761,2026-09-20T12:01,80416.960000,-0.509800,-0.429673,2026-09-20,162.000000,0.364572,0.561601,80422.080000,80409.000000
29831762,2026-09-20T12:02,80405.670000,-0.412000,0.084467,2026-09-20,197.000000,0.618925,0.393754,80416.970000,80400.000000
29831763,2026-09-20T12:03,80438.640000,-0.234000,-0.195383,2026-09-20,339.000000,6.042155,0.941514,80438.650000,80383.120000
29831764,2026-09-20T12:04,80431.170000,-0.254400,0.825967,2026-09-20,260.000000,0.858843,0.486565,80456.820000,80430.010000
29831765,2026-09-20T12:05,80441.420000,0.208000,0.247060,2026-09-20,194.000000,0.776127,0.467783,80461.500000,80430.000000
29831766,2026-09-20T12:06,80456.860000,-0.426000,-0.063651,2026-09-20,231.000000,0.954867,0.781220,80469.520000,80442.010000
29831767,2026-09-20T12:07,80471.990000,-0.410100,0.563400,2026-09-20,196.000000,0.865083,0.912340,80472.000000,80456.860000
29831768,2026-09-20T12:08,80469.170000,-0.410600,0.824620,2026-09-20,210.000000,0.739015,0.657715,80485.600000,80469.170000
29831769,2026-09-20T12:09,80453.210000,-0.413700,0.268382,2026-09-20,172.000000,0.523587,0.370044,80469.180000,80453.210000
29831770,2026-09-20T12:10,80454.080000,-0.450400,-0.222139,2026-09-20,141.000000,0.277271,0.107048,80454.080000,80450.320000
29831771,2026-09-20T12:11,80474.330000,-0.136200,-0.779017,2026-09-20,237.000000,1.166250,0.373127,80480.030000,80452.470000
29831772,2026-09-20T12:12,80476.650000,-0.556400,-0.255043,2026-09-20,138.000000,0.360456,0.352479,80482.490000,80474.330000
29831773,2026-09-20T12:13,80432.010000,-0.162600,-0.295041,2026-09-20,329.000000,7.494834,0.019696,80494.150000,80432.010000
29831774,2026-09-20T12:14,80450.990000,0.225200,-0.960598,2026-09-20,202.000000,1.471248,0.886782,80451.000000,80424.240000
29831775,2026-09-20T12:15,80464.990000,-0.359900,0.824346,2026-09-20,190.000000,1.095637,0.821484,80465.000000,80436.940000
29831776,2026-09-20T12:16,80436.960000,0.043500,0.415758,2026-09-20,134.000000,0.115079,0.287459,80465.000000,80436.950000
29831777,2026-09-20T12:17,80401.850000,-0.397500,0.205020,2026-09-20,209.000000,0.607720,0.316594,80443.230000,80401.840000
29831778,2026-09-20T12:18,80397.180000,-0.383100,-0.615604,2026-09-20,141.000000,0.286292,0.654091,80401.850000,80388.000000
29831779,2026-09-20T12:19,80379.670000,-0.455700,0.367113,2026-09-20,130.000000,0.318372,0.470886,80397.190000,80378.000000
29831780,2026-09-20T12:20,80379.580000,-0.451500,-0.258065,2026-09-20,206.000000,0.562519,0.341484,80383.610000,80367.000000
29831781,2026-09-20T12:21,80380.330000,-0.579600,-0.194192,2026-09-20,195.000000,0.978715,0.249491,80383.920000,80366.440000
29831782,2026-09-20T12:22,80381.610000,-0.130100,-0.501017,2026-09-20,150.000000,0.300551,0.623182,80381.940000,80372.150000
29831783,2026-09-20T12:23,80376.890000,-0.522600,0.246058,2026-09-20,121.000000,0.182667,0.394214,80381.620000,80376.880000
29831784,2026-09-20T12:24,80351.230000,-0.693900,-0.206962,2026-09-20,210.000000,0.973161,0.201576,80376.890000,80343.420000
29831785,2026-09-20T12:25,80346.580000,-0.187600,-0.597914,2026-09-20,177.000000,0.471269,0.760286,80351.230000,80337.330000
29831786,2026-09-20T12:26,80358.450000,-0.287100,0.522043,2026-09-20,169.000000,0.516735,0.795171,80373.290000,80346.570000
29831787,2026-09-20T12:27,80346.010000,-0.275000,0.589730,2026-09-20,128.000000,0.132411,0.617672,80358.450000,80346.000000
29831788,2026-09-20T12:28,80330.930000,-0.442900,0.230244,2026-09-20,249.000000,2.865166,0.107346,80355.900000,80321.300000
29831789,2026-09-20T12:29,80335.580000,-0.646000,-0.785298,2026-09-20,244.000000,5.807675,0.044833,80335.580000,80300.000000
29831790,2026-09-20T12:30,80312.580000,-0.646600,-0.910333,2026-09-20,219.000000,2.662957,0.239477,80335.570000,80293.550000
29831791,2026-09-20T12:31,80303.380000,-0.587300,-0.521043,2026-09-20,171.000000,0.419944,0.362185,80312.570000,80299.820000
29831792,2026-09-20T12:32,80293.510000,-0.424000,-0.273041,2026-09-20,188.000000,2.654075,0.459357,80303.380000,80289.920000
29831793,2026-09-20T12:33,80318.110000,0.022700,-0.139636,2026-09-20,184.000000,1.385867,0.388423,80331.250000,80285.780000
29831794,2026-09-20T12:34,80319.330000,0.130200,-0.132267,2026-09-20,141.000000,0.347530,0.504695,80325.160000,80306.960000
29831795,2026-09-20T12:35,80323.890000,-0.063000,0.118301,2026-09-20,140.000000,0.323689,0.299515,80331.240000,80319.320000
29831796,2026-09-20T12:36,80319.480000,-0.228700,-0.422144,2026-09-20,158.000000,0.308031,0.529009,80325.370000,80310.830000
29831797,2026-09-20T12:37,80324.320000,-0.212600,0.142134,2026-09-20,137.000000,0.317030,0.697675,80326.490000,80319.470000
29831798,2026-09-20T12:38,80340.270000,-0.639900,0.365970,2026-09-20,162.000000,0.222618,0.640878,80344.990000,80324.310000
29831799,2026-09-20T12:39,80335.300000,-0.370300,0.282407,2026-09-20,156.000000,0.284905,0.266488,80340.280000,80331.800000
29831800,2026-09-20T12:40,80332.490000,0.082100,-0.467425,2026-09-20,188.000000,0.920795,0.313943,80336.440000,80322.700000
29831801,2026-09-20T12:41,80314.850000,0.211700,-0.372561,2026-09-20,244.000000,5.330094,0.927507,80356.830000,80314.500000
29831802,2026-09-20T12:42,80328.710000,-0.378400,0.855342,2026-09-20,214.000000,3.654862,0.484455,80332.800000,80304.000000
29831803,2026-09-20T12:43,80317.120000,-0.028100,-0.032224,2026-09-20,145.000000,0.370400,0.631086,80333.370000,80317.120000
29831804,2026-09-20T12:44,80320.540000,-0.556100,0.262418,2026-09-20,190.000000,1.381921,0.722666,80335.930000,80317.120000
29831805,2026-09-20T12:45,80322.670000,-0.417700,0.445599,2026-09-20,186.000000,0.956512,0.743434,80329.990000,80320.530000
29831806,2026-09-20T12:46,80331.450000,-0.353100,0.486488,2026-09-20,138.000000,0.178923,0.615197,80332.490000,80322.150000
29831807,2026-09-20T12:47,80338.730000,-0.498000,0.230089,2026-09-20,162.000000,0.781635,0.617626,80338.730000,80327.080000
29831808,2026-09-20T12:48,80337.620000,-0.130200,0.095150,2026-09-20,157.000000,0.646692,0.130520,80338.730000,80321.650000
29831809,2026-09-20T12:49,80364.920000,-0.563700,-0.687484,2026-09-20,198.000000,0.740810,0.232450,80366.230000,80334.960000
29831810,2026-09-20T12:50,80354.080000,-0.530900,-0.542242,2026-09-20,236.000000,0.784966,0.445686,80373.270000,80354.080000
29831811,2026-09-20T12:51,80354.080000,0.008000,-0.100085,2026-09-20,239.000000,1.738564,0.110341,80354.090000,80338.520000
29831812,2026-09-20T12:52,80344.200000,-0.187500,-0.745336,2026-09-20,285.000000,5.900037,0.072660,80368.960000,80335.400000
29831813,2026-09-20T12:53,80387.730000,0.274300,-0.866384,2026-09-20,213.000000,1.000120,0.882092,80387.990000,80335.950000
29831814,2026-09-20T12:54,80421.570000,-0.335100,0.764184,2026-09-20,234.000000,1.987939,0.758993,80424.900000,80387.990000
29831815,2026-09-20T12:55,80429.130000,0.297300,0.517986,2026-09-20,181.000000,0.571476,0.454365,80437.030000,80410.160000
29831816,2026-09-20T12:56,80409.070000,-0.262700,-0.087903,2026-09-20,137.000000,0.312561,0.191461,80431.110000,80407.660000
29831817,2026-09-20T12:57,80415.700000,-0.223900,-0.487019,2026-09-20,97.000000,0.567835,0.687233,80425.390000,80409.070000
29831818,2026-09-20T12:58,80405.710000,-0.080100,0.340290,2026-09-20,158.000000,0.196871,0.302577,80420.490000,80403.040000
29831819,2026-09-20T12:59,80451.140000,-0.023400,-0.396155,2026-09-20,251.000000,4.502443,0.894227,80461.500000,80398.320000
29831820,2026-09-20T13:00,80471.480000,0.118100,0.788684,2026-09-20,162.000000,1.344717,0.720301,80471.470000,80449.530000
29831821,2026-09-20T13:01,80465.620000,-0.345100,0.440601,2026-09-20,181.000000,1.070652,0.314532,80486.710000,80465.620000
29831822,2026-09-20T13:02,80495.610000,-0.380700,-0.442397,2026-09-20,233.000000,3.342461,0.850364,80499.220000,80461.500000
29831823,2026-09-20T13:03,80507.950000,0.085300,0.773524,2026-09-20,241.000000,4.133308,0.913557,80514.900000,80490.320000
29831824,2026-09-20T13:04,80534.990000,-0.194300,0.825679,2026-09-20,179.000000,0.769796,0.460450,80534.990000,80498.170000
29831825,2026-09-20T13:05,80546.200000,-0.143500,-0.075174,2026-09-20,215.000000,1.794000,0.790980,80553.720000,80517.960000
29831826,2026-09-20T13:06,80546.270000,-0.077700,0.581959,2026-09-20,181.000000,1.063512,0.626422,80552.930000,80532.880000
29831827,2026-09-20T13:07,80607.890000,-0.044200,0.252844,2026-09-20,332.000000,5.444795,0.778132,80614.900000,80546.270000
29831828,2026-09-20T13:08,80574.010000,0.056800,0.552570,2026-09-20,285.000000,4.278564,0.089750,80607.890000,80555.450000
29831829,2026-09-20T13:09,80551.950000,-0.283000,-0.819969,2026-09-20,203.000000,1.315919,0.785326,80574.000000,80526.120000
29831830,2026-09-20T13:10,80530.420000,0.034500,0.498972,2026-09-20,129.000000,0.419544,0.125878,80551.940000,80530.420000
29831831,2026-09-20T13:11,80544.510000,-0.243800,-0.713743,2026-09-20,191.000000,2.932076,0.947533,80549.770000,80524.500000
29831832,2026-09-20T13:12,80528.450000,-0.148900,0.903324,2026-09-20,123.000000,0.441066,0.569822,80544.520000,80528.440000
29831833,2026-09-20T13:13,80519.580000,0.126500,0.062124,2026-09-20,96.000000,0.260027,0.242393,80528.440000,80519.460000
29831834,2026-09-20T13:14,80530.050000,-0.465600,-0.446993,2026-09-20,139.000000,1.175807,0.299510,80535.170000,80519.570000
29831835,2026-09-20T13:15,80523.830000,-0.127000,-0.400982,2026-09-20,95.000000,0.116587,0.159675,80530.060000,80523.820000
29831836,2026-09-20T13:16,80507.260000,-0.385000,-0.680651,2026-09-20,204.000000,2.536636,0.473009,80523.820000,80506.000000
29831837,2026-09-20T13:17,80464.170000,0.171700,-0.466115,2026-09-20,243.000000,2.986802,0.143553,80507.260000,80462.170000
29831838,2026-09-20T13:18,80447.920000,-0.120300,-0.163146,2026-09-20,151.000000,1.313056,0.148853,80466.920000,80447.820000
29831839,2026-09-20T13:19,80487.640000,-0.122000,-0.351819,2026-09-20,291.000000,4.684262,0.814401,80505.870000,80447.400000
29831840,2026-09-20T13:20,80461.040000,0.211100,0.600770,2026-09-20,181.000000,0.515375,0.266422,80487.640000,80452.410000
29831841,2026-09-20T13:21,80482.490000,-0.225300,-0.467157,2026-09-20,150.000000,0.940074,0.654679,80482.500000,80461.030000
29831842,2026-09-20T13:22,80479.290000,0.233900,0.309359,2026-09-20,69.000000,0.023447,0.011424,80482.500000,80479.280000
29831843,2026-09-20T13:23,80493.110000,-0.308700,-0.977152,2026-09-20,179.000000,0.712373,0.513907,80497.820000,80479.280000
29831844,2026-09-20T13:24,80484.080000,0.000200,0.028167,2026-09-20,245.000000,15.618272,0.193049,80513.990000,80474.820000
29831845,2026-09-20T13:25,80504.420000,0.345100,-0.613813,2026-09-20,176.000000,0.356411,0.694801,80513.990000,80487.540000
29831846,2026-09-20T13:26,80520.520000,-0.393600,0.387528,2026-09-20,170.000000,0.528721,0.542035,80532.230000,80504.420000
29831847,2026-09-20T13:27,80493.010000,-0.215900,-0.013777,2026-09-20,189.000000,1.264065,0.227042,80520.530000,80493.000000
29831848,2026-09-20T13:28,80488.510000,0.051600,-0.526539,2026-09-20,117.000000,0.186961,0.504706,80493.000000,80488.100000
29831849,2026-09-20T13:29,80472.010000,-0.408600,0.029595,2026-09-20,160.000000,1.809577,0.171246,80498.440000,80472.000000
29831850,2026-09-20T13:30,80472.010000,-0.514000,-0.658858,2026-09-20,209.000000,1.734000,0.689411,80488.490000,80466.680000
29831851,2026-09-20T13:31,80464.430000,-0.242000,0.377955,2026-09-20,176.000000,0.955501,0.221508,80468.680000,80458.250000
29831852,2026-09-20T13:32,80461.860000,-0.290000,-0.540772,2026-09-20,155.000000,0.427441,0.535042,80464.730000,80461.850000
29831853,2026-09-20T13:33,80432.430000,-0.138700,0.054588,2026-09-20,225.000000,2.070105,0.097160,80461.860000,80423.290000
29831854,2026-09-20T13:34,80392.380000,-0.569800,-0.805191,2026-09-20,264.000000,1.389512,0.338931,80425.690000,80388.000000
29831855,2026-09-20T13:35,80427.860000,-0.071700,-0.325492,2026-09-20,210.000000,1.972635,0.248685,80429.990000,80392.370000
29831856,2026-09-20T13:36,80420.570000,-0.346800,-0.503792,2026-09-20,173.000000,0.535285,0.241963,80427.850000,80416.940000
29831857,2026-09-20T13:37,80412.480000,0.179400,-0.510344,2026-09-20,139.000000,0.309070,0.316847,80420.570000,80412.470000
29831858,2026-09-20T13:38,80416.850000,-0.356500,-0.368918,2026-09-20,180.000000,3.514697,0.901635,80430.000000,80410.810000
29831859,2026-09-20T13:39,80461.170000,-0.130700,0.803614,2026-09-20,234.000000,8.612508,0.816443,80465.140000,80414.630000
29831860,2026-09-20T13:40,80430.490000,-0.144300,0.578446,2026-09-20,164.000000,0.951549,0.253249,80463.470000,80430.490000
29831861,2026-09-20T13:41,80425.010000,-0.032000,-0.265477,2026-09-20,131.000000,0.728499,0.124243,80432.500000,80425.000000
29831862,2026-09-20T13:42,80461.270000,-0.075300,-0.752846,2026-09-20,169.000000,0.363953,0.833875,80461.270000,80425.000000
29831863,2026-09-20T13:43,80497.550000,-0.179900,0.685941,2026-09-20,196.000000,1.861352,0.642546,80497.560000,80461.270000
29831864,2026-09-20T13:44,80529.360000,-0.425000,0.285091,2026-09-20,183.000000,1.346764,0.845430,80533.030000,80492.520000
29831865,2026-09-20T13:45,80528.640000,-0.174500,0.690769,2026-09-20,190.000000,2.502689,0.037970,80545.490000,80528.630000
29831866,2026-09-20T13:46,80505.010000,-0.350200,-0.923025,2026-09-20,183.000000,3.379662,0.783562,80532.970000,80504.710000
29831867,2026-09-20T13:47,80500.010000,-0.226300,0.567030,2026-09-20,181.000000,1.218702,0.859190,80507.020000,80500.000000
29831868,2026-09-20T13:48,80501.390000,-0.587800,0.718240,2026-09-20,121.000000,0.081470,0.703351,80501.390000,80499.380000
29831869,2026-09-20T13:49,80509.210000,-0.484000,0.408489,2026-09-20,124.000000,0.825596,0.498352,80509.220000,80497.700000
29831870,2026-09-20T13:50,80501.390000,-0.689900,-0.003220,2026-09-20,122.000000,0.258442,0.148671,80509.220000,80501.390000
29831871,2026-09-20T13:51,80503.390000,-0.623300,-0.667345,2026-09-20,103.000000,0.254340,0.295519,80503.400000,80501.390000
29831872,2026-09-20T13:52,80536.860000,0.044200,-0.439721,2026-09-20,282.000000,12.238199,0.574877,80543.800000,80503.390000
29831873,2026-09-20T13:53,80523.330000,-0.332400,0.149877,2026-09-20,221.000000,2.861170,0.171246,80541.010000,80521.240000
29831874,2026-09-20T13:54,80520.510000,-0.664000,-0.658533,2026-09-20,165.000000,0.455818,0.689340,80524.930000,80518.590000
29831875,2026-09-20T13:55,80524.620000,-0.311000,0.379501,2026-09-20,229.000000,4.143752,0.592371,80530.570000,80520.510000
29831876,2026-09-20T13:56,80516.990000,-0.195400,0.184567,2026-09-20,273.000000,6.087317,0.078254,80524.620000,80495.470000
29831877,2026-09-20T13:57,80516.010000,-0.430000,-0.843487,2026-09-20,108.000000,0.488534,0.906500,80517.000000,80516.000000
29831878,2026-09-20T13:58,80516.010000,-0.421300,0.813254,2026-09-20,125.000000,0.245533,0.512403,80518.020000,80516.000000
29831879,2026-09-20T13:59,80522.040000,-0.076400,0.421299,2026-09-20,304.000000,4.314929,0.723492,80524.490000,80516.010000
29831880,2026-09-20T14:00,80537.040000,-0.060100,0.424816,2026-09-20,674.000000,6.800380,0.656396,80544.840000,80522.040000
29831881,2026-09-20T14:01,80595.290000,-0.035700,0.417444,2026-09-20,388.000000,13.331875,0.417453,80598.000000,80537.040000
29831882,2026-09-20T14:02,80664.270000,-0.065100,-0.282899,2026-09-20,827.000000,25.501911,0.760451,80664.270000,80595.290000
29831883,2026-09-20T14:03,80732.610000,0.037200,0.520903,2026-09-20,1182.000000,24.228702,0.572192,80745.770000,80664.270000
29831884,2026-09-20T14:04,80661.010000,-0.158800,0.203021,2026-09-20,466.000000,10.596362,0.411049,80746.180000,80655.520000
29831885,2026-09-20T14:05,80619.010000,-0.129800,-0.433612,2026-09-20,460.000000,11.181171,0.265568,80655.520000,80599.290000
29831886,2026-09-20T14:06,80631.510000,-0.250000,-0.459432,2026-09-20,344.000000,4.564326,0.313229,80631.510000,80606.880000
29831887,2026-09-20T14:07,80630.790000,-0.149800,-0.202020,2026-09-20,587.000000,8.794447,0.435999,80673.230000,80624.510000
29831888,2026-09-20T14:08,80624.510000,-0.356200,-0.210081,2026-09-20,239.000000,1.306294,0.133491,80644.670000,80624.510000
29831889,2026-09-20T14:09,80607.830000,-0.357100,-0.736968,2026-09-20,223.000000,3.060699,0.181193,80624.520000,80605.100000
29831890,2026-09-20T14:10,80589.510000,-0.286800,-0.630340,2026-09-20,217.000000,3.386854,0.039934,80607.830000,80587.500000
29831891,2026-09-20T14:11,80568.260000,-0.236800,-0.927320,2026-09-20,273.000000,6.596076,0.130365,80589.520000,80550.290000
29831892,2026-09-20T14:12,80559.170000,0.252500,-0.739210,2026-09-20,179.000000,0.511331,0.256839,80568.270000,80559.160000
29831893,2026-09-20T14:13,80559.170000,-0.365100,-0.492051,2026-09-20,73.000000,0.054040,0.575129,80559.170000,80559.160000
29831894,2026-09-20T14:14,80544.570000,-0.429800,-0.653525,2026-09-20,294.000000,5.190627,0.433627,80559.170000,80537.100000
29831895,2026-09-20T14:15,80500.010000,-0.610900,-0.003159,2026-09-20,238.000000,1.742950,0.145742,80544.570000,80499.950000
29831896,2026-09-20T14:16,80495.210000,-0.637500,-0.709452,2026-09-20,255.000000,6.009989,0.144810,80500.010000,80464.570000
29831897,2026-09-20T14:17,80409.170000,-0.081700,-0.710443,2026-09-20,320.000000,3.340511,0.377753,80495.210000,80409.000000
29831898,2026-09-20T14:18,80430.010000,-0.024500,-0.107755,2026-09-20,572.000000,11.863274,0.360574,80464.510000,80388.000000
29831899,2026-09-20T14:19,80407.430000,-0.303000,-0.318112,2026-09-20,215.000000,2.144660,0.357413,80435.670000,80407.440000
29831900,2026-09-20T14:20,80419.490000,-0.060000,-0.467944,2026-09-20,185.000000,0.792366,0.420706,80419.490000,80377.500000
29831901,2026-09-20T14:21,80482.760000,0.037400,-0.215693,2026-09-20,282.000000,5.296339,0.871738,80488.840000,80415.800000
29831902,2026-09-20T14:22,80472.790000,-0.293200,0.743469,2026-09-20,175.000000,0.573636,0.181715,80484.540000,80472.780000
29831903,2026-09-20T14:23,80455.930000,0.011900,-0.619178,2026-09-20,244.000000,1.707625,0.134684,80484.520000,80451.000000
29831904,2026-09-20T14:24,80475.680000,-0.246300,-0.736895,2026-09-20,185.000000,0.565581,0.476832,80478.770000,80455.930000
29831905,2026-09-20T14:25,80513.950000,-0.262100,-0.046336,2026-09-20,195.000000,2.513706,0.748575,80521.220000,80475.680000
29831906,2026-09-20T14:26,80502.020000,-0.116100,0.402522,2026-09-20,218.000000,1.075148,0.313975,80521.230000,80497.240000
29831907,2026-09-20T14:27,80502.900000,-0.332500,-0.255717,2026-09-20,209.000000,1.118373,0.182502,80520.190000,80486.390000
29831908,2026-09-20T14:28,80507.240000,0.035900,-0.683647,2026-09-20,191.000000,0.509122,0.513485,80507.250000,80495.380000
29831909,2026-09-20T14:29,80496.990000,-0.024800,0.550882,2026-09-20,128.000000,0.618057,0.224953,80507.250000,80484.020000
29831910,2026-09-20T14:30,80483.170000,-0.453300,-0.550094,2026-09-20,134.000000,0.329192,0.133372,80496.990000,80482.410000
29831911,2026-09-20T14:31,80499.990000,-0.599100,-0.787932,2026-09-20,165.000000,0.600385,0.482522,80500.000000,80465.010000
29831912,2026-09-20T14:32,80543.110000,-0.267200,0.132483,2026-09-20,182.000000,0.996951,0.287039,80545.000000,80499.990000
29831913,2026-09-20T14:33,80566.390000,-0.357600,-0.425449,2026-09-20,164.000000,0.593324,0.244108,80568.990000,80543.100000
29831914,2026-09-20T14:34,80518.670000,0.505200,-0.506970,2026-09-20,254.000000,8.096027,0.067705,80576.990000,80518.660000
29831915,2026-09-20T14:35,80555.990000,0.143400,-0.840233,2026-09-20,201.000000,0.771534,0.788129,80556.000000,80513.350000
29831916,2026-09-20T14:36,80575.330000,0.489700,0.091134,2026-09-20,185.000000,1.056870,0.256182,80587.500000,80545.500000
29831917,2026-09-20T14:37,80568.460000,0.030500,-0.326854,2026-09-20,168.000000,0.993948,0.391193,80582.140000,80556.990000
29831918,2026-09-20T14:38,80585.850000,-0.342700,-0.217764,2026-09-20,179.000000,0.356182,0.770295,80587.470000,80568.460000
29831919,2026-09-20T14:39,80568.260000,-0.503600,0.540590,2026-09-20,151.000000,0.840110,0.137890,80604.990000,80568.250000
29831920,2026-09-20T14:40,80568.260000,-0.480600,-0.724220,2026-09-20,77.000000,0.076840,0.202344,80568.260000,80568.250000
29831921,2026-09-20T14:41,80578.360000,-0.186900,-0.595312,2026-09-20,147.000000,0.632315,0.432596,80584.980000,80568.250000
29831922,2026-09-20T14:42,80574.680000,-0.180600,-0.134809,2026-09-20,148.000000,0.412403,0.410028,80584.200000,80568.250000
29831923,2026-09-20T14:43,80584.140000,-0.034000,-0.108327,2026-09-20,176.000000,0.627270,0.162613,80602.920000,80574.690000
29831924,2026-09-20T14:44,80601.100000,-0.618900,-0.748169,2026-09-20,523.000000,11.740917,0.841259,80631.610000,80584.140000
29831925,2026-09-20T14:45,80575.640000,-0.707800,0.682508,2026-09-20,273.000000,1.091368,0.166981,80602.930000,80575.640000
29831926,2026-09-20T14:46,80598.010000,-0.547400,-0.693889,2026-09-20,196.000000,1.370638,0.235408,80598.020000,80566.500000
29831927,2026-09-20T14:47,80611.390000,-0.409800,-0.492412,2026-09-20,147.000000,0.335046,0.604787,80623.150000,80598.010000
29831928,2026-09-20T14:48,80633.510000,-0.600700,0.209573,2026-09-20,186.000000,0.444760,0.602153,80635.870000,80611.390000
29831929,2026-09-20T14:49,80611.550000,-0.574000,0.203764,2026-09-20,180.000000,0.710092,0.279433,80633.510000,80611.390000
29831930,2026-09-20T14:50,80619.600000,0.122100,-0.432357,2026-09-20,132.000000,0.088726,0.545531,80619.600000,80611.550000
29831931,2026-09-20T14:51,80611.570000,-0.272400,0.045085,2026-09-20,101.000000,0.239480,0.123788,80619.600000,80611.560000
29831932,2026-09-20T14:52,80623.420000,-0.341300,-0.885552,2026-09-20,161.000000,0.669628,0.257011,80623.420000,80600.240000
29831933,2026-09-20T14:53,80671.490000,-0.520200,-0.119819,2026-09-20,231.000000,1.515216,0.490645,80680.660000,80621.790000
29831934,2026-09-20T14:54,80664.490000,-0.542100,-0.052165,2026-09-20,236.000000,5.617308,0.219143,80680.000000,80648.080000
29831935,2026-09-20T14:55,80733.740000,-0.224100,-0.557343,2026-09-20,217.000000,2.480661,0.852062,80734.380000,80652.400000
29831936,2026-09-20T14:56,80671.510000,-0.365900,0.601260,2026-09-20,270.000000,3.493379,0.114108,80734.380000,80656.070000
29831937,2026-09-20T14:57,80648.890000,-0.052700,-0.760887,2026-09-20,186.000000,3.559974,0.011236,80668.600000,80648.880000
29831938,2026-09-20T14:58,80647.290000,-0.417100,-0.977528,2026-09-20,187.000000,2.134642,0.139803,80660.790000,80638.320000
29831939,2026-09-20T14:59,80639.580000,-0.030500,-0.720394,2026-09-20,221.000000,1.669279,0.217419,80647.280000,80622.900000
29831940,2026-09-20T15:00,80734.490000,0.138400,-0.564877,2026-09-20,276.000000,2.650395,0.721232,80734.490000,80639.580000
29831941,2026-09-20T15:01,80818.490000,0.187300,0.442401,2026-09-20,418.000000,7.112510,0.403129,80818.490000,80713.500000
29831942,2026-09-20T15:02,80728.740000,0.025300,-0.191744,2026-09-20,481.000000,5.026378,0.548902,80865.380000,80724.000000
29831943,2026-09-20T15:03,80781.320000,0.191800,0.098744,2026-09-20,381.000000,2.872006,0.310165,80796.490000,80720.470000
29831944,2026-09-20T15:04,80790.670000,-0.484600,-0.427083,2026-09-20,373.000000,6.281099,0.172187,80797.850000,80764.150000
29831945,2026-09-20T15:05,80766.010000,-0.646600,-0.655351,2026-09-20,308.000000,1.189003,0.248191,80797.440000,80766.000000
29831946,2026-09-20T15:06,80799.260000,0.060800,-0.465274,2026-09-20,345.000000,2.685593,0.504890,80842.310000,80763.200000
29831947,2026-09-20T15:07,80805.650000,0.207900,0.029105,2026-09-20,376.000000,5.979753,0.792860,80898.230000,80804.470000
29831948,2026-09-20T15:08,80766.010000,0.302000,0.582665,2026-09-20,422.000000,4.248300,0.160146,80811.510000,80766.000000
29831949,2026-09-20T15:09,80805.010000,-0.201700,-0.687152,2026-09-20,436.000000,8.997007,0.592812,80805.000000,80741.010000
29831950,2026-09-20T15:10,80793.140000,-0.177800,0.159300,2026-09-20,281.000000,3.388153,0.762181,80812.490000,80778.110000
29831951,2026-09-20T15:11,80768.360000,-0.018700,0.635929,2026-09-20,285.000000,1.258883,0.183637,80793.130000,80768.360000
29831952,2026-09-20T15:12,80752.740000,-0.173600,-0.622410,2026-09-20,324.000000,1.055727,0.189050,80768.370000,80751.120000
29831953,2026-09-20T15:13,80758.580000,-0.116100,-0.607897,2026-09-20,283.000000,1.697584,0.301052,80766.000000,80736.780000
29831954,2026-09-20T15:14,80720.480000,-0.337900,-0.405217,2026-09-20,196.000000,1.740769,0.029481,80758.590000,80710.700000
29831955,2026-09-20T15:15,80781.790000,-0.218700,-0.910061,2026-09-20,249.000000,2.100982,0.614270,80781.780000,80720.480000
29831956,2026-09-20T15:16,80849.990000,-0.239400,0.216655,2026-09-20,259.000000,2.394380,0.787193,80849.990000,80781.780000
29831957,2026-09-20T15:17,80812.620000,-0.528700,0.351960,2026-09-20,371.000000,7.745524,0.071058,80858.850000,80792.770000
29831958,2026-09-20T15:18,80809.390000,-0.115100,-0.856975,2026-09-20,247.000000,1.589186,0.356903,80849.880000,80798.160000
29831959,2026-09-20T15:19,80797.510000,-0.103800,-0.285589,2026-09-20,276.000000,2.241509,0.327552,80849.140000,80797.500000
29831960,2026-09-20T15:20,80787.010000,-0.327600,-0.304118,2026-09-20,224.000000,1.163674,0.209886,80799.040000,80775.490000
29831961,2026-09-20T15:21,80759.210000,-0.511400,-0.578727,2026-09-20,158.000000,0.471810,0.366559,80807.990000,80759.200000
29831962,2026-09-20T15:22,80745.330000,0.076100,-0.274602,2026-09-20,201.000000,0.728711,0.378267,80767.320000,80734.510000
29831963,2026-09-20T15:23,80744.540000,-0.027800,-0.249611,2026-09-20,142.000000,0.673860,0.244630,80748.970000,80741.540000
29831964,2026-09-20T15:24,80780.960000,-0.481800,-0.670384,2026-09-20,253.000000,1.897731,0.793547,80800.920000,80744.540000
29831965,2026-09-20T15:25,80758.110000,-0.677600,0.566510,2026-09-20,164.000000,0.209657,0.420497,80777.190000,80751.200000
29831966,2026-09-20T15:26,80756.880000,-0.306300,-0.046403,2026-09-20,159.000000,0.169329,0.558974,80764.030000,80751.200000
29831967,2026-09-20T15:27,80705.480000,-0.600700,0.391543,2026-09-20,246.000000,2.382972,0.299698,80765.000000,80705.470000
29831968,2026-09-20T15:28,80662.380000,-0.524000,-0.588752,2026-09-20,284.000000,3.244566,0.427251,80705.470000,80662.370000
29831969,2026-09-20T15:29,80628.070000,-0.351200,0.198486,2026-09-20,281.000000,4.102945,0.326710,80662.370000,80628.060000
29831970,2026-09-20T15:30,80683.200000,-0.222000,-0.309895,2026-09-20,392.000000,6.421778,0.789712,80721.780000,80628.070000
29831971,2026-09-20T15:31,80725.430000,-0.470500,0.571720,2026-09-20,216.000000,0.719215,0.610719,80730.070000,80680.780000
29831972,2026-09-20T15:32,80744.990000,0.221900,0.207341,2026-09-20,140.000000,0.211486,0.703152,80745.000000,80713.450000
29831973,2026-09-20T15:33,80715.740000,-0.385600,-0.907629,2026-09-20,164.000000,3.484773,0.058616,80744.990000,80715.740000
29831974,2026-09-20T15:34,80699.680000,-0.338100,-0.125996,2026-09-20,176.000000,1.291557,0.306729,80715.750000,80663.940000
29831975,2026-09-20T15:35,80686.260000,-0.202500,-0.387626,2026-09-20,187.000000,0.590711,0.338685,80715.750000,80686.250000
29831976,2026-09-20T15:36,80707.670000,-0.200300,-0.321015,2026-09-20,119.000000,0.310047,0.343480,80707.670000,80686.250000
29831977,2026-09-20T15:37,80706.070000,-0.365900,-0.313040,2026-09-20,148.000000,0.205789,0.305009,80715.920000,80705.500000
29831978,2026-09-20T15:38,80744.120000,-0.361500,-0.390107,2026-09-20,160.000000,0.807187,0.803742,80744.130000,80706.060000
29831979,2026-09-20T15:39,80807.990000,0.169600,0.606507,2026-09-20,258.000000,6.110400,0.865940,80807.990000,80744.120000
29831980,2026-09-20T15:40,80769.010000,0.308500,0.734077,2026-09-20,475.000000,12.713253,0.141385,80845.360000,80763.180000
29831981,2026-09-20T15:41,80787.580000,-0.523400,-0.723563,2026-09-20,245.000000,0.967776,0.674305,80797.500000,80755.500000
29831982,2026-09-20T15:42,80839.330000,-0.131400,0.350261,2026-09-20,248.000000,0.779813,0.672464,80844.950000,80787.570000
29831983,2026-09-20T15:43,80815.140000,-0.444000,0.173586,2026-09-20,259.000000,1.118770,0.239700,80851.150000,80814.460000
29831984,2026-09-20T15:44,80806.170000,-0.449900,-0.466700,2026-09-20,179.000000,0.573066,0.507600,80816.860000,80798.000000
29831985,2026-09-20T15:45,80848.760000,0.241100,0.014448,2026-09-20,150.000000,0.424354,0.745052,80848.760000,80801.870000
29831986,2026-09-20T15:46,80842.450000,-0.343600,0.528174,2026-09-20,188.000000,0.653757,0.625981,80858.250000,80832.940000
29831987,2026-09-20T15:47,80839.830000,0.113000,0.275703,2026-09-20,184.000000,0.496694,0.294854,80844.930000,80829.000000
29831988,2026-09-20T15:48,80861.420000,-0.580700,-0.588761,2026-09-20,168.000000,0.607436,0.572975,80861.810000,80840.990000
29831989,2026-09-20T15:49,80862.740000,-0.356000,0.147138,2026-09-20,230.000000,1.967201,0.748870,80874.470000,80861.420000
29831990,2026-09-20T15:50,80830.100000,-0.251400,0.343785,2026-09-20,192.000000,1.262700,0.570465,80862.750000,80830.050000
29831991,2026-09-20T15:51,80870.990000,0.251700,0.389699,2026-09-20,188.000000,1.086286,0.569784,80870.990000,80831.160000
29831992,2026-09-20T15:52,80855.490000,-0.095100,0.139840,2026-09-20,220.000000,2.582597,0.819683,80869.720000,80844.610000
29831993,2026-09-20T15:53,80875.570000,-0.270000,0.631997,2026-09-20,252.000000,8.306326,0.932847,80881.000000,80854.540000
29831994,2026-09-20T15:54,80892.860000,-0.520900,0.902124,2026-09-20,237.000000,4.605871,0.847899,80910.260000,80875.570000
29831995,2026-09-20T15:55,80888.610000,-0.471300,0.194437,2026-09-20,200.000000,1.503714,0.426524,80899.220000,80881.500000
29831996,2026-09-20T15:56,80916.020000,0.294000,-0.146952,2026-09-20,188.000000,1.558819,0.759956,80918.950000,80888.600000
29831997,2026-09-20T15:57,80894.990000,-0.515500,0.520836,2026-09-20,285.000000,5.449611,0.420838,80941.150000,80894.990000
29831998,2026-09-20T15:58,80884.570000,-0.328400,-0.157828,2026-09-20,460.000000,6.393269,0.223812,80895.000000,80842.080000
29831999,2026-09-20T15:59,80872.100000,-0.285300,-0.556499,2026-09-20,562.000000,8.270171,0.383393,80918.030000,80869.160000
29832000,2026-09-20T16:00,80827.790000,-0.420900,-0.223926,2026-09-20,401.000000,3.563662,0.641381,80902.500000,80822.840000
29832001,2026-09-20T16:01,80822.420000,-0.487700,0.263166,2026-09-20,389.000000,2.910985,0.590816,80840.330000,80818.510000
29832002,2026-09-20T16:02,80801.580000,-0.179700,0.198165,2026-09-20,319.000000,2.651981,0.544870,80825.530000,80776.510000
29832003,2026-09-20T16:03,80849.990000,-0.422000,0.089653,2026-09-20,245.000000,0.433519,0.492123,80856.220000,80801.580000
29832004,2026-09-20T16:04,80839.490000,-0.447800,-0.015755,2026-09-20,239.000000,0.429533,0.281370,80849.990000,80817.760000
29832005,2026-09-20T16:05,80839.490000,-0.069000,-0.437260,2026-09-20,248.000000,0.517449,0.458203,80839.500000,80808.000000
29832006,2026-09-20T16:06,80880.100000,-0.345200,0.094040,2026-09-20,298.000000,0.913626,0.732178,80880.090000,80839.490000
29832007,2026-09-20T16:07,80952.040000,-0.388800,0.397201,2026-09-20,396.000000,4.898375,0.831815,80964.600000,80871.000000
29832008,2026-09-20T16:08,80948.350000,-0.056600,0.668071,2026-09-20,533.000000,7.490219,0.465381,81061.780000,80936.350000
29832009,2026-09-20T16:09,80983.330000,-0.152500,-0.077652,2026-09-20,384.000000,4.042270,0.508968,81002.300000,80922.700000
29832010,2026-09-20T16:10,81019.400000,-0.256900,0.056246,2026-09-20,397.000000,4.519245,0.385037,81019.400000,80953.520000
29832011,2026-09-20T16:11,81143.210000,0.173200,-0.306480,2026-09-20,500.000000,11.935494,0.618792,81156.040000,81019.400000
29832012,2026-09-20T16:12,81085.740000,-0.329600,0.243056,2026-09-20,424.000000,4.272031,0.686533,81175.490000,81084.270000
29832013,2026-09-20T16:13,81130.050000,0.077500,0.378808,2026-09-20,246.000000,0.641777,0.699705,81130.060000,81081.000000
29832014,2026-09-20T16:14,81158.490000,-0.323000,0.184193,2026-09-20,154.000000,0.526056,0.866445,81160.000000,81112.490000
29832015,2026-09-20T16:15,81174.120000,0.611600,0.838274,2026-09-20,439.000000,2.408007,0.868263,81175.000000,81117.090000
29832016,2026-09-20T16:16,81119.730000,0.489200,0.736851,2026-09-20,400.000000,10.829192,0.227492,81210.000000,81102.000000
29832017,2026-09-20T16:17,81142.150000,0.427900,-0.545233,2026-09-20,318.000000,1.446178,0.669855,81147.160000,81108.670000
29832018,2026-09-20T16:18,81118.740000,0.068500,0.402173,2026-09-20,256.000000,0.751628,0.591728,81156.310000,81118.730000
29832019,2026-09-20T16:19,81099.990000,-0.072000,-0.024460,2026-09-20,287.000000,1.618262,0.723482,81132.430000,81094.990000
29832020,2026-09-20T16:20,81028.490000,-0.161100,0.447798,2026-09-20,395.000000,4.960742,0.370942,81112.070000,81000.010000
29832021,2026-09-20T16:21,81037.390000,-0.082000,-0.256162,2026-09-20,299.000000,2.044435,0.796113,81094.210000,81022.230000
29832022,2026-09-20T16:22,81068.710000,-0.558100,0.591719,2026-09-20,276.000000,2.228375,0.782354,81069.750000,81034.140000
29832023,2026-09-20T16:23,81058.080000,-0.427800,0.558148,2026-09-20,417.000000,8.058302,0.357619,81123.620000,81044.410000
29832024,2026-09-20T16:24,81093.270000,-0.373300,-0.284310,2026-09-20,329.000000,4.873229,0.771197,81101.990000,81027.870000
29832025,2026-09-20T16:25,81060.050000,-0.200100,0.551740,2026-09-20,228.000000,0.951592,0.701832,81109.930000,81060.000000
29832026,2026-09-20T16:26,81112.430000,-0.611900,0.337671,2026-09-20,273.000000,1.575140,0.889728,81112.440000,81049.500000
29832027,2026-09-20T16:27,81120.040000,-0.336800,0.779456,2026-09-20,250.000000,1.242203,0.389761,81120.040000,81092.980000
29832028,2026-09-20T16:28,81246.620000,-0.208700,-0.223560,2026-09-20,425.000000,6.772373,0.780971,81252.000000,81120.040000
29832029,2026-09-20T16:29,81156.900000,-0.169800,0.559493,2026-09-20,422.000000,8.416027,0.297942,81250.000000,81148.360000
29832030,2026-09-20T16:30,81163.210000,-0.360800,-0.408545,2026-09-20,370.000000,3.305097,0.537430,81182.050000,81133.550000
29832031,2026-09-20T16:31,81096.450000,-0.257800,0.103313,2026-09-20,555.000000,12.412261,0.311105,81163.220000,81081.340000
29832032,2026-09-20T16:32,81182.100000,-0.440700,-0.378702,2026-09-20,331.000000,3.268714,0.816626,81182.960000,81081.480000
29832033,2026-09-20T16:33,81243.260000,-0.053300,0.633416,2026-09-20,367.000000,3.740782,0.573916,81271.670000,81179.710000
29832034,2026-09-20T16:34,81222.580000,-0.455100,0.141842,2026-09-20,468.000000,14.221122,0.520834,81255.060000,81191.300000
29832035,2026-09-20T16:35,81271.620000,-0.333000,0.043040,2026-09-20,369.000000,5.461924,0.830635,81278.410000,81201.500000
29832036,2026-09-20T16:36,81297.040000,0.192400,0.667984,2026-09-20,324.000000,5.892417,0.882376,81328.510000,81270.130000
29832037,2026-09-20T16:37,81333.830000,0.009500,0.746324,2026-09-20,284.000000,2.292302,0.646054,81343.100000,81280.500000
29832038,2026-09-20T16:38,81380.570000,0.181200,0.317499,2026-09-20,641.000000,16.141002,0.605353,81472.040000,81333.820000
29832039,2026-09-20T16:39,81333.010000,-0.351100,0.189696,2026-09-20,372.000000,4.439713,0.439727,81391.590000,81333.000000
29832040,2026-09-20T16:40,81318.950000,-0.414400,-0.060381,2026-09-20,360.000000,3.142874,0.465109,81348.690000,81259.500000
29832041,2026-09-20T16:41,81395.990000,-0.330500,-0.047857,2026-09-20,334.000000,4.042282,0.625311,81396.000000,81317.650000
29832042,2026-09-20T16:42,81445.980000,-0.519900,0.259071,2026-09-20,394.000000,7.767337,0.355908,81444.280000,81367.920000
29832043,2026-09-20T16:43,81365.810000,-0.245500,-0.310273,2026-09-20,386.000000,7.558014,0.143486,81448.480000,81333.000000
29832044,2026-09-20T16:44,81360.960000,-0.326800,-0.711480,2026-09-20,339.000000,2.835273,0.350067,81430.020000,81343.500000
29832045,2026-09-20T16:45,81401.200000,-0.335600,-0.299865,2026-09-20,288.000000,8.004820,0.093449,81427.490000,81367.350000
29832046,2026-09-20T16:46,81290.990000,0.070500,-0.813160,2026-09-20,418.000000,6.895251,0.266457,81401.190000,81261.690000
29832047,2026-09-20T16:47,81270.290000,-0.216500,-0.466894,2026-09-20,272.000000,1.125488,0.279638,81349.980000,81250.540000
29832048,2026-09-20T16:48,81257.860000,-0.617000,-0.409502,2026-09-20,299.000000,3.661409,0.274565,81293.820000,81200.000000
29832049,2026-09-20T16:49,81250.010000,-0.130600,-0.469956,2026-09-20,264.000000,1.126216,0.369011,81290.990000,81233.130000
29832050,2026-09-20T16:50,81285.540000,-0.397000,-0.220293,2026-09-20,278.000000,1.286746,0.687310,81287.560000,81217.570000
29832051,2026-09-20T16:51,81256.850000,-0.332600,0.328894,2026-09-20,427.000000,15.275413,0.551058,81309.640000,81245.520000
29832052,2026-09-20T16:52,81292.930000,-0.239200,0.105457,2026-09-20,347.000000,3.192266,0.331189,81306.360000,81231.010000
29832053,2026-09-20T16:53,81263.540000,0.400500,-0.307248,2026-09-20,273.000000,1.860390,0.504185,81305.700000,81263.540000
29832054,2026-09-20T16:54,81267.390000,0.172600,-0.034535,2026-09-20,291.000000,1.855564,0.538457,81280.000000,81239.680000
29832055,2026-09-20T16:55,81252.490000,-0.453300,0.087585,2026-09-20,250.000000,1.493224,0.390391,81276.700000,81248.160000
29832056,2026-09-20T16:56,81315.990000,-0.093500,-0.170184,2026-09-20,317.000000,4.372953,0.535339,81327.100000,81252.490000
29832057,2026-09-20T16:57,81327.150000,-0.341700,0.053341,2026-09-20,273.000000,2.672729,0.434798,81327.160000,81293.930000
29832058,2026-09-20T16:58,81290.960000,0.052700,-0.130099,2026-09-20,377.000000,8.067658,0.091739,81327.160000,81256.040000
29832059,2026-09-20T16:59,81311.990000,-0.314200,-0.816683,2026-09-20,302.000000,3.713584,0.272859,81312.000000,81252.780000
29832060,2026-09-20T17:00,81248.270000,0.348300,-0.454277,2026-09-20,346.000000,2.941260,0.498325,81321.760000,81245.320000
29832061,2026-09-20T17:01,81259.490000,-0.399400,-0.050882,2026-09-20,291.000000,2.010249,0.679920,81259.960000,81230.000000
29832062,2026-09-20T17:02,81271.270000,-0.477200,0.465032,2026-09-20,315.000000,1.056850,0.147078,81289.460000,81248.390000
29832063,2026-09-20T17:03,81309.860000,-0.052700,-0.704956,2026-09-20,283.000000,2.160651,0.649217,81313.140000,81262.490000
29832064,2026-09-20T17:04,81359.170000,-0.203300,0.298422,2026-09-20,396.000000,4.258112,0.611944,81360.420000,81297.810000
29832065,2026-09-20T17:05,81353.990000,0.042200,0.205217,2026-09-20,398.000000,2.915850,0.561383,81367.600000,81320.510000
29832066,2026-09-20T17:06,81414.940000,-0.614400,0.150006,2026-09-20,416.000000,5.890713,0.893349,81420.820000,81353.990000
29832067,2026-09-20T17:07,81339.420000,0.412200,0.786617,2026-09-20,474.000000,9.987261,0.415801,81437.990000,81322.500000
29832068,2026-09-20T17:08,81260.040000,0.269800,-0.252445,2026-09-20,434.000000,7.232323,0.486091,81339.410000,81250.000000
29832069,2026-09-20T17:09,81221.540000,-0.399200,0.155247,2026-09-20,360.000000,3.343310,0.542118,81274.970000,81219.320000
29832070,2026-09-20T17:10,81238.490000,-0.526000,0.084090,2026-09-20,360.000000,2.566255,0.923474,81242.510000,81208.030000
29832071,2026-09-20T17:11,81243.320000,-0.341700,0.859949,2026-09-20,292.000000,1.877927,0.703174,81263.220000,81218.240000
29832072,2026-09-20T17:12,81209.620000,-0.438200,0.404287,2026-09-20,262.000000,1.142373,0.621552,81238.510000,81206.420000
29832073,2026-09-20T17:13,81196.490000,-0.459800,0.249398,2026-09-20,346.000000,3.962289,0.370353,81209.630000,81147.200000
29832074,2026-09-20T17:14,81217.490000,-0.403100,-0.260070,2026-09-20,453.000000,12.075183,0.829764,81222.660000,81144.000000
29832075,2026-09-20T17:15,81207.610000,-0.591000,0.653944,2026-09-20,369.000000,3.598600,0.828533,81237.540000,81207.610000
29832076,2026-09-20T17:16,81238.210000,-0.559100,0.680446,2026-09-20,237.000000,2.472316,0.911319,81247.490000,81207.620000
29832077,2026-09-20T17:17,81189.960000,-0.252500,0.820072,2026-09-20,278.000000,2.128392,0.865149,81249.000000,81179.870000
29832078,2026-09-20T17:18,81238.510000,-0.607800,0.732958,2026-09-20,310.000000,3.017753,0.579741,81265.360000,81189.970000
29832079,2026-09-20T17:19,81217.540000,0.213000,0.186020,2026-09-20,378.000000,7.468869,0.481410,81248.990000,81212.330000
29832080,2026-09-20T17:20,81248.990000,-0.718000,-0.028093,2026-09-20,267.000000,2.949395,0.470696,81249.000000,81209.430000
29832081,2026-09-20T17:21,81273.430000,-0.789900,-0.129705,2026-09-20,276.000000,2.958143,0.835131,81274.950000,81216.660000
29832082,2026-09-20T17:22,81268.390000,-0.384700,0.647926,2026-09-20,299.000000,2.015992,0.753703,81308.030000,81265.010000
29832083,2026-09-20T17:23,81178.150000,-0.118200,0.537880,2026-09-20,250.000000,0.931721,0.444816,81268.870000,81175.500000
29832084,2026-09-20T17:24,81225.480000,-0.266200,-0.119912,2026-09-20,315.000000,2.571420,0.473573,81236.030000,81133.500000
29832085,2026-09-20T17:25,81280.490000,-0.373900,-0.049064,2026-09-20,314.000000,2.537512,0.673493,81280.500000,81217.490000
29832086,2026-09-20T17:26,81194.400000,-0.226200,0.340378,2026-09-20,313.000000,2.775592,0.293721,81289.990000,81186.010000
29832087,2026-09-20T17:27,81154.490000,-0.453700,-0.426477,2026-09-20,347.000000,6.100245,0.258750,81189.490000,81112.880000
29832088,2026-09-20T17:28,81181.150000,-0.253200,-0.475651,2026-09-20,305.000000,1.673880,0.626047,81191.330000,81136.210000
29832089,2026-09-20T17:29,81138.010000,-0.325000,0.252233,2026-09-20,278.000000,1.773555,0.772228,81181.150000,81137.670000
29832090,2026-09-20T17:30,81187.580000,0.170200,0.544425,2026-09-20,318.000000,2.716096,0.456185,81206.990000,81138.000000
29832091,2026-09-20T17:31,81179.790000,-0.049000,-0.188774,2026-09-20,252.000000,1.218051,0.290692,81205.210000,81179.420000
29832092,2026-09-20T17:32,81210.830000,-0.409700,-0.194932,2026-09-20,318.000000,5.714446,0.187490,81210.840000,81158.070000
29832093,2026-09-20T17:33,81223.150000,-0.397000,-0.624835,2026-09-20,332.000000,2.161321,0.516899,81231.310000,81194.380000
29832094,2026-09-20T17:34,81240.290000,-0.293400,0.033613,2026-09-20,309.000000,1.057825,0.460125,81278.960000,81221.520000
29832095,2026-09-20T17:35,81269.460000,-0.466100,-0.074604,2026-09-20,366.000000,7.912281,0.766257,81281.160000,81219.250000
29832096,2026-09-20T17:36,81291.150000,0.147800,0.533401,2026-09-20,427.000000,9.817217,0.222444,81343.490000,81266.480000
29832097,2026-09-20T17:37,81324.480000,-0.419300,-0.554968,2026-09-20,287.000000,1.291219,0.425483,81343.470000,81295.920000
29832098,2026-09-20T17:38,81368.320000,0.295800,-0.104697,2026-09-20,285.000000,1.650119,0.840775,81368.310000,81324.470000
29832099,2026-09-20T17:39,81338.290000,-0.330500,0.677374,2026-09-20,319.000000,2.365776,0.586237,81406.100000,81329.310000
29832100,2026-09-20T17:40,81323.830000,0.194100,0.150697,2026-09-20,249.000000,4.265053,0.153547,81338.300000,81318.230000
29832101,2026-09-20T17:41,81335.540000,0.291500,-0.691384,2026-09-20,228.000000,3.443656,0.081389,81338.910000,81322.330000
29832102,2026-09-20T17:42,81352.480000,-0.496000,-0.824116,2026-09-20,223.000000,0.368204,0.644847,81364.490000,81335.530000
29832103,2026-09-20T17:43,81357.260000,0.085300,0.267401,2026-09-20,254.000000,3.573257,0.106139,81357.260000,81339.610000
29832104,2026-09-20T17:44,81374.990000,-0.250100,-0.801915,2026-09-20,213.000000,0.676740,0.825383,81375.000000,81347.720000
29832105,2026-09-20T17:45,81382.100000,-0.140400,0.650766,2026-09-20,361.000000,7.690692,0.158987,81406.100000,81366.320000
29832106,2026-09-20T17:46,81367.330000,-0.369900,-0.684150,2026-09-20,245.000000,0.787220,0.636115,81382.090000,81351.970000
29832107,2026-09-20T17:47,81344.240000,-0.321800,0.362272,2026-09-20,306.000000,2.446703,0.750934,81371.840000,81333.000000
29832108,2026-09-20T17:48,81333.580000,0.302000,0.454994,2026-09-20,265.000000,0.893708,0.388720,81376.170000,81326.670000
29832109,2026-09-20T17:49,81306.260000,-0.306200,-0.147419,2026-09-20,255.000000,2.038975,0.506251,81333.580000,81300.000000
29832110,2026-09-20T17:50,81332.100000,-0.373900,0.012431,2026-09-20,305.000000,3.823205,0.803428,81332.090000,81280.510000
29832111,2026-09-20T17:51,81277.130000,-0.169100,0.607013,2026-09-20,308.000000,3.276131,0.275060,81333.580000,81257.090000
29832112,2026-09-20T17:52,81218.300000,-0.368900,-0.450558,2026-09-20,305.000000,3.574090,0.153302,81283.130000,81218.300000
29832113,2026-09-20T17:53,81156.200000,-0.512000,-0.693395,2026-09-20,484.000000,9.357031,0.212785,81221.630000,81135.030000
29832114,2026-09-20T17:54,81115.300000,0.440900,-0.558936,2026-09-20,344.000000,4.219896,0.343398,81153.690000,81115.290000
29832115,2026-09-20T17:55,81124.960000,-0.169700,-0.322668,2026-09-20,293.000000,3.090361,0.509940,81129.280000,81112.600000
29832116,2026-09-20T17:56,81132.460000,-0.037000,-0.000450,2026-09-20,470.000000,15.324486,0.431455,81142.940000,81039.000000
29832117,2026-09-20T17:57,81115.730000,-0.373900,-0.137126,2026-09-20,363.000000,8.231479,0.260434,81146.110000,81077.030000
29832118,2026-09-20T17:58,81110.620000,0.005700,-0.479177,2026-09-20,253.000000,2.915744,0.521207,81132.660000,81106.610000
29832119,2026-09-20T17:59,81129.330000,-0.175600,0.042598,2026-09-20,242.000000,3.749256,0.360322,81130.960000,81099.870000
29832120,2026-09-20T18:00,81108.140000,-0.032700,-0.279199,2026-09-20,227.000000,1.694801,0.140977,81129.330000,81100.050000
29832121,2026-09-20T18:01,81114.730000,-0.405700,-0.680496,2026-09-20,198.000000,0.746410,0.369372,81133.130000,81108.140000
29832122,2026-09-20T18:02,81112.260000,-0.430400,-0.865795,2026-09-20,320.000000,4.539649,0.176946,81122.860000,81072.410000
29832123,2026-09-20T18:03,81068.510000,-0.007600,-0.057099,2026-09-20,273.000000,4.246834,0.092848,81119.340000,81067.530000
29832124,2026-09-20T18:04,81065.610000,0.043100,-0.815682,2026-09-20,277.000000,4.594292,0.269762,81081.770000,81060.660000
29832125,2026-09-20T18:05,81041.860000,-0.540500,-0.456763,2026-09-20,341.000000,4.298713,0.114567,81066.460000,81024.380000
29832126,2026-09-20T18:06,81038.360000,-0.106000,-0.770867,2026-09-20,383.000000,5.998241,0.225033,81041.980000,80987.700000
29832127,2026-09-20T18:07,81130.550000,-0.239800,-0.549933,2026-09-20,303.000000,6.014179,0.798662,81140.000000,81024.980000
29832128,2026-09-20T18:08,81145.730000,-0.143200,0.502710,2026-09-20,365.000000,11.467969,0.809621,81184.700000,81102.010000
29832129,2026-09-20T18:09,81146.990000,-0.344000,0.674560,2026-09-20,256.000000,3.928010,0.868271,81153.720000,81136.110000
29832130,2026-09-20T18:10,81119.360000,-0.440800,0.736543,2026-09-20,274.000000,5.538215,0.853852,81147.550000,81113.280000
29832131,2026-09-20T18:11,81133.290000,-0.370200,0.708093,2026-09-20,241.000000,3.858618,0.895513,81133.290000,81102.250000
29832132,2026-09-20T18:12,81113.980000,-0.330700,0.790853,2026-09-20,264.000000,4.946146,0.603723,81133.300000,81100.000000
29832133,2026-09-20T18:13,81090.960000,-0.322100,0.206774,2026-09-20,254.000000,3.748655,0.653281,81114.230000,81069.510000
29832134,2026-09-20T18:14,81083.920000,-0.154100,0.306563,2026-09-20,277.000000,4.321860,0.794328,81090.960000,81072.840000
29832135,2026-09-20T18:15,81097.040000,-0.286800,0.591393,2026-09-20,215.000000,5.720503,0.528852,81097.950000,81071.190000
29832136,2026-09-20T18:16,81184.900000,-0.316700,0.052911,2026-09-20,414.000000,8.574521,0.775657,81189.130000,81097.030000
29832137,2026-09-20T18:17,81191.230000,-0.237000,0.551313,2026-09-20,259.000000,4.715210,0.735132,81193.750000,81173.970000
29832138,2026-09-20T18:18,81201.080000,-0.375000,0.470214,2026-09-20,282.000000,4.559201,0.912052,81220.990000,81189.720000
29832139,2026-09-20T18:19,81211.800000,-0.540000,0.824170,2026-09-20,297.000000,3.959941,0.687528,81226.520000,81201.070000
29832140,2026-09-20T18:20,81192.830000,-0.359900,0.345198,2026-09-20,231.000000,1.344554,0.529800,81213.000000,81192.790000
29832141,2026-09-20T18:21,81205.710000,-0.416300,0.133808,2026-09-20,220.000000,3.833236,0.955658,81208.390000,81192.820000
29832142,2026-09-20T18:22,81175.540000,-0.467100,0.911310,2026-09-20,231.000000,3.668694,0.744227,81211.500000,81165.300000
29832143,2026-09-20T18:23,81163.790000,-0.370500,0.488454,2026-09-20,194.000000,1.072356,0.574825,81189.000000,81158.360000
29832144,2026-09-20T18:24,81164.260000,-0.335900,0.089157,2026-09-20,195.000000,4.149432,0.948862,81164.250000,81154.500000
29832145,2026-09-20T18:25,81208.610000,0.290800,0.925243,2026-09-20,215.000000,1.388405,0.733898,81208.610000,81151.640000
29832146,2026-09-20T18:26,81222.730000,-0.324500,0.468061,2026-09-20,273.000000,6.610719,0.818429,81241.790000,81208.600000
29832147,2026-09-20T18:27,81250.890000,-0.358900,0.636858,2026-09-20,221.000000,3.586919,0.970520,81254.140000,81217.510000
29832148,2026-09-20T18:28,81233.640000,-0.323400,0.941250,2026-09-20,230.000000,1.989996,0.675879,81253.490000,81223.800000
29832149,2026-09-20T18:29,81253.740000,-0.362500,0.347561,2026-09-20,220.000000,4.401544,0.973212,81257.160000,81233.630000
29832150,2026-09-20T18:30,81279.990000,-0.296100,0.942878,2026-09-20,244.000000,1.796712,0.891170,81280.000000,81252.100000
29832151,2026-09-20T18:31,81229.990000,-0.367200,0.790228,2026-09-20,333.000000,7.320215,0.609493,81299.550000,81228.010000
29832152,2026-09-20T18:32,81230.960000,-0.431500,0.230943,2026-09-20,268.000000,4.658116,0.919450,81250.050000,81226.390000
29832153,2026-09-20T18:33,81246.320000,-0.049000,0.834874,2026-09-20,259.000000,2.175096,0.892252,81277.300000,81230.960000
29832154,2026-09-20T18:34,81223.070000,-0.492500,0.784458,2026-09-20,208.000000,2.029886,0.698392,81245.660000,81217.500000
29832155,2026-09-20T18:35,81218.510000,-0.423000,0.396766,2026-09-20,205.000000,1.546149,0.918971,81232.580000,81218.500000
29832156,2026-09-20T18:36,81192.900000,-0.398500,0.837941,2026-09-20,245.000000,2.427951,0.498667,81219.700000,81183.960000
29832157,2026-09-20T18:37,81190.480000,-0.374300,-0.002679,2026-09-20,185.000000,1.202651,0.209803,81197.790000,81187.560000
29832158,2026-09-20T18:38,81190.520000,0.053900,-0.580708,2026-09-20,210.000000,0.614761,0.519144,81202.720000,81175.500000
29832159,2026-09-20T18:39,81164.710000,-0.240800,0.039867,2026-09-20,237.000000,3.289336,0.116909,81190.550000,81157.150000
29832160,2026-09-20T18:40,81192.430000,-0.289700,-0.766182,2026-09-20,199.000000,1.130591,0.784187,81195.000000,81164.710000
29832161,2026-09-20T18:41,81205.570000,-0.602800,0.568375,2026-09-20,197.000000,3.000548,0.756037,81209.040000,81183.390000
29832162,2026-09-20T18:42,81187.770000,-0.017300,0.512074,2026-09-20,155.000000,0.307130,0.047085,81205.570000,81182.930000
29832163,2026-09-20T18:43,81190.540000,-0.369400,-0.905831,2026-09-20,158.000000,1.477310,0.126746,81199.190000,81186.930000
29832164,2026-09-20T18:44,81202.270000,0.158900,-0.746508,2026-09-20,151.000000,0.367992,0.464343,81204.000000,81187.970000
29832165,2026-09-20T18:45,81195.650000,-0.467200,-0.071366,2026-09-20,159.000000,0.383897,0.471614,81205.770000,81190.120000
29832166,2026-09-20T18:46,81175.510000,-0.447100,-0.056723,2026-09-20,173.000000,0.696870,0.389844,81207.210000,81175.500000
29832167,2026-09-20T18:47,81172.550000,-0.502900,-0.219208,2026-09-20,180.000000,1.109128,0.273621,81176.430000,81168.490000
29832168,2026-09-20T18:48,81143.990000,-0.429200,-0.453586,2026-09-20,255.000000,4.342112,0.159858,81172.550000,81093.440000
29832169,2026-09-20T18:49,81166.170000,-0.484600,-0.676372,2026-09-20,198.000000,2.132179,0.911784,81185.770000,81138.150000
29832170,2026-09-20T18:50,81091.510000,-0.361800,0.821925,2026-09-20,299.000000,4.677034,0.148559,81166.170000,81091.500000
29832171,2026-09-20T18:51,81074.290000,-0.416700,-0.702823,2026-09-20,246.000000,2.425474,0.480113,81091.510000,81068.060000
29832172,2026-09-20T18:52,81050.680000,-0.225300,-0.040271,2026-09-20,363.000000,4.978608,0.301232,81074.290000,81001.940000
29832173,2026-09-20T18:53,81054.990000,-0.468900,-0.397384,2026-09-20,232.000000,1.222900,0.817514,81062.440000,81028.580000
29832174,2026-09-20T18:54,81054.520000,-0.339500,0.635029,2026-09-20,158.000000,0.589291,0.269316,81071.990000,81054.520000
29832175,2026-09-20T18:55,81059.990000,0.157900,-0.461913,2026-09-20,158.000000,0.802144,0.770045,81059.990000,81022.890000
29832176,2026-09-20T18:56,81077.520000,-0.672900,0.541125,2026-09-20,146.000000,0.526000,0.156643,81082.990000,81059.990000
29832177,2026-09-20T18:57,81059.010000,-0.468300,-0.694770,2026-09-20,239.000000,3.335613,0.099848,81083.880000,81038.780000
29832178,2026-09-20T18:58,81038.880000,-0.558200,-0.799465,2026-09-20,142.000000,1.405712,0.052728,81059.010000,81038.790000
29832179,2026-09-20T18:59,81021.230000,-0.621900,-0.894545,2026-09-20,171.000000,2.714528,0.315846,81038.870000,80999.120000
29832180,2026-09-20T19:00,81050.260000,-0.360400,-0.196964,2026-09-20,207.000000,1.181434,0.662064,81051.130000,81020.320000
29832181,2026-09-20T19:01,81070.490000,-0.598500,-0.007120,2026-09-20,195.000000,1.064056,0.382290,81071.630000,81050.260000
29832182,2026-09-20T19:02,81090.240000,-0.565000,-0.235494,2026-09-20,103.000000,0.130469,0.570106,81090.250000,81070.490000
29832183,2026-09-20T19:03,81101.170000,0.110100,0.139588,2026-09-20,119.000000,0.350030,0.792937,81101.180000,81090.240000
29832184,2026-09-20T19:04,81081.680000,-0.435200,0.582471,2026-09-20,164.000000,1.155006,0.038614,81101.180000,81080.990000
29832185,2026-09-20T19:05,81110.010000,-0.529400,-0.922711,2026-09-20,207.000000,2.013321,0.711642,81112.490000,81081.000000
29832186,2026-09-20T19:06,81091.880000,-0.592600,0.423284,2026-09-20,208.000000,3.037746,0.119800,81110.020000,81081.000000
29832187,2026-09-20T19:07,81080.020000,-0.563900,-0.760400,2026-09-20,217.000000,0.995846,0.406000,81093.480000,81070.490000
29832188,2026-09-20T19:08,81098.540000,-0.435200,-0.187999,2026-09-20,317.000000,6.038304,0.725896,81111.460000,81072.750000
29832189,2026-09-20T19:09,81110.050000,-0.730400,0.451791,2026-09-20,256.000000,2.027858,0.241553,81112.500000,81084.270000
29832190,2026-09-20T19:10,81094.490000,-0.376100,-0.516893,2026-09-20,314.000000,5.789128,0.091616,81110.060000,81069.550000
29832191,2026-09-20T19:11,81089.070000,-0.510300,-0.816769,2026-09-20,182.000000,1.144676,0.322130,81103.500000,81076.830000
29832192,2026-09-20T19:12,81089.070000,-0.884800,-0.355740,2026-09-20,133.000000,0.505984,0.770358,81103.490000,81089.060000
29832193,2026-09-20T19:13,81097.390000,-0.841000,0.540716,2026-09-20,145.000000,0.806609,0.555575,81098.740000,81088.450000
29832194,2026-09-20T19:14,81064.200000,-0.440000,0.111150,2026-09-20,376.000000,2.350702,0.149975,81097.380000,81060.080000
29832195,2026-09-20T19:15,81074.730000,-0.975400,-0.700050,2026-09-20,129.000000,0.454488,0.844127,81074.730000,81064.190000
29832196,2026-09-20T19:16,81054.110000,-0.368000,0.688255,2026-09-20,280.000000,2.633883,0.196003,81074.720000,81049.230000
29832197,2026-09-20T19:17,81045.010000,0.006100,-0.607696,2026-09-20,106.000000,0.221457,0.139098,81061.420000,81040.590000
29832198,2026-09-20T19:18,81051.360000,-0.454900,0.512355,2026-09-20,221.000000,3.612805,0.874077,81056.130000,81041.480000
29832199,2026-09-20T19:19,81052.580000,-0.429700,0.702022,2026-09-20,143.000000,1.256250,0.898127,81053.900000,81041.710000
29832200,2026-09-20T19:20,81080.270000,-0.336100,0.873410,2026-09-20,189.000000,2.679100,0.947492,81080.270000,81052.590000
29832201,2026-09-20T19:21,81083.760000,-0.583600,0.842006,2026-09-20,141.000000,2.005701,0.456686,81088.480000,81080.980000
29832202,2026-09-20T19:22,81061.380000,-0.551000,-0.103643,2026-09-20,138.000000,1.227045,0.011122,81083.760000,81061.360000
29832203,2026-09-20T19:23,81068.960000,-0.033400,-0.976476,2026-09-20,120.000000,2.441236,0.932027,81068.970000,81061.370000
29832204,2026-09-20T19:24,81060.010000,-0.556500,0.871352,2026-09-20,253.000000,4.076760,0.431490,81074.600000,81060.000000
29832205,2026-09-20T19:25,81049.510000,-0.485300,-0.176782,2026-09-20,153.000000,0.851963,0.558961,81060.010000,81046.040000
29832206,2026-09-20T19:26,81055.480000,-0.309900,0.267982,2026-09-20,148.000000,1.455067,0.878257,81055.480000,81047.180000
29832207,2026-09-20T19:27,81085.460000,-0.489000,0.723303,2026-09-20,163.000000,5.327338,0.977623,81085.460000,81055.470000
29832208,2026-09-20T19:28,81088.740000,-0.110200,0.955246,2026-09-20,269.000000,13.043992,0.778370,81088.730000,81068.020000
29832209,2026-09-20T19:29,81103.490000,-0.295800,0.610597,2026-09-20,339.000000,19.259911,0.735819,81103.480000,81081.450000
29832210,2026-09-20T19:30,81137.380000,-0.424000,0.417030,2026-09-20,492.000000,21.800034,0.480029,81144.000000,81097.200000
29832211,2026-09-20T19:31,81170.790000,-0.400300,-0.040435,2026-09-20,229.000000,1.176294,0.833009,81173.980000,81137.370000
29832212,2026-09-20T19:32,81210.010000,-0.927900,0.681903,2026-09-20,283.000000,12.642744,0.762471,81215.610000,81170.780000
29832213,2026-09-20T19:33,81251.460000,0.296500,0.535052,2026-09-20,343.000000,12.713170,0.927436,81253.500000,81206.650000
29832214,2026-09-20T19:34,81259.490000,-0.350700,0.829686,2026-09-20,298.000000,6.405157,0.833552,81259.500000,81234.990000
29832215,2026-09-20T19:35,81237.390000,-0.213300,0.694710,2026-09-20,304.000000,6.985093,0.154919,81262.830000,81219.950000
29832216,2026-09-20T19:36,81267.960000,-0.628500,-0.687991,2026-09-20,219.000000,1.716572,0.660981,81267.960000,81237.390000
29832217,2026-09-20T19:37,81268.480000,-0.561200,0.321961,2026-09-20,311.000000,5.582097,0.573475,81278.070000,81261.890000
29832218,2026-09-20T19:38,81239.950000,0.111800,0.147043,2026-09-20,245.000000,2.636664,0.576863,81280.000000,81238.500000
29832219,2026-09-20T19:39,81231.350000,-0.483600,0.153711,2026-09-20,95.000000,1.107262,0.912608,81238.510000,81231.340000
29832220,2026-09-20T19:40,81259.180000,-0.117300,0.837682,2026-09-20,157.000000,1.024769,0.766339,81259.190000,81231.340000
29832221,2026-09-20T19:41,81238.450000,0.207300,0.490422,2026-09-20,167.000000,2.223226,0.010987,81269.980000,81235.800000
29832222,2026-09-20T19:42,81249.510000,-0.105700,-0.978579,2026-09-20,108.000000,0.181288,0.742771,81249.520000,81238.440000
29832223,2026-09-20T19:43,81209.030000,-0.557200,0.486133,2026-09-20,179.000000,3.298621,0.367426,81250.010000,81195.100000
29832224,2026-09-20T19:44,81210.320000,-0.106800,-0.265148,2026-09-20,154.000000,2.304232,0.742050,81213.430000,81201.630000
29832225,2026-09-20T19:45,81227.330000,0.630600,0.480602,2026-09-20,178.000000,2.033865,0.744819,81227.330000,81203.330000
29832226,2026-09-20T19:46,81233.230000,0.329800,0.493634,2026-09-20,149.000000,0.725706,0.106388,81238.500000,81227.320000
29832227,2026-09-20T19:47,81265.650000,0.235600,-0.791564,2026-09-20,276.000000,2.016497,0.715711,81279.590000,81233.220000
29832228,2026-09-20T19:48,81223.180000,-0.122000,0.442760,2026-09-20,201.000000,5.178233,0.015401,81265.660000,81213.750000
29832229,2026-09-20T19:49,81221.230000,-0.403900,-0.969900,2026-09-20,119.000000,0.502624,0.700142,81223.470000,81213.730000
29832230,2026-09-20T19:50,81247.830000,-0.215400,0.400214,2026-09-20,229.000000,1.856289,0.889612,81247.830000,81221.210000
29832231,2026-09-20T19:51,81247.830000,0.116100,0.766469,2026-09-20,135.000000,1.438353,0.503053,81247.830000,81240.510000
29832232,2026-09-20T19:52,81248.390000,-0.171900,0.015569,2026-09-20,125.000000,0.457307,0.314104,81248.500000,81246.870000
29832233,2026-09-20T19:53,81264.820000,-0.037500,-0.371791,2026-09-20,136.000000,1.128159,0.853248,81264.820000,81248.380000
29832234,2026-09-20T19:54,81256.170000,-0.084100,0.706111,2026-09-20,193.000000,2.803321,0.007927,81279.210000,81255.840000
29832235,2026-09-20T19:55,81228.120000,-0.567400,-0.985410,2026-09-20,158.000000,3.448663,0.040302,81255.850000,81223.660000
29832236,2026-09-20T19:56,81181.490000,-0.490300,-0.919633,2026-09-20,176.000000,2.039118,0.518045,81228.120000,81180.780000
29832237,2026-09-20T19:57,81156.580000,-0.162600,0.036090,2026-09-20,235.000000,2.012858,0.404553,81198.580000,81156.570000
29832238,2026-09-20T19:58,81145.420000,-0.074800,-0.179484,2026-09-20,217.000000,2.227437,0.810359,81156.850000,81129.380000
29832239,2026-09-20T19:59,81162.450000,0.134800,0.617585,2026-09-20,121.000000,0.238008,0.513907,81162.450000,81140.550000
29832240,2026-09-20T20:00,81180.580000,-0.465300,0.251890,2026-09-20,322.000000,7.588148,0.844249,81182.520000,81162.450000
29832241,2026-09-20T20:01,81201.650000,-0.005900,0.685286,2026-09-20,184.000000,3.428932,0.840454,81206.980000,81179.130000
29832242,2026-09-20T20:02,81198.900000,-0.624600,0.674594,2026-09-20,188.000000,2.391077,0.152126,81205.000000,81185.780000
29832243,2026-09-20T20:03,81189.710000,-0.269600,-0.699563,2026-09-20,141.000000,1.648544,0.779945,81198.900000,81187.650000
29832244,2026-09-20T20:04,81197.070000,-0.016800,0.603042,2026-09-20,139.000000,2.151246,0.810666,81202.160000,81189.710000
29832245,2026-09-20T20:05,81208.240000,-0.764000,0.621379,2026-09-20,166.000000,1.209715,0.171289,81208.240000,81196.240000
29832246,2026-09-20T20:06,81198.290000,-0.210200,-0.658396,2026-09-20,176.000000,1.701923,0.290542,81208.240000,81188.980000
29832247,2026-09-20T20:07,81195.820000,0.213900,-0.418932,2026-09-20,158.000000,1.199319,0.588219,81208.240000,81194.010000
29832248,2026-09-20T20:08,81180.260000,-0.448100,0.176483,2026-09-20,247.000000,4.049348,0.239529,81208.230000,81163.420000
29832249,2026-09-20T20:09,81175.490000,-0.461700,-0.520941,2026-09-20,187.000000,1.465452,0.477482,81183.040000,81167.670000
29832250,2026-09-20T20:10,81155.980000,-0.193500,-0.045036,2026-09-20,238.000000,1.787822,0.584484,81175.490000,81154.530000
29832251,2026-09-20T20:11,81133.510000,-0.343700,0.168969,2026-09-20,163.000000,0.717160,0.503605,81155.980000,81133.500000
29832252,2026-09-20T20:12,81132.900000,-0.703200,0.007211,2026-09-20,125.000000,2.057028,0.900415,81135.180000,81132.900000
29832253,2026-09-20T20:13,81132.900000,-0.716900,0.800831,2026-09-20,189.000000,5.886109,0.329632,81132.910000,81123.670000
29832254,2026-09-20T20:14,81128.540000,-0.591900,-0.340737,2026-09-20,173.000000,2.426220,0.529652,81132.910000,81127.010000
29832255,2026-09-20T20:15,81115.480000,-0.300900,0.122166,2026-09-20,432.000000,18.102288,0.187588,81156.070000,81098.270000
29832256,2026-09-20T20:16,81088.960000,-0.454100,-0.642532,2026-09-20,267.000000,2.212861,0.535491,81114.700000,81082.150000
29832257,2026-09-20T20:17,81107.110000,-0.450400,0.070983,2026-09-20,216.000000,1.954400,0.608308,81110.990000,81088.630000
29832258,2026-09-20T20:18,81099.930000,-0.426600,0.216616,2026-09-20,203.000000,0.960147,0.273188,81117.740000,81096.200000
29832259,2026-09-20T20:19,81109.460000,-0.316200,-0.446271,2026-09-20,218.000000,2.023586,0.777120,81131.900000,81100.720000
29832260,2026-09-20T20:20,81104.610000,-0.440200,0.553161,2026-09-20,160.000000,0.789804,0.207506,81121.940000,81104.600000
29832261,2026-09-20T20:21,81102.010000,-0.537100,-0.584990,2026-09-20,221.000000,0.798431,0.384580,81122.350000,81102.000000
29832262,2026-09-20T20:22,81107.490000,-0.499200,-0.292620,2026-09-20,391.000000,14.506894,0.546677,81127.730000,81093.150000
29832263,2026-09-20T20:23,81126.760000,-0.526600,0.096554,2026-09-20,172.000000,0.228000,0.687444,81128.340000,81105.850000
29832264,2026-09-20T20:24,81099.700000,-0.423400,0.562653,2026-09-20,216.000000,4.155849,0.184152,81130.000000,81097.170000
29832265,2026-09-20T20:25,81075.170000,-0.471200,-0.578912,2026-09-20,215.000000,2.699624,0.795936,81102.770000,81074.160000
29832266,2026-09-20T20:26,81112.490000,-0.359600,0.576400,2026-09-20,217.000000,2.699820,0.670917,81112.490000,81075.170000
29832267,2026-09-20T20:27,81135.860000,-0.498200,0.332071,2026-09-20,204.000000,2.079363,0.838786,81135.870000,81109.550000
29832268,2026-09-20T20:28,81194.110000,0.398000,0.677472,2026-09-20,212.000000,3.979054,0.956010,81194.110000,81134.600000
29832269,2026-09-20T20:29,81200.590000,-0.229300,0.907309,2026-09-20,306.000000,5.628164,0.082532,81210.000000,81162.980000
29832270,2026-09-20T20:30,81129.700000,-0.039300,-0.833658,2026-09-20,172.000000,2.125229,0.784612,81157.950000,81126.590000
29832271,2026-09-20T20:31,81131.210000,-0.105900,0.568616,2026-09-20,114.000000,0.443010,0.641315,81131.730000,81126.710000
29832272,2026-09-20T20:32,81123.010000,-0.324800,0.284462,2026-09-20,158.000000,1.109072,0.556975,81131.220000,81108.220000
29832273,2026-09-20T20:33,81107.960000,-0.173000,0.112279,2026-09-20,131.000000,0.407008,0.345902,81123.000000,81102.000000
29832274,2026-09-20T20:34,81104.490000,-0.301900,-0.307107,2026-09-20,118.000000,0.363090,0.126665,81109.580000,81101.220000
29832275,2026-09-20T20:35,81106.450000,-0.411600,-0.746648,2026-09-20,140.000000,1.354785,0.780330,81107.940000,81100.130000
29832276,2026-09-20T20:36,81091.330000,0.150600,0.560659,2026-09-20,165.000000,1.251100,0.828337,81106.580000,81090.370000
29832277,2026-09-20T20:37,81079.240000,-0.016800,0.656674,2026-09-20,132.000000,0.577551,0.193070,81092.250000,81076.050000
29832278,2026-09-20T20:38,81068.070000,-0.199000,-0.613861,2026-09-20,97.000000,0.453956,0.831944,81079.240000,81068.060000
29832279,2026-09-20T20:39,81115.480000,-0.301900,0.663888,2026-09-20,310.000000,6.919512,0.866548,81133.490000,81060.010000
29832280,2026-09-20T20:40,81081.700000,-0.229900,0.733095,2026-09-20,229.000000,1.390623,0.695257,81115.470000,81081.000000
29832281,2026-09-20T20:41,81112.490000,-0.397600,0.390477,2026-09-20,170.000000,1.076392,0.896234,81112.490000,81079.230000
29832282,2026-09-20T20:42,81126.140000,0.220900,0.792529,2026-09-20,171.000000,0.400156,0.237570,81132.510000,81112.490000
29832283,2026-09-20T20:43,81117.050000,-0.487100,-0.524860,2026-09-20,146.000000,1.873887,0.217409,81126.340000,81114.330000
29832284,2026-09-20T20:44,81120.740000,-0.405000,-0.565182,2026-09-20,152.000000,1.179229,0.045357,81125.210000,81115.490000
29832285,2026-09-20T20:45,81131.420000,-0.240100,-0.909289,2026-09-20,134.000000,0.634787,0.522627,81131.420000,81120.730000
29832286,2026-09-20T20:46,81206.960000,-0.370300,0.046207,2026-09-20,294.000000,5.064894,0.642554,81213.430000,81131.410000
29832287,2026-09-20T20:47,81091.510000,-0.421600,0.267712,2026-09-20,473.000000,12.125976,0.088447,81208.780000,81091.500000
29832288,2026-09-20T20:48,81120.760000,-0.323200,-0.821947,2026-09-20,200.000000,0.677892,0.577884,81122.550000,81079.230000
29832289,2026-09-20T20:49,81128.580000,-0.443900,0.158837,2026-09-20,210.000000,1.220786,0.296401,81133.490000,81108.860000
29832290,2026-09-20T20:50,81107.800000,-0.511200,-0.407197,2026-09-20,154.000000,0.583696,0.176788,81128.580000,81107.780000
29832291,2026-09-20T20:51,81091.980000,-0.395300,-0.646424,2026-09-20,153.000000,0.333997,0.441737,81124.170000,81091.370000
29832292,2026-09-20T20:52,81066.260000,-0.324300,-0.116526,2026-09-20,307.000000,8.599287,0.112817,81091.510000,81043.250000
29832293,2026-09-20T20:53,81066.740000,-0.342500,-0.774338,2026-09-20,135.000000,0.536188,0.579588,81077.560000,81065.760000
29832294,2026-09-20T20:54,81059.420000,-0.416100,0.159650,2026-09-20,214.000000,1.281663,0.966385,81070.110000,81052.620000
29832295,2026-09-20T20:55,81058.240000,0.567000,0.932746,2026-09-20,167.000000,0.693113,0.548574,81065.760000,81053.630000
29832296,2026-09-20T20:56,81080.010000,-0.364800,0.097149,2026-09-20,207.000000,0.337787,0.983328,81080.020000,81058.230000
29832297,2026-09-20T20:57,81073.170000,-0.369000,0.966654,2026-09-20,133.000000,0.819560,0.146883,81082.490000,81068.500000
29832298,2026-09-20T20:58,81065.830000,-0.473000,-0.706241,2026-09-20,142.000000,1.026838,0.377518,81073.170000,81059.490000
29832299,2026-09-20T20:59,81073.480000,-0.346200,-0.246791,2026-09-20,129.000000,0.478213,0.570421,81076.490000,81065.820000
29832300,2026-09-20T21:00,81062.710000,-0.416800,0.147246,2026-09-20,109.000000,1.662202,0.691203,81075.100000,81062.390000
29832301,2026-09-20T21:01,80990.240000,0.122300,0.382409,2026-09-20,274.000000,5.914761,0.417199,81062.710000,80986.500000
29832302,2026-09-20T21:02,80854.640000,0.104600,-0.166070,2026-09-20,598.000000,24.387238,0.391943,80987.840000,80836.520000
29832303,2026-09-20T21:03,80826.890000,-0.283400,-0.252599,2026-09-20,556.000000,13.368220,0.275711,80854.640000,80691.790000
29832304,2026-09-20T21:04,80861.350000,0.284300,-0.388631,2026-09-20,320.000000,3.248706,0.400367,80888.160000,80790.500000
29832305,2026-09-20T21:05,80917.490000,0.002200,-0.221661,2026-09-20,244.000000,3.091600,0.533165,80917.490000,80860.500000
29832306,2026-09-20T21:06,80939.580000,-0.208000,0.056075,2026-09-20,340.000000,8.244893,0.454807,80954.990000,80858.180000
29832307,2026-09-20T21:07,80935.740000,-0.574400,-0.085429,2026-09-20,250.000000,1.192847,0.678062,80951.590000,80923.500000
29832308,2026-09-20T21:08,80881.610000,-0.038000,0.349385,2026-09-20,409.000000,9.633616,0.200701,80942.580000,80881.600000
29832309,2026-09-20T21:09,80834.480000,-0.476200,-0.598597,2026-09-20,371.000000,4.602754,0.443258,80881.600000,80813.920000
29832310,2026-09-20T21:10,80692.510000,-0.258100,-0.110562,2026-09-20,456.000000,10.164540,0.556716,80834.470000,80692.500000
29832311,2026-09-20T21:11,80614.260000,0.061800,0.135970,2026-09-20,659.000000,14.134469,0.269571,80720.000000,80570.770000
29832312,2026-09-20T21:12,80693.890000,0.079200,-0.487432,2026-09-20,337.000000,5.053734,0.707391,80693.890000,80606.180000
29832313,2026-09-20T21:13,80692.490000,0.271900,0.413746,2026-09-20,314.000000,3.203005,0.632524,80700.980000,80654.840000
29832314,2026-09-20T21:14,80753.320000,0.109600,0.266649,2026-09-20,303.000000,2.926135,0.705697,80763.620000,80697.330000
29832315,2026-09-20T21:15,80784.180000,-0.240600,0.411272,2026-09-20,212.000000,1.254276,0.781087,80784.180000,80753.310000
29832316,2026-09-20T21:16,80819.510000,0.083100,0.562097,2026-09-20,284.000000,5.498913,0.921240,80819.500000,80784.180000
29832317,2026-09-20T21:17,80812.140000,-0.338700,0.848187,2026-09-20,171.000000,2.208743,0.441004,80821.060000,80800.570000
29832318,2026-09-20T21:18,80867.390000,-0.298200,-0.232988,2026-09-20,358.000000,4.664193,0.626138,80872.110000,80812.140000
29832319,2026-09-20T21:19,80891.990000,-0.536800,0.252276,2026-09-20,209.000000,1.805673,0.835233,80891.980000,80867.390000
29832320,2026-09-20T21:20,80834.040000,0.033900,0.670467,2026-09-20,376.000000,12.179769,0.310922,80915.090000,80829.000000
29832321,2026-09-20T21:21,80798.680000,-0.535800,-0.329883,2026-09-20,281.000000,3.469171,0.859736,80851.150000,80791.990000
29832322,2026-09-20T21:22,80799.300000,-0.441700,0.693290,2026-09-20,259.000000,2.752112,0.851467,80815.000000,80791.990000
29832323,2026-09-20T21:23,80814.900000,-0.169500,0.688020,2026-09-20,279.000000,3.801056,0.749605,80823.000000,80799.300000
29832324,2026-09-20T21:24,80779.520000,-0.371400,0.499180,2026-09-20,342.000000,5.793625,0.540255,80828.990000,80776.520000
29832325,2026-09-20T21:25,80838.950000,-0.289800,0.092125,2026-09-20,238.000000,1.928821,0.894780,80840.120000,80779.520000
29832326,2026-09-20T21:26,80820.010000,-0.477200,0.714697,2026-09-20,267.000000,3.561778,0.639331,80839.170000,80815.580000
29832327,2026-09-20T21:27,80842.520000,-0.426200,0.305004,2026-09-20,245.000000,2.293454,0.680412,80843.710000,80815.590000
29832328,2026-09-20T21:28,80848.210000,-0.607000,0.360823,2026-09-20,233.000000,3.451352,0.869494,80848.210000,80823.320000
29832329,2026-09-20T21:29,80862.010000,-0.560300,0.738993,2026-09-20,241.000000,1.364451,0.562189,80864.020000,80843.980000
29832330,2026-09-20T21:30,80902.490000,-0.553400,0.124339,2026-09-20,281.000000,3.319074,0.917454,80902.490000,80840.870000
29832331,2026-09-20T21:31,80895.290000,-0.457400,0.705798,2026-09-20,196.000000,0.358086,0.100558,80902.490000,80886.160000
29832332,2026-09-20T21:32,80918.920000,-0.563200,-0.330641,2026-09-20,249.000000,0.942016,0.330367,80918.930000,80894.310000
29832333,2026-09-20T21:33,80898.080000,-0.552500,-0.335797,2026-09-20,214.000000,1.033315,0.298920,80927.000000,80878.630000
29832334,2026-09-20T21:34,80892.900000,-0.381900,-0.405488,2026-09-20,203.000000,0.692020,0.809133,80898.080000,80892.890000
29832335,2026-09-20T21:35,80892.240000,-0.457800,0.617421,2026-09-20,233.000000,2.267738,0.530574,80912.990000,80891.310000
29832336,2026-09-20T21:36,80869.990000,-0.605300,0.061272,2026-09-20,203.000000,0.391463,0.040142,80892.230000,80868.380000
29832337,2026-09-20T21:37,80896.300000,0.142900,-0.919697,2026-09-20,245.000000,2.464186,0.404311,80907.860000,80867.350000
29832338,2026-09-20T21:38,80906.240000,-0.279900,-0.191717,2026-09-20,298.000000,2.320013,0.473544,80923.490000,80896.450000
29832339,2026-09-20T21:39,80898.040000,-0.123100,-0.051409,2026-09-20,182.000000,1.115967,0.178973,80906.240000,80891.830000
29832340,2026-09-20T21:40,80881.490000,-0.429000,-0.616689,2026-09-20,256.000000,2.548753,0.513900,80898.040000,80846.370000
29832341,2026-09-20T21:41,80845.580000,-0.431700,0.116745,2026-09-20,175.000000,1.108589,0.029090,80881.500000,80844.710000
29832342,2026-09-20T21:42,80827.990000,-0.589700,-0.943807,2026-09-20,176.000000,1.305856,0.222791,80845.580000,80814.760000
29832343,2026-09-20T21:43,80807.110000,-0.083000,-0.544442,2026-09-20,274.000000,3.007176,0.311746,80827.980000,80790.140000
29832344,2026-09-20T21:44,80775.070000,-0.568400,-0.376508,2026-09-20,267.000000,3.252834,0.364406,80804.600000,80768.610000
29832345,2026-09-20T21:45,80844.450000,-0.333300,-0.271111,2026-09-20,233.000000,1.589886,0.398197,80870.990000,80775.060000
29832346,2026-09-20T21:46,80859.240000,-0.412900,-0.205762,2026-09-20,368.000000,4.728448,0.198649,80885.000000,80827.650000
29832347,2026-09-20T21:47,80857.620000,-0.343800,-0.602365,2026-09-20,147.000000,0.257626,0.609547,80859.240000,80855.520000
29832348,2026-09-20T21:48,80910.420000,-0.548100,0.219095,2026-09-20,210.000000,1.048410,0.841766,80910.440000,80857.620000
29832349,2026-09-20T21:49,80890.720000,-0.249600,0.679306,2026-09-20,151.000000,1.032636,0.266138,80913.370000,80889.990000
29832350,2026-09-20T21:50,80885.230000,0.300800,-0.472489,2026-09-20,192.000000,0.638064,0.140608,80891.080000,80884.470000
29832351,2026-09-20T21:51,80923.490000,-0.053100,-0.713543,2026-09-20,338.000000,0.895096,0.776414,80931.110000,80884.470000
29832352,2026-09-20T21:52,80875.150000,-0.379400,0.553332,2026-09-20,171.000000,1.153170,0.205918,80934.000000,80871.040000
29832353,2026-09-20T21:53,80878.140000,0.429200,-0.588163,2026-09-20,135.000000,0.196560,0.545666,80887.600000,80875.310000
29832354,2026-09-20T21:54,80924.540000,-0.562000,0.091332,2026-09-20,179.000000,0.875675,0.352209,80924.540000,80878.140000
29832355,2026-09-20T21:55,80856.670000,-0.415900,-0.295843,2026-09-20,367.000000,12.921607,0.108253,80924.530000,80832.330000
29832356,2026-09-20T21:56,80883.210000,-0.438700,-0.783488,2026-09-20,215.000000,2.273799,0.765733,80884.680000,80855.060000
29832357,2026-09-20T21:57,80897.460000,0.190700,0.529706,2026-09-20,235.000000,2.070100,0.821056,80897.480000,80866.100000
29832358,2026-09-20T21:58,80914.800000,-0.328800,0.644228,2026-09-20,155.000000,5.066930,0.483312,80920.460000,80897.460000
29832359,2026-09-20T21:59,80920.290000,-0.311500,-0.037217,2026-09-20,198.000000,3.333710,0.867935,80920.280000,80908.140000
29832360,2026-09-20T22:00,80967.740000,-0.532800,0.749641,2026-09-20,337.000000,5.552055,0.846722,81000.000000,80920.280000
29832361,2026-09-20T22:01,80798.380000,-0.508700,0.688552,2026-09-20,421.000000,5.073532,0.529391,80967.730000,80785.020000
29832362,2026-09-20T22:02,80898.390000,-0.516700,0.088913,2026-09-20,365.000000,11.637170,0.868546,80900.400000,80756.440000
29832363,2026-09-20T22:03,80906.460000,-0.471600,0.733463,2026-09-20,302.000000,3.518127,0.544609,80905.550000,80880.630000
29832364,2026-09-20T22:04,80894.430000,-0.382300,-0.003408,2026-09-20,385.000000,4.509446,0.648016,80906.310000,80837.130000
29832365,2026-09-20T22:05,80910.820000,0.001200,0.401160,2026-09-20,513.000000,9.024023,0.417030,80919.500000,80893.810000
29832366,2026-09-20T22:06,80919.950000,-0.274600,-0.048342,2026-09-20,263.000000,5.400969,0.870988,80923.490000,80914.220000
29832367,2026-09-20T22:07,81017.760000,-0.451500,0.682540,2026-09-20,519.000000,8.970896,0.652438,81092.950000,80915.410000
29832368,2026-09-20T22:08,81052.780000,-0.348600,0.269092,2026-09-20,481.000000,7.065418,0.394440,81059.990000,80986.500000
29832369,2026-09-20T22:09,81168.200000,-0.170900,-0.181920,2026-09-20,397.000000,3.595902,0.593509,81187.970000,81046.430000
29832370,2026-09-20T22:10,81166.260000,-0.547900,0.158777,2026-09-20,402.000000,2.218044,0.517157,81180.080000,81133.500000
29832371,2026-09-20T22:11,81198.980000,0.180100,0.077208,2026-09-20,289.000000,1.483813,0.593422,81203.230000,81155.010000
29832372,2026-09-20T22:12,81211.760000,-0.304000,0.139043,2026-09-20,482.000000,13.004721,0.628720,81253.760000,81188.300000
29832373,2026-09-20T22:13,81267.920000,-0.061500,0.263490,2026-09-20,346.000000,5.033622,0.186591,81274.000000,81211.750000
29832374,2026-09-20T22:14,81274.990000,-0.525900,-0.637191,2026-09-20,324.000000,4.201076,0.494390,81280.000000,81243.890000
29832375,2026-09-20T22:15,81148.300000,0.142700,-0.007692,2026-09-20,464.000000,5.859988,0.282613,81274.990000,81134.430000
29832376,2026-09-20T22:16,81168.700000,-0.286300,-0.429079,2026-09-20,283.000000,2.261489,0.488511,81196.500000,81123.000000
29832377,2026-09-20T22:17,81129.040000,-0.401100,0.008472,2026-09-20,305.000000,3.366701,0.709513,81174.700000,81112.500000
29832378,2026-09-20T22:18,81106.580000,-0.341600,0.419027,2026-09-20,112.000000,0.393312,0.190292,81129.030000,81073.280000
29832379,2026-09-20T22:19,81123.010000,-0.447200,-0.619417,2026-09-20,447.000000,2.922899,0.653655,81168.010000,81107.580000
29832380,2026-09-20T22:20,81088.510000,-0.522900,0.320960,2026-09-20,286.000000,2.786050,0.226336,81153.850000,81081.260000
29832381,2026-09-20T22:21,81053.390000,0.069400,-0.580667,2026-09-20,283.000000,1.217094,0.567227,81088.500000,81044.680000
29832382,2026-09-20T22:22,81116.140000,-0.508700,0.215350,2026-09-20,277.000000,2.004110,0.239518,81125.000000,81053.380000
29832383,2026-09-20T22:23,81076.290000,-0.125400,-0.633571,2026-09-20,266.000000,0.987577,0.265849,81143.970000,81075.150000
29832384,2026-09-20T22:24,81102.080000,-0.469400,-0.439905,2026-09-20,232.000000,0.678133,0.635524,81115.180000,81076.280000
29832385,2026-09-20T22:25,81098.430000,-0.343300,0.272316,2026-09-20,268.000000,1.584563,0.187960,81112.490000,81068.740000
29832386,2026-09-20T22:26,81097.420000,-0.451100,-0.624138,2026-09-20,262.000000,1.561636,0.761506,81125.000000,81097.420000
29832387,2026-09-20T22:27,81116.990000,-0.266700,0.523133,2026-09-20,247.000000,0.612084,0.647591,81133.500000,81097.420000
29832388,2026-09-20T22:28,81108.300000,-0.382000,0.046056,2026-09-20,209.000000,0.741251,0.295590,81118.420000,81097.420000
29832389,2026-09-20T22:29,81146.740000,-0.247500,-0.268841,2026-09-20,254.000000,1.166439,0.636361,81160.280000,81101.820000
29832390,2026-09-20T22:30,81136.820000,-0.388300,0.272722,2026-09-20,275.000000,1.977001,0.765373,81158.020000,81135.180000
29832391,2026-09-20T22:31,81158.020000,-0.351900,0.530746,2026-09-20,251.000000,0.952483,0.716896,81158.030000,81136.810000
29832392,2026-09-20T22:32,81137.490000,-0.429800,0.433793,2026-09-20,307.000000,3.671045,0.751184,81165.000000,81133.500000
29832393,2026-09-20T22:33,81134.610000,-0.247600,0.502333,2026-09-20,369.000000,5.894974,0.396787,81151.690000,81099.630000
29832394,2026-09-20T22:34,81136.790000,-0.431300,-0.206414,2026-09-20,296.000000,2.288256,0.594093,81145.000000,81119.140000
29832395,2026-09-20T22:35,81165.420000,-0.280600,0.187212,2026-09-20,242.000000,0.886201,0.243964,81184.990000,81130.000000
29832396,2026-09-20T22:36,81160.580000,-0.536200,-0.545090,2026-09-20,288.000000,1.535693,0.654501,81165.740000,81144.790000
29832397,2026-09-20T22:37,81169.210000,-0.183400,0.396333,2026-09-20,268.000000,1.756975,0.296026,81177.880000,81151.180000
29832398,2026-09-20T22:38,81198.990000,-0.520000,-0.470300,2026-09-20,202.000000,0.366033,0.470659,81200.000000,81170.810000
29832399,2026-09-20T22:39,81251.290000,-0.326200,-0.058928,2026-09-20,290.000000,5.626970,0.923854,81259.490000,81196.560000
29832400,2026-09-20T22:40,81159.700000,-0.166900,0.009619,2026-09-20,467.000000,11.717137,0.154009,81251.290000,81135.070000
29832401,2026-09-20T22:41,81197.650000,-0.182700,-0.492113,2026-09-20,264.000000,1.493875,0.313547,81204.040000,81158.920000
29832402,2026-09-20T22:42,81165.420000,-0.043000,-0.372907,2026-09-20,298.000000,3.534155,0.088140,81197.650000,81159.240000
29832403,2026-09-20T22:43,81130.110000,-0.387400,-0.823720,2026-09-20,306.000000,3.716617,0.147902,81165.420000,81115.690000
29832404,2026-09-20T22:44,81094.230000,-0.252900,-0.704197,2026-09-20,393.000000,5.005025,0.104857,81133.350000,81085.000000
29832405,2026-09-20T22:45,81139.990000,-0.391100,-0.736378,2026-09-20,276.000000,1.700049,0.389434,81139.980000,81077.600000
29832406,2026-09-20T22:46,81134.430000,0.059800,-0.343955,2026-09-20,289.000000,2.173837,0.221485,81171.110000,81118.190000
29832407,2026-09-20T22:47,81139.360000,-0.295500,-0.557064,2026-09-20,324.000000,3.056660,0.089300,81162.980000,81126.200000
29832408,2026-09-20T22:48,81159.180000,-0.476100,-0.830387,2026-09-20,383.000000,3.628763,0.267350,81168.960000,81130.130000
29832409,2026-09-20T22:49,81173.400000,-0.282800,-0.353303,2026-09-20,311.000000,2.641697,0.534463,81175.500000,81143.520000
29832410,2026-09-20T22:50,81224.990000,-0.719900,-0.012264,2026-09-20,352.000000,5.547933,0.418387,81225.000000,81174.430000
29832411,2026-09-20T22:51,81251.860000,-0.536900,-0.163086,2026-09-20,240.000000,2.224108,0.854162,81259.490000,81216.540000
29832412,2026-09-20T22:52,81177.100000,0.058700,0.708396,2026-09-20,335.000000,8.157531,0.448970,81254.490000,81159.400000
29832413,2026-09-20T22:53,81183.140000,-0.357400,-0.102225,2026-09-20,295.000000,6.857254,0.730230,81208.000000,81175.840000
29832414,2026-09-20T22:54,81165.110000,-0.454500,0.461377,2026-09-20,360.000000,7.477312,0.260960,81194.990000,81147.080000
29832415,2026-09-20T22:55,81196.040000,-0.285900,-0.480392,2026-09-20,227.000000,0.801521,0.940724,81199.410000,81163.080000
29832416,2026-09-20T22:56,81202.790000,-0.246100,0.881448,2026-09-20,242.000000,1.270053,0.740448,81221.020000,81183.020000
29832417,2026-09-20T22:57,81182.390000,-0.423400,0.480603,2026-09-20,198.000000,0.313024,0.262935,81218.470000,81180.280000
29832418,2026-09-20T22:58,81173.260000,-0.515200,-0.473707,2026-09-20,204.000000,0.460197,0.067913,81193.660000,81168.910000
29832419,2026-09-20T22:59,81196.490000,-0.387700,-0.842429,2026-09-20,195.000000,0.498401,0.432135,81206.990000,81173.260000
29832420,2026-09-20T23:00,81159.540000,-0.527800,-0.169495,2026-09-20,212.000000,1.180594,0.239959,81196.500000,81148.090000
29832421,2026-09-20T23:01,81167.170000,-0.426100,-0.517436,2026-09-20,160.000000,0.921502,0.326148,81175.000000,81158.820000
29832422,2026-09-20T23:02,81148.010000,-0.509500,-0.347976,2026-09-20,314.000000,2.785108,0.270427,81167.170000,81123.510000
29832423,2026-09-20T23:03,81178.610000,0.125700,-0.382498,2026-09-20,204.000000,0.847283,0.623112,81186.000000,81148.010000
29832424,2026-09-20T23:04,81118.820000,-0.457700,0.078499,2026-09-20,344.000000,2.793625,0.622678,81178.020000,81106.510000
29832425,2026-09-20T23:05,81124.450000,-0.333200,0.245321,2026-09-20,212.000000,0.899266,0.597563,81138.040000,81106.520000
29832426,2026-09-20T23:06,81119.550000,-0.292600,0.190263,2026-09-20,177.000000,3.404171,0.929720,81135.340000,81116.910000
29832427,2026-09-20T23:07,81143.990000,0.055600,0.861756,2026-09-20,123.000000,0.343802,0.864467,81143.990000,81113.520000
29832428,2026-09-20T23:08,81153.210000,-0.442600,0.723528,2026-09-20,104.000000,0.093737,0.606666,81153.200000,81143.990000
29832429,2026-09-20T23:09,81195.170000,-0.144300,0.213332,2026-09-20,346.000000,9.514570,0.254523,81212.370000,81140.960000
29832430,2026-09-20T23:10,81192.640000,-0.256300,-0.490944,2026-09-20,206.000000,1.058110,0.363011,81206.990000,81176.520000
29832431,2026-09-20T23:11,81201.520000,-0.386600,-0.274695,2026-09-20,187.000000,0.842428,0.761262,81221.290000,81192.630000
29832432,2026-09-20T23:12,81227.990000,-0.156400,0.524218,2026-09-20,274.000000,3.290783,0.927096,81228.000000,81186.860000
29832433,2026-09-20T23:13,81182.540000,-0.392000,0.854709,2026-09-20,402.000000,6.069873,0.144287,81248.990000,81181.570000
29832434,2026-09-20T23:14,81129.140000,-0.203700,-0.714974,2026-09-20,342.000000,3.323501,0.306337,81182.550000,81125.080000
29832435,2026-09-20T23:15,81125.830000,-0.295200,-0.351799,2026-09-20,243.000000,1.373455,0.347379,81161.120000,81124.010000
29832436,2026-09-20T23:16,81147.490000,0.121500,-0.158615,2026-09-20,349.000000,3.606134,0.355146,81162.970000,81100.530000
29832437,2026-09-20T23:17,81195.080000,-0.181300,-0.388745,2026-09-20,262.000000,0.791339,0.537924,81195.080000,81147.490000
29832438,2026-09-20T23:18,81184.300000,0.131800,-0.017148,2026-09-20,177.000000,0.654119,0.217775,81203.270000,81177.670000
29832439,2026-09-20T23:19,81234.990000,-0.562700,-0.512305,2026-09-20,259.000000,2.142255,0.632360,81247.260000,81184.300000
29832440,2026-09-20T23:20,81232.490000,-0.583700,0.264719,2026-09-20,201.000000,1.053193,0.687939,81242.070000,81224.710000
29832441,2026-09-20T23:21,81237.730000,-0.421500,0.375879,2026-09-20,174.000000,0.641601,0.585262,81242.180000,81217.500000
29832442,2026-09-20T23:22,81246.140000,-0.285500,0.214939,2026-09-20,204.000000,1.719281,0.736608,81249.990000,81230.050000
29832443,2026-09-20T23:23,81236.330000,-0.360900,0.594288,2026-09-20,371.000000,9.142092,0.908866,81277.140000,81225.000000
29832444,2026-09-20T23:24,81287.270000,-0.095500,0.806101,2026-09-20,317.000000,4.658401,0.801498,81288.980000,81236.330000
29832445,2026-09-20T23:25,81232.520000,-0.356100,0.612558,2026-09-20,322.000000,4.782097,0.716125,81288.040000,81232.490000
29832446,2026-09-20T23:26,81209.100000,-0.242800,0.329181,2026-09-20,318.000000,3.766471,0.399514,81232.520000,81194.730000
29832447,2026-09-20T23:27,81200.510000,-0.442100,-0.170217,2026-09-20,202.000000,0.523372,0.609363,81209.640000,81197.300000
29832448,2026-09-20T23:28,81157.260000,-0.404700,0.219734,2026-09-20,195.000000,0.772156,0.410168,81200.520000,81155.500000
29832449,2026-09-20T23:29,81138.080000,-0.181100,-0.179663,2026-09-20,170.000000,0.801798,0.342467,81157.250000,81134.710000
29832450,2026-09-20T23:30,81126.050000,-0.452700,-0.315066,2026-09-20,217.000000,1.171090,0.474231,81145.360000,81123.010000
29832451,2026-09-20T23:31,81135.740000,-0.261500,-0.051537,2026-09-20,228.000000,1.825643,0.362379,81164.990000,81121.900000
29832452,2026-09-20T23:32,81140.290000,-0.085800,-0.275243,2026-09-20,226.000000,1.041352,0.464282,81175.490000,81133.500000
29832453,2026-09-20T23:33,81151.390000,-0.237200,-0.071331,2026-09-20,227.000000,0.868526,0.226379,81160.620000,81124.730000
29832454,2026-09-20T23:34,81123.010000,-0.060700,-0.547545,2026-09-20,209.000000,1.436391,0.658317,81151.390000,81123.000000
29832455,2026-09-20T23:35,81136.230000,-0.473800,0.315933,2026-09-20,202.000000,2.473425,0.828383,81137.090000,81110.000000
29832456,2026-09-20T23:36,81154.490000,-0.169200,0.657435,2026-09-20,221.000000,2.047337,0.783976,81154.540000,81130.130000
29832457,2026-09-20T23:37,81156.230000,-0.140600,0.572550,2026-09-20,194.000000,1.007162,0.417783,81176.090000,81154.490000
29832458,2026-09-20T23:38,81269.990000,0.130400,-0.069910,2026-09-20,460.000000,25.574765,0.820408,81269.990000,81156.230000
29832459,2026-09-20T23:39,81207.010000,0.045600,0.639175,2026-09-20,335.000000,4.174101,0.408197,81269.990000,81207.000000
29832460,2026-09-20T23:40,81160.540000,-0.346300,-0.193089,2026-09-20,311.000000,1.702794,0.371429,81207.010000,81151.160000
29832461,2026-09-20T23:41,81233.240000,-0.135400,-0.175628,2026-09-20,365.000000,12.154394,0.867809,81253.800000,81160.530000
29832462,2026-09-20T23:42,81233.110000,0.279700,0.734237,2026-09-20,455.000000,3.959412,0.095294,81257.180000,81228.060000
29832463,2026-09-20T23:43,81248.990000,0.509900,-0.811529,2026-09-20,253.000000,1.622703,0.344147,81249.000000,81213.800000
29832464,2026-09-20T23:44,81242.450000,0.409400,-0.311706,2026-09-20,256.000000,1.311264,0.560574,81259.480000,81231.070000
29832465,2026-09-20T23:45,81239.620000,-0.528700,0.118588,2026-09-20,356.000000,5.055342,0.827357,81249.170000,81231.070000
29832466,2026-09-20T23:46,81175.010000,0.281900,0.654730,2026-09-20,388.000000,8.580885,0.340263,81277.370000,81175.000000
29832467,2026-09-20T23:47,81190.020000,-0.379300,-0.323290,2026-09-20,315.000000,2.931436,0.505099,81202.460000,81154.500000
29832468,2026-09-20T23:48,81232.400000,0.230000,0.032005,2026-09-20,280.000000,2.178348,0.835329,81238.980000,81190.020000
29832469,2026-09-20T23:49,81256.140000,-0.162100,0.688093,2026-09-20,356.000000,7.006355,0.558579,81261.970000,81230.700000
29832470,2026-09-20T23:50,81259.510000,0.067000,0.094083,2026-09-20,405.000000,7.206969,0.549853,81320.000000,81256.130000
29832471,2026-09-20T23:51,81220.880000,0.415700,0.157688,2026-09-20,371.000000,2.350177,0.483143,81296.020000,81217.500000
29832472,2026-09-20T23:52,81227.650000,0.082300,-0.269272,2026-09-20,240.000000,0.727886,0.492775,81232.020000,81215.010000
29832473,2026-09-20T23:53,81187.650000,0.176500,-0.162607,2026-09-20,321.000000,5.245296,0.184654,81233.110000,81187.650000
29832474,2026-09-20T23:54,81171.380000,-0.225600,-0.625410,2026-09-20,325.000000,3.773432,0.595844,81187.660000,81137.720000
29832475,2026-09-20T23:55,81160.580000,-0.222900,0.191463,2026-09-20,383.000000,6.746365,0.638035,81175.490000,81137.710000
29832476,2026-09-20T23:56,81167.460000,-0.147100,0.275697,2026-09-20,195.000000,0.505554,0.399690,81173.230000,81162.500000
29832477,2026-09-20T23:57,81150.400000,-0.309000,-0.197445,2026-09-20,185.000000,0.449865,0.327229,81167.460000,81150.400000
29832478,2026-09-20T23:58,81129.300000,-0.274700,-0.344424,2026-09-20,212.000000,1.986520,0.245749,81150.410000,81128.920000
29832479,2026-09-20T23:59,81159.990000,-0.289900,-0.507698,2026-09-20,361.000000,10.047719,0.742417,81182.250000,81124.200000
