minute_epoch,minute_utc,close,book_imb,ofi,day,trades,volume,buy_share,high,low
29828160,2026-09-18T00:00,76331.230000,-0.431600,-0.884184,2026-09-18,329,1.001392,0.563810,76368.220000,76330.820000
29828161,2026-09-18T00:01,76335.210000,-0.369300,0.246032,2026-09-18,269,0.497763,0.253288,76337.750000,76321.950000
29828162,2026-09-18T00:02,76349.200000,-0.387300,-0.493463,2026-09-18,342,1.637150,0.441416,76359.590000,76329.810000
29828163,2026-09-18T00:03,76366.400000,-0.280600,-0.115435,2026-09-18,275,1.000874,0.232127,76377.590000,76346.550000
29828164,2026-09-18T00:04,76359.770000,-0.113700,-0.539661,2026-09-18,300,1.150984,0.485407,76366.410000,76352.450000
29828165,2026-09-18T00:05,76319.110000,-0.428000,-0.029186,2026-09-18,279,1.427780,0.110273,76362.940000,76319.100000
29828166,2026-09-18T00:06,76356.260000,-0.442900,-0.771554,2026-09-18,370,10.066750,0.600248,76365.030000,76307.490000
29828167,2026-09-18T00:07,76320.200000,-0.341700,0.183215,2026-09-18,253,1.916910,0.178857,76361.350000,76319.100000
29828168,2026-09-18T00:08,76324.390000,-0.419700,-0.613247,2026-09-18,272,0.910506,0.407708,76330.870000,76320.190000
29828169,2026-09-18T00:09,76377.600000,-0.315800,-0.184989,2026-09-18,270,0.362357,0.881168,76377.600000,76324.390000
29828170,2026-09-18T00:10,76362.740000,-0.574800,0.759543,2026-09-18,268,0.799596,0.142882,76389.290000,76361.800000
29828171,2026-09-18T00:11,76335.290000,-0.659400,-0.706888,2026-09-18,252,0.501994,0.169199,76362.750000,76335.280000
29828172,2026-09-18T00:12,76309.210000,-0.662500,-0.665122,2026-09-18,266,1.050111,0.122833,76336.490000,76307.980000
29828173,2026-09-18T00:13,76392.960000,-0.413700,-0.755781,2026-09-18,382,7.463395,0.903279,76396.560000,76309.210000
29828174,2026-09-18T00:14,76402.540000,-0.468700,0.806445,2026-09-18,501,11.608585,0.626555,76409.380000,76365.900000
29828175,2026-09-18T00:15,76361.980000,-0.210900,0.245427,2026-09-18,277,1.059254,0.133955,76402.540000,76355.110000
29828176,2026-09-18T00:16,76328.860000,-0.533500,-0.650128,2026-09-18,303,4.471605,0.166509,76354.200000,76320.790000
29828177,2026-09-18T00:17,76309.460000,-0.343400,-0.682712,2026-09-18,370,4.964460,0.864439,76328.850000,76302.250000
29828178,2026-09-18T00:18,76298.510000,-0.216400,0.734033,2026-09-18,277,1.375124,0.113228,76309.460000,76295.700000
29828179,2026-09-18T00:19,76284.770000,-0.341500,-0.773278,2026-09-18,317,1.407736,0.362982,76300.420000,76281.880000
29828180,2026-09-18T00:20,76264.390000,-0.638000,-0.272889,2026-09-18,396,1.891480,0.185613,76290.730000,76260.600000
29828181,2026-09-18T00:21,76250.880000,-0.424700,-0.724514,2026-09-18,480,4.636088,0.435741,76260.850000,76235.080000
29828182,2026-09-18T00:22,76265.460000,-0.360700,0.012546,2026-09-18,327,2.152013,0.262135,76271.530000,76249.340000
29828183,2026-09-18T00:23,76283.230000,-0.224000,-0.474005,2026-09-18,299,1.368216,0.112134,76283.220000,76268.180000
29828184,2026-09-18T00:24,76290.640000,-0.362700,-0.778262,2026-09-18,459,5.560751,0.538226,76295.700000,76265.350000
29828185,2026-09-18T00:25,76305.390000,-0.243900,0.076702,2026-09-18,209,0.831352,0.548879,76305.390000,76279.180000
29828186,2026-09-18T00:26,76305.140000,-0.172400,0.096581,2026-09-18,202,1.679166,0.044702,76305.390000,76300.180000
29828187,2026-09-18T00:27,76260.010000,-0.178000,-0.911323,2026-09-18,327,7.413775,0.124581,76305.130000,76260.000000
29828188,2026-09-18T00:28,76243.040000,-0.481000,-0.750835,2026-09-18,381,3.767779,0.242631,76260.550000,76242.520000
29828189,2026-09-18T00:29,76316.640000,-0.407400,-0.514613,2026-09-18,876,12.030361,0.714491,76316.630000,76205.460000
29828190,2026-09-18T00:30,76330.790000,0.187700,0.413868,2026-09-18,376,3.516513,0.342417,76330.790000,76303.800000
29828191,2026-09-18T00:31,76327.680000,-0.513800,-0.289198,2026-09-18,221,1.132415,0.057906,76330.800000,76327.680000
29828192,2026-09-18T00:32,76349.290000,-0.366900,-0.881430,2026-09-18,281,2.721821,0.220436,76364.990000,76327.680000
29828193,2026-09-18T00:33,76367.400000,-0.549100,-0.560066,2026-09-18,256,0.747593,0.444505,76375.640000,76349.290000
29828194,2026-09-18T00:34,76385.320000,-0.429900,-0.110601,2026-09-18,241,0.837471,0.214026,76386.310000,76367.400000
29828195,2026-09-18T00:35,76363.460000,-0.214500,-0.572446,2026-09-18,245,0.594988,0.570414,76385.310000,76363.460000
29828196,2026-09-18T00:36,76335.460000,0.012500,0.023835,2026-09-18,252,0.840158,0.303550,76363.470000,76330.800000
29828197,2026-09-18T00:37,76352.260000,0.122700,-0.342092,2026-09-18,256,0.808726,0.336909,76353.670000,76319.110000
29828198,2026-09-18T00:38,76310.010000,-0.280000,-0.326136,2026-09-18,257,1.781578,0.595581,76357.810000,76310.010000
29828199,2026-09-18T00:39,76306.740000,-0.385200,0.202382,2026-09-18,255,1.028982,0.373044,76320.010000,76298.450000
29828200,2026-09-18T00:40,76280.330000,-0.432300,-0.286813,2026-09-18,274,1.844134,0.280345,76302.340000,76274.340000
29828201,2026-09-18T00:41,76304.460000,-0.388500,-0.438513,2026-09-18,293,1.274206,0.765173,76307.400000,76280.320000
29828202,2026-09-18T00:42,76304.550000,-0.511300,0.338181,2026-09-18,263,0.819101,0.386313,76314.990000,76302.080000
29828203,2026-09-18T00:43,76333.710000,-0.488800,-0.006441,2026-09-18,223,1.386669,0.209117,76336.620000,76304.550000
29828204,2026-09-18T00:44,76368.240000,-0.326500,-0.581688,2026-09-18,229,1.355366,0.146514,76370.510000,76333.710000
29828205,2026-09-18T00:45,76333.710000,-0.148000,-0.706972,2026-09-18,301,2.863583,0.045104,76368.230000,76333.710000
29828206,2026-09-18T00:46,76347.110000,-0.401300,-0.838201,2026-09-18,284,1.139911,0.369898,76364.080000,76333.710000
29828207,2026-09-18T00:47,76341.760000,-0.333600,-0.392814,2026-09-18,304,1.075243,0.190042,76360.350000,76341.750000
29828208,2026-09-18T00:48,76356.920000,-0.406300,-0.637244,2026-09-18,363,3.194077,0.053245,76367.430000,76338.000000
29828209,2026-09-18T00:49,76362.490000,-0.397400,-0.891682,2026-09-18,376,2.155403,0.147673,76377.130000,76356.910000
29828210,2026-09-18T00:50,76370.790000,-0.320400,-0.706541,2026-09-18,315,0.742104,0.279434,76371.400000,76354.940000
29828211,2026-09-18T00:51,76404.740000,-0.250000,-0.426166,2026-09-18,394,2.199798,0.525816,76412.690000,76368.880000
29828212,2026-09-18T00:52,76434.050000,0.326500,0.046606,2026-09-18,414,1.528991,0.079772,76434.980000,76404.730000
29828213,2026-09-18T00:53,76469.430000,-0.274800,-0.840925,2026-09-18,490,2.743920,0.226929,76481.370000,76434.050000
29828214,2026-09-18T00:54,76498.990000,0.329400,-0.547473,2026-09-18,348,3.143151,0.592984,76500.000000,76463.780000
29828215,2026-09-18T00:55,76481.260000,-0.377800,0.195961,2026-09-18,298,0.965318,0.217715,76505.380000,76476.670000
29828216,2026-09-18T00:56,76497.330000,0.045000,-0.566907,2026-09-18,215,0.330681,0.585583,76506.590000,76481.250000
29828217,2026-09-18T00:57,76514.860000,-0.401900,0.211410,2026-09-18,286,1.913387,0.226210,76514.870000,76487.110000
29828218,2026-09-18T00:58,76512.580000,-0.038800,-0.551258,2026-09-18,235,0.747156,0.286697,76514.870000,76504.630000
29828219,2026-09-18T00:59,76526.110000,-0.342200,-0.431484,2026-09-18,352,8.829854,0.267532,76532.700000,76502.880000
29828220,2026-09-18T01:00,76570.230000,-0.220300,-0.462321,2026-09-18,322,3.135697,0.656367,76575.500000,76526.100000
29828221,2026-09-18T01:01,76547.580000,-0.325800,0.311200,2026-09-18,384,3.160341,0.290629,76621.540000,76533.320000
29828222,2026-09-18T01:02,76525.330000,-0.624200,-0.410439,2026-09-18,322,3.463089,0.082671,76567.390000,76524.330000
29828223,2026-09-18T01:03,76508.080000,-0.225300,-0.853799,2026-09-18,312,1.229538,0.474237,76526.600000,76496.480000
29828224,2026-09-18T01:04,76507.210000,0.140000,-0.048532,2026-09-18,261,0.258361,0.573314,76528.440000,76502.960000
29828225,2026-09-18T01:05,76553.110000,-0.075100,0.134182,2026-09-18,293,1.399550,0.381893,76579.850000,76509.140000
29828226,2026-09-18T01:06,76553.080000,-0.384900,-0.236202,2026-09-18,268,1.826732,0.146433,76554.620000,76517.750000
29828227,2026-09-18T01:07,76567.330000,-0.161400,-0.718110,2026-09-18,288,1.935011,0.167562,76574.300000,76535.320000
29828228,2026-09-18T01:08,76576.820000,-0.288100,-0.652102,2026-09-18,226,0.480455,0.388155,76596.530000,76567.320000
29828229,2026-09-18T01:09,76586.960000,-0.186900,-0.228120,2026-09-18,265,1.445717,0.305203,76599.900000,76564.800000
29828230,2026-09-18T01:10,76609.880000,-0.271400,-0.361268,2026-09-18,327,1.982809,0.218397,76623.290000,76576.240000
29828231,2026-09-18T01:11,76601.100000,-0.354800,-0.600026,2026-09-18,325,1.150406,0.410204,76619.270000,76580.380000
29828232,2026-09-18T01:12,76594.960000,-0.328500,-0.003473,2026-09-18,331,2.684279,0.251685,76616.610000,76570.310000
29828233,2026-09-18T01:13,76523.260000,-0.023000,-0.617957,2026-09-18,628,13.345037,0.132394,76597.190000,76501.530000
29828234,2026-09-18T01:14,76490.390000,0.138700,-0.718748,2026-09-18,435,12.263235,0.164217,76540.000000,76469.890000
29828235,2026-09-18T01:15,76466.430000,-0.368400,-0.689260,2026-09-18,337,2.303153,0.643715,76487.460000,76444.320000
29828236,2026-09-18T01:16,76454.740000,-0.113500,0.288281,2026-09-18,325,1.938994,0.115617,76486.770000,76446.170000
29828237,2026-09-18T01:17,76469.540000,-0.147500,-0.770570,2026-09-18,289,0.890008,0.492395,76469.530000,76446.170000
29828238,2026-09-18T01:18,76482.900000,-0.262500,-0.013758,2026-09-18,358,10.946956,0.822926,76516.490000,76467.440000
29828239,2026-09-18T01:19,76517.990000,-0.490900,0.647329,2026-09-18,246,1.405524,0.335620,76524.550000,76482.900000
29828240,2026-09-18T01:20,76576.330000,-0.016400,-0.297750,2026-09-18,270,1.369739,0.233875,76576.490000,76517.990000
29828241,2026-09-18T01:21,76539.470000,0.416900,-0.626578,2026-09-18,363,12.424631,0.071547,76581.630000,76530.340000
29828242,2026-09-18T01:22,76526.570000,0.144900,-0.856993,2026-09-18,249,0.861822,0.606589,76541.780000,76522.660000
29828243,2026-09-18T01:23,76526.700000,0.342900,0.223972,2026-09-18,214,1.147207,0.188634,76542.450000,76523.000000
29828244,2026-09-18T01:24,76530.200000,-0.223800,-0.622731,2026-09-18,239,0.740904,0.215660,76542.010000,76524.650000
29828245,2026-09-18T01:25,76520.770000,0.129100,-0.568129,2026-09-18,235,0.721907,0.141964,76530.200000,76510.000000
29828246,2026-09-18T01:26,76513.960000,-0.146800,-0.716691,2026-09-18,219,0.693884,0.407829,76520.780000,76510.000000
29828247,2026-09-18T01:27,76513.710000,0.075200,-0.184341,2026-09-18,249,0.607304,0.332362,76521.020000,76501.960000
29828248,2026-09-18T01:28,76509.260000,0.471000,-0.334850,2026-09-18,238,0.782772,0.327234,76514.530000,76501.970000
29828249,2026-09-18T01:29,76528.080000,-0.360400,-0.196896,2026-09-18,246,0.496061,0.344419,76533.320000,76509.290000
29828250,2026-09-18T01:30,76537.020000,-0.253300,-0.638647,2026-09-18,308,1.216730,0.257033,76540.910000,76520.870000
29828251,2026-09-18T01:31,76551.520000,-0.488200,-0.255054,2026-09-18,235,1.289951,0.228781,76561.770000,76534.770000
29828252,2026-09-18T01:32,76527.510000,0.351200,-0.858031,2026-09-18,312,1.314329,0.074947,76551.530000,76518.000000
29828253,2026-09-18T01:33,76525.260000,-0.254400,-0.850197,2026-09-18,247,0.464755,0.436212,76534.430000,76518.000000
29828254,2026-09-18T01:34,76522.640000,-0.160600,-0.181846,2026-09-18,301,1.707372,0.321252,76540.080000,76520.620000
29828255,2026-09-18T01:35,76519.240000,-0.102600,-0.346097,2026-09-18,295,0.743325,0.419899,76524.640000,76509.830000
29828256,2026-09-18T01:36,76522.600000,-0.245400,-0.160202,2026-09-18,284,0.964400,0.174380,76530.220000,76516.790000
29828257,2026-09-18T01:37,76571.860000,-0.342700,-0.651241,2026-09-18,234,2.826660,0.180086,76572.790000,76521.880000
29828258,2026-09-18T01:38,76570.760000,0.059200,-0.639827,2026-09-18,287,2.112485,0.594232,76579.520000,76559.650000
29828259,2026-09-18T01:39,76559.650000,-0.316400,0.195244,2026-09-18,254,2.206641,0.457771,76580.240000,76559.650000
29828260,2026-09-18T01:40,76573.860000,-0.379100,-0.093210,2026-09-18,232,1.512209,0.149334,76573.860000,76559.650000
29828261,2026-09-18T01:41,76614.290000,-0.045800,-0.060696,2026-09-18,236,1.810003,0.819949,76614.300000,76573.850000
29828262,2026-09-18T01:42,76641.520000,-0.255600,0.289095,2026-09-18,268,0.925513,0.579462,76646.700000,76614.290000
29828263,2026-09-18T01:43,76654.110000,0.305100,0.140100,2026-09-18,225,1.081560,0.842472,76657.820000,76637.040000
29828264,2026-09-18T01:44,76623.300000,-0.260300,0.684907,2026-09-18,296,0.989147,0.056748,76657.820000,76623.300000
29828265,2026-09-18T01:45,76641.460000,-0.190400,-0.887187,2026-09-18,243,1.037924,0.683834,76658.220000,76623.300000
29828266,2026-09-18T01:46,76636.520000,-0.544500,0.375510,2026-09-18,295,4.917806,0.888826,76666.660000,76636.520000
29828267,2026-09-18T01:47,76626.760000,-0.443300,0.777438,2026-09-18,282,1.838989,0.732904,76642.710000,76623.540000
29828268,2026-09-18T01:48,76658.390000,-0.466900,0.465872,2026-09-18,229,0.487407,0.440647,76658.390000,76624.000000
29828269,2026-09-18T01:49,76684.040000,-0.455300,-0.108131,2026-09-18,228,0.663269,0.446533,76685.450000,76658.390000
29828270,2026-09-18T01:50,76668.610000,-0.408600,-0.114751,2026-09-18,187,1.659040,0.428863,76684.040000,76666.620000
29828271,2026-09-18T01:51,76652.770000,0.356100,-0.160937,2026-09-18,366,10.393509,0.257831,76698.520000,76644.060000
29828272,2026-09-18T01:52,76635.200000,-0.256600,-0.464505,2026-09-18,255,0.963666,0.323160,76656.740000,76612.770000
29828273,2026-09-18T01:53,76673.360000,-0.233200,-0.501359,2026-09-18,256,0.933097,0.475423,76681.050000,76635.190000
29828274,2026-09-18T01:54,76658.390000,-0.182900,-0.154897,2026-09-18,256,0.716580,0.248098,76673.350000,76658.390000
29828275,2026-09-18T01:55,76656.860000,-0.410400,-0.480369,2026-09-18,275,1.100839,0.637118,76669.570000,76653.140000
29828276,2026-09-18T01:56,76653.610000,0.019100,0.281517,2026-09-18,238,0.261553,0.306502,76659.120000,76648.780000
29828277,2026-09-18T01:57,76673.860000,-0.690600,-0.477161,2026-09-18,459,15.119524,0.734752,76700.000000,76637.840000
29828278,2026-09-18T01:58,76696.740000,-0.767200,0.482811,2026-09-18,263,1.557845,0.901095,76698.990000,76673.860000
29828279,2026-09-18T01:59,76662.180000,-0.129800,0.747999,2026-09-18,325,1.263627,0.255316,76698.660000,76659.400000
29828280,2026-09-18T02:00,76693.990000,-0.705400,-0.475358,2026-09-18,245,0.754647,0.247252,76694.280000,76651.210000
29828281,2026-09-18T02:01,76719.330000,0.440400,-0.530626,2026-09-18,307,7.405971,0.808464,76726.550000,76688.090000
29828282,2026-09-18T02:02,76722.950000,0.139700,0.617065,2026-09-18,328,2.178746,0.210763,76731.240000,76703.110000
29828283,2026-09-18T02:03,76639.110000,-0.189400,-0.556319,2026-09-18,406,6.238435,0.109984,76747.660000,76639.100000
29828284,2026-09-18T02:04,76636.420000,-0.419900,-0.789593,2026-09-18,244,0.397012,0.442890,76643.000000,76636.410000
29828285,2026-09-18T02:05,76623.300000,-0.409500,-0.112967,2026-09-18,251,1.254269,0.591115,76640.990000,76623.300000
29828286,2026-09-18T02:06,76622.300000,-0.369400,0.578520,2026-09-18,265,1.863477,0.808863,76637.380000,76619.930000
29828287,2026-09-18T02:07,76622.140000,-0.147800,-0.082556,2026-09-18,220,0.220946,0.245945,76631.280000,76622.140000
29828288,2026-09-18T02:08,76607.260000,-0.230000,-0.433319,2026-09-18,406,16.536863,0.066140,76630.030000,76598.670000
29828289,2026-09-18T02:09,76598.670000,0.035200,-0.868027,2026-09-18,260,0.382304,0.362017,76610.310000,76598.670000
29828290,2026-09-18T02:10,76585.420000,-0.402300,-0.270095,2026-09-18,363,2.916326,0.797605,76601.520000,76568.460000
29828291,2026-09-18T02:11,76658.970000,-0.107600,0.597163,2026-09-18,439,11.059390,0.838199,76689.400000,76577.040000
29828292,2026-09-18T02:12,76699.990000,0.056700,0.675930,2026-09-18,301,2.450698,0.635762,76700.000000,76635.000000
29828293,2026-09-18T02:13,76696.770000,-0.474200,0.271521,2026-09-18,330,1.967389,0.472038,76715.280000,76681.800000
29828294,2026-09-18T02:14,76689.540000,-0.161100,-0.055955,2026-09-18,271,0.708693,0.192341,76696.780000,76681.800000
29828295,2026-09-18T02:15,76682.230000,-0.473100,-0.628093,2026-09-18,316,1.642115,0.290288,76722.700000,76681.810000
29828296,2026-09-18T02:16,76719.990000,-0.162500,-0.410664,2026-09-18,319,1.548199,0.737983,76720.000000,76682.220000
29828297,2026-09-18T02:17,76725.080000,-0.536200,0.475965,2026-09-18,306,0.920011,0.618268,76727.810000,76717.850000
29828298,2026-09-18T02:18,76707.320000,-0.158500,0.236537,2026-09-18,391,8.180127,0.162892,76742.090000,76700.410000
29828299,2026-09-18T02:19,76670.320000,-0.241300,-0.670078,2026-09-18,257,0.895537,0.145588,76712.020000,76670.310000
29828300,2026-09-18T02:20,76675.540000,0.234100,-0.748390,2026-09-18,244,0.426214,0.724795,76677.680000,76670.310000
29828301,2026-09-18T02:21,76716.890000,-0.515600,0.449591,2026-09-18,245,0.425936,0.946818,76716.900000,76675.100000
29828302,2026-09-18T02:22,76709.140000,-0.425900,0.893635,2026-09-18,256,3.079822,0.866371,76716.900000,76699.840000
29828303,2026-09-18T02:23,76739.760000,-0.394700,0.732742,2026-09-18,283,2.058819,0.829685,76751.990000,76702.530000
29828304,2026-09-18T02:24,76773.150000,-0.365700,0.669336,2026-09-18,278,1.464255,0.548294,76778.860000,76730.380000
29828305,2026-09-18T02:25,76775.300000,-0.482200,0.056765,2026-09-18,245,0.783516,0.286533,76778.870000,76755.410000
29828306,2026-09-18T02:26,76778.180000,-0.047700,-0.427355,2026-09-18,251,1.009392,0.438880,76783.650000,76764.550000
29828307,2026-09-18T02:27,76848.080000,0.411400,-0.122240,2026-09-18,445,9.626742,0.717344,76849.990000,76775.670000
29828308,2026-09-18T02:28,76826.290000,-0.407400,0.403873,2026-09-18,281,1.534409,0.138036,76849.630000,76822.200000
29828309,2026-09-18T02:29,76859.240000,0.054300,-0.679917,2026-09-18,264,0.337661,0.709405,76859.240000,76826.290000
29828310,2026-09-18T02:30,76899.990000,0.056500,0.537964,2026-09-18,325,3.399011,0.856699,76900.000000,76859.230000
29828311,2026-09-18T02:31,76920.430000,0.105300,0.706168,2026-09-18,339,3.580644,0.312602,76928.980000,76899.240000
29828312,2026-09-18T02:32,76897.830000,0.245900,-0.379759,2026-09-18,329,1.955067,0.249477,76920.430000,76875.010000
29828313,2026-09-18T02:33,76935.320000,-0.354300,-0.494778,2026-09-18,257,1.433539,0.475540,76939.200000,76888.220000
29828314,2026-09-18T02:34,76950.430000,0.468000,-0.022452,2026-09-18,394,7.549293,0.306938,76965.110000,76921.670000
29828315,2026-09-18T02:35,76941.080000,-0.365100,-0.400897,2026-09-18,348,5.164049,0.073931,76954.430000,76925.000000
29828316,2026-09-18T02:36,76958.010000,-0.057300,-0.849880,2026-09-18,234,0.463269,0.465772,76959.480000,76940.340000
29828317,2026-09-18T02:37,76957.850000,0.157400,-0.157869,2026-09-18,376,3.139124,0.279567,76962.770000,76942.020000
29828318,2026-09-18T02:38,76964.990000,0.050900,-0.431975,2026-09-18,313,5.475442,0.213685,76969.040000,76953.120000
29828319,2026-09-18T02:39,76919.040000,0.210000,-0.572592,2026-09-18,336,5.861024,0.052421,76966.870000,76899.300000
29828320,2026-09-18T02:40,76886.390000,0.121500,-0.895202,2026-09-18,370,11.449844,0.077256,76928.130000,76869.000000
29828321,2026-09-18T02:41,76914.480000,-0.130200,-0.822113,2026-09-18,306,1.454249,0.522757,76914.480000,76879.710000
29828322,2026-09-18T02:42,76900.020000,-0.210600,-0.061728,2026-09-18,304,1.365698,0.567612,76937.060000,76900.020000
29828323,2026-09-18T02:43,76909.040000,0.110600,0.135832,2026-09-18,225,0.506276,0.500636,76911.500000,76900.020000
29828324,2026-09-18T02:44,76868.080000,-0.559500,0.007125,2026-09-18,297,3.171048,0.522779,76914.160000,76859.120000
29828325,2026-09-18T02:45,76855.890000,-0.068500,0.046355,2026-09-18,314,2.603530,0.336152,76868.090000,76841.290000
29828326,2026-09-18T02:46,76856.420000,-0.344900,-0.327448,2026-09-18,266,1.306963,0.177251,76860.350000,76840.050000
29828327,2026-09-18T02:47,76850.600000,-0.350000,-0.652778,2026-09-18,271,2.098051,0.113966,76857.320000,76847.490000
29828328,2026-09-18T02:48,76862.210000,-0.130800,-0.773111,2026-09-18,287,2.056638,0.512833,76863.010000,76847.490000
29828329,2026-09-18T02:49,76879.260000,-0.422800,0.025904,2026-09-18,335,4.354910,0.943256,76875.140000,76852.520000
29828330,2026-09-18T02:50,76923.450000,0.105400,0.886655,2026-09-18,386,7.407309,0.725605,76947.420000,76859.540000
29828331,2026-09-18T02:51,76916.950000,-0.558800,0.456611,2026-09-18,307,2.120614,0.425036,76932.130000,76895.740000
29828332,2026-09-18T02:52,76930.670000,0.195900,-0.244142,2026-09-18,302,1.423254,0.557120,76949.140000,76908.770000
29828333,2026-09-18T02:53,76934.980000,-0.443000,0.236628,2026-09-18,265,1.004887,0.553389,76941.050000,76917.730000
29828334,2026-09-18T02:54,76961.900000,0.378500,0.090373,2026-09-18,325,4.020418,0.158965,76969.290000,76933.430000
29828335,2026-09-18T02:55,76943.350000,0.270700,-0.681029,2026-09-18,312,0.998584,0.347532,76962.310000,76928.870000
29828336,2026-09-18T02:56,76944.270000,0.364800,-0.305347,2026-09-18,338,4.188865,0.596075,76969.370000,76937.090000
29828337,2026-09-18T02:57,76949.990000,-0.073600,0.193450,2026-09-18,249,0.259317,0.519111,76952.440000,76939.930000
29828338,2026-09-18T02:58,76923.960000,-0.185800,-0.000784,2026-09-18,276,1.619715,0.104842,76950.000000,76920.610000
29828339,2026-09-18T02:59,76909.350000,0.136700,-0.790169,2026-09-18,298,3.258337,0.807178,76923.960000,76904.580000
29828340,2026-09-18T03:00,76911.820000,-0.173000,0.614731,2026-09-18,269,0.531301,0.837942,76925.650000,76909.340000
29828341,2026-09-18T03:01,76918.150000,-0.012000,0.674553,2026-09-18,280,3.133057,0.057776,76925.650000,76904.580000
29828342,2026-09-18T03:02,76911.120000,0.155800,-0.885272,2026-09-18,303,0.657409,0.334789,76919.700000,76900.000000
29828343,2026-09-18T03:03,76913.680000,0.305300,-0.324375,2026-09-18,301,4.103368,0.095474,76932.630000,76902.010000
29828344,2026-09-18T03:04,76943.360000,0.423800,-0.809819,2026-09-18,317,1.966896,0.850441,76943.370000,76914.280000
29828345,2026-09-18T03:05,76957.360000,0.361100,0.694699,2026-09-18,314,1.981796,0.716142,76969.590000,76943.360000
29828346,2026-09-18T03:06,76974.290000,0.491700,0.437146,2026-09-18,268,1.669928,0.470230,76974.300000,76956.410000
29828347,2026-09-18T03:07,76997.610000,0.253800,-0.005479,2026-09-18,429,20.488073,0.755151,77008.980000,76973.000000
29828348,2026-09-18T03:08,76992.880000,0.521400,0.508136,2026-09-18,297,6.720899,0.164576,76997.620000,76978.880000
29828349,2026-09-18T03:09,76975.420000,-0.361000,-0.688702,2026-09-18,400,18.621477,0.301784,76993.080000,76963.770000
29828350,2026-09-18T03:10,77015.480000,0.360700,-0.375335,2026-09-18,320,8.768414,0.461102,77025.790000,76975.410000
29828351,2026-09-18T03:11,77104.080000,0.710100,-0.089088,2026-09-18,788,33.383293,0.650375,77184.320000,77010.940000
29828352,2026-09-18T03:12,77171.510000,0.437000,0.305169,2026-09-18,495,24.942546,0.412932,77191.040000,77089.440000
29828353,2026-09-18T03:13,77234.490000,0.519800,-0.185109,2026-09-18,624,21.925061,0.619889,77244.430000,77167.170000
29828354,2026-09-18T03:14,77253.420000,0.623700,0.239778,2026-09-18,542,15.219535,0.381170,77253.420000,77206.350000
29828355,2026-09-18T03:15,77262.200000,0.134000,-0.405068,2026-09-18,1044,51.186528,0.518130,77314.000000,77229.860000
29828356,2026-09-18T03:16,77383.760000,0.445900,0.149311,2026-09-18,642,12.744636,0.674402,77415.000000,77262.200000
29828357,2026-09-18T03:17,77521.420000,0.321800,0.349008,2026-09-18,934,38.732027,0.445245,77528.050000,77383.750000
29828358,2026-09-18T03:18,77454.710000,-0.299600,-0.111579,2026-09-18,814,38.488933,0.346498,77525.780000,77412.580000
29828359,2026-09-18T03:19,77370.180000,0.171000,-0.340659,2026-09-18,724,32.371566,0.292851,77454.700000,77364.100000
29828360,2026-09-18T03:20,77211.740000,0.363300,-0.376393,2026-09-18,690,34.024813,0.403877,77375.140000,77205.780000
29828361,2026-09-18T03:21,77333.630000,-0.008200,-0.189275,2026-09-18,374,7.365951,0.295981,77334.330000,77220.520000
29828362,2026-09-18T03:22,77313.610000,-0.017200,-0.424145,2026-09-18,598,14.943738,0.418408,77360.120000,77281.820000
29828363,2026-09-18T03:23,77342.990000,0.027900,-0.174343,2026-09-18,360,5.503360,0.814993,77358.820000,77300.050000
29828364,2026-09-18T03:24,77269.890000,0.029500,0.693441,2026-09-18,331,2.660086,0.311219,77342.980000,77259.530000
29828365,2026-09-18T03:25,77252.350000,-0.326900,-0.377608,2026-09-18,322,3.634794,0.483550,77278.410000,77222.190000
29828366,2026-09-18T03:26,77315.850000,-0.587600,-0.039316,2026-09-18,505,15.089574,0.707817,77339.330000,77206.900000
29828367,2026-09-18T03:27,77366.760000,-0.278500,0.418036,2026-09-18,350,3.762709,0.706944,77369.750000,77306.750000
29828368,2026-09-18T03:28,77426.460000,0.597400,0.362494,2026-09-18,432,59.438129,0.208720,77430.600000,77351.890000
29828369,2026-09-18T03:29,77356.880000,0.272900,-0.581577,2026-09-18,441,12.625382,0.189932,77420.420000,77354.400000
29828370,2026-09-18T03:30,77383.820000,0.220500,-0.593160,2026-09-18,474,14.709891,0.097464,77430.000000,77356.870000
29828371,2026-09-18T03:31,77412.270000,0.281300,-0.831657,2026-09-18,284,3.646499,0.152533,77420.000000,77383.810000
29828372,2026-09-18T03:32,77361.670000,-0.218500,-0.694340,2026-09-18,500,20.098288,0.203144,77414.710000,77320.330000
29828373,2026-09-18T03:33,77339.930000,0.853300,-0.539429,2026-09-18,357,3.979917,0.510837,77383.790000,77331.890000
29828374,2026-09-18T03:34,77342.290000,-0.316200,-0.190747,2026-09-18,461,38.141580,0.054265,77352.410000,77315.620000
29828375,2026-09-18T03:35,77350.460000,-0.027200,-0.871815,2026-09-18,322,3.428677,0.243615,77356.930000,77337.730000
29828376,2026-09-18T03:36,77307.360000,0.332100,-0.712860,2026-09-18,287,4.206407,0.075758,77353.490000,77303.090000
29828377,2026-09-18T03:37,77306.390000,-0.286400,-0.848485,2026-09-18,306,1.623787,0.550149,77319.980000,77305.150000
29828378,2026-09-18T03:38,77298.040000,-0.224900,0.101009,2026-09-18,344,3.337229,0.283581,77311.450000,77285.680000
29828379,2026-09-18T03:39,77255.860000,-0.010300,-0.433834,2026-09-18,299,1.742748,0.204898,77298.040000,77255.860000
29828380,2026-09-18T03:40,77260.260000,0.715700,-0.589532,2026-09-18,358,6.447913,0.159328,77271.030000,77242.710000
29828381,2026-09-18T03:41,77307.920000,-0.329500,-0.701716,2026-09-18,462,12.250584,0.704572,77314.660000,77241.720000
29828382,2026-09-18T03:42,77257.920000,-0.691300,0.461644,2026-09-18,286,1.674024,0.116767,77308.320000,77255.100000
29828383,2026-09-18T03:43,77264.640000,-0.240000,-0.766467,2026-09-18,265,3.715612,0.866942,77280.000000,77248.120000
29828384,2026-09-18T03:44,77264.360000,-0.092500,0.733902,2026-09-18,364,6.267424,0.234257,77276.430000,77256.800000
29828385,2026-09-18T03:45,77332.150000,-0.098800,-0.530553,2026-09-18,309,1.251925,0.172480,77332.160000,77264.360000
29828386,2026-09-18T03:46,77301.140000,-0.210800,-0.660349,2026-09-18,295,1.841854,0.148847,77337.000000,77298.520000
29828387,2026-09-18T03:47,77343.960000,0.068100,-0.704109,2026-09-18,339,3.259122,0.224751,77348.700000,77270.010000
29828388,2026-09-18T03:48,77361.610000,-0.257600,-0.530275,2026-09-18,286,1.640679,0.334530,77366.550000,77321.550000
29828389,2026-09-18T03:49,77340.180000,-0.021800,-0.363955,2026-09-18,321,3.492254,0.166236,77367.650000,77338.280000
29828390,2026-09-18T03:50,77350.890000,0.092500,-0.667538,2026-09-18,367,9.444184,0.150738,77363.170000,77304.880000
29828391,2026-09-18T03:51,77367.390000,0.196400,-0.696653,2026-09-18,302,3.629868,0.168543,77371.920000,77333.580000
29828392,2026-09-18T03:52,77372.260000,0.080300,-0.694127,2026-09-18,427,9.118143,0.572903,77404.060000,77357.760000
29828393,2026-09-18T03:53,77359.050000,0.248400,0.187339,2026-09-18,238,0.459304,0.284681,77372.270000,77349.080000
29828394,2026-09-18T03:54,77335.820000,-0.142800,-0.429909,2026-09-18,290,3.957107,0.083868,77359.060000,77326.560000
29828395,2026-09-18T03:55,77314.230000,0.096800,-0.811841,2026-09-18,277,2.015381,0.610637,77343.560000,77307.230000
29828396,2026-09-18T03:56,77311.580000,-0.181600,0.192221,2026-09-18,279,1.495266,0.209475,77314.220000,77296.420000
29828397,2026-09-18T03:57,77326.610000,-0.223600,-0.575728,2026-09-18,265,1.544912,0.365921,77331.480000,77306.320000
29828398,2026-09-18T03:58,77309.960000,0.304900,-0.268157,2026-09-18,301,7.561859,0.058936,77330.370000,77285.750000
29828399,2026-09-18T03:59,77312.140000,-0.213200,-0.882249,2026-09-18,287,2.706153,0.865219,77326.230000,77293.250000
29828400,2026-09-18T04:00,77309.150000,-0.108500,0.654976,2026-09-18,311,3.814480,0.065804,77319.440000,77295.410000
29828401,2026-09-18T04:01,77312.510000,0.353900,-0.820978,2026-09-18,367,4.611729,0.266192,77324.350000,77288.130000
29828402,2026-09-18T04:02,77345.760000,-0.143100,-0.494194,2026-09-18,339,3.543520,0.085829,77345.760000,77310.450000
29828403,2026-09-18T04:03,77282.110000,0.096800,-0.821319,2026-09-18,293,3.586874,0.065579,77344.900000,77282.100000
29828404,2026-09-18T04:04,77265.650000,-0.157800,-0.876024,2026-09-18,339,2.118169,0.241270,77284.860000,77260.000000
29828405,2026-09-18T04:05,77217.580000,0.403600,-0.518649,2026-09-18,337,2.588947,0.142702,77265.950000,77207.590000
29828406,2026-09-18T04:06,77236.040000,-0.339100,-0.710628,2026-09-18,300,0.807714,0.545882,77243.530000,77217.580000
29828407,2026-09-18T04:07,77193.880000,0.170900,0.091005,2026-09-18,291,1.440488,0.209940,77238.530000,77193.870000
29828408,2026-09-18T04:08,77183.960000,0.251200,-0.584939,2026-09-18,309,1.415415,0.139891,77193.880000,77178.160000
29828409,2026-09-18T04:09,77165.520000,0.540400,-0.738268,2026-09-18,345,4.855415,0.632142,77205.000000,77155.280000
29828410,2026-09-18T04:10,77166.890000,0.087500,0.293214,2026-09-18,301,5.077688,0.050822,77177.000000,77152.950000
29828411,2026-09-18T04:11,77194.770000,-0.321700,-0.898496,2026-09-18,335,3.509155,0.365086,77225.780000,77157.330000
29828412,2026-09-18T04:12,77223.330000,0.154000,-0.269829,2026-09-18,384,4.688184,0.095745,77263.830000,77194.770000
29828413,2026-09-18T04:13,77266.790000,-0.293800,-0.802398,2026-09-18,305,1.272224,0.501403,77266.800000,77226.920000
29828414,2026-09-18T04:14,77220.770000,0.025900,-0.085836,2026-09-18,306,8.550670,0.204880,77266.800000,77200.680000
29828415,2026-09-18T04:15,77184.900000,-0.157600,-0.585777,2026-09-18,256,1.835175,0.148791,77229.730000,77184.900000
29828416,2026-09-18T04:16,77222.180000,-0.121100,-0.703511,2026-09-18,307,1.026875,0.386514,77231.700000,77173.200000
29828417,2026-09-18T04:17,77257.380000,0.341900,-0.226970,2026-09-18,266,0.866803,0.267045,77259.460000,77214.250000
29828418,2026-09-18T04:18,77269.240000,0.240200,-0.465910,2026-09-18,273,1.782334,0.218564,77275.810000,77256.130000
29828419,2026-09-18T04:19,77272.480000,-0.129000,-0.558469,2026-09-18,308,9.857980,0.370481,77301.900000,77258.470000
29828420,2026-09-18T04:20,77295.710000,0.260300,-0.259681,2026-09-18,361,11.159487,0.630423,77309.750000,77232.870000
29828421,2026-09-18T04:21,77266.800000,-0.283800,0.260862,2026-09-18,317,4.452887,0.699362,77311.260000,77266.800000
29828422,2026-09-18T04:22,77224.670000,0.226700,0.398690,2026-09-18,269,1.068056,0.618668,77266.800000,77220.160000
29828423,2026-09-18T04:23,77237.540000,0.303800,0.174246,2026-09-18,219,0.435659,0.267053,77237.540000,77219.010000
29828424,2026-09-18T04:24,77201.730000,0.181100,-0.432173,2026-09-18,302,4.783423,0.091983,77237.540000,77200.840000
29828425,2026-09-18T04:25,77238.730000,-0.078000,-0.814813,2026-09-18,284,1.016063,0.497696,77241.390000,77200.000000
29828426,2026-09-18T04:26,77196.610000,0.067500,-0.004557,2026-09-18,368,6.729064,0.252536,77255.000000,77196.600000
29828427,2026-09-18T04:27,77215.210000,0.317300,-0.494952,2026-09-18,211,1.116701,0.202741,77218.560000,77186.820000
29828428,2026-09-18T04:28,77191.890000,0.325300,-0.594492,2026-09-18,264,0.779114,0.349289,77215.200000,77190.710000
29828429,2026-09-18T04:29,77201.680000,0.425700,-0.301445,2026-09-18,278,0.910874,0.362276,77211.840000,77190.850000
29828430,2026-09-18T04:30,77236.920000,0.052000,0.028690,2026-09-18,282,1.642733,0.324611,77241.680000,77201.680000
29828431,2026-09-18T04:31,77212.510000,0.385900,-0.634409,2026-09-18,224,0.662753,0.480896,77236.800000,77208.110000
29828432,2026-09-18T04:32,77176.020000,0.207600,-0.037796,2026-09-18,254,1.875086,0.660149,77212.520000,77176.010000
29828433,2026-09-18T04:33,77154.080000,0.231300,0.320202,2026-09-18,282,2.775082,0.353500,77176.030000,77153.260000
29828434,2026-09-18T04:34,77172.400000,-0.003200,-0.293000,2026-09-18,244,1.763711,0.602390,77184.900000,77143.090000
29828435,2026-09-18T04:35,77266.790000,0.042400,0.208838,2026-09-18,341,9.436908,0.866483,77266.790000,77172.400000
29828436,2026-09-18T04:36,77253.580000,-0.173800,0.732715,2026-09-18,238,0.599121,0.171159,77266.800000,77231.700000
29828437,2026-09-18T04:37,77242.760000,0.074000,-0.657683,2026-09-18,246,0.727137,0.387054,77263.840000,77242.750000
29828438,2026-09-18T04:38,77242.760000,-0.264700,-0.225893,2026-09-18,249,0.712951,0.870707,77242.760000,77231.700000
29828439,2026-09-18T04:39,77241.210000,-0.488500,0.748125,2026-09-18,247,0.555029,0.488775,77254.480000,77240.910000
29828440,2026-09-18T04:40,77194.680000,-0.443300,-0.075672,2026-09-18,209,0.584588,0.099003,77241.220000,77194.680000
29828441,2026-09-18T04:41,77222.990000,0.280600,-0.802182,2026-09-18,249,0.727955,0.458747,77225.920000,77194.680000
29828442,2026-09-18T04:42,77227.860000,-0.019400,-0.089200,2026-09-18,252,0.240773,0.715668,77227.860000,77222.330000
29828443,2026-09-18T04:43,77305.110000,0.333300,0.466251,2026-09-18,305,2.125524,0.763546,77310.000000,77227.850000
29828444,2026-09-18T04:44,77362.890000,0.212300,0.527043,2026-09-18,287,0.495797,0.830441,77372.090000,77303.680000
29828445,2026-09-18T04:45,77366.170000,0.453200,0.655332,2026-09-18,307,3.229373,0.376208,77396.990000,77360.400000
29828446,2026-09-18T04:46,77351.540000,0.531600,-0.246951,2026-09-18,208,0.249736,0.360263,77373.070000,77350.000000
29828447,2026-09-18T04:47,77327.010000,0.347100,-0.282989,2026-09-18,262,1.615664,0.068710,77372.020000,77324.060000
29828448,2026-09-18T04:48,77287.520000,-0.134000,-0.861521,2026-09-18,272,0.475625,0.358257,77328.450000,77287.530000
29828449,2026-09-18T04:49,77273.640000,-0.369000,-0.285564,2026-09-18,212,1.468001,0.860343,77298.140000,77266.810000
29828450,2026-09-18T04:50,77285.950000,0.302000,0.720684,2026-09-18,259,0.730575,0.367047,77287.530000,77265.250000
29828451,2026-09-18T04:51,77326.990000,-0.136500,0.258537,2026-09-18,258,1.039411,0.600512,77327.000000,77281.660000
29828452,2026-09-18T04:52,77355.330000,-0.040700,-0.589323,2026-09-18,263,0.645397,0.321029,77355.320000,77326.690000
29828453,2026-09-18T04:53,77369.990000,0.415800,-0.355110,2026-09-18,234,0.483488,0.140860,77370.000000,77348.690000
29828454,2026-09-18T04:54,77369.990000,0.271100,-0.723087,2026-09-18,221,1.068396,0.449215,77374.460000,77348.710000
29828455,2026-09-18T04:55,77389.100000,0.229900,-0.101571,2026-09-18,227,0.256261,0.844543,77389.100000,77371.520000
29828456,2026-09-18T04:56,77449.230000,-0.099600,0.686920,2026-09-18,292,1.690115,0.775683,77450.000000,77387.850000
29828457,2026-09-18T04:57,77422.820000,0.647700,0.551530,2026-09-18,215,0.580587,0.645982,77449.990000,77418.900000
29828458,2026-09-18T04:58,77474.420000,-0.186200,0.287508,2026-09-18,275,2.124213,0.413837,77478.490000,77422.810000
29828459,2026-09-18T04:59,77497.320000,0.219200,-0.172000,2026-09-18,266,1.210165,0.739742,77500.000000,77452.260000
29828460,2026-09-18T05:00,77563.790000,0.248800,0.499187,2026-09-18,589,23.157772,0.614809,77579.960000,77460.000000
29828461,2026-09-18T05:01,77481.550000,0.143300,0.217294,2026-09-18,400,8.325862,0.399456,77600.000000,77478.580000
29828462,2026-09-18T05:02,77452.260000,0.439400,-0.179347,2026-09-18,227,0.953296,0.309364,77482.350000,77452.260000
29828463,2026-09-18T05:03,77449.740000,-0.057300,-0.431656,2026-09-18,308,2.775898,0.153778,77464.260000,77426.870000
29828464,2026-09-18T05:04,77396.640000,0.135100,-0.687748,2026-09-18,286,6.550617,0.027587,77446.290000,77389.000000
29828465,2026-09-18T05:05,77377.170000,0.162900,-0.943475,2026-09-18,368,8.918502,0.773204,77438.530000,77377.050000
29828466,2026-09-18T05:06,77381.210000,-0.054000,0.546230,2026-09-18,256,0.536365,0.343178,77392.570000,77374.780000
29828467,2026-09-18T05:07,77429.080000,0.411100,-0.313671,2026-09-18,255,0.269653,0.625417,77430.080000,77381.200000
29828468,2026-09-18T05:08,77506.210000,-0.092400,0.250929,2026-09-18,361,3.489069,0.774183,77529.220000,77430.080000
29828469,2026-09-18T05:09,77417.400000,0.319900,0.548366,2026-09-18,366,9.541029,0.068438,77506.220000,77413.990000
29828470,2026-09-18T05:10,77463.330000,0.332900,-0.863412,2026-09-18,300,5.911283,0.914325,77464.430000,77400.000000
29828471,2026-09-18T05:11,77549.580000,-0.172000,0.836513,2026-09-18,321,2.239733,0.609703,77551.400000,77465.000000
29828472,2026-09-18T05:12,77549.200000,-0.227400,0.164832,2026-09-18,320,1.206274,0.322245,77557.450000,77502.740000
29828473,2026-09-18T05:13,77489.110000,0.342600,-0.313727,2026-09-18,258,0.975434,0.390430,77541.690000,77489.100000
29828474,2026-09-18T05:14,77457.170000,0.085700,-0.200631,2026-09-18,295,5.711318,0.118523,77490.500000,77454.930000
29828475,2026-09-18T05:15,77419.570000,0.298400,-0.762742,2026-09-18,386,9.599395,0.804036,77518.350000,77419.560000
29828476,2026-09-18T05:16,77463.480000,-0.180700,0.609962,2026-09-18,258,1.081077,0.304085,77463.480000,77419.560000
29828477,2026-09-18T05:17,77461.830000,0.549800,0.247254,2026-09-18,276,2.525243,0.561330,77476.820000,77447.270000
29828478,2026-09-18T05:18,77427.960000,0.543600,-0.446569,2026-09-18,221,0.708219,0.157615,77467.240000,77420.420000
29828479,2026-09-18T05:19,77470.270000,-0.430600,-0.688353,2026-09-18,377,8.320760,0.766428,77481.690000,77418.900000
29828480,2026-09-18T05:20,77464.150000,0.117900,0.532288,2026-09-18,307,13.228750,0.004916,77475.000000,77417.460000
29828481,2026-09-18T05:21,77414.880000,0.151900,-0.990317,2026-09-18,255,1.300372,0.403020,77424.300000,77407.210000
29828482,2026-09-18T05:22,77415.980000,-0.342500,-0.067059,2026-09-18,245,0.949177,0.712916,77415.970000,77392.460000
29828483,2026-09-18T05:23,77465.700000,-0.443100,0.473507,2026-09-18,395,9.228935,0.457446,77465.700000,77374.070000
29828484,2026-09-18T05:24,77440.330000,0.388300,-0.088271,2026-09-18,243,1.810070,0.054613,77476.170000,77423.170000
29828485,2026-09-18T05:25,77407.210000,-0.064400,-0.889300,2026-09-18,240,1.896651,0.301007,77450.570000,77407.200000
29828486,2026-09-18T05:26,77370.960000,-0.112500,-0.397332,2026-09-18,265,2.644711,0.471344,77407.210000,77370.950000
29828487,2026-09-18T05:27,77407.200000,0.079300,-0.058242,2026-09-18,269,1.355328,0.738377,77415.230000,77370.950000
29828488,2026-09-18T05:28,77484.620000,0.028400,0.479714,2026-09-18,519,21.246943,0.584750,77505.100000,77393.540000
29828489,2026-09-18T05:29,77534.990000,0.004300,0.169462,2026-09-18,391,11.806842,0.591317,77551.440000,77455.960000
29828490,2026-09-18T05:30,77592.730000,-0.238800,0.185445,2026-09-18,353,6.415357,0.843650,77594.300000,77512.500000
29828491,2026-09-18T05:31,77565.140000,-0.594700,0.685293,2026-09-18,276,1.982659,0.583939,77592.730000,77541.020000
29828492,2026-09-18T05:32,77614.170000,0.067300,0.099922,2026-09-18,347,2.685453,0.694952,77621.950000,77544.850000
29828493,2026-09-18T05:33,77619.580000,0.128700,0.354615,2026-09-18,450,11.108768,0.527790,77645.160000,77588.140000
29828494,2026-09-18T05:34,77600.110000,0.330400,0.074208,2026-09-18,239,0.692578,0.233699,77609.600000,77560.970000
29828495,2026-09-18T05:35,77524.210000,0.191700,-0.531517,2026-09-18,371,11.415806,0.319460,77617.440000,77524.200000
29828496,2026-09-18T05:36,77519.990000,-0.105000,-0.360866,2026-09-18,321,1.170524,0.398880,77524.210000,77451.730000
29828497,2026-09-18T05:37,77582.620000,0.423500,-0.203731,2026-09-18,315,5.493835,0.822879,77582.690000,77518.720000
29828498,2026-09-18T05:38,77620.390000,0.103200,0.645760,2026-09-18,333,3.331551,0.500164,77646.650000,77575.030000
29828499,2026-09-18T05:39,77571.640000,0.090800,0.000065,2026-09-18,279,0.944639,0.379175,77622.540000,77564.920000
29828500,2026-09-18T05:40,77547.610000,-0.549200,-0.241650,2026-09-18,222,1.077806,0.592803,77572.450000,77547.600000
29828501,2026-09-18T05:41,77559.450000,-0.443000,0.185607,2026-09-18,239,0.768738,0.664165,77559.440000,77535.900000
29828502,2026-09-18T05:42,77558.360000,-0.117200,0.328331,2026-09-18,243,0.521572,0.199878,77573.860000,77550.140000
29828503,2026-09-18T05:43,77551.710000,-0.324900,-0.600245,2026-09-18,216,0.772680,0.260751,77567.690000,77551.710000
29828504,2026-09-18T05:44,77514.070000,0.041200,-0.609829,2026-09-18,257,1.240329,0.286477,77551.720000,77512.500000
29828505,2026-09-18T05:45,77500.820000,-0.465100,-0.238854,2026-09-18,321,7.618162,0.225272,77526.070000,77487.310000
29828506,2026-09-18T05:46,77450.010000,0.368500,-0.562540,2026-09-18,250,4.066494,0.079663,77491.050000,77450.010000
29828507,2026-09-18T05:47,77461.020000,-0.138000,-0.835311,2026-09-18,234,0.604046,0.463382,77461.020000,77439.520000
29828508,2026-09-18T05:48,77464.920000,0.109500,-0.073173,2026-09-18,268,1.141966,0.599266,77471.790000,77458.640000
29828509,2026-09-18T05:49,77445.360000,0.019300,0.163928,2026-09-18,238,0.647512,0.423883,77464.910000,77418.020000
29828510,2026-09-18T05:50,77453.990000,0.219400,-0.329809,2026-09-18,256,0.551191,0.355802,77457.310000,77427.770000
29828511,2026-09-18T05:51,77397.800000,-0.270500,0.087574,2026-09-18,244,1.285581,0.172487,77467.610000,77397.800000
29828512,2026-09-18T05:52,77406.550000,0.224200,-0.647570,2026-09-18,249,0.350251,0.351899,77416.860000,77396.700000
29828513,2026-09-18T05:53,77409.680000,0.279500,-0.161006,2026-09-18,227,0.784110,0.232065,77412.830000,77402.940000
29828514,2026-09-18T05:54,77400.900000,-0.254300,-0.626463,2026-09-18,205,1.009996,0.024545,77409.690000,77400.890000
29828515,2026-09-18T05:55,77390.150000,0.588100,-0.946322,2026-09-18,258,0.802927,0.301832,77400.910000,77384.780000
29828516,2026-09-18T05:56,77396.290000,0.373500,-0.377151,2026-09-18,238,0.392308,0.202677,77396.420000,77390.150000
29828517,2026-09-18T05:57,77409.680000,0.440900,-0.665460,2026-09-18,289,0.969583,0.385425,77409.690000,77390.140000
29828518,2026-09-18T05:58,77422.450000,0.402700,-0.229556,2026-09-18,224,0.546447,0.454496,77442.290000,77409.680000
29828519,2026-09-18T05:59,77426.770000,0.077300,-0.078061,2026-09-18,192,1.227410,0.123813,77426.780000,77418.890000
29828520,2026-09-18T06:00,77469.510000,-0.372800,-0.755864,2026-09-18,295,7.893940,0.814728,77508.580000,77426.770000
29828521,2026-09-18T06:01,77461.510000,-0.229400,0.629613,2026-09-18,217,0.756034,0.609326,77471.700000,77458.350000
29828522,2026-09-18T06:02,77495.020000,-0.168500,0.212635,2026-09-18,260,1.720981,0.750677,77500.000000,77454.390000
29828523,2026-09-18T06:03,77513.900000,-0.140700,0.509299,2026-09-18,261,1.428278,0.156137,77524.180000,77495.020000
29828524,2026-09-18T06:04,77497.800000,-0.416300,-0.727060,2026-09-18,252,4.524906,0.053851,77515.530000,77457.320000
29828525,2026-09-18T06:05,77521.420000,0.276600,-0.896064,2026-09-18,235,1.263776,0.159130,77521.620000,77481.980000
29828526,2026-09-18T06:06,77487.330000,0.290500,-0.634524,2026-09-18,323,8.985658,0.086038,77535.890000,77457.320000
29828527,2026-09-18T06:07,77474.320000,0.357500,-0.827186,2026-09-18,233,0.966615,0.381400,77488.710000,77445.180000
29828528,2026-09-18T06:08,77443.300000,0.252200,-0.237853,2026-09-18,236,2.064903,0.107597,77488.550000,77442.440000
29828529,2026-09-18T06:09,77444.390000,0.181000,-0.787501,2026-09-18,198,0.487971,0.426507,77461.550000,77442.440000
29828530,2026-09-18T06:10,77422.640000,0.429400,-0.147012,2026-09-18,221,2.251010,0.076985,77444.390000,77416.220000
29828531,2026-09-18T06:11,77477.610000,0.415700,-0.844983,2026-09-18,335,6.921413,0.914152,77499.380000,77422.640000
29828532,2026-09-18T06:12,77470.640000,0.270200,0.828280,2026-09-18,235,4.013714,0.065625,77495.810000,77467.560000
29828533,2026-09-18T06:13,77442.300000,0.113400,-0.868907,2026-09-18,227,0.558813,0.192896,77476.270000,77442.300000
29828534,2026-09-18T06:14,77427.890000,0.111200,-0.614208,2026-09-18,197,0.354490,0.479737,77442.310000,77412.920000
29828535,2026-09-18T06:15,77469.480000,0.214400,-0.038709,2026-09-18,263,2.097151,0.165611,77484.720000,77427.890000
29828536,2026-09-18T06:16,77509.100000,-0.440400,-0.669272,2026-09-18,236,0.748780,0.404180,77509.100000,77466.970000
29828537,2026-09-18T06:17,77449.270000,0.431700,-0.191641,2026-09-18,298,7.963443,0.031527,77509.100000,77448.220000
29828538,2026-09-18T06:18,77433.080000,0.414000,-0.936946,2026-09-18,211,1.900941,0.908396,77454.230000,77414.580000
29828539,2026-09-18T06:19,77461.140000,0.363100,0.818366,2026-09-18,204,0.741543,0.106198,77474.670000,77433.090000
29828540,2026-09-18T06:20,77443.670000,0.264500,-0.856528,2026-09-18,188,0.895891,0.156234,77461.140000,77430.600000
29828541,2026-09-18T06:21,77442.180000,0.466600,-0.626051,2026-09-18,164,0.274045,0.155783,77454.000000,77423.390000
29828542,2026-09-18T06:22,77569.010000,-0.038400,-0.490885,2026-09-18,340,7.881953,0.926924,77575.450000,77442.180000
29828543,2026-09-18T06:23,77559.700000,0.249400,0.853272,2026-09-18,369,9.778995,0.218471,77580.740000,77538.400000
29828544,2026-09-18T06:24,77557.760000,0.226300,-0.563239,2026-09-18,274,1.835274,0.464475,77576.640000,77549.420000
29828545,2026-09-18T06:25,77584.330000,0.037300,-0.057449,2026-09-18,242,1.755088,0.906207,77606.380000,77557.750000
29828546,2026-09-18T06:26,77582.710000,0.552100,0.779259,2026-09-18,270,1.534302,0.369715,77590.960000,77559.660000
29828547,2026-09-18T06:27,77582.590000,-0.055400,-0.245937,2026-09-18,239,0.961149,0.722436,77606.100000,77582.040000
29828548,2026-09-18T06:28,77472.540000,0.579600,0.411681,2026-09-18,362,7.850630,0.036302,77582.040000,77471.600000
29828549,2026-09-18T06:29,77467.490000,-0.424300,-0.913024,2026-09-18,234,0.553726,0.611080,77485.900000,77467.480000
29828550,2026-09-18T06:30,77471.610000,-0.037600,0.076846,2026-09-18,283,1.976094,0.115620,77471.610000,77442.300000
29828551,2026-09-18T06:31,77464.260000,-0.510100,-0.765615,2026-09-18,236,0.504206,0.246921,77476.350000,77464.260000
29828552,2026-09-18T06:32,77462.920000,0.363800,-0.542685,2026-09-18,231,0.588302,0.200999,77472.160000,77448.550000
29828553,2026-09-18T06:33,77461.260000,-0.341300,-0.508129,2026-09-18,197,0.320245,0.571688,77472.160000,77461.250000
29828554,2026-09-18T06:34,77428.860000,-0.090600,0.073011,2026-09-18,246,0.744901,0.224710,77461.260000,77427.270000
29828555,2026-09-18T06:35,77422.980000,0.165200,-0.550580,2026-09-18,227,1.157871,0.199543,77441.090000,77418.160000
29828556,2026-09-18T06:36,77453.740000,0.279200,0.750184,2026-09-18,314,9.982068,0.684041,77471.590000,77422.970000
29828557,2026-09-18T06:37,77452.430000,-0.201000,-0.695721,2026-09-18,209,2.401933,0.030289,77465.700000,77439.240000
29828558,2026-09-18T06:38,77464.380000,0.388300,-0.907099,2026-09-18,224,1.769396,0.804640,77477.400000,77452.430000
29828559,2026-09-18T06:39,77498.140000,0.116700,0.600423,2026-09-18,290,1.262150,0.295513,77519.710000,77464.370000
29828560,2026-09-18T06:40,77490.760000,-0.407900,-0.410285,2026-09-18,279,5.756027,0.849056,77503.070000,77465.710000
29828561,2026-09-18T06:41,77477.400000,-0.005400,0.698095,2026-09-18,175,0.621523,0.219935,77492.760000,77477.400000
29828562,2026-09-18T06:42,77451.540000,0.092100,-0.579157,2026-09-18,208,0.356311,0.262409,77477.400000,77447.330000
29828563,2026-09-18T06:43,77446.650000,0.101400,-0.377307,2026-09-18,210,0.626203,0.487489,77451.550000,77442.310000
29828564,2026-09-18T06:44,77456.080000,-0.182000,-0.046098,2026-09-18,203,0.262207,0.473123,77456.830000,77442.870000
29828565,2026-09-18T06:45,77449.480000,0.084400,-0.053753,2026-09-18,255,0.891767,0.234740,77461.000000,77442.460000
29828566,2026-09-18T06:46,77452.050000,-0.277000,-0.529446,2026-09-18,241,3.167306,0.440927,77465.000000,77443.730000
29828567,2026-09-18T06:47,77430.610000,-0.285200,-0.118367,2026-09-18,214,0.837895,0.053338,77461.730000,77430.600000
29828568,2026-09-18T06:48,77407.210000,-0.276300,-0.893324,2026-09-18,240,0.296948,0.585525,77443.730000,77407.200000
29828569,2026-09-18T06:49,77435.960000,0.380500,0.048605,2026-09-18,300,2.222284,0.959284,77435.950000,77396.700000
29828570,2026-09-18T06:50,77396.710000,-0.020800,0.955603,2026-09-18,230,0.447570,0.718441,77435.960000,77396.700000
29828571,2026-09-18T06:51,77398.640000,-0.095300,0.419318,2026-09-18,219,0.276384,0.298096,77406.070000,77396.700000
29828572,2026-09-18T06:52,77401.880000,-0.099800,-0.389301,2026-09-18,196,0.907029,0.035782,77401.880000,77396.280000
29828573,2026-09-18T06:53,77391.290000,-0.103400,-0.930666,2026-09-18,185,0.865474,0.543236,77401.880000,77391.290000
29828574,2026-09-18T06:54,77379.830000,0.015800,0.081078,2026-09-18,209,0.512449,0.148432,77391.300000,77379.640000
29828575,2026-09-18T06:55,77370.050000,-0.364300,-0.703512,2026-09-18,245,3.806233,0.022604,77379.840000,77370.050000
29828576,2026-09-18T06:56,77338.390000,0.100400,-0.955222,2026-09-18,265,0.994509,0.207333,77370.060000,77338.180000
29828577,2026-09-18T06:57,77414.480000,0.244500,-0.477479,2026-09-18,368,8.714948,0.849364,77418.180000,77332.070000
29828578,2026-09-18T06:58,77514.490000,0.018200,0.696289,2026-09-18,334,2.911806,0.256209,77515.700000,77407.340000
29828579,2026-09-18T06:59,77527.390000,-0.229700,-0.487582,2026-09-18,254,1.387805,0.637001,77543.350000,77494.310000
29828580,2026-09-18T07:00,77566.580000,-0.333200,0.275348,2026-09-18,324,3.224750,0.877248,77568.220000,77494.830000
29828581,2026-09-18T07:01,77555.230000,0.066800,0.751519,2026-09-18,378,7.639302,0.074227,77587.250000,77530.510000
29828582,2026-09-18T07:02,77570.010000,-0.349000,-0.851445,2026-09-18,325,1.018184,0.547655,77582.690000,77535.600000
29828583,2026-09-18T07:03,77602.820000,0.160600,0.069744,2026-09-18,272,1.763348,0.276871,77622.250000,77567.210000
29828584,2026-09-18T07:04,77602.680000,-0.428800,-0.435599,2026-09-18,316,3.013351,0.386165,77617.790000,77585.790000
29828585,2026-09-18T07:05,77627.320000,0.120600,-0.229190,2026-09-18,307,2.346772,0.687285,77627.430000,77578.140000
29828586,2026-09-18T07:06,77691.150000,-0.104700,0.495514,2026-09-18,410,4.091085,0.838602,77706.960000,77627.310000
29828587,2026-09-18T07:07,77623.040000,0.295900,0.625870,2026-09-18,406,9.431401,0.879379,77736.740000,77622.310000
29828588,2026-09-18T07:08,77541.820000,0.715300,0.758726,2026-09-18,307,1.298243,0.331921,77626.000000,77541.210000
29828589,2026-09-18T07:09,77559.290000,0.052100,-0.335501,2026-09-18,318,2.075111,0.501777,77559.290000,77510.000000
29828590,2026-09-18T07:10,77558.880000,0.163500,0.003137,2026-09-18,263,1.226724,0.147010,77582.690000,77547.760000
29828591,2026-09-18T07:11,77594.390000,0.585600,-0.705819,2026-09-18,263,0.937194,0.379119,77617.790000,77546.190000
29828592,2026-09-18T07:12,77606.100000,-0.161700,-0.153630,2026-09-18,305,1.920921,0.741805,77634.990000,77571.000000
29828593,2026-09-18T07:13,77549.640000,0.618200,0.463652,2026-09-18,359,12.071904,0.048704,77606.100000,77541.780000
29828594,2026-09-18T07:14,77551.480000,-0.150100,-0.902354,2026-09-18,270,1.870460,0.865193,77567.660000,77535.910000
29828595,2026-09-18T07:15,77554.210000,-0.128400,0.730156,2026-09-18,219,0.451879,0.318630,77555.060000,77534.710000
29828596,2026-09-18T07:16,77595.820000,0.234400,-0.377703,2026-09-18,247,0.886786,0.400844,77602.070000,77554.210000
29828597,2026-09-18T07:17,77549.240000,0.317900,-0.188386,2026-09-18,207,0.252139,0.340057,77595.820000,77549.220000
29828598,2026-09-18T07:18,77646.570000,-0.380100,-0.549912,2026-09-18,504,16.924789,0.933410,77667.510000,77549.220000
29828599,2026-09-18T07:19,77666.640000,0.081600,0.865541,2026-09-18,336,2.970905,0.482394,77681.460000,77639.480000
29828600,2026-09-18T07:20,77699.870000,0.495000,0.012669,2026-09-18,279,1.916839,0.737126,77709.220000,77653.320000
29828601,2026-09-18T07:21,77714.730000,0.080800,0.474253,2026-09-18,360,6.910184,0.175610,77719.530000,77686.870000
29828602,2026-09-18T07:22,77668.540000,-0.316400,-0.648827,2026-09-18,409,2.777088,0.550820,77760.000000,77659.430000
29828603,2026-09-18T07:23,77720.010000,0.254800,0.101097,2026-09-18,347,5.394076,0.822250,77759.070000,77659.430000
29828604,2026-09-18T07:24,77678.570000,0.389900,0.639093,2026-09-18,455,12.848649,0.103428,77761.890000,77676.470000
29828605,2026-09-18T07:25,77734.430000,0.322700,-0.792821,2026-09-18,268,1.618479,0.539707,77734.440000,77677.340000
29828606,2026-09-18T07:26,77753.600000,0.360300,0.082314,2026-09-18,217,0.330442,0.211601,77753.600000,77734.430000
29828607,2026-09-18T07:27,77731.100000,-0.440500,-0.502179,2026-09-18,310,2.529616,0.831535,77774.060000,77723.130000
29828608,2026-09-18T07:28,77715.670000,-0.372600,0.657660,2026-09-18,195,0.403359,0.227005,77749.460000,77715.660000
29828609,2026-09-18T07:29,77725.580000,0.500200,-0.543134,2026-09-18,244,0.579938,0.553987,77728.400000,77696.930000
29828610,2026-09-18T07:30,77743.790000,0.363900,0.171016,2026-09-18,248,0.625233,0.459248,77749.630000,77725.580000
29828611,2026-09-18T07:31,77729.950000,0.545100,-0.186046,2026-09-18,270,1.301976,0.277447,77755.020000,77721.490000
29828612,2026-09-18T07:32,77760.990000,-0.288500,-0.440122,2026-09-18,556,20.307026,0.567583,77787.270000,77711.400000
29828613,2026-09-18T07:33,77713.850000,0.095400,0.134974,2026-09-18,230,0.563918,0.109644,77754.990000,77711.400000
29828614,2026-09-18T07:34,77746.490000,0.412500,-0.705808,2026-09-18,350,2.608161,0.715698,77746.500000,77693.800000
29828615,2026-09-18T07:35,77716.260000,0.039100,0.587794,2026-09-18,226,1.107722,0.142178,77746.490000,77716.260000
29828616,2026-09-18T07:36,77716.510000,0.044700,-0.714191,2026-09-18,245,0.873778,0.435116,77737.900000,77713.710000
29828617,2026-09-18T07:37,77715.820000,0.066700,-0.128997,2026-09-18,319,6.536013,0.819730,77755.980000,77699.700000
29828618,2026-09-18T07:38,77719.610000,0.231300,0.648741,2026-09-18,301,2.771814,0.396787,77745.880000,77710.890000
29828619,2026-09-18T07:39,77699.710000,0.444100,-0.206443,2026-09-18,358,6.823596,0.213009,77762.660000,77699.700000
29828620,2026-09-18T07:40,77685.010000,0.024200,-0.573981,2026-09-18,271,1.406732,0.614512,77710.650000,77670.240000
29828621,2026-09-18T07:41,77723.100000,0.262400,0.218398,2026-09-18,300,2.808172,0.579946,77723.100000,77659.630000
29828622,2026-09-18T07:42,77711.460000,0.315500,0.167076,2026-09-18,230,1.684047,0.038340,77734.760000,77710.920000
29828623,2026-09-18T07:43,77711.800000,0.439800,-0.903019,2026-09-18,208,0.841258,0.365278,77728.290000,77711.450000
29828624,2026-09-18T07:44,77749.100000,0.118600,-0.308317,2026-09-18,327,5.564805,0.884236,77779.990000,77711.800000
29828625,2026-09-18T07:45,77710.830000,-0.372300,0.571210,2026-09-18,296,2.233282,0.161999,77748.490000,77699.700000
29828626,2026-09-18T07:46,77732.580000,0.201400,-0.535243,2026-09-18,349,4.781290,0.424551,77752.480000,77701.820000
29828627,2026-09-18T07:47,77723.610000,0.417300,-0.148679,2026-09-18,240,1.466994,0.344267,77742.670000,77720.330000
29828628,2026-09-18T07:48,77670.110000,0.581700,-0.314372,2026-09-18,210,0.593449,0.246509,77724.220000,77670.040000
29828629,2026-09-18T07:49,77683.350000,0.417500,-0.506982,2026-09-18,240,1.307498,0.518158,77685.000000,77658.420000
29828630,2026-09-18T07:50,77692.100000,0.354900,0.013072,2026-09-18,259,1.976691,0.268950,77711.390000,77683.230000
29828631,2026-09-18T07:51,77725.360000,-0.150300,-0.453811,2026-09-18,325,6.632376,0.266450,77742.510000,77692.090000
29828632,2026-09-18T07:52,77719.710000,0.691600,-0.467354,2026-09-18,309,6.352683,0.034012,77746.470000,77712.050000
29828633,2026-09-18T07:53,77701.150000,-0.107600,-0.931942,2026-09-18,242,1.268127,0.544529,77723.220000,77701.150000
29828634,2026-09-18T07:54,77703.490000,-0.062700,0.089057,2026-09-18,214,0.715290,0.507272,77717.720000,77701.150000
29828635,2026-09-18T07:55,77701.150000,-0.025900,0.014544,2026-09-18,181,0.575077,0.328866,77706.480000,77701.150000
29828636,2026-09-18T07:56,77704.070000,0.442600,-0.342268,2026-09-18,366,4.365767,0.845785,77706.310000,77658.150000
29828637,2026-09-18T07:57,77680.380000,0.030300,0.729738,2026-09-18,307,3.891808,0.752780,77758.360000,77676.300000
29828638,2026-09-18T07:58,77703.920000,0.005500,0.401130,2026-09-18,367,13.104604,0.887324,77732.830000,77660.000000
29828639,2026-09-18T07:59,77734.790000,0.028900,0.777032,2026-09-18,205,0.826258,0.446242,77734.780000,77702.690000
29828640,2026-09-18T08:00,77754.950000,-0.267200,-0.097730,2026-09-18,331,3.113093,0.749009,77762.400000,77727.370000
29828641,2026-09-18T08:01,77823.920000,0.337400,0.507390,2026-09-18,414,12.560230,0.671468,77830.000000,77754.950000
29828642,2026-09-18T08:02,77876.080000,0.178600,0.339824,2026-09-18,577,9.074296,0.584501,77906.570000,77823.710000
29828643,2026-09-18T08:03,77850.890000,-0.285500,0.168936,2026-09-18,439,10.437830,0.200314,77905.000000,77830.670000
29828644,2026-09-18T08:04,77830.320000,0.268300,-0.599352,2026-09-18,381,8.924503,0.866465,77861.340000,77801.730000
29828645,2026-09-18T08:05,77758.210000,-0.448500,0.732931,2026-09-18,385,2.758223,0.630306,77830.320000,77758.200000
29828646,2026-09-18T08:06,77737.740000,0.091200,0.252737,2026-09-18,356,1.817819,0.595858,77766.480000,77730.000000
29828647,2026-09-18T08:07,77723.110000,0.221500,0.250950,2026-09-18,282,2.357365,0.283870,77765.040000,77723.100000
29828648,2026-09-18T08:08,77644.720000,0.325400,-0.505584,2026-09-18,310,2.887975,0.231034,77740.380000,77630.190000
29828649,2026-09-18T08:09,77614.900000,0.365600,-0.537932,2026-09-18,370,5.268233,0.199164,77645.470000,77593.500000
29828650,2026-09-18T08:10,77668.790000,0.520600,-0.601776,2026-09-18,330,4.989156,0.301096,77674.320000,77581.310000
29828651,2026-09-18T08:11,77635.360000,0.519800,-0.397642,2026-09-18,226,2.363129,0.376070,77668.790000,77632.980000
29828652,2026-09-18T08:12,77670.010000,0.320600,-0.247692,2026-09-18,261,1.381913,0.781733,77670.150000,77635.360000
29828653,2026-09-18T08:13,77735.830000,0.031700,0.479079,2026-09-18,295,1.800447,0.566120,77762.160000,77649.660000
29828654,2026-09-18T08:14,77696.240000,0.267300,0.149866,2026-09-18,264,1.086341,0.225856,77775.000000,77695.860000
29828655,2026-09-18T08:15,77702.550000,0.325100,-0.541593,2026-09-18,279,6.079044,0.915435,77710.000000,77678.110000
29828656,2026-09-18T08:16,77775.450000,0.483900,0.841502,2026-09-18,321,1.515384,0.611975,77783.010000,77702.550000
29828657,2026-09-18T08:17,77802.930000,0.650000,0.251060,2026-09-18,319,3.342751,0.214470,77826.730000,77782.610000
29828658,2026-09-18T08:18,77794.300000,0.084900,-0.597271,2026-09-18,239,2.395455,0.459717,77818.090000,77794.310000
29828659,2026-09-18T08:19,77795.850000,-0.539100,-0.080595,2026-09-18,208,0.839506,0.193541,77795.850000,77778.770000
29828660,2026-09-18T08:20,77908.180000,-0.106600,-0.618217,2026-09-18,424,4.953891,0.624960,77949.000000,77789.710000
29828661,2026-09-18T08:21,77910.290000,0.561200,0.227327,2026-09-18,418,5.384202,0.388879,77928.220000,77855.720000
29828662,2026-09-18T08:22,77934.260000,0.268000,-0.208279,2026-09-18,735,10.555628,0.904225,77950.000000,77910.290000
29828663,2026-09-18T08:23,77961.580000,0.606200,0.808447,2026-09-18,376,4.685387,0.546142,77980.130000,77931.070000
29828664,2026-09-18T08:24,77992.480000,0.401600,0.126299,2026-09-18,506,3.315310,0.914263,77999.000000,77962.600000
29828665,2026-09-18T08:25,77937.790000,0.135900,0.792900,2026-09-18,539,4.025232,0.621992,77992.480000,77930.680000
29828666,2026-09-18T08:26,77960.960000,-0.036000,0.272229,2026-09-18,496,4.085524,0.646073,77960.960000,77903.730000
29828667,2026-09-18T08:27,77915.320000,0.303200,0.268062,2026-09-18,258,1.891936,0.851796,77961.940000,77912.330000
29828668,2026-09-18T08:28,77898.610000,-0.482300,0.703990,2026-09-18,275,2.070815,0.916247,77929.800000,77898.600000
29828669,2026-09-18T08:29,77880.400000,-0.408800,0.832611,2026-09-18,368,4.558493,0.728549,77902.290000,77867.810000
29828670,2026-09-18T08:30,77886.890000,0.553400,0.431608,2026-09-18,387,5.516134,0.376133,77898.590000,77845.000000
29828671,2026-09-18T08:31,77873.290000,0.088200,-0.238291,2026-09-18,274,1.766582,0.393469,77899.260000,77848.400000
29828672,2026-09-18T08:32,77863.510000,0.529100,-0.184399,2026-09-18,290,2.371616,0.306334,77903.670000,77852.040000
29828673,2026-09-18T08:33,77930.610000,0.254200,-0.427788,2026-09-18,346,8.191543,0.525856,77953.330000,77863.500000
29828674,2026-09-18T08:34,77952.080000,-0.438500,0.061699,2026-09-18,222,0.639973,0.602612,77957.100000,77924.820000
29828675,2026-09-18T08:35,77898.610000,-0.269600,0.205071,2026-09-18,217,0.319037,0.482818,77964.370000,77898.600000
29828676,2026-09-18T08:36,77916.170000,0.224300,0.097267,2026-09-18,220,1.017046,0.425234,77932.600000,77898.600000
29828677,2026-09-18T08:37,77892.890000,-0.427600,-0.225213,2026-09-18,370,9.959658,0.620764,77950.360000,77892.770000
29828678,2026-09-18T08:38,77851.510000,0.286200,0.244771,2026-09-18,262,2.778020,0.196330,77902.460000,77845.580000
29828679,2026-09-18T08:39,77858.390000,-0.209600,-0.607350,2026-09-18,219,0.598405,0.829750,77865.000000,77849.620000
29828680,2026-09-18T08:40,77847.700000,-0.112300,0.659499,2026-09-18,184,0.122131,0.221574,77858.390000,77846.580000
29828681,2026-09-18T08:41,77847.700000,-0.288800,-0.556853,2026-09-18,256,3.364705,0.073093,77853.540000,77840.100000
29828682,2026-09-18T08:42,77884.430000,0.581900,-0.853815,2026-09-18,377,10.693742,0.297788,77897.070000,77816.530000
29828683,2026-09-18T08:43,77908.450000,0.060700,-0.404423,2026-09-18,280,3.398965,0.836977,77935.500000,77884.430000
29828684,2026-09-18T08:44,77896.230000,0.068100,0.673954,2026-09-18,210,0.522202,0.137657,77906.510000,77895.930000
29828685,2026-09-18T08:45,77924.740000,0.144900,-0.708018,2026-09-18,215,0.400510,0.656894,77927.610000,77886.910000
29828686,2026-09-18T08:46,77893.270000,0.199400,0.413352,2026-09-18,219,1.508345,0.091194,77924.740000,77891.320000
29828687,2026-09-18T08:47,77940.010000,-0.376600,-0.817561,2026-09-18,303,5.790306,0.948466,77945.780000,77886.900000
29828688,2026-09-18T08:48,77945.390000,-0.412200,0.896932,2026-09-18,248,2.141231,0.053040,77945.400000,77916.940000
29828689,2026-09-18T08:49,77915.880000,0.193200,-0.893920,2026-09-18,235,1.008124,0.179504,77945.400000,77911.830000
29828690,2026-09-18T08:50,77912.380000,-0.277000,-0.640993,2026-09-18,246,0.873507,0.130216,77915.880000,77899.300000
29828691,2026-09-18T08:51,77908.170000,0.316200,-0.739567,2026-09-18,218,0.479928,0.357011,77911.710000,77904.460000
29828692,2026-09-18T08:52,77940.360000,0.004600,-0.285978,2026-09-18,245,0.697411,0.382149,77945.390000,77908.170000
29828693,2026-09-18T08:53,77969.880000,0.067600,-0.235703,2026-09-18,263,1.255918,0.222412,77978.400000,77940.360000
29828694,2026-09-18T08:54,77998.300000,-0.959200,-0.555176,2026-09-18,308,10.471759,0.881328,77999.990000,77969.870000
29828695,2026-09-18T08:55,78047.260000,0.464500,0.762655,2026-09-18,573,130.302413,0.986201,78049.000000,77994.380000
29828696,2026-09-18T08:56,78072.540000,0.220000,0.943378,2026-09-18,339,3.829449,0.343959,78088.580000,78015.550000
29828697,2026-09-18T08:57,78081.550000,0.391700,0.398322,2026-09-18,427,4.591606,0.536779,78100.000000,78067.430000
29828698,2026-09-18T08:58,78119.200000,-0.263400,0.071617,2026-09-18,681,14.063418,0.718138,78190.000000,78076.310000
29828699,2026-09-18T08:59,78202.790000,0.489000,0.419476,2026-09-18,471,10.219557,0.364799,78204.000000,78110.040000
29828700,2026-09-18T09:00,78215.550000,0.092100,-0.236345,2026-09-18,653,22.286406,0.739053,78245.000000,78138.070000
29828701,2026-09-18T09:01,78229.200000,0.343900,0.416153,2026-09-18,386,4.943404,0.456593,78245.000000,78198.050000
29828702,2026-09-18T09:02,78284.700000,0.454100,0.118196,2026-09-18,422,2.314713,0.610485,78284.700000,78228.060000
29828703,2026-09-18T09:03,78248.540000,0.157100,0.278492,2026-09-18,493,8.266238,0.250508,78343.930000,78240.010000
29828704,2026-09-18T09:04,78233.990000,-0.025300,-0.490723,2026-09-18,426,4.402971,0.545948,78248.620000,78175.500000
29828705,2026-09-18T09:05,78245.710000,0.513400,0.056339,2026-09-18,322,2.073949,0.748447,78295.920000,78230.000000
29828706,2026-09-18T09:06,78253.300000,-0.366100,0.484152,2026-09-18,358,3.381481,0.565116,78259.990000,78205.010000
29828707,2026-09-18T09:07,78286.670000,0.378000,0.118635,2026-09-18,328,2.223429,0.553582,78286.670000,78227.500000
29828708,2026-09-18T09:08,78401.990000,0.594400,0.145119,2026-09-18,493,9.104265,0.893976,78409.690000,78286.660000
29828709,2026-09-18T09:09,78359.110000,0.372200,0.784776,2026-09-18,352,2.278811,0.387697,78403.810000,78343.200000
29828710,2026-09-18T09:10,78355.290000,0.320400,-0.220905,2026-09-18,305,1.829259,0.585232,78368.380000,78320.510000
29828711,2026-09-18T09:11,78267.800000,-0.055300,0.204985,2026-09-18,283,1.417755,0.501558,78347.260000,78261.300000
29828712,2026-09-18T09:12,78280.080000,-0.137200,-0.098874,2026-09-18,284,1.580067,0.843804,78280.080000,78230.000000
29828713,2026-09-18T09:13,78295.290000,0.238100,0.807271,2026-09-18,436,13.432809,0.384743,78360.960000,78280.070000
29828714,2026-09-18T09:14,78304.490000,0.008100,-0.267458,2026-09-18,370,4.831818,0.511035,78316.890000,78252.820000
29828715,2026-09-18T09:15,78316.740000,-0.218600,0.022059,2026-09-18,311,3.108345,0.686649,78318.690000,78248.910000
29828716,2026-09-18T09:16,78270.760000,-0.136900,0.347215,2026-09-18,273,1.488723,0.504610,78314.780000,78261.300000
29828717,2026-09-18T09:17,78249.610000,0.087900,0.075751,2026-09-18,336,3.011513,0.514069,78320.400000,78249.600000
29828718,2026-09-18T09:18,78278.510000,0.152300,0.015541,2026-09-18,336,4.937532,0.756778,78281.730000,78222.880000
29828719,2026-09-18T09:19,78262.650000,0.150900,0.513436,2026-09-18,291,1.637152,0.665893,78278.580000,78242.980000
29828720,2026-09-18T09:20,78262.920000,-0.018400,0.342382,2026-09-18,292,2.682261,0.263200,78271.920000,78245.000000
29828721,2026-09-18T09:21,78286.260000,-0.145700,-0.488313,2026-09-18,334,4.800776,0.292586,78296.390000,78237.910000
29828722,2026-09-18T09:22,78319.790000,-0.168600,-0.414885,2026-09-18,311,1.199411,0.721854,78319.790000,78275.010000
29828723,2026-09-18T09:23,78256.010000,-0.310500,0.488001,2026-09-18,330,4.961485,0.093773,78331.220000,78252.750000
29828724,2026-09-18T09:24,78237.900000,0.299800,-0.850652,2026-09-18,271,2.195181,0.817964,78271.990000,78237.900000
29828725,2026-09-18T09:25,78187.120000,-0.395900,0.651945,2026-09-18,291,2.525696,0.748272,78243.040000,78185.460000
29828726,2026-09-18T09:26,78175.930000,0.193600,0.476921,2026-09-18,448,4.638562,0.702319,78189.030000,78159.990000
29828727,2026-09-18T09:27,78131.210000,-0.392000,0.422868,2026-09-18,418,6.895757,0.656834,78176.030000,78128.140000
29828728,2026-09-18T09:28,78122.800000,-0.553400,0.298104,2026-09-18,388,4.319015,0.725013,78150.260000,78122.800000
29828729,2026-09-18T09:29,78095.170000,0.147500,0.459021,2026-09-18,413,4.109832,0.832486,78122.930000,78093.480000
29828730,2026-09-18T09:30,78090.260000,-0.489100,0.659106,2026-09-18,316,2.494095,0.688221,78107.730000,78069.600000
29828731,2026-09-18T09:31,78054.520000,-0.438200,0.351901,2026-09-18,268,1.367939,0.613088,78096.460000,78053.990000
29828732,2026-09-18T09:32,78031.740000,-0.503500,0.267264,2026-09-18,295,1.530380,0.637628,78062.420000,78019.170000
29828733,2026-09-18T09:33,78067.210000,0.076100,0.373516,2026-09-18,271,1.363088,0.767160,78069.180000,78031.750000
29828734,2026-09-18T09:34,78034.200000,-0.277700,0.436000,2026-09-18,253,1.719713,0.292750,78067.210000,78032.700000
29828735,2026-09-18T09:35,78014.360000,0.187900,-0.391537,2026-09-18,299,2.387596,0.597247,78034.200000,78006.720000
29828736,2026-09-18T09:36,77978.540000,-0.190900,0.184818,2026-09-18,359,5.397257,0.302756,78014.350000,77977.780000
29828737,2026-09-18T09:37,77987.990000,-0.332400,-0.393122,2026-09-18,395,18.580266,0.163315,77987.990000,77922.070000
29828738,2026-09-18T09:38,77968.800000,-0.374300,-0.555523,2026-09-18,331,4.781221,0.715878,78021.930000,77958.960000
29828739,2026-09-18T09:39,77949.980000,-0.288400,0.181388,2026-09-18,256,1.968947,0.713157,77988.340000,77948.750000
29828740,2026-09-18T09:40,77949.930000,0.137500,0.480932,2026-09-18,236,1.095022,0.562866,77974.990000,77948.780000
29828741,2026-09-18T09:41,77950.100000,-0.202500,0.134574,2026-09-18,245,0.933818,0.265509,77969.620000,77946.580000
29828742,2026-09-18T09:42,77966.760000,-0.230400,-0.497333,2026-09-18,247,1.138767,0.207982,77973.050000,77945.420000
29828743,2026-09-18T09:43,77975.080000,-0.306700,-0.603679,2026-09-18,231,0.922482,0.415252,77987.820000,77960.780000
29828744,2026-09-18T09:44,77983.050000,-0.430100,-0.212678,2026-09-18,315,15.608663,0.967642,77998.990000,77957.100000
29828745,2026-09-18T09:45,78018.950000,-0.257700,0.948647,2026-09-18,204,1.328063,0.206317,78027.280000,77983.040000
29828746,2026-09-18T09:46,78081.580000,-0.314400,-0.587365,2026-09-18,465,79.121659,0.991006,78197.110000,78018.940000
29828747,2026-09-18T09:47,78112.410000,0.600400,0.982043,2026-09-18,470,9.604112,0.520271,78143.790000,78081.920000
29828748,2026-09-18T09:48,78040.480000,0.572600,0.026528,2026-09-18,330,4.404068,0.150889,78112.310000,78017.410000
29828749,2026-09-18T09:49,78030.890000,0.565300,-0.713117,2026-09-18,368,8.373564,0.082484,78059.740000,78019.080000
29828750,2026-09-18T09:50,78085.790000,-0.383100,-0.829620,2026-09-18,266,1.113686,0.581474,78097.490000,78030.880000
29828751,2026-09-18T09:51,78067.650000,0.214200,0.160271,2026-09-18,228,1.576032,0.633517,78109.180000,78059.430000
29828752,2026-09-18T09:52,78091.760000,0.538600,0.266762,2026-09-18,217,0.658617,0.544536,78096.210000,78068.170000
29828753,2026-09-18T09:53,78070.890000,-0.058400,0.089562,2026-09-18,255,4.753711,0.017695,78096.210000,78069.320000
29828754,2026-09-18T09:54,78072.110000,-0.317300,-0.969855,2026-09-18,199,2.234453,0.627709,78072.120000,78066.510000
29828755,2026-09-18T09:55,78107.230000,0.469400,0.993265,2026-09-18,272,0.857358,0.498861,78132.600000,78072.110000
29828756,2026-09-18T09:56,78120.230000,-0.106700,-0.094601,2026-09-18,373,5.149147,0.769376,78158.050000,78097.500000
29828757,2026-09-18T09:57,78134.210000,-0.331200,0.537913,2026-09-18,208,0.599657,0.465880,78135.740000,78120.220000
29828758,2026-09-18T09:58,78140.600000,0.043600,-0.067562,2026-09-18,233,0.761859,0.396563,78150.050000,78132.550000
29828759,2026-09-18T09:59,78148.140000,-0.264200,-0.206522,2026-09-18,217,0.192047,0.665985,78148.150000,78135.650000
29828760,2026-09-18T10:00,78145.790000,0.123300,-0.467969,2026-09-18,279,2.595294,0.227463,78155.000000,78138.470000
29828761,2026-09-18T10:01,78128.740000,-0.416700,-0.489154,2026-09-18,256,2.118059,0.404950,78154.990000,78098.140000
29828762,2026-09-18T10:02,78129.670000,-0.112600,-0.258841,2026-09-18,299,6.643308,0.229097,78143.910000,78088.620000
29828763,2026-09-18T10:03,78124.120000,0.205800,-0.530638,2026-09-18,166,0.118562,0.168153,78129.680000,78116.340000
29828764,2026-09-18T10:04,78108.290000,-0.169400,-0.514714,2026-09-18,296,3.402374,0.165273,78136.610000,78095.540000
29828765,2026-09-18T10:05,78085.860000,0.281200,-0.669283,2026-09-18,422,6.880533,0.206338,78160.100000,78081.320000
29828766,2026-09-18T10:06,78142.640000,-0.500500,-0.582612,2026-09-18,310,4.330257,0.909015,78142.670000,78081.310000
29828767,2026-09-18T10:07,78094.120000,-0.331300,0.743113,2026-09-18,270,1.570010,0.285049,78144.820000,78085.980000
29828768,2026-09-18T10:08,78099.790000,0.047100,-0.381547,2026-09-18,228,0.602966,0.722362,78099.790000,78080.280000
29828769,2026-09-18T10:09,78084.360000,-0.195200,0.605385,2026-09-18,222,0.567224,0.708995,78113.470000,78078.310000
29828770,2026-09-18T10:10,78127.510000,-0.376800,0.417991,2026-09-18,286,2.019826,0.728615,78132.430000,78081.190000
29828771,2026-09-18T10:11,78066.080000,0.271400,0.416157,2026-09-18,251,0.425684,0.493474,78122.980000,78064.180000
29828772,2026-09-18T10:12,78055.290000,-0.160800,0.144446,2026-09-18,361,5.451279,0.284762,78079.590000,78036.600000
29828773,2026-09-18T10:13,78067.790000,-0.181100,-0.430074,2026-09-18,232,1.344715,0.775527,78074.100000,78055.290000
29828774,2026-09-18T10:14,78129.460000,-0.344300,0.550511,2026-09-18,371,6.971401,0.957976,78132.920000,78041.820000
29828775,2026-09-18T10:15,78142.200000,-0.368200,0.915959,2026-09-18,267,2.442141,0.503049,78143.470000,78128.730000
29828776,2026-09-18T10:16,78097.510000,-0.165100,-0.079631,2026-09-18,299,2.549995,0.573774,78142.190000,78092.570000
29828777,2026-09-18T10:17,78119.920000,0.154600,0.304449,2026-09-18,243,1.788245,0.451081,78131.860000,78097.300000
29828778,2026-09-18T10:18,78129.670000,-0.009100,-0.215682,2026-09-18,242,1.421538,0.759510,78136.840000,78111.120000
29828779,2026-09-18T10:19,78144.290000,0.071500,0.512577,2026-09-18,235,0.951455,0.765791,78144.290000,78124.540000
29828780,2026-09-18T10:20,78149.430000,0.136600,0.539923,2026-09-18,268,1.753066,0.668116,78179.810000,78144.290000
29828781,2026-09-18T10:21,78132.610000,0.287400,0.336228,2026-09-18,214,0.800535,0.522431,78151.200000,78132.600000
29828782,2026-09-18T10:22,78129.610000,0.217200,0.044866,2026-09-18,209,0.547516,0.170835,78132.610000,78123.070000
29828783,2026-09-18T10:23,78124.990000,0.410800,-0.658596,2026-09-18,244,1.286429,0.155501,78129.600000,78104.750000
29828784,2026-09-18T10:24,78117.450000,0.201700,-0.688895,2026-09-18,226,0.717558,0.244308,78129.600000,78117.440000
29828785,2026-09-18T10:25,78104.600000,0.110300,-0.515010,2026-09-18,228,1.794867,0.343445,78117.450000,78100.000000
29828786,2026-09-18T10:26,78118.490000,-0.090100,-0.311050,2026-09-18,249,1.640760,0.048028,78118.490000,78094.670000
29828787,2026-09-18T10:27,78180.830000,-0.283700,-0.903944,2026-09-18,278,1.605077,0.656567,78191.090000,78118.480000
29828788,2026-09-18T10:28,78197.520000,-0.471700,0.312676,2026-09-18,219,1.037390,0.605783,78200.000000,78179.370000
29828789,2026-09-18T10:29,78210.990000,-0.726900,0.212684,2026-09-18,201,1.808382,0.673243,78214.490000,78197.520000
29828790,2026-09-18T10:30,78201.070000,-0.770500,0.346265,2026-09-18,230,1.051933,0.153950,78210.990000,78200.000000
29828791,2026-09-18T10:31,78210.990000,-0.071400,-0.697196,2026-09-18,231,0.610596,0.862152,78211.000000,78200.130000
29828792,2026-09-18T10:32,78209.990000,-0.789700,0.775504,2026-09-18,279,1.728394,0.594577,78210.990000,78181.780000
29828793,2026-09-18T10:33,78231.610000,0.434200,0.189803,2026-09-18,259,8.428157,0.849134,78235.060000,78205.910000
29828794,2026-09-18T10:34,78206.950000,-0.102100,0.698224,2026-09-18,225,0.566455,0.540613,78245.960000,78205.380000
29828795,2026-09-18T10:35,78192.920000,-0.187100,0.081226,2026-09-18,240,0.597459,0.266218,78218.420000,78191.970000
29828796,2026-09-18T10:36,78177.460000,-0.346300,-0.467413,2026-09-18,240,0.899062,0.721659,78192.920000,78176.040000
29828797,2026-09-18T10:37,78189.800000,0.080200,0.443280,2026-09-18,197,0.207409,0.566806,78194.700000,78177.450000
29828798,2026-09-18T10:38,78183.620000,-0.034900,0.133612,2026-09-18,211,0.562894,0.260975,78194.690000,78181.390000
29828799,2026-09-18T10:39,78188.510000,0.008800,-0.458249,2026-09-18,213,0.877507,0.597555,78200.000000,78178.550000
29828800,2026-09-18T10:40,78167.710000,-0.530900,0.187909,2026-09-18,338,4.580547,0.828579,78215.000000,78167.700000
29828801,2026-09-18T10:41,78141.760000,-0.101400,0.657354,2026-09-18,228,1.062377,0.523259,78167.710000,78139.700000
29828802,2026-09-18T10:42,78123.110000,-0.631000,0.045415,2026-09-18,253,2.688784,0.516962,78141.760000,78123.100000
29828803,2026-09-18T10:43,78135.380000,0.593300,0.033502,2026-09-18,211,1.391194,0.116121,78138.110000,78123.100000
29828804,2026-09-18T10:44,78167.670000,-0.421400,-0.767758,2026-09-18,223,1.390676,0.422162,78175.820000,78135.370000
29828805,2026-09-18T10:45,78184.010000,-0.343000,-0.156473,2026-09-18,253,1.699392,0.222382,78191.000000,78155.000000
29828806,2026-09-18T10:46,78171.710000,0.428200,-0.554891,2026-09-18,312,4.392227,0.125469,78184.010000,78142.030000
29828807,2026-09-18T10:47,78209.710000,0.702800,-0.749065,2026-09-18,222,1.034204,0.871102,78211.970000,78173.660000
29828808,2026-09-18T10:48,78211.760000,0.387200,0.741734,2026-09-18,237,2.469729,0.098929,78221.020000,78188.120000
29828809,2026-09-18T10:49,78283.080000,0.556900,-0.802117,2026-09-18,279,2.031916,0.888789,78290.000000,78207.850000
29828810,2026-09-18T10:50,78237.900000,-0.171600,0.777578,2026-09-18,260,4.898527,0.083565,78300.000000,78237.900000
29828811,2026-09-18T10:51,78222.640000,-0.428900,-0.832844,2026-09-18,260,1.026134,0.833892,78239.810000,78222.640000
29828812,2026-09-18T10:52,78249.610000,-0.108000,0.692162,2026-09-18,331,6.127688,0.621830,78249.610000,78210.880000
29828813,2026-09-18T10:53,78254.100000,0.284700,0.234224,2026-09-18,260,0.584597,0.171825,78266.400000,78242.370000
29828814,2026-09-18T10:54,78242.600000,0.075200,-0.668774,2026-09-18,210,1.025689,0.188283,78251.470000,78239.070000
29828815,2026-09-18T10:55,78227.890000,-0.309600,-0.623335,2026-09-18,268,1.945811,0.314789,78263.940000,78227.750000
29828816,2026-09-18T10:56,78209.140000,0.346100,-0.370473,2026-09-18,229,0.897000,0.344121,78227.890000,78198.890000
29828817,2026-09-18T10:57,78215.010000,0.220400,-0.311740,2026-09-18,234,1.129077,0.965029,78227.890000,78209.140000
29828818,2026-09-18T10:58,78194.600000,0.081300,0.930058,2026-09-18,239,0.649184,0.442455,78215.010000,78193.390000
29828819,2026-09-18T10:59,78221.460000,0.322200,-0.108873,2026-09-18,236,1.041113,0.841153,78223.120000,78194.250000
29828820,2026-09-18T11:00,78207.710000,-0.124300,-0.303623,2026-09-18,279,2.068163,0.180825,78221.460000,78193.400000
29828821,2026-09-18T11:01,78236.150000,-0.380000,0.261527,2026-09-18,301,1.254305,0.585689,78257.670000,78207.710000
29828822,2026-09-18T11:02,78237.730000,-0.313700,0.167173,2026-09-18,241,0.423171,0.682456,78238.260000,78223.210000
29828823,2026-09-18T11:03,78259.990000,0.250100,0.191797,2026-09-18,276,0.853430,0.635067,78259.990000,78223.310000
29828824,2026-09-18T11:04,78313.490000,-0.088700,0.366248,2026-09-18,296,1.712823,0.690949,78313.500000,78259.990000
29828825,2026-09-18T11:05,78085.800000,-0.527900,0.392308,2026-09-18,669,16.214009,0.648168,78398.310000,78085.800000
29828826,2026-09-18T11:06,78017.740000,0.091500,0.282889,2026-09-18,548,6.061630,0.481423,78106.200000,77987.320000
29828827,2026-09-18T11:07,78035.020000,-0.509600,-0.027972,2026-09-18,419,3.077322,0.621182,78035.030000,77976.740000
29828828,2026-09-18T11:08,78094.400000,-0.383000,0.253612,2026-09-18,385,2.580726,0.415638,78119.060000,78017.260000
29828829,2026-09-18T11:09,78126.760000,-0.535500,-0.200766,2026-09-18,308,2.013508,0.921305,78136.700000,78074.100000
29828830,2026-09-18T11:10,78068.710000,-0.239200,0.840240,2026-09-18,355,3.750954,0.428847,78152.780000,78052.090000
29828831,2026-09-18T11:11,78034.860000,-0.068500,-0.139750,2026-09-18,442,7.040347,0.338237,78101.600000,78030.600000
29828832,2026-09-18T11:12,78003.180000,0.212700,-0.282239,2026-09-18,330,2.254394,0.691265,78045.410000,77995.010000
29828833,2026-09-18T11:13,77989.390000,-0.267000,0.321050,2026-09-18,340,1.693292,0.439837,78013.190000,77980.500000
29828834,2026-09-18T11:14,78050.230000,-0.331500,-0.212391,2026-09-18,384,5.358847,0.827704,78061.530000,77972.100000
29828835,2026-09-18T11:15,78063.060000,-0.412400,0.679170,2026-09-18,429,4.613264,0.672980,78109.200000,78044.540000
29828836,2026-09-18T11:16,78076.920000,0.366600,0.361088,2026-09-18,318,2.930710,0.834793,78083.730000,78049.850000
29828837,2026-09-18T11:17,78050.700000,-0.134100,0.668969,2026-09-18,310,3.152273,0.554125,78097.500000,78005.300000
29828838,2026-09-18T11:18,78048.260000,-0.496900,0.108251,2026-09-18,277,2.205907,0.680954,78059.480000,78032.110000
29828839,2026-09-18T11:19,78062.260000,-0.223900,0.361908,2026-09-18,307,4.838640,0.962907,78080.050000,78042.780000
29828840,2026-09-18T11:20,78025.900000,-0.536500,0.549986,2026-09-18,293,2.843102,0.383128,78062.270000,78010.690000
29828841,2026-09-18T11:21,78071.700000,-0.476900,0.293426,2026-09-18,287,1.534541,0.573875,78074.100000,78027.300000
29828842,2026-09-18T11:22,78062.390000,-0.120000,0.083621,2026-09-18,230,0.941365,0.682772,78065.900000,78027.310000
29828843,2026-09-18T11:23,78002.830000,0.703900,0.528084,2026-09-18,311,4.050215,0.296445,78062.390000,77987.600000
29828844,2026-09-18T11:24,78007.100000,0.258500,-0.384696,2026-09-18,208,0.831790,0.697619,78018.890000,78000.000000
29828845,2026-09-18T11:25,77991.100000,0.013000,0.343497,2026-09-18,364,6.877341,0.288131,78007.100000,77980.240000
29828846,2026-09-18T11:26,78038.990000,-0.144800,-0.423737,2026-09-18,246,1.487629,0.874675,78039.000000,77986.720000
29828847,2026-09-18T11:27,77984.110000,0.285500,0.749349,2026-09-18,232,1.354391,0.144762,78038.990000,77980.500000
29828848,2026-09-18T11:28,78019.260000,0.173700,-0.710483,2026-09-18,275,1.336071,0.595499,78027.290000,77984.090000
29828849,2026-09-18T11:29,77985.300000,-0.005900,0.191028,2026-09-18,215,0.674316,0.630455,78025.000000,77982.020000
29828850,2026-09-18T11:30,77982.960000,0.050200,0.251172,2026-09-18,317,3.976442,0.566784,78022.680000,77975.590000
29828851,2026-09-18T11:31,78045.110000,0.720700,0.135085,2026-09-18,259,1.533114,0.790212,78050.700000,77982.950000
29828852,2026-09-18T11:32,78085.790000,0.214000,0.586533,2026-09-18,329,6.218951,0.597981,78085.790000,78045.100000
29828853,2026-09-18T11:33,78049.040000,-0.390000,0.193497,2026-09-18,250,0.735135,0.348655,78093.330000,78040.230000
29828854,2026-09-18T11:34,78042.450000,0.047600,-0.309329,2026-09-18,260,1.731346,0.233824,78049.130000,78017.030000
29828855,2026-09-18T11:35,78048.360000,0.252600,-0.527157,2026-09-18,260,0.954522,0.571691,78070.130000,78043.960000
29828856,2026-09-18T11:36,78066.210000,0.244000,0.138095,2026-09-18,256,1.632569,0.564047,78079.950000,78048.360000
29828857,2026-09-18T11:37,78099.050000,0.308100,0.128094,2026-09-18,266,0.854272,0.630170,78113.020000,78066.210000
29828858,2026-09-18T11:38,78057.170000,0.055200,0.316605,2026-09-18,432,9.424502,0.051019,78113.480000,78052.260000
29828859,2026-09-18T11:39,78061.740000,0.353100,-0.924108,2026-09-18,235,1.087472,0.637507,78071.080000,78057.160000
29828860,2026-09-18T11:40,78030.350000,0.238500,0.274672,2026-09-18,270,2.401037,0.339259,78061.740000,78027.300000
29828861,2026-09-18T11:41,78004.350000,0.181600,-0.321482,2026-09-18,252,0.843329,0.189771,78031.720000,78004.320000
29828862,2026-09-18T11:42,77972.610000,0.135300,-0.619925,2026-09-18,259,1.055408,0.502475,78004.350000,77972.610000
29828863,2026-09-18T11:43,77957.380000,0.348700,0.005336,2026-09-18,332,2.339290,0.109945,77972.620000,77949.010000
29828864,2026-09-18T11:44,77962.830000,-0.127500,-0.780663,2026-09-18,285,1.872049,0.204757,77964.930000,77949.030000
29828865,2026-09-18T11:45,78011.520000,0.459700,-0.590489,2026-09-18,319,2.706274,0.688099,78017.720000,77962.820000
29828866,2026-09-18T11:46,77999.820000,-0.552800,-0.275405,2026-09-18,289,6.282750,0.446308,78011.920000,77980.500000
29828867,2026-09-18T11:47,77980.510000,-0.771300,0.426982,2026-09-18,260,0.912268,0.093146,77999.810000,77980.500000
29828868,2026-09-18T11:48,77975.930000,-0.604400,-0.797569,2026-09-18,261,0.839339,0.644810,77984.100000,77975.930000
29828869,2026-09-18T11:49,77975.930000,-0.547500,0.406852,2026-09-18,215,0.504162,0.106287,77979.600000,77975.930000
29828870,2026-09-18T11:50,77962.830000,-0.615600,-0.763445,2026-09-18,303,4.504439,0.044469,77975.940000,77962.820000
29828871,2026-09-18T11:51,77979.610000,0.034300,-0.913922,2026-09-18,315,1.560465,0.912774,77979.610000,77962.820000
29828872,2026-09-18T11:52,77996.820000,0.283100,0.825605,2026-09-18,314,2.497301,0.702519,78003.900000,77979.600000
29828873,2026-09-18T11:53,78024.200000,-0.418900,0.405052,2026-09-18,215,0.836740,0.332679,78025.210000,77996.810000
29828874,2026-09-18T11:54,78034.990000,-0.330500,-0.347342,2026-09-18,225,1.189428,0.356394,78036.090000,78020.000000
29828875,2026-09-18T11:55,77988.020000,0.248400,-0.271061,2026-09-18,426,14.773339,0.093158,78035.000000,77977.970000
29828876,2026-09-18T11:56,77991.490000,0.258100,-0.814859,2026-09-18,224,1.332582,0.696014,77991.490000,77974.860000
29828877,2026-09-18T11:57,77975.210000,0.162000,0.497288,2026-09-18,223,1.419759,0.195872,78014.340000,77973.640000
29828878,2026-09-18T11:58,77984.080000,0.613100,-0.810454,2026-09-18,228,0.606914,0.533512,77984.070000,77974.810000
29828879,2026-09-18T11:59,77995.200000,-0.088100,0.066692,2026-09-18,266,3.231428,0.595100,78003.890000,77980.200000
29828880,2026-09-18T12:00,77950.010000,-0.019300,0.226418,2026-09-18,314,5.346430,0.120132,78015.590000,77945.400000
29828881,2026-09-18T12:01,77946.580000,0.493000,-0.810877,2026-09-18,297,10.692370,0.805675,77955.010000,77938.710000
29828882,2026-09-18T12:02,77960.010000,0.430700,0.611351,2026-09-18,399,9.552112,0.303279,78003.900000,77920.850000
29828883,2026-09-18T12:03,77971.650000,-0.310100,-0.393443,2026-09-18,218,1.383933,0.475135,77971.650000,77948.670000
29828884,2026-09-18T12:04,78047.820000,-0.119300,-0.049729,2026-09-18,420,6.502134,0.729759,78060.000000,77949.160000
29828885,2026-09-18T12:05,77981.640000,-0.051800,0.401306,2026-09-18,310,2.170771,0.181111,78050.960000,77969.000000
29828886,2026-09-18T12:06,77961.290000,-0.071800,-0.586301,2026-09-18,272,0.871261,0.389534,77988.980000,77961.280000
29828887,2026-09-18T12:07,77961.650000,0.705700,-0.220918,2026-09-18,254,1.254045,0.552636,77988.320000,77960.890000
29828888,2026-09-18T12:08,77968.020000,0.002600,0.145821,2026-09-18,253,0.775348,0.358084,77979.840000,77961.650000
29828889,2026-09-18T12:09,77943.670000,-0.298000,-0.390623,2026-09-18,323,7.442143,0.053856,77968.030000,77922.010000
29828890,2026-09-18T12:10,77955.080000,-0.419200,-0.892289,2026-09-18,269,2.501611,0.205627,77968.800000,77943.670000
29828891,2026-09-18T12:11,77931.640000,-0.175600,-0.588747,2026-09-18,277,1.844091,0.262528,77964.630000,77922.000000
29828892,2026-09-18T12:12,77961.010000,-0.508800,-0.474640,2026-09-18,264,1.332436,0.383417,77961.000000,77931.640000
29828893,2026-09-18T12:13,78029.120000,-0.054600,-0.233517,2026-09-18,227,1.982653,0.857262,78034.060000,77951.670000
29828894,2026-09-18T12:14,78025.300000,-0.047100,0.714525,2026-09-18,305,5.739504,0.138264,78049.730000,78003.120000
29828895,2026-09-18T12:15,78035.140000,0.066200,-0.702969,2026-09-18,263,1.455720,0.218610,78049.740000,78025.300000
29828896,2026-09-18T12:16,78010.350000,0.125400,-0.694798,2026-09-18,336,5.609632,0.115494,78036.420000,78000.000000
29828897,2026-09-18T12:17,78002.100000,0.151100,-0.758419,2026-09-18,213,0.757980,0.270812,78023.770000,78002.090000
29828898,2026-09-18T12:18,77961.390000,0.369200,-0.453615,2026-09-18,374,3.616447,0.665745,78005.000000,77957.100000
29828899,2026-09-18T12:19,77936.240000,0.182900,0.331069,2026-09-18,244,1.179185,0.079380,77961.380000,77935.200000
29828900,2026-09-18T12:20,77948.490000,-0.415200,-0.840859,2026-09-18,349,10.838685,0.477152,77968.790000,77917.190000
29828901,2026-09-18T12:21,77968.790000,-0.159100,-0.045865,2026-09-18,265,1.585461,0.146205,77968.800000,77929.040000
29828902,2026-09-18T12:22,78009.070000,-0.451700,-0.677523,2026-09-18,251,0.899893,0.405877,78027.290000,77968.790000
29828903,2026-09-18T12:23,77938.050000,-0.412700,-0.226462,2026-09-18,268,0.892186,0.465935,78009.070000,77937.510000
29828904,2026-09-18T12:24,77941.960000,-0.456900,-0.068202,2026-09-18,273,0.696710,0.221084,77949.550000,77933.630000
29828905,2026-09-18T12:25,77948.420000,-0.165200,-0.558898,2026-09-18,258,0.928078,0.126849,77969.050000,77945.140000
29828906,2026-09-18T12:26,77942.260000,0.173800,-0.929238,2026-09-18,321,4.018848,0.185306,77963.120000,77916.710000
29828907,2026-09-18T12:27,77957.990000,0.154800,0.009936,2026-09-18,228,1.111535,0.496430,77957.990000,77942.170000
29828908,2026-09-18T12:28,77984.040000,0.325000,-0.064508,2026-09-18,254,2.273282,0.775491,77986.120000,77942.550000
29828909,2026-09-18T12:29,77951.790000,-0.022600,0.598926,2026-09-18,241,4.913782,0.089579,77984.040000,77951.780000
29828910,2026-09-18T12:30,77933.710000,0.177600,-0.819860,2026-09-18,279,2.705534,0.190126,77966.100000,77913.680000
29828911,2026-09-18T12:31,77942.260000,0.315500,-0.291355,2026-09-18,349,6.987243,0.806410,77959.020000,77927.090000
29828912,2026-09-18T12:32,77967.770000,-0.431600,0.570363,2026-09-18,287,1.295683,0.270841,77967.780000,77942.510000
29828913,2026-09-18T12:33,78021.990000,-0.692500,-0.522940,2026-09-18,312,1.448278,0.443889,78027.270000,77963.360000
29828914,2026-09-18T12:34,78024.390000,-0.134100,0.010201,2026-09-18,241,1.645233,0.210578,78024.400000,78007.800000
29828915,2026-09-18T12:35,78049.740000,-0.450900,-0.480794,2026-09-18,321,3.332475,0.270766,78049.730000,78014.290000
29828916,2026-09-18T12:36,78046.950000,-0.117600,-0.507875,2026-09-18,189,0.345136,0.125353,78049.730000,78044.990000
29828917,2026-09-18T12:37,78028.230000,0.136700,-0.748730,2026-09-18,473,6.597575,0.163956,78055.440000,78011.630000
29828918,2026-09-18T12:38,78057.200000,-0.418800,-0.672088,2026-09-18,219,0.520673,0.920830,78057.200000,78028.220000
29828919,2026-09-18T12:39,78102.490000,-0.036800,0.834662,2026-09-18,482,2.260160,0.718230,78109.190000,78048.040000
29828920,2026-09-18T12:40,78085.010000,-0.563000,0.478165,2026-09-18,371,8.616052,0.717512,78124.090000,78083.560000
29828921,2026-09-18T12:41,78049.580000,-0.181300,0.349600,2026-09-18,363,4.180738,0.469260,78085.020000,78039.000000
29828922,2026-09-18T12:42,78071.450000,-0.386500,0.095874,2026-09-18,290,2.484463,0.517623,78071.440000,78049.570000
29828923,2026-09-18T12:43,78097.570000,-0.163800,-0.056498,2026-09-18,270,1.775505,0.764043,78110.000000,78071.440000
29828924,2026-09-18T12:44,78046.080000,0.049300,0.574063,2026-09-18,259,1.036271,0.178426,78101.850000,78042.420000
29828925,2026-09-18T12:45,78070.990000,-0.514600,-0.643561,2026-09-18,422,10.300513,0.799663,78090.520000,78036.030000
29828926,2026-09-18T12:46,78050.710000,-0.191800,0.599339,2026-09-18,274,1.298275,0.611942,78077.520000,78050.700000
29828927,2026-09-18T12:47,78052.920000,-0.490400,0.223884,2026-09-18,237,1.222735,0.630316,78062.390000,78027.300000
29828928,2026-09-18T12:48,78027.350000,-0.341900,0.201545,2026-09-18,236,1.112397,0.394365,78052.920000,78019.860000
29828929,2026-09-18T12:49,78022.390000,0.037400,-0.163434,2026-09-18,236,2.680509,0.084706,78038.280000,78012.050000
29828930,2026-09-18T12:50,78000.010000,0.118300,-0.832298,2026-09-18,296,1.471206,0.692920,78036.700000,78000.000000
29828931,2026-09-18T12:51,78015.610000,-0.257200,0.394734,2026-09-18,240,0.828344,0.563799,78047.410000,78000.000000
29828932,2026-09-18T12:52,78029.170000,-0.249300,0.104219,2026-09-18,254,0.904609,0.771399,78033.260000,78015.600000
29828933,2026-09-18T12:53,77969.960000,-0.053100,0.542799,2026-09-18,359,10.778963,0.074229,78029.170000,77961.830000
29828934,2026-09-18T12:54,77984.170000,0.041600,-0.851453,2026-09-18,246,1.270918,0.875860,77990.430000,77957.100000
29828935,2026-09-18T12:55,77978.610000,0.155400,0.751591,2026-09-18,262,2.096609,0.061579,77984.180000,77965.190000
29828936,2026-09-18T12:56,77995.760000,-0.572900,-0.876844,2026-09-18,198,0.595475,0.509919,77995.760000,77978.600000
29828937,2026-09-18T12:57,77976.420000,-0.419500,-0.630315,2026-09-18,231,3.817614,0.052025,77995.760000,77969.950000
29828938,2026-09-18T12:58,77963.950000,-0.652200,-0.856615,2026-09-18,372,8.223890,0.888992,77996.290000,77957.100000
29828939,2026-09-18T12:59,77977.650000,-0.581500,0.825300,2026-09-18,270,10.696539,0.986773,77979.600000,77963.940000
29828940,2026-09-18T13:00,77992.200000,-0.473500,0.949883,2026-09-18,331,1.886200,0.192405,77990.000000,77963.950000
29828941,2026-09-18T13:01,77976.630000,-0.851100,-0.599792,2026-09-18,309,2.111871,0.681183,78015.590000,77976.540000
29828942,2026-09-18T13:02,77918.710000,-0.490600,0.364830,2026-09-18,351,8.489912,0.706410,77982.060000,77918.700000
29828943,2026-09-18T13:03,77943.340000,0.024300,0.412992,2026-09-18,391,6.637799,0.347580,77943.420000,77900.000000
29828944,2026-09-18T13:04,77983.450000,-0.284900,-0.306945,2026-09-18,319,1.873758,0.632635,78002.810000,77943.820000
29828945,2026-09-18T13:05,78013.290000,-0.348300,0.280101,2026-09-18,302,1.544124,0.265941,78022.160000,77971.830000
29828946,2026-09-18T13:06,77990.010000,-0.538900,-0.506015,2026-09-18,326,2.153942,0.219914,78023.440000,77970.840000
29828947,2026-09-18T13:07,77975.550000,-0.370400,-0.560405,2026-09-18,249,1.385312,0.354539,77975.560000,77957.100000
29828948,2026-09-18T13:08,77985.820000,-0.584600,-0.289937,2026-09-18,324,4.730442,0.184458,77997.440000,77956.960000
29828949,2026-09-18T13:09,77972.180000,-0.370200,-0.631084,2026-09-18,269,0.951699,0.366105,77985.810000,77967.470000
29828950,2026-09-18T13:10,77979.050000,-0.048700,-0.315166,2026-09-18,352,4.786028,0.138909,77990.890000,77935.390000
29828951,2026-09-18T13:11,77950.260000,-0.371300,-0.718583,2026-09-18,289,1.826261,0.385070,77985.410000,77950.240000
29828952,2026-09-18T13:12,77941.390000,-0.511100,-0.229567,2026-09-18,255,1.185967,0.523979,77967.210000,77941.390000
29828953,2026-09-18T13:13,77945.450000,-0.401400,0.056490,2026-09-18,261,1.744573,0.924021,77951.710000,77941.390000
29828954,2026-09-18T13:14,77968.490000,-0.231600,0.847593,2026-09-18,303,1.986562,0.795511,77968.800000,77945.440000
29828955,2026-09-18T13:15,77969.990000,-0.359400,0.589153,2026-09-18,276,3.529963,0.707878,77970.000000,77961.050000
29828956,2026-09-18T13:16,77992.330000,-0.597300,0.417022,2026-09-18,361,10.034066,0.845394,78005.240000,77964.140000
29828957,2026-09-18T13:17,77995.140000,-0.628800,0.690561,2026-09-18,254,0.826161,0.505367,77995.150000,77990.770000
29828958,2026-09-18T13:18,78030.540000,-0.551300,0.020858,2026-09-18,293,1.928519,0.418494,78030.990000,77995.140000
29828959,2026-09-18T13:19,78038.510000,-0.147300,-0.168481,2026-09-18,291,1.954547,0.566346,78038.950000,78018.150000
29828960,2026-09-18T13:20,78067.230000,-0.573700,0.133096,2026-09-18,340,5.920467,0.389940,78072.140000,78038.500000
29828961,2026-09-18T13:21,78080.110000,-0.316800,-0.220061,2026-09-18,270,2.976889,0.629166,78085.800000,78067.220000
29828962,2026-09-18T13:22,78080.040000,-0.028900,0.254247,2026-09-18,293,2.353659,0.292818,78085.800000,78070.010000
29828963,2026-09-18T13:23,78019.550000,-0.095500,-0.393089,2026-09-18,349,6.765156,0.302043,78085.280000,78019.540000
29828964,2026-09-18T13:24,78015.760000,-0.534200,-0.389679,2026-09-18,306,3.544216,0.643774,78039.880000,78010.540000
29828965,2026-09-18T13:25,78010.890000,-0.223300,0.044811,2026-09-18,352,10.687996,0.770853,78015.760000,77990.220000
29828966,2026-09-18T13:26,78021.360000,-0.244000,0.659930,2026-09-18,289,3.926773,0.611790,78045.760000,77993.010000
29828967,2026-09-18T13:27,78099.730000,-0.481800,0.223579,2026-09-18,332,3.023065,0.686599,78100.930000,78015.600000
29828968,2026-09-18T13:28,78116.230000,-0.435100,0.082379,2026-09-18,305,4.591339,0.596385,78116.230000,78051.410000
29828969,2026-09-18T13:29,78116.230000,-0.153700,0.464969,2026-09-18,228,0.887012,0.102043,78116.230000,78109.920000
29828970,2026-09-18T13:30,78153.390000,-0.285000,-0.795913,2026-09-18,454,7.006971,0.480744,78153.720000,78074.100000
29828971,2026-09-18T13:31,78200.680000,0.546400,-0.038511,2026-09-18,515,12.861918,0.582324,78242.120000,78145.140000
29828972,2026-09-18T13:32,78202.890000,0.659400,0.162226,2026-09-18,414,6.094011,0.717814,78236.270000,78119.800000
29828973,2026-09-18T13:33,78274.540000,0.753400,0.442083,2026-09-18,555,18.762189,0.693467,78279.110000,78191.100000
29828974,2026-09-18T13:34,78327.600000,0.459100,0.386111,2026-09-18,561,16.590585,0.537847,78346.720000,78248.230000
29828975,2026-09-18T13:35,78288.880000,0.526700,0.009851,2026-09-18,486,14.982509,0.525737,78368.350000,78284.700000
29828976,2026-09-18T13:36,78359.110000,0.483400,0.136612,2026-09-18,594,15.422959,0.868475,78365.850000,78284.700000
29828977,2026-09-18T13:37,78405.820000,0.560400,0.716612,2026-09-18,942,33.171121,0.528484,78422.020000,78318.060000
29828978,2026-09-18T13:38,78559.730000,0.539900,-0.019527,2026-09-18,1277,51.839947,0.804877,78576.570000,78405.820000
29828979,2026-09-18T13:39,78899.300000,0.296400,0.616532,2026-09-18,1587,68.536915,0.751104,78924.410000,78559.480000
29828980,2026-09-18T13:40,78934.230000,0.368800,0.511415,2026-09-18,1655,61.838658,0.743217,79145.560000,78834.000000
29828981,2026-09-18T13:41,78811.420000,0.631400,0.472885,2026-09-18,972,31.072131,0.473595,78966.540000,78791.600000
29828982,2026-09-18T13:42,79055.520000,0.573200,-0.046967,2026-09-18,1261,46.047534,0.611885,79059.920000,78810.000000
29828983,2026-09-18T13:43,79123.760000,0.285700,0.225241,2026-09-18,1657,57.082732,0.696975,79179.720000,79035.180000
29828984,2026-09-18T13:44,79249.860000,0.751800,0.416403,2026-09-18,1703,67.651916,0.773345,79300.000000,79113.670000
29828985,2026-09-18T13:45,79338.140000,0.869500,0.533913,2026-09-18,1176,36.098218,0.702507,79382.440000,79169.200000
29828986,2026-09-18T13:46,79689.780000,0.248800,0.402703,2026-09-18,1849,67.049536,0.702371,79713.840000,79345.000000
29828987,2026-09-18T13:47,79890.140000,0.653000,0.401564,2026-09-18,1975,84.170785,0.638552,79940.780000,79647.010000
29828988,2026-09-18T13:48,79788.880000,0.866800,0.275727,2026-09-18,1728,48.482766,0.447300,79905.000000,79729.930000
29828989,2026-09-18T13:49,79956.800000,0.361500,-0.108215,2026-09-18,1440,41.597188,0.604739,79978.480000,79770.020000
29828990,2026-09-18T13:50,80027.570000,-0.143300,0.196743,2026-09-18,1762,129.174704,0.852226,80038.340000,79875.910000
29828991,2026-09-18T13:51,80387.900000,0.659900,0.710391,2026-09-18,2304,79.709217,0.768718,80462.520000,80007.820000
29828992,2026-09-18T13:52,80330.920000,0.541100,0.522145,2026-09-18,1176,43.494097,0.515395,80433.240000,80223.830000
29828993,2026-09-18T13:53,80340.600000,0.479500,0.019772,2026-09-18,1128,38.382818,0.621476,80390.700000,80195.110000
29828994,2026-09-18T13:54,80024.170000,0.168700,0.268028,2026-09-18,1197,46.823976,0.653691,80343.730000,80019.710000
29828995,2026-09-18T13:55,79929.210000,0.155400,0.300362,2026-09-18,1533,56.701320,0.490169,80079.340000,79843.360000
29828996,2026-09-18T13:56,80010.620000,0.679300,-0.022044,2026-09-18,832,25.187138,0.651406,80114.600000,79890.170000
29828997,2026-09-18T13:57,79889.880000,0.922300,0.308524,2026-09-18,779,19.940430,0.564739,80088.800000,79889.870000
29828998,2026-09-18T13:58,79869.160000,0.519500,0.118604,2026-09-18,169,32.661881,0.048597,79901.760000,79859.900000
29828999,2026-09-18T13:59,80027.540000,0.645400,-0.920568,2026-09-18,1544,48.323031,0.704389,80028.000000,79840.880000
29829000,2026-09-18T14:00,80240.860000,0.663300,0.410754,2026-09-18,1430,54.447869,0.735964,80293.700000,80022.050000
29829001,2026-09-18T14:01,80140.190000,0.638100,0.473700,2026-09-18,1310,39.861916,0.632487,80327.300000,80121.600000
29829002,2026-09-18T14:02,80082.900000,0.083100,0.232428,2026-09-18,1347,44.196325,0.464069,80192.800000,80079.470000
29829003,2026-09-18T14:03,80209.610000,0.194800,-0.049566,2026-09-18,1041,35.838632,0.693615,80264.700000,80064.180000
29829004,2026-09-18T14:04,80330.180000,0.612800,0.374289,2026-09-18,1180,46.692978,0.837191,80332.190000,80180.110000
29829005,2026-09-18T14:05,80461.820000,-0.176000,0.683071,2026-09-18,1655,61.821303,0.658223,80576.030000,80300.750000
29829006,2026-09-18T14:06,80395.510000,-0.374700,0.316105,2026-09-18,890,22.347933,0.470266,80500.000000,80330.000000
29829007,2026-09-18T14:07,80315.270000,0.622100,-0.064686,2026-09-18,891,21.411384,0.575378,80469.920000,80300.050000
29829008,2026-09-18T14:08,80119.140000,-0.287900,-0.003038,2026-09-18,1053,54.923312,0.307871,80335.490000,80115.300000
29829009,2026-09-18T14:09,80180.110000,-0.024700,-0.338769,2026-09-18,955,52.395009,0.434871,80267.510000,80071.360000
29829010,2026-09-18T14:10,80126.360000,0.608700,-0.112440,2026-09-18,706,16.941698,0.568950,80190.910000,80080.010000
29829011,2026-09-18T14:11,80230.790000,0.505300,0.130806,2026-09-18,807,21.292473,0.591732,80275.970000,80103.620000
29829012,2026-09-18T14:12,80196.110000,0.106200,0.189400,2026-09-18,755,35.018955,0.607630,80237.520000,80133.300000
29829013,2026-09-18T14:13,80273.960000,0.281500,0.206757,2026-09-18,761,30.011773,0.784077,80325.970000,80190.490000
29829014,2026-09-18T14:14,80250.010000,0.505700,0.526586,2026-09-18,658,14.522629,0.636887,80273.970000,80206.620000
29829015,2026-09-18T14:15,80420.010000,0.791600,0.368249,2026-09-18,1396,34.565306,0.900783,80439.800000,80264.660000
29829016,2026-09-18T14:16,80480.800000,0.168500,0.801475,2026-09-18,1940,49.143803,0.716223,80490.000000,80420.010000
29829017,2026-09-18T14:17,80389.040000,0.516900,0.432099,2026-09-18,1343,33.790339,0.552925,80486.140000,80331.190000
29829018,2026-09-18T14:18,80507.260000,0.254300,0.096318,2026-09-18,1303,40.466236,0.682007,80564.900000,80395.940000
29829019,2026-09-18T14:19,80608.040000,0.569800,0.368566,2026-09-18,1800,65.898473,0.750453,80649.720000,80509.440000
29829020,2026-09-18T14:20,80678.770000,0.485200,0.504506,2026-09-18,1587,75.708081,0.844798,80708.970000,80567.010000
29829021,2026-09-18T14:21,80738.040000,0.664600,0.687513,2026-09-18,2308,70.435700,0.580049,80808.080000,80630.010000
29829022,2026-09-18T14:22,80785.260000,0.008000,0.161731,2026-09-18,1952,54.591985,0.695544,80865.830000,80701.020000
29829023,2026-09-18T14:23,80865.770000,0.064300,0.393839,2026-09-18,1022,29.986916,0.632499,80946.180000,80772.770000
29829024,2026-09-18T14:24,80898.640000,0.574800,0.294313,2026-09-18,826,20.863217,0.669539,80950.000000,80855.000000
29829025,2026-09-18T14:25,80723.190000,0.591100,0.296801,2026-09-18,1169,37.925598,0.586743,80925.100000,80706.590000
29829026,2026-09-18T14:26,80601.320000,0.692200,0.172351,2026-09-18,787,23.853064,0.583101,80781.560000,80601.300000
29829027,2026-09-18T14:27,80690.140000,0.368600,0.108039,2026-09-18,1374,86.296885,0.782793,80745.080000,80532.610000
29829028,2026-09-18T14:28,80732.360000,-0.663100,0.590112,2026-09-18,1601,77.740583,0.829532,80847.000000,80669.710000
29829029,2026-09-18T14:29,80671.050000,0.288600,0.669732,2026-09-18,900,19.015009,0.626150,80782.100000,80663.810000
29829030,2026-09-18T14:30,80551.450000,0.756100,0.146708,2026-09-18,713,28.154979,0.427157,80712.920000,80543.250000
29829031,2026-09-18T14:31,80480.950000,-0.479800,-0.177515,2026-09-18,855,33.216832,0.309531,80651.910000,80478.570000
29829032,2026-09-18T14:32,80575.010000,0.792200,-0.387455,2026-09-18,929,72.645459,0.342454,80651.230000,80456.300000
29829033,2026-09-18T14:33,80652.960000,0.680800,-0.309457,2026-09-18,721,62.883438,0.739496,80678.990000,80535.570000
29829034,2026-09-18T14:34,80611.730000,0.193700,0.476727,2026-09-18,639,20.036742,0.568935,80650.600000,80534.610000
29829035,2026-09-18T14:35,80699.990000,0.770000,0.147405,2026-09-18,615,15.834269,0.861824,80699.990000,80585.000000
29829036,2026-09-18T14:36,80778.950000,0.751200,0.706463,2026-09-18,867,22.068525,0.580963,80783.840000,80685.000000
29829037,2026-09-18T14:37,80636.860000,-0.283800,0.195478,2026-09-18,1160,33.910425,0.364344,80792.220000,80552.860000
29829038,2026-09-18T14:38,80548.080000,0.187400,-0.308818,2026-09-18,642,23.918347,0.796842,80631.300000,80531.100000
29829039,2026-09-18T14:39,80606.170000,0.236600,0.623154,2026-09-18,551,14.117383,0.730181,80606.170000,80503.020000
29829040,2026-09-18T14:40,80660.150000,0.256300,0.465926,2026-09-18,735,19.729871,0.612736,80688.900000,80554.510000
29829041,2026-09-18T14:41,80725.010000,0.227100,0.218004,2026-09-18,833,40.971498,0.851598,80758.740000,80675.400000
29829042,2026-09-18T14:42,80655.350000,0.594100,0.706734,2026-09-18,598,34.250413,0.796452,80764.570000,80637.400000
29829043,2026-09-18T14:43,80691.490000,0.475900,0.595736,2026-09-18,556,10.406846,0.453514,80691.480000,80596.720000
29829044,2026-09-18T14:44,80752.430000,0.576700,-0.133889,2026-09-18,883,32.336887,0.788125,80770.790000,80670.260000
29829045,2026-09-18T14:45,80711.010000,0.206000,0.605107,2026-09-18,657,36.120939,0.796183,80798.110000,80668.010000
29829046,2026-09-18T14:46,80758.900000,0.512900,0.580581,2026-09-18,539,21.427241,0.595749,80761.950000,80701.690000
29829047,2026-09-18T14:47,80772.830000,0.588700,0.141009,2026-09-18,527,11.987845,0.687659,80800.000000,80741.700000
29829048,2026-09-18T14:48,80864.260000,0.663300,0.473560,2026-09-18,613,17.575144,0.611665,80874.940000,80768.930000
29829049,2026-09-18T14:49,80829.820000,0.631900,0.230366,2026-09-18,776,22.257256,0.834825,80929.820000,80826.000000
29829050,2026-09-18T14:50,80845.040000,0.153100,0.670597,2026-09-18,735,34.859371,0.436398,80882.930000,80784.260000
29829051,2026-09-18T14:51,80908.330000,0.544200,-0.146007,2026-09-18,553,17.733685,0.699797,80921.590000,80811.900000
29829052,2026-09-18T14:52,80899.360000,0.267200,0.391103,2026-09-18,476,9.321092,0.571817,80914.080000,80830.940000
29829053,2026-09-18T14:53,80872.350000,0.514700,0.151247,2026-09-18,515,11.876183,0.718338,80911.040000,80823.600000
29829054,2026-09-18T14:54,80882.100000,0.539300,0.445006,2026-09-18,468,7.848265,0.791212,80940.060000,80818.800000
29829055,2026-09-18T14:55,80857.640000,0.513500,0.582423,2026-09-18,539,13.603481,0.726662,80894.470000,80847.000000
29829056,2026-09-18T14:56,80855.820000,0.519400,0.470821,2026-09-18,600,15.358668,0.861519,80909.620000,80831.000000
29829057,2026-09-18T14:57,80846.990000,0.491700,0.718737,2026-09-18,527,12.974066,0.704992,80876.970000,80786.000000
29829058,2026-09-18T14:58,80871.010000,-0.179100,0.400135,2026-09-18,455,7.879024,0.755946,80898.200000,80826.530000
29829059,2026-09-18T14:59,80859.420000,0.503700,0.501830,2026-09-18,280,7.497766,0.392993,80871.010000,80836.060000
29829060,2026-09-18T15:00,80918.010000,0.707900,-0.224501,2026-09-18,1340,60.883476,0.755951,81000.000000,80850.000000
29829061,2026-09-18T15:01,80898.710000,0.616600,0.513124,2026-09-18,995,60.670640,0.833294,81000.000000,80870.050000
29829062,2026-09-18T15:02,80809.270000,-0.191700,0.665075,2026-09-18,830,85.177500,0.114710,80933.880000,80793.410000
29829063,2026-09-18T15:03,80667.080000,0.489300,-0.766937,2026-09-18,852,35.254768,0.293000,80817.800000,80647.630000
29829064,2026-09-18T15:04,80684.550000,0.451700,-0.415700,2026-09-18,630,9.780695,0.649478,80752.450000,80665.000000
29829065,2026-09-18T15:05,80826.980000,0.523300,0.330577,2026-09-18,957,32.584463,0.875850,80831.350000,80675.690000
29829066,2026-09-18T15:06,80765.140000,0.567200,0.750220,2026-09-18,756,19.000296,0.506764,80856.150000,80755.920000
29829067,2026-09-18T15:07,80785.110000,0.116400,0.016903,2026-09-18,749,24.174176,0.628921,80827.550000,80720.320000
29829068,2026-09-18T15:08,80744.710000,0.014500,0.259254,2026-09-18,605,12.060277,0.667425,80785.110000,80702.420000
29829069,2026-09-18T15:09,80566.210000,-0.261800,0.323432,2026-09-18,694,15.894518,0.339954,80748.510000,80563.010000
29829070,2026-09-18T15:10,80576.920000,0.569800,-0.293304,2026-09-18,692,16.631864,0.801831,80612.990000,80554.500000
29829071,2026-09-18T15:11,80594.080000,-0.861200,0.608168,2026-09-18,596,15.467569,0.536211,80600.000000,80532.940000
29829072,2026-09-18T15:12,80531.110000,0.215700,0.040180,2026-09-18,724,80.448097,0.913594,80629.370000,80531.100000
29829073,2026-09-18T15:13,80605.010000,0.598200,0.827928,2026-09-18,766,28.691639,0.587432,80640.780000,80520.080000
29829074,2026-09-18T15:14,80728.930000,0.368900,0.160532,2026-09-18,648,16.096426,0.724197,80740.580000,80615.640000
29829075,2026-09-18T15:15,80896.420000,0.500300,0.457433,2026-09-18,841,29.542691,0.703631,80951.270000,80729.660000
29829076,2026-09-18T15:16,80946.330000,-0.061200,0.407916,2026-09-18,1320,152.682002,0.895546,81049.990000,80886.690000
29829077,2026-09-18T15:17,80835.300000,0.278000,0.792326,2026-09-18,675,12.747869,0.656423,80996.150000,80835.300000
29829078,2026-09-18T15:18,80848.490000,0.417200,0.259684,2026-09-18,719,19.313137,0.745389,80944.990000,80833.750000
29829079,2026-09-18T15:19,80857.960000,0.616700,0.483382,2026-09-18,546,8.563524,0.632076,80910.230000,80824.990000
29829080,2026-09-18T15:20,80872.710000,0.305700,0.346310,2026-09-18,528,6.804341,0.824965,80889.640000,80824.980000
29829081,2026-09-18T15:21,80836.330000,0.352000,0.590898,2026-09-18,570,7.359049,0.710398,80889.990000,80816.400000
29829082,2026-09-18T15:22,80935.070000,0.580000,0.417405,2026-09-18,925,29.026374,0.916513,80942.220000,80836.320000
29829083,2026-09-18T15:23,80981.740000,0.457200,0.838186,2026-09-18,660,15.567212,0.851858,81014.130000,80925.010000
29829084,2026-09-18T15:24,81064.950000,0.126000,0.698536,2026-09-18,601,13.654586,0.946190,81075.380000,80967.910000
29829085,2026-09-18T15:25,81003.390000,0.397100,0.894001,2026-09-18,793,17.230250,0.711330,81127.800000,80991.650000
29829086,2026-09-18T15:26,80935.330000,0.151900,0.330930,2026-09-18,503,10.042035,0.591939,81005.880000,80924.210000
29829087,2026-09-18T15:27,80947.790000,-0.123900,0.248932,2026-09-18,600,25.082692,0.411032,80995.610000,80931.950000
29829088,2026-09-18T15:28,80889.080000,-0.188300,-0.196794,2026-09-18,638,16.548595,0.275253,80954.410000,80870.400000
29829089,2026-09-18T15:29,80924.920000,-0.051700,-0.417567,2026-09-18,485,10.266961,0.658739,80940.600000,80858.410000
29829090,2026-09-18T15:30,80829.990000,-0.147200,0.340533,2026-09-18,1010,40.671209,0.234490,80951.940000,80816.400000
29829091,2026-09-18T15:31,80836.900000,0.212000,-0.533798,2026-09-18,1198,29.826357,0.431814,80865.520000,80800.000000
29829092,2026-09-18T15:32,80718.320000,0.329400,-0.133142,2026-09-18,521,18.633025,0.253331,80838.110000,80714.940000
29829093,2026-09-18T15:33,80746.290000,-0.029900,-0.521485,2026-09-18,489,11.150069,0.536902,80755.080000,80689.780000
29829094,2026-09-18T15:34,80799.950000,-0.341900,0.076819,2026-09-18,892,30.459571,0.912445,80804.920000,80692.530000
29829095,2026-09-18T15:35,80767.880000,-0.086200,0.829201,2026-09-18,1239,29.817431,0.839642,80845.090000,80753.400000
29829096,2026-09-18T15:36,80734.880000,-0.000600,0.664696,2026-09-18,557,19.465408,0.596592,80813.030000,80711.970000
29829097,2026-09-18T15:37,80790.270000,0.205100,0.200160,2026-09-18,635,18.647613,0.373690,80834.000000,80735.460000
29829098,2026-09-18T15:38,80726.240000,-0.277800,-0.265948,2026-09-18,423,11.441299,0.246299,80805.910000,80719.720000
29829099,2026-09-18T15:39,80736.860000,-0.221700,-0.482547,2026-09-18,429,5.552576,0.701311,80758.430000,80720.000000
29829100,2026-09-18T15:40,80745.080000,0.375600,0.386143,2026-09-18,450,7.977192,0.632656,80745.070000,80691.000000
29829101,2026-09-18T15:41,80719.050000,0.498900,0.264329,2026-09-18,551,15.566552,0.414208,80745.070000,80687.050000
29829102,2026-09-18T15:42,80718.290000,0.305100,-0.171275,2026-09-18,519,9.707477,0.452821,80719.060000,80671.500000
29829103,2026-09-18T15:43,80668.330000,0.706000,-0.082988,2026-09-18,363,6.052573,0.468137,80718.300000,80662.120000
29829104,2026-09-18T15:44,80626.990000,0.294100,-0.082119,2026-09-18,1027,17.546185,0.256730,80667.180000,80623.730000
29829105,2026-09-18T15:45,80535.240000,0.649500,-0.477832,2026-09-18,1713,47.240316,0.379761,80625.820000,80471.000000
29829106,2026-09-18T15:46,80649.990000,0.537300,-0.240416,2026-09-18,957,42.410320,0.594756,80649.990000,80534.680000
29829107,2026-09-18T15:47,80658.040000,0.086200,0.086115,2026-09-18,909,22.051567,0.261324,80659.790000,80613.000000
29829108,2026-09-18T15:48,80698.260000,-0.092200,-0.392910,2026-09-18,500,10.230642,0.553128,80702.370000,80652.380000
29829109,2026-09-18T15:49,80655.210000,0.581300,0.144830,2026-09-18,876,12.828280,0.205370,80723.980000,80651.210000
29829110,2026-09-18T15:50,80729.990000,0.224900,-0.560051,2026-09-18,662,28.950924,0.571678,80739.990000,80655.200000
29829111,2026-09-18T15:51,80799.990000,0.176400,0.138312,2026-09-18,560,11.560773,0.669445,80800.000000,80729.980000
29829112,2026-09-18T15:52,80746.150000,-0.471300,0.316894,2026-09-18,557,22.515212,0.216359,80800.000000,80727.270000
29829113,2026-09-18T15:53,80709.740000,0.123800,-0.565396,2026-09-18,402,7.836634,0.457417,80753.520000,80683.200000
29829114,2026-09-18T15:54,80680.360000,0.333800,-0.085148,2026-09-18,339,8.773957,0.681183,80714.650000,80671.500000
29829115,2026-09-18T15:55,80613.390000,-0.523700,0.299425,2026-09-18,496,7.304631,0.353589,80694.890000,80613.390000
29829116,2026-09-18T15:56,80626.790000,-0.102200,-0.224053,2026-09-18,554,15.342178,0.674438,80655.000000,80589.600000
29829117,2026-09-18T15:57,80723.360000,0.337600,0.341932,2026-09-18,380,5.435385,0.667810,80723.700000,80624.510000
29829118,2026-09-18T15:58,80673.820000,-0.391200,0.331674,2026-09-18,700,15.795230,0.478645,80748.520000,80643.960000
29829119,2026-09-18T15:59,80700.620000,0.091600,-0.036253,2026-09-18,637,22.979527,0.529670,80705.350000,80625.540000
29829120,2026-09-18T16:00,80730.400000,0.163600,0.067139,2026-09-18,429,13.874643,0.731458,80742.000000,80694.900000
29829121,2026-09-18T16:01,80706.800000,-0.613900,0.451062,2026-09-18,901,29.538680,0.433690,80741.700000,80631.630000
29829122,2026-09-18T16:02,80774.990000,0.070600,-0.139406,2026-09-18,527,12.495130,0.672044,80775.000000,80660.140000
29829123,2026-09-18T16:03,80691.770000,-0.121700,0.369059,2026-09-18,865,20.181541,0.410550,80798.990000,80659.810000
29829124,2026-09-18T16:04,80805.860000,0.170900,-0.169746,2026-09-18,718,13.565703,0.540378,80817.840000,80664.630000
29829125,2026-09-18T16:05,80845.290000,-0.433900,0.054621,2026-09-18,653,12.810079,0.531955,80846.460000,80765.090000
29829126,2026-09-18T16:06,80852.010000,0.036200,0.080820,2026-09-18,454,5.877229,0.503007,80858.700000,80825.270000
29829127,2026-09-18T16:07,80791.570000,-0.340000,0.005482,2026-09-18,549,13.610890,0.218477,80884.100000,80788.500000
29829128,2026-09-18T16:08,80711.860000,-0.208100,-0.522487,2026-09-18,524,9.522888,0.397599,80800.190000,80709.730000
29829129,2026-09-18T16:09,80797.140000,-0.168800,-0.210930,2026-09-18,750,13.086395,0.483499,80797.140000,80711.860000
29829130,2026-09-18T16:10,80754.990000,0.305700,-0.048297,2026-09-18,684,24.315362,0.815024,80797.150000,80741.700000
29829131,2026-09-18T16:11,80870.210000,-0.090700,0.630566,2026-09-18,1050,37.754529,0.884521,80874.110000,80754.990000
29829132,2026-09-18T16:12,80882.930000,0.037200,0.769544,2026-09-18,608,11.158145,0.675152,80889.540000,80839.310000
29829133,2026-09-18T16:13,80871.020000,0.412200,0.362864,2026-09-18,532,10.293364,0.488042,80893.800000,80858.700000
29829134,2026-09-18T16:14,80954.080000,-0.266300,-0.140461,2026-09-18,921,20.257385,0.456742,80957.400000,80839.080000
29829135,2026-09-18T16:15,80920.660000,0.149300,-0.024697,2026-09-18,1551,30.594615,0.457775,80963.570000,80876.160000
29829136,2026-09-18T16:16,80963.290000,0.009200,-0.070114,2026-09-18,1918,39.611769,0.529422,80966.770000,80905.330000
29829137,2026-09-18T16:17,80974.760000,0.198700,0.052282,2026-09-18,2991,62.007386,0.570411,81007.360000,80954.300000
29829138,2026-09-18T16:18,81009.110000,0.369000,0.058177,2026-09-18,630,18.750065,0.492082,81018.200000,80934.280000
29829139,2026-09-18T16:19,80946.830000,-0.069300,0.301908,2026-09-18,543,12.284992,0.481645,81036.460000,80928.900000
29829140,2026-09-18T16:20,81016.360000,0.632300,-0.039660,2026-09-18,538,8.887088,0.763507,81036.570000,80905.500000
29829141,2026-09-18T16:21,81040.640000,0.316700,0.528553,2026-09-18,1281,22.337268,0.530558,81057.600000,81010.180000
29829142,2026-09-18T16:22,80996.050000,0.581200,0.063417,2026-09-18,758,14.462828,0.534210,81041.250000,80971.530000
29829143,2026-09-18T16:23,80886.580000,0.289400,0.064323,2026-09-18,503,9.075757,0.446371,81009.530000,80882.540000
29829144,2026-09-18T16:24,80977.960000,-0.128100,-0.107024,2026-09-18,686,23.294193,0.834694,80996.390000,80869.450000
29829145,2026-09-18T16:25,80945.710000,0.267000,0.672289,2026-09-18,574,13.846816,0.570348,80988.440000,80905.610000
29829146,2026-09-18T16:26,80882.110000,0.507000,0.127566,2026-09-18,991,24.462618,0.530331,80959.510000,80862.300000
29829147,2026-09-18T16:27,80918.850000,0.527100,0.064759,2026-09-18,477,12.125173,0.550254,80925.000000,80838.320000
29829148,2026-09-18T16:28,80987.390000,0.498500,0.099821,2026-09-18,686,15.789971,0.641759,80996.430000,80916.100000
29829149,2026-09-18T16:29,81034.200000,0.558700,0.276874,2026-09-18,697,15.107279,0.608832,81034.200000,80980.690000
29829150,2026-09-18T16:30,81026.330000,0.440100,0.226509,2026-09-18,708,19.623375,0.402147,81034.650000,80992.790000
29829151,2026-09-18T16:31,81081.850000,0.099000,-0.206769,2026-09-18,943,16.117610,0.659610,81088.000000,81024.550000
29829152,2026-09-18T16:32,81150.990000,0.922800,0.321677,2026-09-18,1170,30.216463,0.618574,81151.840000,81065.990000
29829153,2026-09-18T16:33,81223.700000,0.505000,0.243680,2026-09-18,1513,42.741558,0.644077,81238.990000,81145.430000
29829154,2026-09-18T16:34,81174.610000,0.585000,0.271519,2026-09-18,1496,139.582911,0.817102,81253.150000,81174.600000
29829155,2026-09-18T16:35,81127.790000,0.378700,0.639535,2026-09-18,739,13.589311,0.532618,81174.610000,81089.630000
29829156,2026-09-18T16:36,81080.800000,0.702900,0.069883,2026-09-18,735,22.076116,0.593302,81136.960000,81039.000000
29829157,2026-09-18T16:37,81006.210000,0.567200,0.151642,2026-09-18,798,16.596009,0.431211,81108.900000,80999.510000
29829158,2026-09-18T16:38,80973.490000,0.518900,-0.101099,2026-09-18,790,16.018653,0.443091,81023.030000,80930.840000
29829159,2026-09-18T16:39,80981.740000,0.564800,-0.105753,2026-09-18,1233,32.904800,0.741618,81048.540000,80967.400000
29829160,2026-09-18T16:40,80923.140000,0.744600,0.482533,2026-09-18,603,9.574086,0.701208,80986.530000,80921.000000
29829161,2026-09-18T16:41,80874.050000,0.673000,0.395737,2026-09-18,640,12.989781,0.676628,80943.960000,80871.010000
29829162,2026-09-18T16:42,80966.560000,0.744500,0.348572,2026-09-18,781,16.921830,0.552563,80975.700000,80872.880000
29829163,2026-09-18T16:43,80940.930000,0.961700,0.097720,2026-09-18,629,13.611349,0.534051,80982.860000,80928.180000
29829164,2026-09-18T16:44,80978.010000,0.656600,0.002593,2026-09-18,477,9.565144,0.513162,80980.520000,80936.440000
29829165,2026-09-18T16:45,80889.740000,0.519300,0.143567,2026-09-18,1098,169.158083,0.045335,80976.390000,80877.440000
29829166,2026-09-18T16:46,80835.480000,0.049500,-0.908613,2026-09-18,734,16.075648,0.497980,80901.550000,80824.980000
29829167,2026-09-18T16:47,80888.620000,0.749600,-0.003126,2026-09-18,566,8.594729,0.657257,80891.290000,80803.530000
29829168,2026-09-18T16:48,80813.140000,0.317000,0.307109,2026-09-18,575,7.931146,0.467899,80889.230000,80801.000000
29829169,2026-09-18T16:49,80827.990000,0.690500,-0.050495,2026-09-18,571,7.258590,0.554398,80839.450000,80808.010000
29829170,2026-09-18T16:50,80782.040000,0.538300,0.144527,2026-09-18,573,7.287551,0.588336,80862.330000,80780.570000
29829171,2026-09-18T16:51,80849.120000,0.686200,0.136967,2026-09-18,863,16.038148,0.678958,80850.020000,80722.040000
29829172,2026-09-18T16:52,80862.450000,0.266100,0.364428,2026-09-18,793,14.752511,0.682318,80880.810000,80824.770000
29829173,2026-09-18T16:53,80900.170000,0.288700,0.365114,2026-09-18,362,5.608764,0.871193,80910.830000,80861.430000
29829174,2026-09-18T16:54,80925.230000,-0.244400,0.735410,2026-09-18,445,5.669942,0.880720,80928.900000,80892.800000
29829175,2026-09-18T16:55,80895.990000,0.566300,0.682042,2026-09-18,502,9.649958,0.638287,80925.220000,80858.700000
29829176,2026-09-18T16:56,80913.040000,0.554600,0.312928,2026-09-18,466,8.691109,0.840582,80938.020000,80893.000000
29829177,2026-09-18T16:57,80913.540000,0.821800,0.652070,2026-09-18,444,10.356911,0.222880,80915.160000,80900.000000
29829178,2026-09-18T16:58,80813.920000,0.515600,-0.547519,2026-09-18,644,16.963798,0.377591,80928.900000,80813.910000
29829179,2026-09-18T16:59,80829.890000,0.391100,-0.237195,2026-09-18,473,5.469631,0.718206,80842.290000,80813.910000
29829180,2026-09-18T17:00,80829.430000,-0.437600,0.424111,2026-09-18,1517,42.879407,0.884570,80860.870000,80792.010000
29829181,2026-09-18T17:01,80843.650000,0.039300,0.776466,2026-09-18,824,11.364926,0.686069,80878.710000,80796.820000
29829182,2026-09-18T17:02,80760.540000,-0.389400,0.327779,2026-09-18,665,6.645716,0.480313,80852.740000,80760.530000
29829183,2026-09-18T17:03,80797.360000,-0.607000,0.023472,2026-09-18,1031,24.193606,0.806961,80836.400000,80745.930000
29829184,2026-09-18T17:04,80860.930000,-0.059400,0.613069,2026-09-18,837,19.786542,0.729833,80873.120000,80791.790000
29829185,2026-09-18T17:05,80840.150000,0.415800,0.451441,2026-09-18,562,8.769565,0.607847,80886.790000,80825.010000
29829186,2026-09-18T17:06,80814.740000,0.340300,0.193429,2026-09-18,648,11.607964,0.457080,80857.580000,80800.810000
29829187,2026-09-18T17:07,80833.060000,-0.004500,-0.100673,2026-09-18,691,13.383838,0.747369,80850.860000,80791.720000
29829188,2026-09-18T17:08,80776.200000,0.244300,0.512161,2026-09-18,520,7.098028,0.561078,80833.160000,80766.130000
29829189,2026-09-18T17:09,80770.010000,0.531700,0.113883,2026-09-18,537,7.144718,0.586575,80814.670000,80770.010000
29829190,2026-09-18T17:10,80759.380000,0.197700,0.193079,2026-09-18,501,6.383314,0.766486,80783.910000,80756.010000
29829191,2026-09-18T17:11,80784.880000,0.410500,0.528180,2026-09-18,466,8.054377,0.580714,80795.310000,80741.710000
29829192,2026-09-18T17:12,80776.790000,-0.532800,0.158796,2026-09-18,575,9.598536,0.703376,80795.310000,80741.700000
29829193,2026-09-18T17:13,80847.640000,0.235400,0.410821,2026-09-18,709,8.400310,0.526681,80870.400000,80756.000000
29829194,2026-09-18T17:14,80874.960000,0.472700,0.040124,2026-09-18,639,10.550973,0.530772,80882.280000,80835.310000
29829195,2026-09-18T17:15,80914.110000,0.550700,0.071383,2026-09-18,590,8.132249,0.548479,80914.110000,80857.470000
29829196,2026-09-18T17:16,80888.610000,-0.740200,0.096209,2026-09-18,590,7.107502,0.596713,80939.980000,80865.630000
29829197,2026-09-18T17:17,80894.200000,-0.632500,0.187965,2026-09-18,489,9.867424,0.832844,80900.000000,80852.000000
29829198,2026-09-18T17:18,80833.920000,-0.425600,0.665689,2026-09-18,722,30.297164,0.623018,80900.000000,80823.600000
29829199,2026-09-18T17:19,80802.660000,-0.529000,0.245319,2026-09-18,443,9.645337,0.842793,80835.000000,80752.920000
29829200,2026-09-18T17:20,80758.420000,-0.062700,0.683339,2026-09-18,463,8.905035,0.263515,80801.470000,80730.690000
29829201,2026-09-18T17:21,80778.550000,0.387200,-0.509536,2026-09-18,416,9.988927,0.862734,80822.880000,80750.750000
29829202,2026-09-18T17:22,80703.290000,0.349500,0.725205,2026-09-18,407,5.626272,0.513267,80781.550000,80700.000000
29829203,2026-09-18T17:23,80629.540000,0.305300,0.017668,2026-09-18,485,6.082871,0.447671,80718.580000,80619.000000
29829204,2026-09-18T17:24,80745.610000,0.284200,-0.086115,2026-09-18,596,13.631388,0.705954,80755.890000,80621.000000
29829205,2026-09-18T17:25,80766.510000,0.411800,0.406009,2026-09-18,403,4.018123,0.871997,80766.510000,80714.400000
29829206,2026-09-18T17:26,80703.790000,-0.045200,0.743995,2026-09-18,318,2.828381,0.736249,80758.660000,80689.510000
29829207,2026-09-18T17:27,80772.040000,0.007800,0.472497,2026-09-18,399,4.372981,0.673465,80788.490000,80703.790000
29829208,2026-09-18T17:28,80738.950000,0.628500,0.346955,2026-09-18,332,3.021379,0.597830,80772.030000,80724.930000
29829209,2026-09-18T17:29,80730.050000,0.440000,0.151154,2026-09-18,397,4.353662,0.386331,80738.950000,80709.000000
29829210,2026-09-18T17:30,80671.490000,0.442600,-0.220237,2026-09-18,363,2.880306,0.638142,80730.070000,80636.400000
29829211,2026-09-18T17:31,80577.990000,-0.353900,0.292954,2026-09-18,544,18.721235,0.278866,80671.520000,80570.780000
29829212,2026-09-18T17:32,80579.640000,-0.659200,-0.414011,2026-09-18,466,7.247005,0.829376,80600.000000,80570.780000
29829213,2026-09-18T17:33,80563.080000,0.622500,0.658502,2026-09-18,422,6.675406,0.383924,80585.920000,80555.000000
29829214,2026-09-18T17:34,80575.190000,0.286800,-0.241286,2026-09-18,439,13.433226,0.239908,80587.990000,80552.760000
29829215,2026-09-18T17:35,80596.120000,0.639000,-0.520184,2026-09-18,398,3.617854,0.745451,80596.130000,80573.040000
29829216,2026-09-18T17:36,80603.050000,0.534000,0.379520,2026-09-18,417,6.609664,0.763393,80665.910000,80595.280000
29829217,2026-09-18T17:37,80619.460000,0.633700,0.615165,2026-09-18,573,7.761699,0.856932,80673.220000,80596.640000
29829218,2026-09-18T17:38,80660.600000,0.543900,0.714018,2026-09-18,336,3.388106,0.533894,80669.350000,80586.860000
29829219,2026-09-18T17:39,80658.040000,0.642200,0.085796,2026-09-18,296,2.738058,0.675128,80700.070000,80636.410000
29829220,2026-09-18T17:40,80661.700000,0.621200,0.330143,2026-09-18,355,3.624731,0.767428,80669.520000,80641.960000
29829221,2026-09-18T17:41,80720.030000,0.573400,0.531201,2026-09-18,496,10.261539,0.886825,80718.300000,80652.870000
29829222,2026-09-18T17:42,80716.110000,-0.048600,0.775846,2026-09-18,381,5.913951,0.521814,80738.800000,80695.520000
29829223,2026-09-18T17:43,80712.540000,-0.062400,0.027048,2026-09-18,298,1.750912,0.474540,80718.300000,80686.900000
29829224,2026-09-18T17:44,80751.820000,0.576400,-0.052194,2026-09-18,281,1.789141,0.699523,80758.870000,80704.080000
29829225,2026-09-18T17:45,80755.350000,0.529500,0.402469,2026-09-18,306,3.501097,0.562902,80779.990000,80737.160000
29829226,2026-09-18T17:46,80788.490000,0.479400,0.148264,2026-09-18,359,4.405224,0.364615,80788.500000,80744.520000
29829227,2026-09-18T17:47,80810.710000,0.461800,-0.306508,2026-09-18,428,13.500792,0.941831,80828.700000,80773.140000
29829228,2026-09-18T17:48,80833.480000,0.127900,0.883514,2026-09-18,532,9.609168,0.868313,80876.870000,80808.060000
29829229,2026-09-18T17:49,80826.020000,0.491100,0.736811,2026-09-18,628,9.221742,0.825160,80870.290000,80823.600000
29829230,2026-09-18T17:50,80877.790000,0.243300,0.657036,2026-09-18,470,8.534781,0.896100,80882.090000,80823.600000
29829231,2026-09-18T17:51,80878.740000,0.559800,0.786650,2026-09-18,340,3.990712,0.785669,80890.990000,80862.330000
29829232,2026-09-18T17:52,80894.740000,0.536000,0.573287,2026-09-18,395,16.090435,0.281264,80905.000000,80830.340000
29829233,2026-09-18T17:53,80849.990000,0.463600,-0.428690,2026-09-18,290,2.113424,0.439156,80899.380000,80848.740000
29829234,2026-09-18T17:54,80841.070000,0.485800,-0.177837,2026-09-18,285,2.341565,0.769323,80863.020000,80840.880000
29829235,2026-09-18T17:55,80897.260000,-0.034900,0.466492,2026-09-18,301,2.102192,0.562147,80898.890000,80835.300000
29829236,2026-09-18T17:56,80892.490000,0.237600,0.035731,2026-09-18,282,2.254800,0.387471,80897.260000,80876.010000
29829237,2026-09-18T17:57,80929.570000,0.182200,-0.107222,2026-09-18,383,6.424079,0.482973,80940.600000,80870.410000
29829238,2026-09-18T17:58,80982.860000,-0.025200,-0.032309,2026-09-18,399,10.195851,0.782411,80982.860000,80929.560000
29829239,2026-09-18T17:59,80998.390000,-0.730700,0.522866,2026-09-18,747,21.760170,0.792536,81000.000000,80972.590000
29829240,2026-09-18T18:00,80903.450000,0.561000,0.601489,2026-09-18,478,10.324040,0.464898,80999.960000,80888.700000
29829241,2026-09-18T18:01,80946.760000,0.407100,-0.063423,2026-09-18,318,2.627362,0.604995,80956.200000,80892.700000
29829242,2026-09-18T18:02,80917.830000,0.545900,0.192563,2026-09-18,450,4.955969,0.515678,80954.490000,80905.020000
29829243,2026-09-18T18:03,80867.510000,0.517200,0.031176,2026-09-18,379,4.001392,0.489132,80917.950000,80853.730000
29829244,2026-09-18T18:04,80888.990000,-0.237400,0.012834,2026-09-18,336,2.306004,0.554788,80893.630000,80867.500000
29829245,2026-09-18T18:05,80916.610000,0.139500,0.052295,2026-09-18,358,1.946064,0.699537,80916.620000,80863.470000
29829246,2026-09-18T18:06,80893.650000,0.293300,0.399100,2026-09-18,298,2.262094,0.501746,80925.730000,80890.020000
29829247,2026-09-18T18:07,80924.540000,0.041600,0.003762,2026-09-18,393,3.260212,0.716965,80924.540000,80872.030000
29829248,2026-09-18T18:08,80881.830000,0.625300,0.433801,2026-09-18,593,11.527963,0.265735,80967.160000,80881.830000
29829249,2026-09-18T18:09,80909.960000,0.630400,-0.468517,2026-09-18,361,4.007475,0.374517,80909.970000,80875.930000
29829250,2026-09-18T18:10,80908.770000,0.354000,-0.252726,2026-09-18,338,2.902866,0.307933,80918.720000,80894.000000
29829251,2026-09-18T18:11,80915.460000,0.554800,-0.381972,2026-09-18,346,2.648397,0.593699,80930.010000,80907.390000
29829252,2026-09-18T18:12,80825.010000,-0.029900,0.112341,2026-09-18,462,7.205192,0.578413,80915.450000,80815.630000
29829253,2026-09-18T18:13,80829.510000,0.709500,0.182032,2026-09-18,383,2.949700,0.426865,80829.500000,80776.120000
29829254,2026-09-18T18:14,80850.010000,0.083100,-0.138975,2026-09-18,570,14.463081,0.686936,80883.910000,80795.520000
29829255,2026-09-18T18:15,80823.260000,0.416100,0.373871,2026-09-18,462,3.697707,0.327619,80869.260000,80810.410000
29829256,2026-09-18T18:16,80822.790000,0.158700,-0.359283,2026-09-18,634,59.936456,0.683126,80843.100000,80795.710000
29829257,2026-09-18T18:17,80826.290000,0.301900,0.374697,2026-09-18,321,3.171794,0.448572,80846.360000,80808.780000
29829258,2026-09-18T18:18,80863.550000,0.154000,-0.088345,2026-09-18,386,4.154791,0.360770,80879.200000,80830.410000
29829259,2026-09-18T18:19,80893.180000,0.531500,-0.285078,2026-09-18,488,4.027620,0.537173,80895.810000,80839.680000
29829260,2026-09-18T18:20,80894.430000,0.222200,0.069478,2026-09-18,361,4.555331,0.319865,80900.000000,80862.040000
29829261,2026-09-18T18:21,80859.730000,0.692200,-0.358837,2026-09-18,391,7.807475,0.215565,80895.170000,80848.260000
29829262,2026-09-18T18:22,80909.480000,0.309600,-0.569912,2026-09-18,339,4.339657,0.665617,80912.790000,80859.720000
29829263,2026-09-18T18:23,80885.510000,0.652200,0.251153,2026-09-18,404,3.780972,0.542157,80909.470000,80884.810000
29829264,2026-09-18T18:24,80810.010000,-0.173800,0.028522,2026-09-18,403,6.033301,0.429793,80885.500000,80806.930000
29829265,2026-09-18T18:25,80908.740000,0.449000,-0.055468,2026-09-18,595,9.793920,0.413423,80908.740000,80790.000000
29829266,2026-09-18T18:26,80903.210000,0.600700,-0.189778,2026-09-18,401,6.718112,0.484346,80919.990000,80875.000000
29829267,2026-09-18T18:27,80950.010000,0.767200,-0.018776,2026-09-18,464,7.713212,0.327515,80982.550000,80900.040000
29829268,2026-09-18T18:28,80942.240000,0.615400,-0.324760,2026-09-18,423,7.732577,0.265000,80961.380000,80914.880000
29829269,2026-09-18T18:29,80979.670000,0.794900,-0.489069,2026-09-18,563,5.587552,0.370727,80982.290000,80928.490000
29829270,2026-09-18T18:30,80949.490000,0.669800,-0.224864,2026-09-18,1826,17.419030,0.209953,80985.850000,80930.000000
29829271,2026-09-18T18:31,80901.980000,0.579400,-0.594170,2026-09-18,726,12.695129,0.196347,80949.490000,80894.200000
29829272,2026-09-18T18:32,81017.600000,-0.301600,-0.607297,2026-09-18,506,16.873185,0.904556,81072.700000,80900.070000
29829273,2026-09-18T18:33,80907.240000,0.749700,0.789033,2026-09-18,1524,26.298032,0.372356,81040.100000,80901.370000
29829274,2026-09-18T18:34,81015.760000,0.619900,-0.245902,2026-09-18,602,8.836651,0.575233,81038.060000,80890.850000
29829275,2026-09-18T18:35,80962.670000,0.721700,0.102093,2026-09-18,654,9.211677,0.440668,81040.700000,80949.810000
29829276,2026-09-18T18:36,81016.050000,0.461900,-0.090660,2026-09-18,1173,17.805763,0.508562,81040.210000,80956.290000
29829277,2026-09-18T18:37,81075.720000,0.189600,0.015083,2026-09-18,770,23.525771,0.819134,81076.580000,81015.000000
29829278,2026-09-18T18:38,81069.610000,0.440300,0.640389,2026-09-18,477,8.375154,0.699380,81080.970000,81042.520000
29829279,2026-09-18T18:39,81102.010000,0.616200,0.395334,2026-09-18,600,14.042550,0.814333,81132.820000,81074.840000
29829280,2026-09-18T18:40,81042.920000,0.637700,0.633569,2026-09-18,478,9.686412,0.553178,81105.040000,81027.090000
29829281,2026-09-18T18:41,80971.580000,0.505700,-0.034629,2026-09-18,416,7.712633,0.414508,81040.830000,80953.060000
29829282,2026-09-18T18:42,80944.510000,0.376600,-0.000996,2026-09-18,553,11.307985,0.473260,81012.520000,80940.000000
29829283,2026-09-18T18:43,80962.640000,0.732200,-0.080201,2026-09-18,479,9.737977,0.679151,80964.140000,80892.500000
29829284,2026-09-18T18:44,80924.460000,0.598100,0.364280,2026-09-18,610,8.849419,0.571725,80963.960000,80910.080000
29829285,2026-09-18T18:45,80948.730000,0.634500,0.120951,2026-09-18,415,7.044477,0.402944,80950.830000,80902.500000
29829286,2026-09-18T18:46,80960.420000,0.489500,-0.191193,2026-09-18,512,14.167363,0.259683,80986.500000,80913.000000
29829287,2026-09-18T18:47,80991.890000,0.551400,-0.489269,2026-09-18,580,10.097815,0.446201,80999.990000,80940.450000
29829288,2026-09-18T18:48,81007.740000,0.713200,-0.091565,2026-09-18,405,5.726489,0.617020,81007.770000,80967.210000
29829289,2026-09-18T18:49,81021.450000,0.712500,0.247399,2026-09-18,607,8.891237,0.435166,81024.860000,80975.000000
29829290,2026-09-18T18:50,80977.300000,0.313400,-0.135660,2026-09-18,391,6.856076,0.572413,81021.440000,80955.000000
29829291,2026-09-18T18:51,80999.290000,0.831000,0.165312,2026-09-18,475,13.953016,0.486707,81043.900000,80955.000000
29829292,2026-09-18T18:52,80985.640000,0.554200,-0.017677,2026-09-18,433,8.580248,0.739654,81008.760000,80970.000000
29829293,2026-09-18T18:53,81042.500000,0.572400,0.480228,2026-09-18,431,8.774971,0.704383,81060.000000,80985.640000
29829294,2026-09-18T18:54,80983.990000,0.454600,0.407585,2026-09-18,335,3.005096,0.544295,81042.160000,80977.650000
29829295,2026-09-18T18:55,80935.610000,0.699300,0.037562,2026-09-18,349,3.945736,0.360373,80984.000000,80932.780000
29829296,2026-09-18T18:56,80895.010000,0.661700,-0.265620,2026-09-18,383,4.749393,0.416379,80938.710000,80895.010000
29829297,2026-09-18T18:57,80864.400000,0.599000,-0.168723,2026-09-18,330,3.513766,0.442365,80895.020000,80852.010000
29829298,2026-09-18T18:58,80942.520000,0.486200,-0.120321,2026-09-18,527,14.181127,0.629500,80949.290000,80854.190000
29829299,2026-09-18T18:59,80926.380000,0.697100,0.250171,2026-09-18,383,6.445297,0.335560,80942.520000,80913.000000
29829300,2026-09-18T19:00,80901.140000,0.729300,-0.282600,2026-09-18,375,5.957931,0.632848,80952.060000,80895.540000
29829301,2026-09-18T19:01,80923.490000,0.487500,0.259426,2026-09-18,441,5.679411,0.590474,80923.500000,80884.960000
29829302,2026-09-18T19:02,80901.900000,0.599000,0.164554,2026-09-18,524,6.449892,0.387451,80923.520000,80890.000000
29829303,2026-09-18T19:03,80972.600000,0.626300,-0.230120,2026-09-18,1125,31.930162,0.525109,80999.020000,80898.770000
29829304,2026-09-18T19:04,80953.820000,0.736300,0.042728,2026-09-18,690,15.877115,0.787281,80995.540000,80944.330000
29829305,2026-09-18T19:05,80994.070000,-0.620300,0.597632,2026-09-18,727,17.785865,0.710262,80994.300000,80926.150000
29829306,2026-09-18T19:06,81055.170000,0.572700,0.433452,2026-09-18,1124,67.282907,0.847328,81067.240000,80994.070000
29829307,2026-09-18T19:07,81034.400000,0.737600,0.710193,2026-09-18,880,18.629501,0.626946,81067.040000,81021.200000
29829308,2026-09-18T19:08,81033.150000,0.537500,0.246794,2026-09-18,963,23.440302,0.636873,81069.710000,81000.000000
29829309,2026-09-18T19:09,81073.290000,0.725900,0.269407,2026-09-18,675,9.532260,0.556713,81078.590000,81033.150000
29829310,2026-09-18T19:10,81063.920000,0.783400,0.101633,2026-09-18,591,7.943365,0.628555,81090.200000,81063.230000
29829311,2026-09-18T19:11,81142.040000,0.710000,0.271261,2026-09-18,532,19.006398,0.334994,81144.000000,81063.930000
29829312,2026-09-18T19:12,81178.710000,0.541500,-0.336731,2026-09-18,734,16.380072,0.756338,81180.000000,81128.360000
29829313,2026-09-18T19:13,81139.150000,0.677600,0.505306,2026-09-18,901,21.082823,0.695461,81200.000000,81136.170000
29829314,2026-09-18T19:14,81185.990000,0.780100,0.380303,2026-09-18,793,11.308292,0.674664,81186.000000,81136.930000
29829315,2026-09-18T19:15,81246.460000,0.819900,0.383561,2026-09-18,795,14.448135,0.688026,81246.450000,81180.380000
29829316,2026-09-18T19:16,81163.920000,0.529900,0.597103,2026-09-18,998,27.849860,0.667845,81388.470000,81148.220000
29829317,2026-09-18T19:17,81196.510000,0.290400,0.073592,2026-09-18,732,16.042465,0.798448,81217.500000,81115.750000
29829318,2026-09-18T19:18,81204.790000,0.661800,0.602749,2026-09-18,651,14.596789,0.807707,81265.000000,81189.190000
29829319,2026-09-18T19:19,81202.210000,0.464700,0.592863,2026-09-18,563,9.470286,0.778162,81242.740000,81199.000000
29829320,2026-09-18T19:20,81179.490000,0.492600,0.573851,2026-09-18,592,8.695785,0.548010,81217.500000,81134.900000
29829321,2026-09-18T19:21,81140.010000,0.666100,0.080960,2026-09-18,436,5.757048,0.742856,81197.760000,81138.600000
29829322,2026-09-18T19:22,81127.140000,0.360200,0.490741,2026-09-18,547,12.597144,0.338510,81146.550000,81113.130000
29829323,2026-09-18T19:23,81124.270000,0.837100,-0.312767,2026-09-18,412,8.361441,0.633889,81149.990000,81113.770000
29829324,2026-09-18T19:24,81122.600000,0.694000,0.259215,2026-09-18,455,7.616876,0.697759,81124.270000,81093.010000
29829325,2026-09-18T19:25,81178.400000,0.535400,0.394894,2026-09-18,464,11.542212,0.796926,81179.970000,81122.590000
29829326,2026-09-18T19:26,81191.270000,0.478400,0.587914,2026-09-18,482,9.008815,0.854032,81207.000000,81128.370000
29829327,2026-09-18T19:27,81203.830000,0.611500,0.718728,2026-09-18,437,6.934002,0.799557,81228.750000,81178.010000
29829328,2026-09-18T19:28,81292.930000,0.661600,0.597236,2026-09-18,452,7.399824,0.873624,81293.640000,81188.130000
29829329,2026-09-18T19:29,81246.510000,0.712000,0.715949,2026-09-18,495,9.955508,0.575460,81293.600000,81197.500000
29829330,2026-09-18T19:30,81171.170000,0.625100,0.169109,2026-09-18,507,8.649384,0.754122,81245.440000,81150.220000
29829331,2026-09-18T19:31,81164.100000,0.098200,0.456656,2026-09-18,535,8.492745,0.796932,81175.800000,81144.000000
29829332,2026-09-18T19:32,81158.010000,0.616300,0.645845,2026-09-18,476,6.846439,0.777886,81175.000000,81133.260000
29829333,2026-09-18T19:33,81144.210000,-0.297900,0.561233,2026-09-18,423,6.886160,0.802105,81187.990000,81144.000000
29829334,2026-09-18T19:34,81114.830000,0.572600,0.593262,2026-09-18,459,8.854013,0.493632,81150.630000,81108.830000
29829335,2026-09-18T19:35,81105.310000,-0.328200,-0.015229,2026-09-18,525,14.356977,0.419053,81129.990000,81087.050000
29829336,2026-09-18T19:36,81115.790000,0.515200,-0.160676,2026-09-18,465,7.285163,0.717529,81141.060000,81101.140000
29829337,2026-09-18T19:37,81044.670000,0.127900,0.450325,2026-09-18,433,9.746097,0.587990,81128.910000,81042.300000
29829338,2026-09-18T19:38,81098.390000,0.422800,0.168588,2026-09-18,477,9.118763,0.862352,81107.980000,81030.350000
29829339,2026-09-18T19:39,81066.170000,0.044500,0.725250,2026-09-18,486,7.483157,0.757815,81092.680000,81060.000000
29829340,2026-09-18T19:40,81164.020000,-0.505900,0.547953,2026-09-18,667,21.484617,0.874688,81177.830000,81051.550000
29829341,2026-09-18T19:41,81227.550000,-0.300800,0.749014,2026-09-18,601,10.628469,0.841057,81240.300000,81164.020000
29829342,2026-09-18T19:42,81177.490000,0.312700,0.665542,2026-09-18,604,8.956107,0.672125,81255.000000,81171.520000
29829343,2026-09-18T19:43,81189.610000,-0.013000,0.361611,2026-09-18,581,9.244846,0.644144,81207.900000,81177.480000
29829344,2026-09-18T19:44,81228.620000,-0.098800,0.269912,2026-09-18,429,7.481553,0.802366,81248.990000,81177.090000
29829345,2026-09-18T19:45,81165.070000,-0.046500,0.599055,2026-09-18,383,5.853903,0.703019,81249.790000,81154.500000
29829346,2026-09-18T19:46,81224.600000,-0.482200,0.441388,2026-09-18,518,15.047968,0.781286,81226.700000,81164.000000
29829347,2026-09-18T19:47,81261.850000,0.427900,0.557090,2026-09-18,507,17.019043,0.513404,81284.120000,81210.000000
29829348,2026-09-18T19:48,81347.380000,-0.151800,0.024035,2026-09-18,978,45.528935,0.940384,81347.380000,81261.840000
29829349,2026-09-18T19:49,81295.830000,-0.279700,0.879249,2026-09-18,966,31.264173,0.789137,81352.560000,81281.240000
29829350,2026-09-18T19:50,81311.380000,0.708400,0.619079,2026-09-18,667,28.540442,0.733330,81338.750000,81277.000000
29829351,2026-09-18T19:51,81216.830000,-0.134000,0.331056,2026-09-18,928,43.078194,0.729736,81311.350000,81207.000000
29829352,2026-09-18T19:52,81299.570000,0.155200,0.462230,2026-09-18,549,12.947469,0.873679,81314.860000,81217.720000
29829353,2026-09-18T19:53,81286.710000,-0.463400,0.743875,2026-09-18,430,11.495145,0.743537,81330.320000,81265.310000
29829354,2026-09-18T19:54,81120.170000,0.244800,0.491469,2026-09-18,787,22.542040,0.456776,81289.990000,81115.000000
29829355,2026-09-18T19:55,81175.830000,0.274500,-0.075968,2026-09-18,396,6.031965,0.765206,81196.490000,81120.170000
29829356,2026-09-18T19:56,81230.830000,0.054100,0.505391,2026-09-18,460,15.064407,0.876467,81235.900000,81167.650000
29829357,2026-09-18T19:57,81235.900000,-0.438400,0.752907,2026-09-18,322,2.784184,0.547922,81235.900000,81187.110000
29829358,2026-09-18T19:58,81198.860000,-0.054500,0.072205,2026-09-18,329,2.976541,0.424163,81248.990000,81180.000000
29829359,2026-09-18T19:59,81188.990000,0.540900,-0.013703,2026-09-18,484,13.533947,0.552039,81239.430000,81175.000000
29829360,2026-09-18T20:00,81055.900000,0.249300,0.080599,2026-09-18,733,30.075105,0.324573,81200.700000,81054.000000
29829361,2026-09-18T20:01,81082.380000,0.309800,-0.363825,2026-09-18,583,22.981904,0.202602,81103.540000,81054.690000
29829362,2026-09-18T20:02,81096.700000,0.392600,-0.576988,2026-09-18,526,15.410202,0.388418,81125.790000,81063.010000
29829363,2026-09-18T20:03,81124.130000,0.330600,-0.228729,2026-09-18,158,2.682656,0.768901,81128.980000,81091.510000
29829364,2026-09-18T20:04,81175.490000,0.312300,0.534107,2026-09-18,918,23.935848,0.701788,81175.500000,81060.000000
29829365,2026-09-18T20:05,81200.010000,0.566400,0.369782,2026-09-18,727,16.330997,0.692801,81226.790000,81164.970000
29829366,2026-09-18T20:06,81111.760000,0.002100,0.408784,2026-09-18,655,26.118342,0.247166,81200.010000,81082.310000
29829367,2026-09-18T20:07,81023.950000,0.756300,-0.503825,2026-09-18,561,18.702869,0.320346,81138.230000,81018.010000
29829368,2026-09-18T20:08,81013.510000,-0.234400,-0.358175,2026-09-18,468,6.460474,0.524335,81032.060000,80985.110000
29829369,2026-09-18T20:09,80977.350000,-0.133400,0.065750,2026-09-18,478,9.890477,0.506840,81030.330000,80934.080000
29829370,2026-09-18T20:10,81007.600000,0.106100,0.001689,2026-09-18,469,11.398594,0.651921,81018.000000,80945.010000
29829371,2026-09-18T20:11,81018.820000,0.413300,0.294743,2026-09-18,469,8.594940,0.550433,81038.990000,81007.590000
29829372,2026-09-18T20:12,81015.010000,-0.199400,0.119688,2026-09-18,372,4.829501,0.587778,81046.710000,81015.000000
29829373,2026-09-18T20:13,81079.820000,-0.144300,0.165186,2026-09-18,410,9.478741,0.664023,81087.710000,81015.000000
29829374,2026-09-18T20:14,81054.990000,0.410700,0.326292,2026-09-18,419,10.951833,0.193755,81111.550000,81054.990000
29829375,2026-09-18T20:15,81106.070000,0.261200,-0.612454,2026-09-18,385,9.377668,0.792274,81143.000000,81039.000000
29829376,2026-09-18T20:16,81088.140000,0.473600,0.584528,2026-09-18,394,9.082780,0.430620,81133.460000,81060.920000
29829377,2026-09-18T20:17,81135.900000,-0.030400,-0.138455,2026-09-18,539,21.371386,0.527563,81181.000000,81088.140000
29829378,2026-09-18T20:18,81168.960000,-0.234700,0.055028,2026-09-18,333,4.078338,0.853259,81187.910000,81133.510000
29829379,2026-09-18T20:19,81189.510000,0.173100,0.779728,2026-09-18,310,4.219555,0.895271,81207.000000,81170.020000
29829380,2026-09-18T20:20,81197.940000,-0.037200,0.621679,2026-09-18,332,2.138984,0.467853,81200.000000,81160.010000
29829381,2026-09-18T20:21,81148.010000,0.310200,-0.007428,2026-09-18,293,1.456227,0.477254,81195.920000,81145.870000
29829382,2026-09-18T20:22,81128.200000,0.017200,-0.046707,2026-09-18,393,6.842263,0.856481,81182.800000,81094.880000
29829383,2026-09-18T20:23,81066.960000,0.319900,0.713398,2026-09-18,430,9.646133,0.499387,81135.800000,81064.910000
29829384,2026-09-18T20:24,81062.320000,0.603100,0.002866,2026-09-18,366,4.781491,0.890356,81099.430000,81050.000000
29829385,2026-09-18T20:25,81045.580000,0.678700,0.778888,2026-09-18,295,4.127861,0.200128,81070.710000,81042.000000
29829386,2026-09-18T20:26,81021.170000,0.313900,-0.599073,2026-09-18,360,12.363703,0.111954,81043.190000,81000.010000
29829387,2026-09-18T20:27,80960.290000,0.324400,-0.776342,2026-09-18,418,13.432772,0.225845,81021.170000,80918.680000
29829388,2026-09-18T20:28,80975.990000,0.499300,-0.548310,2026-09-18,428,15.173321,0.805060,81000.000000,80928.040000
29829389,2026-09-18T20:29,81003.040000,-0.117600,0.610119,2026-09-18,323,8.025631,0.908804,81012.080000,80990.000000
29829390,2026-09-18T20:30,80995.140000,0.319300,0.817665,2026-09-18,352,5.098127,0.746329,81026.130000,80986.500000
29829391,2026-09-18T20:31,81042.510000,0.711000,0.539832,2026-09-18,252,1.478923,0.927698,81042.510000,80995.150000
29829392,2026-09-18T20:32,80988.010000,-0.035300,0.775766,2026-09-18,314,7.306032,0.022477,81042.510000,80986.000000
29829393,2026-09-18T20:33,81004.920000,0.585600,-0.955049,2026-09-18,302,4.874487,0.695296,81029.410000,80987.770000
29829394,2026-09-18T20:34,81009.710000,0.703700,0.391342,2026-09-18,244,0.558645,0.283957,81017.760000,81000.000000
29829395,2026-09-18T20:35,81011.570000,0.537100,-0.443272,2026-09-18,258,0.809662,0.475843,81015.330000,81009.710000
29829396,2026-09-18T20:36,81020.010000,0.730500,0.046352,2026-09-18,373,8.950551,0.199118,81034.280000,81011.030000
29829397,2026-09-18T20:37,80965.270000,-0.206500,-0.721964,2026-09-18,419,12.518873,0.242182,81020.000000,80953.190000
29829398,2026-09-18T20:38,80952.010000,0.596100,-0.340845,2026-09-18,271,1.626517,0.384306,80965.270000,80950.300000
29829399,2026-09-18T20:39,80987.240000,-0.016900,-0.803464,2026-09-18,469,20.952440,0.458556,81011.660000,80935.000000
29829400,2026-09-18T20:40,80964.300000,-0.184700,0.190845,2026-09-18,342,5.942407,0.213327,80991.810000,80957.910000
29829401,2026-09-18T20:41,80982.790000,-0.210500,-0.560542,2026-09-18,283,2.809246,0.900334,80982.800000,80950.000000
29829402,2026-09-18T20:42,81072.400000,0.187300,0.796286,2026-09-18,373,7.027705,0.838363,81083.110000,80978.900000
29829403,2026-09-18T20:43,81153.450000,-0.093700,0.676760,2026-09-18,392,5.933018,0.784328,81171.720000,81072.400000
29829404,2026-09-18T20:44,81151.890000,-0.130200,0.568578,2026-09-18,289,2.822323,0.511702,81159.970000,81123.020000
29829405,2026-09-18T20:45,81153.480000,0.182800,0.010651,2026-09-18,363,3.531994,0.679771,81186.550000,81135.760000
29829406,2026-09-18T20:46,81135.330000,0.014000,0.373453,2026-09-18,478,13.335989,0.487375,81188.190000,81115.420000
29829407,2026-09-18T20:47,81161.950000,0.604700,-0.025216,2026-09-18,307,3.015651,0.735090,81171.270000,81135.320000
29829408,2026-09-18T20:48,81169.420000,0.849500,0.470298,2026-09-18,264,0.759972,0.629938,81171.270000,81150.550000
29829409,2026-09-18T20:49,81072.640000,0.751500,0.166037,2026-09-18,412,11.018749,0.151267,81169.420000,81051.470000
29829410,2026-09-18T20:50,81115.450000,0.740100,-0.669319,2026-09-18,221,1.254263,0.878733,81115.450000,81072.630000
29829411,2026-09-18T20:51,81149.990000,0.800300,0.717883,2026-09-18,280,1.818180,0.641712,81149.990000,81107.930000
29829412,2026-09-18T20:52,81123.180000,0.772900,0.283406,2026-09-18,283,1.341308,0.352006,81149.990000,81105.000000
29829413,2026-09-18T20:53,81096.450000,0.603300,-0.295974,2026-09-18,279,2.443975,0.337086,81123.180000,81092.020000
29829414,2026-09-18T20:54,81076.350000,0.715700,-0.325828,2026-09-18,249,5.740394,0.049703,81105.580000,81070.500000
29829415,2026-09-18T20:55,81079.150000,0.330600,-0.822169,2026-09-18,272,3.998087,0.384603,81105.580000,81076.340000
29829416,2026-09-18T20:56,81060.670000,0.582000,-0.311862,2026-09-18,271,1.507954,0.588969,81079.150000,81055.460000
29829417,2026-09-18T20:57,81094.710000,0.332700,0.177937,2026-09-18,330,4.609074,0.931018,81095.340000,81050.000000
29829418,2026-09-18T20:58,81068.160000,-0.028500,0.862036,2026-09-18,221,0.673302,0.466397,81094.200000,81066.910000
29829419,2026-09-18T20:59,81099.990000,0.241200,-0.062766,2026-09-18,277,3.460290,0.920475,81100.000000,81065.110000
29829420,2026-09-18T21:00,81157.420000,0.371400,0.845514,2026-09-18,234,2.662907,0.877359,81157.550000,81099.990000
29829421,2026-09-18T21:01,81081.010000,0.455500,0.744951,2026-09-18,375,9.361014,0.093974,81157.420000,81081.000000
29829422,2026-09-18T21:02,81149.260000,0.378800,-0.579462,2026-09-18,334,4.713685,0.656964,81161.000000,81082.640000
29829423,2026-09-18T21:03,81164.700000,0.151600,0.065897,2026-09-18,278,6.275690,0.506597,81175.500000,81135.000000
29829424,2026-09-18T21:04,81180.480000,0.637300,0.012592,2026-09-18,235,4.534835,0.077745,81186.670000,81158.890000
29829425,2026-09-18T21:05,81161.580000,-0.085900,-0.844498,2026-09-18,543,15.934490,0.282563,81181.490000,81137.010000
29829426,2026-09-18T21:06,81176.040000,0.592200,-0.391238,2026-09-18,326,7.235720,0.333226,81188.400000,81157.900000
29829427,2026-09-18T21:07,81229.400000,0.229200,-0.432988,2026-09-18,381,6.158482,0.665221,81236.990000,81176.030000
29829428,2026-09-18T21:08,81189.930000,0.195200,0.340721,2026-09-18,490,8.435370,0.179603,81246.000000,81189.930000
29829429,2026-09-18T21:09,81160.110000,-0.619700,-0.657317,2026-09-18,430,5.255103,0.101775,81198.370000,81160.110000
29829430,2026-09-18T21:10,81204.140000,0.637000,-0.798985,2026-09-18,314,6.254472,0.659972,81204.150000,81144.900000
29829431,2026-09-18T21:11,81206.450000,-0.234500,0.358118,2026-09-18,400,8.144222,0.119306,81244.880000,81196.500000
29829432,2026-09-18T21:12,81237.040000,0.550600,-0.813003,2026-09-18,306,2.173139,0.380409,81237.040000,81199.700000
29829433,2026-09-18T21:13,81242.210000,0.104700,-0.240079,2026-09-18,420,5.495329,0.191422,81249.990000,81232.020000
29829434,2026-09-18T21:14,81263.820000,0.537800,-0.616864,2026-09-18,369,16.721223,0.323545,81276.000000,81242.210000
29829435,2026-09-18T21:15,81193.290000,-0.459000,-0.352928,2026-09-18,523,15.800567,0.078201,81274.170000,81193.290000
29829436,2026-09-18T21:16,81211.040000,-0.003100,-0.843597,2026-09-18,224,1.596573,0.915578,81211.040000,81193.290000
29829437,2026-09-18T21:17,81197.950000,0.103500,0.829918,2026-09-18,245,3.851530,0.053550,81211.040000,81186.000000
29829438,2026-09-18T21:18,81113.610000,0.630900,-0.892380,2026-09-18,432,12.628139,0.171256,81197.950000,81108.520000
29829439,2026-09-18T21:19,81115.120000,0.268700,-0.650259,2026-09-18,437,7.077803,0.120542,81115.120000,81100.000000
29829440,2026-09-18T21:20,81153.580000,0.460900,-0.773087,2026-09-18,361,3.413539,0.264818,81157.200000,81115.120000
29829441,2026-09-18T21:21,81133.830000,-0.333600,-0.470364,2026-09-18,588,6.311354,0.162603,81153.590000,81127.590000
29829442,2026-09-18T21:22,81175.830000,0.283500,-0.674794,2026-09-18,457,9.423267,0.692751,81185.990000,81133.820000
29829443,2026-09-18T21:23,81184.390000,-0.045000,0.385503,2026-09-18,255,5.076369,0.069691,81186.540000,81175.000000
29829444,2026-09-18T21:24,81185.930000,-0.296700,-0.860639,2026-09-18,284,2.045307,0.064282,81185.990000,81184.020000
29829445,2026-09-18T21:25,81217.020000,0.158700,-0.869304,2026-09-18,510,8.549649,0.528664,81217.480000,81171.840000
29829446,2026-09-18T21:26,81199.920000,0.237000,0.270942,2026-09-18,547,4.014618,0.101656,81238.500000,81197.370000
29829447,2026-09-18T21:27,81175.510000,-0.044800,-0.796681,2026-09-18,290,1.375003,0.108432,81203.530000,81175.500000
29829448,2026-09-18T21:28,81169.170000,-0.255800,-0.783140,2026-09-18,314,2.337389,0.644802,81181.270000,81156.700000
29829449,2026-09-18T21:29,81179.480000,-0.046100,0.289616,2026-09-18,218,1.068081,0.549447,81184.150000,81167.560000
29829450,2026-09-18T21:30,81189.270000,-0.013400,0.137550,2026-09-18,295,3.941038,0.427848,81196.500000,81180.350000
29829451,2026-09-18T21:31,81140.830000,0.056900,-0.158509,2026-09-18,356,3.802251,0.450494,81189.280000,81127.620000
29829452,2026-09-18T21:32,81152.270000,0.013300,-0.098856,2026-09-18,341,2.949068,0.459068,81175.500000,81134.330000
29829453,2026-09-18T21:33,81143.610000,-0.037100,-0.081895,2026-09-18,293,4.171081,0.071348,81156.330000,81123.000000
29829454,2026-09-18T21:34,81136.460000,0.012900,-0.857386,2026-09-18,280,0.278504,0.469714,81143.620000,81125.060000
29829455,2026-09-18T21:35,81153.610000,-0.150600,-0.052225,2026-09-18,266,4.094063,0.167351,81154.490000,81143.610000
29829456,2026-09-18T21:36,81163.860000,0.265100,-0.665298,2026-09-18,244,2.913512,0.192791,81177.090000,81153.600000
29829457,2026-09-18T21:37,81172.710000,0.401600,-0.614436,2026-09-18,193,0.369094,0.119786,81174.150000,81165.430000
29829458,2026-09-18T21:38,81211.290000,0.098300,-0.763548,2026-09-18,290,3.302949,0.200760,81215.070000,81172.700000
29829459,2026-09-18T21:39,81236.570000,-0.164100,-0.597874,2026-09-18,272,2.701533,0.319017,81248.990000,81211.280000
29829460,2026-09-18T21:40,81221.380000,0.203900,-0.284104,2026-09-18,407,3.802179,0.110362,81259.490000,81218.620000
29829461,2026-09-18T21:41,81259.490000,0.102300,-0.859376,2026-09-18,234,1.508338,0.756177,81262.160000,81221.370000
29829462,2026-09-18T21:42,81258.460000,0.162200,0.726257,2026-09-18,487,8.408857,0.505320,81294.850000,81258.010000
29829463,2026-09-18T21:43,81223.400000,0.112400,-0.157269,2026-09-18,446,4.256931,0.201670,81258.460000,81217.500000
29829464,2026-09-18T21:44,81205.390000,0.155100,-0.552260,2026-09-18,594,6.669235,0.341258,81235.610000,81196.500000
29829465,2026-09-18T21:45,81196.510000,-0.010500,-0.321127,2026-09-18,241,2.088615,0.260452,81216.030000,81196.500000
29829466,2026-09-18T21:46,81166.380000,0.124800,-0.488293,2026-09-18,319,4.242967,0.236004,81201.830000,81166.370000
29829467,2026-09-18T21:47,81183.180000,-0.160300,-0.510038,2026-09-18,289,3.892900,0.133893,81187.170000,81136.470000
29829468,2026-09-18T21:48,81168.210000,0.243300,-0.753941,2026-09-18,346,5.005670,0.076381,81186.660000,81163.470000
29829469,2026-09-18T21:49,81211.710000,-0.040400,-0.847416,2026-09-18,376,3.592556,0.566263,81216.020000,81166.540000
29829470,2026-09-18T21:50,81244.110000,0.148400,0.160461,2026-09-18,259,0.669145,0.790709,81244.750000,81211.720000
29829471,2026-09-18T21:51,81216.440000,0.419900,0.498510,2026-09-18,421,4.001569,0.101422,81244.120000,81212.000000
29829472,2026-09-18T21:52,81191.390000,0.066900,-0.794651,2026-09-18,454,9.378685,0.329749,81212.010000,81181.110000
29829473,2026-09-18T21:53,81201.550000,0.474700,-0.341287,2026-09-18,216,0.686365,0.588681,81201.560000,81181.110000
29829474,2026-09-18T21:54,81210.270000,0.287300,0.163940,2026-09-18,209,0.788804,0.309431,81210.480000,81201.550000
29829475,2026-09-18T21:55,81217.490000,0.471700,-0.374775,2026-09-18,234,1.759341,0.303276,81217.480000,81210.270000
29829476,2026-09-18T21:56,81200.010000,0.413100,-0.393447,2026-09-18,260,2.215693,0.192675,81217.490000,81200.000000
29829477,2026-09-18T21:57,81236.920000,0.290900,-0.614650,2026-09-18,264,2.237785,0.371207,81236.920000,81200.010000
29829478,2026-09-18T21:58,81230.900000,0.161500,-0.257586,2026-09-18,194,1.020914,0.047792,81236.920000,81230.900000
29829479,2026-09-18T21:59,81223.790000,0.202000,-0.904515,2026-09-18,278,1.846903,0.021735,81231.680000,81220.910000
29829480,2026-09-18T22:00,81224.920000,0.268500,-0.956584,2026-09-18,345,3.983828,0.544288,81266.470000,81223.780000
29829481,2026-09-18T22:01,81196.490000,0.037700,0.067146,2026-09-18,327,2.343281,0.666848,81224.920000,81193.000000
29829482,2026-09-18T22:02,81227.990000,0.080000,0.426055,2026-09-18,332,3.102060,0.662568,81234.990000,81186.050000
29829483,2026-09-18T22:03,81241.540000,-0.042500,0.282932,2026-09-18,343,2.791424,0.397221,81254.910000,81231.450000
29829484,2026-09-18T22:04,81227.290000,0.406200,-0.301683,2026-09-18,387,3.104149,0.225308,81241.550000,81211.310000
29829485,2026-09-18T22:05,81245.200000,0.215200,-0.484582,2026-09-18,319,3.270109,0.597994,81254.350000,81227.290000
29829486,2026-09-18T22:06,81248.380000,0.077400,0.195960,2026-09-18,235,1.005057,0.636497,81248.370000,81237.770000
29829487,2026-09-18T22:07,81296.740000,-0.179900,0.272460,2026-09-18,343,4.428615,0.764701,81296.740000,81241.400000
29829488,2026-09-18T22:08,81331.230000,-0.448900,0.529402,2026-09-18,437,7.451097,0.592697,81332.000000,81277.900000
29829489,2026-09-18T22:09,81332.260000,-0.041200,0.148009,2026-09-18,336,2.195547,0.563121,81335.970000,81318.800000
29829490,2026-09-18T22:10,81339.460000,0.194300,0.266455,2026-09-18,355,5.806198,0.712550,81364.500000,81332.250000
29829491,2026-09-18T22:11,81295.110000,0.476000,0.425088,2026-09-18,336,3.286903,0.023892,81339.460000,81295.110000
29829492,2026-09-18T22:12,81244.670000,0.186800,-0.952215,2026-09-18,295,4.707465,0.101618,81297.250000,81244.670000
29829493,2026-09-18T22:13,81249.990000,0.368300,-0.801095,2026-09-18,382,7.701158,0.729013,81249.990000,81208.370000
29829494,2026-09-18T22:14,81236.460000,0.076000,0.250995,2026-09-18,267,3.034796,0.228730,81249.990000,81218.120000
29829495,2026-09-18T22:15,81267.520000,0.308200,-0.162586,2026-09-18,305,3.096550,0.289067,81275.000000,81235.790000
29829496,2026-09-18T22:16,81290.990000,0.291300,-0.421865,2026-09-18,254,0.714505,0.490185,81292.650000,81267.520000
29829497,2026-09-18T22:17,81280.230000,-0.789100,-0.022181,2026-09-18,306,3.068925,0.063207,81290.990000,81277.290000
29829498,2026-09-18T22:18,81308.070000,0.432700,-0.872910,2026-09-18,330,35.295346,0.915356,81308.630000,81280.220000
29829499,2026-09-18T22:19,81317.740000,0.543300,0.830715,2026-09-18,283,3.404768,0.184137,81322.530000,81302.490000
29829500,2026-09-18T22:20,81296.270000,0.307300,-0.631728,2026-09-18,367,8.631383,0.182840,81337.160000,81277.290000
29829501,2026-09-18T22:21,81311.990000,0.008000,-0.608470,2026-09-18,225,1.195050,0.470139,81312.000000,81296.270000
29829502,2026-09-18T22:22,81300.330000,0.497200,-0.201686,2026-09-18,340,3.469483,0.500296,81326.220000,81300.330000
29829503,2026-09-18T22:23,81259.510000,-0.158200,0.002577,2026-09-18,325,3.931734,0.136748,81308.480000,81252.850000
29829504,2026-09-18T22:24,81247.610000,-0.432400,-0.662277,2026-09-18,256,1.443026,0.675171,81266.740000,81246.700000
29829505,2026-09-18T22:25,81243.420000,-0.081300,0.272302,2026-09-18,256,1.029687,0.699544,81255.310000,81241.020000
29829506,2026-09-18T22:26,81234.200000,0.656400,0.399088,2026-09-18,335,3.773032,0.425765,81250.090000,81227.210000
29829507,2026-09-18T22:27,81239.170000,0.015000,-0.112002,2026-09-18,285,1.687952,0.867220,81245.450000,81234.190000
29829508,2026-09-18T22:28,81237.610000,0.277000,0.713432,2026-09-18,312,1.949824,0.710362,81258.390000,81234.480000
29829509,2026-09-18T22:29,81251.510000,-0.020900,0.420724,2026-09-18,422,2.552103,0.406085,81251.510000,81235.990000
29829510,2026-09-18T22:30,81244.010000,0.144300,-0.187915,2026-09-18,276,1.041040,0.538474,81251.510000,81239.890000
29829511,2026-09-18T22:31,81228.010000,-0.031100,0.077221,2026-09-18,306,2.102765,0.314862,81244.010000,81225.000000
29829512,2026-09-18T22:32,81185.260000,-0.074400,-0.370288,2026-09-18,326,3.710864,0.507990,81225.010000,81175.510000
29829513,2026-09-18T22:33,81192.490000,-0.032300,0.016180,2026-09-18,411,7.682354,0.607050,81217.490000,81185.250000
29829514,2026-09-18T22:34,81158.350000,-0.072700,0.214100,2026-09-18,315,2.220025,0.409798,81200.640000,81150.000000
29829515,2026-09-18T22:35,81161.960000,-0.163600,0.014658,2026-09-18,336,3.117774,0.745349,81168.770000,81150.010000
29829516,2026-09-18T22:36,81143.990000,0.412300,0.410314,2026-09-18,398,4.221303,0.208114,81160.370000,81115.000000
29829517,2026-09-18T22:37,81088.830000,0.767000,-0.589306,2026-09-18,615,18.222952,0.285732,81143.990000,81079.000000
29829518,2026-09-18T22:38,81132.860000,0.171600,-0.428185,2026-09-18,432,6.512417,0.490193,81132.850000,81062.310000
29829519,2026-09-18T22:39,81174.990000,0.177400,-0.020210,2026-09-18,303,2.405353,0.617572,81175.000000,81132.850000
29829520,2026-09-18T22:40,81169.110000,0.732900,0.287780,2026-09-18,310,1.704710,0.570210,81186.000000,81155.000000
29829521,2026-09-18T22:41,81158.790000,0.742100,0.033966,2026-09-18,306,2.332688,0.287897,81169.110000,81155.810000
29829522,2026-09-18T22:42,81156.820000,0.474000,-0.427449,2026-09-18,251,1.919241,0.441345,81170.790000,81156.810000
29829523,2026-09-18T22:43,81127.800000,0.161600,-0.104265,2026-09-18,342,2.954262,0.336816,81156.820000,81122.510000
29829524,2026-09-18T22:44,81107.040000,0.820600,-0.331482,2026-09-18,282,1.083758,0.764885,81127.810000,81103.990000
29829525,2026-09-18T22:45,81103.080000,0.245800,0.619459,2026-09-18,247,1.248619,0.555416,81112.670000,81103.060000
29829526,2026-09-18T22:46,81111.670000,0.218900,-0.115049,2026-09-18,291,2.425219,0.127501,81111.670000,81090.750000
29829527,2026-09-18T22:47,81105.050000,0.685000,-0.747356,2026-09-18,275,0.876471,0.493296,81113.300000,81104.490000
29829528,2026-09-18T22:48,81082.620000,0.631900,-0.012369,2026-09-18,269,0.391306,0.212225,81105.050000,81081.000000
29829529,2026-09-18T22:49,81112.270000,-0.305500,-0.570422,2026-09-18,339,3.914566,0.823804,81112.280000,81082.620000
29829530,2026-09-18T22:50,81110.020000,0.319600,0.647849,2026-09-18,295,1.686157,0.402015,81118.930000,81105.090000
29829531,2026-09-18T22:51,81084.140000,0.174700,-0.198775,2026-09-18,340,2.256298,0.691011,81113.080000,81084.130000
29829532,2026-09-18T22:52,81095.430000,0.775500,0.520262,2026-09-18,245,1.259602,0.720398,81096.990000,81084.140000
29829533,2026-09-18T22:53,81096.990000,0.775800,-0.204872,2026-09-18,203,0.595748,0.021359,81096.990000,81093.740000
29829534,2026-09-18T22:54,81113.670000,0.314300,-0.964483,2026-09-18,292,2.078019,0.545604,81122.990000,81096.980000
29829535,2026-09-18T22:55,81127.160000,0.118300,0.091951,2026-09-18,339,3.012080,0.649913,81133.500000,81113.670000
29829536,2026-09-18T22:56,81102.210000,0.726200,0.299419,2026-09-18,198,0.437412,0.061416,81128.610000,81102.210000
29829537,2026-09-18T22:57,81099.990000,0.770100,-0.873573,2026-09-18,275,4.065894,0.157593,81102.220000,81085.790000
29829538,2026-09-18T22:58,81143.990000,0.567100,-0.685162,2026-09-18,240,1.252779,0.393952,81143.990000,81092.050000
29829539,2026-09-18T22:59,81124.510000,0.799200,-0.218789,2026-09-18,376,9.868813,0.053178,81154.500000,81105.020000
29829540,2026-09-18T23:00,81192.230000,0.760900,-0.853951,2026-09-18,313,3.877636,0.654013,81196.490000,81133.490000
29829541,2026-09-18T23:01,81192.880000,0.688400,0.267676,2026-09-18,268,1.183853,0.613381,81194.220000,81170.160000
29829542,2026-09-18T23:02,81189.830000,-0.464600,0.228652,2026-09-18,279,4.187226,0.116039,81192.880000,81170.770000
29829543,2026-09-18T23:03,81154.510000,0.135300,-0.775088,2026-09-18,272,2.125382,0.258474,81189.840000,81154.500000
29829544,2026-09-18T23:04,81144.010000,0.454700,-0.461799,2026-09-18,345,3.420374,0.424164,81168.140000,81144.000000
29829545,2026-09-18T23:05,81099.330000,-0.264500,-0.133270,2026-09-18,398,9.546129,0.565315,81167.560000,81082.610000
29829546,2026-09-18T23:06,81083.570000,0.756000,0.129014,2026-09-18,357,3.697414,0.117103,81099.330000,81079.040000
29829547,2026-09-18T23:07,81083.570000,0.635100,-0.765616,2026-09-18,273,1.450600,0.290000,81099.340000,81083.560000
29829548,2026-09-18T23:08,81141.320000,0.560600,-0.331360,2026-09-18,466,5.533515,0.425877,81141.310000,81086.600000
29829549,2026-09-18T23:09,81122.430000,-0.109000,-0.167718,2026-09-18,235,1.065754,0.088782,81141.310000,81117.230000
29829550,2026-09-18T23:10,81097.640000,0.420100,-0.822428,2026-09-18,356,2.741638,0.226828,81125.010000,81095.010000
29829551,2026-09-18T23:11,81108.860000,0.166100,-0.542805,2026-09-18,277,1.605809,0.293219,81112.500000,81085.880000
29829552,2026-09-18T23:12,81100.010000,0.788700,-0.457976,2026-09-18,306,1.432524,0.247418,81108.850000,81087.600000
29829553,2026-09-18T23:13,81154.360000,-0.102900,-0.462263,2026-09-18,413,5.331749,0.800141,81159.000000,81084.590000
29829554,2026-09-18T23:14,81162.480000,0.182900,0.600392,2026-09-18,264,1.298725,0.804687,81162.480000,81154.360000
29829555,2026-09-18T23:15,81180.210000,0.525500,0.609656,2026-09-18,291,1.607125,0.642943,81186.000000,81162.470000
29829556,2026-09-18T23:16,81138.620000,0.448000,0.285469,2026-09-18,330,2.741240,0.216819,81187.590000,81138.620000
29829557,2026-09-18T23:17,81130.760000,-0.181300,-0.579623,2026-09-18,246,0.635122,0.437731,81143.600000,81130.750000
29829558,2026-09-18T23:18,81126.320000,-0.374800,0.013447,2026-09-18,270,0.706628,0.242039,81130.760000,81124.520000
29829559,2026-09-18T23:19,81118.200000,0.123400,-0.524392,2026-09-18,248,0.845052,0.722110,81126.320000,81112.500000
29829560,2026-09-18T23:20,81114.290000,0.427500,0.469742,2026-09-18,272,2.805376,0.516411,81120.310000,81101.600000
29829561,2026-09-18T23:21,81093.990000,0.740000,0.032822,2026-09-18,304,3.440886,0.350162,81114.290000,81092.550000
29829562,2026-09-18T23:22,81081.110000,0.006700,-0.299589,2026-09-18,389,6.463797,0.393452,81095.400000,81081.100000
29829563,2026-09-18T23:23,81069.010000,0.101900,-0.219859,2026-09-18,287,3.523833,0.031611,81081.110000,81069.000000
29829564,2026-09-18T23:24,81042.170000,0.469100,-0.935241,2026-09-18,312,3.604535,0.212925,81069.010000,81041.010000
29829565,2026-09-18T23:25,81016.040000,-0.113000,-0.574680,2026-09-18,346,6.115223,0.299450,81042.180000,81012.210000
29829566,2026-09-18T23:26,81002.580000,0.605800,-0.281008,2026-09-18,353,8.163271,0.153766,81020.460000,80995.460000
29829567,2026-09-18T23:27,81011.200000,0.213300,-0.820337,2026-09-18,333,4.680100,0.813136,81038.990000,80997.010000
29829568,2026-09-18T23:28,80991.450000,0.464600,0.630529,2026-09-18,293,2.396693,0.133622,81011.200000,80969.000000
29829569,2026-09-18T23:29,80977.510000,0.330000,-0.732756,2026-09-18,261,0.535340,0.504563,81011.680000,80977.500000
29829570,2026-09-18T23:30,80958.960000,0.030500,0.013850,2026-09-18,325,3.190368,0.332340,80987.130000,80947.610000
29829571,2026-09-18T23:31,80962.580000,0.553400,-0.336695,2026-09-18,212,0.612155,0.359468,80962.590000,80956.020000
29829572,2026-09-18T23:32,80942.040000,0.299600,-0.279304,2026-09-18,302,2.376599,0.403624,80962.580000,80932.210000
29829573,2026-09-18T23:33,80948.230000,0.300100,-0.194816,2026-09-18,328,4.057088,0.233327,80951.100000,80927.020000
29829574,2026-09-18T23:34,81007.730000,0.571800,-0.491667,2026-09-18,304,2.280384,0.749718,81016.370000,80949.900000
29829575,2026-09-18T23:35,80953.490000,0.371100,0.470577,2026-09-18,350,2.547129,0.193585,81014.470000,80942.430000
29829576,2026-09-18T23:36,80931.430000,0.422200,-0.605410,2026-09-18,255,1.119376,0.466535,80953.500000,80911.010000
29829577,2026-09-18T23:37,80890.610000,0.021800,0.084829,2026-09-18,313,3.515293,0.469697,80940.080000,80890.000000
29829578,2026-09-18T23:38,80892.490000,-0.076300,-0.123687,2026-09-18,305,2.403063,0.654138,80917.510000,80890.600000
29829579,2026-09-18T23:39,80884.570000,0.374100,0.278705,2026-09-18,392,5.134711,0.607478,80933.990000,80884.560000
29829580,2026-09-18T23:40,80860.080000,0.246700,0.222588,2026-09-18,362,7.505597,0.120729,80884.570000,80844.120000
29829581,2026-09-18T23:41,80881.490000,-0.159100,-0.759188,2026-09-18,291,1.733307,0.436793,80881.500000,80858.470000
29829582,2026-09-18T23:42,80889.990000,0.405400,-0.125619,2026-09-18,298,1.751761,0.503656,80891.620000,80873.400000
29829583,2026-09-18T23:43,80898.040000,0.742500,0.006259,2026-09-18,338,5.656194,0.109721,80904.520000,80884.560000
29829584,2026-09-18T23:44,80884.320000,0.096500,-0.781526,2026-09-18,346,6.377456,0.148063,80912.990000,80876.840000
29829585,2026-09-18T23:45,80880.640000,0.670200,-0.702288,2026-09-18,291,2.010354,0.361125,80892.920000,80880.050000
29829586,2026-09-18T23:46,80872.880000,0.026500,-0.278674,2026-09-18,274,0.906490,0.413210,80892.780000,80866.720000
29829587,2026-09-18T23:47,80890.640000,0.267200,-0.160082,2026-09-18,312,2.060202,0.785635,80890.920000,80868.210000
29829588,2026-09-18T23:48,80882.100000,-0.029600,0.562419,2026-09-18,337,2.343714,0.780395,80890.630000,80860.500000
29829589,2026-09-18T23:49,80899.980000,0.153700,0.566618,2026-09-18,239,0.570691,0.721788,80899.980000,80883.410000
29829590,2026-09-18T23:50,80891.980000,0.030700,0.157230,2026-09-18,277,1.320217,0.076258,80899.970000,80886.540000
29829591,2026-09-18T23:51,80945.330000,0.394800,-0.828985,2026-09-18,315,2.778651,0.757285,80954.130000,80891.970000
29829592,2026-09-18T23:52,80877.510000,0.217100,0.514854,2026-09-18,312,0.892678,0.224357,80948.200000,80875.690000
29829593,2026-09-18T23:53,80899.760000,-0.250300,-0.407621,2026-09-18,248,0.835965,0.306365,80906.870000,80877.510000
29829594,2026-09-18T23:54,80893.490000,0.009200,-0.599586,2026-09-18,268,0.727628,0.204455,80899.750000,80884.030000
29829595,2026-09-18T23:55,80896.920000,-0.220100,-0.542528,2026-09-18,270,0.698406,0.496021,80902.590000,80889.360000
29829596,2026-09-18T23:56,80903.600000,0.015900,-0.005174,2026-09-18,239,3.664218,0.945486,80903.600000,80891.380000
29829597,2026-09-18T23:57,80965.700000,-0.096800,0.890900,2026-09-18,314,3.852798,0.527153,80975.650000,80903.590000
29829598,2026-09-18T23:58,80901.020000,0.421400,0.054307,2026-09-18,438,9.014297,0.288712,80977.760000,80892.350000
29829599,2026-09-18T23:59,80875.040000,0.523400,-0.481427,2026-09-18,393,8.358395,0.335982,80905.260000,80866.150000
