minute_epoch,minute_utc,close,book_imb,ofi,day,trades,volume,buy_share,high,low
29790720,2026-08-23T00:00,77107.510000,0.167000,-0.555556,2026-08-23,521.000000,3.455990,0.642015,77110.660000,77054.430000
29790721,2026-08-23T00:01,77107.390000,0.216900,0.284029,2026-08-23,426.000000,1.189773,0.653888,77114.340000,77102.880000
29790722,2026-08-23T00:02,77119.990000,-0.058700,0.307726,2026-08-23,379.000000,0.264385,0.751462,77121.010000,77102.880000
29790723,2026-08-23T00:03,77129.210000,-0.250500,0.503295,2026-08-23,510.000000,7.970249,0.859495,77138.800000,77100.960000
29790724,2026-08-23T00:04,77124.640000,-0.312500,0.703012,2026-08-23,499.000000,3.870677,0.806756,77131.010000,77107.350000
29790725,2026-08-23T00:05,77131.010000,-0.302700,0.645463,2026-08-23,452.000000,0.647707,0.621432,77131.560000,77103.100000
29790726,2026-08-23T00:06,77120.980000,0.164600,0.241503,2026-08-23,392.000000,0.782222,0.903817,77131.010000,77109.120000
29790727,2026-08-23T00:07,77125.170000,0.312300,0.806994,2026-08-23,372.000000,0.727637,0.655650,77130.770000,77121.960000
29790728,2026-08-23T00:08,77109.710000,0.164400,0.315138,2026-08-23,336.000000,1.629995,0.147450,77125.240000,77109.710000
29790729,2026-08-23T00:09,77083.110000,0.350100,-0.708822,2026-08-23,375.000000,0.996421,0.776992,77109.720000,77081.990000
29790730,2026-08-23T00:10,77064.680000,-0.005000,0.554437,2026-08-23,402.000000,1.487715,0.457873,77083.120000,77055.190000
29790731,2026-08-23T00:11,77047.670000,0.366700,-0.083435,2026-08-23,756.000000,36.475939,0.043823,77092.030000,76888.900000
29790732,2026-08-23T00:12,77068.490000,0.458700,-0.912662,2026-08-23,453.000000,1.648883,0.750310,77068.500000,77038.270000
29790733,2026-08-23T00:13,77068.130000,-0.936800,0.621805,2026-08-23,388.000000,1.400587,0.749788,77068.490000,77035.290000
29790734,2026-08-23T00:14,77064.680000,-0.154400,0.499892,2026-08-23,452.000000,0.802301,0.164796,77079.500000,77061.020000
29790735,2026-08-23T00:15,77041.770000,0.057300,-0.672477,2026-08-23,447.000000,0.620270,0.297275,77061.020000,77039.700000
29790736,2026-08-23T00:16,77047.290000,0.495300,-0.405450,2026-08-23,479.000000,1.164798,0.597975,77060.860000,77037.940000
29790737,2026-08-23T00:17,77064.460000,0.321700,0.196087,2026-08-23,460.000000,0.763764,0.192658,77071.640000,77041.830000
29790738,2026-08-23T00:18,77109.200000,0.517000,-0.617369,2026-08-23,506.000000,2.867240,0.881005,77109.200000,77057.040000
29790739,2026-08-23T00:19,77093.050000,0.190900,0.761890,2026-08-23,471.000000,4.493316,0.890973,77121.970000,77085.220000
29790740,2026-08-23T00:20,77087.610000,-0.604300,0.781117,2026-08-23,525.000000,2.184673,0.735466,77117.130000,77087.600000
29790741,2026-08-23T00:21,77091.430000,0.098700,0.471949,2026-08-23,575.000000,7.764783,0.734013,77113.020000,77076.140000
29790742,2026-08-23T00:22,77083.790000,0.409400,0.460595,2026-08-23,482.000000,0.887194,0.618205,77106.700000,77079.420000
29790743,2026-08-23T00:23,77119.990000,0.574700,0.295181,2026-08-23,448.000000,0.940976,0.386861,77120.000000,77081.730000
29790744,2026-08-23T00:24,77189.990000,-0.567300,-0.225878,2026-08-23,715.000000,19.434691,0.848599,77191.780000,77104.320000
29790745,2026-08-23T00:25,77176.990000,0.294900,0.687719,2026-08-23,448.000000,1.280188,0.362568,77186.100000,77152.710000
29790746,2026-08-23T00:26,77204.500000,0.219900,-0.208417,2026-08-23,543.000000,2.589663,0.846923,77213.670000,77177.000000
29790747,2026-08-23T00:27,77233.290000,-0.135700,0.671805,2026-08-23,694.000000,10.779140,0.965720,77244.000000,77195.990000
29790748,2026-08-23T00:28,77211.960000,0.432300,0.943414,2026-08-23,573.000000,3.297656,0.843291,77249.640000,77195.990000
29790749,2026-08-23T00:29,77213.080000,-0.660900,-0.093230,2026-08-23,460.000000,0.715921,0.571718,77227.270000,77206.640000
29790750,2026-08-23T00:30,77224.080000,0.497800,0.134841,2026-08-23,408.000000,0.977028,0.790125,77224.080000,77209.760000
29790751,2026-08-23T00:31,77224.540000,-0.208400,0.590287,2026-08-23,489.000000,1.192432,0.608003,77250.000000,77224.060000
29790752,2026-08-23T00:32,77237.490000,0.077200,0.273790,2026-08-23,529.000000,2.370643,0.213983,77250.000000,77223.040000
29790753,2026-08-23T00:33,77273.150000,0.298600,-0.639258,2026-08-23,464.000000,1.299813,0.798839,77273.160000,77231.070000
29790754,2026-08-23T00:34,77261.040000,-0.303000,0.597678,2026-08-23,403.000000,1.612512,0.807378,77274.490000,77255.680000
29790755,2026-08-23T00:35,77267.990000,0.272600,0.614756,2026-08-23,451.000000,0.983732,0.728939,77280.330000,77261.030000
29790756,2026-08-23T00:36,77255.580000,0.434000,0.432521,2026-08-23,571.000000,6.892790,0.915725,77271.400000,77233.490000
29790757,2026-08-23T00:37,77284.890000,0.584600,0.817594,2026-08-23,480.000000,2.424703,0.930825,77285.370000,77241.570000
29790758,2026-08-23T00:38,77267.110000,0.446500,0.878917,2026-08-23,815.000000,12.058067,0.841511,77359.600000,77217.480000
29790759,2026-08-23T00:39,77271.490000,0.348600,0.690055,2026-08-23,477.000000,0.957609,0.419754,77288.290000,77251.890000
29790760,2026-08-23T00:40,77231.990000,0.430700,-0.160547,2026-08-23,524.000000,2.859489,0.561940,77305.340000,77219.760000
29790761,2026-08-23T00:41,77232.210000,0.581800,0.123862,2026-08-23,523.000000,1.227898,0.539107,77263.320000,77210.790000
29790762,2026-08-23T00:42,77250.390000,-0.410900,0.107270,2026-08-23,503.000000,3.096614,0.262228,77267.140000,77232.750000
29790763,2026-08-23T00:43,77271.350000,0.498500,-0.208271,2026-08-23,415.000000,1.700302,0.749914,77271.350000,77233.940000
29790764,2026-08-23T00:44,77267.140000,-0.052800,0.227705,2026-08-23,430.000000,1.118055,0.256035,77305.860000,77263.820000
29790765,2026-08-23T00:45,77273.240000,0.081300,-0.675759,2026-08-23,453.000000,1.990713,0.812792,77297.660000,77251.860000
29790766,2026-08-23T00:46,77240.390000,0.123300,0.569148,2026-08-23,412.000000,0.994291,0.770886,77273.240000,77238.840000
29790767,2026-08-23T00:47,77255.670000,0.465100,0.662210,2026-08-23,382.000000,0.366105,0.674413,77255.680000,77238.890000
29790768,2026-08-23T00:48,77263.670000,0.151100,0.246680,2026-08-23,397.000000,1.028225,0.534058,77267.560000,77240.340000
29790769,2026-08-23T00:49,77307.330000,-0.635700,0.098521,2026-08-23,566.000000,4.619061,0.909796,77324.440000,77263.320000
29790770,2026-08-23T00:50,77302.080000,-0.174500,0.819284,2026-08-23,407.000000,2.217974,0.666731,77307.340000,77289.410000
29790771,2026-08-23T00:51,77317.490000,-0.142200,0.335255,2026-08-23,411.000000,4.964354,0.919950,77333.990000,77302.080000
29790772,2026-08-23T00:52,77332.080000,-0.055500,0.839833,2026-08-23,445.000000,1.508114,0.808889,77332.080000,77314.010000
29790773,2026-08-23T00:53,77330.140000,0.620600,0.617060,2026-08-23,425.000000,1.713030,0.828155,77337.430000,77322.730000
29790774,2026-08-23T00:54,77318.600000,0.430300,0.658028,2026-08-23,392.000000,1.010587,0.773286,77337.420000,77316.100000
29790775,2026-08-23T00:55,77328.260000,0.557500,0.546274,2026-08-23,145.000000,1.019842,0.526866,77330.100000,77301.520000
29790776,2026-08-23T00:56,77328.260000,0.557500,0.053733,2026-08-23,,,,,
29790777,2026-08-23T00:57,77328.260000,0.557500,0.000000,2026-08-23,,,,,
29790778,2026-08-23T00:58,77328.260000,0.557500,0.000000,2026-08-23,,,,,
29790779,2026-08-23T00:59,77328.260000,0.557500,0.000000,2026-08-23,,,,,
29790780,2026-08-23T01:00,77328.260000,0.557500,0.000000,2026-08-23,,,,,
29790781,2026-08-23T01:01,77328.260000,0.557500,0.000000,2026-08-23,,,,,
29790782,2026-08-23T01:02,77328.260000,0.557500,0.000000,2026-08-23,,,,,
29790783,2026-08-23T01:03,77328.260000,0.557500,0.000000,2026-08-23,,,,,
29790784,2026-08-23T01:04,77328.260000,0.557500,0.000000,2026-08-23,,,,,
29790785,2026-08-23T01:05,77328.260000,0.557500,0.000000,2026-08-23,,,,,
29790786,2026-08-23T01:06,77328.260000,0.557500,0.000000,2026-08-23,,,,,
29790787,2026-08-23T01:07,77328.260000,0.557500,0.000000,2026-08-23,,,,,
29790788,2026-08-23T01:08,77328.260000,0.557500,0.000000,2026-08-23,,,,,
29790789,2026-08-23T01:09,77328.260000,0.557500,0.000000,2026-08-23,,,,,
29790790,2026-08-23T01:10,77328.260000,0.357800,0.000000,2026-08-23,,,,,
29790791,2026-08-23T01:11,77328.260000,0.357800,0.000000,2026-08-23,,,,,
29790792,2026-08-23T01:12,77328.260000,0.357800,0.000000,2026-08-23,,,,,
29790793,2026-08-23T01:13,77328.260000,0.357800,0.000000,2026-08-23,,,,,
29790794,2026-08-23T01:14,77328.260000,0.357800,0.000000,2026-08-23,,,,,
29790795,2026-08-23T01:15,77328.260000,0.357800,0.000000,2026-08-23,,,,,
29790796,2026-08-23T01:16,77328.260000,0.357800,0.000000,2026-08-23,,,,,
29790797,2026-08-23T01:17,77328.260000,0.357800,0.000000,2026-08-23,,,,,
29790798,2026-08-23T01:18,77328.260000,0.357800,0.000000,2026-08-23,,,,,
29790799,2026-08-23T01:19,77328.260000,0.357800,0.000000,2026-08-23,,,,,
29790800,2026-08-23T01:20,77328.260000,0.357800,0.000000,2026-08-23,,,,,
29790801,2026-08-23T01:21,77328.260000,0.357800,0.000000,2026-08-23,,,,,
29790802,2026-08-23T01:22,77328.260000,0.357800,0.000000,2026-08-23,,,,,
29790803,2026-08-23T01:23,77328.260000,0.357800,0.000000,2026-08-23,,,,,
29790804,2026-08-23T01:24,77328.260000,0.357800,0.000000,2026-08-23,,,,,
29790805,2026-08-23T01:25,77328.260000,0.357800,0.000000,2026-08-23,,,,,
29790806,2026-08-23T01:26,77328.260000,0.357800,0.000000,2026-08-23,,,,,
29790807,2026-08-23T01:27,77328.260000,0.357800,0.000000,2026-08-23,,,,,
29790808,2026-08-23T01:28,77328.260000,0.357800,0.000000,2026-08-23,,,,,
29790809,2026-08-23T01:29,77328.260000,0.357800,0.000000,2026-08-23,,,,,
29790810,2026-08-23T01:30,77328.260000,0.357800,0.000000,2026-08-23,,,,,
29790811,2026-08-23T01:31,77328.260000,0.357800,0.000000,2026-08-23,,,,,
29790812,2026-08-23T01:32,77328.260000,0.357800,0.000000,2026-08-23,,,,,
29790813,2026-08-23T01:33,77328.260000,0.357800,0.000000,2026-08-23,,,,,
29790814,2026-08-23T01:34,77328.260000,0.357800,0.000000,2026-08-23,,,,,
29790815,2026-08-23T01:35,77328.260000,0.357800,0.000000,2026-08-23,,,,,
29790816,2026-08-23T01:36,77328.260000,0.357800,0.000000,2026-08-23,,,,,
29790817,2026-08-23T01:37,77328.260000,0.357800,0.000000,2026-08-23,,,,,
29790818,2026-08-23T01:38,77328.260000,0.357800,0.000000,2026-08-23,,,,,
29790819,2026-08-23T01:39,77328.260000,0.357800,0.000000,2026-08-23,,,,,
29790820,2026-08-23T01:40,77328.260000,0.357800,0.000000,2026-08-23,,,,,
29790821,2026-08-23T01:41,77328.260000,0.357800,0.000000,2026-08-23,,,,,
29790822,2026-08-23T01:42,77328.260000,0.357800,0.000000,2026-08-23,,,,,
29790823,2026-08-23T01:43,77328.260000,0.357800,0.000000,2026-08-23,,,,,
29790824,2026-08-23T01:44,77328.260000,0.357800,0.000000,2026-08-23,,,,,
29790825,2026-08-23T01:45,77328.260000,0.357800,0.000000,2026-08-23,,,,,
29790826,2026-08-23T01:46,77328.260000,0.357800,0.000000,2026-08-23,,,,,
29790827,2026-08-23T01:47,77328.260000,0.357800,0.000000,2026-08-23,,,,,
29790828,2026-08-23T01:48,77328.260000,0.357800,0.000000,2026-08-23,,,,,
29790829,2026-08-23T01:49,77328.260000,0.357800,0.000000,2026-08-23,,,,,
29790830,2026-08-23T01:50,77328.260000,0.357800,0.000000,2026-08-23,,,,,
29790831,2026-08-23T01:51,77328.260000,0.357800,0.000000,2026-08-23,,,,,
29790832,2026-08-23T01:52,77328.260000,0.357800,0.000000,2026-08-23,,,,,
29790833,2026-08-23T01:53,77328.260000,0.357800,0.000000,2026-08-23,,,,,
29790834,2026-08-23T01:54,77328.260000,0.357800,0.000000,2026-08-23,,,,,
29790835,2026-08-23T01:55,77328.260000,0.357800,0.000000,2026-08-23,,,,,
29790836,2026-08-23T01:56,77328.260000,0.357800,0.000000,2026-08-23,,,,,
29790837,2026-08-23T01:57,77328.260000,0.357800,0.000000,2026-08-23,,,,,
29790838,2026-08-23T01:58,77328.260000,0.357800,0.000000,2026-08-23,,,,,
29790839,2026-08-23T01:59,77328.260000,0.357800,0.000000,2026-08-23,,,,,
29790840,2026-08-23T02:00,77328.260000,0.357800,0.000000,2026-08-23,,,,,
29790841,2026-08-23T02:01,77328.260000,0.357800,0.000000,2026-08-23,,,,,
29790842,2026-08-23T02:02,77328.260000,0.357800,0.000000,2026-08-23,,,,,
29790843,2026-08-23T02:03,77328.260000,0.357800,0.000000,2026-08-23,,,,,
29790844,2026-08-23T02:04,77328.260000,0.357800,0.000000,2026-08-23,,,,,
29790845,2026-08-23T02:05,77328.260000,0.357800,0.000000,2026-08-23,,,,,
29790846,2026-08-23T02:06,77106.010000,0.560700,0.000000,2026-08-23,13.000000,0.000025,0.976075,77106.010000,77106.000000
29790847,2026-08-23T02:07,77106.010000,0.560700,0.952149,2026-08-23,,,,,
29790848,2026-08-23T02:08,77106.010000,0.560700,0.000000,2026-08-23,,,,,
29790849,2026-08-23T02:09,77106.010000,0.560700,0.000000,2026-08-23,,,,,
29790850,2026-08-23T02:10,77106.010000,0.560700,0.000000,2026-08-23,,,,,
29790851,2026-08-23T02:11,77106.010000,0.560700,0.000000,2026-08-23,,,,,
29790852,2026-08-23T02:12,77106.010000,0.560700,0.000000,2026-08-23,,,,,
29790853,2026-08-23T02:13,77106.010000,0.560700,0.000000,2026-08-23,,,,,
29790854,2026-08-23T02:14,77106.010000,0.560700,0.000000,2026-08-23,,,,,
29790855,2026-08-23T02:15,77106.010000,0.560700,0.000000,2026-08-23,,,,,
29790856,2026-08-23T02:16,77106.010000,0.560700,0.000000,2026-08-23,,,,,
29790857,2026-08-23T02:17,77106.010000,0.560700,0.000000,2026-08-23,,,,,
29790858,2026-08-23T02:18,77106.010000,0.560700,0.000000,2026-08-23,,,,,
29790859,2026-08-23T02:19,77106.010000,0.560700,0.000000,2026-08-23,,,,,
29790860,2026-08-23T02:20,77106.010000,0.560700,0.000000,2026-08-23,,,,,
29790861,2026-08-23T02:21,77106.010000,0.560700,0.000000,2026-08-23,,,,,
29790862,2026-08-23T02:22,77106.010000,0.599700,0.000000,2026-08-23,,,,,
29790863,2026-08-23T02:23,77028.040000,0.161800,0.000000,2026-08-23,7164.000000,21.801910,0.430354,77127.790000,77028.040000
29790864,2026-08-23T02:24,77028.040000,0.161800,-0.139292,2026-08-23,,,,,
29790865,2026-08-23T02:25,77028.040000,0.161800,0.000000,2026-08-23,,,,,
29790866,2026-08-23T02:26,77028.040000,0.161800,0.000000,2026-08-23,,,,,
29790867,2026-08-23T02:27,77028.040000,0.161800,0.000000,2026-08-23,,,,,
29790868,2026-08-23T02:28,77028.040000,0.161800,0.000000,2026-08-23,,,,,
29790869,2026-08-23T02:29,77028.040000,0.161800,0.000000,2026-08-23,,,,,
29790870,2026-08-23T02:30,77028.040000,0.161800,0.000000,2026-08-23,,,,,
29790871,2026-08-23T02:31,77028.040000,0.125500,0.000000,2026-08-23,,,,,
29790872,2026-08-23T02:32,77028.040000,0.125500,0.000000,2026-08-23,,,,,
29790873,2026-08-23T02:33,77028.040000,0.125500,0.000000,2026-08-23,,,,,
29790874,2026-08-23T02:34,77028.040000,0.125500,0.000000,2026-08-23,,,,,
29790875,2026-08-23T02:35,77028.040000,0.125500,0.000000,2026-08-23,,,,,
29790876,2026-08-23T02:36,77028.040000,0.125500,0.000000,2026-08-23,,,,,
29790877,2026-08-23T02:37,77028.040000,0.125500,0.000000,2026-08-23,,,,,
29790878,2026-08-23T02:38,77028.040000,0.125500,0.000000,2026-08-23,,,,,
29790879,2026-08-23T02:39,77028.040000,0.125500,0.000000,2026-08-23,,,,,
29790880,2026-08-23T02:40,77028.040000,0.125500,0.000000,2026-08-23,,,,,
29790881,2026-08-23T02:41,77028.040000,0.125500,0.000000,2026-08-23,,,,,
29790882,2026-08-23T02:42,77028.040000,0.125500,0.000000,2026-08-23,,,,,
29790883,2026-08-23T02:43,77028.040000,0.125500,0.000000,2026-08-23,,,,,
29790884,2026-08-23T02:44,77028.040000,0.125500,0.000000,2026-08-23,,,,,
29790885,2026-08-23T02:45,77028.040000,0.125500,0.000000,2026-08-23,,,,,
29790886,2026-08-23T02:46,77028.040000,0.125500,0.000000,2026-08-23,,,,,
29790887,2026-08-23T02:47,77028.040000,0.125500,0.000000,2026-08-23,,,,,
29790888,2026-08-23T02:48,77028.040000,0.125500,0.000000,2026-08-23,,,,,
29790889,2026-08-23T02:49,77028.040000,0.125500,0.000000,2026-08-23,,,,,
29790890,2026-08-23T02:50,77028.040000,0.125500,0.000000,2026-08-23,,,,,
29790891,2026-08-23T02:51,77028.040000,0.125500,0.000000,2026-08-23,,,,,
29790892,2026-08-23T02:52,77028.040000,0.125500,0.000000,2026-08-23,,,,,
29790893,2026-08-23T02:53,77028.040000,0.125500,0.000000,2026-08-23,,,,,
29790894,2026-08-23T02:54,77028.040000,0.125500,0.000000,2026-08-23,,,,,
29790895,2026-08-23T02:55,77028.040000,0.125500,0.000000,2026-08-23,,,,,
29790896,2026-08-23T02:56,77058.010000,-0.062400,0.000000,2026-08-23,45.000000,0.001903,0.919796,77058.020000,77058.010000
29790897,2026-08-23T02:57,77058.010000,-0.062400,0.839592,2026-08-23,,,,,
29790898,2026-08-23T02:58,77058.010000,-0.062400,0.000000,2026-08-23,,,,,
29790899,2026-08-23T02:59,77058.010000,-0.062400,0.000000,2026-08-23,,,,,
29790900,2026-08-23T03:00,77058.010000,-0.062400,0.000000,2026-08-23,,,,,
29790901,2026-08-23T03:01,77058.010000,-0.062400,0.000000,2026-08-23,,,,,
29790902,2026-08-23T03:02,77058.010000,-0.062400,0.000000,2026-08-23,,,,,
29790903,2026-08-23T03:03,77058.010000,-0.062400,0.000000,2026-08-23,,,,,
29790904,2026-08-23T03:04,77058.010000,-0.062400,0.000000,2026-08-23,,,,,
29790905,2026-08-23T03:05,77058.010000,-0.062400,0.000000,2026-08-23,,,,,
29790906,2026-08-23T03:06,77058.010000,-0.062400,0.000000,2026-08-23,,,,,
29790907,2026-08-23T03:07,77058.010000,-0.062400,0.000000,2026-08-23,,,,,
29790908,2026-08-23T03:08,77071.120000,0.362600,0.000000,2026-08-23,747.000000,1.840236,0.492498,77080.820000,77052.950000
29790909,2026-08-23T03:09,77007.400000,-0.027000,0.213763,2026-08-23,1379.000000,4.126032,0.649886,77083.780000,77007.380000
29790910,2026-08-23T03:10,77018.830000,0.549100,0.164108,2026-08-23,490.000000,3.047466,0.603960,77018.830000,77000.000000
29790911,2026-08-23T03:11,77013.010000,-0.018100,0.159614,2026-08-23,471.000000,2.886885,0.769603,77026.830000,77007.380000
29790912,2026-08-23T03:12,77015.020000,0.469000,0.609738,2026-08-23,438.000000,1.138120,0.369530,77034.120000,77012.270000
29790913,2026-08-23T03:13,77068.490000,0.686000,-0.205009,2026-08-23,404.000000,1.493356,0.568522,77068.490000,77015.020000
29790914,2026-08-23T03:14,77074.010000,-0.052600,0.105399,2026-08-23,340.000000,0.432546,0.387499,77087.600000,77068.490000
29790915,2026-08-23T03:15,77057.040000,0.545600,-0.225003,2026-08-23,414.000000,0.822876,0.247843,77083.780000,77045.580000
29790916,2026-08-23T03:16,77104.610000,0.449700,-0.502155,2026-08-23,489.000000,1.729902,0.152509,77114.340000,77057.030000
29790917,2026-08-23T03:17,77105.980000,0.498500,-0.689981,2026-08-23,678.000000,5.514330,0.659239,77121.080000,77095.240000
29790918,2026-08-23T03:18,77118.230000,-0.987000,0.316982,2026-08-23,326.000000,1.569586,0.670649,77133.440000,77096.380000
29790919,2026-08-23T03:19,77094.360000,-0.241300,0.343866,2026-08-23,352.000000,1.303735,0.187716,77118.230000,77091.420000
29790920,2026-08-23T03:20,77067.980000,-0.454100,-0.624568,2026-08-23,503.000000,5.773688,0.644402,77094.620000,77057.350000
29790921,2026-08-23T03:21,77041.760000,0.018600,0.289582,2026-08-23,440.000000,0.582010,0.420713,77067.960000,77041.760000
29790922,2026-08-23T03:22,77048.990000,0.574500,-0.284501,2026-08-23,385.000000,0.815850,0.648339,77048.980000,77008.510000
29790923,2026-08-23T03:23,77006.080000,-0.026600,0.459606,2026-08-23,490.000000,1.210099,0.055297,77060.860000,77006.070000
29790924,2026-08-23T03:24,77005.830000,-0.300900,-0.886504,2026-08-23,371.000000,0.741428,0.363022,77020.390000,76994.390000
29790925,2026-08-23T03:25,77018.860000,-0.126200,-0.277160,2026-08-23,454.000000,0.631424,0.489986,77037.450000,77005.830000
29790926,2026-08-23T03:26,77013.240000,0.222500,-0.020029,2026-08-23,375.000000,0.442618,0.154744,77028.140000,77011.200000
29790927,2026-08-23T03:27,76991.740000,0.550500,-0.689180,2026-08-23,443.000000,2.180552,0.075189,77013.240000,76982.350000
29790928,2026-08-23T03:28,76999.740000,0.630300,-0.843405,2026-08-23,216.000000,0.682763,0.160582,76999.740000,76989.750000
29790929,2026-08-23T03:29,76976.830000,0.065000,-0.698008,2026-08-23,388.000000,1.069922,0.180979,76999.740000,76976.820000
29790930,2026-08-23T03:30,76945.120000,0.564200,-0.638029,2026-08-23,318.000000,1.661321,0.240500,76977.830000,76945.120000
29790931,2026-08-23T03:31,76921.490000,0.574700,-0.496030,2026-08-23,1123.000000,0.886310,0.408525,76947.920000,76920.000000
29790932,2026-08-23T03:32,76941.100000,-0.244000,-0.217857,2026-08-23,1106.000000,1.498185,0.476456,76959.590000,76920.000000
29790933,2026-08-23T03:33,76892.080000,-0.377200,0.020971,2026-08-23,1170.000000,3.887047,0.182350,76950.090000,76892.080000
29790934,2026-08-23T03:34,76938.610000,-0.200100,-0.581842,2026-08-23,1148.000000,1.785079,0.568792,76938.620000,76892.090000
29790935,2026-08-23T03:35,76937.990000,0.420500,0.008055,2026-08-23,2026.000000,0.484897,0.470626,76950.080000,76927.500000
29790936,2026-08-23T03:36,76942.450000,0.590800,-0.047587,2026-08-23,1911.000000,2.811015,0.627358,76980.630000,76927.500000
29790937,2026-08-23T03:37,76946.050000,0.277400,0.252695,2026-08-23,1718.000000,0.207782,0.513408,76949.700000,76940.990000
29790938,2026-08-23T03:38,76957.730000,0.691400,0.563217,2026-08-23,2042.000000,1.137935,0.612173,76973.800000,76946.050000
29790939,2026-08-23T03:39,76914.580000,0.739500,-0.002166,2026-08-23,1400.000000,0.926922,0.392467,76961.990000,76911.880000
29790940,2026-08-23T03:40,76884.880000,0.338700,-0.214272,2026-08-23,2091.000000,3.611396,0.146818,76918.490000,76875.380000
29790941,2026-08-23T03:41,76889.580000,-0.005400,-0.707247,2026-08-23,1990.000000,0.622428,0.276699,76899.530000,76881.170000
29790942,2026-08-23T03:42,76861.200000,0.286300,-0.446602,2026-08-23,2002.000000,1.026264,0.560474,76889.590000,76860.930000
29790943,2026-08-23T03:43,76847.640000,-0.110400,0.120949,2026-08-23,1654.000000,0.398264,0.677191,76864.640000,76846.090000
29790944,2026-08-23T03:44,76839.300000,0.421000,0.442043,2026-08-23,2009.000000,1.502755,0.468747,76847.640000,76824.020000
29790945,2026-08-23T03:45,76900.330000,0.069400,-0.087898,2026-08-23,1999.000000,5.074220,0.917907,76908.960000,76839.310000
29790946,2026-08-23T03:46,76929.070000,0.142400,0.835378,2026-08-23,1615.000000,0.447731,0.398371,76930.970000,76893.130000
29790947,2026-08-23T03:47,76921.890000,-0.264400,-0.179034,2026-08-23,2031.000000,0.974395,0.398865,76942.440000,76919.520000
29790948,2026-08-23T03:48,76948.010000,-0.275700,-0.214276,2026-08-23,2208.000000,6.567068,0.940923,76962.330000,76904.240000
29790949,2026-08-23T03:49,76973.580000,0.302200,0.882100,2026-08-23,2061.000000,1.590626,0.539676,76981.490000,76948.010000
29790950,2026-08-23T03:50,76942.450000,0.685300,0.097317,2026-08-23,1720.000000,1.793350,0.210316,76973.590000,76938.620000
29790951,2026-08-23T03:51,76924.770000,0.672600,-0.608167,2026-08-23,2352.000000,0.938271,0.138950,76956.700000,76922.640000
29790952,2026-08-23T03:52,76931.890000,-0.690300,-0.751904,2026-08-23,2037.000000,0.326950,0.396909,76936.630000,76924.730000
29790953,2026-08-23T03:53,76945.460000,0.823600,0.238165,2026-08-23,2081.000000,3.592392,0.692668,76950.080000,76922.130000
29790954,2026-08-23T03:54,76945.460000,-0.515600,0.385336,2026-08-23,2034.000000,0.843183,0.288714,76966.470000,76945.450000
29790955,2026-08-23T03:55,76932.050000,0.625600,-0.422572,2026-08-23,2069.000000,1.746364,0.536148,76945.460000,76927.610000
29790956,2026-08-23T03:56,76932.170000,0.209200,0.072363,2026-08-23,2096.000000,1.900561,0.813769,76948.880000,76899.010000
29790957,2026-08-23T03:57,76923.350000,0.157200,0.636197,2026-08-23,2085.000000,1.156438,0.773072,76934.790000,76912.550000
29790958,2026-08-23T03:58,76924.290000,0.436200,0.529177,2026-08-23,2080.000000,2.069248,0.733670,76925.580000,76905.560000
29790959,2026-08-23T03:59,76914.730000,0.048500,0.586362,2026-08-23,2023.000000,1.465972,0.470127,76927.210000,76907.580000
29790960,2026-08-23T04:00,76888.960000,0.274300,-0.793973,2026-08-23,2026.000000,0.394393,0.332326,76914.730000,76888.960000
29790961,2026-08-23T04:01,76919.490000,0.584400,-0.716908,2026-08-23,1951.000000,5.645272,0.730484,76923.010000,76877.500000
29790962,2026-08-23T04:02,76884.420000,-0.526100,0.630199,2026-08-23,2191.000000,1.631045,0.707663,76942.480000,76884.400000
29790963,2026-08-23T04:03,76879.490000,0.844300,0.291584,2026-08-23,2229.000000,5.424495,0.667169,76885.960000,76862.220000
29790964,2026-08-23T04:04,76835.210000,0.017400,0.340427,2026-08-23,1962.000000,3.674241,0.196350,76892.190000,76829.790000
29790965,2026-08-23T04:05,76874.710000,0.453000,-0.607392,2026-08-23,1973.000000,3.088273,0.932980,76875.700000,76833.590000
29790966,2026-08-23T04:06,76889.360000,0.284300,0.866329,2026-08-23,2099.000000,1.917532,0.173307,76929.000000,76866.070000
29790967,2026-08-23T04:07,76854.580000,-0.034500,-0.653583,2026-08-23,1854.000000,0.553902,0.388223,76889.370000,76848.030000
29790968,2026-08-23T04:08,76768.230000,0.433000,-0.221441,2026-08-23,2561.000000,45.355831,0.281910,76854.590000,76681.990000
29790969,2026-08-23T04:09,76808.740000,-0.160000,-0.436044,2026-08-23,1760.000000,1.988478,0.796964,76825.350000,76749.750000
29790970,2026-08-23T04:10,76843.710000,0.068500,0.593036,2026-08-23,2123.000000,1.259298,0.531251,76851.100000,76808.740000
29790971,2026-08-23T04:11,76836.740000,-0.020500,0.062141,2026-08-23,2104.000000,1.024493,0.298747,76858.400000,76831.660000
29790972,2026-08-23T04:12,76858.400000,-0.266000,-0.292297,2026-08-23,2075.000000,1.117289,0.906279,76866.100000,76832.860000
29790973,2026-08-23T04:13,76948.490000,-0.476300,0.688975,2026-08-23,2185.000000,1.699932,0.528535,76948.490000,76842.930000
29790974,2026-08-23T04:14,76989.460000,0.390600,0.109891,2026-08-23,2281.000000,7.308773,0.400130,77017.490000,76948.480000
29790975,2026-08-23T04:15,76980.640000,-0.306400,-0.183507,2026-08-23,2221.000000,2.486310,0.125890,77028.040000,76980.640000
29790976,2026-08-23T04:16,76970.960000,-0.369500,-0.836262,2026-08-23,2164.000000,1.673976,0.238630,76980.650000,76944.340000
29790977,2026-08-23T04:17,76920.120000,-0.360900,-0.486792,2026-08-23,2121.000000,0.836261,0.505099,76994.690000,76920.040000
29790978,2026-08-23T04:18,76891.930000,0.245400,-0.040089,2026-08-23,2090.000000,0.960082,0.537824,76934.800000,76883.770000
29790979,2026-08-23T04:19,76810.510000,-0.219400,0.075648,2026-08-23,2188.000000,1.834472,0.343658,76893.470000,76805.990000
29790980,2026-08-23T04:20,76789.640000,-0.153800,-0.312810,2026-08-23,2206.000000,2.150979,0.337037,76839.300000,76788.380000
29790981,2026-08-23T04:21,76816.170000,0.091800,-0.325785,2026-08-23,1878.000000,1.367280,0.746418,76839.290000,76788.380000
29790982,2026-08-23T04:22,76878.490000,-0.180500,0.492819,2026-08-23,2107.000000,1.103043,0.301315,76883.990000,76816.170000
29790983,2026-08-23T04:23,76869.860000,-0.570700,-0.434570,2026-08-23,2133.000000,1.255363,0.080245,76893.160000,76866.040000
29790984,2026-08-23T04:24,76894.490000,-0.214000,-0.829670,2026-08-23,1047.000000,0.602500,0.743792,76895.770000,76863.960000
29790985,2026-08-23T04:25,76908.740000,-0.362600,0.486209,2026-08-23,945.000000,2.102078,0.259580,76930.340000,76894.490000
29790986,2026-08-23T04:26,76945.040000,-0.075600,-0.469675,2026-08-23,861.000000,1.151871,0.814004,76945.410000,76908.730000
29790987,2026-08-23T04:27,76927.170000,0.195900,0.622752,2026-08-23,878.000000,0.819468,0.253923,76957.450000,76927.160000
29790988,2026-08-23T04:28,76961.540000,-0.260500,-0.419864,2026-08-23,883.000000,0.940519,0.405786,76986.380000,76927.160000
29790989,2026-08-23T04:29,76952.710000,-0.457900,-0.241339,2026-08-23,862.000000,0.319294,0.815376,76961.540000,76950.790000
29790990,2026-08-23T04:30,76919.520000,-0.259700,0.629362,2026-08-23,943.000000,1.370087,0.522538,76966.690000,76919.520000
29790991,2026-08-23T04:31,76907.990000,0.168000,0.048710,2026-08-23,888.000000,0.995750,0.887990,76919.530000,76887.020000
29790992,2026-08-23T04:32,76879.290000,-0.216000,0.775564,2026-08-23,868.000000,0.599974,0.520533,76908.750000,76869.870000
29790993,2026-08-23T04:33,76876.990000,0.036100,0.037370,2026-08-23,807.000000,0.711923,0.290857,76888.290000,76873.680000
29790994,2026-08-23T04:34,76861.420000,-0.449700,-0.439873,2026-08-23,954.000000,3.550376,0.433059,76873.690000,76827.840000
29790995,2026-08-23T04:35,76820.210000,-0.417000,-0.111675,2026-08-23,885.000000,1.357268,0.434261,76869.860000,76815.360000
29790996,2026-08-23T04:36,76839.390000,-0.275600,-0.174104,2026-08-23,726.000000,1.069454,0.627311,76846.930000,76807.020000
29790997,2026-08-23T04:37,76845.210000,-0.432700,0.254443,2026-08-23,849.000000,1.194792,0.744303,76845.220000,76820.200000
29790998,2026-08-23T04:38,76839.330000,0.224600,0.488716,2026-08-23,855.000000,1.678773,0.764377,76863.830000,76839.310000
29790999,2026-08-23T04:39,76845.020000,-0.065700,0.528870,2026-08-23,805.000000,0.279273,0.291831,76854.000000,76831.660000
29791000,2026-08-23T04:40,76880.020000,-0.620700,-0.399906,2026-08-23,858.000000,0.605087,0.467837,76880.430000,76839.300000
29791001,2026-08-23T04:41,76857.610000,0.649900,-0.066386,2026-08-23,1017.000000,3.516835,0.733910,76902.940000,76831.670000
29791002,2026-08-23T04:42,76831.670000,-0.178000,0.468812,2026-08-23,909.000000,1.789700,0.067194,76872.820000,76831.660000
29791003,2026-08-23T04:43,76813.490000,0.159300,-0.873241,2026-08-23,892.000000,0.812831,0.633509,76831.670000,76812.620000
29791004,2026-08-23T04:44,76811.990000,0.175900,0.266190,2026-08-23,916.000000,0.713004,0.762797,76813.500000,76801.100000
29791005,2026-08-23T04:45,76739.990000,0.343800,0.518590,2026-08-23,1092.000000,4.209981,0.144274,76816.380000,76720.880000
29791006,2026-08-23T04:46,76733.990000,-0.150200,-0.655477,2026-08-23,995.000000,4.057700,0.194030,76740.000000,76651.190000
29791007,2026-08-23T04:47,76702.510000,-0.363400,-0.670328,2026-08-23,968.000000,6.302733,0.737370,76767.440000,76694.580000
29791008,2026-08-23T04:48,76576.950000,0.220000,0.476019,2026-08-23,1276.000000,6.758465,0.191245,76717.060000,76576.940000
29791009,2026-08-23T04:49,76621.570000,-0.785900,-0.639525,2026-08-23,901.000000,3.828375,0.128954,76681.750000,76560.440000
29791010,2026-08-23T04:50,76678.860000,-0.187400,-0.707156,2026-08-23,1094.000000,10.882632,0.399384,76728.520000,76617.750000
29791011,2026-08-23T04:51,76686.510000,-0.397200,-0.201734,2026-08-23,1045.000000,2.084997,0.439345,76750.500000,76663.580000
29791012,2026-08-23T04:52,76665.010000,-0.383100,-0.157023,2026-08-23,978.000000,4.009705,0.144279,76686.510000,76654.860000
29791013,2026-08-23T04:53,76705.260000,-0.248600,-0.707408,2026-08-23,1042.000000,1.656130,0.341422,76719.630000,76671.210000
29791014,2026-08-23T04:54,76678.860000,-0.272700,-0.316912,2026-08-23,899.000000,0.586227,0.598094,76712.230000,76664.550000
29791015,2026-08-23T04:55,76656.330000,0.089400,0.196142,2026-08-23,938.000000,1.722522,0.423716,76693.490000,76645.870000
29791016,2026-08-23T04:56,76627.860000,-0.369100,-0.152434,2026-08-23,850.000000,0.577576,0.378892,76656.330000,76625.390000
29791017,2026-08-23T04:57,76579.540000,-0.108600,-0.242089,2026-08-23,903.000000,0.652988,0.322190,76625.390000,76576.730000
29791018,2026-08-23T04:58,76580.670000,0.458600,-0.356290,2026-08-23,943.000000,3.494987,0.132383,76610.100000,76568.050000
29791019,2026-08-23T04:59,76599.430000,-0.316500,-0.657002,2026-08-23,1722.000000,36.281166,0.241372,76667.400000,76477.500000
29791020,2026-08-23T05:00,76675.080000,-0.069700,-0.525962,2026-08-23,1247.000000,5.035894,0.566156,76724.700000,76560.440000
29791021,2026-08-23T05:01,76630.520000,-0.246800,0.137126,2026-08-23,1087.000000,2.379794,0.266441,76708.840000,76629.200000
29791022,2026-08-23T05:02,76520.290000,0.309900,-0.440210,2026-08-23,1110.000000,7.306384,0.674701,76641.690000,76480.230000
29791023,2026-08-23T05:03,76521.010000,0.537400,0.357069,2026-08-23,1096.000000,3.825834,0.366179,76537.880000,76473.950000
29791024,2026-08-23T05:04,76562.040000,-0.260700,-0.298724,2026-08-23,1321.000000,11.213388,0.600479,76610.100000,76495.500000
29791025,2026-08-23T05:05,76533.850000,-0.788300,0.201216,2026-08-23,1114.000000,7.696663,0.872114,76635.010000,76533.700000
29791026,2026-08-23T05:06,76528.710000,0.055800,0.744224,2026-08-23,908.000000,2.466843,0.419303,76547.850000,76471.710000
29791027,2026-08-23T05:07,76481.760000,0.161500,-0.161395,2026-08-23,1168.000000,9.427634,0.222453,76587.570000,76473.400000
29791028,2026-08-23T05:08,76359.920000,0.303900,-0.555093,2026-08-23,1787.000000,16.441514,0.418261,76498.610000,76277.760000
29791029,2026-08-23T05:09,76286.010000,-0.064700,-0.163976,2026-08-23,1635.000000,25.793432,0.246160,76415.280000,76206.180000
29791030,2026-08-23T05:10,76358.510000,0.163600,-0.507499,2026-08-23,1084.000000,7.913861,0.406518,76415.280000,76276.510000
29791031,2026-08-23T05:11,76373.240000,0.205700,-0.186952,2026-08-23,1102.000000,2.114599,0.584864,76374.780000,76300.000000
29791032,2026-08-23T05:12,76371.140000,0.259700,0.152428,2026-08-23,974.000000,2.201635,0.495439,76375.470000,76333.810000
29791033,2026-08-23T05:13,76279.740000,-0.011600,0.005672,2026-08-23,1025.000000,2.123044,0.293943,76409.580000,76278.080000
29791034,2026-08-23T05:14,75865.210000,-0.566900,-0.441257,2026-08-23,2800.000000,64.479794,0.319938,76283.150000,75800.000000
29791035,2026-08-23T05:15,76000.210000,0.638800,-0.325436,2026-08-23,1232.000000,21.452470,0.529928,76064.470000,75873.850000
29791036,2026-08-23T05:16,75838.980000,-0.037500,0.036086,2026-08-23,1262.000000,16.182780,0.747414,76033.280000,75828.130000
29791037,2026-08-23T05:17,75726.010000,-0.930900,0.456653,2026-08-23,2203.000000,53.613562,0.480421,75852.510000,75538.120000
29791038,2026-08-23T05:18,75971.080000,0.085700,-0.036001,2026-08-23,1590.000000,29.349396,0.725898,75987.440000,75673.210000
29791039,2026-08-23T05:19,76034.790000,0.052900,0.422430,2026-08-23,1534.000000,9.197745,0.623363,76035.260000,75937.500000
29791040,2026-08-23T05:20,76128.010000,0.005100,0.371466,2026-08-23,1550.000000,8.730949,0.803090,76147.680000,76002.720000
29791041,2026-08-23T05:21,76140.330000,0.089100,0.590914,2026-08-23,1460.000000,5.396639,0.694256,76189.900000,76067.660000
29791042,2026-08-23T05:22,76160.100000,-0.270900,0.257572,2026-08-23,1151.000000,7.406068,0.774097,76189.890000,76109.680000
29791043,2026-08-23T05:23,76180.890000,0.165900,0.701064,2026-08-23,1397.000000,10.001810,0.317386,76184.630000,76130.940000
29791044,2026-08-23T05:24,76269.200000,-0.431200,-0.362787,2026-08-23,1395.000000,6.402855,0.830254,76279.490000,76180.880000
29791045,2026-08-23T05:25,76252.920000,-0.155400,0.644201,2026-08-23,1918.000000,6.060217,0.823658,76313.880000,76251.020000
29791046,2026-08-23T05:26,76192.150000,0.165300,0.666046,2026-08-23,1107.000000,3.650894,0.280528,76270.880000,76174.630000
29791047,2026-08-23T05:27,76249.490000,-0.004300,-0.438773,2026-08-23,1252.000000,10.424170,0.654493,76281.580000,76189.850000
29791048,2026-08-23T05:28,76254.850000,-0.346700,0.308987,2026-08-23,1301.000000,1.986752,0.740901,76300.500000,76249.490000
29791049,2026-08-23T05:29,76216.620000,-0.157400,0.496605,2026-08-23,999.000000,2.352063,0.385790,76270.120000,76198.500000
29791050,2026-08-23T05:30,76220.460000,-0.207900,-0.285612,2026-08-23,1182.000000,3.939564,0.361011,76328.780000,76209.000000
29791051,2026-08-23T05:31,76209.010000,0.125400,-0.263990,2026-08-23,1129.000000,3.533213,0.218052,76238.990000,76187.350000
29791052,2026-08-23T05:32,76277.960000,-0.663500,-0.563880,2026-08-23,1335.000000,6.687132,0.703724,76308.320000,76201.360000
29791053,2026-08-23T05:33,76285.420000,-0.059800,0.407517,2026-08-23,929.000000,25.303311,0.217402,76289.220000,76209.020000
29791054,2026-08-23T05:34,76237.640000,0.057200,-0.565241,2026-08-23,996.000000,7.764996,0.880711,76287.940000,76223.500000
29791055,2026-08-23T05:35,76291.460000,0.090400,0.761464,2026-08-23,1081.000000,4.590571,0.698646,76302.010000,76216.930000
29791056,2026-08-23T05:36,76201.360000,0.195300,0.367284,2026-08-23,938.000000,2.517373,0.072771,76291.460000,76193.580000
29791057,2026-08-23T05:37,76220.460000,-0.031000,-0.848390,2026-08-23,892.000000,0.334723,0.690231,76253.250000,76195.660000
29791058,2026-08-23T05:38,76206.270000,0.000300,0.381046,2026-08-23,873.000000,0.898230,0.283810,76242.870000,76196.670000
29791059,2026-08-23T05:39,76223.350000,0.415600,-0.433093,2026-08-23,694.000000,1.374574,0.565105,76223.350000,76174.620000
29791060,2026-08-23T05:40,76193.380000,0.086500,0.135413,2026-08-23,920.000000,11.505396,0.121968,76262.480000,76156.820000
29791061,2026-08-23T05:41,76220.460000,0.083600,-0.757498,2026-08-23,1187.000000,10.407959,0.557259,76255.490000,76179.470000
29791062,2026-08-23T05:42,76158.020000,-0.811100,0.115665,2026-08-23,1220.000000,25.585259,0.470938,76249.490000,76151.700000
29791063,2026-08-23T05:43,76131.290000,-0.711200,-0.058264,2026-08-23,905.000000,2.024658,0.392311,76156.270000,76127.090000
29791064,2026-08-23T05:44,76155.610000,-0.852000,-0.213716,2026-08-23,880.000000,1.956879,0.491279,76159.340000,76090.580000
29791065,2026-08-23T05:45,76151.700000,-0.366300,-0.016889,2026-08-23,1097.000000,17.857005,0.747721,76197.540000,76128.780000
29791066,2026-08-23T05:46,76159.350000,-0.503400,0.495398,2026-08-23,977.000000,2.245579,0.550513,76179.000000,76129.780000
29791067,2026-08-23T05:47,76126.110000,0.232400,0.101003,2026-08-23,1018.000000,1.372402,0.226353,76159.350000,76094.400000
29791068,2026-08-23T05:48,76144.070000,-0.273300,-0.546061,2026-08-23,971.000000,1.813994,0.259397,76159.350000,76118.790000
29791069,2026-08-23T05:49,76163.170000,0.089300,-0.428187,2026-08-23,1003.000000,1.823291,0.105094,76187.570000,76144.070000
29791070,2026-08-23T05:50,76166.920000,-0.098800,-0.859804,2026-08-23,937.000000,0.965641,0.401797,76237.510000,76155.520000
29791071,2026-08-23T05:51,76069.510000,-0.091400,-0.196406,2026-08-23,1000.000000,2.572239,0.178491,76194.460000,76057.780000
29791072,2026-08-23T05:52,76089.010000,-0.025800,-0.627375,2026-08-23,956.000000,4.456193,0.209132,76089.010000,76009.410000
29791073,2026-08-23T05:53,76102.040000,0.249700,-0.590495,2026-08-23,963.000000,4.995819,0.269060,76120.050000,76074.800000
29791074,2026-08-23T05:54,76138.330000,0.238200,-0.461933,2026-08-23,885.000000,0.725632,0.191068,76138.510000,76094.400000
29791075,2026-08-23T05:55,76122.930000,0.081300,-0.617853,2026-08-23,1012.000000,1.869826,0.181677,76170.800000,76094.600000
29791076,2026-08-23T05:56,76115.990000,0.372000,-0.635998,2026-08-23,864.000000,2.052590,0.178757,76123.810000,76102.500000
29791077,2026-08-23T05:57,76121.140000,-0.857600,-0.643081,2026-08-23,903.000000,2.127579,0.227926,76132.000000,76102.040000
29791078,2026-08-23T05:58,76098.240000,0.342900,-0.544161,2026-08-23,851.000000,0.645906,0.219986,76118.300000,76094.530000
29791079,2026-08-23T05:59,76048.570000,-0.299100,-0.506966,2026-08-23,965.000000,4.049010,0.609874,76106.410000,76048.560000
29791080,2026-08-23T06:00,76067.330000,0.534100,0.215355,2026-08-23,942.000000,3.352549,0.880751,76102.040000,76042.140000
29791081,2026-08-23T06:01,76034.710000,0.452000,0.689827,2026-08-23,805.000000,10.222234,0.123605,76067.340000,75972.530000
29791082,2026-08-23T06:02,76082.930000,0.550300,-0.749303,2026-08-23,972.000000,6.727835,0.699357,76086.760000,76006.540000
29791083,2026-08-23T06:03,76056.210000,0.097900,0.399084,2026-08-23,1043.000000,8.860179,0.127434,76097.990000,76029.870000
29791084,2026-08-23T06:04,76098.210000,0.061300,-0.745939,2026-08-23,914.000000,2.571529,0.673554,76109.680000,76032.360000
29791085,2026-08-23T06:05,76084.400000,-0.587100,0.307065,2026-08-23,943.000000,0.892461,0.175926,76124.960000,76074.010000
29791086,2026-08-23T06:06,76042.490000,-0.493800,-0.638735,2026-08-23,1037.000000,3.145438,0.306362,76084.300000,75986.680000
29791087,2026-08-23T06:07,75984.010000,-0.218600,-0.376474,2026-08-23,938.000000,0.979941,0.304963,76060.760000,75976.290000
29791088,2026-08-23T06:08,75926.330000,-0.404300,-0.389532,2026-08-23,1178.000000,9.660469,0.279458,75984.010000,75869.020000
29791089,2026-08-23T06:09,75906.040000,-0.203600,-0.440706,2026-08-23,1017.000000,6.813907,0.571479,75933.960000,75888.120000
29791090,2026-08-23T06:10,75945.420000,0.217700,0.142643,2026-08-23,1143.000000,5.281429,0.673906,75945.420000,75893.540000
29791091,2026-08-23T06:11,75909.010000,-0.017600,0.351530,2026-08-23,1139.000000,5.401856,0.310328,75986.600000,75904.130000
29791092,2026-08-23T06:12,75953.700000,0.208600,-0.386951,2026-08-23,920.000000,3.461010,0.925289,75969.010000,75909.000000
29791093,2026-08-23T06:13,76035.080000,0.340500,0.856241,2026-08-23,1035.000000,2.067090,0.885592,76040.920000,75945.420000
29791094,2026-08-23T06:14,76067.670000,-0.808900,0.754974,2026-08-23,1202.000000,5.548085,0.663974,76140.240000,76040.910000
29791095,2026-08-23T06:15,76130.860000,-0.608900,0.301913,2026-08-23,1132.000000,2.384812,0.488203,76168.500000,76060.030000
29791096,2026-08-23T06:16,76124.960000,-0.138100,0.011060,2026-08-23,1040.000000,1.465131,0.429813,76178.610000,76121.140000
29791097,2026-08-23T06:17,76174.290000,-0.205300,-0.123005,2026-08-23,1006.000000,3.635154,0.463810,76177.510000,76109.680000
29791098,2026-08-23T06:18,76186.080000,0.458100,-0.048427,2026-08-23,929.000000,2.017287,0.756348,76186.080000,76136.420000
29791099,2026-08-23T06:19,76273.490000,-0.091800,0.439553,2026-08-23,1048.000000,5.211230,0.590727,76273.500000,76174.630000
29791100,2026-08-23T06:20,76281.580000,0.422500,0.171911,2026-08-23,1078.000000,2.244312,0.575398,76290.010000,76256.760000
29791101,2026-08-23T06:21,76231.920000,-0.277900,0.211634,2026-08-23,984.000000,3.676721,0.229696,76281.580000,76171.830000
29791102,2026-08-23T06:22,76239.550000,-0.186200,-0.531770,2026-08-23,1111.000000,6.954655,0.099740,76281.580000,76197.540000
29791103,2026-08-23T06:23,76281.830000,-0.613700,-0.806326,2026-08-23,873.000000,0.824594,0.577523,76288.490000,76239.550000
29791104,2026-08-23T06:24,76261.390000,0.309900,0.155194,2026-08-23,874.000000,0.656327,0.371363,76281.830000,76243.900000
29791105,2026-08-23T06:25,76234.110000,0.181300,-0.273293,2026-08-23,961.000000,2.590515,0.249983,76261.400000,76212.820000
29791106,2026-08-23T06:26,76218.010000,-0.358600,-0.526589,2026-08-23,871.000000,0.775366,0.062828,76258.540000,76218.000000
29791107,2026-08-23T06:27,76181.800000,-0.169200,-0.840795,2026-08-23,813.000000,1.331900,0.330289,76218.010000,76174.620000
29791108,2026-08-23T06:28,76178.450000,-0.479100,-0.283745,2026-08-23,914.000000,2.273376,0.480836,76208.470000,76160.000000
29791109,2026-08-23T06:29,76219.510000,0.175000,-0.065499,2026-08-23,924.000000,1.195989,0.402515,76220.460000,76166.980000
29791110,2026-08-23T06:30,76293.670000,-0.992100,-0.194859,2026-08-23,1032.000000,6.413935,0.734667,76319.450000,76219.500000
29791111,2026-08-23T06:31,76319.170000,-0.189400,0.489088,2026-08-23,997.000000,3.899938,0.789671,76335.060000,76285.410000
29791112,2026-08-23T06:32,76318.510000,-0.115600,0.601441,2026-08-23,944.000000,2.913038,0.544680,76338.880000,76314.950000
29791113,2026-08-23T06:33,76334.400000,-0.488300,-0.083241,2026-08-23,963.000000,4.833934,0.756407,76357.980000,76313.660000
29791114,2026-08-23T06:34,76323.610000,-0.625500,0.512815,2026-08-23,849.000000,0.783108,0.269032,76338.880000,76322.650000
29791115,2026-08-23T06:35,76293.040000,-0.585200,-0.522960,2026-08-23,981.000000,2.775406,0.588919,76340.990000,76293.040000
29791116,2026-08-23T06:36,76272.200000,-0.124800,0.220464,2026-08-23,936.000000,1.232567,0.392962,76303.810000,76243.380000
29791117,2026-08-23T06:37,76237.680000,-0.348200,-0.212001,2026-08-23,800.000000,1.779133,0.693592,76272.200000,76237.880000
29791118,2026-08-23T06:38,76220.790000,-0.112900,0.386990,2026-08-23,867.000000,1.096172,0.231365,76237.890000,76220.460000
29791119,2026-08-23T06:39,76228.100000,-0.431300,-0.537193,2026-08-23,900.000000,3.288329,0.256804,76233.440000,76161.980000
29791120,2026-08-23T06:40,76256.790000,0.363600,-0.486381,2026-08-23,831.000000,0.928761,0.232497,76256.800000,76228.090000
29791121,2026-08-23T06:41,76262.490000,0.495000,-0.535013,2026-08-23,856.000000,0.273674,0.216160,76284.240000,76256.790000
29791122,2026-08-23T06:42,76262.490000,0.027200,-0.604726,2026-08-23,817.000000,0.475184,0.298814,76281.580000,76262.480000
29791123,2026-08-23T06:43,76231.920000,-0.428400,-0.368254,2026-08-23,813.000000,0.793376,0.503858,76267.510000,76231.920000
29791124,2026-08-23T06:44,76249.980000,0.238400,0.007715,2026-08-23,1052.000000,2.682673,0.873852,76266.300000,76230.770000
29791125,2026-08-23T06:45,76201.360000,-0.231900,0.747701,2026-08-23,883.000000,0.730665,0.489782,76258.660000,76201.360000
29791126,2026-08-23T06:46,76265.240000,-0.057000,-0.020431,2026-08-23,999.000000,4.993163,0.461117,76267.720000,76193.730000
29791127,2026-08-23T06:47,76231.960000,0.165600,-0.079002,2026-08-23,872.000000,0.389704,0.293630,76266.460000,76231.960000
29791128,2026-08-23T06:48,76204.880000,0.795900,-0.403194,2026-08-23,877.000000,3.739594,0.056305,76238.990000,76200.830000
29791129,2026-08-23T06:49,76182.390000,0.019000,-0.887383,2026-08-23,945.000000,10.801134,0.070564,76204.880000,76182.380000
29791130,2026-08-23T06:50,76212.010000,0.323400,-0.858868,2026-08-23,830.000000,0.788517,0.547916,76215.170000,76163.170000
29791131,2026-08-23T06:51,76174.620000,-0.440200,0.252468,2026-08-23,858.000000,0.623312,0.518935,76217.450000,76174.620000
29791132,2026-08-23T06:52,76186.080000,-0.040800,-0.309149,2026-08-23,815.000000,1.118029,0.788219,76197.540000,76174.620000
29791133,2026-08-23T06:53,76159.240000,-0.132500,0.576439,2026-08-23,824.000000,0.963423,0.463580,76186.240000,76150.470000
29791134,2026-08-23T06:54,76136.740000,0.731800,-0.118676,2026-08-23,823.000000,0.531778,0.188149,76160.300000,76128.780000
29791135,2026-08-23T06:55,76117.330000,-0.512300,-0.581077,2026-08-23,831.000000,0.645231,0.549939,76160.850000,76117.320000
29791136,2026-08-23T06:56,76091.110000,0.353300,0.140943,2026-08-23,840.000000,0.563125,0.295604,76122.040000,76082.940000
29791137,2026-08-23T06:57,76094.400000,0.156800,-0.509050,2026-08-23,777.000000,0.431709,0.648774,76120.170000,76091.100000
29791138,2026-08-23T06:58,76037.080000,0.195700,0.297922,2026-08-23,1383.000000,18.020829,0.320413,76095.070000,76008.900000
29791139,2026-08-23T06:59,76090.820000,0.409900,-0.359203,2026-08-23,954.000000,1.246202,0.551728,76094.400000,76038.630000
29791140,2026-08-23T07:00,76044.740000,0.261700,0.103456,2026-08-23,837.000000,1.038376,0.499278,76094.410000,76044.740000
29791141,2026-08-23T07:01,76080.680000,-0.024500,-0.001443,2026-08-23,897.000000,0.554867,0.582920,76080.690000,76025.630000
29791142,2026-08-23T07:02,76040.150000,0.627100,0.165839,2026-08-23,1174.000000,11.175826,0.266130,76098.220000,76028.730000
29791143,2026-08-23T07:03,76049.670000,0.237200,-0.416229,2026-08-23,939.000000,1.347262,0.767039,76076.570000,76010.960000
29791144,2026-08-23T07:04,76113.490000,0.607400,0.395193,2026-08-23,960.000000,1.809527,0.873603,76113.500000,76040.920000
29791145,2026-08-23T07:05,76182.260000,0.223200,0.733068,2026-08-23,1042.000000,1.455377,0.801438,76199.990000,76113.480000
29791146,2026-08-23T07:06,76229.520000,-0.113500,0.603359,2026-08-23,875.000000,1.043009,0.849815,76230.010000,76182.260000
29791147,2026-08-23T07:07,76242.990000,0.032100,0.699091,2026-08-23,957.000000,2.074919,0.281527,76254.170000,76204.930000
29791148,2026-08-23T07:08,76216.080000,0.178500,-0.437267,2026-08-23,946.000000,2.436724,0.377615,76243.000000,76204.690000
29791149,2026-08-23T07:09,76223.850000,-0.157300,-0.244404,2026-08-23,800.000000,0.834948,0.178507,76229.390000,76214.000000
29791150,2026-08-23T07:10,76230.110000,0.575500,-0.642161,2026-08-23,766.000000,0.562453,0.426617,76233.280000,76220.460000
29791151,2026-08-23T07:11,76246.570000,0.260700,-0.147683,2026-08-23,880.000000,0.995702,0.532843,76254.500000,76230.110000
29791152,2026-08-23T07:12,76270.760000,0.118800,0.065415,2026-08-23,843.000000,1.363369,0.364038,76276.860000,76242.470000
29791153,2026-08-23T07:13,76293.040000,-0.953200,-0.292607,2026-08-23,895.000000,1.673796,0.474387,76311.450000,76266.300000
29791154,2026-08-23T07:14,76284.460000,0.421400,-0.062305,2026-08-23,888.000000,1.198384,0.223463,76297.510000,76274.250000
29791155,2026-08-23T07:15,76321.490000,-0.949200,-0.539783,2026-08-23,845.000000,0.688316,0.480634,76321.500000,76277.770000
29791156,2026-08-23T07:16,76327.040000,0.003900,0.009058,2026-08-23,925.000000,1.048229,0.935350,76342.350000,76318.960000
29791157,2026-08-23T07:17,76313.600000,0.040500,0.870701,2026-08-23,809.000000,0.537008,0.346158,76327.040000,76312.140000
29791158,2026-08-23T07:18,76313.490000,-0.367800,-0.307095,2026-08-23,837.000000,0.214503,0.680146,76318.490000,76305.920000
29791159,2026-08-23T07:19,76319.020000,0.096800,0.359567,2026-08-23,817.000000,0.540909,0.877687,76331.240000,76310.850000
29791160,2026-08-23T07:20,76262.490000,0.283900,0.755222,2026-08-23,903.000000,0.837289,0.370991,76319.030000,76258.500000
29791161,2026-08-23T07:21,76237.110000,-0.437800,-0.258441,2026-08-23,906.000000,1.579022,0.199041,76262.900000,76229.990000
29791162,2026-08-23T07:22,76228.110000,0.140900,-0.601786,2026-08-23,865.000000,0.655316,0.669664,76258.510000,76228.100000
29791163,2026-08-23T07:23,76257.230000,0.047900,0.340637,2026-08-23,834.000000,0.530373,0.584568,76264.350000,76228.100000
29791164,2026-08-23T07:24,76220.450000,-0.121600,0.167042,2026-08-23,880.000000,0.588856,0.106055,76257.230000,76219.330000
29791165,2026-08-23T07:25,76264.900000,-0.050200,-0.512864,2026-08-23,943.000000,1.202425,0.436803,76264.910000,76220.440000
29791166,2026-08-23T07:26,76239.570000,0.332200,-0.236422,2026-08-23,801.000000,0.380823,0.411051,76264.910000,76239.560000
29791167,2026-08-23T07:27,76226.960000,0.412700,-0.101936,2026-08-23,820.000000,0.511426,0.322393,76250.280000,76219.010000
29791168,2026-08-23T07:28,76239.210000,0.137400,-0.428768,2026-08-23,774.000000,0.273291,0.536435,76239.210000,76212.820000
29791169,2026-08-23T07:29,76216.640000,-0.490400,0.073233,2026-08-23,812.000000,0.269108,0.106578,76243.370000,76216.640000
29791170,2026-08-23T07:30,76209.010000,0.176800,-0.829632,2026-08-23,805.000000,0.883203,0.826372,76226.680000,76203.090000
29791171,2026-08-23T07:31,76173.740000,0.120800,0.797674,2026-08-23,853.000000,1.374110,0.127621,76212.710000,76157.870000
29791172,2026-08-23T07:32,76179.950000,0.073400,-0.745306,2026-08-23,754.000000,0.158549,0.726095,76180.510000,76173.730000
29791173,2026-08-23T07:33,76147.890000,-0.065200,0.453261,2026-08-23,825.000000,0.582433,0.183811,76180.490000,76147.880000
29791174,2026-08-23T07:34,76081.610000,0.128900,-0.634427,2026-08-23,852.000000,0.691427,0.119422,76147.890000,76080.570000
29791175,2026-08-23T07:35,76117.960000,-0.191400,-0.760522,2026-08-23,872.000000,1.137238,0.907590,76124.960000,76060.020000
29791176,2026-08-23T07:36,76124.960000,-0.148700,0.815251,2026-08-23,877.000000,0.608970,0.583633,76124.960000,76098.220000
29791177,2026-08-23T07:37,76091.330000,0.294900,0.058340,2026-08-23,873.000000,0.953588,0.375973,76124.960000,76086.760000
29791178,2026-08-23T07:38,76065.420000,0.107900,-0.195154,2026-08-23,848.000000,0.935606,0.503715,76100.390000,76064.060000
29791179,2026-08-23T07:39,76113.490000,-0.273200,0.007457,2026-08-23,738.000000,0.359495,0.317920,76113.500000,76074.340000
29791180,2026-08-23T07:40,76067.140000,-0.267500,-0.623336,2026-08-23,880.000000,1.626390,0.254025,76114.490000,76067.140000
29791181,2026-08-23T07:41,76063.900000,-0.060700,-0.400956,2026-08-23,817.000000,0.855366,0.108314,76071.040000,76056.200000
29791182,2026-08-23T07:42,76060.460000,0.086400,-0.783638,2026-08-23,763.000000,0.266921,0.043797,76063.910000,76056.200000
29791183,2026-08-23T07:43,76035.980000,-0.369700,-0.911992,2026-08-23,872.000000,0.820269,0.187320,76060.470000,76032.110000
29791184,2026-08-23T07:44,76049.880000,-0.051700,-0.581348,2026-08-23,805.000000,0.725728,0.141476,76052.380000,76035.970000
29791185,2026-08-23T07:45,76040.920000,-0.160700,-0.772818,2026-08-23,839.000000,0.878031,0.232519,76071.470000,76039.500000
29791186,2026-08-23T07:46,76053.920000,-0.676100,-0.532089,2026-08-23,895.000000,0.922690,0.607601,76075.300000,76030.040000
29791187,2026-08-23T07:47,76055.210000,0.536400,0.592087,2026-08-23,780.000000,1.287735,0.697034,76057.490000,76045.110000
29791188,2026-08-23T07:48,76064.960000,0.059700,-0.800061,2026-08-23,832.000000,3.489339,0.017483,76065.560000,76033.350000
29791189,2026-08-23T07:49,76098.210000,0.165000,-0.961109,2026-08-23,872.000000,3.356928,0.510899,76098.220000,76049.010000
29791190,2026-08-23T07:50,76078.640000,0.110300,0.020758,2026-08-23,847.000000,1.184667,0.418932,76109.680000,76066.250000
29791191,2026-08-23T07:51,76102.040000,-0.375400,-0.162316,2026-08-23,853.000000,1.427281,0.829401,76129.470000,76078.630000
29791192,2026-08-23T07:52,76117.320000,-0.600000,0.684950,2026-08-23,807.000000,1.282176,0.906656,76132.600000,76102.040000
29791193,2026-08-23T07:53,76104.010000,-0.355100,0.794599,2026-08-23,901.000000,2.288293,0.331820,76139.270000,76104.000000
29791194,2026-08-23T07:54,76027.990000,-0.218300,-0.336737,2026-08-23,918.000000,2.825902,0.199196,76105.720000,76018.010000
29791195,2026-08-23T07:55,75982.080000,-0.300500,-0.566985,2026-08-23,1030.000000,4.259116,0.199948,76037.100000,75982.080000
29791196,2026-08-23T07:56,75960.700000,-0.824000,-0.624161,2026-08-23,992.000000,2.452787,0.449452,75982.090000,75930.140000
29791197,2026-08-23T07:57,75926.620000,0.064700,-0.113355,2026-08-23,956.000000,1.760484,0.684380,75960.700000,75922.050000
29791198,2026-08-23T07:58,75906.820000,0.050600,0.395734,2026-08-23,1076.000000,8.048078,0.262391,75930.160000,75876.660000
29791199,2026-08-23T07:59,75991.260000,0.522500,-0.475229,2026-08-23,952.000000,1.206265,0.937767,75991.260000,75907.210000
29791200,2026-08-23T08:00,75993.490000,0.123000,0.875848,2026-08-23,920.000000,1.796288,0.546935,75993.490000,75964.520000
29791201,2026-08-23T08:01,75945.420000,0.510200,0.093732,2026-08-23,872.000000,0.757122,0.591600,75993.490000,75932.970000
29791202,2026-08-23T08:02,76006.790000,-0.006700,0.183199,2026-08-23,799.000000,0.676661,0.898595,76008.040000,75945.410000
29791203,2026-08-23T08:03,75973.480000,0.556300,0.602114,2026-08-23,836.000000,0.826825,0.211380,76016.810000,75954.010000
29791204,2026-08-23T08:04,76025.640000,0.266000,-0.530450,2026-08-23,989.000000,3.888284,0.895184,76025.640000,75966.820000
29791205,2026-08-23T08:05,76054.490000,-0.101200,0.790368,2026-08-23,931.000000,1.323917,0.521701,76054.490000,76018.060000
29791206,2026-08-23T08:06,76081.350000,-0.958400,0.043410,2026-08-23,1006.000000,1.401183,0.372889,76090.490000,76041.650000
29791207,2026-08-23T08:07,76090.580000,0.397800,-0.254241,2026-08-23,810.000000,1.194919,0.210818,76094.400000,76075.300000
29791208,2026-08-23T08:08,76132.510000,-0.017200,-0.543656,2026-08-23,969.000000,2.230259,0.870901,76141.510000,76090.580000
29791209,2026-08-23T08:09,76216.930000,-0.127600,0.738655,2026-08-23,1767.000000,11.638627,0.570136,76242.450000,76132.500000
29791210,2026-08-23T08:10,76230.010000,-0.484300,0.143818,2026-08-23,1218.000000,8.409274,0.793087,76284.010000,76212.820000
29791211,2026-08-23T08:11,76195.930000,-0.999800,0.583772,2026-08-23,992.000000,2.568382,0.540637,76239.580000,76172.990000
29791212,2026-08-23T08:12,76222.320000,-0.077400,0.081407,2026-08-23,930.000000,1.090371,0.635807,76264.240000,76201.480000
29791213,2026-08-23T08:13,76186.080000,-0.450200,0.271461,2026-08-23,910.000000,1.138797,0.497567,76231.920000,76178.440000
29791214,2026-08-23T08:14,76190.990000,-0.986600,-0.004842,2026-08-23,844.000000,0.727813,0.271137,76191.010000,76178.440000
29791215,2026-08-23T08:15,76199.140000,-0.385500,-0.511560,2026-08-23,878.000000,0.484146,0.185136,76210.480000,76180.960000
29791216,2026-08-23T08:16,76209.290000,-0.356400,-0.556270,2026-08-23,934.000000,0.892384,0.612786,76228.100000,76193.720000
29791217,2026-08-23T08:17,76279.790000,-0.675200,0.243367,2026-08-23,963.000000,8.378191,0.988229,76284.410000,76204.720000
29791218,2026-08-23T08:18,76276.020000,-0.797800,0.954173,2026-08-23,960.000000,2.492897,0.750854,76282.050000,76251.030000
29791219,2026-08-23T08:19,76246.110000,0.561100,0.506897,2026-08-23,961.000000,2.867025,0.814199,76276.030000,76244.240000
29791220,2026-08-23T08:20,76229.790000,-0.119600,0.679037,2026-08-23,874.000000,1.466667,0.685852,76246.110000,76225.600000
29791221,2026-08-23T08:21,76220.460000,-0.084500,0.371705,2026-08-23,918.000000,2.909933,0.808451,76241.520000,76209.170000
29791222,2026-08-23T08:22,76203.170000,-0.245700,0.616903,2026-08-23,939.000000,1.975971,0.845030,76224.280000,76203.160000
29791223,2026-08-23T08:23,76223.990000,-0.242600,0.690060,2026-08-23,882.000000,2.259783,0.990583,76225.100000,76203.160000
29791224,2026-08-23T08:24,76227.040000,-0.194700,0.981145,2026-08-23,854.000000,1.246814,0.928290,76233.400000,76223.980000
29791225,2026-08-23T08:25,76220.460000,0.625700,0.856200,2026-08-23,831.000000,0.668074,0.819047,76228.090000,76209.010000
29791226,2026-08-23T08:26,76205.180000,-0.193400,0.638639,2026-08-23,889.000000,1.137490,0.415382,76235.740000,76205.180000
29791227,2026-08-23T08:27,76243.380000,-0.508100,-0.169576,2026-08-23,821.000000,0.562124,0.971181,76243.380000,76205.180000
29791228,2026-08-23T08:28,76232.670000,-0.125500,0.942361,2026-08-23,803.000000,0.249603,0.625470,76243.380000,76232.660000
29791229,2026-08-23T08:29,76219.490000,-0.349800,0.248292,2026-08-23,805.000000,0.377112,0.508995,76236.010000,76211.590000
29791230,2026-08-23T08:30,76237.770000,0.487400,0.188279,2026-08-23,818.000000,0.404664,0.442425,76242.390000,76219.490000
29791231,2026-08-23T08:31,76269.510000,-0.331900,-0.382857,2026-08-23,785.000000,0.403593,0.878656,76269.510000,76238.130000
29791232,2026-08-23T08:32,76272.150000,0.178300,0.757167,2026-08-23,817.000000,1.843344,0.855883,76272.160000,76258.660000
29791233,2026-08-23T08:33,76283.240000,-0.229500,0.710696,2026-08-23,883.000000,1.051254,0.743013,76294.390000,76268.090000
29791234,2026-08-23T08:34,76289.890000,-0.477200,0.487513,2026-08-23,931.000000,0.923842,0.738447,76303.830000,76245.180000
29791235,2026-08-23T08:35,76315.920000,-0.399300,0.227064,2026-08-23,1072.000000,6.788647,0.801790,76325.410000,76277.770000
29791236,2026-08-23T08:36,76315.790000,-0.032500,0.675738,2026-08-23,836.000000,1.166312,0.580955,76329.280000,76313.570000
29791237,2026-08-23T08:37,76421.990000,-0.151700,-0.375882,2026-08-23,1087.000000,5.283399,0.850768,76434.300000,76315.780000
29791238,2026-08-23T08:38,76458.510000,-0.153200,0.683334,2026-08-23,1121.000000,3.893240,0.759914,76475.580000,76380.900000
29791239,2026-08-23T08:39,76418.170000,-0.753300,0.542464,2026-08-23,992.000000,4.943464,0.476809,76458.510000,76407.650000
29791240,2026-08-23T08:40,76476.390000,0.166500,-0.046407,2026-08-23,959.000000,5.456347,0.878174,76485.030000,76411.460000
29791241,2026-08-23T08:41,76517.850000,-0.416000,0.756013,2026-08-23,1255.000000,8.672806,0.612504,76642.990000,76482.930000
29791242,2026-08-23T08:42,76517.910000,-0.551600,0.225152,2026-08-23,960.000000,1.793699,0.706418,76569.000000,76503.140000
29791243,2026-08-23T08:43,76506.960000,-0.666800,0.402478,2026-08-23,793.000000,0.302798,0.364897,76537.490000,76506.960000
29791244,2026-08-23T08:44,76506.490000,-0.188500,-0.092473,2026-08-23,818.000000,0.417005,0.416312,76516.500000,76503.140000
29791245,2026-08-23T08:45,76587.170000,-0.430900,-0.285507,2026-08-23,898.000000,1.419624,0.458547,76587.180000,76506.480000
29791246,2026-08-23T08:46,76554.540000,-0.569600,-0.082877,2026-08-23,963.000000,1.739584,0.158975,76607.440000,76554.540000
29791247,2026-08-23T08:47,76499.330000,-0.454100,-0.680878,2026-08-23,965.000000,2.447627,0.228470,76554.550000,76495.500000
29791248,2026-08-23T08:48,76491.670000,-0.389900,-0.560607,2026-08-23,956.000000,3.178483,0.135662,76517.990000,76476.810000
29791249,2026-08-23T08:49,76473.670000,-0.492500,-0.720474,2026-08-23,906.000000,1.305147,0.597775,76510.780000,76473.670000
29791250,2026-08-23T08:50,76456.960000,-0.053300,0.195521,2026-08-23,834.000000,1.080723,0.024589,76474.490000,76449.330000
29791251,2026-08-23T08:51,76483.880000,-0.389800,-0.947369,2026-08-23,807.000000,2.405728,0.671727,76483.880000,76447.860000
29791252,2026-08-23T08:52,76519.080000,-0.239600,0.343086,2026-08-23,906.000000,0.413194,0.755652,76525.810000,76483.870000
29791253,2026-08-23T08:53,76494.490000,0.032000,0.511230,2026-08-23,941.000000,3.094839,0.090453,76522.240000,76477.510000
29791254,2026-08-23T08:54,76492.490000,-0.658400,-0.819268,2026-08-23,804.000000,0.566755,0.638277,76502.330000,76484.040000
29791255,2026-08-23T08:55,76493.710000,-0.926700,0.275501,2026-08-23,882.000000,4.566131,0.022661,76493.720000,76471.460000
29791256,2026-08-23T08:56,76445.830000,0.410200,-0.847865,2026-08-23,956.000000,3.270823,0.284157,76505.020000,76430.560000
29791257,2026-08-23T08:57,76447.230000,-0.440500,-0.553087,2026-08-23,798.000000,0.683920,0.128462,76458.760000,76441.680000
29791258,2026-08-23T08:58,76453.480000,-0.301000,-0.743103,2026-08-23,787.000000,0.899355,0.081461,76453.480000,76434.380000
29791259,2026-08-23T08:59,76464.930000,-0.620700,-0.837077,2026-08-23,805.000000,0.797330,0.332763,76476.080000,76453.470000
29791260,2026-08-23T09:00,76449.670000,-0.501800,-0.378093,2026-08-23,829.000000,0.680186,0.200122,76469.540000,76449.660000
29791261,2026-08-23T09:01,76525.920000,-0.262400,-0.564573,2026-08-23,927.000000,0.423198,0.519145,76528.500000,76449.660000
29791262,2026-08-23T09:02,76575.710000,-0.792800,0.038268,2026-08-23,899.000000,0.814902,0.732775,76578.000000,76525.910000
29791263,2026-08-23T09:03,76510.790000,-0.755900,0.465565,2026-08-23,940.000000,0.994101,0.196948,76606.280000,76510.780000
29791264,2026-08-23T09:04,76572.010000,-0.825900,-0.479727,2026-08-23,866.000000,0.677892,0.551745,76599.360000,76510.780000
29791265,2026-08-23T09:05,76593.880000,-0.481000,0.014657,2026-08-23,836.000000,1.315854,0.843294,76594.780000,76563.850000
29791266,2026-08-23T09:06,76575.730000,0.266200,0.680819,2026-08-23,856.000000,1.111230,0.460419,76593.880000,76573.130000
29791267,2026-08-23T09:07,76585.510000,-0.566600,-0.079161,2026-08-23,940.000000,0.678104,0.308875,76629.200000,76575.720000
29791268,2026-08-23T09:08,76575.730000,-0.752700,-0.382250,2026-08-23,845.000000,1.256081,0.408075,76608.470000,76560.440000
29791269,2026-08-23T09:09,76573.040000,0.587900,-0.200472,2026-08-23,859.000000,0.565297,0.580689,76594.480000,76564.260000
29791270,2026-08-23T09:10,76568.080000,-0.347400,0.237168,2026-08-23,873.000000,1.283766,0.455927,76594.000000,76549.500000
29791271,2026-08-23T09:11,76546.900000,-0.495100,-0.102714,2026-08-23,804.000000,0.249310,0.132116,76568.990000,76546.900000
29791272,2026-08-23T09:12,76534.350000,-0.132700,-0.717090,2026-08-23,827.000000,1.069864,0.173014,76547.080000,76526.060000
29791273,2026-08-23T09:13,76547.740000,0.092100,-0.658048,2026-08-23,796.000000,0.286485,0.585943,76547.740000,76534.340000
29791274,2026-08-23T09:14,76568.140000,0.126000,0.179763,2026-08-23,795.000000,0.940106,0.851546,76570.410000,76541.340000
29791275,2026-08-23T09:15,76591.600000,-0.076300,0.701525,2026-08-23,801.000000,0.407295,0.309031,76596.000000,76568.130000
29791276,2026-08-23T09:16,76540.070000,0.017100,-0.369009,2026-08-23,871.000000,1.310742,0.034413,76594.820000,76540.060000
29791277,2026-08-23T09:17,76522.240000,-0.170500,-0.938130,2026-08-23,848.000000,0.666453,0.352076,76540.070000,76495.500000
29791278,2026-08-23T09:18,76512.980000,0.203000,-0.212389,2026-08-23,854.000000,0.422260,0.188619,76530.280000,76496.890000
29791279,2026-08-23T09:19,76524.460000,0.071000,-0.556410,2026-08-23,905.000000,0.299982,0.591478,76541.090000,76512.970000
29791280,2026-08-23T09:20,76496.540000,-0.237100,0.046529,2026-08-23,811.000000,0.719558,0.373931,76529.880000,76487.870000
29791281,2026-08-23T09:21,76491.010000,-0.180300,-0.252138,2026-08-23,898.000000,1.680510,0.429498,76496.550000,76461.120000
29791282,2026-08-23T09:22,76529.990000,-0.081000,-0.140908,2026-08-23,877.000000,0.656092,0.844673,76529.990000,76485.610000
29791283,2026-08-23T09:23,76526.050000,0.149400,0.688993,2026-08-23,813.000000,0.237664,0.778111,76529.990000,76508.930000
29791284,2026-08-23T09:24,76479.330000,0.099500,0.554982,2026-08-23,868.000000,0.458646,0.167213,76526.060000,76479.320000
29791285,2026-08-23T09:25,76501.920000,-0.323900,-0.665347,2026-08-23,821.000000,0.485647,0.809728,76503.140000,76479.320000
29791286,2026-08-23T09:26,76540.910000,-0.748000,0.619597,2026-08-23,873.000000,0.252621,0.482155,76542.610000,76503.130000
29791287,2026-08-23T09:27,76541.360000,-0.221900,-0.035870,2026-08-23,855.000000,0.634159,0.869957,76569.070000,76537.520000
29791288,2026-08-23T09:28,76553.520000,0.137700,0.739915,2026-08-23,853.000000,1.051758,0.845978,76564.260000,76531.440000
29791289,2026-08-23T09:29,76537.520000,0.011000,0.691712,2026-08-23,871.000000,0.679770,0.320452,76561.340000,76535.980000
29791290,2026-08-23T09:30,76469.990000,-0.121700,-0.206090,2026-08-23,856.000000,0.993149,0.278883,76541.850000,76463.920000
29791291,2026-08-23T09:31,76468.610000,0.122000,-0.579240,2026-08-23,796.000000,0.095189,0.242198,76481.260000,76461.200000
29791292,2026-08-23T09:32,76489.610000,0.962800,-0.465514,2026-08-23,839.000000,1.293067,0.051097,76489.610000,76468.610000
29791293,2026-08-23T09:33,76485.520000,0.977100,-0.902576,2026-08-23,884.000000,1.010019,0.334655,76489.610000,76476.670000
29791294,2026-08-23T09:34,76482.260000,-0.824700,-0.247824,2026-08-23,833.000000,0.400988,0.444864,76497.490000,76481.530000
29791295,2026-08-23T09:35,76498.510000,-0.251200,-0.333304,2026-08-23,1114.000000,35.663370,0.088325,76498.510000,76476.670000
29791296,2026-08-23T09:36,76529.930000,-0.779900,-0.823353,2026-08-23,884.000000,2.657453,0.874064,76533.700000,76487.860000
29791297,2026-08-23T09:37,76530.580000,-0.132800,0.731082,2026-08-23,874.000000,2.977556,0.314730,76537.080000,76518.410000
29791298,2026-08-23T09:38,76499.330000,0.207800,-0.364859,2026-08-23,804.000000,0.110387,0.284383,76530.590000,76490.570000
29791299,2026-08-23T09:39,76521.800000,-0.193400,-0.431233,2026-08-23,828.000000,0.162797,0.620552,76526.060000,76498.930000
29791300,2026-08-23T09:40,76542.020000,0.305000,0.238253,2026-08-23,814.000000,0.670426,0.894286,76542.030000,76525.700000
29791301,2026-08-23T09:41,76545.610000,-0.042800,0.793958,2026-08-23,906.000000,1.132765,0.571916,76570.960000,76540.250000
29791302,2026-08-23T09:42,76548.020000,-0.698600,0.133817,2026-08-23,743.000000,0.126940,0.666971,76548.050000,76530.910000
29791303,2026-08-23T09:43,76555.050000,-0.524900,0.335463,2026-08-23,856.000000,0.724054,0.880936,76556.620000,76548.020000
29791304,2026-08-23T09:44,76559.580000,-0.005700,0.761962,2026-08-23,795.000000,0.470906,0.286984,76559.590000,76553.200000
29791305,2026-08-23T09:45,76556.080000,0.042000,-0.314128,2026-08-23,847.000000,1.276546,0.167887,76579.540000,76545.160000
29791306,2026-08-23T09:46,76522.240000,-0.302100,-0.718322,2026-08-23,785.000000,0.307859,0.478113,76560.450000,76522.240000
29791307,2026-08-23T09:47,76545.150000,0.178200,-0.047432,2026-08-23,822.000000,3.118355,0.898539,76545.160000,76499.340000
29791308,2026-08-23T09:48,76583.360000,0.037500,0.797564,2026-08-23,787.000000,0.750740,0.663553,76591.000000,76545.150000
29791309,2026-08-23T09:49,76587.180000,-0.653600,0.327106,2026-08-23,730.000000,0.571360,0.425628,76600.000000,76583.350000
29791310,2026-08-23T09:50,76612.390000,-0.341200,-0.148247,2026-08-23,751.000000,1.171901,0.607938,76612.400000,76571.900000
29791311,2026-08-23T09:51,76612.390000,-0.029800,0.216985,2026-08-23,732.000000,0.011069,0.994749,76612.400000,76612.390000
29791312,2026-08-23T09:52,76598.550000,-0.097900,0.987329,2026-08-23,800.000000,0.361383,0.508736,76633.220000,76595.660000
29791313,2026-08-23T09:53,76583.360000,-0.500800,0.017823,2026-08-23,787.000000,0.788438,0.647176,76625.380000,76583.360000
29791314,2026-08-23T09:54,76588.100000,-0.064500,0.295392,2026-08-23,846.000000,0.680868,0.552647,76594.830000,76572.560000
29791315,2026-08-23T09:55,76580.100000,-0.007300,0.170643,2026-08-23,824.000000,0.633116,0.284151,76594.830000,76577.460000
29791316,2026-08-23T09:56,76566.610000,0.107500,-0.567852,2026-08-23,772.000000,0.179461,0.078708,76587.410000,76566.600000
29791317,2026-08-23T09:57,76579.540000,-0.246200,-0.842447,2026-08-23,827.000000,0.366379,0.745854,76579.540000,76566.600000
29791318,2026-08-23T09:58,76568.080000,-0.248100,0.490484,2026-08-23,858.000000,0.503400,0.662854,76587.180000,76564.260000
29791319,2026-08-23T09:59,76540.010000,-0.466300,0.326489,2026-08-23,770.000000,0.588973,0.953674,76575.720000,76540.000000
29791320,2026-08-23T10:00,76580.330000,0.096200,0.749983,2026-08-23,828.000000,1.230033,0.710238,76587.180000,76533.700000
29791321,2026-08-23T10:01,76552.800000,-0.079500,0.484396,2026-08-23,793.000000,0.490673,0.872133,76586.410000,76552.800000
29791322,2026-08-23T10:02,76586.420000,0.104700,0.744627,2026-08-23,779.000000,0.152853,0.878526,76586.420000,76548.980000
29791323,2026-08-23T10:03,76622.710000,0.113000,0.755946,2026-08-23,793.000000,0.856780,0.988277,76622.720000,76586.410000
29791324,2026-08-23T10:04,76615.380000,-0.152700,0.976555,2026-08-23,793.000000,0.605358,0.061213,76625.380000,76597.720000
29791325,2026-08-23T10:05,76655.990000,0.094900,-0.877574,2026-08-23,817.000000,0.426180,0.821140,76656.000000,76616.140000
29791326,2026-08-23T10:06,76701.790000,-0.103500,0.639895,2026-08-23,920.000000,2.587534,0.823863,76724.700000,76640.660000
29791327,2026-08-23T10:07,76704.380000,-0.138400,0.648121,2026-08-23,889.000000,3.104072,0.268862,76720.880000,76652.120000
29791328,2026-08-23T10:08,76665.120000,-0.302500,-0.462277,2026-08-23,833.000000,0.765436,0.254044,76712.010000,76663.200000
29791329,2026-08-23T10:09,76667.390000,0.013700,-0.562036,2026-08-23,765.000000,0.155926,0.137798,76667.400000,76655.940000
29791330,2026-08-23T10:10,76640.670000,0.050000,0.947428,2026-08-23,794.000000,0.908059,0.505041,76684.910000,76640.660000
29791331,2026-08-23T10:11,76623.210000,0.288800,-0.830121,2026-08-23,801.000000,1.344464,0.599358,76640.670000,76611.190000
29791332,2026-08-23T10:12,76617.740000,-0.023600,0.198952,2026-08-23,822.000000,0.272176,0.611215,76655.660000,76617.740000
29791333,2026-08-23T10:13,76598.640000,-0.361200,0.222431,2026-08-23,846.000000,0.471285,0.316663,76631.800000,76598.640000
29791334,2026-08-23T10:14,76642.350000,0.191000,-0.364237,2026-08-23,829.000000,3.340957,0.971364,76649.370000,76591.000000
29791335,2026-08-23T10:15,76656.330000,0.063300,0.942792,2026-08-23,759.000000,0.601740,0.530359,76669.040000,76642.340000
29791336,2026-08-23T10:16,76638.610000,0.296400,0.060599,2026-08-23,875.000000,1.504441,0.426523,76656.330000,76630.550000
29791337,2026-08-23T10:17,76644.040000,0.188300,-0.146961,2026-08-23,718.000000,0.312518,0.248975,76644.070000,76630.550000
29791338,2026-08-23T10:18,76642.570000,0.127200,-0.495936,2026-08-23,810.000000,1.080175,0.064493,76647.940000,76636.390000
29791339,2026-08-23T10:19,76639.670000,-0.183600,-0.872765,2026-08-23,808.000000,0.780664,0.180390,76647.940000,76631.480000
29791340,2026-08-23T10:20,76747.710000,0.006900,-0.639689,2026-08-23,942.000000,5.555910,0.928242,76749.390000,76639.670000
29791341,2026-08-23T10:21,76840.610000,-0.951300,0.826106,2026-08-23,1291.000000,32.946814,0.865799,76847.310000,76745.030000
29791342,2026-08-23T10:22,76833.830000,-0.480700,0.744254,2026-08-23,1232.000000,23.917986,0.933734,76899.990000,76751.440000
29791343,2026-08-23T10:23,76809.570000,-0.221100,0.861685,2026-08-23,870.000000,1.356832,0.320124,76843.900000,76792.450000
29791344,2026-08-23T10:24,76793.460000,-0.377100,-0.359752,2026-08-23,850.000000,0.624010,0.414876,76809.890000,76782.000000
29791345,2026-08-23T10:25,76788.420000,-0.366600,0.795253,2026-08-23,1050.000000,10.106954,0.806743,76897.600000,76778.180000
29791346,2026-08-23T10:26,76785.830000,0.065700,0.454731,2026-08-23,823.000000,0.947035,0.399938,76812.560000,76785.820000
29791347,2026-08-23T10:27,76790.240000,-0.155700,-0.200095,2026-08-23,809.000000,0.786870,0.494555,76804.910000,76785.820000
29791348,2026-08-23T10:28,76743.800000,-0.064800,-0.010873,2026-08-23,857.000000,0.679078,0.296460,76790.040000,76743.800000
29791349,2026-08-23T10:29,76743.100000,-0.113600,-0.352577,2026-08-23,837.000000,0.835677,0.249399,76755.260000,76729.570000
29791350,2026-08-23T10:30,76732.350000,-0.625300,-0.552049,2026-08-23,792.000000,0.528363,0.199193,76769.710000,76732.340000
29791351,2026-08-23T10:31,76766.570000,-0.536200,-0.597738,2026-08-23,889.000000,6.174865,0.858977,76773.700000,76724.700000
29791352,2026-08-23T10:32,76789.950000,-0.226900,0.718200,2026-08-23,825.000000,1.078593,0.449657,76804.080000,76756.720000
29791353,2026-08-23T10:33,76863.520000,-0.238300,-0.107307,2026-08-23,800.000000,1.141223,0.417699,76868.080000,76801.100000
29791354,2026-08-23T10:34,76901.990000,-0.078800,-0.164648,2026-08-23,807.000000,1.285631,0.870983,76902.000000,76855.910000
29791355,2026-08-23T10:35,76863.240000,-0.295500,0.707691,2026-08-23,867.000000,1.499509,0.191398,76910.700000,76855.930000
29791356,2026-08-23T10:36,76866.040000,-0.221700,-0.614353,2026-08-23,843.000000,1.033029,0.297945,76883.010000,76835.500000
29791357,2026-08-23T10:37,76812.550000,0.024200,-0.515867,2026-08-23,845.000000,1.711379,0.084990,76866.050000,76801.100000
29791358,2026-08-23T10:38,76822.380000,-0.345100,-0.800821,2026-08-23,797.000000,1.133360,0.134743,76829.370000,76801.100000
29791359,2026-08-23T10:39,76810.580000,-0.312600,-0.737070,2026-08-23,849.000000,1.558393,0.783351,76827.840000,76782.010000
29791360,2026-08-23T10:40,76814.610000,-0.072800,0.560184,2026-08-23,799.000000,0.251091,0.444676,76823.050000,76785.820000
29791361,2026-08-23T10:41,76827.850000,-0.135900,0.033569,2026-08-23,834.000000,0.548334,0.688321,76842.220000,76811.130000
29791362,2026-08-23T10:42,76831.670000,-0.260600,0.376315,2026-08-23,872.000000,1.645773,0.742132,76858.390000,76824.020000
29791363,2026-08-23T10:43,76834.430000,-0.412000,0.484266,2026-08-23,808.000000,0.802624,0.345398,76844.150000,76808.740000
29791364,2026-08-23T10:44,76836.170000,-0.298400,-0.390535,2026-08-23,793.000000,0.772356,0.589459,76843.980000,76827.840000
29791365,2026-08-23T10:45,76851.360000,-0.197000,0.409832,2026-08-23,818.000000,0.994410,0.695235,76862.220000,76835.970000
29791366,2026-08-23T10:46,76854.320000,-0.280700,0.406015,2026-08-23,784.000000,0.455071,0.469347,76862.220000,76846.940000
29791367,2026-08-23T10:47,76824.020000,-0.137300,-0.125678,2026-08-23,795.000000,0.390815,0.630269,76854.320000,76824.020000
29791368,2026-08-23T10:48,76818.360000,-0.435000,0.260538,2026-08-23,843.000000,0.791431,0.516883,76835.480000,76813.240000
29791369,2026-08-23T10:49,76792.920000,0.044600,0.020788,2026-08-23,824.000000,0.935425,0.489098,76812.990000,76792.740000
29791370,2026-08-23T10:50,76814.770000,-0.167100,-0.010449,2026-08-23,812.000000,0.838126,0.344769,76817.810000,76792.910000
29791371,2026-08-23T10:51,76812.570000,0.105600,-0.310847,2026-08-23,847.000000,0.843893,0.185511,76842.990000,76798.060000
29791372,2026-08-23T10:52,76804.920000,-0.099300,-0.629809,2026-08-23,775.000000,0.875777,0.369855,76831.550000,76801.110000
29791373,2026-08-23T10:53,76789.640000,-0.425500,-0.260218,2026-08-23,829.000000,0.436928,0.190358,76817.200000,76789.640000
29791374,2026-08-23T10:54,76805.040000,-0.525300,-0.574306,2026-08-23,756.000000,0.152392,0.763408,76809.830000,76789.640000
29791375,2026-08-23T10:55,76772.380000,-0.254000,0.485402,2026-08-23,850.000000,1.098594,0.270889,76805.050000,76766.710000
29791376,2026-08-23T10:56,76773.240000,-0.103200,-0.458190,2026-08-23,787.000000,0.914199,0.259258,76783.950000,76767.990000
29791377,2026-08-23T10:57,76775.830000,-0.191600,-0.481541,2026-08-23,781.000000,2.341326,0.887878,76777.330000,76762.900000
29791378,2026-08-23T10:58,76766.800000,0.058000,0.775756,2026-08-23,801.000000,0.571268,0.196944,76787.320000,76762.900000
29791379,2026-08-23T10:59,76776.930000,-0.279000,-0.606144,2026-08-23,779.000000,0.397294,0.499866,76785.820000,76766.800000
29791380,2026-08-23T11:00,76804.920000,0.048500,0.000580,2026-08-23,787.000000,0.228987,0.325444,76815.440000,76776.930000
29791381,2026-08-23T11:01,76811.420000,-0.126000,-0.350279,2026-08-23,846.000000,0.364986,0.568131,76835.480000,76804.920000
29791382,2026-08-23T11:02,76788.350000,-0.137500,0.136040,2026-08-23,817.000000,0.828108,0.169561,76824.620000,76788.340000
29791383,2026-08-23T11:03,76746.180000,0.069400,-0.648526,2026-08-23,879.000000,0.618661,0.676624,76788.350000,76740.890000
29791384,2026-08-23T11:04,76729.580000,0.025200,0.348404,2026-08-23,815.000000,0.670917,0.183110,76750.960000,76729.570000
29791385,2026-08-23T11:05,76766.710000,-0.178900,-0.541826,2026-08-23,821.000000,0.337578,0.354346,76768.240000,76729.570000
29791386,2026-08-23T11:06,76766.650000,-0.070900,-0.294531,2026-08-23,871.000000,1.394364,0.298369,76805.800000,76764.910000
29791387,2026-08-23T11:07,76801.080000,-0.190200,-0.445691,2026-08-23,806.000000,0.556506,0.796573,76806.620000,76766.420000
29791388,2026-08-23T11:08,76813.550000,-0.402400,0.592285,2026-08-23,867.000000,0.148522,0.612096,76824.020000,76801.070000
29791389,2026-08-23T11:09,76794.350000,0.201400,0.229681,2026-08-23,803.000000,0.123735,0.533184,76813.560000,76785.820000
29791390,2026-08-23T11:10,76796.240000,-0.288400,0.410961,2026-08-23,799.000000,0.703244,0.232290,76806.480000,76792.880000
29791391,2026-08-23T11:11,76821.620000,-0.173400,-0.710519,2026-08-23,823.000000,0.489332,0.809658,76821.630000,76792.880000
29791392,2026-08-23T11:12,76835.480000,-0.219900,0.616447,2026-08-23,809.000000,1.461080,0.971955,76835.480000,76816.370000
29791393,2026-08-23T11:13,76854.990000,0.123300,0.944565,2026-08-23,833.000000,0.773114,0.840891,76855.000000,76835.470000
29791394,2026-08-23T11:14,76862.230000,-0.222800,0.670464,2026-08-23,814.000000,0.538759,0.659769,76873.680000,76854.990000
29791395,2026-08-23T11:15,76835.490000,0.023700,0.702407,2026-08-23,841.000000,1.491340,0.615056,76877.490000,76835.480000
29791396,2026-08-23T11:16,76865.040000,0.004900,-0.387360,2026-08-23,842.000000,0.506424,0.464632,76865.040000,76805.760000
29791397,2026-08-23T11:17,76854.580000,0.080000,-0.082543,2026-08-23,841.000000,0.413840,0.556421,76865.040000,76847.040000
29791398,2026-08-23T11:18,76914.990000,-0.177800,0.122065,2026-08-23,875.000000,4.268040,0.814220,76915.000000,76839.300000
29791399,2026-08-23T11:19,76956.580000,-0.103700,0.629205,2026-08-23,839.000000,0.830758,0.804326,76958.600000,76914.990000
29791400,2026-08-23T11:20,77160.180000,-0.359000,0.610617,2026-08-23,1417.000000,22.389507,0.817086,77199.990000,76956.570000
29791401,2026-08-23T11:21,77230.420000,-0.323600,0.634374,2026-08-23,1232.000000,9.248793,0.596940,77243.510000,77152.540000
29791402,2026-08-23T11:22,77183.110000,0.057100,0.192823,2026-08-23,952.000000,2.295857,0.511559,77233.750000,77178.590000
29791403,2026-08-23T11:23,77163.760000,-0.103400,0.156428,2026-08-23,1012.000000,4.852730,0.743959,77206.020000,77141.090000
29791404,2026-08-23T11:24,77269.330000,0.721200,0.448153,2026-08-23,1015.000000,6.046634,0.948463,77307.370000,77163.760000
29791405,2026-08-23T11:25,77252.650000,0.357200,0.809901,2026-08-23,1157.000000,26.471547,0.719165,77296.490000,77251.850000
29791406,2026-08-23T11:26,77188.800000,0.212300,0.437027,2026-08-23,971.000000,5.263866,0.294222,77252.660000,77166.200000
29791407,2026-08-23T11:27,77144.430000,0.050400,-0.371092,2026-08-23,936.000000,8.387608,0.782539,77198.600000,77134.270000
29791408,2026-08-23T11:28,77144.920000,0.093700,0.565084,2026-08-23,776.000000,0.544824,0.600209,77158.160000,77141.080000
29791409,2026-08-23T11:29,77145.950000,-0.099500,0.196439,2026-08-23,798.000000,0.519359,0.677855,77159.130000,77129.620000
29791410,2026-08-23T11:30,77182.730000,-0.159500,0.360140,2026-08-23,868.000000,1.109823,0.456909,77182.730000,77113.480000
29791411,2026-08-23T11:31,77218.990000,-0.443500,-0.304107,2026-08-23,936.000000,6.241456,0.420413,77218.990000,77152.540000
29791412,2026-08-23T11:32,77197.740000,-0.118500,-0.109333,2026-08-23,911.000000,2.075712,0.675582,77244.220000,77183.100000
29791413,2026-08-23T11:33,77169.950000,-0.129600,0.352052,2026-08-23,832.000000,1.486694,0.087940,77197.750000,77161.840000
29791414,2026-08-23T11:34,77193.210000,-0.131200,-0.823329,2026-08-23,795.000000,0.847876,0.754468,77196.240000,77160.180000
29791415,2026-08-23T11:35,77217.860000,0.095700,0.508119,2026-08-23,856.000000,2.834556,0.834350,77226.210000,77183.100000
29791416,2026-08-23T11:36,77231.990000,0.157300,0.671001,2026-08-23,909.000000,1.355291,0.222665,77278.600000,77211.650000
29791417,2026-08-23T11:37,77216.640000,-0.237300,-0.574638,2026-08-23,1013.000000,4.824944,0.531105,77333.320000,77211.170000
29791418,2026-08-23T11:38,77289.620000,0.056600,0.061914,2026-08-23,1926.000000,5.530788,0.166963,77297.700000,77205.160000
29791419,2026-08-23T11:39,77364.580000,0.471300,-0.665987,2026-08-23,2228.000000,7.605749,0.313236,77377.130000,77282.760000
29791420,2026-08-23T11:40,77290.070000,0.051700,-0.613652,2026-08-23,2167.000000,7.600105,0.107131,77364.590000,77286.240000
29791421,2026-08-23T11:41,77293.880000,0.294700,-0.433247,2026-08-23,2119.000000,2.510031,0.355864,77304.520000,77264.470000
29791422,2026-08-23T11:42,77301.510000,0.042000,-0.288272,2026-08-23,2137.000000,5.262286,0.224562,77309.160000,77272.480000
29791423,2026-08-23T11:43,77267.040000,-0.023600,-0.450748,2026-08-23,2084.000000,2.356050,0.539514,77301.520000,77254.750000
29791424,2026-08-23T11:44,77263.330000,-0.259300,-0.064707,2026-08-23,2005.000000,2.962478,0.087414,77282.260000,77255.680000
29791425,2026-08-23T11:45,77280.990000,-0.082500,-0.842267,2026-08-23,2170.000000,8.153575,0.102243,77294.500000,77250.000000
29791426,2026-08-23T11:46,77250.010000,0.349100,-0.827744,2026-08-23,2076.000000,6.393200,0.067355,77286.740000,77250.000000
29791427,2026-08-23T11:47,77206.020000,-0.311900,-0.763506,2026-08-23,2097.000000,6.085782,0.050883,77266.580000,77203.830000
29791428,2026-08-23T11:48,77193.920000,-0.525000,-0.951482,2026-08-23,2123.000000,3.640111,0.385490,77212.360000,77169.010000
29791429,2026-08-23T11:49,77197.550000,-0.228300,-0.228638,2026-08-23,2039.000000,3.742401,0.050020,77202.200000,77169.000000
29791430,2026-08-23T11:50,77198.380000,-0.171400,-0.899560,2026-08-23,2059.000000,0.821059,0.751548,77202.090000,77175.280000
29791431,2026-08-23T11:51,77186.930000,-0.244900,0.502951,2026-08-23,2082.000000,1.804005,0.203351,77212.250000,77183.100000
29791432,2026-08-23T11:52,77251.890000,0.075400,-0.594217,2026-08-23,1896.000000,2.374461,0.991315,77254.890000,77186.910000
29791433,2026-08-23T11:53,77335.150000,0.153200,0.983946,2026-08-23,2445.000000,15.349650,0.718613,77347.520000,77244.220000
29791434,2026-08-23T11:54,77343.140000,0.208200,0.437225,2026-08-23,2187.000000,7.849634,0.716444,77382.000000,77324.450000
29791435,2026-08-23T11:55,77305.360000,-0.082800,0.434777,2026-08-23,2054.000000,2.040646,0.395396,77351.180000,77305.340000
29791436,2026-08-23T11:56,77300.010000,-0.205600,-0.225202,2026-08-23,2028.000000,1.592903,0.897077,77312.200000,77297.750000
29791437,2026-08-23T11:57,77276.210000,0.076200,0.793791,2026-08-23,870.000000,2.615760,0.114448,77300.010000,77276.210000
29791438,2026-08-23T11:58,77286.240000,0.157500,-0.770642,2026-08-23,987.000000,2.829000,0.419837,77309.160000,77276.100000
29791439,2026-08-23T11:59,77288.150000,0.170000,-0.159295,2026-08-23,907.000000,1.368804,0.611436,77306.900000,77285.130000
29791440,2026-08-23T12:00,77279.080000,-0.016200,0.221016,2026-08-23,949.000000,4.947839,0.346262,77297.700000,77262.970000
29791441,2026-08-23T12:01,77224.450000,0.042400,-0.307465,2026-08-23,948.000000,1.096458,0.202516,77284.390000,77222.370000
29791442,2026-08-23T12:02,77241.010000,-0.048700,-0.468581,2026-08-23,896.000000,1.741424,0.747161,77255.680000,77206.030000
29791443,2026-08-23T12:03,77199.990000,-0.092500,0.422961,2026-08-23,859.000000,0.821925,0.370082,77242.580000,77183.100000
29791444,2026-08-23T12:04,77176.450000,0.089800,-0.212592,2026-08-23,849.000000,1.487371,0.111803,77200.000000,77166.430000
29791445,2026-08-23T12:05,77168.620000,-0.266200,-0.776673,2026-08-23,864.000000,1.920324,0.337119,77189.230000,77164.000000
29791446,2026-08-23T12:06,77099.070000,-0.421700,-0.325230,2026-08-23,959.000000,5.600025,0.106433,77168.630000,77068.500000
29791447,2026-08-23T12:07,77126.040000,-0.243000,-0.787380,2026-08-23,956.000000,7.229290,0.684880,77130.200000,77076.140000
29791448,2026-08-23T12:08,77136.290000,-0.159500,0.369759,2026-08-23,914.000000,4.140780,0.092040,77168.130000,77104.660000
29791449,2026-08-23T12:09,77127.800000,-0.017600,-0.815096,2026-08-23,872.000000,1.379487,0.093390,77148.720000,77118.170000
29791450,2026-08-23T12:10,77071.960000,-0.248000,-0.815573,2026-08-23,952.000000,3.346785,0.185208,77129.870000,77066.750000
29791451,2026-08-23T12:11,77026.480000,-0.433400,-0.629667,2026-08-23,1039.000000,10.490738,0.072149,77077.950000,76981.900000
29791452,2026-08-23T12:12,77027.520000,-0.191900,-0.855690,2026-08-23,1002.000000,7.019639,0.506265,77059.600000,76999.740000
29791453,2026-08-23T12:13,77049.390000,0.037000,0.013416,2026-08-23,745.000000,0.241029,0.727371,77054.690000,77026.280000
29791454,2026-08-23T12:14,77064.680000,-0.154400,0.440088,2026-08-23,807.000000,0.289140,0.625396,77076.140000,77045.070000
29791455,2026-08-23T12:15,77036.760000,0.049500,0.253466,2026-08-23,810.000000,0.360982,0.216299,77064.690000,77035.620000
29791456,2026-08-23T12:16,77064.670000,-0.080400,-0.281398,2026-08-23,840.000000,1.808131,0.804241,77068.500000,77036.750000
29791457,2026-08-23T12:17,77085.170000,-0.158700,0.517063,2026-08-23,869.000000,1.058330,0.505960,77087.200000,77054.500000
29791458,2026-08-23T12:18,77073.550000,0.127400,0.101223,2026-08-23,818.000000,0.376826,0.128753,77085.170000,77046.840000
29791459,2026-08-23T12:19,77076.380000,0.108400,-0.760210,2026-08-23,799.000000,0.553372,0.390706,77087.600000,77073.550000
29791460,2026-08-23T12:20,77083.790000,-0.399700,-0.213636,2026-08-23,845.000000,0.854853,0.682786,77104.520000,77076.380000
29791461,2026-08-23T12:21,77100.990000,0.037300,0.366126,2026-08-23,852.000000,1.179594,0.331915,77104.680000,77079.960000
29791462,2026-08-23T12:22,77092.170000,0.068600,-0.336834,2026-08-23,827.000000,0.700365,0.198289,77116.990000,77089.180000
29791463,2026-08-23T12:23,77116.990000,0.253700,-0.608272,2026-08-23,819.000000,0.175361,0.605974,77116.990000,77092.170000
29791464,2026-08-23T12:24,77095.240000,0.084600,0.227684,2026-08-23,860.000000,0.356711,0.383259,77118.160000,77095.240000
29791465,2026-08-23T12:25,77064.400000,-0.233400,-0.244884,2026-08-23,848.000000,0.919983,0.712659,77096.760000,77057.050000
29791466,2026-08-23T12:26,77016.390000,0.021200,0.436180,2026-08-23,862.000000,1.659405,0.076050,77064.690000,77015.460000
29791467,2026-08-23T12:27,77009.740000,-0.013900,-0.861241,2026-08-23,801.000000,0.844454,0.373587,77021.170000,77000.850000
29791468,2026-08-23T12:28,77041.760000,-0.202100,-0.253467,2026-08-23,783.000000,0.135990,0.872009,77042.520000,77009.730000
29791469,2026-08-23T12:29,77029.460000,0.157000,0.737825,2026-08-23,791.000000,0.921899,0.443135,77043.310000,77028.210000
29791470,2026-08-23T12:30,77045.580000,-0.062400,-0.113730,2026-08-23,766.000000,0.076765,0.631304,77045.580000,77029.460000
29791471,2026-08-23T12:31,77051.860000,-0.043300,0.142246,2026-08-23,778.000000,0.180775,0.438025,77053.420000,77044.020000
29791472,2026-08-23T12:32,77059.980000,-0.038100,-0.048457,2026-08-23,856.000000,1.587680,0.945142,77072.320000,77051.860000
29791473,2026-08-23T12:33,77064.670000,-0.008500,0.889095,2026-08-23,846.000000,0.360600,0.317266,77086.480000,77053.220000
29791474,2026-08-23T12:34,77074.850000,-0.179600,-0.364292,2026-08-23,831.000000,0.663638,0.223562,77078.590000,77052.680000
29791475,2026-08-23T12:35,77063.640000,-0.170100,-0.650778,2026-08-23,851.000000,0.509875,0.503038,77074.890000,77053.030000
29791476,2026-08-23T12:36,77054.580000,-0.078300,0.584091,2026-08-23,822.000000,0.408651,0.551197,77063.640000,77040.800000
29791477,2026-08-23T12:37,77051.850000,0.003300,0.106898,2026-08-23,906.000000,0.422314,0.321174,77063.640000,77040.010000
29791478,2026-08-23T12:38,77049.390000,-0.018600,-0.284093,2026-08-23,856.000000,0.675062,0.296649,77063.640000,77040.000000
29791479,2026-08-23T12:39,77127.800000,-0.331900,-0.463666,2026-08-23,923.000000,0.559698,0.985373,77127.810000,77049.390000
29791480,2026-08-23T12:40,77152.540000,0.286700,0.970933,2026-08-23,965.000000,1.904803,0.730912,77161.150000,77119.150000
29791481,2026-08-23T12:41,77199.950000,-0.045300,0.461798,2026-08-23,949.000000,2.047620,0.641629,77201.110000,77145.820000
29791482,2026-08-23T12:42,77160.680000,-0.431200,0.279535,2026-08-23,976.000000,3.958757,0.077384,77199.950000,77152.540000
29791483,2026-08-23T12:43,77228.950000,0.081300,-0.814934,2026-08-23,1032.000000,4.528756,0.752925,77246.160000,77160.680000
29791484,2026-08-23T12:44,77228.950000,0.043000,0.501203,2026-08-23,842.000000,0.214053,0.772381,77228.950000,77221.010000
29791485,2026-08-23T12:45,77215.140000,-0.150200,0.550712,2026-08-23,838.000000,0.564668,0.132663,77228.950000,77207.390000
29791486,2026-08-23T12:46,77249.990000,0.254000,-0.761379,2026-08-23,883.000000,2.842541,0.827357,77250.000000,77183.740000
29791487,2026-08-23T12:47,77213.250000,-0.005100,0.676385,2026-08-23,824.000000,0.563966,0.088561,77250.000000,77212.820000
29791488,2026-08-23T12:48,77190.010000,-0.295400,-0.822878,2026-08-23,845.000000,0.267636,0.233246,77212.600000,77190.000000
29791489,2026-08-23T12:49,77194.260000,0.019100,-0.542833,2026-08-23,860.000000,0.778879,0.827438,77205.230000,77183.100000
29791490,2026-08-23T12:50,77204.990000,0.034800,0.666556,2026-08-23,814.000000,0.466534,0.363942,77205.000000,77194.250000
29791491,2026-08-23T12:51,77202.200000,0.087800,-0.271951,2026-08-23,827.000000,1.172410,0.923057,77207.720000,77194.250000
29791492,2026-08-23T12:52,77198.580000,-0.148400,0.845887,2026-08-23,804.000000,0.853375,0.094464,77202.200000,77194.260000
29791493,2026-08-23T12:53,77171.640000,-0.131000,-0.811025,2026-08-23,870.000000,0.218568,0.554824,77194.250000,77171.640000
29791494,2026-08-23T12:54,77151.880000,0.111100,0.113464,2026-08-23,857.000000,0.422356,0.125868,77171.650000,77144.900000
29791495,2026-08-23T12:55,77195.010000,0.373700,-0.748628,2026-08-23,795.000000,0.138195,0.734478,77195.020000,77151.870000
29791496,2026-08-23T12:56,77204.520000,0.379500,0.539232,2026-08-23,781.000000,0.145394,0.457658,77204.540000,77195.010000
29791497,2026-08-23T12:57,77202.990000,0.046000,-0.005182,2026-08-23,824.000000,0.505847,0.141759,77216.750000,77202.980000
29791498,2026-08-23T12:58,77200.700000,0.369500,-0.784820,2026-08-23,819.000000,0.316941,0.592233,77204.540000,77199.140000
29791499,2026-08-23T12:59,77201.580000,-0.059200,0.226399,2026-08-23,878.000000,2.126476,0.051354,77213.640000,77191.960000
29791500,2026-08-23T13:00,77209.170000,-0.081600,-0.909098,2026-08-23,837.000000,0.338513,0.803460,77209.170000,77201.580000
29791501,2026-08-23T13:01,77215.570000,0.027200,0.605079,2026-08-23,684.000000,0.482318,0.315775,77218.110000,77209.160000
29791502,2026-08-23T13:02,77211.420000,-0.182400,-0.367941,2026-08-23,861.000000,0.318820,0.222668,77223.840000,77210.160000
29791503,2026-08-23T13:03,77214.990000,-0.150000,-0.554529,2026-08-23,820.000000,0.127702,0.581252,77215.000000,77206.030000
29791504,2026-08-23T13:04,77204.760000,-0.086400,0.163168,2026-08-23,843.000000,0.573586,0.426246,77215.000000,77194.680000
29791505,2026-08-23T13:05,77205.070000,0.013300,-0.147825,2026-08-23,803.000000,0.223998,0.297432,77205.070000,77198.580000
29791506,2026-08-23T13:06,77208.240000,-0.511000,-0.402975,2026-08-23,838.000000,0.678637,0.526349,77211.100000,77205.050000
29791507,2026-08-23T13:07,77203.050000,-0.499200,0.052240,2026-08-23,814.000000,0.285572,0.369902,77208.810000,77198.960000
29791508,2026-08-23T13:08,77184.880000,0.021200,-0.243078,2026-08-23,849.000000,0.121146,0.675056,77203.060000,77183.490000
29791509,2026-08-23T13:09,77232.740000,-0.102900,0.329029,2026-08-23,907.000000,2.711496,0.627678,77236.580000,77184.870000
29791510,2026-08-23T13:10,77267.050000,-0.250000,0.262674,2026-08-23,870.000000,1.933754,0.535580,77280.000000,77236.570000
29791511,2026-08-23T13:11,77312.980000,-0.564200,0.059301,2026-08-23,867.000000,1.520262,0.562445,77312.980000,77266.800000
29791512,2026-08-23T13:12,77319.990000,-0.619400,0.123212,2026-08-23,827.000000,2.212386,0.848405,77320.000000,77312.970000
29791513,2026-08-23T13:13,77316.770000,-0.481300,0.696096,2026-08-23,837.000000,4.630604,0.068512,77320.000000,77311.520000
29791514,2026-08-23T13:14,77318.360000,-0.776700,-0.863961,2026-08-23,851.000000,0.435304,0.591928,77320.000000,77315.220000
29791515,2026-08-23T13:15,77322.650000,-0.122900,0.183760,2026-08-23,970.000000,21.266176,0.974228,77324.780000,77318.350000
29791516,2026-08-23T13:16,77324.990000,0.593100,0.948444,2026-08-23,886.000000,2.946200,0.283040,77325.000000,77312.980000
29791517,2026-08-23T13:17,77394.330000,-0.205500,-0.442778,2026-08-23,1270.000000,7.904275,0.500674,77428.010000,77321.620000
29791518,2026-08-23T13:18,77448.410000,-0.140200,-0.006128,2026-08-23,1449.000000,19.565580,0.775627,77518.470000,77381.750000
29791519,2026-08-23T13:19,77644.200000,-0.084500,0.581800,2026-08-23,2186.000000,27.615407,0.779381,77747.000000,77450.580000
29791520,2026-08-23T13:20,77526.900000,0.361900,0.548957,2026-08-23,1308.000000,14.229464,0.685148,77664.420000,77523.080000
29791521,2026-08-23T13:21,77465.770000,0.263100,0.350890,2026-08-23,1128.000000,8.284490,0.419256,77535.230000,77402.740000
29791522,2026-08-23T13:22,77526.890000,0.015000,-0.187539,2026-08-23,1174.000000,7.791341,0.591932,77526.900000,77431.930000
29791523,2026-08-23T13:23,77526.430000,0.125500,0.086421,2026-08-23,1111.000000,5.776355,0.312967,77608.450000,77507.210000
29791524,2026-08-23T13:24,77627.950000,0.206200,-0.267994,2026-08-23,1119.000000,7.962384,0.563874,77637.680000,77521.960000
29791525,2026-08-23T13:25,77500.010000,-0.138100,0.147311,2026-08-23,1167.000000,8.234908,0.223641,77627.950000,77500.000000
29791526,2026-08-23T13:26,77529.820000,0.105500,-0.552277,2026-08-23,1010.000000,3.267486,0.354047,77554.180000,77500.000000
29791527,2026-08-23T13:27,77519.260000,0.023000,-0.294347,2026-08-23,1089.000000,8.073277,0.349923,77553.640000,77502.650000
29791528,2026-08-23T13:28,77474.730000,-0.111100,-0.298309,2026-08-23,1002.000000,4.723832,0.519907,77522.920000,77474.560000
29791529,2026-08-23T13:29,77425.640000,-0.098000,0.031896,2026-08-23,993.000000,2.919203,0.345504,77474.730000,77408.480000
29791530,2026-08-23T13:30,77388.850000,0.036100,-0.218011,2026-08-23,1086.000000,7.774007,0.183154,77431.400000,77366.460000
29791531,2026-08-23T13:31,77436.400000,0.146500,-0.633978,2026-08-23,1007.000000,2.846375,0.566454,77490.220000,77339.060000
29791532,2026-08-23T13:32,77400.910000,-0.154600,0.118468,2026-08-23,1017.000000,5.137273,0.350204,77494.140000,77397.510000
29791533,2026-08-23T13:33,77416.610000,-0.154200,-0.338792,2026-08-23,990.000000,3.224551,0.454428,77419.940000,77339.720000
29791534,2026-08-23T13:34,77376.460000,0.217200,-0.105890,2026-08-23,1042.000000,6.337179,0.269620,77416.620000,77367.310000
29791535,2026-08-23T13:35,77351.950000,0.173400,-0.454037,2026-08-23,907.000000,1.195199,0.378233,77381.740000,77332.090000
29791536,2026-08-23T13:36,77457.600000,-0.071900,-0.152738,2026-08-23,923.000000,1.316719,0.637191,77468.890000,77351.950000
29791537,2026-08-23T13:37,77492.290000,-0.095600,0.166094,2026-08-23,965.000000,2.351458,0.568112,77497.630000,77442.860000
29791538,2026-08-23T13:38,77505.150000,-0.132900,0.152015,2026-08-23,834.000000,0.594820,0.660181,77507.800000,77465.780000
29791539,2026-08-23T13:39,77564.460000,0.454000,-0.260906,2026-08-23,1061.000000,7.262393,0.539006,77597.480000,77495.650000
29791540,2026-08-23T13:40,77559.860000,-0.049000,0.153429,2026-08-23,1018.000000,6.115488,0.407929,77606.950000,77542.180000
29791541,2026-08-23T13:41,77501.710000,0.326000,-0.247576,2026-08-23,934.000000,2.704963,0.494622,77559.860000,77501.710000
29791542,2026-08-23T13:42,77486.010000,0.024800,0.222084,2026-08-23,922.000000,2.035203,0.351468,77511.620000,77486.000000
29791543,2026-08-23T13:43,77490.330000,0.103900,-0.297081,2026-08-23,624.000000,0.561763,0.237963,77498.590000,77473.420000
29791544,2026-08-23T13:44,77510.290000,-0.089800,-0.503664,2026-08-23,838.000000,1.550666,0.819378,77510.290000,77481.060000
29791545,2026-08-23T13:45,77451.110000,-0.011800,0.455129,2026-08-23,1075.000000,5.861687,0.190053,77515.440000,77392.460000
29791546,2026-08-23T13:46,77504.090000,0.137300,-0.613260,2026-08-23,926.000000,5.753523,0.685187,77505.050000,77430.970000
29791547,2026-08-23T13:47,77550.920000,-0.103700,0.384808,2026-08-23,992.000000,5.055085,0.310812,77557.460000,77500.170000
29791548,2026-08-23T13:48,77519.260000,-0.204600,-0.383678,2026-08-23,963.000000,3.630722,0.392406,77551.530000,77509.360000
29791549,2026-08-23T13:49,77454.330000,-0.058200,-0.192435,2026-08-23,955.000000,2.387155,0.216228,77519.260000,77449.760000
29791550,2026-08-23T13:50,77446.680000,-0.168900,-0.571259,2026-08-23,956.000000,4.880122,0.410449,77477.240000,77446.680000
29791551,2026-08-23T13:51,77381.740000,-0.360400,-0.225782,2026-08-23,927.000000,2.427890,0.573188,77450.500000,77381.740000
29791552,2026-08-23T13:52,77375.010000,-0.113400,0.304376,2026-08-23,955.000000,5.749947,0.713656,77438.040000,77375.000000
29791553,2026-08-23T13:53,77404.320000,0.471300,0.345464,2026-08-23,851.000000,4.824393,0.373864,77427.900000,77357.980000
29791554,2026-08-23T13:54,77484.890000,0.035000,-0.205185,2026-08-23,1245.000000,8.828501,0.515900,77499.230000,77403.330000
29791555,2026-08-23T13:55,77465.800000,-0.317500,0.028306,2026-08-23,1147.000000,10.637832,0.423665,77492.520000,77441.320000
29791556,2026-08-23T13:56,77439.330000,0.445000,-0.216728,2026-08-23,1040.000000,5.794732,0.253518,77469.600000,77439.040000
29791557,2026-08-23T13:57,77444.920000,0.046700,-0.399351,2026-08-23,923.000000,1.248533,0.439885,77450.160000,77435.220000
29791558,2026-08-23T13:58,77456.900000,0.040000,-0.121396,2026-08-23,902.000000,1.283823,0.571805,77474.870000,77434.290000
29791559,2026-08-23T13:59,77481.790000,-0.057300,0.143584,2026-08-23,896.000000,1.237892,0.408845,77481.790000,77446.690000
29791560,2026-08-23T14:00,77507.790000,-0.062800,-0.253566,2026-08-23,966.000000,6.069680,0.528096,77512.050000,77473.910000
29791561,2026-08-23T14:01,77560.980000,-0.036500,0.077182,2026-08-23,910.000000,2.093649,0.469738,77560.980000,77507.790000
29791562,2026-08-23T14:02,77572.760000,-0.016300,-0.060680,2026-08-23,1013.000000,6.323715,0.664286,77616.060000,77560.970000
29791563,2026-08-23T14:03,77530.730000,0.079600,0.328615,2026-08-23,890.000000,1.683097,0.094225,77576.520000,77530.720000
29791564,2026-08-23T14:04,77546.010000,-0.234800,-0.811567,2026-08-23,934.000000,0.982437,0.697771,77561.280000,77511.440000
29791565,2026-08-23T14:05,77461.050000,-0.423400,0.273712,2026-08-23,978.000000,5.255993,0.383798,77556.450000,77459.050000
29791566,2026-08-23T14:06,77366.460000,0.209100,-0.219074,2026-08-23,1001.000000,4.405574,0.225591,77478.170000,77328.260000
29791567,2026-08-23T14:07,77342.420000,-0.460300,-0.434307,2026-08-23,1055.000000,5.551869,0.453725,77394.350000,77312.980000
29791568,2026-08-23T14:08,77418.900000,0.170500,-0.179051,2026-08-23,883.000000,1.251016,0.415424,77419.930000,77315.460000
29791569,2026-08-23T14:09,77408.260000,0.209300,-0.099467,2026-08-23,902.000000,0.523098,0.190371,77431.650000,77397.710000
29791570,2026-08-23T14:10,77473.420000,-0.137100,-0.627716,2026-08-23,862.000000,0.926376,0.408054,77473.420000,77408.260000
29791571,2026-08-23T14:11,77466.770000,-0.133900,-0.184884,2026-08-23,923.000000,3.486903,0.402085,77530.720000,77465.780000
29791572,2026-08-23T14:12,77511.620000,-0.036000,-0.195570,2026-08-23,787.000000,2.709483,0.460104,77513.170000,77465.780000
29791573,2026-08-23T14:13,77565.100000,-0.022300,-0.151940,2026-08-23,981.000000,1.937529,0.520368,77568.920000,77493.670000
29791574,2026-08-23T14:14,77541.880000,-0.451300,0.216029,2026-08-23,1035.000000,5.846259,0.424073,77574.670000,77518.610000
29791575,2026-08-23T14:15,77587.150000,-0.290600,-0.151489,2026-08-23,867.000000,1.001916,0.550283,77598.000000,77541.870000
29791576,2026-08-23T14:16,77609.120000,-0.236100,0.100915,2026-08-23,968.000000,3.649092,0.481025,77634.300000,77587.150000
29791577,2026-08-23T14:17,77557.460000,-0.260800,-0.035041,2026-08-23,921.000000,1.688802,0.647609,77609.130000,77557.460000
29791578,2026-08-23T14:18,77505.360000,-0.233500,0.293660,2026-08-23,948.000000,4.556572,0.170514,77574.130000,77505.340000
29791579,2026-08-23T14:19,77467.540000,0.061500,-0.658483,2026-08-23,1022.000000,2.411009,0.252898,77515.440000,77446.900000
29791580,2026-08-23T14:20,77482.080000,0.027600,-0.502343,2026-08-23,1025.000000,5.178941,0.402167,77500.830000,77467.530000
29791581,2026-08-23T14:21,77492.460000,-0.000500,-0.199748,2026-08-23,954.000000,1.954958,0.331993,77492.510000,77466.010000
29791582,2026-08-23T14:22,77426.300000,-0.032500,-0.327592,2026-08-23,974.000000,5.334770,0.304275,77488.720000,77423.670000
29791583,2026-08-23T14:23,77419.420000,-0.041600,-0.394009,2026-08-23,930.000000,2.860287,0.508801,77458.140000,77416.620000
29791584,2026-08-23T14:24,77414.860000,-0.091700,0.022545,2026-08-23,1006.000000,5.454349,0.505361,77450.500000,77399.000000
29791585,2026-08-23T14:25,77446.680000,-0.223300,0.014669,2026-08-23,1008.000000,6.664044,0.581544,77465.760000,77390.100000
29791586,2026-08-23T14:26,77463.510000,-0.223500,0.160616,2026-08-23,839.000000,0.775147,0.389231,77486.850000,77446.680000
29791587,2026-08-23T14:27,77461.960000,0.139200,-0.222358,2026-08-23,874.000000,1.071086,0.226619,77481.770000,77461.960000
29791588,2026-08-23T14:28,77482.140000,-0.046600,-0.538041,2026-08-23,865.000000,0.492230,0.296586,77488.610000,77461.960000
29791589,2026-08-23T14:29,77439.240000,-0.230900,-0.423881,2026-08-23,1030.000000,9.912302,0.115492,77482.150000,77394.500000
29791590,2026-08-23T14:30,77431.400000,0.071600,-0.769054,2026-08-23,1043.000000,10.677821,0.343030,77459.610000,77399.300000
29791591,2026-08-23T14:31,77441.710000,-0.292500,-0.313921,2026-08-23,859.000000,0.898814,0.302210,77458.130000,77431.400000
29791592,2026-08-23T14:32,77408.490000,-0.510000,-0.371305,2026-08-23,936.000000,2.428984,0.291116,77441.720000,77397.030000
29791593,2026-08-23T14:33,77433.120000,-0.086500,-0.405622,2026-08-23,1002.000000,5.709383,0.442698,77437.010000,77399.550000
29791594,2026-08-23T14:34,77412.740000,-0.442500,-0.120931,2026-08-23,847.000000,0.804620,0.299069,77433.130000,77408.480000
29791595,2026-08-23T14:35,77432.460000,0.007300,-0.398898,2026-08-23,963.000000,5.369964,0.335657,77441.470000,77412.740000
29791596,2026-08-23T14:36,77416.120000,0.086800,-0.364183,2026-08-23,872.000000,3.033583,0.590738,77436.760000,77413.710000
29791597,2026-08-23T14:37,77446.670000,0.012500,0.330183,2026-08-23,846.000000,6.452304,0.479728,77448.340000,77413.200000
29791598,2026-08-23T14:38,77450.080000,0.071200,-0.040320,2026-08-23,894.000000,2.778659,0.379421,77479.000000,77437.390000
29791599,2026-08-23T14:39,77426.670000,0.047700,-0.025024,2026-08-23,1009.000000,5.757289,0.505217,77468.940000,77416.120000
29791600,2026-08-23T14:40,77440.330000,0.034800,-0.101629,2026-08-23,934.000000,4.141885,0.455486,77454.320000,77419.030000
29791601,2026-08-23T14:41,77390.110000,0.028600,-0.089471,2026-08-23,952.000000,2.253886,0.310668,77450.490000,77373.160000
29791602,2026-08-23T14:42,76850.230000,-0.524000,-0.241117,2026-08-23,1548.000000,27.530170,0.321967,77412.850000,76812.200000
29791603,2026-08-23T14:43,77057.040000,0.340400,-0.366605,2026-08-23,2197.000000,15.356895,0.576954,77062.800000,76778.190000
29791604,2026-08-23T14:44,77010.180000,0.131100,0.154889,2026-08-23,2534.000000,20.893912,0.440889,77106.700000,76990.400000
29791605,2026-08-23T14:45,77018.850000,0.032100,-0.119658,2026-08-23,2493.000000,23.169153,0.421706,77175.460000,77010.180000
29791606,2026-08-23T14:46,77043.950000,0.049200,-0.155198,2026-08-23,2229.000000,6.661940,0.408170,77099.060000,77015.290000
29791607,2026-08-23T14:47,77094.240000,0.086800,-0.193612,2026-08-23,2271.000000,5.725848,0.545112,77137.250000,77042.020000
29791608,2026-08-23T14:48,77145.380000,-0.006700,0.090387,2026-08-23,2183.000000,2.243227,0.639240,77161.120000,77088.610000
29791609,2026-08-23T14:49,77191.790000,-0.242500,0.290784,2026-08-23,2168.000000,4.768055,0.745863,77212.240000,77130.460000
29791610,2026-08-23T14:50,77237.210000,-0.472400,0.449640,2026-08-23,2122.000000,2.440838,0.703003,77237.890000,77172.080000
29791611,2026-08-23T14:51,77179.040000,-0.234400,0.480668,2026-08-23,2068.000000,0.848332,0.402126,77248.810000,77167.820000
29791612,2026-08-23T14:52,77188.520000,-0.470800,-0.195564,2026-08-23,2081.000000,0.889161,0.383704,77206.550000,77167.820000
29791613,2026-08-23T14:53,77184.040000,-0.044500,-0.232773,2026-08-23,2094.000000,1.436672,0.616143,77206.400000,77164.000000
29791614,2026-08-23T14:54,77184.040000,0.581000,0.191155,2026-08-23,634.000000,0.364355,0.302314,77194.360000,77177.040000
29791615,2026-08-23T14:55,77180.830000,-0.130100,-0.317892,2026-08-23,3907.000000,6.720466,0.618600,77310.980000,77133.440000
29791616,2026-08-23T14:56,77175.460000,-0.082100,0.240876,2026-08-23,2103.000000,1.728712,0.276339,77229.790000,77167.820000
29791617,2026-08-23T14:57,77194.550000,0.105600,-0.473800,2026-08-23,2042.000000,2.374962,0.449913,77194.560000,77125.800000
29791618,2026-08-23T14:58,77159.170000,-0.096300,-0.103750,2026-08-23,1995.000000,1.922829,0.282797,77194.560000,77140.870000
29791619,2026-08-23T14:59,77180.450000,-0.099600,-0.422304,2026-08-23,2045.000000,1.248966,0.413008,77182.080000,77144.900000
29791620,2026-08-23T15:00,77118.150000,-0.009700,-0.143606,2026-08-23,2230.000000,3.372983,0.363707,77214.530000,77053.140000
29791621,2026-08-23T15:01,77254.740000,0.083800,-0.278988,2026-08-23,2099.000000,3.615492,0.504767,77255.680000,77121.980000
29791622,2026-08-23T15:02,77175.460000,0.047900,0.001227,2026-08-23,2160.000000,2.254873,0.184539,77274.780000,77153.710000
29791623,2026-08-23T15:03,77190.740000,0.151700,-0.631000,2026-08-23,2139.000000,1.350486,0.635735,77237.990000,77154.670000
29791624,2026-08-23T15:04,77251.860000,0.077800,0.272171,2026-08-23,2098.000000,2.475552,0.097183,77251.860000,77190.730000
29791625,2026-08-23T15:05,77323.050000,-0.208700,-0.805623,2026-08-23,2420.000000,13.496064,0.412177,77329.310000,77232.090000
29791626,2026-08-23T15:06,77286.240000,0.050000,-0.180190,2026-08-23,2383.000000,7.296259,0.427475,77327.790000,77269.130000
29791627,2026-08-23T15:07,77295.790000,-0.061000,-0.059180,2026-08-23,2326.000000,5.442054,0.575408,77322.830000,77263.940000
29791628,2026-08-23T15:08,77246.490000,0.047700,0.061796,2026-08-23,2054.000000,0.382187,0.662298,77292.370000,77239.460000
29791629,2026-08-23T15:09,77274.770000,-0.176700,0.325003,2026-08-23,2072.000000,1.050315,0.305384,77285.710000,77221.300000
29791630,2026-08-23T15:10,77282.100000,-0.233200,-0.239814,2026-08-23,2099.000000,1.713877,0.737723,77293.810000,77272.610000
29791631,2026-08-23T15:11,77228.950000,-0.059800,0.436772,2026-08-23,2044.000000,0.475078,0.315452,77282.420000,77225.120000
29791632,2026-08-23T15:12,77219.830000,0.046700,-0.368846,2026-08-23,2081.000000,1.207549,0.537713,77239.680000,77202.210000
29791633,2026-08-23T15:13,77183.100000,-0.181700,0.076172,2026-08-23,2125.000000,0.794085,0.304308,77219.830000,77164.010000
29791634,2026-08-23T15:14,77144.900000,0.241000,-0.393230,2026-08-23,2111.000000,1.201994,0.118290,77184.650000,77144.900000
29791635,2026-08-23T15:15,77150.010000,0.078100,-0.762674,2026-08-23,2139.000000,5.187808,0.908950,77167.820000,77114.340000
29791636,2026-08-23T15:16,77098.540000,0.630100,0.687844,2026-08-23,2200.000000,11.687149,0.214650,77150.010000,77057.050000
29791637,2026-08-23T15:17,77099.080000,0.506800,-0.561429,2026-08-23,2082.000000,0.743086,0.317756,77131.010000,77095.240000
29791638,2026-08-23T15:18,77087.600000,-0.140500,-0.212958,2026-08-23,2094.000000,4.385358,0.059476,77109.980000,77069.000000
29791639,2026-08-23T15:19,76999.740000,0.340900,-0.881626,2026-08-23,2250.000000,5.664780,0.264403,77087.600000,76910.170000
29791640,2026-08-23T15:20,77068.510000,-0.174000,-0.446018,2026-08-23,2144.000000,2.289321,0.295689,77079.900000,76977.600000
29791641,2026-08-23T15:21,77148.710000,-0.021200,-0.346107,2026-08-23,1576.000000,4.491372,0.358341,77156.360000,77068.110000
29791642,2026-08-23T15:22,77200.640000,0.079400,-0.346568,2026-08-23,1745.000000,2.367152,0.754424,77232.760000,77132.060000
29791643,2026-08-23T15:23,77150.760000,0.160400,0.534019,2026-08-23,2133.000000,2.610752,0.246475,77228.690000,77134.310000
29791644,2026-08-23T15:24,77206.010000,0.009400,-0.508089,2026-08-23,2079.000000,2.213562,0.155881,77206.020000,77149.300000
29791645,2026-08-23T15:25,77208.610000,-0.074400,-0.701603,2026-08-23,2078.000000,1.907826,0.638510,77218.510000,77197.620000
29791646,2026-08-23T15:26,77208.920000,-0.356700,0.348167,2026-08-23,2064.000000,3.096306,0.313236,77211.380000,77183.100000
29791647,2026-08-23T15:27,77194.550000,-0.180400,-0.374601,2026-08-23,1999.000000,0.672917,0.270897,77209.830000,77183.990000
29791648,2026-08-23T15:28,77170.960000,-0.082100,-0.489631,2026-08-23,2048.000000,0.511453,0.131041,77194.560000,77167.830000
29791649,2026-08-23T15:29,77185.600000,-0.083500,-0.722386,2026-08-23,2048.000000,1.201242,0.695626,77186.920000,77166.080000
29791650,2026-08-23T15:30,77210.360000,-0.274300,0.390961,2026-08-23,2021.000000,1.431760,0.705643,77213.000000,77185.380000
29791651,2026-08-23T15:31,77244.230000,-0.254700,0.633807,2026-08-23,2079.000000,2.725251,0.585364,77259.000000,77210.360000
29791652,2026-08-23T15:32,77152.540000,-0.084100,-0.218171,2026-08-23,2160.000000,3.424660,0.159249,77244.230000,77152.540000
29791653,2026-08-23T15:33,77123.270000,-0.056200,-0.681271,2026-08-23,2089.000000,2.902460,0.183758,77152.550000,77118.160000
29791654,2026-08-23T15:34,77151.460000,-0.101400,-0.632745,2026-08-23,2051.000000,1.646770,0.652306,77159.440000,77118.160000
29791655,2026-08-23T15:35,77198.390000,-0.025600,0.304612,2026-08-23,2024.000000,2.727165,0.451146,77209.840000,77154.420000
29791656,2026-08-23T15:36,77184.710000,-0.041900,-0.097773,2026-08-23,2027.000000,0.576640,0.571880,77202.070000,77181.550000
29791657,2026-08-23T15:37,77202.570000,0.101800,0.146000,2026-08-23,2095.000000,2.921918,0.127441,77202.570000,77176.650000
29791658,2026-08-23T15:38,77232.760000,0.278400,-0.745878,2026-08-23,2050.000000,2.518605,0.177261,77236.580000,77192.200000
29791659,2026-08-23T15:39,77258.990000,-0.257900,-0.645933,2026-08-23,2002.000000,1.551641,0.850228,77259.000000,77232.390000
29791660,2026-08-23T15:40,77252.520000,-0.201100,0.693368,2026-08-23,2114.000000,2.096015,0.604608,77266.160000,77242.600000
29791661,2026-08-23T15:41,77255.620000,-0.476700,0.217376,2026-08-23,2160.000000,2.298776,0.596603,77263.310000,77244.220000
29791662,2026-08-23T15:42,77251.100000,-0.529600,0.191095,2026-08-23,2038.000000,2.257346,0.767344,77255.630000,77244.240000
29791663,2026-08-23T15:43,77284.680000,0.118600,0.542499,2026-08-23,2152.000000,3.102883,0.956357,77290.060000,77244.230000
29791664,2026-08-23T15:44,77255.640000,0.082000,0.911617,2026-08-23,2107.000000,0.747355,0.494662,77305.340000,77254.740000
29791665,2026-08-23T15:45,77185.140000,-0.173500,-0.283594,2026-08-23,2155.000000,2.267898,0.336642,77254.750000,77183.100000
29791666,2026-08-23T15:46,77202.210000,-0.178700,-0.229590,2026-08-23,980.000000,1.217228,0.237847,77236.580000,77183.100000
29791667,2026-08-23T15:47,77206.020000,-0.178600,-0.524320,2026-08-23,921.000000,1.708894,0.509493,77225.120000,77194.560000
29791668,2026-08-23T15:48,77207.110000,-0.259600,0.018897,2026-08-23,904.000000,0.756835,0.646260,77207.120000,77165.570000
29791669,2026-08-23T15:49,77173.420000,-0.057900,0.225057,2026-08-23,906.000000,1.672078,0.240141,77207.120000,77171.230000
29791670,2026-08-23T15:50,77166.200000,-0.134200,-0.450876,2026-08-23,871.000000,0.311075,0.639191,77173.200000,77160.180000
29791671,2026-08-23T15:51,77191.140000,-0.435600,0.093196,2026-08-23,822.000000,0.639036,0.474198,77192.710000,77158.630000
29791672,2026-08-23T15:52,77172.020000,0.075300,-0.125904,2026-08-23,900.000000,1.118868,0.230508,77198.340000,77168.230000
29791673,2026-08-23T15:53,77158.960000,-0.002200,-0.514663,2026-08-23,820.000000,0.357715,0.499589,77186.920000,77158.810000
29791674,2026-08-23T15:54,77166.860000,-0.332700,-0.000268,2026-08-23,926.000000,2.380477,0.208858,77174.810000,77149.300000
29791675,2026-08-23T15:55,77148.730000,-0.276400,-0.600329,2026-08-23,917.000000,0.872846,0.212671,77166.870000,77148.240000
29791676,2026-08-23T15:56,77193.860000,-0.448300,-0.516638,2026-08-23,848.000000,1.239272,0.670491,77195.480000,77148.720000
29791677,2026-08-23T15:57,77135.570000,-0.031400,0.333378,2026-08-23,862.000000,1.336390,0.316892,77193.860000,77129.620000
29791678,2026-08-23T15:58,77116.670000,-0.162400,-0.362846,2026-08-23,866.000000,1.142516,0.498328,77141.090000,77115.360000
29791679,2026-08-23T15:59,77133.450000,-0.015900,0.003874,2026-08-23,805.000000,0.393856,0.512622,77153.790000,77116.670000
29791680,2026-08-23T16:00,77179.990000,-0.274100,0.006968,2026-08-23,883.000000,2.428374,0.280869,77188.410000,77133.440000
29791681,2026-08-23T16:01,77198.380000,-0.269100,-0.438903,2026-08-23,845.000000,0.269557,0.935351,77198.380000,77179.990000
29791682,2026-08-23T16:02,77211.170000,0.148300,0.875576,2026-08-23,886.000000,4.611236,0.222816,77211.170000,77190.730000
29791683,2026-08-23T16:03,77244.230000,-0.127700,-0.557231,2026-08-23,899.000000,1.916325,0.729666,77286.230000,77209.910000
29791684,2026-08-23T16:04,77248.040000,-0.076100,0.435325,2026-08-23,880.000000,1.382057,0.226512,77259.500000,77240.410000
29791685,2026-08-23T16:05,77244.200000,-0.287500,-0.540165,2026-08-23,857.000000,0.733609,0.618140,77248.050000,77218.180000
29791686,2026-08-23T16:06,77221.320000,-0.058500,0.245078,2026-08-23,827.000000,0.365299,0.784848,77248.040000,77221.310000
29791687,2026-08-23T16:07,77210.270000,-0.358200,0.568610,2026-08-23,888.000000,0.733386,0.611650,77225.650000,77198.920000
29791688,2026-08-23T16:08,77228.950000,-0.009300,0.223299,2026-08-23,841.000000,1.568402,0.853212,77240.020000,77210.270000
29791689,2026-08-23T16:09,77191.540000,0.464300,0.706424,2026-08-23,871.000000,1.821227,0.137201,77231.350000,77189.190000
29791690,2026-08-23T16:10,77230.740000,0.069700,-0.726602,2026-08-23,822.000000,0.818136,0.372813,77230.740000,77190.890000
29791691,2026-08-23T16:11,77258.360000,-0.023900,-0.418731,2026-08-23,840.000000,0.569837,0.361261,77263.320000,77230.730000
29791692,2026-08-23T16:12,77248.170000,-0.097200,0.245240,2026-08-23,835.000000,0.576159,0.399300,77274.760000,77232.760000
29791693,2026-08-23T16:13,77263.600000,0.166600,-0.214215,2026-08-23,872.000000,0.252171,0.758942,77263.600000,77240.400000
29791694,2026-08-23T16:14,77259.490000,0.100800,-0.053937,2026-08-23,941.000000,3.937696,0.237357,77263.600000,77249.990000
29791695,2026-08-23T16:15,77234.620000,-0.055500,-0.505052,2026-08-23,867.000000,0.408064,0.465270,77264.220000,77228.940000
29791696,2026-08-23T16:16,77280.900000,0.067400,0.072890,2026-08-23,935.000000,2.875047,0.139768,77301.520000,77234.630000
29791697,2026-08-23T16:17,77244.230000,0.068100,-0.759420,2026-08-23,871.000000,1.788522,0.181252,77296.570000,77244.230000
29791698,2026-08-23T16:18,77222.860000,0.179000,-0.635509,2026-08-23,859.000000,1.569228,0.108551,77250.510000,77221.300000
29791699,2026-08-23T16:19,77222.860000,-0.230100,-0.684750,2026-08-23,914.000000,2.673899,0.546796,77264.670000,77222.860000
29791700,2026-08-23T16:20,77265.730000,-0.347200,0.053002,2026-08-23,897.000000,1.826564,0.351411,77266.210000,77194.560000
29791701,2026-08-23T16:21,77253.760000,-0.021400,-0.290338,2026-08-23,866.000000,1.602386,0.359876,77264.760000,77240.400000
29791702,2026-08-23T16:22,77245.490000,-0.032900,-0.307104,2026-08-23,895.000000,3.358385,0.721565,77253.760000,77238.520000
29791703,2026-08-23T16:23,77255.560000,0.201200,0.470355,2026-08-23,831.000000,1.410381,0.226489,77259.490000,77239.710000
29791704,2026-08-23T16:24,77251.050000,-0.197200,-0.546147,2026-08-23,838.000000,1.188293,0.187319,77264.830000,77242.310000
29791705,2026-08-23T16:25,77298.990000,-0.291900,-0.625352,2026-08-23,960.000000,5.943829,0.605736,77299.000000,77243.500000
29791706,2026-08-23T16:26,77280.540000,-0.012000,0.210785,2026-08-23,838.000000,0.861350,0.199811,77299.000000,77272.760000
29791707,2026-08-23T16:27,77286.230000,0.283800,-0.599138,2026-08-23,855.000000,3.323096,0.051456,77286.230000,77272.760000
29791708,2026-08-23T16:28,77297.700000,-0.035500,-0.897080,2026-08-23,981.000000,2.340070,0.383559,77297.700000,77286.220000
29791709,2026-08-23T16:29,77306.320000,-0.188000,-0.233010,2026-08-23,846.000000,0.701898,0.216015,77316.790000,77290.060000
29791710,2026-08-23T16:30,77297.710000,-0.272200,-0.567612,2026-08-23,826.000000,1.098917,0.170294,77316.520000,77291.450000
29791711,2026-08-23T16:31,77316.790000,0.299700,-0.652055,2026-08-23,895.000000,4.796244,0.088616,77316.800000,77295.670000
29791712,2026-08-23T16:32,77358.820000,0.001900,-0.824664,2026-08-23,1036.000000,2.154034,0.437982,77366.460000,77316.780000
29791713,2026-08-23T16:33,77336.460000,0.048300,-0.123388,2026-08-23,988.000000,4.839158,0.204494,77400.840000,77335.900000
29791714,2026-08-23T16:34,77397.010000,-0.315200,-0.591431,2026-08-23,874.000000,3.938225,0.347286,77403.680000,77326.950000
29791715,2026-08-23T16:35,77392.210000,-0.026100,-0.304496,2026-08-23,938.000000,5.605368,0.137226,77407.710000,77384.510000
29791716,2026-08-23T16:36,77374.110000,0.097700,-0.726277,2026-08-23,1068.000000,5.708826,0.238599,77395.540000,77355.000000
29791717,2026-08-23T16:37,77320.610000,0.111000,-0.522818,2026-08-23,960.000000,3.345564,0.133694,77379.670000,77305.350000
29791718,2026-08-23T16:38,77354.010000,0.130400,-0.732941,2026-08-23,840.000000,0.966089,0.218864,77355.000000,77320.610000
29791719,2026-08-23T16:39,77371.540000,-0.035400,-0.561317,2026-08-23,865.000000,1.132954,0.344643,77374.980000,77347.360000
29791720,2026-08-23T16:40,77364.200000,0.071300,-0.311404,2026-08-23,907.000000,1.026995,0.124075,77371.540000,77362.640000
29791721,2026-08-23T16:41,77370.270000,0.032400,-0.751851,2026-08-23,865.000000,1.113166,0.425806,77371.540000,77347.370000
29791722,2026-08-23T16:42,77409.650000,0.373500,-0.141563,2026-08-23,843.000000,1.494109,0.451942,77409.660000,77371.540000
29791723,2026-08-23T16:43,77392.080000,0.231200,-0.246782,2026-08-23,861.000000,3.028696,0.597968,77431.020000,77392.080000
29791724,2026-08-23T16:44,77362.640000,0.086200,0.317016,2026-08-23,842.000000,2.457810,0.063416,77392.090000,77358.720000
29791725,2026-08-23T16:45,77384.570000,-0.034600,-0.872556,2026-08-23,851.000000,3.603605,0.097871,77386.500000,77339.730000
29791726,2026-08-23T16:46,77397.010000,-0.109700,-0.802398,2026-08-23,833.000000,1.266188,0.244817,77399.610000,77376.770000
29791727,2026-08-23T16:47,77399.170000,-0.257500,-0.515066,2026-08-23,851.000000,1.206343,0.292601,77404.660000,77374.840000
29791728,2026-08-23T16:48,77376.740000,0.086700,-0.413905,2026-08-23,805.000000,0.969237,0.074974,77399.170000,77366.460000
29791729,2026-08-23T16:49,77360.170000,0.039900,-0.800534,2026-08-23,790.000000,0.751135,0.345515,77385.560000,77359.980000
29791730,2026-08-23T16:50,77383.700000,-0.257100,-0.358694,2026-08-23,807.000000,1.706914,0.591815,77385.850000,77360.180000
29791731,2026-08-23T16:51,77430.550000,-0.333200,0.184176,2026-08-23,967.000000,8.353207,0.653734,77458.140000,77381.190000
29791732,2026-08-23T16:52,77400.010000,-0.343100,0.292395,2026-08-23,986.000000,5.813366,0.185759,77454.320000,77400.000000
29791733,2026-08-23T16:53,77400.850000,-0.390300,-0.625097,2026-08-23,841.000000,0.728136,0.628140,77417.650000,77396.070000
29791734,2026-08-23T16:54,77380.990000,-0.050400,0.253887,2026-08-23,793.000000,1.505420,0.349108,77400.850000,77375.870000
29791735,2026-08-23T16:55,77389.390000,-0.398600,-0.301215,2026-08-23,694.000000,1.072766,0.284238,77398.970000,77381.000000
29791736,2026-08-23T16:56,77400.830000,-0.202100,-0.431524,2026-08-23,956.000000,0.568929,0.360894,77406.640000,77389.380000
29791737,2026-08-23T16:57,77423.760000,0.144200,-0.278213,2026-08-23,852.000000,0.780489,0.288477,77423.760000,77397.020000
29791738,2026-08-23T16:58,77416.350000,-0.155100,-0.423044,2026-08-23,833.000000,0.969507,0.160329,77442.860000,77408.380000
29791739,2026-08-23T16:59,77405.670000,-0.089400,-0.658015,2026-08-23,813.000000,0.836668,0.204620,77420.000000,77404.670000
29791740,2026-08-23T17:00,77433.120000,-0.443900,-0.614888,2026-08-23,896.000000,1.949487,0.342797,77433.700000,77405.660000
29791741,2026-08-23T17:01,77363.460000,0.268400,-0.328593,2026-08-23,863.000000,1.791474,0.214851,77433.130000,77350.800000
29791742,2026-08-23T17:02,77288.710000,-0.050600,-0.617702,2026-08-23,962.000000,8.784680,0.031169,77363.450000,77277.340000
29791743,2026-08-23T17:03,77173.010000,0.227400,-0.934348,2026-08-23,1154.000000,7.945806,0.126188,77288.720000,77133.440000
29791744,2026-08-23T17:04,77199.670000,-0.305400,-0.752599,2026-08-23,902.000000,1.592243,0.577408,77224.800000,77160.200000
29791745,2026-08-23T17:05,77295.900000,-0.220800,0.257252,2026-08-23,980.000000,5.327763,0.327154,77301.520000,77198.490000
29791746,2026-08-23T17:06,77313.900000,-0.190300,-0.346888,2026-08-23,883.000000,1.339032,0.276636,77320.620000,77282.280000
29791747,2026-08-23T17:07,77253.390000,-0.094700,-0.443987,2026-08-23,936.000000,4.181755,0.252244,77350.780000,77251.870000
29791748,2026-08-23T17:08,77305.670000,0.089600,-0.488463,2026-08-23,899.000000,2.071797,0.184383,77320.010000,77251.870000
29791749,2026-08-23T17:09,77323.180000,-0.054400,-0.646596,2026-08-23,873.000000,1.057014,0.407135,77326.980000,77309.520000
29791750,2026-08-23T17:10,77270.490000,0.030800,-0.189651,2026-08-23,955.000000,2.974547,0.360156,77328.710000,77257.340000
29791751,2026-08-23T17:11,77273.670000,0.348800,-0.278382,2026-08-23,825.000000,2.015129,0.048887,77285.300000,77255.680000
29791752,2026-08-23T17:12,77297.110000,-0.125400,-0.902226,2026-08-23,897.000000,4.975364,0.820232,77305.340000,77259.510000
29791753,2026-08-23T17:13,77293.890000,-0.068400,0.639910,2026-08-23,845.000000,1.261927,0.061411,77309.160000,77293.880000
29791754,2026-08-23T17:14,77266.170000,0.021500,-0.877014,2026-08-23,918.000000,1.795125,0.252723,77299.800000,77263.230000
29791755,2026-08-23T17:15,77198.380000,0.177300,-0.494333,2026-08-23,961.000000,5.573715,0.127772,77285.440000,77171.680000
29791756,2026-08-23T17:16,77221.290000,0.271100,-0.745326,2026-08-23,893.000000,1.108072,0.687035,77235.380000,77191.550000
29791757,2026-08-23T17:17,77299.990000,-0.382200,0.394806,2026-08-23,824.000000,1.360843,0.434648,77300.000000,77213.660000
29791758,2026-08-23T17:18,77330.170000,-0.084900,-0.208074,2026-08-23,865.000000,2.995719,0.735259,77340.250000,77253.010000
29791759,2026-08-23T17:19,77359.620000,-0.066900,0.538492,2026-08-23,870.000000,1.985348,0.171558,77359.630000,77332.080000
29791760,2026-08-23T17:20,77347.040000,0.129600,-0.645704,2026-08-23,849.000000,1.213914,0.305340,77359.630000,77339.730000
29791761,2026-08-23T17:21,77317.640000,-0.273500,-0.404929,2026-08-23,895.000000,1.350458,0.186753,77355.000000,77316.810000
29791762,2026-08-23T17:22,77359.620000,0.031100,-0.626494,2026-08-23,805.000000,1.091882,0.410845,77359.630000,77316.800000
29791763,2026-08-23T17:23,77330.960000,-0.076400,-0.151808,2026-08-23,884.000000,2.590386,0.098374,77376.640000,77325.380000
29791764,2026-08-23T17:24,77274.790000,0.267800,-0.820912,2026-08-23,860.000000,2.288631,0.570416,77331.050000,77274.780000
29791765,2026-08-23T17:25,77283.300000,0.019800,0.165656,2026-08-23,791.000000,0.842104,0.733524,77286.240000,77265.390000
29791766,2026-08-23T17:26,77258.320000,0.093600,0.417627,2026-08-23,890.000000,1.428917,0.160093,77283.940000,77253.800000
29791767,2026-08-23T17:27,77240.400000,-0.018900,-0.676058,2026-08-23,879.000000,3.409507,0.304271,77259.500000,77240.400000
29791768,2026-08-23T17:28,77213.360000,0.382200,-0.456508,2026-08-23,869.000000,1.887534,0.175958,77240.410000,77213.350000
29791769,2026-08-23T17:29,77243.350000,0.119500,-0.478151,2026-08-23,908.000000,1.538146,0.459906,77243.350000,77213.360000
29791770,2026-08-23T17:30,77225.330000,0.086100,-0.177295,2026-08-23,962.000000,3.869229,0.229846,77243.350000,77218.460000
29791771,2026-08-23T17:31,77147.570000,-0.161700,-0.531174,2026-08-23,978.000000,2.727431,0.202500,77225.340000,77146.590000
29791772,2026-08-23T17:32,77228.930000,-0.159400,-0.594984,2026-08-23,965.000000,1.800718,0.287480,77228.940000,77132.440000
29791773,2026-08-23T17:33,77213.670000,-0.076700,-0.430522,2026-08-23,903.000000,1.242823,0.147337,77237.860000,77211.290000
29791774,2026-08-23T17:34,77245.260000,-0.070900,-0.700665,2026-08-23,880.000000,1.602836,0.384497,77251.090000,77213.670000
29791775,2026-08-23T17:35,77258.120000,0.010900,-0.232343,2026-08-23,812.000000,0.509585,0.265132,77259.330000,77245.250000
29791776,2026-08-23T17:36,77254.330000,0.054100,-0.464940,2026-08-23,791.000000,2.374367,0.149020,77265.580000,77248.040000
29791777,2026-08-23T17:37,77280.420000,0.052800,-0.703054,2026-08-23,836.000000,1.964432,0.140562,77301.520000,77254.320000
29791778,2026-08-23T17:38,77276.150000,-0.073100,-0.718157,2026-08-23,820.000000,0.340808,0.627641,77281.790000,77266.270000
29791779,2026-08-23T17:39,77228.950000,0.306000,0.256188,2026-08-23,813.000000,0.466448,0.280127,77280.270000,77228.940000
29791780,2026-08-23T17:40,77232.760000,0.190900,-0.442628,2026-08-23,834.000000,0.411662,0.550605,77247.570000,77231.280000
29791781,2026-08-23T17:41,77225.120000,0.137700,0.089656,2026-08-23,805.000000,0.295963,0.417969,77244.030000,77225.120000
29791782,2026-08-23T17:42,77236.580000,-0.084500,-0.220963,2026-08-23,946.000000,3.773777,0.108340,77240.400000,77183.100000
29791783,2026-08-23T17:43,77252.230000,0.067000,-0.782067,2026-08-23,860.000000,1.277875,0.677351,77260.680000,77229.830000
29791784,2026-08-23T17:44,77229.010000,0.032000,0.347317,2026-08-23,930.000000,6.204677,0.898847,77270.010000,77229.000000
29791785,2026-08-23T17:45,77305.800000,-0.093300,0.799980,2026-08-23,875.000000,1.873119,0.384745,77315.390000,77229.000000
29791786,2026-08-23T17:46,77279.350000,0.223100,-0.262880,2026-08-23,857.000000,1.376037,0.352608,77315.390000,77278.550000
29791787,2026-08-23T17:47,77228.950000,0.078600,-0.289000,2026-08-23,877.000000,1.659842,0.164101,77287.270000,77228.940000
29791788,2026-08-23T17:48,77237.640000,-0.129500,-0.674224,2026-08-23,873.000000,2.694806,0.698616,77247.060000,77214.490000
29791789,2026-08-23T17:49,77242.360000,-0.358300,0.397398,2026-08-23,800.000000,0.522234,0.284805,77243.280000,77236.340000
29791790,2026-08-23T17:50,77226.260000,-0.170200,-0.432191,2026-08-23,822.000000,0.537485,0.114796,77242.360000,77225.120000
29791791,2026-08-23T17:51,77232.760000,-0.075500,-0.770429,2026-08-23,865.000000,4.213231,0.060721,77244.210000,77226.250000
29791792,2026-08-23T17:52,77240.140000,0.106700,-0.867236,2026-08-23,1033.000000,5.776275,0.078990,77252.410000,77232.770000
29791793,2026-08-23T17:53,77265.620000,0.104900,-0.857394,2026-08-23,1028.000000,6.765827,0.081924,77267.080000,77239.200000
29791794,2026-08-23T17:54,77224.730000,-0.412300,-0.832820,2026-08-23,822.000000,1.199894,0.199325,77270.960000,77219.280000
29791795,2026-08-23T17:55,77192.170000,0.000500,-0.594203,2026-08-23,880.000000,1.960470,0.171868,77231.200000,77183.100000
29791796,2026-08-23T17:56,77204.110000,0.099700,-0.058391,2026-08-23,424.000000,1.608118,0.706639,77205.120000,77188.280000
29791797,2026-08-23T17:57,77200.230000,-0.235600,-0.521969,2026-08-23,1234.000000,1.619162,0.462698,77213.660000,77198.380000
29791798,2026-08-23T17:58,77207.320000,-0.039400,-0.074604,2026-08-23,813.000000,2.300212,0.521211,77207.320000,77194.560000
29791799,2026-08-23T17:59,77167.830000,-0.040500,0.042421,2026-08-23,828.000000,1.138608,0.200632,77211.320000,77167.830000
29791800,2026-08-23T18:00,77173.850000,-0.044700,-0.599088,2026-08-23,911.000000,2.417535,0.178844,77186.920000,77148.720000
29791801,2026-08-23T18:01,77177.140000,0.014300,-0.641822,2026-08-23,876.000000,1.644171,0.318297,77183.100000,77153.130000
29791802,2026-08-23T18:02,77185.330000,-0.291500,-0.352292,2026-08-23,929.000000,2.254431,0.204297,77198.380000,77164.000000
29791803,2026-08-23T18:03,77166.790000,-0.207500,-0.549821,2026-08-23,899.000000,2.938373,0.196763,77192.950000,77166.790000
29791804,2026-08-23T18:04,77170.740000,0.029100,-0.648907,2026-08-23,842.000000,0.663708,0.264139,77192.820000,77164.970000
29791805,2026-08-23T18:05,77157.290000,0.867300,-0.468016,2026-08-23,938.000000,5.451121,0.378195,77170.750000,77150.010000
29791806,2026-08-23T18:06,77152.540000,0.366500,-0.243536,2026-08-23,943.000000,26.712107,0.053716,77171.910000,77135.010000
29791807,2026-08-23T18:07,77106.710000,0.091200,-0.892569,2026-08-23,906.000000,3.047743,0.236480,77160.180000,77106.700000
29791808,2026-08-23T18:08,77152.540000,-0.059600,-0.528694,2026-08-23,919.000000,1.141501,0.561139,77158.250000,77100.000000
29791809,2026-08-23T18:09,77213.650000,-0.045500,0.132163,2026-08-23,870.000000,3.035394,0.201183,77213.660000,77152.540000
29791810,2026-08-23T18:10,77245.800000,-0.090100,-0.595996,2026-08-23,983.000000,30.921000,0.932891,77247.490000,77213.650000
29791811,2026-08-23T18:11,77274.790000,-0.403000,0.856546,2026-08-23,910.000000,5.612207,0.359139,77320.390000,77243.910000
29791812,2026-08-23T18:12,77389.120000,0.012500,-0.260916,2026-08-23,847.000000,3.877735,0.636373,77389.380000,77265.810000
29791813,2026-08-23T18:13,77353.490000,0.203000,0.270687,2026-08-23,887.000000,3.604690,0.081408,77396.920000,77339.730000
29791814,2026-08-23T18:14,77333.390000,0.065000,-0.838975,2026-08-23,969.000000,9.842302,0.444795,77365.750000,77316.810000
29791815,2026-08-23T18:15,77379.220000,0.209800,-0.111119,2026-08-23,811.000000,2.048853,0.402632,77381.740000,77327.750000
29791816,2026-08-23T18:16,77342.610000,0.225600,-0.317854,2026-08-23,904.000000,2.896954,0.385098,77396.620000,77323.300000
29791817,2026-08-23T18:17,77351.180000,0.033500,-0.105898,2026-08-23,873.000000,0.822818,0.288055,77378.920000,77339.730000
29791818,2026-08-23T18:18,77336.380000,0.348800,-0.465925,2026-08-23,871.000000,2.452141,0.751028,77351.190000,77324.450000
29791819,2026-08-23T18:19,77309.520000,-0.018300,0.498670,2026-08-23,874.000000,4.620713,0.037285,77340.650000,77309.520000
29791820,2026-08-23T18:20,77328.260000,0.002700,-0.842096,2026-08-23,983.000000,2.580017,0.453326,77328.260000,77286.240000
29791821,2026-08-23T18:21,77324.990000,-0.206000,-0.225342,2026-08-23,876.000000,0.784434,0.367006,77331.020000,77303.720000
29791822,2026-08-23T18:22,77290.140000,-0.134100,-0.153130,2026-08-23,795.000000,0.635946,0.266516,77325.000000,77290.130000
29791823,2026-08-23T18:23,77316.520000,-0.211000,-0.224907,2026-08-23,907.000000,6.565619,0.385634,77320.620000,77245.770000
29791824,2026-08-23T18:24,77310.710000,-0.284900,-0.252908,2026-08-23,857.000000,1.067447,0.343795,77324.440000,77310.710000
29791825,2026-08-23T18:25,77335.640000,0.311900,-0.345094,2026-08-23,855.000000,1.362345,0.658176,77335.900000,77294.360000
29791826,2026-08-23T18:26,77349.990000,-0.033800,0.371533,2026-08-23,828.000000,0.899178,0.167277,77352.130000,77335.630000
29791827,2026-08-23T18:27,77362.640000,-0.358500,-0.585861,2026-08-23,832.000000,1.656609,0.652247,77374.710000,77350.000000
29791828,2026-08-23T18:28,77358.830000,0.335400,0.105200,2026-08-23,893.000000,1.364482,0.193185,77395.720000,77358.820000
29791829,2026-08-23T18:29,77343.540000,0.178700,-0.523290,2026-08-23,875.000000,1.445343,0.147870,77375.440000,77338.500000
29791830,2026-08-23T18:30,77335.900000,-0.142200,-0.712066,2026-08-23,889.000000,1.232035,0.142118,77354.960000,77332.910000
29791831,2026-08-23T18:31,77316.800000,0.037000,-0.704816,2026-08-23,890.000000,0.563078,0.376802,77335.910000,77305.340000
29791832,2026-08-23T18:32,77297.710000,0.312900,-0.248429,2026-08-23,954.000000,1.080251,0.374046,77320.400000,77293.880000
29791833,2026-08-23T18:33,77311.350000,0.158600,-0.253123,2026-08-23,914.000000,0.640759,0.362822,77320.620000,77292.740000
29791834,2026-08-23T18:34,77286.830000,0.261100,-0.476119,2026-08-23,947.000000,1.066378,0.189126,77316.800000,77286.820000
29791835,2026-08-23T18:35,77342.790000,0.167300,-0.459733,2026-08-23,988.000000,2.317524,0.482820,77345.210000,77286.820000
29791836,2026-08-23T18:36,77329.540000,-0.394200,-0.045741,2026-08-23,899.000000,2.833799,0.060310,77343.540000,77324.440000
29791837,2026-08-23T18:37,77332.080000,0.038400,-0.879931,2026-08-23,848.000000,2.430025,0.042717,77335.900000,77321.190000
29791838,2026-08-23T18:38,77335.670000,-0.001400,-0.914569,2026-08-23,853.000000,0.348289,0.075943,77335.880000,77332.070000
29791839,2026-08-23T18:39,77320.010000,0.281000,-0.848123,2026-08-23,905.000000,0.855308,0.139239,77335.670000,77320.000000
29791840,2026-08-23T18:40,77352.770000,0.153700,-0.720869,2026-08-23,879.000000,0.649161,0.230420,77356.970000,77319.960000
29791841,2026-08-23T18:41,77335.960000,-0.021800,-0.542964,2026-08-23,945.000000,2.250109,0.127050,77355.250000,77330.000000
29791842,2026-08-23T18:42,77329.540000,0.097300,-0.743529,2026-08-23,902.000000,0.510665,0.210651,77335.960000,77325.490000
29791843,2026-08-23T18:43,77323.260000,0.074500,-0.586074,2026-08-23,926.000000,1.209493,0.563182,77332.200000,77316.800000
29791844,2026-08-23T18:44,77333.610000,-0.043700,0.126364,2026-08-23,887.000000,0.967828,0.620015,77334.110000,77322.510000
29791845,2026-08-23T18:45,77335.890000,0.225900,0.241015,2026-08-23,925.000000,2.577952,0.442001,77335.900000,77318.210000
29791846,2026-08-23T18:46,77307.080000,0.284100,-0.116277,2026-08-23,903.000000,0.757420,0.211342,77335.900000,77301.520000
29791847,2026-08-23T18:47,77265.790000,0.325200,-0.578406,2026-08-23,969.000000,3.117963,0.074447,77309.030000,77251.870000
29791848,2026-08-23T18:48,77284.450000,0.022800,-0.851113,2026-08-23,933.000000,1.756257,0.216302,77290.140000,77258.550000
29791849,2026-08-23T18:49,77295.860000,0.163800,-0.568204,2026-08-23,871.000000,0.210041,0.224790,77295.870000,77284.440000
29791850,2026-08-23T18:50,77274.610000,-0.129900,-0.033494,2026-08-23,924.000000,3.043720,0.605229,77314.600000,77274.600000
29791851,2026-08-23T18:51,77278.600000,0.283800,0.181404,2026-08-23,886.000000,0.949034,0.473811,77278.600000,77259.500000
29791852,2026-08-23T18:52,77308.990000,0.086900,-0.050180,2026-08-23,948.000000,0.887654,0.573764,77314.000000,77277.150000
29791853,2026-08-23T18:53,77277.950000,-0.223900,0.146908,2026-08-23,926.000000,1.003495,0.056716,77318.910000,77277.940000
29791854,2026-08-23T18:54,77286.240000,0.076200,-0.886615,2026-08-23,865.000000,1.750191,0.965532,77290.140000,77277.940000
29791855,2026-08-23T18:55,77311.580000,-0.011600,0.931063,2026-08-23,818.000000,1.794645,0.169156,77319.560000,77286.230000
29791856,2026-08-23T18:56,77293.860000,0.183800,-0.666805,2026-08-23,878.000000,0.693857,0.260331,77316.800000,77282.090000
29791857,2026-08-23T18:57,77284.290000,-0.021200,-0.455361,2026-08-23,898.000000,0.513864,0.703040,77301.510000,77283.950000
29791858,2026-08-23T18:58,77319.180000,0.086800,0.406080,2026-08-23,887.000000,0.396811,0.420621,77319.190000,77289.820000
29791859,2026-08-23T18:59,77332.080000,0.148300,-0.246500,2026-08-23,831.000000,3.460131,0.916881,77336.380000,77316.790000
29791860,2026-08-23T19:00,77362.640000,-0.060500,0.859080,2026-08-23,914.000000,1.753729,0.154127,77362.640000,77338.760000
29791861,2026-08-23T19:01,77362.620000,0.226400,-0.692017,2026-08-23,924.000000,5.463258,0.794887,77409.730000,77335.900000
29791862,2026-08-23T19:02,77320.620000,-0.032700,0.589770,2026-08-23,967.000000,2.399177,0.494940,77394.000000,77320.620000
29791863,2026-08-23T19:03,77312.990000,-0.098900,-0.006149,2026-08-23,902.000000,0.792134,0.370383,77335.070000,77312.940000
29791864,2026-08-23T19:04,77332.510000,-0.259900,-0.275600,2026-08-23,937.000000,0.961503,0.710035,77338.430000,77312.950000
29791865,2026-08-23T19:05,77320.610000,0.000500,0.421150,2026-08-23,973.000000,1.473478,0.581140,77332.810000,77303.370000
29791866,2026-08-23T19:06,77333.950000,-0.000800,0.160360,2026-08-23,927.000000,0.906491,0.386117,77334.530000,77320.610000
29791867,2026-08-23T19:07,77340.990000,-0.014000,-0.227402,2026-08-23,788.000000,1.450360,0.765061,77351.740000,77333.740000
29791868,2026-08-23T19:08,77343.240000,-0.073800,0.501037,2026-08-23,910.000000,3.399124,0.153167,77348.000000,77326.360000
29791869,2026-08-23T19:09,77309.170000,-0.214100,-0.694634,2026-08-23,915.000000,1.623114,0.167438,77343.250000,77309.170000
29791870,2026-08-23T19:10,77287.680000,-0.324100,-0.657772,2026-08-23,886.000000,1.047113,0.795124,77309.180000,77287.680000
29791871,2026-08-23T19:11,77250.010000,0.111200,0.457079,2026-08-23,1165.000000,2.109646,0.397070,77287.690000,77232.760000
29791872,2026-08-23T19:12,77266.260000,0.208300,-0.185897,2026-08-23,969.000000,8.415497,0.948934,77266.260000,77236.580000
29791873,2026-08-23T19:13,77297.960000,0.262900,0.918734,2026-08-23,968.000000,1.798746,0.368589,77297.960000,77240.400000
29791874,2026-08-23T19:14,77316.010000,0.199300,-0.262870,2026-08-23,888.000000,0.643314,0.634421,77316.020000,77297.950000
29791875,2026-08-23T19:15,77343.460000,-0.026000,0.268841,2026-08-23,953.000000,3.103300,0.159648,77344.570000,77270.610000
29791876,2026-08-23T19:16,77342.950000,0.011800,-0.678713,2026-08-23,912.000000,0.684751,0.270433,77347.250000,77328.260000
29791877,2026-08-23T19:17,77358.240000,-0.136900,-0.467018,2026-08-23,883.000000,1.647917,0.127866,77358.250000,77343.520000
29791878,2026-08-23T19:18,77370.170000,-0.099600,-0.742919,2026-08-23,889.000000,0.876248,0.346218,77370.200000,77351.180000
29791879,2026-08-23T19:19,77359.790000,0.134600,-0.308853,2026-08-23,895.000000,0.607310,0.272286,77373.280000,77357.510000
29791880,2026-08-23T19:20,77368.380000,0.210100,-0.456182,2026-08-23,880.000000,0.561622,0.676914,77368.380000,77358.800000
29791881,2026-08-23T19:21,77389.710000,-0.016000,0.359035,2026-08-23,925.000000,0.677030,0.923223,77389.720000,77368.370000
29791882,2026-08-23T19:22,77355.640000,-0.207900,0.845427,2026-08-23,940.000000,2.340173,0.049496,77389.720000,77346.480000
29791883,2026-08-23T19:23,77382.270000,-0.081500,-0.901089,2026-08-23,935.000000,1.148303,0.348067,77382.280000,77345.730000
29791884,2026-08-23T19:24,77349.300000,0.186400,-0.300479,2026-08-23,920.000000,0.754681,0.235447,77382.280000,77347.360000
29791885,2026-08-23T19:25,77354.080000,-0.247800,-0.527382,2026-08-23,878.000000,1.214389,0.135495,77358.810000,77349.300000
29791886,2026-08-23T19:26,77347.360000,-0.191900,-0.735219,2026-08-23,862.000000,0.279757,0.711972,77354.090000,77347.360000
29791887,2026-08-23T19:27,77332.080000,-0.016200,0.441073,2026-08-23,914.000000,2.711848,0.065923,77352.550000,77313.420000
29791888,2026-08-23T19:28,77328.420000,-0.232100,-0.873784,2026-08-23,894.000000,0.527510,0.234976,77332.080000,77320.620000
29791889,2026-08-23T19:29,77343.540000,-0.192000,-0.392542,2026-08-23,905.000000,0.906153,0.242540,77343.540000,77317.350000
29791890,2026-08-23T19:30,77327.860000,0.029700,-0.515021,2026-08-23,891.000000,0.510814,0.341668,77343.540000,77313.540000
29791891,2026-08-23T19:31,77305.640000,0.037200,-0.315918,2026-08-23,891.000000,0.663035,0.706962,77334.610000,77304.840000
29791892,2026-08-23T19:32,77291.850000,-0.073700,0.414288,2026-08-23,887.000000,0.783822,0.346013,77311.270000,77291.840000
29791893,2026-08-23T19:33,77320.620000,-0.116100,-0.308870,2026-08-23,952.000000,3.216979,0.825810,77332.080000,77240.400000
29791894,2026-08-23T19:34,77338.360000,0.129700,0.651642,2026-08-23,854.000000,0.485809,0.274835,77338.360000,77312.980000
29791895,2026-08-23T19:35,77333.580000,0.154600,-0.450329,2026-08-23,881.000000,0.464508,0.425444,77338.360000,77314.300000
29791896,2026-08-23T19:36,77340.680000,-0.047700,-0.147443,2026-08-23,881.000000,0.940397,0.193743,77340.690000,77327.740000
29791897,2026-08-23T19:37,77350.900000,-0.142200,-0.600744,2026-08-23,889.000000,0.476430,0.414588,77351.170000,77340.680000
29791898,2026-08-23T19:38,77346.520000,0.092000,-0.129017,2026-08-23,926.000000,0.846312,0.310201,77350.910000,77322.170000
29791899,2026-08-23T19:39,77358.770000,0.090500,-0.420860,2026-08-23,868.000000,0.687827,0.303653,77362.530000,77335.900000
29791900,2026-08-23T19:40,77383.420000,0.074900,-0.392693,2026-08-23,913.000000,0.761014,0.194007,77384.740000,77358.770000
29791901,2026-08-23T19:41,77369.320000,0.192000,-0.614286,2026-08-23,930.000000,0.802365,0.145447,77383.420000,77348.880000
29791902,2026-08-23T19:42,77354.950000,-0.030500,-0.821783,2026-08-23,998.000000,4.800301,0.059908,77373.470000,77326.900000
29791903,2026-08-23T19:43,77411.960000,0.240300,-0.866387,2026-08-23,975.000000,4.412520,0.469357,77412.300000,77354.940000
29791904,2026-08-23T19:44,77423.760000,0.047400,-0.060874,2026-08-23,908.000000,0.217402,0.687182,77433.370000,77409.440000
29791905,2026-08-23T19:45,77370.290000,-0.030000,0.047505,2026-08-23,1091.000000,7.554427,0.460808,77477.000000,77352.340000
29791906,2026-08-23T19:46,77381.740000,-0.048900,-0.070085,2026-08-23,913.000000,1.038643,0.151287,77407.770000,77370.440000
29791907,2026-08-23T19:47,77395.860000,0.090800,-0.694926,2026-08-23,867.000000,0.557115,0.584878,77398.710000,77374.100000
29791908,2026-08-23T19:48,77407.040000,-0.077400,0.168326,2026-08-23,873.000000,1.539107,0.827564,77408.970000,77392.780000
29791909,2026-08-23T19:49,77381.070000,0.232000,0.654955,2026-08-23,893.000000,0.921467,0.477095,77407.040000,77381.060000
29791910,2026-08-23T19:50,77373.100000,-0.101600,-0.045550,2026-08-23,906.000000,0.962980,0.121479,77387.150000,77370.200000
29791911,2026-08-23T19:51,77378.140000,-0.089500,-0.757692,2026-08-23,873.000000,1.339109,0.142282,77383.320000,77370.450000
29791912,2026-08-23T19:52,77379.540000,-0.166800,-0.715456,2026-08-23,937.000000,0.854990,0.740685,77385.250000,77374.100000
29791913,2026-08-23T19:53,77365.010000,-0.132200,0.482017,2026-08-23,916.000000,0.565838,0.306710,77381.080000,77365.000000
29791914,2026-08-23T19:54,77374.210000,0.050800,-0.386295,2026-08-23,885.000000,0.877561,0.382017,77377.840000,77365.000000
29791915,2026-08-23T19:55,77358.830000,-0.378900,-0.215874,2026-08-23,886.000000,0.359958,0.308863,77374.210000,77358.820000
29791916,2026-08-23T19:56,77332.080000,0.284800,-0.443830,2026-08-23,1111.000000,3.431078,0.142045,77358.830000,77332.080000
29791917,2026-08-23T19:57,77314.020000,0.124400,-0.716691,2026-08-23,956.000000,3.755588,0.093829,77332.090000,77314.020000
29791918,2026-08-23T19:58,77336.210000,-0.056900,-0.812342,2026-08-23,966.000000,0.693338,0.638618,77358.820000,77314.020000
29791919,2026-08-23T19:59,77328.290000,0.179700,0.277497,2026-08-23,916.000000,1.673078,0.060192,77343.540000,77328.260000
29791920,2026-08-23T20:00,77324.430000,0.104500,-0.878835,2026-08-23,976.000000,2.167569,0.715777,77328.300000,77292.560000
29791921,2026-08-23T20:01,77287.770000,0.114000,0.454543,2026-08-23,953.000000,1.246990,0.504571,77326.700000,77270.340000
29791922,2026-08-23T20:02,77228.950000,0.080800,0.002323,2026-08-23,991.000000,1.805425,0.218362,77305.340000,77220.540000
29791923,2026-08-23T20:03,77242.580000,0.361200,-0.563057,2026-08-23,1047.000000,5.632244,0.361528,77270.960000,77185.650000
29791924,2026-08-23T20:04,77186.830000,0.090100,-0.276930,2026-08-23,999.000000,6.287056,0.129923,77250.310000,77176.530000
29791925,2026-08-23T20:05,77236.580000,-0.110700,-0.738342,2026-08-23,891.000000,0.516235,0.501034,77240.120000,77186.830000
29791926,2026-08-23T20:06,77218.170000,0.081100,-0.010939,2026-08-23,958.000000,2.056590,0.419832,77236.580000,77186.790000
29791927,2026-08-23T20:07,77235.920000,-0.084800,-0.162535,2026-08-23,911.000000,0.612444,0.519420,77243.280000,77218.170000
29791928,2026-08-23T20:08,77251.260000,0.058000,0.048855,2026-08-23,891.000000,0.885434,0.197496,77251.800000,77235.540000
29791929,2026-08-23T20:09,77255.150000,0.149400,-0.605085,2026-08-23,931.000000,0.839785,0.145906,77255.560000,77249.010000
29791930,2026-08-23T20:10,77263.790000,-0.063400,-0.726688,2026-08-23,958.000000,4.659557,0.057085,77267.520000,77245.150000
29791931,2026-08-23T20:11,77276.930000,-0.203600,-0.884746,2026-08-23,888.000000,0.363077,0.700923,77279.400000,77261.760000
29791932,2026-08-23T20:12,77278.140000,-0.262200,0.401841,2026-08-23,999.000000,7.608330,0.030435,77289.690000,77261.510000
29791933,2026-08-23T20:13,77260.830000,-0.102600,-0.939130,2026-08-23,902.000000,2.900910,0.912248,77285.430000,77252.510000
29791934,2026-08-23T20:14,77266.170000,-0.067800,0.824612,2026-08-23,888.000000,0.971650,0.102520,77267.140000,77255.680000
29791935,2026-08-23T20:15,77264.900000,-0.361600,-0.797641,2026-08-23,890.000000,2.419534,0.666214,77267.140000,77255.680000
29791936,2026-08-23T20:16,77279.640000,0.121000,0.332427,2026-08-23,869.000000,0.304423,0.497325,77287.190000,77264.900000
29791937,2026-08-23T20:17,77282.830000,0.168600,-0.001013,2026-08-23,944.000000,0.903046,0.266762,77295.250000,77279.630000
29791938,2026-08-23T20:18,77297.820000,0.044900,-0.466378,2026-08-23,946.000000,0.815277,0.275879,77300.670000,77265.060000
29791939,2026-08-23T20:19,77295.960000,-0.034600,-0.542313,2026-08-23,928.000000,2.764415,0.029654,77301.670000,77278.210000
29791940,2026-08-23T20:20,77338.990000,0.058400,-0.936996,2026-08-23,891.000000,0.955142,0.413611,77339.000000,77295.950000
29791941,2026-08-23T20:21,77345.170000,-0.176200,-0.172110,2026-08-23,890.000000,1.491994,0.870574,77354.980000,77330.330000
29791942,2026-08-23T20:22,77341.920000,0.191400,0.683173,2026-08-23,924.000000,5.143196,0.677906,77359.630000,77339.780000
29791943,2026-08-23T20:23,77347.360000,0.147600,0.369186,2026-08-23,872.000000,0.953760,0.119939,77357.370000,77333.620000
29791944,2026-08-23T20:24,77359.620000,0.155100,-0.760370,2026-08-23,864.000000,0.827353,0.295486,77359.630000,77347.360000
29791945,2026-08-23T20:25,77382.990000,-0.084000,-0.388264,2026-08-23,857.000000,0.677908,0.720279,77383.000000,77352.830000
29791946,2026-08-23T20:26,77380.380000,0.054800,0.430914,2026-08-23,875.000000,2.466449,0.043734,77383.000000,77370.100000
29791947,2026-08-23T20:27,77382.620000,0.172300,-0.912532,2026-08-23,920.000000,0.935684,0.377551,77392.630000,77374.100000
29791948,2026-08-23T20:28,77400.150000,0.189000,-0.243020,2026-08-23,866.000000,0.747111,0.540940,77400.160000,77383.160000
29791949,2026-08-23T20:29,77360.640000,0.369800,0.081972,2026-08-23,895.000000,0.424993,0.429127,77400.160000,77360.630000
29791950,2026-08-23T20:30,77377.170000,0.301500,-0.129451,2026-08-23,867.000000,0.263104,0.614629,77381.140000,77360.630000
29791951,2026-08-23T20:31,77400.830000,-0.301800,0.215462,2026-08-23,876.000000,0.628230,0.458589,77400.850000,77377.160000
29791952,2026-08-23T20:32,77407.140000,0.051200,-0.082064,2026-08-23,899.000000,1.402311,0.483460,77407.530000,77400.830000
29791953,2026-08-23T20:33,77386.360000,-0.258000,-0.038238,2026-08-23,923.000000,1.722182,0.107709,77407.150000,77386.360000
29791954,2026-08-23T20:34,77391.380000,0.206300,-0.783697,2026-08-23,859.000000,0.624479,0.438163,77393.200000,77374.070000
29791955,2026-08-23T20:35,77399.080000,-0.152200,-0.122572,2026-08-23,895.000000,0.616306,0.259539,77402.600000,77389.760000
29791956,2026-08-23T20:36,77400.080000,0.255000,-0.485642,2026-08-23,878.000000,0.282503,0.605737,77400.090000,77389.000000
29791957,2026-08-23T20:37,77400.080000,-0.387400,0.811446,2026-08-23,919.000000,1.945159,0.509979,77400.090000,77396.430000
29791958,2026-08-23T20:38,77409.760000,-0.074300,-0.640600,2026-08-23,913.000000,1.557333,0.762635,77412.000000,77400.080000
29791959,2026-08-23T20:39,77411.300000,0.162600,0.523927,2026-08-23,914.000000,0.642237,0.529821,77411.320000,77403.690000
29791960,2026-08-23T20:40,77408.980000,0.076700,0.059654,2026-08-23,979.000000,6.309066,0.831783,77417.930000,77408.950000
29791961,2026-08-23T20:41,77409.830000,-0.235500,0.664760,2026-08-23,885.000000,3.368199,0.820950,77409.840000,77408.970000
29791962,2026-08-23T20:42,77409.830000,0.029500,0.639557,2026-08-23,901.000000,1.074509,0.853174,77409.840000,77403.690000
29791963,2026-08-23T20:43,77419.640000,0.123000,0.706349,2026-08-23,895.000000,1.164810,0.337853,77422.360000,77409.830000
29791964,2026-08-23T20:44,77407.900000,0.184900,-0.322697,2026-08-23,940.000000,2.381491,0.792228,77446.680000,77404.660000
29791965,2026-08-23T20:45,77394.600000,0.117900,0.582160,2026-08-23,917.000000,2.441630,0.134785,77412.320000,77379.160000
29791966,2026-08-23T20:46,77412.290000,0.129600,-0.730090,2026-08-23,881.000000,0.500242,0.329833,77412.300000,77381.190000
29791967,2026-08-23T20:47,77421.490000,0.146600,-0.340120,2026-08-23,881.000000,0.445461,0.236766,77421.490000,77409.860000
29791968,2026-08-23T20:48,77414.880000,-0.021000,-0.526797,2026-08-23,932.000000,0.712687,0.410313,77431.300000,77412.300000
29791969,2026-08-23T20:49,77403.110000,0.132500,-0.176990,2026-08-23,950.000000,1.031065,0.591880,77422.440000,77397.020000
29791970,2026-08-23T20:50,77415.610000,0.686600,0.159932,2026-08-23,939.000000,4.387203,0.914493,77419.750000,77397.640000
29791971,2026-08-23T20:51,77426.420000,0.100300,0.837741,2026-08-23,923.000000,1.344380,0.346123,77427.750000,77410.290000
29791972,2026-08-23T20:52,77414.150000,0.116600,-0.259752,2026-08-23,884.000000,0.517013,0.326761,77427.980000,77410.290000
29791973,2026-08-23T20:53,77405.570000,-0.051100,-0.499781,2026-08-23,932.000000,4.051775,0.028999,77418.150000,77397.480000
29791974,2026-08-23T20:54,77385.480000,0.160000,-0.941805,2026-08-23,944.000000,1.143936,0.291451,77405.570000,77380.600000
29791975,2026-08-23T20:55,77389.380000,-0.394900,-0.453637,2026-08-23,895.000000,0.991787,0.194881,77389.380000,77379.550000
29791976,2026-08-23T20:56,77398.740000,-0.087500,-0.576880,2026-08-23,871.000000,0.228817,0.703802,77404.660000,77388.800000
29791977,2026-08-23T20:57,77390.990000,-0.370800,0.396812,2026-08-23,906.000000,2.066293,0.065920,77403.090000,77390.990000
29791978,2026-08-23T20:58,77398.860000,0.119800,-0.868152,2026-08-23,713.000000,0.909485,0.488530,77400.010000,77389.380000
29791979,2026-08-23T20:59,77393.180000,-0.029900,-0.022939,2026-08-23,1084.000000,0.601801,0.217974,77398.860000,77385.130000
29791980,2026-08-23T21:00,77437.080000,-0.425300,-0.312894,2026-08-23,896.000000,4.465580,0.115613,77441.550000,77393.180000
29791981,2026-08-23T21:01,77535.640000,-0.263000,-0.813973,2026-08-23,1101.000000,9.188295,0.460434,77542.640000,77427.580000
29791982,2026-08-23T21:02,77542.180000,0.379500,-0.070622,2026-08-23,1043.000000,5.177114,0.202747,77578.090000,77540.850000
29791983,2026-08-23T21:03,77595.670000,0.008300,-0.618631,2026-08-23,1343.000000,10.693696,0.507423,77629.740000,77542.180000
29791984,2026-08-23T21:04,77664.420000,-0.548400,0.026179,2026-08-23,1179.000000,8.483403,0.321068,77675.880000,77587.930000
29791985,2026-08-23T21:05,77630.040000,-0.420300,-0.391194,2026-08-23,1046.000000,2.467093,0.324508,77664.420000,77623.680000
29791986,2026-08-23T21:06,77662.670000,-0.291700,-0.319041,2026-08-23,967.000000,1.024148,0.422078,77667.510000,77618.580000
29791987,2026-08-23T21:07,77611.960000,0.085300,-0.162731,2026-08-23,1002.000000,2.926154,0.172875,77665.320000,77610.940000
29791988,2026-08-23T21:08,77621.120000,0.073000,-0.627748,2026-08-23,1064.000000,4.592980,0.461102,77637.680000,77599.480000
29791989,2026-08-23T21:09,77641.510000,-0.060500,-0.088786,2026-08-23,1062.000000,1.825654,0.573377,77694.980000,77621.120000
29791990,2026-08-23T21:10,77639.210000,-0.214000,0.147862,2026-08-23,969.000000,0.758200,0.310099,77649.140000,77622.400000
29791991,2026-08-23T21:11,77591.850000,-0.261100,-0.191518,2026-08-23,1033.000000,3.692972,0.189534,77656.780000,77591.840000
29791992,2026-08-23T21:12,77641.490000,-0.444900,-0.713185,2026-08-23,944.000000,2.096913,0.300290,77646.450000,77591.840000
29791993,2026-08-23T21:13,77672.140000,0.021000,-0.450572,2026-08-23,996.000000,2.496388,0.620434,77687.340000,77627.640000
29791994,2026-08-23T21:14,77691.830000,0.052700,0.238854,2026-08-23,987.000000,2.717949,0.871880,77692.950000,77652.960000
29791995,2026-08-23T21:15,77742.420000,-0.428400,0.743932,2026-08-23,1030.000000,3.227853,0.634756,77744.640000,77686.760000
29791996,2026-08-23T21:16,77899.380000,0.057400,0.268312,2026-08-23,1769.000000,24.498176,0.736891,77924.180000,77742.420000
29791997,2026-08-23T21:17,77894.640000,-0.071500,0.468983,2026-08-23,1142.000000,12.686730,0.640782,77923.870000,77828.690000
29791998,2026-08-23T21:18,77972.540000,-0.006300,0.289701,2026-08-23,1219.000000,6.164527,0.669979,77972.990000,77889.800000
29791999,2026-08-23T21:19,77965.820000,0.084900,0.436844,2026-08-23,1313.000000,14.700692,0.765270,77972.740000,77886.490000
29792000,2026-08-23T21:20,77993.740000,-0.856300,0.493175,2026-08-23,1196.000000,9.592752,0.891963,77998.290000,77952.020000
29792001,2026-08-23T21:21,77962.380000,0.271800,0.756572,2026-08-23,1211.000000,16.472905,0.509534,77996.250000,77918.590000
29792002,2026-08-23T21:22,77913.260000,-0.113100,0.026804,2026-08-23,1418.000000,17.166299,0.594430,78000.000000,77913.250000
29792003,2026-08-23T21:23,77956.490000,-0.118700,0.189426,2026-08-23,1228.000000,13.960925,0.345331,77971.990000,77882.010000
29792004,2026-08-23T21:24,77905.600000,-0.097400,-0.303241,2026-08-23,977.000000,1.508309,0.266644,77949.930000,77894.170000
29792005,2026-08-23T21:25,77889.800000,-0.306800,-0.844068,2026-08-23,1094.000000,8.001764,0.223938,77907.430000,77874.100000
29792006,2026-08-23T21:26,77972.140000,-0.196300,-0.161424,2026-08-23,983.000000,2.618815,0.703110,77981.480000,77889.800000
29792007,2026-08-23T21:27,77918.460000,0.328600,0.315461,2026-08-23,1116.000000,11.577612,0.695317,77998.290000,77908.640000
29792008,2026-08-23T21:28,77978.800000,-0.093500,0.367574,2026-08-23,1070.000000,2.932768,0.628189,77998.290000,77909.720000
29792009,2026-08-23T21:29,78014.040000,0.104600,0.395969,2026-08-23,1260.000000,47.828144,0.930908,78055.250000,77973.840000
29792010,2026-08-23T21:30,77996.760000,-0.419100,0.833735,2026-08-23,1226.000000,11.891168,0.435271,78042.600000,77966.210000
29792011,2026-08-23T21:31,77991.390000,0.309600,-0.074601,2026-08-23,2161.000000,4.564242,0.495929,77992.940000,77954.740000
29792012,2026-08-23T21:32,78003.510000,-0.356300,0.004981,2026-08-23,2226.000000,2.955800,0.589289,78023.500000,77991.380000
29792013,2026-08-23T21:33,78002.740000,0.198200,0.161577,2026-08-23,2152.000000,1.599992,0.522460,78027.300000,78000.000000
29792014,2026-08-23T21:34,77947.110000,-0.057200,0.044856,2026-08-23,2214.000000,2.169198,0.523225,78023.500000,77947.100000
29792015,2026-08-23T21:35,77748.460000,0.509400,0.027724,2026-08-23,2368.000000,13.658554,0.215522,77947.110000,77726.880000
29792016,2026-08-23T21:36,77832.490000,-0.037500,-0.541970,2026-08-23,2463.000000,4.608814,0.498859,77843.710000,77742.510000
29792017,2026-08-23T21:37,77749.900000,0.134100,-0.019228,2026-08-23,2405.000000,6.853088,0.512150,77845.780000,77744.480000
29792018,2026-08-23T21:38,77725.890000,-0.427800,0.024350,2026-08-23,2236.000000,2.056524,0.630233,77764.730000,77703.840000
29792019,2026-08-23T21:39,77644.110000,0.175000,0.261013,2026-08-23,2606.000000,22.405606,0.336518,77729.370000,77600.140000
29792020,2026-08-23T21:40,77626.330000,-0.279300,-0.327054,2026-08-23,2313.000000,11.163258,0.255840,77670.330000,77588.020000
29792021,2026-08-23T21:41,77629.320000,-0.152800,-0.488323,2026-08-23,2291.000000,9.315407,0.413457,77641.490000,77567.690000
29792022,2026-08-23T21:42,77620.790000,0.006900,-0.173087,2026-08-23,2154.000000,2.625724,0.352989,77636.990000,77575.000000
29792023,2026-08-23T21:43,77588.020000,-0.027800,-0.294023,2026-08-23,2262.000000,4.420021,0.329215,77610.970000,77531.760000
29792024,2026-08-23T21:44,77622.390000,-0.216000,-0.340526,2026-08-23,2137.000000,2.125422,0.470449,77626.210000,77588.020000
29792025,2026-08-23T21:45,77709.960000,0.089900,-0.515658,2026-08-23,2250.000000,3.946396,0.296969,77721.720000,77623.950000
29792026,2026-08-23T21:46,77717.900000,-0.234100,0.393634,2026-08-23,2298.000000,8.068144,0.455567,77741.700000,77709.950000
29792027,2026-08-23T21:47,77698.800000,-0.272500,-0.177912,2026-08-23,2260.000000,3.371198,0.350678,77727.920000,77692.390000
29792028,2026-08-23T21:48,77771.380000,0.315000,-0.299853,2026-08-23,2100.000000,3.134989,0.588888,77771.380000,77698.800000
29792029,2026-08-23T21:49,77790.420000,-0.030500,0.179712,2026-08-23,2219.000000,2.285795,0.679060,77821.040000,77756.110000
29792030,2026-08-23T21:50,77789.420000,-0.182500,0.315830,2026-08-23,2130.000000,0.968001,0.473191,77790.850000,77762.720000
29792031,2026-08-23T21:51,77806.210000,0.227000,0.024104,2026-08-23,2170.000000,3.088439,0.680024,77825.020000,77786.660000
29792032,2026-08-23T21:52,77763.610000,0.271700,0.358062,2026-08-23,2224.000000,3.630413,0.503017,77826.930000,77756.110000
29792033,2026-08-23T21:53,77840.140000,-0.085800,0.008107,2026-08-23,2195.000000,5.026259,0.555773,77870.690000,77763.610000
29792034,2026-08-23T21:54,77786.230000,0.020700,0.111085,2026-08-23,2194.000000,3.846459,0.083770,77864.890000,77786.220000
29792035,2026-08-23T21:55,77760.670000,0.189000,-0.796122,2026-08-23,2131.000000,3.945666,0.060863,77798.100000,77759.920000
29792036,2026-08-23T21:56,77812.710000,-0.166600,-0.796569,2026-08-23,2151.000000,2.247967,0.860463,77832.500000,77760.670000
29792037,2026-08-23T21:57,77801.950000,0.292900,0.695696,2026-08-23,2163.000000,2.090101,0.468402,77842.270000,77801.940000
29792038,2026-08-23T21:58,77773.640000,-0.121500,-0.063173,2026-08-23,2296.000000,9.061208,0.375808,77804.450000,77740.880000
29792039,2026-08-23T21:59,77832.490000,0.082400,-0.244769,2026-08-23,2020.000000,2.459848,0.425031,77839.690000,77773.640000
29792040,2026-08-23T22:00,77832.490000,0.082400,-0.162404,2026-08-23,,,,,
29792041,2026-08-23T22:01,77748.460000,0.629600,0.000000,2026-08-23,5327.000000,41.799890,0.340808,77986.860000,77561.290000
29792042,2026-08-23T22:02,77713.240000,0.032300,-0.313817,2026-08-23,2513.000000,7.366863,0.492498,77809.580000,77647.320000
29792043,2026-08-23T22:03,77666.580000,-0.187100,-0.076048,2026-08-23,2447.000000,4.684783,0.224167,77750.920000,77656.200000
29792044,2026-08-23T22:04,77685.570000,-0.425400,-0.505187,2026-08-23,2315.000000,6.856702,0.365313,77716.350000,77611.500000
29792045,2026-08-23T22:05,77675.880000,0.183100,-0.270475,2026-08-23,2348.000000,4.539012,0.322862,77774.400000,77621.040000
29792046,2026-08-23T22:06,77721.710000,-0.204000,-0.347177,2026-08-23,3245.000000,46.705672,0.701890,77729.360000,77646.640000
29792047,2026-08-23T22:07,77705.760000,-0.004800,0.403616,2026-08-23,2483.000000,24.455331,0.632318,77762.930000,77694.980000
29792048,2026-08-23T22:08,77698.800000,-0.280800,0.290549,2026-08-23,2327.000000,24.589798,0.751964,77721.720000,77687.340000
29792049,2026-08-23T22:09,77729.380000,-0.164600,0.498804,2026-08-23,2501.000000,17.451779,0.825927,77744.640000,77683.260000
29792050,2026-08-23T22:10,77759.410000,0.284500,0.632634,2026-08-23,2291.000000,3.416412,0.655436,77790.480000,77702.620000
29792051,2026-08-23T22:11,77706.270000,0.131600,0.242750,2026-08-23,2252.000000,5.383724,0.769199,77801.550000,77702.620000
29792052,2026-08-23T22:12,77696.040000,-0.075300,0.608773,2026-08-23,2249.000000,6.378870,0.574015,77744.640000,77691.170000
29792053,2026-08-23T22:13,77695.790000,0.133100,0.155919,2026-08-23,2700.000000,38.443217,0.753726,77725.540000,77672.060000
29792054,2026-08-23T22:14,77695.430000,-0.087900,0.514794,2026-08-23,2391.000000,15.480144,0.696250,77721.720000,77634.000000
29792055,2026-08-23T22:15,77697.980000,-0.068200,0.367960,2026-08-23,2173.000000,1.696079,0.314030,77706.560000,77641.500000
29792056,2026-08-23T22:16,77779.010000,0.047100,-0.362253,2026-08-23,2213.000000,1.210962,0.759516,77779.020000,77675.880000
29792057,2026-08-23T22:17,77644.150000,0.065600,0.357366,2026-08-23,2330.000000,4.227007,0.291308,77774.890000,77633.860000
29792058,2026-08-23T22:18,77679.700000,0.011200,-0.390974,2026-08-23,2221.000000,1.497410,0.398227,77691.160000,77641.500000
29792059,2026-08-23T22:19,77745.620000,-0.211800,-0.226505,2026-08-23,2239.000000,2.654758,0.323482,77750.810000,77679.690000
29792060,2026-08-23T22:20,77744.230000,0.039000,-0.352957,2026-08-23,2140.000000,2.748049,0.409418,77761.000000,77706.470000
29792061,2026-08-23T22:21,77729.210000,-0.050100,-0.147263,2026-08-23,2164.000000,2.079770,0.520888,77753.830000,77717.900000
29792062,2026-08-23T22:22,77758.890000,0.506200,-0.038129,2026-08-23,2241.000000,4.612549,0.494292,77759.910000,77702.620000
29792063,2026-08-23T22:23,77796.610000,-0.186800,0.007635,2026-08-23,2190.000000,2.379503,0.659063,77813.400000,77748.540000
29792064,2026-08-23T22:24,77767.700000,0.206600,0.348768,2026-08-23,2156.000000,1.856628,0.764279,77805.760000,77748.460000
29792065,2026-08-23T22:25,77775.010000,-0.503500,0.500174,2026-08-23,2093.000000,0.588989,0.607559,77782.840000,77752.280000
29792066,2026-08-23T22:26,77740.830000,-0.481400,0.077978,2026-08-23,2144.000000,0.864839,0.554132,77772.410000,77729.360000
29792067,2026-08-23T22:27,77781.540000,-0.101400,0.267312,2026-08-23,2130.000000,1.035216,0.556917,77809.210000,77722.050000
29792068,2026-08-23T22:28,77725.540000,-0.415500,0.044329,2026-08-23,2251.000000,3.131485,0.285561,77809.040000,77707.100000
29792069,2026-08-23T22:29,77657.670000,-0.050800,-0.436737,2026-08-23,2174.000000,2.205111,0.334355,77725.550000,77657.660000
29792070,2026-08-23T22:30,77687.350000,-0.227700,-0.318000,2026-08-23,2157.000000,1.963188,0.787640,77710.260000,77654.000000
29792071,2026-08-23T22:31,77673.240000,-0.118700,0.592158,2026-08-23,2127.000000,1.171501,0.540107,77729.360000,77668.210000
29792072,2026-08-23T22:32,77658.140000,-0.129700,0.073141,2026-08-23,2096.000000,1.456968,0.580966,77695.610000,77654.000000
29792073,2026-08-23T22:33,77647.210000,0.175600,0.162459,2026-08-23,2217.000000,3.576985,0.542015,77665.430000,77622.400000
29792074,2026-08-23T22:34,77660.610000,-0.302100,0.084446,2026-08-23,2150.000000,2.373095,0.768430,77690.620000,77625.000000
29792075,2026-08-23T22:35,77656.790000,-0.198400,0.537769,2026-08-23,2294.000000,4.146339,0.805943,77691.160000,77652.960000
29792076,2026-08-23T22:36,77641.510000,-0.126300,0.601622,2026-08-23,2147.000000,1.745414,0.434189,77669.880000,77637.680000
29792077,2026-08-23T22:37,77607.120000,-0.040300,-0.119774,2026-08-23,2131.000000,1.345366,0.462985,77646.950000,77607.120000
29792078,2026-08-23T22:38,77645.320000,-0.148800,-0.074206,2026-08-23,1973.000000,6.260263,0.552447,77645.320000,77595.660000
29792079,2026-08-23T22:39,77681.740000,-0.110300,0.108680,2026-08-23,2174.000000,2.718442,0.407603,77723.510000,77645.310000
29792080,2026-08-23T22:40,77651.390000,0.759700,-0.196665,2026-08-23,2190.000000,3.185839,0.193041,77702.620000,77651.390000
29792081,2026-08-23T22:41,77623.380000,0.060600,-0.555527,2026-08-23,2187.000000,2.799497,0.473206,77679.250000,77618.580000
29792082,2026-08-23T22:42,77667.670000,0.185100,-0.037874,2026-08-23,2183.000000,5.317443,0.223705,77674.480000,77615.680000
29792083,2026-08-23T22:43,77659.050000,0.278600,-0.601607,2026-08-23,2094.000000,1.201929,0.600134,77687.660000,77649.990000
29792084,2026-08-23T22:44,77642.550000,-0.319700,0.201100,2026-08-23,2118.000000,2.463990,0.775851,77669.800000,77642.130000
29792085,2026-08-23T22:45,77567.830000,0.365200,0.520025,2026-08-23,2311.000000,9.520559,0.213886,77649.140000,77552.220000
29792086,2026-08-23T22:46,77622.550000,-0.316000,-0.569865,2026-08-23,2245.000000,4.458803,0.784018,77643.790000,77567.830000
29792087,2026-08-23T22:47,77635.200000,-0.211300,0.582956,2026-08-23,2201.000000,3.732861,0.840131,77643.790000,77610.940000
29792088,2026-08-23T22:48,77661.320000,-0.403700,0.670743,2026-08-23,2256.000000,4.783166,0.565248,77672.230000,77603.410000
29792089,2026-08-23T22:49,77670.080000,-0.214600,0.127415,2026-08-23,2182.000000,3.150316,0.791577,77670.090000,77645.320000
29792090,2026-08-23T22:50,77651.890000,-0.515600,0.580670,2026-08-23,2184.000000,2.618258,0.566300,77675.880000,77641.500000
29792091,2026-08-23T22:51,77682.460000,-0.461200,0.134131,2026-08-23,2135.000000,1.557659,0.832226,77682.920000,77624.070000
29792092,2026-08-23T22:52,77637.680000,-0.242600,0.581116,2026-08-23,2270.000000,3.357339,0.630031,77710.910000,77637.680000
29792093,2026-08-23T22:53,77647.620000,-0.398200,0.287894,2026-08-23,2188.000000,4.345622,0.883601,77672.990000,77633.860000
29792094,2026-08-23T22:54,77630.040000,-0.038600,0.766564,2026-08-23,2144.000000,0.947004,0.435922,77660.600000,77627.000000
29792095,2026-08-23T22:55,77639.670000,0.234400,-0.136756,2026-08-23,2112.000000,0.972463,0.534710,77655.110000,77630.040000
29792096,2026-08-23T22:56,77617.550000,0.448500,0.104815,2026-08-23,2119.000000,0.739437,0.299340,77641.240000,77607.120000
29792097,2026-08-23T22:57,77584.110000,-0.004500,-0.444271,2026-08-23,2118.000000,2.012031,0.585093,77617.560000,77580.860000
29792098,2026-08-23T22:58,77589.990000,-0.268100,0.131552,2026-08-23,2112.000000,4.318650,0.672052,77590.470000,77575.000000
29792099,2026-08-23T22:59,77600.670000,-0.234700,0.367242,2026-08-23,2102.000000,2.760902,0.899539,77614.940000,77580.380000
29792100,2026-08-23T23:00,77595.670000,-0.211300,0.770855,2026-08-23,2180.000000,1.079662,0.206543,77617.550000,77580.380000
29792101,2026-08-23T23:01,77589.820000,0.101200,-0.572908,2026-08-23,298.000000,0.040510,0.176691,77598.730000,77589.810000
29792102,2026-08-23T23:02,77490.390000,-0.303400,-0.622138,2026-08-23,4147.000000,9.896926,0.165094,77597.730000,77477.250000
29792103,2026-08-23T23:03,77441.460000,0.168000,-0.669812,2026-08-23,2220.000000,3.742737,0.251570,77503.980000,77416.260000
29792104,2026-08-23T23:04,77423.760000,0.129000,-0.474446,2026-08-23,2182.000000,1.750258,0.257995,77473.480000,77414.560000
29792105,2026-08-23T23:05,77443.650000,0.100800,-0.533023,2026-08-23,2150.000000,2.668492,0.287997,77484.640000,77420.940000
29792106,2026-08-23T23:06,77388.610000,-0.347200,-0.423617,2026-08-23,2485.000000,9.033963,0.073285,77443.660000,77275.010000
29792107,2026-08-23T23:07,77408.740000,-0.431700,-0.845072,2026-08-23,2162.000000,3.542112,0.284136,77431.410000,77388.610000
29792108,2026-08-23T23:08,77442.670000,0.538900,-0.449985,2026-08-23,2141.000000,2.788852,0.476243,77461.960000,77409.140000
29792109,2026-08-23T23:09,77479.900000,-0.174200,-0.024272,2026-08-23,2152.000000,3.380753,0.605232,77509.770000,77442.660000
29792110,2026-08-23T23:10,77431.400000,-0.174500,0.208137,2026-08-23,2066.000000,1.302454,0.137945,77526.900000,77431.400000
29792111,2026-08-23T23:11,77377.920000,-0.287500,-0.792336,2026-08-23,2101.000000,1.372910,0.478473,77431.410000,77377.920000
29792112,2026-08-23T23:12,77421.120000,-0.371100,-0.213106,2026-08-23,1013.000000,5.402701,0.351928,77421.130000,77381.740000
29792113,2026-08-23T23:13,77454.320000,-0.292400,-0.252097,2026-08-23,880.000000,0.417565,0.263172,77454.320000,77412.300000
29792114,2026-08-23T23:14,77469.040000,0.077500,-0.190606,2026-08-23,900.000000,1.314326,0.277687,77469.040000,77435.220000
29792115,2026-08-23T23:15,77491.320000,-0.132300,-0.584066,2026-08-23,936.000000,0.785754,0.389947,77496.340000,77461.970000
29792116,2026-08-23T23:16,77526.900000,-0.356000,-0.472329,2026-08-23,987.000000,1.809457,0.485792,77560.820000,77496.330000
29792117,2026-08-23T23:17,77507.610000,-0.098200,0.225736,2026-08-23,1037.000000,2.038624,0.330283,77563.090000,77469.600000
29792118,2026-08-23T23:18,77598.010000,0.305100,-0.338710,2026-08-23,1068.000000,10.276554,0.917616,77603.300000,77505.310000
29792119,2026-08-23T23:19,77541.990000,0.402100,0.856650,2026-08-23,1066.000000,7.923806,0.556218,77637.800000,77538.360000
29792120,2026-08-23T23:20,77550.850000,0.439400,-0.544552,2026-08-23,943.000000,0.757644,0.402943,77554.030000,77511.660000
29792121,2026-08-23T23:21,77513.140000,0.667200,-0.051180,2026-08-23,1048.000000,7.775048,0.095287,77554.010000,77500.160000
29792122,2026-08-23T23:22,77510.110000,-0.345400,-0.824033,2026-08-23,930.000000,1.108081,0.291078,77530.220000,77503.980000
29792123,2026-08-23T23:23,77491.890000,-0.208400,-0.404167,2026-08-23,943.000000,1.210038,0.215540,77510.120000,77465.780000
29792124,2026-08-23T23:24,77486.510000,0.110700,-0.539994,2026-08-23,970.000000,3.907126,0.899346,77511.110000,77481.060000
29792125,2026-08-23T23:25,77481.050000,0.780600,0.797409,2026-08-23,1045.000000,2.763942,0.457419,77516.210000,77441.120000
29792126,2026-08-23T23:26,77553.860000,0.623300,-0.040537,2026-08-23,981.000000,1.371363,0.516932,77554.030000,77477.240000
29792127,2026-08-23T23:27,77567.450000,0.401800,-0.057141,2026-08-23,974.000000,3.977970,0.344952,77597.160000,77547.340000
29792128,2026-08-23T23:28,77591.520000,0.262100,-0.310204,2026-08-23,770.000000,0.540268,0.841231,77594.390000,77565.890000
29792129,2026-08-23T23:29,77662.880000,0.245800,0.699954,2026-08-23,858.000000,2.009513,0.626664,77675.880000,77584.210000
29792130,2026-08-23T23:30,77763.740000,0.084600,0.249346,2026-08-23,1321.000000,15.894739,0.584942,77794.300000,77660.600000
29792131,2026-08-23T23:31,77797.670000,-0.494500,0.166238,2026-08-23,1172.000000,7.282348,0.732544,77821.040000,77744.630000
29792132,2026-08-23T23:32,77744.640000,0.206700,0.467974,2026-08-23,1072.000000,6.672271,0.186146,77817.300000,77736.820000
29792133,2026-08-23T23:33,77720.170000,-0.170500,-0.622848,2026-08-23,1020.000000,2.846424,0.110425,77753.140000,77713.450000
29792134,2026-08-23T23:34,77672.050000,-0.099200,-0.796347,2026-08-23,994.000000,1.267038,0.268303,77720.170000,77652.960000
29792135,2026-08-23T23:35,77638.670000,-0.275000,-0.499472,2026-08-23,1013.000000,3.910417,0.233590,77712.360000,77636.470000
29792136,2026-08-23T23:36,77607.510000,-0.159700,-0.516158,2026-08-23,1074.000000,8.293773,0.128344,77644.850000,77600.140000
29792137,2026-08-23T23:37,77589.010000,-0.347800,-0.746191,2026-08-23,1050.000000,5.480107,0.059192,77641.500000,77589.000000
29792138,2026-08-23T23:38,77568.920000,-0.466700,-0.881676,2026-08-23,953.000000,0.852373,0.413512,77599.480000,77550.010000
29792139,2026-08-23T23:39,77545.990000,-0.180400,-0.092817,2026-08-23,1001.000000,1.966134,0.409212,77562.390000,77490.700000
29792140,2026-08-23T23:40,77565.020000,-0.358800,-0.220331,2026-08-23,996.000000,3.564994,0.248448,77568.920000,77497.270000
29792141,2026-08-23T23:41,77523.080000,-0.667100,-0.509707,2026-08-23,926.000000,1.375244,0.238239,77565.030000,77523.080000
29792142,2026-08-23T23:42,77474.670000,-0.428700,-0.506675,2026-08-23,1074.000000,3.387317,0.432765,77534.590000,77466.790000
29792143,2026-08-23T23:43,77431.400000,-0.465700,-0.133638,2026-08-23,958.000000,2.546618,0.152984,77472.470000,77429.590000
29792144,2026-08-23T23:44,77478.100000,-0.536000,-0.696125,2026-08-23,997.000000,1.912340,0.457699,77484.880000,77380.410000
29792145,2026-08-23T23:45,77497.760000,-0.248700,-0.077170,2026-08-23,1027.000000,4.199084,0.185343,77504.030000,77471.960000
29792146,2026-08-23T23:46,77538.360000,0.030000,-0.633937,2026-08-23,1013.000000,3.847893,0.145220,77553.640000,77497.760000
29792147,2026-08-23T23:47,77548.990000,0.147100,-0.708823,2026-08-23,1028.000000,1.462519,0.375037,77567.050000,77523.080000
29792148,2026-08-23T23:48,77567.300000,-0.080900,-0.199386,2026-08-23,1008.000000,3.660395,0.311137,77580.380000,77547.440000
29792149,2026-08-23T23:49,77543.460000,0.440500,-0.379326,2026-08-23,931.000000,2.978313,0.071515,77567.310000,77524.580000
29792150,2026-08-23T23:50,77592.290000,0.073200,-0.856797,2026-08-23,1031.000000,2.875516,0.565615,77594.320000,77543.450000
29792151,2026-08-23T23:51,77576.570000,-0.292600,0.123872,2026-08-23,1061.000000,6.239458,0.869817,77641.500000,77576.560000
29792152,2026-08-23T23:52,77550.010000,-0.770300,0.734635,2026-08-23,1001.000000,5.665249,0.562312,77576.570000,77535.870000
29792153,2026-08-23T23:53,77528.170000,0.033300,0.131078,2026-08-23,890.000000,3.509241,0.743953,77550.010000,77527.850000
29792154,2026-08-23T23:54,77625.360000,-0.061300,0.488585,2026-08-23,1138.000000,8.823725,0.700019,77630.180000,77527.850000
29792155,2026-08-23T23:55,77694.990000,-0.301300,0.393116,2026-08-23,1068.000000,6.148891,0.544492,77739.740000,77617.210000
29792156,2026-08-23T23:56,77675.550000,0.346700,0.090392,2026-08-23,1039.000000,3.339549,0.140137,77706.370000,77668.250000
29792157,2026-08-23T23:57,77775.210000,-0.447700,-0.708372,2026-08-23,1324.000000,26.673713,0.767038,77802.850000,77652.960000
29792158,2026-08-23T23:58,77733.180000,0.113000,0.533854,2026-08-23,997.000000,3.434503,0.302422,77786.670000,77733.180000
29792159,2026-08-23T23:59,77725.580000,0.455600,-0.396420,2026-08-23,987.000000,4.386433,0.197026,77733.190000,77700.000000
