minute_epoch,minute_utc,close,book_imb,ofi,day,trades,volume,buy_share,high,low
29759460,2026-08-01T07:00,63020.990000,-0.360800,1.000000,2026-08-01,379.000000,1.122738,0.908684,63021.330000,63013.190000
29759461,2026-08-01T07:01,63020.170000,-0.527900,0.859598,2026-08-01,135.000000,0.636873,0.929675,63021.000000,63018.390000
29759462,2026-08-01T07:02,63021.070000,-0.433800,0.677458,2026-08-01,151.000000,1.139514,0.489054,63021.070000,63015.670000
29759463,2026-08-01T07:03,63024.180000,-0.691700,-0.022848,2026-08-01,286.000000,1.980787,0.905190,63024.190000,63016.600000
29759464,2026-08-01T07:04,63021.070000,-0.921000,0.811040,2026-08-01,140.000000,0.453611,0.598363,63024.750000,63021.070000
29759465,2026-08-01T07:05,63024.670000,-0.852600,0.198767,2026-08-01,86.000000,0.289713,0.604371,63024.670000,63021.070000
29759466,2026-08-01T07:06,63024.670000,-0.910800,0.587468,2026-08-01,82.000000,0.901088,0.903270,63024.860000,63024.660000
29759467,2026-08-01T07:07,63024.670000,-0.889600,0.725024,2026-08-01,55.000000,0.068484,0.933978,63024.670000,63024.660000
29759468,2026-08-01T07:08,63024.670000,-0.851200,0.867955,2026-08-01,52.000000,0.048555,0.825781,63024.670000,63024.660000
29759469,2026-08-01T07:09,63024.650000,-0.559000,0.651563,2026-08-01,76.000000,0.257717,0.126578,63024.670000,63024.630000
29759470,2026-08-01T07:10,63038.060000,-0.522000,-0.735190,2026-08-01,181.000000,2.293753,0.968300,63038.410000,63024.640000
29759471,2026-08-01T07:11,63052.990000,-0.361000,0.936552,2026-08-01,171.000000,0.807184,0.814760,63053.000000,63038.060000
29759472,2026-08-01T07:12,63047.870000,-0.250800,0.629602,2026-08-01,105.000000,0.549031,0.089745,63053.000000,63042.820000
29759473,2026-08-01T07:13,63048.960000,-0.468800,-0.793406,2026-08-01,66.000000,0.276676,0.288391,63049.020000,63047.870000
29759474,2026-08-01T07:14,63045.400000,-0.427800,-0.468200,2026-08-01,59.000000,0.620851,0.847378,63048.970000,63045.400000
29759475,2026-08-01T07:15,63045.980000,-0.494600,0.694755,2026-08-01,83.000000,0.866414,0.988122,63045.980000,63045.390000
29759476,2026-08-01T07:16,63048.510000,-0.428700,0.976244,2026-08-01,54.000000,0.647220,0.994400,63048.520000,63045.970000
29759477,2026-08-01T07:17,63021.510000,-0.283600,0.988799,2026-08-01,286.000000,4.924500,0.273342,63048.970000,63011.210000
29759478,2026-08-01T07:18,63006.380000,-0.873600,-0.453315,2026-08-01,270.000000,4.195143,0.132667,63021.520000,62994.500000
29759479,2026-08-01T07:19,63005.260000,-0.183900,-0.734666,2026-08-01,95.000000,0.829155,0.849437,63006.390000,63005.250000
29759480,2026-08-01T07:20,63007.480000,-0.089800,0.698874,2026-08-01,145.000000,0.932176,0.957326,63007.500000,63005.260000
29759481,2026-08-01T07:21,63021.510000,-0.403900,0.911397,2026-08-01,179.000000,2.725595,0.418260,63021.520000,63007.470000
29759482,2026-08-01T07:22,63018.960000,-0.289500,-0.162992,2026-08-01,71.000000,0.669137,0.544033,63021.540000,63018.960000
29759483,2026-08-01T07:23,63017.190000,-0.235800,0.088065,2026-08-01,184.000000,1.415604,0.391547,63019.140000,63013.980000
29759484,2026-08-01T07:24,63018.620000,-0.261000,-0.216907,2026-08-01,86.000000,0.141252,0.987092,63018.730000,63017.190000
29759485,2026-08-01T07:25,63018.600000,-0.294800,0.974184,2026-08-01,68.000000,0.566120,0.541587,63018.630000,63017.360000
29759486,2026-08-01T07:26,63018.600000,-0.259700,0.083175,2026-08-01,60.000000,0.950329,0.888433,63018.600000,63018.590000
29759487,2026-08-01T07:27,63018.600000,-0.339500,0.776974,2026-08-01,53.000000,0.103268,0.248749,63018.600000,63018.590000
29759488,2026-08-01T07:28,63007.480000,-0.779400,-0.509264,2026-08-01,105.000000,0.894540,0.089188,63018.600000,63007.070000
29759489,2026-08-01T07:29,63007.480000,-0.875800,-0.821625,2026-08-01,62.000000,0.057911,0.697644,63007.480000,63007.470000
29759490,2026-08-01T07:30,63006.460000,-1.000000,0.403466,2026-08-01,60.000000,0.290628,0.048944,63007.480000,63007.040000
29759491,2026-08-01T07:31,62999.320000,-0.625900,-0.907323,2026-08-01,261.000000,1.544137,0.355436,63006.450000,62996.980000
29759492,2026-08-01T07:32,62975.900000,-0.905100,-0.289128,2026-08-01,402.000000,2.963130,0.543285,62999.320000,62972.650000
29759493,2026-08-01T07:33,62983.240000,0.470600,0.086569,2026-08-01,184.000000,1.439444,0.686787,62983.250000,62970.020000
29759494,2026-08-01T07:34,62983.010000,-0.878700,0.372513,2026-08-01,186.000000,1.044153,0.628346,62983.420000,62983.010000
29759495,2026-08-01T07:35,62976.230000,-0.586800,0.258034,2026-08-01,454.000000,1.591545,0.335049,62983.020000,62971.640000
29759496,2026-08-01T07:36,62976.240000,-0.790800,-0.329912,2026-08-01,276.000000,1.255462,0.766895,62979.440000,62976.220000
29759497,2026-08-01T07:37,62975.440000,-0.926900,0.533932,2026-08-01,105.000000,0.553382,0.699146,62976.240000,62975.440000
29759498,2026-08-01T07:38,62975.440000,-0.936700,0.397964,2026-08-01,48.000000,0.790811,0.941308,62975.450000,62975.440000
29759499,2026-08-01T07:39,62981.630000,-0.770800,0.882638,2026-08-01,134.000000,0.746161,0.968510,62981.640000,62975.440000
29759500,2026-08-01T07:40,62975.440000,-0.858300,0.937269,2026-08-01,188.000000,1.020928,0.757614,62981.640000,62975.440000
29759501,2026-08-01T07:41,62981.420000,-0.293100,0.515099,2026-08-01,188.000000,1.086857,0.858952,62981.420000,62975.440000
29759502,2026-08-01T07:42,62989.670000,-0.471400,0.745615,2026-08-01,258.000000,0.933388,0.568188,62989.840000,62980.480000
29759503,2026-08-01T07:43,62987.100000,-0.899800,0.007779,2026-08-01,424.000000,1.254521,0.584282,62989.670000,62978.730000
29759504,2026-08-01T07:44,62987.100000,-0.959800,0.189131,2026-08-01,135.000000,0.167202,0.498092,62987.100000,62987.090000
29759505,2026-08-01T07:45,62983.670000,-0.894200,-0.242298,2026-08-01,538.000000,0.746214,0.629176,62987.100000,62979.530000
29759506,2026-08-01T07:46,62987.060000,-0.104000,0.258353,2026-08-01,165.000000,0.597423,0.899854,62987.060000,62983.660000
29759507,2026-08-01T07:47,62986.690000,-0.333900,0.799708,2026-08-01,267.000000,0.169284,0.170074,62987.470000,62986.690000
29759508,2026-08-01T07:48,62983.940000,-0.423400,-0.630842,2026-08-01,275.000000,1.323007,0.229098,62993.050000,62983.950000
29759509,2026-08-01T07:49,62990.170000,-0.257300,-0.545321,2026-08-01,97.000000,0.647281,0.894180,62990.870000,62983.950000
29759510,2026-08-01T07:50,62987.740000,-0.650000,0.788359,2026-08-01,128.000000,0.762502,0.213275,62992.320000,62986.080000
29759511,2026-08-01T07:51,62993.190000,-0.416300,-0.573451,2026-08-01,193.000000,0.734616,0.988320,62993.200000,62987.730000
29759512,2026-08-01T07:52,62993.980000,-0.946700,0.976640,2026-08-01,120.000000,0.502371,0.724406,62993.980000,62993.130000
29759513,2026-08-01T07:53,62991.940000,-0.739100,0.836997,2026-08-01,645.000000,3.864182,0.412967,62994.000000,62981.050000
29759514,2026-08-01T07:54,62988.020000,-0.183100,-0.700575,2026-08-01,441.000000,0.687436,0.630133,62993.660000,62988.030000
29759515,2026-08-01T07:55,62996.980000,-0.947500,0.078419,2026-08-01,463.000000,1.035731,0.708707,62996.980000,62979.040000
29759516,2026-08-01T07:56,62994.680000,-0.954900,0.596042,2026-08-01,137.000000,0.651365,0.696423,62996.980000,62994.680000
29759517,2026-08-01T07:57,62993.270000,-0.649800,0.392846,2026-08-01,349.000000,0.121997,0.271945,62994.690000,62993.270000
29759518,2026-08-01T07:58,62989.850000,-0.844500,0.687600,2026-08-01,180.000000,0.757069,0.646964,62993.280000,62989.850000
29759519,2026-08-01T07:59,62989.650000,0.990700,-0.721946,2026-08-01,72.000000,0.822633,0.916618,62991.460000,62986.140000
29759520,2026-08-01T08:00,63013.960000,-0.231200,0.833298,2026-08-01,358.000000,0.362490,0.974015,63013.960000,62991.490000
29759521,2026-08-01T08:01,63020.240000,-0.192200,0.622934,2026-08-01,173.000000,0.962504,0.836820,63020.240000,63005.280000
29759522,2026-08-01T08:02,63019.570000,-0.531000,0.810058,2026-08-01,183.000000,0.510741,0.811310,63022.370000,63018.680000
29759523,2026-08-01T08:03,63018.680000,-0.254200,0.622621,2026-08-01,108.000000,0.585626,0.852753,63021.000000,63017.300000
29759524,2026-08-01T08:04,63022.760000,-0.040600,0.705506,2026-08-01,123.000000,1.736962,0.997141,63022.760000,63018.680000
29759525,2026-08-01T08:05,63022.760000,-0.184500,0.994282,2026-08-01,61.000000,0.048191,0.944766,63022.760000,63022.750000
29759526,2026-08-01T08:06,63021.880000,-0.861200,0.889532,2026-08-01,216.000000,1.969161,0.208966,63022.750000,63017.310000
29759527,2026-08-01T08:07,63022.490000,-0.737700,-0.570068,2026-08-01,86.000000,0.577834,0.880197,63022.490000,63018.960000
29759528,2026-08-01T08:08,63024.240000,-0.780200,0.753987,2026-08-01,110.000000,0.932642,0.726680,63024.240000,63021.260000
29759529,2026-08-01T08:09,63028.580000,-0.744000,0.453360,2026-08-01,190.000000,0.718085,0.817696,63029.980000,63024.230000
29759530,2026-08-01T08:10,63023.990000,-0.428500,0.654296,2026-08-01,164.000000,0.427042,0.523395,63028.590000,63023.640000
29759531,2026-08-01T08:11,63032.870000,-0.815100,-0.049686,2026-08-01,219.000000,2.685381,0.990740,63032.870000,63023.990000
29759532,2026-08-01T08:12,63039.370000,-0.810600,0.981481,2026-08-01,141.000000,0.157885,0.405849,63039.370000,63032.860000
29759533,2026-08-01T08:13,63039.740000,-0.357500,-0.185532,2026-08-01,73.000000,0.120343,0.347208,63039.740000,63039.360000
29759534,2026-08-01T08:14,63039.740000,-0.680700,-0.304849,2026-08-01,42.000000,0.125395,0.718756,63039.740000,63039.730000
29759535,2026-08-01T08:15,63039.740000,-0.559300,0.445212,2026-08-01,55.000000,0.213718,0.132994,63039.740000,63039.730000
29759536,2026-08-01T08:16,63039.740000,-0.580100,-0.736086,2026-08-01,128.000000,0.219046,0.533596,63039.740000,63039.730000
29759537,2026-08-01T08:17,63041.730000,-0.550900,0.058787,2026-08-01,160.000000,0.435201,0.965685,63041.730000,63039.730000
29759538,2026-08-01T08:18,63041.730000,-0.693600,0.931424,2026-08-01,81.000000,0.532972,0.567309,63041.730000,63041.700000
29759539,2026-08-01T08:19,63037.460000,-0.583300,0.136836,2026-08-01,70.000000,0.550157,0.424921,63041.730000,63037.470000
29759540,2026-08-01T08:20,63042.760000,-0.508600,-0.138504,2026-08-01,61.000000,0.293510,0.919233,63042.760000,63037.460000
29759541,2026-08-01T08:21,63042.740000,-0.828100,0.828719,2026-08-01,167.000000,0.294786,0.667762,63042.760000,63042.560000
29759542,2026-08-01T08:22,63042.740000,-0.809200,0.343713,2026-08-01,230.000000,0.200143,0.834872,63042.760000,63042.650000
29759543,2026-08-01T08:23,63042.740000,-0.714600,0.664527,2026-08-01,67.000000,0.318671,0.991405,63042.750000,63042.740000
29759544,2026-08-01T08:24,63042.760000,-0.824900,0.982819,2026-08-01,97.000000,0.602222,0.964686,63042.760000,63042.740000
29759545,2026-08-01T08:25,63042.760000,-0.911500,0.924975,2026-08-01,53.000000,0.401271,0.992808,63042.760000,63042.750000
29759546,2026-08-01T08:26,63042.760000,-0.585900,0.992412,2026-08-01,63.000000,0.487449,0.900327,63042.760000,63042.750000
29759547,2026-08-01T08:27,63042.770000,-0.846300,0.800654,2026-08-01,63.000000,0.540438,0.988028,63042.780000,63042.770000
29759548,2026-08-01T08:28,63028.900000,-0.903000,0.976057,2026-08-01,470.000000,1.155335,0.355728,63042.780000,63027.720000
29759549,2026-08-01T08:29,63030.600000,-0.842500,-0.288543,2026-08-01,320.000000,0.709083,0.758692,63032.340000,63028.880000
29759550,2026-08-01T08:30,63041.430000,0.158600,0.518406,2026-08-01,187.000000,0.762103,0.996679,63041.440000,63030.600000
29759551,2026-08-01T08:31,63048.270000,-0.632100,0.993344,2026-08-01,234.000000,0.394896,0.828095,63048.280000,63042.770000
29759552,2026-08-01T08:32,63050.100000,-0.943200,0.656190,2026-08-01,49.000000,0.142775,0.031659,63051.760000,63048.270000
29759553,2026-08-01T08:33,63050.100000,-0.945300,-0.936681,2026-08-01,38.000000,0.091963,0.699558,63050.100000,63050.090000
29759554,2026-08-01T08:34,63046.310000,0.296300,0.399116,2026-08-01,168.000000,0.232869,0.109477,63050.100000,63046.300000
29759555,2026-08-01T08:35,63046.190000,-0.432000,-0.778689,2026-08-01,75.000000,0.235990,0.090648,63046.310000,63046.190000
29759556,2026-08-01T08:36,63050.990000,-0.627900,-0.821087,2026-08-01,198.000000,0.303268,0.784040,63050.990000,63046.190000
29759557,2026-08-01T08:37,63038.180000,0.742700,0.568080,2026-08-01,316.000000,0.438838,0.084783,63050.990000,63038.000000
29759558,2026-08-01T08:38,63038.180000,-0.941200,-0.830433,2026-08-01,211.000000,0.739945,0.833541,63041.510000,63038.180000
29759559,2026-08-01T08:39,63038.190000,-0.708100,0.667081,2026-08-01,117.000000,0.681011,0.939184,63038.200000,63038.180000
29759560,2026-08-01T08:40,63040.960000,-0.739100,0.878368,2026-08-01,143.000000,0.658124,0.984020,63041.090000,63038.190000
29759561,2026-08-01T08:41,63041.650000,-0.931300,0.968041,2026-08-01,79.000000,0.574282,0.899216,63041.650000,63041.010000
29759562,2026-08-01T08:42,63039.020000,-0.683800,0.798480,2026-08-01,74.000000,0.684616,0.788802,63041.650000,63038.880000
29759563,2026-08-01T08:43,63039.460000,-0.882600,0.577489,2026-08-01,58.000000,0.617688,0.999178,63039.470000,63039.030000
29759564,2026-08-01T08:44,63041.120000,-0.715400,0.998356,2026-08-01,66.000000,0.532212,0.928752,63041.120000,63039.450000
29759565,2026-08-01T08:45,63028.010000,-0.370000,0.854812,2026-08-01,430.000000,4.287816,0.216430,63041.150000,63028.000000
29759566,2026-08-01T08:46,63039.420000,0.833300,-0.567065,2026-08-01,85.000000,0.917675,0.999759,63039.420000,63028.010000
29759567,2026-08-01T08:47,63044.460000,-0.005500,0.999519,2026-08-01,323.000000,0.538272,0.999251,63044.460000,63039.420000
29759568,2026-08-01T08:48,63044.990000,-0.586600,0.998512,2026-08-01,109.000000,0.203688,0.986258,63044.990000,63044.450000
29759569,2026-08-01T08:49,63046.630000,-0.906000,0.963799,2026-08-01,132.000000,0.711065,0.735659,63051.000000,63044.980000
29759570,2026-08-01T08:50,63055.190000,-0.330900,0.473053,2026-08-01,96.000000,0.475376,0.999441,63055.200000,63046.630000
29759571,2026-08-01T08:51,63060.870000,0.404200,0.998882,2026-08-01,86.000000,0.352254,0.917567,63060.870000,63055.190000
29759572,2026-08-01T08:52,63068.960000,-0.192800,0.835133,2026-08-01,171.000000,0.464022,0.754162,63068.960000,63060.870000
29759573,2026-08-01T08:53,63074.990000,-0.696100,0.513215,2026-08-01,313.000000,0.466391,0.971151,63075.000000,63068.950000
29759574,2026-08-01T08:54,63074.990000,-0.609300,0.942105,2026-08-01,47.000000,0.349148,0.049136,63075.000000,63074.990000
29759575,2026-08-01T08:55,63084.070000,-0.101000,-0.918660,2026-08-01,123.000000,0.650924,0.934920,63084.060000,63074.990000
29759576,2026-08-01T08:56,63086.510000,-0.104600,0.869841,2026-08-01,100.000000,0.116861,0.662678,63086.520000,63084.060000
29759577,2026-08-01T08:57,63092.990000,-0.141800,0.325356,2026-08-01,110.000000,0.989671,0.141491,63093.000000,63086.510000
29759578,2026-08-01T08:58,63086.940000,-0.239400,-0.716349,2026-08-01,115.000000,0.437639,0.199268,63093.000000,63085.130000
29759579,2026-08-01T08:59,63060.880000,0.330000,-0.602874,2026-08-01,528.000000,7.346435,0.065536,63088.290000,63060.890000
29759580,2026-08-01T09:00,63080.520000,-0.148700,-0.868897,2026-08-01,320.000000,1.253255,0.747588,63080.530000,63060.890000
29759581,2026-08-01T09:01,63078.460000,-0.368600,0.495745,2026-08-01,94.000000,0.462151,0.745467,63080.530000,63075.910000
29759582,2026-08-01T09:02,63051.760000,-0.865200,0.494328,2026-08-01,346.000000,1.560160,0.346384,63079.230000,63051.760000
29759583,2026-08-01T09:03,63047.940000,0.004300,-0.311120,2026-08-01,171.000000,1.255707,0.175775,63051.780000,63045.290000
29759584,2026-08-01T09:04,63072.930000,-0.044200,-0.477008,2026-08-01,608.000000,12.112619,0.868154,63072.960000,63047.950000
29759585,2026-08-01T09:05,63057.380000,-0.855700,0.715619,2026-08-01,142.000000,0.560587,0.203177,63072.950000,63055.440000
29759586,2026-08-01T09:06,63056.630000,-0.686800,-0.487741,2026-08-01,292.000000,1.130430,0.441432,63057.380000,63054.960000
29759587,2026-08-01T09:07,63056.630000,0.978000,-0.112419,2026-08-01,182.000000,0.409238,0.794207,63056.800000,63056.630000
29759588,2026-08-01T09:08,63056.230000,-0.019900,0.588413,2026-08-01,241.000000,0.782065,0.826319,63057.830000,63055.800000
29759589,2026-08-01T09:09,63057.230000,-0.153100,0.573777,2026-08-01,371.000000,2.538904,0.174937,63057.520000,63051.440000
29759590,2026-08-01T09:10,63067.080000,-0.562700,-0.644640,2026-08-01,287.000000,0.463297,0.877411,63067.670000,63057.220000
29759591,2026-08-01T09:11,63072.400000,-0.323000,0.757290,2026-08-01,92.000000,0.253431,0.756019,63072.400000,63067.090000
29759592,2026-08-01T09:12,63067.770000,-0.930700,0.502799,2026-08-01,163.000000,0.274894,0.216604,63072.400000,63067.770000
29759593,2026-08-01T09:13,63058.820000,-0.734400,-0.565230,2026-08-01,248.000000,0.645819,0.614890,63067.780000,63055.220000
29759594,2026-08-01T09:14,63056.870000,-0.926900,0.223333,2026-08-01,284.000000,1.452292,0.877941,63058.820000,63056.860000
29759595,2026-08-01T09:15,63064.380000,-0.535300,0.758252,2026-08-01,172.000000,1.071280,0.994610,63065.990000,63056.860000
29759596,2026-08-01T09:16,63059.210000,-0.834200,0.991584,2026-08-01,288.000000,0.239350,0.180743,63064.390000,63059.140000
29759597,2026-08-01T09:17,63042.490000,-0.741300,-0.638511,2026-08-01,383.000000,0.777093,0.418756,63059.220000,63041.210000
29759598,2026-08-01T09:18,63042.490000,-0.861900,-0.162322,2026-08-01,54.000000,0.122065,0.275384,63042.500000,63042.490000
29759599,2026-08-01T09:19,63057.120000,-0.722600,-0.441656,2026-08-01,575.000000,32.424944,0.896491,63060.770000,63036.820000
29759600,2026-08-01T09:20,63048.320000,-0.922900,0.792977,2026-08-01,450.000000,0.912781,0.835602,63057.130000,63048.320000
29759601,2026-08-01T09:21,63052.990000,-0.030300,0.671203,2026-08-01,115.000000,0.793379,0.995273,63053.000000,63048.320000
29759602,2026-08-01T09:22,63064.900000,-0.258000,0.990546,2026-08-01,102.000000,0.470198,0.998569,63064.900000,63052.990000
29759603,2026-08-01T09:23,63068.940000,-0.174400,0.997139,2026-08-01,88.000000,0.121284,0.741632,63068.950000,63064.890000
29759604,2026-08-01T09:24,63038.480000,0.592500,-0.704639,2026-08-01,760.000000,30.503996,0.040516,63068.940000,63034.540000
29759605,2026-08-01T09:25,63044.600000,-0.877500,-0.917651,2026-08-01,335.000000,0.901218,0.989659,63045.970000,63039.520000
29759606,2026-08-01T09:26,63039.440000,-0.999800,0.979289,2026-08-01,181.000000,0.731606,0.656310,63044.610000,63039.450000
29759607,2026-08-01T09:27,63049.290000,-0.839600,0.313618,2026-08-01,256.000000,1.207945,0.875693,63049.290000,63039.440000
29759608,2026-08-01T09:28,63049.960000,-0.915900,0.751066,2026-08-01,251.000000,0.350555,0.525430,63051.890000,63048.410000
29759609,2026-08-01T09:29,63048.350000,0.667700,0.050929,2026-08-01,230.000000,0.419714,0.868364,63050.030000,63048.340000
29759610,2026-08-01T09:30,63053.680000,-0.941800,0.736713,2026-08-01,263.000000,0.595848,0.935695,63055.000000,63048.150000
29759611,2026-08-01T09:31,63057.790000,-0.837600,0.871390,2026-08-01,418.000000,2.097120,0.224767,63057.790000,63049.980000
29759612,2026-08-01T09:32,63057.760000,-0.873100,-0.550465,2026-08-01,290.000000,0.166770,0.287819,63057.790000,63057.760000
29759613,2026-08-01T09:33,63057.760000,-0.692100,0.374364,2026-08-01,57.000000,0.403425,0.943652,63057.770000,63057.760000
29759614,2026-08-01T09:34,63042.440000,0.525700,0.762341,2026-08-01,451.000000,8.336384,0.040193,63057.770000,63038.800000
29759615,2026-08-01T09:35,63048.490000,-0.955300,-0.919795,2026-08-01,326.000000,0.820085,0.996600,63049.760000,63043.710000
29759616,2026-08-01T09:36,63048.540000,-0.966600,0.993307,2026-08-01,163.000000,0.665716,0.992833,63048.550000,63048.480000
29759617,2026-08-01T09:37,63048.460000,-0.856900,0.985722,2026-08-01,144.000000,0.864350,0.897931,63048.620000,63048.450000
29759618,2026-08-01T09:38,63048.460000,-0.843000,0.795238,2026-08-01,162.000000,0.468615,0.893932,63050.780000,63048.450000
29759619,2026-08-01T09:39,63048.620000,-0.935700,0.789181,2026-08-01,115.000000,0.369606,0.999839,63049.260000,63048.450000
29759620,2026-08-01T09:40,63048.620000,-0.646000,0.992692,2026-08-01,139.000000,0.640076,0.958835,63048.630000,63048.620000
29759621,2026-08-01T09:41,63048.620000,-0.548900,0.921363,2026-08-01,58.000000,0.246209,0.927460,63048.630000,63048.620000
29759622,2026-08-01T09:42,63048.630000,-0.104900,0.853544,2026-08-01,111.000000,0.449727,0.998117,63048.650000,63048.620000
29759623,2026-08-01T09:43,63045.010000,-0.999000,0.996234,2026-08-01,395.000000,1.695165,0.931821,63049.150000,63045.000000
29759624,2026-08-01T09:44,63052.900000,-0.838100,0.863642,2026-08-01,648.000000,31.914797,0.994719,63056.970000,63041.440000
29759625,2026-08-01T09:45,63038.760000,-0.341600,0.989437,2026-08-01,440.000000,0.279891,0.070105,63052.910000,63038.750000
29759626,2026-08-01T09:46,63038.990000,-0.261400,-0.859794,2026-08-01,99.000000,0.211376,0.777267,63041.830000,63038.750000
29759627,2026-08-01T09:47,63039.060000,-0.073500,0.548665,2026-08-01,221.000000,1.466823,0.995841,63039.330000,63038.980000
29759628,2026-08-01T09:48,63026.740000,-0.215100,0.992778,2026-08-01,212.000000,0.298145,0.215928,63039.060000,63025.400000
29759629,2026-08-01T09:49,63013.920000,-0.292700,-0.817100,2026-08-01,305.000000,12.173620,0.018869,63026.730000,63004.250000
29759630,2026-08-01T09:50,63010.810000,-0.424200,-0.961103,2026-08-01,64.000000,1.175510,0.979738,63013.920000,63010.800000
29759631,2026-08-01T09:51,63019.150000,-0.620400,0.959476,2026-08-01,267.000000,2.388228,0.997421,63021.570000,63010.800000
29759632,2026-08-01T09:52,63007.330000,-0.453900,0.994842,2026-08-01,147.000000,0.579596,0.802192,63019.150000,63007.330000
29759633,2026-08-01T09:53,63000.170000,-0.364100,0.604385,2026-08-01,94.000000,1.849017,0.938699,63007.340000,63000.160000
29759634,2026-08-01T09:54,62986.490000,-0.358400,0.792986,2026-08-01,262.000000,7.997481,0.055889,63000.160000,62986.680000
29759635,2026-08-01T09:55,62991.520000,-0.135100,-0.886991,2026-08-01,101.000000,0.774725,0.999493,62991.610000,62986.500000
29759636,2026-08-01T09:56,62982.040000,0.058000,0.998986,2026-08-01,202.000000,3.726601,0.212935,62993.290000,62980.130000
29759637,2026-08-01T09:57,63005.580000,-0.062200,-0.574130,2026-08-01,236.000000,1.056154,0.899202,63013.910000,62982.050000
29759638,2026-08-01T09:58,62996.730000,-0.428900,0.798403,2026-08-01,69.000000,0.931538,0.812934,63005.590000,62996.720000
29759639,2026-08-01T09:59,62989.850000,-0.261500,0.625868,2026-08-01,56.000000,0.214403,0.519386,62996.730000,62989.850000
29759640,2026-08-01T10:00,63013.930000,-0.977800,0.067956,2026-08-01,621.000000,3.325398,0.545322,63051.760000,62989.850000
29759641,2026-08-01T10:01,62990.830000,-0.712000,0.088805,2026-08-01,252.000000,0.211658,0.326407,63013.930000,62990.830000
29759642,2026-08-01T10:02,62977.930000,-0.035400,-0.347185,2026-08-01,398.000000,3.434156,0.666878,62990.840000,62968.850000
29759643,2026-08-01T10:03,62950.620000,-0.177700,0.333846,2026-08-01,175.000000,1.468492,0.069443,62977.930000,62944.180000
29759644,2026-08-01T10:04,62928.480000,-0.928200,-0.861338,2026-08-01,217.000000,2.003438,0.092348,62950.630000,62928.440000
29759645,2026-08-01T10:05,62934.240000,-0.427200,-0.815440,2026-08-01,203.000000,1.326921,0.822800,62934.240000,62928.470000
29759646,2026-08-01T10:06,62935.330000,-0.202300,0.645693,2026-08-01,177.000000,1.865373,0.105492,62945.120000,62932.980000
29759647,2026-08-01T10:07,62932.980000,-0.354500,-0.789016,2026-08-01,108.000000,1.308797,0.804509,62941.100000,62932.400000
29759648,2026-08-01T10:08,62945.120000,-0.267300,0.623321,2026-08-01,113.000000,0.454970,0.960565,62945.120000,62932.980000
29759649,2026-08-01T10:09,62945.120000,-0.219700,0.911457,2026-08-01,68.000000,0.124954,0.489534,62945.120000,62943.860000
29759650,2026-08-01T10:10,62931.370000,-0.968900,-0.020865,2026-08-01,83.000000,0.403782,0.931068,62945.120000,62931.370000
29759651,2026-08-01T10:11,62953.370000,-0.851400,0.862297,2026-08-01,347.000000,0.994787,0.883608,62954.560000,62925.010000
29759652,2026-08-01T10:12,62952.990000,0.307500,0.767632,2026-08-01,214.000000,5.334715,0.516186,62955.990000,62949.990000
29759653,2026-08-01T10:13,62950.320000,0.016700,0.032102,2026-08-01,204.000000,1.015047,0.505292,62956.960000,62950.310000
29759654,2026-08-01T10:14,62947.900000,0.107600,0.010565,2026-08-01,79.000000,0.405356,0.934657,62950.320000,62945.120000
29759655,2026-08-01T10:15,62955.430000,-0.489900,0.839641,2026-08-01,294.000000,1.431681,0.812090,62955.440000,62931.370000
29759656,2026-08-01T10:16,62955.060000,0.506500,0.631130,2026-08-01,253.000000,0.177146,0.338551,62957.010000,62949.480000
29759657,2026-08-01T10:17,62978.560000,0.046800,-0.341354,2026-08-01,305.000000,4.702470,0.984545,62978.560000,62955.060000
29759658,2026-08-01T10:18,62998.180000,-0.267800,0.969090,2026-08-01,352.000000,1.745622,0.715908,63004.040000,62969.700000
29759659,2026-08-01T10:19,63001.730000,-0.343200,0.431815,2026-08-01,51.000000,0.354308,0.999569,63001.730000,62998.170000
29759660,2026-08-01T10:20,63004.010000,-0.379400,0.992894,2026-08-01,106.000000,0.656547,0.917243,63004.020000,63001.720000
29759661,2026-08-01T10:21,63004.400000,-0.052900,0.794147,2026-08-01,83.000000,0.440056,0.809331,63004.900000,63004.010000
29759662,2026-08-01T10:22,63004.400000,-0.044700,0.679229,2026-08-01,71.000000,0.850362,0.884613,63004.410000,63004.400000
29759663,2026-08-01T10:23,63005.430000,0.517500,0.759865,2026-08-01,74.000000,0.161302,0.532535,63005.440000,63004.400000
29759664,2026-08-01T10:24,62981.540000,-0.364800,0.076705,2026-08-01,305.000000,3.692003,0.094371,63005.440000,62979.330000
29759665,2026-08-01T10:25,62978.150000,-0.213800,-0.811258,2026-08-01,85.000000,1.154476,0.957554,62980.280000,62978.140000
29759666,2026-08-01T10:26,62978.230000,-0.825800,0.915107,2026-08-01,104.000000,0.201598,0.895912,62979.640000,62978.140000
29759667,2026-08-01T10:27,62979.560000,-0.470200,0.791824,2026-08-01,254.000000,0.622786,0.581134,62980.270000,62965.950000
29759668,2026-08-01T10:28,62978.600000,-0.761300,0.162268,2026-08-01,126.000000,0.706893,0.449660,62982.960000,62975.290000
29759669,2026-08-01T10:29,62983.770000,-0.532800,-0.100212,2026-08-01,515.000000,6.987851,0.729164,62989.250000,62969.840000
29759670,2026-08-01T10:30,62993.260000,-0.049900,0.458305,2026-08-01,294.000000,0.710709,0.332875,62993.270000,62983.830000
29759671,2026-08-01T10:31,62996.080000,-0.326400,-0.335010,2026-08-01,87.000000,0.244081,0.849814,62996.090000,62993.260000
29759672,2026-08-01T10:32,62992.080000,-0.366200,0.710293,2026-08-01,108.000000,0.276728,0.113331,62996.090000,62992.080000
29759673,2026-08-01T10:33,62983.830000,-0.999900,-0.773336,2026-08-01,218.000000,1.478686,0.484785,62992.090000,62984.280000
29759674,2026-08-01T10:34,62976.080000,-0.106200,-0.095803,2026-08-01,536.000000,6.612052,0.069206,62984.290000,62976.090000
29759675,2026-08-01T10:35,62977.330000,-0.725800,-0.859318,2026-08-01,152.000000,0.515537,0.997762,62977.910000,62976.090000
29759676,2026-08-01T10:36,62976.080000,-0.685500,0.995523,2026-08-01,111.000000,0.931804,0.940031,62977.890000,62976.080000
29759677,2026-08-01T10:37,62962.260000,-0.325700,0.879416,2026-08-01,160.000000,1.307122,0.771761,62976.090000,62960.410000
29759678,2026-08-01T10:38,62962.260000,-0.534000,0.543900,2026-08-01,60.000000,0.106783,0.755450,62962.270000,62962.260000
29759679,2026-08-01T10:39,62980.930000,-0.878600,0.510905,2026-08-01,632.000000,35.094434,0.977847,62982.880000,62962.260000
29759680,2026-08-01T10:40,62976.170000,-0.943100,0.955694,2026-08-01,230.000000,0.302940,0.261998,62976.240000,62974.440000
29759681,2026-08-01T10:41,62974.100000,0.001700,-0.554625,2026-08-01,81.000000,0.376833,0.638768,62974.440000,62974.020000
29759682,2026-08-01T10:42,62999.670000,-0.497600,0.490670,2026-08-01,355.000000,0.519473,0.860907,62999.670000,62974.100000
29759683,2026-08-01T10:43,63015.230000,0.258900,0.721560,2026-08-01,267.000000,1.859123,0.992746,63015.230000,62999.660000
29759684,2026-08-01T10:44,62993.400000,0.550200,0.863616,2026-08-01,1149.000000,65.896431,0.025757,63015.230000,62969.350000
29759685,2026-08-01T10:45,63006.510000,-0.890800,-0.929323,2026-08-01,545.000000,0.867783,0.931521,63006.510000,62993.410000
29759686,2026-08-01T10:46,62996.980000,0.363500,0.450346,2026-08-01,454.000000,0.409792,0.482102,63006.510000,62996.970000
29759687,2026-08-01T10:47,62979.520000,-0.447800,-0.040360,2026-08-01,116.000000,0.404274,0.561253,62998.220000,62979.530000
29759688,2026-08-01T10:48,62976.490000,-0.454600,0.155274,2026-08-01,138.000000,0.910145,0.284412,62979.530000,62974.480000
29759689,2026-08-01T10:49,62993.600000,-0.408700,-0.456906,2026-08-01,205.000000,4.559655,0.182531,62995.010000,62972.800000
29759690,2026-08-01T10:50,62986.430000,-0.125700,-0.634621,2026-08-01,90.000000,0.774097,0.848407,62993.140000,62986.400000
29759691,2026-08-01T10:51,62984.380000,-0.344000,0.696468,2026-08-01,101.000000,1.158559,0.659168,62986.430000,62982.300000
29759692,2026-08-01T10:52,62987.480000,-0.353500,0.319221,2026-08-01,116.000000,1.616263,0.481557,62988.220000,62983.530000
29759693,2026-08-01T10:53,62987.480000,-0.673600,-0.037853,2026-08-01,101.000000,0.931371,0.994335,62987.480000,62987.470000
29759694,2026-08-01T10:54,62992.490000,-0.272800,0.988670,2026-08-01,102.000000,0.930675,0.922902,62992.490000,62986.210000
29759695,2026-08-01T10:55,62988.400000,-0.316800,0.845804,2026-08-01,108.000000,0.838589,0.676824,62992.490000,62987.530000
29759696,2026-08-01T10:56,62984.810000,-0.531200,0.359719,2026-08-01,109.000000,0.697935,0.676315,62989.610000,62984.070000
29759697,2026-08-01T10:57,62984.710000,-0.402300,0.385729,2026-08-01,109.000000,1.014989,0.474100,62988.240000,62984.710000
29759698,2026-08-01T10:58,62986.680000,-0.189600,-0.100653,2026-08-01,90.000000,0.617330,0.998914,62986.690000,62984.710000
29759699,2026-08-01T10:59,62997.680000,0.181100,0.997825,2026-08-01,277.000000,8.699613,0.990334,62999.990000,62986.680000
29759700,2026-08-01T11:00,62982.980000,-0.450800,0.980668,2026-08-01,359.000000,1.314221,0.831730,62999.990000,62982.980000
29759701,2026-08-01T11:01,62985.120000,-0.909100,0.663524,2026-08-01,263.000000,0.333801,0.995195,62985.120000,62982.970000
29759702,2026-08-01T11:02,62984.150000,-0.973200,0.990493,2026-08-01,164.000000,1.625771,0.900958,62985.410000,62984.140000
29759703,2026-08-01T11:03,62978.790000,-0.307800,0.801732,2026-08-01,209.000000,0.276674,0.579759,62984.150000,62978.790000
29759704,2026-08-01T11:04,62980.480000,-0.805900,0.152369,2026-08-01,116.000000,1.428830,0.301745,62980.480000,62978.790000
29759705,2026-08-01T11:05,62979.820000,-0.883900,-0.396510,2026-08-01,98.000000,0.516863,0.680047,62980.480000,62978.950000
29759706,2026-08-01T11:06,62979.820000,0.510400,0.360094,2026-08-01,87.000000,0.801314,0.980461,62979.850000,62979.810000
29759707,2026-08-01T11:07,62983.600000,0.697700,0.960922,2026-08-01,165.000000,0.087312,0.911435,62983.630000,62979.810000
29759708,2026-08-01T11:08,62983.620000,0.935100,0.822871,2026-08-01,151.000000,0.514796,0.080267,62985.000000,62983.250000
29759709,2026-08-01T11:09,62986.010000,-0.104400,-0.839465,2026-08-01,135.000000,0.322068,0.600825,62986.010000,62983.610000
29759710,2026-08-01T11:10,62986.010000,0.009300,0.201651,2026-08-01,57.000000,0.058791,0.848468,62986.010000,62986.000000
29759711,2026-08-01T11:11,62992.060000,-0.229900,0.744270,2026-08-01,178.000000,1.145846,0.999859,62992.060000,62986.000000
29759712,2026-08-01T11:12,62983.600000,-0.976000,0.999717,2026-08-01,284.000000,0.250489,0.300195,62993.320000,62983.600000
29759713,2026-08-01T11:13,62983.620000,0.916200,-0.438583,2026-08-01,224.000000,0.363026,0.803296,62983.620000,62982.350000
29759714,2026-08-01T11:14,62999.480000,-0.009300,0.606592,2026-08-01,305.000000,6.476267,0.956964,63000.390000,62983.610000
29759715,2026-08-01T11:15,62993.760000,-0.434900,0.913928,2026-08-01,122.000000,0.199480,0.257779,62999.470000,62993.750000
29759716,2026-08-01T11:16,62986.400000,-0.979700,-0.484443,2026-08-01,387.000000,0.657104,0.894731,62993.760000,62986.400000
29759717,2026-08-01T11:17,62978.520000,-0.472300,0.791951,2026-08-01,434.000000,1.224288,0.851942,62986.410000,62978.520000
29759718,2026-08-01T11:18,62973.480000,0.072500,0.702160,2026-08-01,92.000000,0.966313,0.853007,62978.530000,62973.470000
29759719,2026-08-01T11:19,62997.420000,0.326200,0.776433,2026-08-01,1039.000000,55.240007,0.993810,63011.470000,62973.480000
29759720,2026-08-01T11:20,63013.270000,0.243900,0.987551,2026-08-01,341.000000,0.311453,0.730215,63013.280000,62997.410000
29759721,2026-08-01T11:21,63020.810000,-0.120000,0.473279,2026-08-01,356.000000,1.253857,0.729362,63028.500000,63013.280000
29759722,2026-08-01T11:22,63013.270000,-0.492300,0.455424,2026-08-01,223.000000,0.105932,0.577918,63022.020000,63013.280000
29759723,2026-08-01T11:23,63023.760000,0.298200,0.155840,2026-08-01,98.000000,0.924976,0.675024,63023.760000,63013.280000
29759724,2026-08-01T11:24,63024.900000,-0.232800,0.347712,2026-08-01,87.000000,0.648791,0.173578,63026.350000,63023.750000
29759725,2026-08-01T11:25,63021.770000,0.091900,-0.651984,2026-08-01,86.000000,0.442042,0.110187,63024.910000,63021.770000
29759726,2026-08-01T11:26,63019.790000,0.039100,-0.779627,2026-08-01,78.000000,0.180759,0.569308,63021.780000,63019.780000
29759727,2026-08-01T11:27,63023.170000,-0.061600,0.142171,2026-08-01,77.000000,0.335748,0.308752,63023.170000,63019.780000
29759728,2026-08-01T11:28,63023.490000,0.444600,-0.384405,2026-08-01,66.000000,0.088159,0.967100,63023.490000,63023.160000
29759729,2026-08-01T11:29,63023.490000,0.319600,0.933975,2026-08-01,61.000000,0.124318,0.604407,63023.490000,63023.480000
29759730,2026-08-01T11:30,63032.690000,0.019100,0.273294,2026-08-01,186.000000,0.561802,0.877989,63032.700000,63023.480000
29759731,2026-08-01T11:31,63023.440000,-0.466100,0.751090,2026-08-01,89.000000,0.874788,0.137712,63032.700000,63023.440000
29759732,2026-08-01T11:32,63025.600000,-0.815400,-0.717607,2026-08-01,223.000000,1.231904,0.043573,63025.600000,63019.770000
29759733,2026-08-01T11:33,63025.600000,-0.164200,-0.918436,2026-08-01,79.000000,0.128226,0.946297,63025.600000,63025.590000
29759734,2026-08-01T11:34,63011.490000,0.025100,0.893414,2026-08-01,151.000000,2.951376,0.029101,63025.990000,63011.490000
29759735,2026-08-01T11:35,63013.270000,0.307400,-0.892080,2026-08-01,65.000000,0.246034,0.979253,63013.280000,63011.480000
29759736,2026-08-01T11:36,63016.070000,-0.146400,0.942033,2026-08-01,103.000000,0.163654,0.975034,63016.070000,63013.280000
29759737,2026-08-01T11:37,63017.570000,-0.128000,0.949135,2026-08-01,107.000000,0.150320,0.844484,63017.580000,63016.060000
29759738,2026-08-01T11:38,63017.580000,-0.083200,0.680313,2026-08-01,78.000000,0.126627,0.556049,63017.590000,63017.580000
29759739,2026-08-01T11:39,63013.350000,-0.032100,0.109224,2026-08-01,483.000000,25.120655,0.072602,63024.230000,62999.490000
29759740,2026-08-01T11:40,63010.940000,-0.384200,-0.729079,2026-08-01,166.000000,4.429270,0.545637,63013.350000,62999.490000
29759741,2026-08-01T11:41,63013.350000,0.055800,0.373958,2026-08-01,100.000000,0.775079,0.100164,63013.350000,63010.940000
29759742,2026-08-01T11:42,63003.620000,-0.433400,-0.799673,2026-08-01,84.000000,0.359465,0.161804,63013.350000,63003.610000
29759743,2026-08-01T11:43,63004.150000,0.086200,-0.676391,2026-08-01,78.000000,0.130879,0.955571,63004.160000,63003.610000
29759744,2026-08-01T11:44,63009.580000,-0.333300,0.320146,2026-08-01,301.000000,3.839583,0.118718,63010.930000,63004.150000
29759745,2026-08-01T11:45,63008.880000,-0.744900,-0.759059,2026-08-01,142.000000,0.984828,0.619963,63010.350000,63008.320000
29759746,2026-08-01T11:46,63007.350000,-0.749800,0.239926,2026-08-01,141.000000,0.501211,0.899903,63010.350000,63007.350000
29759747,2026-08-01T11:47,63009.240000,-0.077400,0.799807,2026-08-01,109.000000,0.453970,0.749442,63009.240000,63007.350000
29759748,2026-08-01T11:48,63010.260000,0.019000,0.498883,2026-08-01,77.000000,0.095211,0.984524,63010.270000,63009.230000
29759749,2026-08-01T11:49,63019.230000,0.156300,0.969329,2026-08-01,160.000000,1.905081,0.984060,63019.230000,63010.260000
29759750,2026-08-01T11:50,63012.420000,-0.770900,0.968104,2026-08-01,115.000000,0.276069,0.397372,63019.230000,63010.490000
29759751,2026-08-01T11:51,63012.680000,-0.331100,-0.205254,2026-08-01,134.000000,0.299980,0.917555,63012.770000,63012.410000
29759752,2026-08-01T11:52,63016.760000,0.049200,0.835110,2026-08-01,97.000000,0.148965,0.995914,63016.770000,63012.670000
29759753,2026-08-01T11:53,63016.960000,0.207000,0.991827,2026-08-01,73.000000,0.104889,0.636704,63016.970000,63016.760000
29759754,2026-08-01T11:54,63011.770000,0.123100,0.273408,2026-08-01,260.000000,3.495161,0.618896,63017.000000,63009.210000
29759755,2026-08-01T11:55,63016.710000,0.216300,0.237827,2026-08-01,213.000000,0.321764,0.731457,63016.710000,63011.770000
29759756,2026-08-01T11:56,63016.710000,-0.502200,0.462921,2026-08-01,78.000000,1.234279,0.070177,63016.710000,63016.700000
29759757,2026-08-01T11:57,63016.460000,-0.310800,-0.859819,2026-08-01,157.000000,0.172471,0.515650,63016.710000,63015.430000
29759758,2026-08-01T11:58,63016.320000,-0.935900,0.035776,2026-08-01,111.000000,0.171303,0.559783,63016.840000,63016.310000
29759759,2026-08-01T11:59,63016.460000,0.804200,0.160234,2026-08-01,375.000000,0.469130,0.280341,63016.480000,63012.720000
29759760,2026-08-01T12:00,63034.010000,0.860700,-0.437326,2026-08-01,516.000000,0.425702,0.419358,63044.880000,63016.470000
29759761,2026-08-01T12:01,63044.880000,-0.767100,-0.117865,2026-08-01,351.000000,0.186631,0.965148,63044.880000,63034.020000
29759762,2026-08-01T12:02,63044.150000,-0.225800,0.919486,2026-08-01,124.000000,0.168852,0.842669,63044.880000,63043.600000
29759763,2026-08-01T12:03,63040.850000,-0.952800,0.685338,2026-08-01,149.000000,0.669614,0.428382,63044.160000,63040.830000
29759764,2026-08-01T12:04,63039.240000,0.764100,-0.143235,2026-08-01,231.000000,0.080121,0.665674,63040.860000,63038.340000
29759765,2026-08-01T12:05,63047.930000,0.153000,0.863005,2026-08-01,322.000000,5.057098,0.895094,63058.830000,63039.240000
29759766,2026-08-01T12:06,63055.670000,-0.488400,0.040129,2026-08-01,170.000000,0.138280,0.994481,63055.670000,63047.940000
29759767,2026-08-01T12:07,63057.440000,-0.216600,0.988962,2026-08-01,384.000000,1.148741,0.112691,63057.960000,63055.660000
29759768,2026-08-01T12:08,63047.820000,0.848600,-0.764621,2026-08-01,443.000000,0.321702,0.213011,63057.450000,63047.820000
29759769,2026-08-01T12:09,63041.440000,-0.214400,-0.604564,2026-08-01,122.000000,0.465539,0.252487,63049.000000,63041.440000
29759770,2026-08-01T12:10,63041.440000,-0.092700,-0.496140,2026-08-01,98.000000,0.274912,0.963505,63041.860000,63041.440000
29759771,2026-08-01T12:11,63050.900000,-0.187500,0.927321,2026-08-01,264.000000,0.431467,0.767615,63050.910000,63038.010000
29759772,2026-08-01T12:12,63053.240000,-0.167100,0.549946,2026-08-01,142.000000,0.353819,0.518637,63053.410000,63050.900000
29759773,2026-08-01T12:13,63058.260000,0.341000,-0.006053,2026-08-01,256.000000,0.256470,0.333983,63059.130000,63053.230000
29759774,2026-08-01T12:14,63031.430000,0.126600,-0.332290,2026-08-01,1081.000000,57.915511,0.265052,63059.540000,63025.450000
29759775,2026-08-01T12:15,63043.710000,0.015300,-0.468023,2026-08-01,164.000000,1.367478,0.998557,63043.710000,63031.440000
29759776,2026-08-01T12:16,63041.740000,-0.108100,0.996949,2026-08-01,120.000000,0.402388,0.850343,63043.710000,63040.870000
29759777,2026-08-01T12:17,63041.870000,0.000600,0.714723,2026-08-01,92.000000,0.672565,0.569783,63042.360000,63041.730000
29759778,2026-08-01T12:18,63042.980000,-0.498300,0.116655,2026-08-01,133.000000,0.189026,0.957565,63042.990000,63041.860000
29759779,2026-08-01T12:19,63042.290000,0.303100,0.914201,2026-08-01,100.000000,0.622909,0.602645,63042.980000,63038.190000
29759780,2026-08-01T12:20,63029.040000,-0.296100,0.243940,2026-08-01,98.000000,1.613701,0.221815,63042.300000,63024.520000
29759781,2026-08-01T12:21,63033.580000,-0.618500,-0.584919,2026-08-01,102.000000,0.351430,0.974337,63034.710000,63029.050000
29759782,2026-08-01T12:22,63038.460000,-0.381600,0.949240,2026-08-01,133.000000,0.269138,0.741004,63041.030000,63033.590000
29759783,2026-08-01T12:23,63038.990000,0.051100,0.470894,2026-08-01,83.000000,0.378089,0.994914,63039.000000,63038.450000
29759784,2026-08-01T12:24,63032.290000,-0.084800,0.989791,2026-08-01,111.000000,1.016097,0.154212,63039.000000,63032.300000
29759785,2026-08-01T12:25,63036.760000,-0.022700,-0.686057,2026-08-01,68.000000,0.166023,0.906918,63036.760000,63032.290000
29759786,2026-08-01T12:26,63039.380000,-0.232000,0.810030,2026-08-01,87.000000,0.227511,0.999008,63039.390000,63036.750000
29759787,2026-08-01T12:27,63039.170000,-0.278900,0.998016,2026-08-01,91.000000,0.165830,0.491092,63039.390000,63039.150000
29759788,2026-08-01T12:28,63039.170000,-0.043700,-0.017816,2026-08-01,93.000000,0.094574,0.993446,63039.170000,63039.160000
29759789,2026-08-01T12:29,63026.990000,-0.143100,0.986892,2026-08-01,150.000000,2.065279,0.042167,63039.170000,63027.000000
29759790,2026-08-01T12:30,63026.990000,-0.298300,-0.915666,2026-08-01,103.000000,0.280508,0.992961,63027.000000,63026.990000
29759791,2026-08-01T12:31,63033.490000,-0.296100,0.986000,2026-08-01,126.000000,0.227511,0.998761,63033.490000,63026.990000
29759792,2026-08-01T12:32,63029.240000,0.479400,0.997507,2026-08-01,145.000000,1.242783,0.110891,63033.490000,63028.320000
29759793,2026-08-01T12:33,63030.600000,0.369800,-0.778826,2026-08-01,106.000000,0.530972,0.155616,63030.600000,63029.230000
29759794,2026-08-01T12:34,63024.240000,-0.133500,-0.688289,2026-08-01,152.000000,3.463737,0.034278,63032.080000,63024.240000
29759795,2026-08-01T12:35,63024.240000,-0.400400,-0.931359,2026-08-01,114.000000,0.193559,0.997555,63024.250000,63024.240000
29759796,2026-08-01T12:36,63024.240000,-0.604500,0.995102,2026-08-01,81.000000,0.097911,0.979619,63024.250000,63024.240000
29759797,2026-08-01T12:37,63022.850000,-0.696700,0.901940,2026-08-01,152.000000,1.383725,0.071563,63024.250000,63017.930000
29759798,2026-08-01T12:38,63021.120000,-0.256300,-0.849321,2026-08-01,179.000000,0.666078,0.829196,63022.850000,63017.360000
29759799,2026-08-01T12:39,63019.990000,-0.036100,0.659979,2026-08-01,227.000000,1.555969,0.531359,63020.000000,63013.340000
29759800,2026-08-01T12:40,63019.990000,-0.195700,0.058589,2026-08-01,110.000000,0.115958,0.928187,63020.000000,63019.990000
29759801,2026-08-01T12:41,63029.880000,0.679800,0.852364,2026-08-01,410.000000,3.534785,0.831498,63032.080000,63019.990000
29759802,2026-08-01T12:42,63027.990000,0.101200,0.662994,2026-08-01,361.000000,0.325608,0.531262,63029.890000,63024.240000
29759803,2026-08-01T12:43,63027.990000,-0.585100,0.060352,2026-08-01,83.000000,0.513066,0.720977,63029.260000,63027.980000
29759804,2026-08-01T12:44,63028.880000,0.221400,0.449301,2026-08-01,88.000000,0.285112,0.720581,63029.260000,63027.990000
29759805,2026-08-01T12:45,63029.730000,0.716500,0.427414,2026-08-01,91.000000,0.303690,0.795280,63030.160000,63028.880000
29759806,2026-08-01T12:46,63030.760000,0.595100,0.590560,2026-08-01,142.000000,0.140019,0.919163,63031.000000,63029.720000
29759807,2026-08-01T12:47,63031.540000,0.127400,0.838326,2026-08-01,127.000000,0.126483,0.910814,63032.820000,63030.760000
29759808,2026-08-01T12:48,63031.990000,0.164400,0.821629,2026-08-01,123.000000,0.210514,0.998925,63032.990000,63031.540000
29759809,2026-08-01T12:49,63031.170000,0.007800,0.997851,2026-08-01,613.000000,19.170592,0.040079,63039.900000,63020.920000
29759810,2026-08-01T12:50,63039.570000,-0.430400,-0.919845,2026-08-01,288.000000,0.738170,0.431120,63039.900000,63031.170000
29759811,2026-08-01T12:51,63039.070000,-0.061600,-0.137761,2026-08-01,82.000000,0.255021,0.382024,63039.580000,63037.990000
29759812,2026-08-01T12:52,63039.830000,-0.820700,-0.164256,2026-08-01,345.000000,0.462984,0.411633,63044.300000,63039.070000
29759813,2026-08-01T12:53,63040.570000,-0.749400,-0.217983,2026-08-01,144.000000,0.078105,0.983542,63041.110000,63039.840000
29759814,2026-08-01T12:54,63041.040000,-0.316500,0.967073,2026-08-01,141.000000,0.883510,0.887272,63043.210000,63040.560000
29759815,2026-08-01T12:55,63042.420000,-0.673900,0.774740,2026-08-01,176.000000,2.066834,0.077517,63046.070000,63040.630000
29759816,2026-08-01T12:56,63042.420000,-0.451900,-0.841658,2026-08-01,152.000000,0.310190,0.473508,63043.680000,63042.410000
29759817,2026-08-01T12:57,63041.150000,-0.470900,-0.046658,2026-08-01,551.000000,1.119835,0.107011,63043.690000,63040.150000
29759818,2026-08-01T12:58,63033.190000,-0.528600,-0.794196,2026-08-01,425.000000,1.279234,0.278690,63041.160000,63031.120000
29759819,2026-08-01T12:59,63040.620000,-0.540600,-0.444008,2026-08-01,394.000000,29.001918,0.999167,63047.880000,63033.190000
29759820,2026-08-01T13:00,63036.940000,-0.538900,0.998490,2026-08-01,403.000000,4.259400,0.878431,63047.870000,63034.570000
29759821,2026-08-01T13:01,63036.900000,0.587000,0.180134,2026-08-01,141.000000,0.551483,0.560629,63036.950000,63036.810000
29759822,2026-08-01T13:02,63037.430000,0.941200,0.111465,2026-08-01,138.000000,0.395362,0.964309,63038.240000,63036.900000
29759823,2026-08-01T13:03,63038.520000,0.578500,0.928793,2026-08-01,280.000000,0.743996,0.155791,63038.530000,63038.520000
29759824,2026-08-01T13:04,63044.600000,0.040100,-0.688418,2026-08-01,501.000000,0.651824,0.318440,63044.880000,63037.560000
29759825,2026-08-01T13:05,63038.210000,-0.913600,-0.364223,2026-08-01,572.000000,0.954453,0.105702,63044.600000,63038.210000
29759826,2026-08-01T13:06,63029.990000,-0.637400,-0.789155,2026-08-01,432.000000,0.766188,0.297041,63038.220000,63027.800000
29759827,2026-08-01T13:07,63029.990000,-0.499700,-0.396487,2026-08-01,208.000000,0.724060,0.925208,63029.990000,63029.980000
29759828,2026-08-01T13:08,63033.770000,-0.317800,0.849308,2026-08-01,167.000000,0.413822,0.860117,63033.780000,63029.690000
29759829,2026-08-01T13:09,63041.380000,-0.288100,0.737618,2026-08-01,417.000000,1.318800,0.661898,63044.980000,63033.770000
29759830,2026-08-01T13:10,63039.180000,-0.668900,0.309441,2026-08-01,402.000000,6.969102,0.018489,63041.380000,63027.040000
29759831,2026-08-01T13:11,63041.380000,-0.078500,-0.962811,2026-08-01,237.000000,0.176137,0.971443,63042.650000,63039.170000
29759832,2026-08-01T13:12,63041.380000,-0.772700,0.942818,2026-08-01,570.000000,1.368800,0.093622,63041.390000,63038.790000
29759833,2026-08-01T13:13,63033.900000,0.895700,-0.880992,2026-08-01,337.000000,1.054609,0.160396,63041.390000,63032.360000
29759834,2026-08-01T13:14,63035.260000,-0.879700,0.821266,2026-08-01,351.000000,1.324466,0.244664,63035.260000,63033.900000
29759835,2026-08-01T13:15,63021.010000,-0.666800,-0.519163,2026-08-01,331.000000,0.359540,0.259868,63035.260000,63021.000000
29759836,2026-08-01T13:16,63027.010000,-0.299400,-0.097255,2026-08-01,230.000000,0.444773,0.872574,63027.230000,63021.010000
29759837,2026-08-01T13:17,63027.010000,0.498500,0.645002,2026-08-01,101.000000,0.077896,0.998004,63027.020000,63027.010000
29759838,2026-08-01T13:18,63028.710000,-0.928700,0.996007,2026-08-01,209.000000,0.181402,0.631734,63028.720000,63027.020000
29759839,2026-08-01T13:19,63027.210000,-0.818500,0.263469,2026-08-01,367.000000,1.157954,0.096852,63028.720000,63024.310000
29759840,2026-08-01T13:20,63028.570000,-0.168500,-0.784840,2026-08-01,228.000000,0.159230,0.950952,63028.590000,63027.210000
29759841,2026-08-01T13:21,63028.600000,-0.933800,0.892507,2026-08-01,151.000000,0.407064,0.202989,63028.600000,63028.590000
29759842,2026-08-01T13:22,63028.600000,-0.484800,-0.594022,2026-08-01,112.000000,0.115938,0.937230,63028.600000,63028.590000
29759843,2026-08-01T13:23,63028.810000,-0.683500,0.874938,2026-08-01,158.000000,0.142878,0.876089,63028.810000,63028.590000
29759844,2026-08-01T13:24,63015.210000,0.233600,0.755450,2026-08-01,480.000000,6.746270,0.059353,63034.070000,63015.210000
29759845,2026-08-01T13:25,63025.240000,-0.304900,-0.021052,2026-08-01,228.000000,6.091423,0.995595,63025.850000,63015.220000
29759846,2026-08-01T13:26,63025.240000,-0.057300,0.868311,2026-08-01,124.000000,0.215501,0.890571,63025.240000,63025.230000
29759847,2026-08-01T13:27,63025.240000,0.337300,0.780421,2026-08-01,101.000000,0.153041,0.994122,63025.240000,63025.230000
29759848,2026-08-01T13:28,63025.240000,0.307600,0.988201,2026-08-01,98.000000,0.256091,0.707967,63025.240000,63025.230000
29759849,2026-08-01T13:29,63020.010000,-0.615900,0.423296,2026-08-01,149.000000,0.605411,0.188766,63025.240000,63020.000000
29759850,2026-08-01T13:30,63025.240000,-0.896700,-0.615713,2026-08-01,259.000000,0.350512,0.666489,63025.250000,63020.000000
29759851,2026-08-01T13:31,63023.240000,0.503900,0.320805,2026-08-01,201.000000,0.362464,0.478255,63025.250000,63020.530000
29759852,2026-08-01T13:32,63028.790000,0.526600,-0.044921,2026-08-01,215.000000,2.119594,0.467033,63028.800000,63023.230000
29759853,2026-08-01T13:33,63028.740000,-0.969700,-0.065934,2026-08-01,260.000000,1.019665,0.941070,63034.060000,63028.740000
29759854,2026-08-01T13:34,63022.240000,0.715900,0.883638,2026-08-01,690.000000,19.289301,0.010435,63030.880000,63018.230000
29759855,2026-08-01T13:35,63028.810000,-0.498100,-0.980479,2026-08-01,247.000000,0.962346,0.999886,63028.810000,63022.230000
29759856,2026-08-01T13:36,63032.040000,0.408100,0.999773,2026-08-01,159.000000,0.325530,0.564395,63032.960000,63027.750000
29759857,2026-08-01T13:37,63029.570000,-0.605800,0.131962,2026-08-01,200.000000,2.015208,0.145536,63032.050000,63025.190000
29759858,2026-08-01T13:38,63015.010000,-0.995100,-0.709937,2026-08-01,264.000000,1.020737,0.170418,63029.570000,63015.020000
29759859,2026-08-01T13:39,63015.010000,-0.825600,-0.659163,2026-08-01,177.000000,2.326160,0.995718,63015.020000,63015.010000
29759860,2026-08-01T13:40,63015.010000,-0.862400,0.991438,2026-08-01,115.000000,0.248604,0.582697,63015.020000,63015.010000
29759861,2026-08-01T13:41,63015.010000,-0.847500,0.166827,2026-08-01,114.000000,0.127065,0.856633,63015.020000,63015.010000
29759862,2026-08-01T13:42,63007.040000,-0.768800,0.710536,2026-08-01,187.000000,1.030957,0.231877,63015.020000,63007.040000
29759863,2026-08-01T13:43,63013.080000,-0.810700,-0.536246,2026-08-01,199.000000,1.585267,0.858783,63014.690000,63007.050000
29759864,2026-08-01T13:44,63013.270000,-0.694900,0.700892,2026-08-01,126.000000,0.182516,0.798888,63014.570000,63013.080000
29759865,2026-08-01T13:45,63014.650000,-0.817300,0.765167,2026-08-01,131.000000,0.536931,0.980673,63014.760000,63013.270000
29759866,2026-08-01T13:46,63003.060000,-0.838900,0.960711,2026-08-01,299.000000,0.611717,0.217189,63014.650000,63003.050000
29759867,2026-08-01T13:47,63000.240000,-0.006900,-0.574720,2026-08-01,221.000000,1.333706,0.155051,63003.660000,63000.240000
29759868,2026-08-01T13:48,63000.170000,-0.371100,-0.689863,2026-08-01,135.000000,0.313411,0.504249,63000.250000,63000.160000
29759869,2026-08-01T13:49,62981.850000,-0.212500,-0.390182,2026-08-01,207.000000,3.836868,0.087520,63000.160000,62977.130000
29759870,2026-08-01T13:50,62995.480000,-0.023000,-0.816861,2026-08-01,183.000000,0.942406,0.981395,62995.480000,62981.860000
29759871,2026-08-01T13:51,62990.870000,-0.191600,0.962761,2026-08-01,136.000000,1.030577,0.125650,62995.480000,62986.410000
29759872,2026-08-01T13:52,63006.010000,-0.109800,-0.766463,2026-08-01,222.000000,0.559279,0.275485,63006.370000,62994.640000
29759873,2026-08-01T13:53,63005.960000,-0.018100,-0.355243,2026-08-01,132.000000,0.821867,0.321804,63006.020000,63002.600000
29759874,2026-08-01T13:54,63005.120000,-0.031900,-0.357712,2026-08-01,120.000000,0.176460,0.824040,63005.960000,63005.110000
29759875,2026-08-01T13:55,63004.330000,-0.349300,0.679624,2026-08-01,142.000000,0.302680,0.660314,63005.120000,63001.420000
29759876,2026-08-01T13:56,63005.100000,-0.067400,0.279256,2026-08-01,116.000000,0.218553,0.854096,63005.100000,62999.850000
29759877,2026-08-01T13:57,63005.100000,0.022300,0.708192,2026-08-01,140.000000,0.254490,0.520649,63005.100000,63005.090000
29759878,2026-08-01T13:58,63001.510000,-0.131600,0.041297,2026-08-01,137.000000,3.360995,0.124457,63005.100000,62998.780000
29759879,2026-08-01T13:59,63005.100000,-0.190900,-0.749573,2026-08-01,151.000000,10.950547,0.983550,63009.440000,62996.720000
29759880,2026-08-01T14:00,63008.170000,0.093800,0.967108,2026-08-01,185.000000,0.346216,0.559153,63009.450000,63007.860000
29759881,2026-08-01T14:01,63002.290000,-0.118900,0.104351,2026-08-01,180.000000,0.614328,0.203999,63008.170000,63002.290000
29759882,2026-08-01T14:02,63013.320000,0.838200,-0.592001,2026-08-01,202.000000,1.599235,0.973187,63013.320000,63002.180000
29759883,2026-08-01T14:03,63024.690000,-0.522700,0.946374,2026-08-01,270.000000,0.986287,0.945690,63024.800000,63013.310000
29759884,2026-08-01T14:04,63026.130000,-0.292400,0.891381,2026-08-01,150.000000,0.216367,0.772725,63026.960000,63023.420000
29759885,2026-08-01T14:05,63037.790000,0.092000,0.545424,2026-08-01,282.000000,5.471588,0.934395,63037.880000,63026.130000
29759886,2026-08-01T14:06,63039.850000,0.381200,0.868789,2026-08-01,219.000000,0.652909,0.400678,63042.130000,63037.790000
29759887,2026-08-01T14:07,63042.100000,-0.993600,-0.184992,2026-08-01,211.000000,0.356196,0.764874,63043.380000,63039.840000
29759888,2026-08-01T14:08,63053.210000,0.651900,0.519601,2026-08-01,337.000000,0.957162,0.790217,63068.960000,63042.100000
29759889,2026-08-01T14:09,63028.320000,0.448600,0.582358,2026-08-01,252.000000,1.074927,0.051331,63053.220000,63026.320000
29759890,2026-08-01T14:10,63028.320000,-0.963800,-0.905149,2026-08-01,190.000000,0.678709,0.474885,63034.580000,63028.310000
29759891,2026-08-01T14:11,63021.350000,0.237100,-0.050230,2026-08-01,187.000000,0.355147,0.690904,63028.320000,63021.350000
29759892,2026-08-01T14:12,63025.040000,-0.749400,0.382188,2026-08-01,181.000000,0.375371,0.544855,63025.430000,63021.350000
29759893,2026-08-01T14:13,63025.040000,-0.737800,0.089179,2026-08-01,105.000000,1.142637,0.976136,63025.050000,63025.040000
29759894,2026-08-01T14:14,63017.370000,-0.966000,0.952698,2026-08-01,179.000000,0.377070,0.225624,63025.050000,63017.360000
29759895,2026-08-01T14:15,63016.120000,-0.676200,-0.571354,2026-08-01,130.000000,0.388456,0.560970,63017.370000,63016.110000
29759896,2026-08-01T14:16,63021.620000,0.168700,0.109915,2026-08-01,420.000000,0.571846,0.527942,63026.210000,63016.110000
29759897,2026-08-01T14:17,63040.710000,0.034300,0.057343,2026-08-01,298.000000,0.326708,0.911122,63040.710000,63021.620000
29759898,2026-08-01T14:18,63036.430000,0.035400,0.822010,2026-08-01,132.000000,0.474890,0.342124,63040.710000,63036.430000
29759899,2026-08-01T14:19,63037.990000,0.786200,-0.310947,2026-08-01,208.000000,0.714175,0.698864,63038.000000,63034.240000
29759900,2026-08-01T14:20,63051.820000,0.304400,0.396256,2026-08-01,311.000000,2.199027,0.433758,63053.100000,63037.990000
29759901,2026-08-01T14:21,63055.620000,0.204000,-0.124587,2026-08-01,197.000000,0.580782,0.470721,63055.630000,63051.120000
29759902,2026-08-01T14:22,63055.620000,0.217400,-0.081482,2026-08-01,125.000000,0.232070,0.460889,63055.630000,63055.620000
29759903,2026-08-01T14:23,63053.210000,-0.442000,-0.091023,2026-08-01,160.000000,0.819183,0.660110,63055.630000,63053.210000
29759904,2026-08-01T14:24,63048.290000,-0.090800,0.321133,2026-08-01,203.000000,1.305030,0.137865,63053.220000,63048.150000
29759905,2026-08-01T14:25,63054.350000,-0.662600,-0.726157,2026-08-01,210.000000,0.458114,0.450761,63055.620000,63048.300000
29759906,2026-08-01T14:26,63055.620000,0.379200,-0.098666,2026-08-01,104.000000,0.168304,0.877485,63055.630000,63054.340000
29759907,2026-08-01T14:27,63055.620000,-0.346900,0.757207,2026-08-01,161.000000,0.421296,0.276365,63055.630000,63055.620000
29759908,2026-08-01T14:28,63055.620000,-0.997400,-0.425397,2026-08-01,330.000000,0.219554,0.401231,63055.630000,63055.620000
29759909,2026-08-01T14:29,63052.270000,0.937000,-0.248605,2026-08-01,723.000000,1.291618,0.802303,63055.620000,63052.270000
29759910,2026-08-01T14:30,63055.620000,-0.066100,-0.068690,2026-08-01,469.000000,1.377115,0.165010,63055.630000,63052.270000
29759911,2026-08-01T14:31,63045.680000,-0.955800,0.025147,2026-08-01,484.000000,1.331912,0.477164,63059.570000,63044.880000
29759912,2026-08-01T14:32,63045.260000,-0.715900,-0.037773,2026-08-01,304.000000,0.542463,0.903244,63051.450000,63044.620000
29759913,2026-08-01T14:33,63051.380000,-0.087600,0.802830,2026-08-01,288.000000,0.607493,0.875175,63051.440000,63045.250000
29759914,2026-08-01T14:34,63044.010000,-0.965400,0.750617,2026-08-01,151.000000,0.215004,0.630408,63051.380000,63044.000000
29759915,2026-08-01T14:35,63040.010000,-0.865900,0.258741,2026-08-01,161.000000,1.460089,0.929764,63044.010000,63040.000000
29759916,2026-08-01T14:36,63040.010000,-0.392400,0.859767,2026-08-01,152.000000,0.255459,0.621757,63041.280000,63040.000000
29759917,2026-08-01T14:37,63040.010000,-0.509100,0.161847,2026-08-01,143.000000,0.490089,0.272413,63040.990000,63040.000000
29759918,2026-08-01T14:38,63037.990000,-0.899700,-0.458292,2026-08-01,272.000000,1.049966,0.482939,63040.970000,63037.990000
29759919,2026-08-01T14:39,63038.680000,-0.983200,-0.017955,2026-08-01,193.000000,0.522995,0.427570,63038.680000,63037.990000
29759920,2026-08-01T14:40,63035.310000,-0.124600,-0.351128,2026-08-01,214.000000,2.849076,0.040291,63038.670000,63031.030000
29759921,2026-08-01T14:41,63024.330000,-0.322900,-0.914506,2026-08-01,149.000000,0.767617,0.148801,63035.310000,63024.330000
29759922,2026-08-01T14:42,63028.930000,-0.418300,-0.702398,2026-08-01,176.000000,0.389802,0.729669,63031.060000,63024.340000
29759923,2026-08-01T14:43,63027.520000,-0.809500,0.466118,2026-08-01,153.000000,0.397824,0.681628,63030.560000,63027.530000
29759924,2026-08-01T14:44,63047.980000,0.236500,0.357777,2026-08-01,356.000000,7.361939,0.989913,63047.980000,63026.260000
29759925,2026-08-01T14:45,63034.650000,-0.026000,0.978437,2026-08-01,419.000000,6.004205,0.036947,63051.430000,63020.530000
29759926,2026-08-01T14:46,63038.240000,-0.855000,-0.948573,2026-08-01,215.000000,0.648865,0.790244,63039.510000,63034.640000
29759927,2026-08-01T14:47,63032.580000,-0.499800,0.580975,2026-08-01,211.000000,0.693614,0.697635,63038.240000,63031.130000
29759928,2026-08-01T14:48,63032.880000,-0.688800,0.394612,2026-08-01,148.000000,0.251204,0.901636,63033.220000,63032.580000
29759929,2026-08-01T14:49,63032.870000,-0.485200,0.803273,2026-08-01,141.000000,0.450296,0.412972,63032.890000,63031.640000
29759930,2026-08-01T14:50,63038.240000,-0.561700,-0.174057,2026-08-01,229.000000,1.990308,0.666191,63043.490000,63028.720000
29759931,2026-08-01T14:51,63038.290000,-0.910200,0.332381,2026-08-01,198.000000,0.280043,0.766168,63039.510000,63038.230000
29759932,2026-08-01T14:52,63035.240000,-0.387300,0.537430,2026-08-01,264.000000,1.384592,0.745912,63038.890000,63033.450000
29759933,2026-08-01T14:53,63035.240000,-0.236600,0.490639,2026-08-01,121.000000,0.393669,0.426710,63035.250000,63035.240000
29759934,2026-08-01T14:54,63020.270000,0.047200,-0.146476,2026-08-01,480.000000,12.776738,0.127318,63036.000000,63003.620000
29759935,2026-08-01T14:55,63021.650000,-0.204300,-0.744961,2026-08-01,306.000000,1.806473,0.367049,63024.880000,63019.010000
29759936,2026-08-01T14:56,63035.990000,0.062700,-0.267542,2026-08-01,212.000000,1.323521,0.977384,63035.990000,63021.650000
29759937,2026-08-01T14:57,63034.730000,0.121000,0.954872,2026-08-01,110.000000,0.683651,0.767628,63035.990000,63034.720000
29759938,2026-08-01T14:58,63047.240000,-0.622300,0.753057,2026-08-01,265.000000,1.534983,0.930564,63047.250000,63034.730000
29759939,2026-08-01T14:59,63066.180000,-0.615900,0.770591,2026-08-01,467.000000,4.039597,0.913779,63067.030000,63043.560000
29759940,2026-08-01T15:00,63066.180000,-0.237800,0.827571,2026-08-01,214.000000,0.582333,0.570962,63066.190000,63058.820000
29759941,2026-08-01T15:01,63060.930000,-0.605600,0.140704,2026-08-01,166.000000,0.434599,0.600470,63066.190000,63060.940000
29759942,2026-08-01T15:02,63051.760000,-0.334200,0.200941,2026-08-01,211.000000,0.921088,0.899369,63060.330000,63051.770000
29759943,2026-08-01T15:03,63057.990000,0.242900,0.798738,2026-08-01,356.000000,1.435986,0.957955,63061.770000,63049.380000
29759944,2026-08-01T15:04,63061.940000,-0.144400,0.905616,2026-08-01,181.000000,0.585170,0.859686,63063.130000,63061.760000
29759945,2026-08-01T15:05,63056.650000,-0.822200,0.595599,2026-08-01,153.000000,0.600317,0.305602,63061.950000,63056.640000
29759946,2026-08-01T15:06,63056.650000,-0.062400,-0.330637,2026-08-01,118.000000,0.217842,0.841344,63056.650000,63056.640000
29759947,2026-08-01T15:07,63053.290000,-0.999800,0.692296,2026-08-01,134.000000,2.386589,0.069645,63056.650000,63053.280000
29759948,2026-08-01T15:08,63047.710000,-0.980600,-0.859532,2026-08-01,230.000000,0.377377,0.577721,63054.550000,63047.720000
29759949,2026-08-01T15:09,63046.760000,0.769700,0.134770,2026-08-01,204.000000,0.376317,0.965650,63047.720000,63046.750000
29759950,2026-08-01T15:10,63048.990000,-0.994400,0.938803,2026-08-01,210.000000,0.658914,0.985509,63049.000000,63046.760000
29759951,2026-08-01T15:11,63048.990000,-0.993900,0.970952,2026-08-01,107.000000,0.525158,0.999128,63049.670000,63048.990000
29759952,2026-08-01T15:12,63048.990000,-0.962000,0.998225,2026-08-01,320.000000,0.509680,0.977781,63049.000000,63048.990000
29759953,2026-08-01T15:13,63050.270000,-0.961700,0.948234,2026-08-01,177.000000,0.389406,0.747795,63051.040000,63048.990000
29759954,2026-08-01T15:14,63047.850000,-0.851700,0.460227,2026-08-01,425.000000,0.643797,0.663473,63050.280000,63045.570000
29759955,2026-08-01T15:15,63041.460000,-0.965100,0.349398,2026-08-01,396.000000,1.683389,0.333122,63047.850000,63041.460000
29759956,2026-08-01T15:16,63034.740000,-0.454200,-0.333745,2026-08-01,412.000000,8.613988,0.043018,63041.460000,63018.030000
29759957,2026-08-01T15:17,63033.680000,-0.751500,-0.913961,2026-08-01,168.000000,0.426319,0.803530,63034.740000,63032.970000
29759958,2026-08-01T15:18,63020.850000,-0.929100,0.607036,2026-08-01,286.000000,1.102761,0.530571,63034.530000,63019.350000
29759959,2026-08-01T15:19,63009.330000,-0.466600,0.052175,2026-08-01,258.000000,1.627964,0.373744,63020.860000,63006.850000
29759960,2026-08-01T15:20,63015.870000,-0.406100,-0.248201,2026-08-01,283.000000,2.611482,0.794532,63021.570000,63009.330000
29759961,2026-08-01T15:21,63021.600000,-0.186000,0.589593,2026-08-01,171.000000,0.795413,0.537731,63021.610000,63015.860000
29759962,2026-08-01T15:22,63014.310000,-0.973600,-0.338226,2026-08-01,165.000000,1.593183,0.079160,63021.610000,63014.300000
29759963,2026-08-01T15:23,63009.330000,-0.806000,-0.771904,2026-08-01,219.000000,1.353863,0.179738,63014.310000,63009.330000
29759964,2026-08-01T15:24,63002.740000,0.605200,-0.637256,2026-08-01,174.000000,0.974666,0.308854,63009.340000,63001.830000
29759965,2026-08-01T15:25,62997.920000,-0.036300,-0.375692,2026-08-01,221.000000,9.517255,0.216057,63002.750000,62995.260000
29759966,2026-08-01T15:26,62997.870000,0.092600,-0.568601,2026-08-01,175.000000,0.371507,0.723527,62999.170000,62996.720000
29759967,2026-08-01T15:27,63001.880000,0.179500,0.745129,2026-08-01,196.000000,1.635177,0.550931,63006.760000,62997.860000
29759968,2026-08-01T15:28,63001.900000,-0.728700,-0.226703,2026-08-01,160.000000,2.722904,0.152487,63005.690000,63001.880000
29759969,2026-08-01T15:29,63001.920000,-0.770400,-0.736790,2026-08-01,137.000000,0.771540,0.367589,63001.910000,62999.080000
29759970,2026-08-01T15:30,62997.870000,-0.966100,0.664764,2026-08-01,180.000000,0.301607,0.819374,63001.920000,62997.410000
29759971,2026-08-01T15:31,62997.400000,-0.086200,0.880310,2026-08-01,308.000000,1.380694,0.731970,63001.150000,62996.170000
29759972,2026-08-01T15:32,62996.150000,0.006600,0.044319,2026-08-01,157.000000,0.251720,0.626904,62997.410000,62995.000000
29759973,2026-08-01T15:33,62992.490000,0.426400,0.253805,2026-08-01,146.000000,0.342168,0.500856,62996.150000,62992.490000
29759974,2026-08-01T15:34,62999.990000,-0.375400,0.577371,2026-08-01,209.000000,0.812672,0.871852,63000.000000,62992.500000
29759975,2026-08-01T15:35,62992.490000,-0.357500,0.385488,2026-08-01,178.000000,0.393163,0.402493,62999.990000,62992.490000
29759976,2026-08-01T15:36,62993.290000,-0.469700,-0.177310,2026-08-01,282.000000,2.475075,0.463574,62996.070000,62990.410000
29759977,2026-08-01T15:37,62994.430000,-0.284600,-0.074386,2026-08-01,177.000000,0.734076,0.911309,62995.680000,62993.290000
29759978,2026-08-01T15:38,62996.170000,0.090700,0.823009,2026-08-01,144.000000,0.635700,0.323482,62996.970000,62994.420000
29759979,2026-08-01T15:39,62998.760000,0.175300,-0.337127,2026-08-01,139.000000,0.647815,0.355416,62998.770000,62995.110000
29759980,2026-08-01T15:40,62996.290000,0.132500,-0.302864,2026-08-01,264.000000,2.896839,0.413195,63005.000000,62995.000000
29759981,2026-08-01T15:41,62995.010000,0.150000,-0.174572,2026-08-01,158.000000,0.630224,0.647427,62996.790000,62995.000000
29759982,2026-08-01T15:42,62990.240000,-0.129700,0.294853,2026-08-01,217.000000,1.687070,0.432129,62995.010000,62986.460000
29759983,2026-08-01T15:43,62989.820000,-0.751200,-0.135742,2026-08-01,224.000000,7.546735,0.085344,62990.240000,62977.770000
29759984,2026-08-01T15:44,62985.600000,-0.139300,-0.829313,2026-08-01,166.000000,0.844812,0.263201,62989.820000,62985.600000
29759985,2026-08-01T15:45,62989.620000,-0.474300,-0.314616,2026-08-01,184.000000,2.496211,0.338915,62990.760000,62985.610000
29759986,2026-08-01T15:46,62987.990000,-0.195600,-0.375438,2026-08-01,134.000000,1.215954,0.084704,62990.640000,62987.000000
29759987,2026-08-01T15:47,62987.990000,0.032900,-0.837941,2026-08-01,193.000000,2.756959,0.273849,62988.000000,62987.980000
29759988,2026-08-01T15:48,62987.010000,-0.400900,-0.452627,2026-08-01,227.000000,1.477449,0.271965,62988.000000,62982.970000
29759989,2026-08-01T15:49,62965.170000,-0.025000,-0.479391,2026-08-01,271.000000,3.025975,0.216621,62982.960000,62962.900000
29759990,2026-08-01T15:50,62975.990000,0.425400,-0.555955,2026-08-01,250.000000,1.570000,0.305327,62976.010000,62965.170000
29759991,2026-08-01T15:51,62971.260000,0.257700,-0.390598,2026-08-01,306.000000,4.926169,0.228980,62976.000000,62967.030000
29759992,2026-08-01T15:52,62970.010000,0.256300,-0.541720,2026-08-01,150.000000,0.698698,0.269856,62971.880000,62970.000000
29759993,2026-08-01T15:53,62964.790000,0.284000,-0.448006,2026-08-01,149.000000,1.039299,0.472768,62970.010000,62962.330000
29759994,2026-08-01T15:54,62969.990000,0.170700,-0.053965,2026-08-01,208.000000,1.247644,0.317516,62970.000000,62962.570000
29759995,2026-08-01T15:55,62967.150000,-0.042800,-0.374203,2026-08-01,153.000000,1.689895,0.278425,62969.990000,62966.480000
29759996,2026-08-01T15:56,62960.740000,0.293800,-0.443151,2026-08-01,195.000000,5.297256,0.049643,62967.150000,62960.730000
29759997,2026-08-01T15:57,62954.900000,0.357900,-0.900686,2026-08-01,281.000000,9.377219,0.034222,62960.740000,62954.890000
29759998,2026-08-01T15:58,62954.900000,-0.210500,-0.931572,2026-08-01,154.000000,4.359982,0.110851,62955.260000,62954.890000
29759999,2026-08-01T15:59,62938.820000,0.350500,-0.777961,2026-08-01,260.000000,9.924668,0.065629,62954.900000,62933.000000
29760000,2026-08-01T16:00,62932.010000,-0.367000,-0.868479,2026-08-01,322.000000,10.463168,0.189177,62947.340000,62932.020000
29760001,2026-08-01T16:01,62890.260000,-0.067000,-0.620409,2026-08-01,354.000000,7.332670,0.570947,62932.020000,62888.010000
29760002,2026-08-01T16:02,62892.210000,0.100400,0.140697,2026-08-01,391.000000,5.749849,0.233996,62898.740000,62862.780000
29760003,2026-08-01T16:03,62919.410000,-0.064400,-0.471831,2026-08-01,491.000000,11.988812,0.232695,62919.440000,62892.220000
29760004,2026-08-01T16:04,62920.260000,-0.227300,-0.565575,2026-08-01,293.000000,2.969801,0.145039,62926.240000,62917.120000
29760005,2026-08-01T16:05,62917.210000,0.222900,-0.720971,2026-08-01,221.000000,3.925953,0.573487,62919.660000,62913.450000
29760006,2026-08-01T16:06,62902.730000,-0.001200,0.177699,2026-08-01,225.000000,5.285417,0.162226,62917.210000,62900.400000
29760007,2026-08-01T16:07,62900.010000,-0.115100,-0.675155,2026-08-01,184.000000,2.386437,0.305177,62903.990000,62900.000000
29760008,2026-08-01T16:08,62900.010000,-0.176500,-0.391206,2026-08-01,150.000000,1.917581,0.297018,62900.380000,62900.000000
29760009,2026-08-01T16:09,62893.230000,-0.163700,-0.404675,2026-08-01,203.000000,3.750996,0.555298,62900.010000,62884.880000
29760010,2026-08-01T16:10,62900.010000,0.091900,0.110180,2026-08-01,216.000000,1.014749,0.372932,62900.010000,62886.700000
29760011,2026-08-01T16:11,62900.010000,0.047800,-0.254137,2026-08-01,197.000000,5.762242,0.216914,62901.570000,62896.500000
29760012,2026-08-01T16:12,62900.010000,-0.227700,-0.586209,2026-08-01,133.000000,0.675514,0.456557,62900.010000,62893.880000
29760013,2026-08-01T16:13,62898.960000,-0.388700,0.555689,2026-08-01,136.000000,0.971398,0.259297,62900.010000,62898.950000
29760014,2026-08-01T16:14,62882.010000,-0.425500,-0.481406,2026-08-01,193.000000,7.442285,0.130649,62898.960000,62882.000000
29760015,2026-08-01T16:15,62896.650000,-0.186400,-0.738666,2026-08-01,248.000000,4.856676,0.336317,62896.490000,62880.110000
29760016,2026-08-01T16:16,62889.430000,-0.298500,-0.317631,2026-08-01,318.000000,9.877945,0.019509,62898.960000,62889.440000
29760017,2026-08-01T16:17,62876.990000,-0.091100,-0.967529,2026-08-01,204.000000,3.576881,0.103924,62890.680000,62871.000000
29760018,2026-08-01T16:18,62876.990000,-0.398700,-0.793735,2026-08-01,128.000000,0.639019,0.756274,62877.000000,62876.990000
29760019,2026-08-01T16:19,62871.010000,0.040200,0.516177,2026-08-01,117.000000,0.551553,0.198154,62877.000000,62871.000000
29760020,2026-08-01T16:20,62859.150000,0.081100,-0.602405,2026-08-01,195.000000,3.366086,0.081747,62871.010000,62859.000000
29760021,2026-08-01T16:21,62871.460000,-0.218000,-0.837643,2026-08-01,222.000000,4.597249,0.150721,62879.750000,62859.000000
29760022,2026-08-01T16:22,62874.400000,-0.398800,-0.694726,2026-08-01,136.000000,0.612870,0.523255,62874.540000,62871.470000
29760023,2026-08-01T16:23,62874.710000,-0.332100,0.026284,2026-08-01,130.000000,0.355855,0.480027,62879.100000,62874.400000
29760024,2026-08-01T16:24,62877.990000,-0.180400,-0.041238,2026-08-01,118.000000,0.201836,0.741506,62878.400000,62874.700000
29760025,2026-08-01T16:25,62879.810000,-0.256500,0.483275,2026-08-01,247.000000,6.773100,0.239943,62883.200000,62876.950000
29760026,2026-08-01T16:26,62889.610000,0.257600,-0.519806,2026-08-01,258.000000,7.933379,0.261739,62891.410000,62879.800000
29760027,2026-08-01T16:27,62887.290000,-0.132500,-0.476867,2026-08-01,252.000000,11.549338,0.083508,62891.970000,62887.280000
29760028,2026-08-01T16:28,62876.320000,-0.454700,-0.832983,2026-08-01,170.000000,1.777787,0.357864,62887.290000,62876.330000
29760029,2026-08-01T16:29,62887.690000,0.047200,-0.284272,2026-08-01,217.000000,10.217773,0.388507,62887.080000,62872.520000
29760030,2026-08-01T16:30,62885.320000,0.083600,-0.222987,2026-08-01,235.000000,9.230636,0.021036,62886.390000,62881.640000
29760031,2026-08-01T16:31,62893.760000,-0.322100,-0.918180,2026-08-01,195.000000,1.952014,0.635816,62898.780000,62885.320000
29760032,2026-08-01T16:32,62874.430000,0.029500,0.103300,2026-08-01,134.000000,0.940792,0.218878,62893.750000,62874.430000
29760033,2026-08-01T16:33,62881.020000,0.242400,-0.468425,2026-08-01,139.000000,0.538657,0.999346,62881.070000,62874.440000
29760034,2026-08-01T16:34,62898.770000,0.086500,0.999182,2026-08-01,217.000000,0.515377,0.861915,62898.780000,62881.030000
29760035,2026-08-01T16:35,62903.570000,0.096700,0.225526,2026-08-01,196.000000,1.894831,0.705557,62909.170000,62898.780000
29760036,2026-08-01T16:36,62907.760000,0.042600,0.411113,2026-08-01,149.000000,0.616765,0.298928,62908.050000,62903.580000
29760037,2026-08-01T16:37,62948.960000,0.149600,0.498675,2026-08-01,368.000000,4.039705,0.464176,62949.130000,62907.760000
29760038,2026-08-01T16:38,62931.370000,-0.282200,-0.368464,2026-08-01,414.000000,2.510873,0.443981,62966.690000,62931.370000
29760039,2026-08-01T16:39,62931.180000,-0.014900,-0.221111,2026-08-01,186.000000,0.427049,0.741109,62931.650000,62931.180000
29760040,2026-08-01T16:40,62918.520000,-0.148100,0.472635,2026-08-01,180.000000,2.553776,0.391397,62932.930000,62917.600000
29760041,2026-08-01T16:41,62918.630000,-0.197300,-0.217207,2026-08-01,145.000000,0.419435,0.416779,62918.640000,62918.630000
29760042,2026-08-01T16:42,62897.490000,-0.430400,-0.370074,2026-08-01,212.000000,2.557304,0.244082,62918.630000,62893.650000
29760043,2026-08-01T16:43,62893.770000,-0.501500,-0.484503,2026-08-01,155.000000,0.755713,0.256867,62897.500000,62893.770000
29760044,2026-08-01T16:44,62905.830000,-0.069600,-0.152365,2026-08-01,468.000000,14.478074,0.890950,62911.780000,62893.780000
29760045,2026-08-01T16:45,62894.850000,-0.600100,0.778600,2026-08-01,179.000000,0.625634,0.389756,62905.840000,62893.780000
29760046,2026-08-01T16:46,62896.400000,-0.523800,-0.222077,2026-08-01,120.000000,0.299315,0.544621,62897.650000,62894.840000
29760047,2026-08-01T16:47,62892.850000,-0.335900,0.081530,2026-08-01,169.000000,1.478526,0.565869,62896.400000,62890.140000
29760048,2026-08-01T16:48,62890.150000,0.089400,0.134403,2026-08-01,138.000000,1.570298,0.070251,62892.850000,62890.140000
29760049,2026-08-01T16:49,62890.070000,0.137800,-0.864909,2026-08-01,218.000000,1.921233,0.453035,62903.840000,62884.820000
29760050,2026-08-01T16:50,62885.130000,-0.209700,-0.093686,2026-08-01,150.000000,0.254156,0.704606,62890.070000,62884.830000
29760051,2026-08-01T16:51,62884.820000,0.346900,0.407662,2026-08-01,128.000000,0.404515,0.969453,62885.150000,62884.820000
29760052,2026-08-01T16:52,62884.820000,-0.280400,0.938906,2026-08-01,160.000000,2.508401,0.131061,62889.930000,62884.820000
29760053,2026-08-01T16:53,62876.320000,-0.415300,-0.737357,2026-08-01,197.000000,1.448823,0.300027,62884.830000,62876.320000
29760054,2026-08-01T16:54,62867.150000,0.048300,-0.399073,2026-08-01,188.000000,2.180693,0.540107,62876.330000,62860.920000
29760055,2026-08-01T16:55,62833.630000,-0.305400,0.079506,2026-08-01,285.000000,4.766639,0.165644,62867.150000,62825.770000
29760056,2026-08-01T16:56,62851.620000,-0.401700,-0.668579,2026-08-01,286.000000,3.068085,0.170723,62855.680000,62808.000000
29760057,2026-08-01T16:57,62850.490000,-0.091300,-0.658664,2026-08-01,155.000000,0.707096,0.841111,62851.630000,62843.440000
29760058,2026-08-01T16:58,62859.690000,-0.410700,0.682356,2026-08-01,185.000000,0.278373,0.545030,62860.320000,62850.490000
29760059,2026-08-01T16:59,62879.150000,-0.391000,0.100285,2026-08-01,316.000000,11.975860,0.809374,62879.150000,62854.480000
29760060,2026-08-01T17:00,62866.420000,0.417400,0.618632,2026-08-01,185.000000,2.212604,0.078358,62879.140000,62866.390000
29760061,2026-08-01T17:01,62866.400000,0.446500,-0.839236,2026-08-01,114.000000,0.425184,0.573274,62866.420000,62861.900000
29760062,2026-08-01T17:02,62891.560000,0.269500,0.157471,2026-08-01,220.000000,0.569880,0.912825,62891.560000,62866.410000
29760063,2026-08-01T17:03,62916.540000,0.295600,0.823447,2026-08-01,270.000000,1.058114,0.760793,62916.740000,62891.550000
29760064,2026-08-01T17:04,62916.540000,0.339900,0.520102,2026-08-01,120.000000,0.208591,0.946118,62916.550000,62916.540000
29760065,2026-08-01T17:05,62915.790000,0.070400,0.892236,2026-08-01,211.000000,3.095678,0.472072,62921.260000,62913.000000
29760066,2026-08-01T17:06,62921.850000,0.044000,-0.055301,2026-08-01,174.000000,0.473433,0.888171,62921.860000,62914.650000
29760067,2026-08-01T17:07,62926.290000,0.008700,0.775570,2026-08-01,216.000000,1.969281,0.814023,62934.800000,62921.850000
29760068,2026-08-01T17:08,62929.120000,-0.283900,0.629025,2026-08-01,197.000000,0.853301,0.434126,62937.790000,62926.290000
29760069,2026-08-01T17:09,62919.420000,-0.259900,-0.138687,2026-08-01,220.000000,5.397985,0.057431,62930.090000,62898.610000
29760070,2026-08-01T17:10,62879.820000,0.097300,-0.885788,2026-08-01,213.000000,1.459888,0.559494,62919.410000,62877.590000
29760071,2026-08-01T17:11,62869.430000,-0.195600,0.153362,2026-08-01,206.000000,1.559974,0.463936,62887.560000,62861.620000
29760072,2026-08-01T17:12,62859.120000,-0.397100,-0.076126,2026-08-01,156.000000,0.447386,0.633072,62869.430000,62859.120000
29760073,2026-08-01T17:13,62857.670000,-0.135800,0.266731,2026-08-01,185.000000,2.951235,0.154266,62859.130000,62850.830000
29760074,2026-08-01T17:14,62835.990000,-0.185800,-0.691848,2026-08-01,266.000000,2.011528,0.422240,62857.660000,62808.000000
29760075,2026-08-01T17:15,62813.460000,-0.193700,-0.145858,2026-08-01,277.000000,5.119216,0.196484,62835.990000,62800.640000
29760076,2026-08-01T17:16,62801.940000,-0.212500,-0.612364,2026-08-01,219.000000,1.098369,0.374053,62828.160000,62801.950000
29760077,2026-08-01T17:17,62789.070000,0.382800,-0.767943,2026-08-01,316.000000,4.077313,0.194145,62801.950000,62785.390000
29760078,2026-08-01T17:18,62810.650000,0.091800,-0.000935,2026-08-01,221.000000,0.590402,0.855968,62814.400000,62790.320000
29760079,2026-08-01T17:19,62820.520000,-0.221000,0.712332,2026-08-01,171.000000,0.252427,0.908277,62829.800000,62814.390000
29760080,2026-08-01T17:20,62818.150000,0.122700,0.821156,2026-08-01,144.000000,1.279306,0.152915,62822.330000,62815.940000
29760081,2026-08-01T17:21,62823.440000,-0.042000,-0.703634,2026-08-01,214.000000,0.671138,0.876617,62824.730000,62814.430000
29760082,2026-08-01T17:22,62824.730000,-0.100600,0.753655,2026-08-01,208.000000,1.264675,0.136389,62835.030000,62823.450000
29760083,2026-08-01T17:23,62828.480000,-0.060500,-0.728950,2026-08-01,292.000000,0.373113,0.826492,62829.710000,62817.850000
29760084,2026-08-01T17:24,62828.780000,-0.078500,0.656984,2026-08-01,302.000000,6.646993,0.953051,62830.480000,62815.850000
29760085,2026-08-01T17:25,62774.990000,-0.369600,0.906036,2026-08-01,369.000000,1.282763,0.557201,62829.160000,62751.600000
29760086,2026-08-01T17:26,62759.370000,0.272100,0.067635,2026-08-01,416.000000,5.988424,0.112864,62774.990000,62744.000000
29760087,2026-08-01T17:27,62758.430000,-0.058000,-0.772086,2026-08-01,242.000000,2.626072,0.156004,62762.000000,62752.480000
29760088,2026-08-01T17:28,62766.240000,-0.015300,-0.687081,2026-08-01,241.000000,0.732824,0.744302,62766.240000,62749.040000
29760089,2026-08-01T17:29,62779.480000,-0.010500,0.488584,2026-08-01,270.000000,0.537914,0.680270,62783.250000,62764.670000
29760090,2026-08-01T17:30,62752.490000,0.037200,0.355049,2026-08-01,317.000000,2.931255,0.604432,62790.320000,62748.100000
29760091,2026-08-01T17:31,62743.460000,0.200200,0.214161,2026-08-01,350.000000,3.975956,0.156376,62754.780000,62725.000000
29760092,2026-08-01T17:32,62742.170000,-0.117400,-0.692714,2026-08-01,280.000000,2.054422,0.283060,62762.800000,62732.200000
29760093,2026-08-01T17:33,62738.710000,0.008700,-0.443245,2026-08-01,211.000000,1.254810,0.543446,62745.000000,62733.670000
29760094,2026-08-01T17:34,62704.320000,0.179800,0.106647,2026-08-01,353.000000,9.802547,0.088463,62738.710000,62688.890000
29760095,2026-08-01T17:35,62755.920000,0.105400,-0.822701,2026-08-01,414.000000,1.992899,0.324635,62755.910000,62704.310000
29760096,2026-08-01T17:36,62707.760000,-0.082600,-0.480204,2026-08-01,234.000000,1.585118,0.203362,62755.920000,62700.890000
29760097,2026-08-01T17:37,62687.290000,0.080700,-0.408900,2026-08-01,318.000000,4.482183,0.293437,62709.410000,62680.420000
29760098,2026-08-01T17:38,62699.990000,-0.351400,-0.412169,2026-08-01,251.000000,2.071787,0.735139,62700.000000,62683.700000
29760099,2026-08-01T17:39,62709.540000,0.087800,0.469421,2026-08-01,289.000000,11.432724,0.782116,62711.200000,62693.410000
29760100,2026-08-01T17:40,62734.890000,-0.091700,0.564242,2026-08-01,291.000000,1.683227,0.145598,62736.140000,62709.670000
29760101,2026-08-01T17:41,62752.480000,-0.087600,-0.751728,2026-08-01,293.000000,0.701165,0.262577,62752.480000,62730.260000
29760102,2026-08-01T17:42,62766.960000,0.134100,-0.103069,2026-08-01,283.000000,1.490258,0.770354,62766.980000,62752.470000
29760103,2026-08-01T17:43,62758.190000,0.144900,0.540541,2026-08-01,210.000000,2.487846,0.163230,62770.740000,62758.190000
29760104,2026-08-01T17:44,62760.350000,-0.276600,-0.671125,2026-08-01,166.000000,0.427934,0.793022,62760.890000,62758.190000
29760105,2026-08-01T17:45,62758.430000,-0.359600,0.570824,2026-08-01,169.000000,1.590455,0.215360,62760.360000,62754.070000
29760106,2026-08-01T17:46,62713.100000,-0.384600,-0.567901,2026-08-01,183.000000,1.203464,0.371214,62758.430000,62711.230000
29760107,2026-08-01T17:47,62719.520000,-0.216500,-0.436852,2026-08-01,254.000000,3.524937,0.369265,62719.550000,62708.840000
29760108,2026-08-01T17:48,62711.210000,-0.356000,-0.166072,2026-08-01,152.000000,0.391615,0.437294,62719.530000,62711.200000
29760109,2026-08-01T17:49,62739.540000,-0.322000,-0.126609,2026-08-01,299.000000,5.895909,0.911347,62742.750000,62711.200000
29760110,2026-08-01T17:50,62629.990000,0.161600,0.822702,2026-08-01,513.000000,9.347522,0.225065,62739.540000,62608.490000
29760111,2026-08-01T17:51,62626.430000,-0.561300,-0.552797,2026-08-01,214.000000,0.594186,0.412047,62633.070000,62618.320000
29760112,2026-08-01T17:52,62625.920000,0.018500,-0.368267,2026-08-01,360.000000,2.866060,0.792493,62627.870000,62604.560000
29760113,2026-08-01T17:53,62645.830000,0.359700,0.778496,2026-08-01,356.000000,1.343435,0.330919,62645.840000,62625.910000
29760114,2026-08-01T17:54,62658.320000,-0.065700,-0.339074,2026-08-01,287.000000,2.151569,0.255574,62659.590000,62645.830000
29760115,2026-08-01T17:55,62641.290000,-0.032000,-0.489449,2026-08-01,187.000000,0.243711,0.697112,62658.330000,62639.960000
29760116,2026-08-01T17:56,62659.600000,-0.465400,0.411696,2026-08-01,316.000000,11.033204,0.144577,62659.600000,62617.970000
29760117,2026-08-01T17:57,62658.140000,-0.228700,-0.711029,2026-08-01,231.000000,2.412860,0.583712,62664.260000,62655.590000
29760118,2026-08-01T17:58,62652.940000,-0.304300,0.136295,2026-08-01,224.000000,0.899311,0.918378,62655.600000,62642.400000
29760119,2026-08-01T17:59,62652.570000,-0.340000,0.982438,2026-08-01,194.000000,0.327277,0.959720,62653.200000,62651.940000
29760120,2026-08-01T18:00,62630.930000,-0.540600,0.543372,2026-08-01,272.000000,13.905741,0.879238,62652.580000,62625.000000
29760121,2026-08-01T18:01,62590.790000,-0.277300,0.768690,2026-08-01,271.000000,10.608722,0.114813,62630.940000,62578.800000
29760122,2026-08-01T18:02,62604.560000,0.118700,-0.765905,2026-08-01,257.000000,1.230372,0.385519,62604.560000,62590.790000
29760123,2026-08-01T18:03,62573.260000,0.087100,-0.257509,2026-08-01,396.000000,3.128044,0.379952,62617.420000,62560.470000
29760124,2026-08-01T18:04,62637.170000,-0.703800,-0.239227,2026-08-01,523.000000,9.967533,0.218122,62642.400000,62580.470000
29760125,2026-08-01T18:05,62654.290000,-0.727700,-0.564068,2026-08-01,334.000000,1.293818,0.398103,62658.060000,62628.640000
29760126,2026-08-01T18:06,62664.540000,-0.081500,-0.201961,2026-08-01,318.000000,5.712424,0.937255,62678.490000,62639.710000
29760127,2026-08-01T18:07,62659.400000,-0.213200,0.874468,2026-08-01,230.000000,1.231773,0.283015,62664.550000,62656.580000
29760128,2026-08-01T18:08,62659.830000,-0.727500,-0.433971,2026-08-01,179.000000,3.781606,0.330654,62663.990000,62656.000000
29760129,2026-08-01T18:09,62675.460000,-0.377100,-0.338692,2026-08-01,208.000000,2.979566,0.935661,62675.480000,62659.830000
29760130,2026-08-01T18:10,62672.760000,-0.279700,0.871310,2026-08-01,185.000000,1.196559,0.139795,62675.470000,62669.300000
29760131,2026-08-01T18:11,62671.510000,-0.155900,-0.720405,2026-08-01,174.000000,0.192531,0.896206,62672.760000,62671.500000
29760132,2026-08-01T18:12,62673.930000,0.027500,0.793265,2026-08-01,156.000000,0.283743,0.871546,62674.460000,62671.500000
29760133,2026-08-01T18:13,62678.400000,0.000300,0.742370,2026-08-01,178.000000,0.289050,0.692331,62679.490000,62673.930000
29760134,2026-08-01T18:14,62645.850000,-0.481900,0.039052,2026-08-01,135.000000,2.632182,0.084257,62678.410000,62643.180000
29760135,2026-08-01T18:15,62595.560000,-0.306800,-0.818992,2026-08-01,393.000000,4.158145,0.229471,62652.730000,62587.360000
29760136,2026-08-01T18:16,62611.430000,-0.096000,-0.493193,2026-08-01,297.000000,0.748685,0.421607,62617.860000,62595.560000
29760137,2026-08-01T18:17,62555.760000,-0.331100,-0.156786,2026-08-01,400.000000,7.443332,0.277173,62611.440000,62552.930000
29760138,2026-08-01T18:18,62548.930000,-0.029500,-0.445015,2026-08-01,437.000000,7.076991,0.685822,62555.870000,62537.230000
29760139,2026-08-01T18:19,62546.180000,-0.472800,0.372643,2026-08-01,204.000000,3.718810,0.071856,62550.690000,62537.230000
29760140,2026-08-01T18:20,62488.010000,-0.329800,-0.856288,2026-08-01,849.000000,76.617667,0.020871,62546.180000,62475.020000
29760141,2026-08-01T18:21,62514.490000,0.021600,-0.955931,2026-08-01,520.000000,10.744643,0.369410,62519.510000,62442.930000
29760142,2026-08-01T18:22,62542.490000,-0.116800,-0.276522,2026-08-01,297.000000,0.774358,0.713461,62542.500000,62510.300000
29760143,2026-08-01T18:23,62487.620000,-0.387000,0.550859,2026-08-01,223.000000,1.357143,0.433751,62542.500000,62487.620000
29760144,2026-08-01T18:24,62450.790000,0.180400,-0.128577,2026-08-01,530.000000,4.702195,0.304184,62522.000000,62449.760000
29760145,2026-08-01T18:25,62505.180000,0.111700,-0.365352,2026-08-01,458.000000,2.163243,0.853459,62506.070000,62450.790000
29760146,2026-08-01T18:26,62516.650000,0.249900,0.697077,2026-08-01,289.000000,4.319839,0.076087,62528.880000,62505.170000
29760147,2026-08-01T18:27,62501.370000,0.223000,-0.842577,2026-08-01,386.000000,3.253235,0.422837,62528.880000,62491.060000
29760148,2026-08-01T18:28,62480.710000,0.072200,-0.158710,2026-08-01,275.000000,1.502716,0.515517,62501.370000,62462.000000
29760149,2026-08-01T18:29,62508.240000,-0.127500,0.032052,2026-08-01,296.000000,2.458081,0.934164,62508.240000,62475.890000
29760150,2026-08-01T18:30,62422.240000,0.135500,0.824812,2026-08-01,510.000000,5.505006,0.257648,62508.240000,62389.010000
29760151,2026-08-01T18:31,62272.180000,0.229800,-0.480699,2026-08-01,1852.000000,48.526991,0.244567,62422.240000,62209.810000
29760152,2026-08-01T18:32,62326.170000,0.152900,-0.510943,2026-08-01,697.000000,7.062748,0.543884,62326.170000,62230.520000
29760153,2026-08-01T18:33,62294.960000,-0.054300,0.065528,2026-08-01,794.000000,10.708564,0.397890,62332.930000,62233.060000
29760154,2026-08-01T18:34,62341.010000,-0.071200,-0.194468,2026-08-01,799.000000,17.971904,0.614843,62355.600000,62257.120000
29760155,2026-08-01T18:35,62374.990000,-0.558100,0.238099,2026-08-01,683.000000,5.007230,0.449257,62390.000000,62334.790000
29760156,2026-08-01T18:36,62416.940000,0.195500,-0.132111,2026-08-01,674.000000,10.496849,0.834153,62426.800000,62362.200000
29760157,2026-08-01T18:37,62354.350000,0.353300,0.666914,2026-08-01,539.000000,6.926967,0.306379,62418.590000,62332.800000
29760158,2026-08-01T18:38,62368.600000,0.213900,-0.388406,2026-08-01,320.000000,6.791377,0.644250,62390.000000,62352.510000
29760159,2026-08-01T18:39,62367.210000,0.377200,0.291946,2026-08-01,326.000000,3.788473,0.834689,62396.200000,62367.200000
29760160,2026-08-01T18:40,62387.790000,-0.377100,0.670417,2026-08-01,311.000000,1.717941,0.432014,62387.820000,62367.210000
29760161,2026-08-01T18:41,62389.990000,-0.471400,-0.517913,2026-08-01,397.000000,6.254036,0.514614,62390.000000,62377.520000
29760162,2026-08-01T18:42,62336.240000,-0.011400,0.273144,2026-08-01,358.000000,11.898061,0.836920,62405.040000,62336.240000
29760163,2026-08-01T18:43,62326.760000,0.158700,0.673923,2026-08-01,348.000000,6.900698,0.128022,62335.490000,62306.300000
29760164,2026-08-01T18:44,62308.730000,-0.174400,-0.743905,2026-08-01,252.000000,1.213268,0.328076,62353.190000,62308.720000
29760165,2026-08-01T18:45,62267.430000,0.213800,-0.321551,2026-08-01,687.000000,5.626742,0.195696,62316.610000,62215.000000
29760166,2026-08-01T18:46,62285.580000,-0.095600,-0.615005,2026-08-01,629.000000,1.761176,0.763456,62302.670000,62233.040000
29760167,2026-08-01T18:47,62317.070000,-0.221800,0.504303,2026-08-01,456.000000,0.829377,0.605380,62320.000000,62257.130000
29760168,2026-08-01T18:48,62374.070000,-0.119900,0.263613,2026-08-01,612.000000,3.037947,0.692921,62374.080000,62308.730000
29760169,2026-08-01T18:49,62304.440000,0.208100,0.363668,2026-08-01,470.000000,1.270136,0.504185,62374.080000,62301.850000
29760170,2026-08-01T18:50,62329.670000,-0.144400,0.059773,2026-08-01,564.000000,1.261515,0.687554,62345.460000,62294.960000
29760171,2026-08-01T18:51,62336.230000,-0.041700,0.367512,2026-08-01,611.000000,5.940889,0.889755,62341.040000,62312.160000
29760172,2026-08-01T18:52,62369.150000,0.162300,0.779505,2026-08-01,592.000000,2.136396,0.880924,62374.010000,62333.670000
29760173,2026-08-01T18:53,62410.680000,-0.139600,0.695779,2026-08-01,636.000000,1.811628,0.518915,62410.700000,62365.490000
29760174,2026-08-01T18:54,62402.880000,0.158800,0.010846,2026-08-01,301.000000,1.989581,0.533891,62408.690000,62377.520000
29760175,2026-08-01T18:55,62441.180000,-0.051300,0.097764,2026-08-01,564.000000,8.611680,0.243380,62442.170000,62396.740000
29760176,2026-08-01T18:56,62453.210000,0.054200,-0.352317,2026-08-01,607.000000,2.511939,0.695852,62462.400000,62436.010000
29760177,2026-08-01T18:57,62487.290000,-0.026700,0.000001,2026-08-01,510.000000,2.231015,0.825114,62492.990000,62453.210000
29760178,2026-08-01T18:58,62508.260000,0.484400,0.589864,2026-08-01,433.000000,2.586767,0.901236,62514.400000,62480.720000
29760179,2026-08-01T18:59,62523.760000,-0.494200,0.863490,2026-08-01,325.000000,4.036044,0.714629,62527.930000,62505.380000
29760180,2026-08-01T19:00,62512.740000,0.084500,0.404828,2026-08-01,669.000000,6.000917,0.815188,62563.280000,62504.810000
29760181,2026-08-01T19:01,62487.600000,0.046200,0.649652,2026-08-01,486.000000,3.273080,0.200909,62512.740000,62466.970000
29760182,2026-08-01T19:02,62529.920000,0.250200,-0.572459,2026-08-01,527.000000,2.466154,0.477217,62532.320000,62487.590000
29760183,2026-08-01T19:03,62525.430000,0.616000,-0.068782,2026-08-01,564.000000,1.958148,0.888658,62556.400000,62522.160000
29760184,2026-08-01T19:04,62554.990000,0.164000,0.777014,2026-08-01,625.000000,1.508141,0.802704,62560.140000,62525.430000
29760185,2026-08-01T19:05,62559.850000,-0.111800,0.605407,2026-08-01,372.000000,1.540789,0.561473,62567.960000,62550.000000
29760186,2026-08-01T19:06,62525.440000,-0.293900,0.158086,2026-08-01,335.000000,2.016109,0.133861,62568.930000,62525.440000
29760187,2026-08-01T19:07,62525.540000,-0.306500,-0.789355,2026-08-01,231.000000,0.452100,0.597760,62527.900000,62519.890000
29760188,2026-08-01T19:08,62532.320000,0.160900,0.195519,2026-08-01,374.000000,0.984589,0.831335,62536.910000,62525.540000
29760189,2026-08-01T19:09,62528.880000,-0.254900,0.662669,2026-08-01,325.000000,0.911203,0.483440,62546.450000,62528.880000
29760190,2026-08-01T19:10,62538.760000,-0.220500,-0.034027,2026-08-01,245.000000,0.407779,0.900821,62542.640000,62530.490000
29760191,2026-08-01T19:11,62511.680000,-0.280600,0.801643,2026-08-01,234.000000,0.507597,0.732504,62536.440000,62511.680000
29760192,2026-08-01T19:12,62511.680000,0.073600,0.485018,2026-08-01,288.000000,1.407923,0.725724,62522.090000,62501.050000
29760193,2026-08-01T19:13,62528.150000,0.212200,0.443931,2026-08-01,280.000000,3.389801,0.937903,62528.160000,62511.690000
29760194,2026-08-01T19:14,62488.560000,0.019000,0.875924,2026-08-01,308.000000,4.340682,0.126971,62528.160000,62483.430000
29760195,2026-08-01T19:15,62480.730000,0.491000,-0.747624,2026-08-01,360.000000,4.987259,0.160462,62502.770000,62461.810000
29760196,2026-08-01T19:16,62498.230000,0.481500,-0.655667,2026-08-01,249.000000,0.625051,0.837659,62498.790000,62480.730000
29760197,2026-08-01T19:17,62521.080000,0.049100,0.637808,2026-08-01,334.000000,0.344223,0.550504,62521.090000,62498.220000
29760198,2026-08-01T19:18,62550.960000,0.117800,0.085645,2026-08-01,382.000000,4.484248,0.977598,62552.180000,62521.080000
29760199,2026-08-01T19:19,62520.430000,-0.106600,0.955293,2026-08-01,255.000000,1.509307,0.175194,62558.040000,62518.510000
29760200,2026-08-01T19:20,62504.120000,-0.069700,-0.650446,2026-08-01,257.000000,4.399589,0.170522,62528.470000,62504.130000
29760201,2026-08-01T19:21,62470.400000,-0.360200,-0.658956,2026-08-01,287.000000,1.448889,0.398685,62511.260000,62470.410000
29760202,2026-08-01T19:22,62449.930000,-0.488800,-0.202630,2026-08-01,349.000000,2.255128,0.607783,62470.410000,62446.320000
29760203,2026-08-01T19:23,62446.320000,0.033100,0.215853,2026-08-01,349.000000,2.775371,0.640687,62449.930000,62432.560000
29760204,2026-08-01T19:24,62462.380000,0.014100,0.281159,2026-08-01,467.000000,0.311696,0.890982,62462.390000,62447.440000
29760205,2026-08-01T19:25,62465.040000,-0.226000,0.781965,2026-08-01,285.000000,0.681943,0.801734,62473.170000,62455.610000
29760206,2026-08-01T19:26,62472.680000,-0.248200,0.604388,2026-08-01,270.000000,0.710623,0.979395,62473.180000,62465.040000
29760207,2026-08-01T19:27,62489.150000,-0.020800,0.959593,2026-08-01,321.000000,2.031983,0.867353,62488.850000,62472.690000
29760208,2026-08-01T19:28,62497.870000,-0.221600,0.732641,2026-08-01,213.000000,0.687140,0.794763,62497.920000,62489.140000
29760209,2026-08-01T19:29,62492.060000,-0.320100,0.577863,2026-08-01,242.000000,1.589690,0.207740,62497.860000,62482.900000
29760210,2026-08-01T19:30,62527.680000,-0.226100,-0.583189,2026-08-01,431.000000,1.119007,0.752392,62535.000000,62488.690000
29760211,2026-08-01T19:31,62501.040000,-0.120300,0.506956,2026-08-01,313.000000,0.757810,0.659900,62530.000000,62497.990000
29760212,2026-08-01T19:32,62489.900000,-0.258100,0.316982,2026-08-01,142.000000,0.571712,0.630439,62501.050000,62487.600000
29760213,2026-08-01T19:33,62446.320000,-0.045700,0.269353,2026-08-01,183.000000,1.092094,0.302548,62494.490000,62436.230000
29760214,2026-08-01T19:34,62446.320000,0.324400,-0.384807,2026-08-01,278.000000,0.819197,0.644127,62495.760000,62446.320000
29760215,2026-08-01T19:35,62466.940000,-0.039200,0.314329,2026-08-01,223.000000,0.675877,0.741114,62466.950000,62446.330000
29760216,2026-08-01T19:36,62453.040000,-0.245700,0.443044,2026-08-01,241.000000,2.551455,0.816515,62473.840000,62451.200000
29760217,2026-08-01T19:37,62420.100000,-0.228200,0.633106,2026-08-01,189.000000,0.670376,0.712946,62453.050000,62420.100000
29760218,2026-08-01T19:38,62398.170000,0.180400,0.456176,2026-08-01,318.000000,3.765240,0.128103,62425.690000,62393.490000
29760219,2026-08-01T19:39,62417.850000,0.155300,-0.726575,2026-08-01,302.000000,1.169700,0.620477,62417.890000,62398.170000
29760220,2026-08-01T19:40,62417.190000,-0.177300,0.189495,2026-08-01,186.000000,0.451739,0.830685,62425.680000,62417.190000
29760221,2026-08-01T19:41,62411.930000,0.381200,0.660508,2026-08-01,190.000000,1.395111,0.269056,62419.170000,62408.480000
29760222,2026-08-01T19:42,62425.680000,0.127000,-0.461722,2026-08-01,283.000000,0.867858,0.578808,62426.550000,62411.920000
29760223,2026-08-01T19:43,62409.580000,0.165900,0.158346,2026-08-01,269.000000,2.778356,0.205705,62425.680000,62400.000000
29760224,2026-08-01T19:44,62414.810000,0.288100,-0.589112,2026-08-01,251.000000,0.988393,0.366997,62417.840000,62409.580000
29760225,2026-08-01T19:45,62440.810000,-0.058000,-0.257037,2026-08-01,317.000000,0.523313,0.828859,62440.810000,62413.940000
29760226,2026-08-01T19:46,62450.670000,-0.000400,0.387004,2026-08-01,342.000000,5.695401,0.436891,62451.790000,62426.300000
29760227,2026-08-01T19:47,62444.120000,-0.028200,-0.110733,2026-08-01,179.000000,0.359434,0.747691,62450.670000,62430.210000
29760228,2026-08-01T19:48,62440.730000,-0.170100,0.500573,2026-08-01,214.000000,5.012018,0.065446,62446.620000,62430.000000
29760229,2026-08-01T19:49,62462.540000,-0.374100,-0.869340,2026-08-01,307.000000,1.318384,0.777003,62463.990000,62440.540000
29760230,2026-08-01T19:50,62479.710000,0.163800,0.549121,2026-08-01,389.000000,0.923096,0.670043,62487.590000,62454.710000
29760231,2026-08-01T19:51,62465.710000,0.395600,0.344754,2026-08-01,190.000000,0.509652,0.455613,62482.930000,62465.700000
29760232,2026-08-01T19:52,62449.400000,-0.124300,-0.088773,2026-08-01,273.000000,8.325060,0.057892,62466.940000,62446.640000
29760233,2026-08-01T19:53,62456.650000,-0.242500,-0.884215,2026-08-01,171.000000,0.285350,0.945241,62464.020000,62449.390000
29760234,2026-08-01T19:54,62463.040000,0.015300,0.890093,2026-08-01,213.000000,0.443810,0.757275,62463.050000,62453.360000
29760235,2026-08-01T19:55,62462.460000,-0.296600,0.503791,2026-08-01,193.000000,1.206470,0.446821,62463.040000,62450.000000
29760236,2026-08-01T19:56,62473.930000,0.204200,0.588805,2026-08-01,375.000000,2.600240,0.947212,62476.350000,62462.460000
29760237,2026-08-01T19:57,62476.350000,0.750200,0.520971,2026-08-01,196.000000,0.735624,0.186720,62476.350000,62469.820000
29760238,2026-08-01T19:58,62473.930000,-0.332000,-0.626731,2026-08-01,195.000000,0.295357,0.943834,62477.590000,62470.450000
29760239,2026-08-01T19:59,62471.540000,0.120000,0.890007,2026-08-01,136.000000,0.677978,0.908169,62473.940000,62471.530000
29760240,2026-08-01T20:00,62432.570000,0.100800,0.470034,2026-08-01,273.000000,2.337577,0.652518,62471.530000,62432.560000
29760241,2026-08-01T20:01,62438.580000,0.304200,0.397754,2026-08-01,226.000000,1.074268,0.200550,62440.800000,62433.790000
29760242,2026-08-01T20:02,62475.560000,0.199100,-0.597216,2026-08-01,259.000000,1.306398,0.920802,62476.550000,62438.580000
29760243,2026-08-01T20:03,62497.930000,0.168400,0.841605,2026-08-01,555.000000,2.454649,0.892524,62497.930000,62475.550000
29760244,2026-08-01T20:04,62473.850000,-0.043400,0.782906,2026-08-01,173.000000,0.386072,0.787590,62497.930000,62473.840000
29760245,2026-08-01T20:05,62491.040000,0.228200,0.610022,2026-08-01,250.000000,2.300592,0.223681,62491.050000,62473.840000
29760246,2026-08-01T20:06,62507.460000,0.948600,-0.561536,2026-08-01,739.000000,1.476798,0.978961,62507.460000,62491.040000
29760247,2026-08-01T20:07,62507.790000,0.235800,0.957699,2026-08-01,452.000000,0.567578,0.645981,62513.660000,62507.450000
29760248,2026-08-01T20:08,62477.900000,0.098000,0.291800,2026-08-01,494.000000,1.824692,0.813867,62507.790000,62473.840000
29760249,2026-08-01T20:09,62466.460000,0.535000,0.624305,2026-08-01,499.000000,2.397948,0.629805,62477.900000,62463.530000
29760250,2026-08-01T20:10,62492.960000,0.989800,0.261253,2026-08-01,509.000000,0.930598,0.796147,62494.300000,62463.530000
29760251,2026-08-01T20:11,62492.490000,0.441400,0.592784,2026-08-01,429.000000,0.766635,0.873651,62495.000000,62480.720000
29760252,2026-08-01T20:12,62494.990000,0.276200,0.746933,2026-08-01,643.000000,1.815533,0.371074,62495.000000,62480.720000
29760253,2026-08-01T20:13,62503.990000,0.666100,-0.253451,2026-08-01,716.000000,0.777523,0.658137,62504.000000,62494.990000
29760254,2026-08-01T20:14,62501.290000,0.091600,0.436007,2026-08-01,713.000000,0.763614,0.755691,62506.170000,62492.150000
29760255,2026-08-01T20:15,62498.100000,0.905200,0.332427,2026-08-01,323.000000,0.269801,0.771791,62501.300000,62495.890000
29760256,2026-08-01T20:16,62511.680000,-0.138600,0.609705,2026-08-01,1161.000000,9.995548,0.073990,62529.690000,62498.100000
29760257,2026-08-01T20:17,62517.960000,-0.200400,-0.851012,2026-08-01,492.000000,0.576161,0.848013,62522.000000,62509.820000
29760258,2026-08-01T20:18,62517.960000,0.434100,0.693128,2026-08-01,375.000000,0.583965,0.998784,62517.960000,62517.950000
29760259,2026-08-01T20:19,62520.940000,-0.013500,0.997568,2026-08-01,336.000000,0.311994,0.926155,62520.950000,62517.950000
29760260,2026-08-01T20:20,62536.490000,0.350900,0.853043,2026-08-01,552.000000,1.038773,0.522974,62536.500000,62520.940000
29760261,2026-08-01T20:21,62573.600000,-0.034100,0.044877,2026-08-01,666.000000,10.350328,0.662175,62587.600000,62524.320000
29760262,2026-08-01T20:22,62555.600000,0.283400,0.324578,2026-08-01,326.000000,1.544505,0.673804,62573.610000,62551.510000
29760263,2026-08-01T20:23,62549.520000,0.025500,0.351429,2026-08-01,563.000000,1.129783,0.453419,62567.460000,62549.520000
29760264,2026-08-01T20:24,62558.240000,-0.717600,-0.103621,2026-08-01,592.000000,1.210664,0.844384,62568.910000,62549.530000
29760265,2026-08-01T20:25,62547.010000,-0.436100,0.690065,2026-08-01,317.000000,0.701817,0.629608,62558.250000,62544.000000
29760266,2026-08-01T20:26,62535.760000,0.037500,0.251327,2026-08-01,409.000000,0.803653,0.792607,62547.010000,62535.760000
29760267,2026-08-01T20:27,62575.060000,0.283000,0.548214,2026-08-01,688.000000,10.505795,0.775336,62578.940000,62526.000000
29760268,2026-08-01T20:28,62549.520000,-0.116900,0.539007,2026-08-01,310.000000,1.077817,0.238484,62575.060000,62549.520000
29760269,2026-08-01T20:29,62560.490000,0.045400,-0.475193,2026-08-01,336.000000,1.219999,0.832159,62562.830000,62548.260000
29760270,2026-08-01T20:30,62559.830000,-0.211500,0.407094,2026-08-01,406.000000,1.735187,0.459871,62565.000000,62534.110000
29760271,2026-08-01T20:31,62522.010000,-0.734800,0.055391,2026-08-01,344.000000,2.160843,0.144116,62559.840000,62522.010000
29760272,2026-08-01T20:32,62527.490000,-0.030300,-0.730089,2026-08-01,232.000000,1.063282,0.762114,62528.880000,62519.490000
29760273,2026-08-01T20:33,62535.760000,-0.319200,0.779052,2026-08-01,582.000000,2.458975,0.163732,62552.750000,62527.490000
29760274,2026-08-01T20:34,62533.460000,0.019200,-0.674541,2026-08-01,284.000000,1.666425,0.289114,62535.770000,62529.540000
29760275,2026-08-01T20:35,62559.330000,-0.126000,-0.424348,2026-08-01,371.000000,0.652687,0.808822,62559.340000,62533.450000
29760276,2026-08-01T20:36,62565.100000,-0.271300,0.617641,2026-08-01,359.000000,0.755949,0.795725,62565.820000,62559.330000
29760277,2026-08-01T20:37,62543.380000,-0.005200,0.591451,2026-08-01,419.000000,1.449931,0.100294,62565.110000,62542.000000
29760278,2026-08-01T20:38,62515.820000,-0.088900,-0.834778,2026-08-01,350.000000,8.719465,0.056898,62543.390000,62502.000000
29760279,2026-08-01T20:39,62512.900000,-0.195800,-0.879620,2026-08-01,127.000000,0.196848,0.522271,62519.230000,62511.690000
29760280,2026-08-01T20:40,62539.960000,0.119500,0.030789,2026-08-01,410.000000,1.760366,0.939385,62543.410000,62512.900000
29760281,2026-08-01T20:41,62522.010000,-0.259300,0.878973,2026-08-01,319.000000,1.067902,0.413619,62541.460000,62515.400000
29760282,2026-08-01T20:42,62522.010000,-0.119300,-0.173534,2026-08-01,170.000000,0.306460,0.909286,62528.770000,62522.000000
29760283,2026-08-01T20:43,62522.010000,0.544300,0.051981,2026-08-01,239.000000,2.983449,0.364832,62522.010000,62511.730000
29760284,2026-08-01T20:44,62540.370000,-0.200800,-0.209597,2026-08-01,445.000000,0.544710,0.908579,62543.040000,62522.000000
29760285,2026-08-01T20:45,62532.320000,0.042100,0.671745,2026-08-01,166.000000,0.421688,0.415020,62541.610000,62532.320000
29760286,2026-08-01T20:46,62525.540000,-0.256000,-0.077342,2026-08-01,236.000000,0.194234,0.726567,62532.440000,62525.530000
29760287,2026-08-01T20:47,62542.210000,-0.110400,0.456569,2026-08-01,422.000000,0.871030,0.851201,62543.040000,62525.530000
29760288,2026-08-01T20:48,62562.850000,0.637200,0.702069,2026-08-01,570.000000,1.974864,0.956591,62562.850000,62542.210000
29760289,2026-08-01T20:49,62568.540000,0.043400,0.913156,2026-08-01,566.000000,1.529049,0.455900,62577.000000,62562.850000
29760290,2026-08-01T20:50,62571.650000,-0.511800,-0.088200,2026-08-01,342.000000,2.603410,0.947807,62578.500000,62568.540000
29760291,2026-08-01T20:51,62585.820000,0.019700,0.895614,2026-08-01,673.000000,2.497885,0.668993,62600.000000,62571.600000
29760292,2026-08-01T20:52,62587.350000,-0.568000,0.337989,2026-08-01,483.000000,0.837411,0.770662,62587.360000,62580.020000
29760293,2026-08-01T20:53,62578.710000,-0.493800,0.541748,2026-08-01,377.000000,0.610119,0.485301,62587.360000,62574.000000
29760294,2026-08-01T20:54,62597.240000,0.212500,-0.029199,2026-08-01,732.000000,11.684812,0.968579,62622.770000,62578.700000
29760295,2026-08-01T20:55,62600.040000,0.463400,0.937178,2026-08-01,319.000000,1.068723,0.697611,62601.790000,62594.090000
29760296,2026-08-01T20:56,62608.670000,0.380300,0.396015,2026-08-01,491.000000,0.868957,0.370684,62615.300000,62599.740000
29760297,2026-08-01T20:57,62608.790000,0.341700,-0.264704,2026-08-01,322.000000,1.310746,0.303978,62613.550000,62604.780000
29760298,2026-08-01T20:58,62604.010000,-0.075300,-0.393874,2026-08-01,172.000000,2.166544,0.062725,62608.800000,62600.690000
29760299,2026-08-01T20:59,62604.920000,-0.015200,-0.874756,2026-08-01,154.000000,0.194161,0.697650,62606.180000,62603.340000
29760300,2026-08-01T21:00,62637.600000,0.645800,0.396461,2026-08-01,476.000000,0.989936,0.477397,62637.600000,62600.740000
29760301,2026-08-01T21:01,62734.260000,0.199300,-0.045206,2026-08-01,1577.000000,60.787279,0.944287,62749.030000,62637.590000
29760302,2026-08-01T21:02,62694.010000,-0.463500,0.883517,2026-08-01,447.000000,3.387507,0.182098,62749.740000,62694.010000
29760303,2026-08-01T21:03,62698.810000,-0.194800,-0.617439,2026-08-01,341.000000,0.890844,0.463835,62698.810000,62680.510000
29760304,2026-08-01T21:04,62697.510000,-0.003600,-0.112883,2026-08-01,360.000000,7.245138,0.752646,62713.000000,62694.500000
29760305,2026-08-01T21:05,62708.100000,0.116300,0.513801,2026-08-01,302.000000,0.530162,0.839411,62708.100000,62697.510000
29760306,2026-08-01T21:06,62712.180000,0.136100,0.680722,2026-08-01,524.000000,1.614230,0.278601,62723.990000,62708.090000
29760307,2026-08-01T21:07,62709.760000,0.061400,-0.445503,2026-08-01,365.000000,0.996043,0.595300,62712.190000,62709.010000
29760308,2026-08-01T21:08,62694.010000,-0.231000,0.205690,2026-08-01,347.000000,0.720804,0.477342,62709.760000,62694.000000
29760309,2026-08-01T21:09,62707.540000,0.004500,-0.133389,2026-08-01,347.000000,2.488541,0.761101,62707.540000,62690.770000
29760310,2026-08-01T21:10,62704.730000,-0.118400,0.596924,2026-08-01,276.000000,0.814536,0.659647,62710.240000,62704.200000
29760311,2026-08-01T21:11,62692.190000,-0.079300,-0.017646,2026-08-01,185.000000,0.985082,0.150957,62704.730000,62683.250000
29760312,2026-08-01T21:12,62703.560000,-0.316100,-0.793085,2026-08-01,329.000000,2.260642,0.649029,62703.560000,62692.190000
29760313,2026-08-01T21:13,62667.170000,-0.181900,0.442462,2026-08-01,507.000000,2.761236,0.302917,62703.550000,62656.510000
29760314,2026-08-01T21:14,62690.540000,-0.183800,-0.340961,2026-08-01,512.000000,0.471184,0.695893,62690.550000,62666.930000
29760315,2026-08-01T21:15,62698.130000,-0.364900,0.396119,2026-08-01,406.000000,2.264390,0.820508,62704.730000,62690.540000
29760316,2026-08-01T21:16,62698.330000,-0.323900,0.640051,2026-08-01,162.000000,0.615160,0.260613,62704.730000,62697.440000
29760317,2026-08-01T21:17,62714.630000,0.680600,-0.475284,2026-08-01,264.000000,3.156930,0.767647,62719.770000,62697.530000
29760318,2026-08-01T21:18,62719.430000,0.095900,0.540746,2026-08-01,447.000000,2.652679,0.481340,62722.490000,62701.420000
29760319,2026-08-01T21:19,62720.880000,0.110300,-0.052451,2026-08-01,427.000000,3.910569,0.489819,62736.610000,62714.650000
29760320,2026-08-01T21:20,62705.880000,-0.154800,-0.020363,2026-08-01,173.000000,2.051871,0.095508,62725.260000,62705.000000
29760321,2026-08-01T21:21,62694.010000,-0.439200,-0.807596,2026-08-01,198.000000,1.416304,0.582981,62705.880000,62694.010000
29760322,2026-08-01T21:22,62703.570000,-0.239000,0.165016,2026-08-01,185.000000,0.466142,0.309239,62703.570000,62694.000000
29760323,2026-08-01T21:23,62703.570000,0.334700,-0.374047,2026-08-01,187.000000,0.300458,0.569559,62704.310000,62703.560000
29760324,2026-08-01T21:24,62703.600000,-0.275200,0.131818,2026-08-01,347.000000,2.792652,0.959528,62705.120000,62703.560000
29760325,2026-08-01T21:25,62696.790000,-0.280400,0.919150,2026-08-01,313.000000,1.030052,0.482980,62703.610000,62694.000000
29760326,2026-08-01T21:26,62695.480000,-0.336700,-0.033680,2026-08-01,155.000000,0.329386,0.516130,62696.790000,62695.200000
29760327,2026-08-01T21:27,62710.820000,0.180600,0.021579,2026-08-01,501.000000,0.778384,0.979132,62711.200000,62695.470000
29760328,2026-08-01T21:28,62717.540000,0.161500,0.958264,2026-08-01,368.000000,1.750080,0.138500,62717.540000,62705.190000
29760329,2026-08-01T21:29,62741.310000,-0.242200,-0.722223,2026-08-01,565.000000,2.131597,0.815175,62743.490000,62717.530000
29760330,2026-08-01T21:30,62721.040000,-0.236800,0.630213,2026-08-01,316.000000,0.312688,0.508624,62741.310000,62719.510000
29760331,2026-08-01T21:31,62742.260000,0.199900,0.016368,2026-08-01,247.000000,0.918497,0.623576,62743.530000,62721.040000
29760332,2026-08-01T21:32,62738.990000,-0.000100,0.368946,2026-08-01,309.000000,1.897961,0.183085,62744.790000,62733.260000
29760333,2026-08-01T21:33,62742.930000,0.261700,-0.799851,2026-08-01,232.000000,0.627345,0.585621,62743.600000,62725.920000
29760334,2026-08-01T21:34,62792.060000,-0.175400,0.185122,2026-08-01,750.000000,8.160068,0.386773,62809.560000,62742.920000
29760335,2026-08-01T21:35,62762.570000,0.065600,-0.227403,2026-08-01,399.000000,0.629247,0.337561,62792.060000,62762.550000
29760336,2026-08-01T21:36,62731.850000,-0.313000,-0.324879,2026-08-01,190.000000,1.001092,0.082859,62762.570000,62731.840000
29760337,2026-08-01T21:37,62733.570000,0.003000,-0.834564,2026-08-01,186.000000,2.991160,0.937179,62739.030000,62728.500000
29760338,2026-08-01T21:38,62739.620000,-0.012300,0.879113,2026-08-01,395.000000,0.795830,0.530802,62752.230000,62733.580000
29760339,2026-08-01T21:39,62731.850000,-0.330800,-0.059622,2026-08-01,188.000000,0.636866,0.535334,62741.990000,62731.840000
29760340,2026-08-01T21:40,62722.490000,0.427400,0.057392,2026-08-01,238.000000,1.866749,0.362454,62733.160000,62718.080000
29760341,2026-08-01T21:41,62720.240000,-0.364100,-0.490939,2026-08-01,139.000000,0.964894,0.145324,62724.050000,62720.240000
29760342,2026-08-01T21:42,62721.510000,0.151000,0.712225,2026-08-01,230.000000,1.813140,0.746687,62721.520000,62711.200000
29760343,2026-08-01T21:43,62731.480000,-0.044100,0.491484,2026-08-01,200.000000,0.703310,0.811829,62734.590000,62718.080000
29760344,2026-08-01T21:44,62736.650000,-0.132500,0.306241,2026-08-01,370.000000,2.155283,0.455307,62745.600000,62713.750000
29760345,2026-08-01T21:45,62748.150000,0.020100,-0.010947,2026-08-01,243.000000,3.387350,0.895160,62749.790000,62728.410000
29760346,2026-08-01T21:46,62753.010000,0.053700,0.789652,2026-08-01,278.000000,1.566470,0.354366,62762.800000,62741.870000
29760347,2026-08-01T21:47,62762.690000,0.237600,-0.289613,2026-08-01,297.000000,2.300868,0.266967,62762.700000,62746.550000
29760348,2026-08-01T21:48,62763.710000,-0.040200,-0.474460,2026-08-01,209.000000,0.348585,0.190049,62765.040000,62757.850000
29760349,2026-08-01T21:49,62758.620000,-0.334600,-0.590689,2026-08-01,88.000000,0.093530,0.582011,62763.710000,62757.860000
29760350,2026-08-01T21:50,62763.130000,-0.064900,0.288244,2026-08-01,169.000000,0.977492,0.121305,62765.040000,62758.630000
29760351,2026-08-01T21:51,62763.150000,0.797400,-0.787237,2026-08-01,137.000000,0.233085,0.457699,62763.150000,62749.040000
29760352,2026-08-01T21:52,62771.310000,0.706900,-0.084603,2026-08-01,538.000000,0.517100,0.346103,62771.310000,62763.150000
29760353,2026-08-01T21:53,62750.600000,-0.031000,-0.307793,2026-08-01,320.000000,3.393178,0.216774,62771.310000,62740.620000
29760354,2026-08-01T21:54,62742.150000,0.017700,-0.566453,2026-08-01,262.000000,0.460812,0.524960,62750.600000,62725.500000
29760355,2026-08-01T21:55,62755.820000,0.208500,0.049919,2026-08-01,450.000000,0.274481,0.697067,62755.820000,62742.150000
29760356,2026-08-01T21:56,62756.990000,0.152400,0.404318,2026-08-01,371.000000,0.765217,0.746619,62756.990000,62735.290000
29760357,2026-08-01T21:57,62751.070000,0.038500,0.490112,2026-08-01,174.000000,0.479176,0.398856,62756.990000,62749.060000
29760358,2026-08-01T21:58,62758.520000,0.581600,-0.200638,2026-08-01,236.000000,1.080436,0.473438,62758.520000,62746.420000
29760359,2026-08-01T21:59,62761.350000,-0.103200,-0.046124,2026-08-01,240.000000,0.438203,0.799413,62764.520000,62757.910000
29760360,2026-08-01T22:00,62762.180000,-0.180800,0.542859,2026-08-01,483.000000,1.575598,0.947008,62780.000000,62756.010000
29760361,2026-08-01T22:01,62752.510000,-0.344600,0.910400,2026-08-01,291.000000,3.161359,0.240432,62766.010000,62742.150000
29760362,2026-08-01T22:02,62738.710000,-0.051100,-0.578622,2026-08-01,183.000000,2.115620,0.063913,62752.500000,62737.440000
29760363,2026-08-01T22:03,62735.290000,-0.037700,-0.840672,2026-08-01,278.000000,1.802797,0.557635,62754.940000,62735.280000
29760364,2026-08-01T22:04,62765.760000,0.144200,0.115129,2026-08-01,327.000000,1.074538,0.702754,62773.120000,62735.290000
29760365,2026-08-01T22:05,62770.650000,-0.121300,0.405813,2026-08-01,432.000000,0.624906,0.492053,62788.700000,62765.760000
29760366,2026-08-01T22:06,62759.380000,0.159000,-0.016284,2026-08-01,195.000000,1.061051,0.101447,62770.660000,62758.840000
29760367,2026-08-01T22:07,62767.810000,-0.299000,-0.705650,2026-08-01,345.000000,11.761151,0.099408,62781.270000,62759.380000
29760368,2026-08-01T22:08,62774.390000,0.134600,-0.806994,2026-08-01,256.000000,1.582447,0.234788,62776.550000,62769.680000
29760369,2026-08-01T22:09,62783.560000,-0.129000,-0.548836,2026-08-01,379.000000,0.642777,0.850201,62787.930000,62776.550000
29760370,2026-08-01T22:10,62798.240000,0.155000,0.692203,2026-08-01,470.000000,0.646989,0.212595,62803.490000,62784.400000
29760371,2026-08-01T22:11,62784.170000,-0.030800,-0.572868,2026-08-01,458.000000,5.656890,0.607248,62810.550000,62784.010000
29760372,2026-08-01T22:12,62787.490000,0.038800,0.214495,2026-08-01,175.000000,0.249765,0.513253,62788.500000,62784.160000
29760373,2026-08-01T22:13,62797.460000,0.125100,0.052916,2026-08-01,228.000000,0.577518,0.858052,62797.470000,62787.490000
29760374,2026-08-01T22:14,62800.490000,0.080800,0.712639,2026-08-01,210.000000,0.543572,0.630926,62800.490000,62797.460000
29760375,2026-08-01T22:15,62793.380000,0.025900,0.263820,2026-08-01,284.000000,2.984988,0.160441,62813.990000,62793.370000
29760376,2026-08-01T22:16,62787.430000,-0.110500,-0.679934,2026-08-01,172.000000,1.107139,0.141916,62795.420000,62781.030000
29760377,2026-08-01T22:17,62787.440000,-0.242700,-0.716168,2026-08-01,209.000000,0.227456,0.797793,62787.690000,62787.420000
29760378,2026-08-01T22:18,62787.440000,0.145300,0.597316,2026-08-01,157.000000,1.186095,0.110697,62787.450000,62783.840000
29760379,2026-08-01T22:19,62787.440000,0.175300,-0.780073,2026-08-01,166.000000,0.250892,0.576498,62787.450000,62785.150000
29760380,2026-08-01T22:20,62790.960000,-0.125500,0.152996,2026-08-01,213.000000,0.238051,0.433286,62790.970000,62787.440000
29760381,2026-08-01T22:21,62786.260000,-0.158400,-0.302623,2026-08-01,331.000000,0.541361,0.610022,62790.970000,62785.010000
29760382,2026-08-01T22:22,62770.880000,-0.517800,0.405428,2026-08-01,170.000000,0.281143,0.485714,62786.270000,62770.510000
29760383,2026-08-01T22:23,62774.620000,-0.107000,-0.025816,2026-08-01,303.000000,0.482881,0.600641,62774.630000,62767.930000
29760384,2026-08-01T22:24,62772.120000,-0.055100,0.200545,2026-08-01,250.000000,0.203048,0.582394,62774.630000,62772.120000
29760385,2026-08-01T22:25,62772.120000,-0.230500,0.183219,2026-08-01,228.000000,0.556651,0.581202,62776.500000,62772.120000
29760386,2026-08-01T22:26,62778.010000,0.190500,0.163347,2026-08-01,190.000000,0.665747,0.216821,62778.010000,62769.590000
29760387,2026-08-01T22:27,62790.540000,-0.150000,-0.520319,2026-08-01,413.000000,1.924720,0.534485,62797.200000,62778.010000
29760388,2026-08-01T22:28,62780.380000,0.190300,0.057073,2026-08-01,296.000000,2.733482,0.135129,62800.000000,62776.560000
29760389,2026-08-01T22:29,62800.850000,-0.009000,-0.728236,2026-08-01,232.000000,2.027161,0.978199,62800.860000,62783.430000
29760390,2026-08-01T22:30,62793.760000,0.445800,0.956317,2026-08-01,193.000000,2.588841,0.073056,62800.860000,62785.180000
29760391,2026-08-01T22:31,62795.680000,-0.153200,-0.853978,2026-08-01,177.000000,0.270531,0.571840,62795.780000,62792.190000
29760392,2026-08-01T22:32,62791.710000,0.077400,0.152080,2026-08-01,243.000000,2.773757,0.890524,62797.200000,62789.120000
29760393,2026-08-01T22:33,62792.430000,-0.147300,0.781183,2026-08-01,216.000000,1.483281,0.890657,62797.550000,62790.290000
29760394,2026-08-01T22:34,62793.630000,0.271200,0.779996,2026-08-01,203.000000,1.597461,0.176244,62793.640000,62789.300000
29760395,2026-08-01T22:35,62777.680000,-0.540600,-0.647311,2026-08-01,173.000000,4.302187,0.062725,62794.580000,62767.930000
29760396,2026-08-01T22:36,62785.960000,-0.078900,-0.874550,2026-08-01,203.000000,0.232131,0.443976,62785.960000,62773.120000
29760397,2026-08-01T22:37,62793.760000,-0.061000,-0.112047,2026-08-01,193.000000,0.548856,0.662499,62793.760000,62781.520000
29760398,2026-08-01T22:38,62791.260000,-0.104500,0.323190,2026-08-01,323.000000,0.649364,0.225194,62798.990000,62788.430000
29760399,2026-08-01T22:39,62791.010000,0.297900,-0.552247,2026-08-01,236.000000,2.219357,0.074001,62791.790000,62790.020000
29760400,2026-08-01T22:40,62796.650000,0.105800,-0.849528,2026-08-01,253.000000,0.391087,0.706357,62798.730000,62791.010000
29760401,2026-08-01T22:41,62796.070000,0.047800,0.408230,2026-08-01,166.000000,0.433347,0.714409,62797.990000,62793.830000
29760402,2026-08-01T22:42,62797.070000,-0.199300,0.373220,2026-08-01,128.000000,0.294230,0.874203,62797.070000,62794.810000
29760403,2026-08-01T22:43,62786.650000,-0.397300,0.871151,2026-08-01,149.000000,1.588296,0.130355,62797.080000,62785.780000
29760404,2026-08-01T22:44,62789.620000,-0.251300,-0.739290,2026-08-01,151.000000,0.201397,0.761426,62789.640000,62786.640000
29760405,2026-08-01T22:45,62787.990000,-0.006500,0.540264,2026-08-01,174.000000,2.155970,0.062771,62789.620000,62783.230000
29760406,2026-08-01T22:46,62781.520000,-0.318000,-0.883472,2026-08-01,173.000000,0.474233,0.277188,62793.850000,62781.520000
29760407,2026-08-01T22:47,62780.350000,-0.318400,-0.127222,2026-08-01,155.000000,0.455814,0.527586,62783.430000,62769.630000
29760408,2026-08-01T22:48,62793.960000,-0.222600,0.045543,2026-08-01,186.000000,0.628690,0.845456,62795.220000,62778.950000
29760409,2026-08-01T22:49,62783.670000,-0.196400,0.691843,2026-08-01,147.000000,2.397367,0.140958,62793.960000,62779.280000
29760410,2026-08-01T22:50,62786.880000,-0.313300,-0.702508,2026-08-01,219.000000,1.125078,0.846603,62795.740000,62783.660000
29760411,2026-08-01T22:51,62781.990000,-0.628700,0.688113,2026-08-01,243.000000,0.365452,0.672871,62786.890000,62776.520000
29760412,2026-08-01T22:52,62785.240000,-0.298500,0.622418,2026-08-01,266.000000,0.596760,0.740075,62785.250000,62774.440000
29760413,2026-08-01T22:53,62783.990000,-0.026700,0.042481,2026-08-01,208.000000,0.261928,0.633848,62785.250000,62783.980000
29760414,2026-08-01T22:54,62777.290000,-0.275700,0.268857,2026-08-01,153.000000,2.391360,0.059964,62784.000000,62777.280000
29760415,2026-08-01T22:55,62777.290000,0.442400,-0.880071,2026-08-01,200.000000,1.467609,0.093836,62777.300000,62777.290000
29760416,2026-08-01T22:56,62777.290000,0.130100,-0.812309,2026-08-01,140.000000,0.676986,0.228253,62777.300000,62777.290000
29760417,2026-08-01T22:57,62777.290000,0.555700,-0.539987,2026-08-01,134.000000,0.217930,0.834898,62777.300000,62777.290000
29760418,2026-08-01T22:58,62777.290000,0.102300,0.669726,2026-08-01,122.000000,0.354415,0.393710,62777.300000,62777.290000
29760419,2026-08-01T22:59,62765.350000,0.284700,0.198127,2026-08-01,626.000000,12.964568,0.033853,62777.520000,62756.940000
29760420,2026-08-01T23:00,62788.350000,-0.099400,-0.959965,2026-08-01,499.000000,2.722928,0.860351,62793.000000,62765.350000
29760421,2026-08-01T23:01,62797.040000,-0.059100,0.717885,2026-08-01,447.000000,0.764030,0.825633,62799.830000,62784.740000
29760422,2026-08-01T23:02,62785.240000,-0.104600,0.623631,2026-08-01,188.000000,0.264097,0.584743,62797.050000,62779.730000
29760423,2026-08-01T23:03,62786.240000,-0.364200,0.251044,2026-08-01,288.000000,0.211096,0.612943,62786.840000,62785.240000
29760424,2026-08-01T23:04,62786.580000,-0.571100,0.223442,2026-08-01,229.000000,0.416327,0.929139,62788.480000,62785.500000
29760425,2026-08-01T23:05,62786.570000,-0.562700,0.859574,2026-08-01,133.000000,0.538880,0.647394,62786.590000,62785.320000
29760426,2026-08-01T23:06,62775.010000,-0.532800,0.289608,2026-08-01,138.000000,0.424166,0.753465,62786.580000,62775.000000
29760427,2026-08-01T23:07,62772.180000,-0.400200,0.506929,2026-08-01,120.000000,0.332955,0.804085,62775.010000,62772.180000
29760428,2026-08-01T23:08,62779.570000,-0.544700,0.610117,2026-08-01,308.000000,0.566218,0.824863,62780.700000,62772.130000
29760429,2026-08-01T23:09,62776.010000,-0.215000,0.644618,2026-08-01,239.000000,0.352656,0.693559,62780.700000,62775.000000
29760430,2026-08-01T23:10,62774.100000,-0.358000,0.391062,2026-08-01,172.000000,0.469075,0.380063,62776.020000,62771.740000
29760431,2026-08-01T23:11,62755.930000,-0.371200,-0.242290,2026-08-01,261.000000,0.846882,0.727043,62774.200000,62753.080000
29760432,2026-08-01T23:12,62751.010000,-0.819200,0.454085,2026-08-01,181.000000,1.070424,0.121109,62761.970000,62751.000000
29760433,2026-08-01T23:13,62752.040000,-0.227400,-0.757781,2026-08-01,144.000000,0.802161,0.888208,62752.040000,62746.500000
29760434,2026-08-01T23:14,62750.940000,0.030400,0.776415,2026-08-01,155.000000,1.085076,0.273850,62752.520000,62750.940000
29760435,2026-08-01T23:15,62747.570000,-0.306600,-0.447501,2026-08-01,187.000000,1.585793,0.128276,62752.190000,62743.570000
29760436,2026-08-01T23:16,62729.060000,-0.129600,-0.747411,2026-08-01,139.000000,0.508790,0.292351,62747.570000,62724.960000
29760437,2026-08-01T23:17,62726.730000,-0.305300,-0.415297,2026-08-01,51.000000,0.534248,0.050727,62729.060000,62723.620000
29760438,2026-08-01T23:18,62726.730000,-0.305300,-0.898546,2026-08-01,,,,,
29760439,2026-08-01T23:19,62725.370000,-0.357000,0.000000,2026-08-01,259.000000,1.298515,0.126128,62731.740000,62723.420000
29760440,2026-08-01T23:20,62725.370000,-0.357000,-0.747744,2026-08-01,,,,,
29760441,2026-08-01T23:21,62725.370000,-0.357000,0.000000,2026-08-01,,,,,
29760442,2026-08-01T23:22,62725.370000,-0.357000,0.000000,2026-08-01,,,,,
29760443,2026-08-01T23:23,62725.370000,-0.357000,0.000000,2026-08-01,,,,,
29760444,2026-08-01T23:24,62725.370000,-0.357000,0.000000,2026-08-01,,,,,
29760445,2026-08-01T23:25,62725.370000,-0.357000,0.000000,2026-08-01,,,,,
29760446,2026-08-01T23:26,62725.370000,-0.357000,0.000000,2026-08-01,,,,,
29760447,2026-08-01T23:27,62725.370000,-0.357000,0.000000,2026-08-01,,,,,
29760448,2026-08-01T23:28,62725.370000,-0.357000,0.000000,2026-08-01,,,,,
29760449,2026-08-01T23:29,62725.370000,-0.357000,0.000000,2026-08-01,,,,,
29760450,2026-08-01T23:30,62725.370000,-0.357000,0.000000,2026-08-01,,,,,
29760451,2026-08-01T23:31,62725.370000,-0.357300,0.000000,2026-08-01,,,,,
29760452,2026-08-01T23:32,62717.990000,0.533800,0.000000,2026-08-01,15.000000,0.033497,0.982779,62717.990000,62717.980000
29760453,2026-08-01T23:33,62717.990000,0.533800,0.965558,2026-08-01,,,,,
29760454,2026-08-01T23:34,62717.990000,0.533800,0.000000,2026-08-01,,,,,
29760455,2026-08-01T23:35,62717.990000,0.533800,0.000000,2026-08-01,,,,,
29760456,2026-08-01T23:36,62717.990000,0.533800,0.000000,2026-08-01,,,,,
29760457,2026-08-01T23:37,62717.990000,0.533800,0.000000,2026-08-01,,,,,
29760458,2026-08-01T23:38,62717.990000,0.533800,0.000000,2026-08-01,,,,,
29760459,2026-08-01T23:39,62717.990000,0.533800,0.000000,2026-08-01,,,,,
29760460,2026-08-01T23:40,62717.990000,0.533800,0.000000,2026-08-01,,,,,
29760461,2026-08-01T23:41,62717.990000,0.533800,0.000000,2026-08-01,,,,,
29760462,2026-08-01T23:42,62717.990000,0.533800,0.000000,2026-08-01,,,,,
29760463,2026-08-01T23:43,62717.990000,0.533800,0.000000,2026-08-01,,,,,
29760464,2026-08-01T23:44,62717.990000,0.533800,0.000000,2026-08-01,,,,,
29760465,2026-08-01T23:45,62717.990000,0.533800,0.000000,2026-08-01,,,,,
29760466,2026-08-01T23:46,62717.990000,0.533800,0.000000,2026-08-01,,,,,
29760467,2026-08-01T23:47,62717.990000,0.533800,0.000000,2026-08-01,,,,,
29760468,2026-08-01T23:48,62717.990000,0.533800,0.000000,2026-08-01,,,,,
29760469,2026-08-01T23:49,62717.990000,0.533800,0.000000,2026-08-01,,,,,
29760470,2026-08-01T23:50,62717.990000,0.533800,0.000000,2026-08-01,,,,,
29760471,2026-08-01T23:51,62717.990000,0.533800,0.000000,2026-08-01,,,,,
29760472,2026-08-01T23:52,62717.990000,0.533800,0.000000,2026-08-01,,,,,
29760473,2026-08-01T23:53,62717.990000,0.533800,0.000000,2026-08-01,,,,,
29760474,2026-08-01T23:54,62717.990000,0.533800,0.000000,2026-08-01,,,,,
29760475,2026-08-01T23:55,62717.990000,0.533800,0.000000,2026-08-01,,,,,
29760476,2026-08-01T23:56,62717.990000,0.533800,0.000000,2026-08-01,,,,,
29760477,2026-08-01T23:57,62717.990000,0.533800,0.000000,2026-08-01,,,,,
29760478,2026-08-01T23:58,62763.820000,-0.248300,0.000000,2026-08-01,122.000000,0.199875,0.917521,62766.670000,62763.820000
29760479,2026-08-01T23:59,62763.820000,-0.248300,0.835043,2026-08-01,,,,,
29760480,2026-08-02T00:00,62763.820000,-0.248300,0.000000,2026-08-01,,,,,
29760481,2026-08-02T00:01,62763.820000,-0.248300,0.000000,2026-08-01,,,,,
29760482,2026-08-02T00:02,62763.820000,-0.248300,0.000000,2026-08-01,,,,,
29760483,2026-08-02T00:03,62763.820000,-0.248300,0.000000,2026-08-01,,,,,
29760484,2026-08-02T00:04,62763.820000,-0.248300,0.000000,2026-08-01,,,,,
29760485,2026-08-02T00:05,62763.820000,-0.248300,0.000000,2026-08-01,,,,,
29760486,2026-08-02T00:06,62763.820000,-0.248300,0.000000,2026-08-01,,,,,
29760487,2026-08-02T00:07,62763.820000,-0.248300,0.000000,2026-08-01,,,,,
29760488,2026-08-02T00:08,62763.820000,-0.248300,0.000000,2026-08-01,,,,,
29760489,2026-08-02T00:09,62763.820000,-0.248300,0.000000,2026-08-01,,,,,
29760490,2026-08-02T00:10,62763.820000,-0.248300,0.000000,2026-08-01,,,,,
29760491,2026-08-02T00:11,62763.820000,-0.248300,0.000000,2026-08-01,,,,,
29760492,2026-08-02T00:12,62763.820000,-0.248300,0.000000,2026-08-01,,,,,
29760493,2026-08-02T00:13,62763.820000,-0.248300,0.000000,2026-08-01,,,,,
29760494,2026-08-02T00:14,62763.820000,-0.248300,0.000000,2026-08-01,,,,,
29760495,2026-08-02T00:15,62763.820000,-0.248300,0.000000,2026-08-01,,,,,
29760496,2026-08-02T00:16,62763.820000,-0.248300,0.000000,2026-08-01,,,,,
29760497,2026-08-02T00:17,62763.820000,-0.248300,0.000000,2026-08-01,,,,,
29760498,2026-08-02T00:18,62763.820000,-0.248300,0.000000,2026-08-01,,,,,
29760499,2026-08-02T00:19,62763.820000,-0.248300,0.000000,2026-08-01,,,,,
29760500,2026-08-02T00:20,62763.820000,-0.248300,0.000000,2026-08-01,,,,,
29760501,2026-08-02T00:21,62763.820000,-0.248300,0.000000,2026-08-01,,,,,
29760502,2026-08-02T00:22,62763.820000,-0.248300,0.000000,2026-08-01,,,,,
29760503,2026-08-02T00:23,62763.820000,-0.248300,0.000000,2026-08-01,,,,,
29760504,2026-08-02T00:24,62763.820000,-0.248300,0.000000,2026-08-01,,,,,
29760505,2026-08-02T00:25,62763.820000,-0.248300,0.000000,2026-08-01,,,,,
29760506,2026-08-02T00:26,62763.820000,-0.248300,0.000000,2026-08-01,,,,,
29760507,2026-08-02T00:27,62763.820000,-0.248300,0.000000,2026-08-01,,,,,
29760508,2026-08-02T00:28,62763.820000,-0.248300,0.000000,2026-08-01,,,,,
29760509,2026-08-02T00:29,62763.820000,-0.248300,0.000000,2026-08-01,,,,,
29760510,2026-08-02T00:30,62763.820000,-0.248300,0.000000,2026-08-01,,,,,
29760511,2026-08-02T00:31,62763.820000,-0.248300,0.000000,2026-08-01,,,,,
29760512,2026-08-02T00:32,62763.820000,-0.248300,0.000000,2026-08-01,,,,,
29760513,2026-08-02T00:33,62763.820000,-0.248300,0.000000,2026-08-01,,,,,
29760514,2026-08-02T00:34,62763.820000,-0.248300,0.000000,2026-08-01,,,,,
29760515,2026-08-02T00:35,62763.820000,-0.248300,0.000000,2026-08-01,,,,,
29760516,2026-08-02T00:36,62763.820000,-0.248300,0.000000,2026-08-01,,,,,
29760517,2026-08-02T00:37,62796.010000,-0.406200,0.000000,2026-08-01,45.000000,0.103951,0.520301,62798.060000,62796.010000
29760518,2026-08-02T00:38,62796.010000,-0.406200,0.040602,2026-08-01,,,,,
29760519,2026-08-02T00:39,62796.010000,-0.406200,0.000000,2026-08-01,,,,,
29760520,2026-08-02T00:40,62796.010000,-0.406200,0.000000,2026-08-01,,,,,
29760521,2026-08-02T00:41,62796.010000,-0.406200,0.000000,2026-08-01,,,,,
29760522,2026-08-02T00:42,62797.210000,-0.015300,0.000000,2026-08-01,27.000000,0.056792,0.958048,62797.210000,62793.350000
29760523,2026-08-02T00:43,62797.210000,-0.015300,0.916097,2026-08-01,,,,,
29760524,2026-08-02T00:44,62797.210000,-0.015300,0.000000,2026-08-01,,,,,
29760525,2026-08-02T00:45,62797.210000,-0.015300,0.000000,2026-08-01,,,,,
29760526,2026-08-02T00:46,62797.210000,-0.015300,0.000000,2026-08-01,,,,,
29760527,2026-08-02T00:47,62797.210000,-0.015300,0.000000,2026-08-01,,,,,
29760528,2026-08-02T00:48,62797.210000,-0.015300,0.000000,2026-08-01,,,,,
29760529,2026-08-02T00:49,62773.120000,0.361500,0.000000,2026-08-01,15.000000,0.035116,0.474811,62776.510000,62773.130000
29760530,2026-08-02T00:50,62773.120000,0.361500,-0.050377,2026-08-01,,,,,
29760531,2026-08-02T00:51,62773.120000,0.361500,0.000000,2026-08-01,,,,,
29760532,2026-08-02T00:52,62773.120000,0.361500,0.000000,2026-08-01,,,,,
29760533,2026-08-02T00:53,62773.120000,0.361500,0.000000,2026-08-01,,,,,
29760534,2026-08-02T00:54,62773.120000,0.361500,0.000000,2026-08-01,,,,,
29760535,2026-08-02T00:55,62773.120000,0.361500,0.000000,2026-08-01,,,,,
29760536,2026-08-02T00:56,62773.120000,0.361500,0.000000,2026-08-01,,,,,
29760537,2026-08-02T00:57,62773.120000,0.361500,0.000000,2026-08-01,,,,,
29760538,2026-08-02T00:58,62773.120000,0.361500,0.000000,2026-08-01,,,,,
29760539,2026-08-02T00:59,62773.120000,0.361500,0.000000,2026-08-01,,,,,
29760540,2026-08-02T01:00,62773.120000,0.361500,0.000000,2026-08-01,,,,,
29760541,2026-08-02T01:01,62773.120000,0.361500,0.000000,2026-08-01,,,,,
29760542,2026-08-02T01:02,62773.120000,0.361500,0.000000,2026-08-01,,,,,
29760543,2026-08-02T01:03,62773.120000,0.361500,0.000000,2026-08-01,,,,,
29760544,2026-08-02T01:04,62773.120000,0.361500,0.000000,2026-08-01,,,,,
29760545,2026-08-02T01:05,62773.120000,0.361500,0.000000,2026-08-01,,,,,
29760546,2026-08-02T01:06,62773.120000,0.361500,0.000000,2026-08-01,,,,,
29760547,2026-08-02T01:07,62856.990000,0.590300,0.000000,2026-08-01,11.000000,0.000001,0.206897,62857.000000,62856.990000
29760548,2026-08-02T01:08,62856.990000,0.596900,-0.586207,2026-08-01,76.000000,0.047095,0.956637,62857.000000,62856.990000
29760549,2026-08-02T01:09,62853.520000,0.269400,-0.530313,2026-08-01,709.000000,1.708491,0.196887,62857.000000,62841.920000
29760550,2026-08-02T01:10,62853.520000,0.269400,-0.627445,2026-08-01,,,,,
29760551,2026-08-02T01:11,62853.520000,0.269400,0.000000,2026-08-01,,,,,
29760552,2026-08-02T01:12,62853.520000,0.269400,0.000000,2026-08-01,,,,,
29760553,2026-08-02T01:13,62853.520000,0.269400,0.000000,2026-08-01,,,,,
29760554,2026-08-02T01:14,62853.520000,0.269400,0.000000,2026-08-01,,,,,
29760555,2026-08-02T01:15,62853.520000,0.269400,0.000000,2026-08-01,,,,,
29760556,2026-08-02T01:16,62853.520000,0.269400,0.000000,2026-08-01,,,,,
29760557,2026-08-02T01:17,62853.520000,0.269400,0.000000,2026-08-01,,,,,
29760558,2026-08-02T01:18,62853.520000,0.261400,0.000000,2026-08-01,,,,,
29760559,2026-08-02T01:19,62936.350000,0.052000,0.000000,2026-08-01,25.000000,0.151171,0.136595,62936.350000,62934.010000
29760560,2026-08-02T01:20,62936.350000,0.052000,-0.726809,2026-08-01,,,,,
29760561,2026-08-02T01:21,62936.350000,0.052000,0.000000,2026-08-01,,,,,
29760562,2026-08-02T01:22,62936.350000,0.052000,0.000000,2026-08-01,,,,,
29760563,2026-08-02T01:23,62936.350000,0.052000,0.000000,2026-08-01,,,,,
29760564,2026-08-02T01:24,62936.350000,0.052000,0.000000,2026-08-01,,,,,
29760565,2026-08-02T01:25,62936.350000,0.052000,0.000000,2026-08-01,,,,,
29760566,2026-08-02T01:26,62936.350000,0.052000,0.000000,2026-08-01,,,,,
29760567,2026-08-02T01:27,62936.350000,0.052000,0.000000,2026-08-01,,,,,
29760568,2026-08-02T01:28,62936.350000,0.052000,0.000000,2026-08-01,,,,,
29760569,2026-08-02T01:29,62936.350000,0.052000,0.000000,2026-08-01,,,,,
29760570,2026-08-02T01:30,62936.350000,0.052000,0.000000,2026-08-01,,,,,
29760571,2026-08-02T01:31,62936.350000,0.052000,0.000000,2026-08-01,,,,,
29760572,2026-08-02T01:32,62936.350000,0.052000,0.000000,2026-08-01,,,,,
29760573,2026-08-02T01:33,62936.350000,0.052000,0.000000,2026-08-01,,,,,
29760574,2026-08-02T01:34,62936.350000,-0.232000,0.000000,2026-08-01,,,,,
29760575,2026-08-02T01:35,62936.350000,-0.232000,0.000000,2026-08-01,,,,,
29760576,2026-08-02T01:36,62936.350000,-0.232000,0.000000,2026-08-01,,,,,
29760577,2026-08-02T01:37,62936.350000,-0.232000,0.000000,2026-08-01,,,,,
29760578,2026-08-02T01:38,62936.350000,-0.232000,0.000000,2026-08-01,,,,,
29760579,2026-08-02T01:39,62936.350000,-0.232000,0.000000,2026-08-01,,,,,
29760580,2026-08-02T01:40,62936.350000,-0.232000,0.000000,2026-08-01,,,,,
29760581,2026-08-02T01:41,62936.350000,-0.232000,0.000000,2026-08-01,,,,,
29760582,2026-08-02T01:42,62936.350000,-0.232000,0.000000,2026-08-01,,,,,
29760583,2026-08-02T01:43,62936.350000,-0.232000,0.000000,2026-08-01,,,,,
29760584,2026-08-02T01:44,62936.350000,-0.232000,0.000000,2026-08-01,,,,,
29760585,2026-08-02T01:45,62940.270000,-0.232600,0.000000,2026-08-01,43.000000,0.063333,0.985661,62940.460000,62937.240000
29760586,2026-08-02T01:46,62940.290000,0.619400,0.971323,2026-08-01,139.000000,0.119945,0.925214,62940.370000,62940.270000
29760587,2026-08-02T01:47,62936.560000,0.063900,0.850428,2026-08-01,154.000000,1.067744,0.277092,62940.600000,62935.500000
29760588,2026-08-02T01:48,62937.100000,0.048500,-0.445775,2026-08-01,157.000000,0.589133,0.306084,62937.680000,62930.570000
29760589,2026-08-02T01:49,62921.560000,-0.400100,-0.325375,2026-08-01,180.000000,3.733499,0.371659,62937.170000,62921.060000
29760590,2026-08-02T01:50,62925.460000,-0.052300,-0.266097,2026-08-01,177.000000,0.882818,0.996980,62925.460000,62921.550000
29760591,2026-08-02T01:51,62919.010000,0.221400,0.993965,2026-08-01,129.000000,0.563768,0.223234,62925.460000,62919.010000
29760592,2026-08-02T01:52,62917.740000,-0.339100,-0.555575,2026-08-01,124.000000,0.518704,0.659636,62919.020000,62917.600000
29760593,2026-08-02T01:53,62928.930000,0.408600,0.319272,2026-08-01,354.000000,2.728887,0.620837,62929.210000,62915.520000
29760594,2026-08-02T01:54,62920.680000,0.161100,0.241673,2026-08-01,193.000000,0.571816,0.616749,62928.930000,62919.550000
29760595,2026-08-02T01:55,62926.010000,0.172200,0.243353,2026-08-01,168.000000,0.517448,0.350730,62929.500000,62920.680000
29760596,2026-08-02T01:56,62941.040000,-0.091800,-0.317245,2026-08-01,347.000000,1.130610,0.375200,62948.930000,62927.260000
29760597,2026-08-02T01:57,62939.480000,0.357100,-0.249711,2026-08-01,212.000000,0.345576,0.270811,62942.200000,62938.550000
29760598,2026-08-02T01:58,62940.260000,-0.492500,-0.456751,2026-08-01,99.000000,0.454175,0.543207,62942.210000,62939.480000
29760599,2026-08-02T01:59,62921.040000,-0.570400,0.122961,2026-08-01,107.000000,0.595199,0.548395,62940.260000,62921.040000
29760600,2026-08-02T02:00,62919.010000,-0.487100,0.078636,2026-08-01,159.000000,0.708025,0.179155,62921.050000,62919.000000
29760601,2026-08-02T02:01,62912.930000,-0.512200,-0.720192,2026-08-01,91.000000,0.339613,0.176223,62919.000000,62912.930000
29760602,2026-08-02T02:02,62913.810000,-0.374800,-0.361946,2026-08-01,115.000000,0.153323,0.967125,62913.810000,62912.930000
29760603,2026-08-02T02:03,62896.210000,-0.322800,0.935808,2026-08-01,220.000000,1.987559,0.825878,62913.810000,62888.520000
29760604,2026-08-02T02:04,62899.430000,0.095000,0.667059,2026-08-01,162.000000,2.032488,0.101570,62901.010000,62896.210000
29760605,2026-08-02T02:05,62921.990000,-0.209100,-0.885032,2026-08-01,313.000000,2.088044,0.911040,62924.370000,62899.420000
29760606,2026-08-02T02:06,63185.920000,0.160800,0.822082,2026-08-01,1336.000000,32.171267,0.683971,63205.640000,62913.530000
29760607,2026-08-02T02:07,63368.240000,-0.543300,0.365899,2026-08-01,1200.000000,20.641372,0.656568,63400.000000,63154.970000
29760608,2026-08-02T02:08,63320.070000,0.244500,0.317146,2026-08-01,905.000000,12.128530,0.632645,63480.170000,63296.880000
29760609,2026-08-02T02:09,63328.630000,-0.133200,0.263490,2026-08-01,516.000000,9.742524,0.721680,63335.720000,63289.120000
29760610,2026-08-02T02:10,63323.520000,-0.587700,0.443298,2026-08-01,554.000000,3.814461,0.434843,63391.900000,63307.340000
29760611,2026-08-02T02:11,63310.010000,0.182000,-0.130418,2026-08-01,576.000000,8.708869,0.445359,63347.300000,63309.760000
29760612,2026-08-02T02:12,63299.440000,-0.221100,-0.108794,2026-08-01,441.000000,4.728109,0.180799,63331.380000,63286.490000
29760613,2026-08-02T02:13,63344.150000,-0.280200,-0.626420,2026-08-01,448.000000,2.641690,0.738978,63344.160000,63296.000000
29760614,2026-08-02T02:14,63386.960000,-0.356900,0.470402,2026-08-01,438.000000,3.088893,0.185618,63391.940000,63344.150000
29760615,2026-08-02T02:15,63361.370000,0.195900,-0.628589,2026-08-01,695.000000,34.069314,0.180573,63464.820000,63361.370000
29760616,2026-08-02T02:16,63382.010000,-0.005900,-0.638223,2026-08-01,545.000000,8.394775,0.694181,63429.190000,63361.360000
29760617,2026-08-02T02:17,63375.630000,0.183100,0.228945,2026-08-01,468.000000,6.097097,0.593890,63380.410000,63320.080000
29760618,2026-08-02T02:18,63409.400000,0.169900,0.458815,2026-08-01,468.000000,3.195843,0.615874,63416.400000,63375.640000
29760619,2026-08-02T02:19,63449.130000,-0.125500,0.228267,2026-08-01,572.000000,9.401793,0.795826,63470.990000,63385.500000
29760620,2026-08-02T02:20,63432.710000,-0.307000,0.595719,2026-08-01,523.000000,3.241264,0.321746,63481.760000,63423.750000
29760621,2026-08-02T02:21,63405.790000,0.044700,-0.417252,2026-08-01,507.000000,1.935338,0.567521,63443.550000,63396.010000
29760622,2026-08-02T02:22,63359.720000,-0.221300,0.149037,2026-08-01,406.000000,2.333923,0.148610,63409.500000,63354.490000
29760623,2026-08-02T02:23,63414.610000,-0.321700,-0.699003,2026-08-01,463.000000,3.955463,0.794366,63423.360000,63359.890000
29760624,2026-08-02T02:24,63458.520000,0.337600,0.584888,2026-08-01,626.000000,4.785874,0.709704,63464.490000,63412.970000
29760625,2026-08-02T02:25,63371.810000,-0.002900,0.470381,2026-08-01,543.000000,12.568943,0.338480,63463.600000,63358.180000
29760626,2026-08-02T02:26,63389.060000,-0.222900,-0.373370,2026-08-01,258.000000,0.780234,0.811148,63397.000000,63375.100000
29760627,2026-08-02T02:27,63395.670000,-0.367300,0.540243,2026-08-01,256.000000,0.941705,0.193316,63398.580000,63376.210000
29760628,2026-08-02T02:28,63352.510000,-0.428300,-0.593607,2026-08-01,238.000000,2.283070,0.091496,63397.930000,63353.420000
29760629,2026-08-02T02:29,63340.730000,-0.217200,-0.817965,2026-08-01,265.000000,0.765519,0.424498,63357.500000,63340.730000
29760630,2026-08-02T02:30,63375.320000,0.229000,-0.062307,2026-08-01,622.000000,5.771742,0.764472,63376.490000,63322.250000
29760631,2026-08-02T02:31,63357.930000,0.078400,0.556254,2026-08-01,410.000000,2.131154,0.459141,63392.210000,63357.930000
29760632,2026-08-02T02:32,63382.010000,-0.224700,-0.346028,2026-08-01,445.000000,3.798133,0.822498,63389.320000,63340.720000
29760633,2026-08-02T02:33,63388.040000,0.706100,0.645381,2026-08-01,501.000000,1.572148,0.541845,63397.490000,63364.810000
29760634,2026-08-02T02:34,63355.770000,-0.400700,0.085901,2026-08-01,435.000000,1.381240,0.344300,63397.500000,63353.120000
29760635,2026-08-02T02:35,63350.120000,-0.629700,-0.358359,2026-08-01,340.000000,5.904953,0.395671,63361.780000,63344.160000
29760636,2026-08-02T02:36,63337.520000,-0.276100,-0.197408,2026-08-01,238.000000,1.271563,0.125899,63356.900000,63337.520000
29760637,2026-08-02T02:37,63320.080000,0.080300,-0.748201,2026-08-01,225.000000,2.474778,0.036720,63341.000000,63320.090000
29760638,2026-08-02T02:38,63302.880000,-0.349300,-0.925553,2026-08-01,188.000000,2.513811,0.257001,63325.220000,63291.060000
29760639,2026-08-02T02:39,63302.880000,-0.349300,-0.486764,2026-08-01,,,,,
29760640,2026-08-02T02:40,63308.570000,-0.474200,0.000000,2026-08-01,514.000000,9.205224,0.628061,63315.000000,63280.400000
29760641,2026-08-02T02:41,63299.440000,-0.460500,0.256431,2026-08-01,62.000000,0.063204,0.988004,63308.580000,63299.440000
29760642,2026-08-02T02:42,63299.440000,-0.460500,0.974457,2026-08-01,,,,,
29760643,2026-08-02T02:43,63299.440000,-0.460500,0.000000,2026-08-01,,,,,
29760644,2026-08-02T02:44,63299.440000,-0.460500,0.000000,2026-08-01,,,,,
29760645,2026-08-02T02:45,63299.440000,-0.531800,0.000000,2026-08-01,,,,,
29760646,2026-08-02T02:46,63299.440000,-0.531800,0.000000,2026-08-01,,,,,
29760647,2026-08-02T02:47,63299.440000,-0.531800,0.000000,2026-08-01,,,,,
29760648,2026-08-02T02:48,63299.440000,-0.531800,0.000000,2026-08-01,,,,,
29760649,2026-08-02T02:49,63299.440000,-0.531800,0.000000,2026-08-01,,,,,
29760650,2026-08-02T02:50,63299.440000,-0.531800,0.000000,2026-08-01,,,,,
29760651,2026-08-02T02:51,63299.440000,-0.531800,0.000000,2026-08-01,,,,,
29760652,2026-08-02T02:52,63299.440000,-0.531800,0.000000,2026-08-01,,,,,
29760653,2026-08-02T02:53,63299.440000,-0.531800,0.000000,2026-08-01,,,,,
29760654,2026-08-02T02:54,63299.440000,-0.531800,0.000000,2026-08-01,,,,,
29760655,2026-08-02T02:55,63299.440000,-0.531800,0.000000,2026-08-01,,,,,
29760656,2026-08-02T02:56,63299.440000,-0.531800,0.000000,2026-08-01,,,,,
29760657,2026-08-02T02:57,63299.440000,-0.531800,0.000000,2026-08-01,,,,,
29760658,2026-08-02T02:58,63365.260000,-0.561600,0.000000,2026-08-01,1.000000,0.000000,1.000000,63365.260000,63365.260000
29760659,2026-08-02T02:59,63365.260000,-0.561600,1.000000,2026-08-01,,,,,
29760660,2026-08-02T03:00,63365.260000,-0.561600,0.000000,2026-08-01,,,,,
29760661,2026-08-02T03:01,63365.260000,-0.561600,0.000000,2026-08-01,,,,,
29760662,2026-08-02T03:02,63365.260000,-0.561600,0.000000,2026-08-01,,,,,
29760663,2026-08-02T03:03,63365.260000,-0.563700,0.000000,2026-08-01,,,,,
29760664,2026-08-02T03:04,63365.260000,-0.563700,0.000000,2026-08-01,,,,,
29760665,2026-08-02T03:05,63365.260000,-0.563700,0.000000,2026-08-01,,,,,
29760666,2026-08-02T03:06,63365.260000,-0.563700,0.000000,2026-08-01,,,,,
29760667,2026-08-02T03:07,63365.260000,-0.563700,0.000000,2026-08-01,,,,,
29760668,2026-08-02T03:08,63365.260000,-0.563700,0.000000,2026-08-01,,,,,
29760669,2026-08-02T03:09,63365.260000,-0.563700,0.000000,2026-08-01,,,,,
29760670,2026-08-02T03:10,63365.260000,-0.563700,0.000000,2026-08-01,,,,,
29760671,2026-08-02T03:11,63365.260000,-0.563700,0.000000,2026-08-01,,,,,
29760672,2026-08-02T03:12,63365.260000,-0.563700,0.000000,2026-08-01,,,,,
29760673,2026-08-02T03:13,63365.260000,-0.563700,0.000000,2026-08-01,,,,,
29760674,2026-08-02T03:14,63365.260000,-0.563700,0.000000,2026-08-01,,,,,
29760675,2026-08-02T03:15,63365.260000,-0.563700,0.000000,2026-08-01,,,,,
29760676,2026-08-02T03:16,63365.260000,-0.563700,0.000000,2026-08-01,,,,,
29760677,2026-08-02T03:17,63365.260000,-0.563700,0.000000,2026-08-01,,,,,
29760678,2026-08-02T03:18,63365.260000,-0.563700,0.000000,2026-08-01,,,,,
29760679,2026-08-02T03:19,63365.260000,-0.563700,0.000000,2026-08-01,,,,,
29760680,2026-08-02T03:20,63365.260000,-0.563700,0.000000,2026-08-01,,,,,
29760681,2026-08-02T03:21,63365.260000,-0.563700,0.000000,2026-08-01,,,,,
29760682,2026-08-02T03:22,63365.260000,-0.563700,0.000000,2026-08-01,,,,,
29760683,2026-08-02T03:23,63365.260000,-0.563700,0.000000,2026-08-01,,,,,
29760684,2026-08-02T03:24,63365.260000,-0.563700,0.000000,2026-08-01,,,,,
29760685,2026-08-02T03:25,63365.260000,-0.563700,0.000000,2026-08-01,,,,,
29760686,2026-08-02T03:26,63365.260000,-0.563700,0.000000,2026-08-01,,,,,
29760687,2026-08-02T03:27,63365.260000,-0.563700,0.000000,2026-08-01,,,,,
29760688,2026-08-02T03:28,63365.260000,-0.563700,0.000000,2026-08-01,,,,,
29760689,2026-08-02T03:29,63365.260000,-0.563700,0.000000,2026-08-01,,,,,
29760690,2026-08-02T03:30,63365.260000,-0.563700,0.000000,2026-08-01,,,,,
29760691,2026-08-02T03:31,63365.260000,-0.563700,0.000000,2026-08-01,,,,,
29760692,2026-08-02T03:32,63365.260000,-0.563700,0.000000,2026-08-01,,,,,
29760693,2026-08-02T03:33,63365.260000,-0.563700,0.000000,2026-08-01,,,,,
29760694,2026-08-02T03:34,63365.260000,-0.563700,0.000000,2026-08-01,,,,,
29760695,2026-08-02T03:35,63365.260000,-0.563700,0.000000,2026-08-01,,,,,
29760696,2026-08-02T03:36,63365.260000,-0.563700,0.000000,2026-08-01,,,,,
29760697,2026-08-02T03:37,63410.900000,0.720600,0.000000,2026-08-01,113.000000,0.051668,0.422225,63418.470000,63407.880000
29760698,2026-08-02T03:38,63410.900000,0.720600,-0.155550,2026-08-01,,,,,
29760699,2026-08-02T03:39,63410.900000,0.720600,0.000000,2026-08-01,,,,,
29760700,2026-08-02T03:40,63410.900000,0.720600,0.000000,2026-08-01,,,,,
29760701,2026-08-02T03:41,63410.900000,0.720600,0.000000,2026-08-01,,,,,
29760702,2026-08-02T03:42,63410.900000,0.720600,0.000000,2026-08-01,,,,,
29760703,2026-08-02T03:43,63410.900000,0.720600,0.000000,2026-08-01,,,,,
29760704,2026-08-02T03:44,63410.900000,0.720600,0.000000,2026-08-01,,,,,
29760705,2026-08-02T03:45,63410.900000,0.720600,0.000000,2026-08-01,,,,,
29760706,2026-08-02T03:46,63410.900000,0.720600,0.000000,2026-08-01,,,,,
29760707,2026-08-02T03:47,63410.900000,0.720600,0.000000,2026-08-01,,,,,
29760708,2026-08-02T03:48,63410.900000,0.720600,0.000000,2026-08-01,,,,,
29760709,2026-08-02T03:49,63418.460000,0.570500,0.000000,2026-08-01,,,,,
29760710,2026-08-02T03:50,63418.460000,0.570500,0.000000,2026-08-01,,,,,
29760711,2026-08-02T03:51,63418.460000,0.570500,0.000000,2026-08-01,,,,,
29760712,2026-08-02T03:52,63418.460000,0.570500,0.000000,2026-08-01,,,,,
29760713,2026-08-02T03:53,63418.460000,0.570500,0.000000,2026-08-01,,,,,
29760714,2026-08-02T03:54,63418.460000,0.570500,0.000000,2026-08-01,,,,,
29760715,2026-08-02T03:55,63418.460000,0.570500,0.000000,2026-08-01,,,,,
29760716,2026-08-02T03:56,63418.460000,0.570500,0.000000,2026-08-01,,,,,
29760717,2026-08-02T03:57,63418.460000,0.570500,0.000000,2026-08-01,,,,,
29760718,2026-08-02T03:58,63418.460000,0.570500,0.000000,2026-08-01,,,,,
29760719,2026-08-02T03:59,63418.460000,0.570500,0.000000,2026-08-01,,,,,
29760720,2026-08-02T04:00,63418.460000,0.570500,0.000000,2026-08-01,,,,,
29760721,2026-08-02T04:01,63418.460000,0.570500,0.000000,2026-08-01,,,,,
29760722,2026-08-02T04:02,63443.290000,0.643000,0.000000,2026-08-01,58.000000,0.202640,0.138271,63443.540000,63443.280000
29760723,2026-08-02T04:03,63443.290000,0.050600,-0.643912,2026-08-01,28.000000,0.107507,0.254849,63443.290000,63443.280000
29760724,2026-08-02T04:04,63443.290000,0.050600,-0.639868,2026-08-01,,,,,
29760725,2026-08-02T04:05,63457.680000,-0.122400,0.000000,2026-08-01,20.000000,0.022169,0.329221,63457.690000,63457.680000
29760726,2026-08-02T04:06,63454.240000,-0.112600,-0.340378,2026-08-01,104.000000,0.429777,0.129918,63458.950000,63454.240000
29760727,2026-08-02T04:07,63454.240000,-0.090000,-0.738841,2026-08-01,41.000000,0.068835,0.409639,63454.250000,63454.240000
29760728,2026-08-02T04:08,63454.990000,0.271300,-0.185000,2026-08-01,60.000000,0.527700,0.985647,63455.000000,63454.240000
29760729,2026-08-02T04:09,63464.960000,0.062400,0.971293,2026-08-01,403.000000,6.144168,0.786809,63470.210000,63447.360000
29760730,2026-08-02T04:10,63470.070000,-0.071200,0.573264,2026-08-01,222.000000,1.403292,0.650840,63473.800000,63460.190000
29760731,2026-08-02T04:11,63474.350000,0.255800,0.302962,2026-08-01,145.000000,0.508957,0.637525,63477.680000,63468.000000
29760732,2026-08-02T04:12,63491.400000,-0.453200,0.275219,2026-08-01,125.000000,0.310849,0.924877,63491.930000,63474.340000
29760733,2026-08-02T04:13,63489.850000,-0.594600,0.849696,2026-08-01,113.000000,0.864293,0.344682,63491.940000,63489.840000
29760734,2026-08-02T04:14,63479.180000,-0.137300,-0.310677,2026-08-01,322.000000,5.259546,0.104164,63490.830000,63474.880000
29760735,2026-08-02T04:15,63468.010000,-0.403000,-0.793384,2026-08-01,119.000000,1.819035,0.735450,63479.180000,63468.010000
29760736,2026-08-02T04:16,63456.180000,0.362900,0.507054,2026-08-01,189.000000,4.314384,0.415317,63477.000000,63450.090000
29760737,2026-08-02T04:17,63448.210000,0.093000,-0.169366,2026-08-01,89.000000,0.318996,0.239672,63456.190000,63448.210000
29760738,2026-08-02T04:18,63449.480000,-0.280600,-0.520656,2026-08-01,102.000000,0.363673,0.457665,63449.480000,63448.210000
29760739,2026-08-02T04:19,63461.120000,-0.191000,-0.061890,2026-08-01,163.000000,0.641274,0.434127,63461.120000,63449.470000
29760740,2026-08-02T04:20,63490.240000,-0.379000,-0.145547,2026-08-01,171.000000,1.374343,0.276641,63490.250000,63461.110000
29760741,2026-08-02T04:21,63492.980000,-0.522700,-0.446798,2026-08-01,126.000000,0.128011,0.950694,63492.980000,63490.240000
29760742,2026-08-02T04:22,63472.850000,0.043700,0.901389,2026-08-01,151.000000,1.871898,0.093023,63493.110000,63471.440000
29760743,2026-08-02T04:23,63474.990000,0.504600,-0.813955,2026-08-01,101.000000,3.437819,0.893032,63475.590000,63472.730000
29760744,2026-08-02T04:24,63478.830000,0.431000,0.785995,2026-08-01,104.000000,0.149358,0.329604,63478.840000,63474.990000
29760745,2026-08-02T04:25,63488.630000,-0.639900,-0.331281,2026-08-01,146.000000,0.966829,0.494583,63490.000000,63477.250000
29760746,2026-08-02T04:26,63487.350000,0.263200,-0.011350,2026-08-01,90.000000,0.823197,0.060273,63492.080000,63487.350000
29760747,2026-08-02T04:27,63480.930000,-0.103800,-0.874166,2026-08-01,84.000000,0.173853,0.468228,63488.630000,63480.940000
29760748,2026-08-02T04:28,63481.620000,-0.080500,-0.426930,2026-08-01,97.000000,0.554820,0.720088,63481.650000,63474.880000
29760749,2026-08-02T04:29,63474.880000,-0.104700,0.860193,2026-08-01,85.000000,0.272484,0.217339,63483.560000,63474.880000
29760750,2026-08-02T04:30,63474.990000,0.274600,-0.566197,2026-08-01,114.000000,1.114616,0.756866,63475.000000,63471.440000
29760751,2026-08-02T04:31,63474.990000,0.104900,0.513732,2026-08-01,61.000000,0.114764,0.925268,63475.000000,63474.990000
29760752,2026-08-02T04:32,63486.120000,-0.199500,0.859689,2026-08-01,120.000000,1.067556,0.605276,63488.100000,63474.990000
29760753,2026-08-02T04:33,63487.400000,0.262200,0.204977,2026-08-01,89.000000,0.204467,0.796611,63487.630000,63486.110000
29760754,2026-08-02T04:34,63469.150000,0.483500,0.593222,2026-08-01,386.000000,32.917483,0.300290,63489.280000,63461.900000
29760755,2026-08-02T04:35,63481.850000,0.223300,-0.395202,2026-08-01,188.000000,0.820027,0.853393,63485.000000,63469.140000
29760756,2026-08-02T04:36,63477.820000,0.337400,0.666283,2026-08-01,138.000000,1.051754,0.125323,63481.860000,63472.540000
29760757,2026-08-02T04:37,63457.680000,-0.499400,-0.749354,2026-08-01,105.000000,0.910663,0.093849,63477.830000,63457.680000
29760758,2026-08-02T04:38,63454.240000,-0.187100,-0.812139,2026-08-01,112.000000,0.425126,0.422566,63458.210000,63454.240000
29760759,2026-08-02T04:39,63476.380000,-0.322800,0.493971,2026-08-01,552.000000,24.338889,0.983095,63480.290000,63454.250000
29760760,2026-08-02T04:40,63464.570000,-0.629600,0.965416,2026-08-01,118.000000,0.240329,0.334579,63476.200000,63464.560000
29760761,2026-08-02T04:41,63457.680000,-0.318000,-0.330755,2026-08-01,100.000000,0.375918,0.240488,63464.570000,63457.700000
29760762,2026-08-02T04:42,63459.920000,-0.423600,-0.497339,2026-08-01,85.000000,0.125526,0.946759,63459.940000,63457.680000
29760763,2026-08-02T04:43,63459.920000,-0.298600,0.888675,2026-08-01,83.000000,0.369427,0.917025,63459.920000,63459.910000
29760764,2026-08-02T04:44,63459.920000,-0.294400,0.834051,2026-08-01,77.000000,0.623320,0.997390,63459.920000,63459.910000
29760765,2026-08-02T04:45,63463.100000,-0.009800,0.691276,2026-08-01,149.000000,2.428910,0.289576,63463.100000,63457.870000
29760766,2026-08-02T04:46,63461.630000,-0.205000,-0.391834,2026-08-01,128.000000,0.608381,0.802311,63468.820000,63461.630000
29760767,2026-08-02T04:47,63461.630000,0.367100,0.604273,2026-08-01,55.000000,0.121742,0.975334,63462.910000,63461.630000
29760768,2026-08-02T04:48,63464.930000,-0.705700,0.950668,2026-08-01,169.000000,0.419188,0.169791,63466.040000,63461.630000
29760769,2026-08-02T04:49,63474.880000,-0.362100,-0.241685,2026-08-01,352.000000,8.055344,0.996041,63474.870000,63462.170000
29760770,2026-08-02T04:50,63493.880000,-0.405800,0.991941,2026-08-01,292.000000,9.587467,0.982667,63495.000000,63474.870000
29760771,2026-08-02T04:51,63492.730000,-0.393500,0.965552,2026-08-01,218.000000,0.962871,0.707377,63494.950000,63488.260000
29760772,2026-08-02T04:52,63492.730000,-0.010800,0.375625,2026-08-01,109.000000,0.288636,0.830158,63492.730000,63492.720000
29760773,2026-08-02T04:53,63492.730000,-0.221800,0.660316,2026-08-01,98.000000,0.929872,0.249348,63492.730000,63491.450000
29760774,2026-08-02T04:54,63494.990000,0.180300,-0.482314,2026-08-01,144.000000,0.333557,0.972134,63495.000000,63492.720000
29760775,2026-08-02T04:55,63496.620000,0.111800,0.934008,2026-08-01,267.000000,4.513225,0.831541,63500.000000,63494.990000
29760776,2026-08-02T04:56,63536.880000,0.460300,0.663349,2026-08-01,369.000000,4.712684,0.946326,63546.760000,63496.620000
29760777,2026-08-02T04:57,63539.210000,0.455700,0.892648,2026-08-01,113.000000,0.481222,0.694668,63539.210000,63532.720000
29760778,2026-08-02T04:58,63527.100000,-0.063900,0.368275,2026-08-01,211.000000,2.078741,0.216679,63549.010000,63527.100000
29760779,2026-08-02T04:59,63519.600000,-0.157500,-0.430516,2026-08-01,169.000000,0.662465,0.500176,63533.290000,63519.600000
29760780,2026-08-02T05:00,63527.260000,0.122800,-0.462008,2026-08-01,179.000000,0.868566,0.825307,63527.840000,63516.170000
29760781,2026-08-02T05:01,63554.010000,-0.595400,0.729791,2026-08-01,329.000000,4.426323,0.764301,63569.210000,63525.210000
29760782,2026-08-02T05:02,63485.460000,-0.001100,0.487170,2026-08-01,463.000000,62.684926,0.062234,63554.000000,63434.760000
29760783,2026-08-02T05:03,63480.990000,-0.287300,-0.957089,2026-08-01,97.000000,0.353485,0.345930,63485.460000,63480.980000
29760784,2026-08-02T05:04,63443.930000,0.120800,-0.066855,2026-08-01,179.000000,3.174155,0.117548,63481.020000,63443.930000
29760785,2026-08-02T05:05,63447.370000,-0.499200,-0.742357,2026-08-01,126.000000,0.576964,0.550170,63455.510000,63443.940000
29760786,2026-08-02T05:06,63442.810000,0.092300,-0.138454,2026-08-01,221.000000,1.693408,0.256752,63451.060000,63440.490000
29760787,2026-08-02T05:07,63439.130000,0.157200,-0.486496,2026-08-01,192.000000,1.789808,0.481299,63446.710000,63438.400000
29760788,2026-08-02T05:08,63426.730000,-0.206200,-0.037402,2026-08-01,186.000000,1.684887,0.134320,63440.000000,63425.000000
29760789,2026-08-02T05:09,63423.260000,-0.308700,-0.730593,2026-08-01,210.000000,4.510685,0.517225,63432.000000,63410.010000
29760790,2026-08-02T05:10,63409.520000,-0.705800,0.017371,2026-08-01,156.000000,0.869129,0.558395,63423.260000,63409.520000
29760791,2026-08-02T05:11,63403.480000,-0.107900,0.229977,2026-08-01,185.000000,3.141871,0.249306,63409.530000,63390.130000
29760792,2026-08-02T05:12,63407.010000,0.448700,-0.504832,2026-08-01,82.000000,0.129890,0.459725,63407.010000,63403.470000
29760793,2026-08-02T05:13,63415.400000,0.517200,-0.125421,2026-08-01,139.000000,0.482796,0.517007,63415.620000,63407.000000
29760794,2026-08-02T05:14,63417.190000,0.454600,0.047812,2026-08-01,83.000000,0.304160,0.433941,63418.260000,63415.400000
29760795,2026-08-02T05:15,63391.790000,0.233000,-0.137607,2026-08-01,176.000000,5.405872,0.024881,63417.200000,63388.880000
29760796,2026-08-02T05:16,63390.240000,0.262900,-0.950089,2026-08-01,139.000000,1.515903,0.118401,63392.250000,63385.680000
29760797,2026-08-02T05:17,63404.580000,-0.153300,-0.757620,2026-08-01,177.000000,0.880300,0.543136,63404.590000,63390.230000
29760798,2026-08-02T05:18,63399.680000,0.145400,0.080843,2026-08-01,100.000000,0.907159,0.051391,63404.590000,63397.080000
29760799,2026-08-02T05:19,63407.790000,0.319300,-0.881324,2026-08-01,264.000000,3.323864,0.465192,63416.390000,63392.330000
29760800,2026-08-02T05:20,63425.740000,-0.109100,-0.072087,2026-08-01,157.000000,0.887486,0.868786,63425.800000,63407.790000
29760801,2026-08-02T05:21,63426.960000,-0.008900,0.736796,2026-08-01,102.000000,0.054049,0.724256,63426.970000,63425.730000
29760802,2026-08-02T05:22,63427.430000,0.150400,0.399736,2026-08-01,122.000000,2.534808,0.091905,63427.430000,63421.310000
29760803,2026-08-02T05:23,63420.380000,-0.389900,-0.816025,2026-08-01,98.000000,0.648843,0.130022,63431.050000,63416.660000
29760804,2026-08-02T05:24,63420.010000,-0.399500,-0.719587,2026-08-01,90.000000,0.462804,0.536417,63420.380000,63416.400000
29760805,2026-08-02T05:25,63427.900000,-0.494200,0.076739,2026-08-01,223.000000,2.745049,0.434218,63428.420000,63416.000000
29760806,2026-08-02T05:26,63418.040000,-0.554300,-0.135488,2026-08-01,123.000000,0.520497,0.442980,63427.910000,63414.120000
29760807,2026-08-02T05:27,63419.260000,-0.282800,-0.114374,2026-08-01,96.000000,0.432655,0.903812,63419.290000,63418.030000
29760808,2026-08-02T05:28,63419.260000,-0.308600,0.807631,2026-08-01,78.000000,0.266341,0.923057,63419.270000,63419.260000
29760809,2026-08-02T05:29,63432.010000,-0.608700,0.846174,2026-08-01,294.000000,16.977053,0.918074,63432.010000,63406.080000
29760810,2026-08-02T05:30,63421.490000,-0.165800,0.339196,2026-08-01,137.000000,6.543588,0.017574,63432.010000,63416.400000
29760811,2026-08-02T05:31,63406.270000,-0.465000,-0.056666,2026-08-01,111.000000,1.103392,0.225212,63421.490000,63406.270000
29760812,2026-08-02T05:32,63408.150000,-0.021300,-0.533000,2026-08-01,290.000000,3.125211,0.294493,63415.860000,63379.170000
29760813,2026-08-02T05:33,63420.210000,-0.121700,-0.417159,2026-08-01,224.000000,0.502632,0.720321,63421.490000,63405.000000
29760814,2026-08-02T05:34,63415.620000,0.038200,0.452131,2026-08-01,129.000000,0.530053,0.133751,63421.480000,63410.320000
29760815,2026-08-02T05:35,63389.770000,-0.193400,-0.732660,2026-08-01,198.000000,3.990947,0.094947,63415.630000,63369.370000
29760816,2026-08-02T05:36,63392.320000,0.389100,-0.810092,2026-08-01,189.000000,2.357109,0.190254,63392.320000,63375.040000
29760817,2026-08-02T05:37,63392.320000,0.466000,-0.619598,2026-08-01,88.000000,0.063310,0.718210,63392.320000,63392.310000
29760818,2026-08-02T05:38,63374.820000,0.037000,-0.344561,2026-08-01,138.000000,0.496733,0.105269,63392.310000,63371.680000
29760819,2026-08-02T05:39,63378.120000,0.047100,-0.751350,2026-08-01,342.000000,7.040733,0.260556,63388.880000,63364.390000
29760820,2026-08-02T05:40,63384.790000,0.153200,-0.478888,2026-08-01,279.000000,4.589643,0.419371,63384.800000,63353.220000
29760821,2026-08-02T05:41,63382.240000,0.133400,-0.095830,2026-08-01,142.000000,0.452971,0.656844,63393.760000,63382.000000
29760822,2026-08-02T05:42,63352.920000,0.138300,-0.737379,2026-08-01,308.000000,8.604295,0.099836,63378.570000,63345.030000
29760823,2026-08-02T05:43,63354.320000,0.189400,-0.800329,2026-08-01,100.000000,0.414846,0.513001,63354.320000,63352.910000
29760824,2026-08-02T05:44,63361.100000,-0.133900,0.026001,2026-08-01,310.000000,9.116754,0.995723,63367.710000,63354.310000
29760825,2026-08-02T05:45,63359.810000,0.083200,0.991447,2026-08-01,142.000000,0.382787,0.244474,63361.100000,63358.390000
29760826,2026-08-02T05:46,63368.380000,0.428600,-0.351885,2026-08-01,152.000000,0.174566,0.593715,63368.380000,63359.800000
29760827,2026-08-02T05:47,63372.620000,-0.048200,-0.095314,2026-08-01,138.000000,0.284382,0.922107,63372.630000,63368.370000
29760828,2026-08-02T05:48,63371.570000,0.326200,0.843181,2026-08-01,89.000000,0.147166,0.815047,63372.630000,63371.350000
29760829,2026-08-02T05:49,63371.730000,0.147700,0.631857,2026-08-01,90.000000,0.119572,0.396969,63373.000000,63371.570000
29760830,2026-08-02T05:50,63373.060000,-0.001200,-0.206060,2026-08-01,121.000000,0.064074,0.756629,63373.070000,63371.720000
29760831,2026-08-02T05:51,63386.260000,0.351200,0.538678,2026-08-01,327.000000,0.195810,0.951436,63386.260000,63373.060000
29760832,2026-08-02T05:52,63392.510000,0.371000,0.901088,2026-08-01,161.000000,0.196327,0.214015,63394.160000,63386.260000
29760833,2026-08-02T05:53,63393.010000,0.218600,-0.567784,2026-08-01,93.000000,0.592937,0.462454,63393.120000,63392.130000
29760834,2026-08-02T05:54,63393.010000,0.375500,-0.075064,2026-08-01,76.000000,0.143852,0.945829,63393.020000,63393.010000
29760835,2026-08-02T05:55,63393.680000,0.383500,0.887102,2026-08-01,138.000000,0.238693,0.609869,63393.730000,63391.760000
29760836,2026-08-02T05:56,63392.290000,0.425100,0.220240,2026-08-01,82.000000,0.142758,0.461674,63393.680000,63388.750000
29760837,2026-08-02T05:57,63394.430000,0.080800,-0.063901,2026-08-01,145.000000,0.560466,0.530226,63395.760000,63392.280000
29760838,2026-08-02T05:58,63394.770000,0.215300,0.066997,2026-08-01,84.000000,0.190890,0.714843,63395.760000,63394.430000
29760839,2026-08-02T05:59,63396.190000,-0.154100,0.415174,2026-08-01,334.000000,5.320204,0.890308,63403.060000,63385.470000
29760840,2026-08-02T06:00,63396.190000,0.300400,0.780586,2026-08-01,157.000000,0.119478,0.372925,63396.200000,63396.190000
29760841,2026-08-02T06:01,63396.190000,0.108500,-0.247645,2026-08-01,117.000000,0.966519,0.451796,63396.200000,63391.990000
29760842,2026-08-02T06:02,63396.010000,0.355200,-0.097116,2026-08-01,91.000000,0.540821,0.208452,63396.200000,63395.710000
29760843,2026-08-02T06:03,63404.990000,0.181500,-0.583097,2026-08-01,154.000000,0.608942,0.299692,63404.990000,63391.500000
29760844,2026-08-02T06:04,63405.560000,0.197400,-0.400616,2026-08-01,104.000000,0.032908,0.868869,63405.560000,63404.990000
29760845,2026-08-02T06:05,63416.100000,0.002300,0.737741,2026-08-01,294.000000,4.558301,0.807865,63419.840000,63404.990000
29760846,2026-08-02T06:06,63414.570000,0.315000,0.615730,2026-08-01,106.000000,1.828246,0.035122,63415.880000,63408.720000
29760847,2026-08-02T06:07,63414.570000,0.315000,-0.929756,2026-08-01,,,,,
29760848,2026-08-02T06:08,63395.180000,0.034700,0.000000,2026-08-01,268.000000,1.324323,0.569545,63414.570000,63392.320000
29760849,2026-08-02T06:09,63392.320000,-0.169200,0.139074,2026-08-01,43.000000,0.220190,0.900412,63395.180000,63392.330000
29760850,2026-08-02T06:10,63385.440000,-0.290100,0.800970,2026-08-01,64.000000,0.212726,0.005521,63392.320000,63385.440000
29760851,2026-08-02T06:11,63386.150000,0.170800,-0.989014,2026-08-01,51.000000,0.526707,0.152967,63389.000000,63385.440000
29760852,2026-08-02T06:12,63386.150000,0.245800,-0.693445,2026-08-01,67.000000,0.166178,0.572908,63386.150000,63386.140000
29760853,2026-08-02T06:13,63385.790000,-0.306100,0.145816,2026-08-01,69.000000,0.152370,0.209175,63386.150000,63385.780000
29760854,2026-08-02T06:14,63375.120000,0.193900,-0.581649,2026-08-01,93.000000,0.400045,0.125450,63385.790000,63375.620000
29760855,2026-08-02T06:15,63379.430000,0.022100,-0.748897,2026-08-01,156.000000,1.767400,0.445075,63380.840000,63368.800000
29760856,2026-08-02T06:16,63383.790000,0.159400,-0.100807,2026-08-01,156.000000,0.216559,0.816277,63383.800000,63379.430000
29760857,2026-08-02T06:17,63369.010000,0.155300,0.606056,2026-08-01,207.000000,0.205334,0.052576,63383.800000,63369.000000
29760858,2026-08-02T06:18,63380.680000,-0.159600,-0.291295,2026-08-01,127.000000,0.202486,0.985434,63380.680000,63369.010000
29760859,2026-08-02T06:19,63371.740000,0.055200,0.881955,2026-08-01,89.000000,1.428828,0.062915,63380.680000,63369.890000
29760860,2026-08-02T06:20,63388.990000,0.358800,-0.873856,2026-08-01,196.000000,0.973391,0.962022,63389.000000,63371.740000
29760861,2026-08-02T06:21,63394.070000,0.387600,0.923986,2026-08-01,269.000000,0.773055,0.959020,63394.070000,63388.990000
29760862,2026-08-02T06:22,63390.330000,0.190100,0.918083,2026-08-01,118.000000,0.200024,0.118386,63394.060000,63385.890000
29760863,2026-08-02T06:23,63390.290000,0.495100,-0.763226,2026-08-01,103.000000,0.096614,0.875141,63390.340000,63388.990000
29760864,2026-08-02T06:24,63394.070000,0.491900,0.750282,2026-08-01,227.000000,0.133738,0.848340,63394.070000,63390.290000
29760865,2026-08-02T06:25,63412.830000,0.417800,0.696681,2026-08-01,313.000000,0.919850,0.523116,63413.980000,63394.060000
29760866,2026-08-02T06:26,63419.830000,-0.328900,0.046232,2026-08-01,228.000000,0.217672,0.917044,63419.840000,63412.840000
29760867,2026-08-02T06:27,63425.990000,0.385600,0.834086,2026-08-01,177.000000,0.926134,0.977132,63426.000000,63419.830000
29760868,2026-08-02T06:28,63430.150000,0.065800,0.954310,2026-08-01,262.000000,0.111166,0.746458,63430.160000,63425.990000
29760869,2026-08-02T06:29,63431.690000,0.290500,0.488791,2026-08-01,146.000000,0.087200,0.865104,63431.700000,63430.150000
29760870,2026-08-02T06:30,63425.120000,0.343400,-0.014340,2026-08-01,175.000000,0.507016,0.250086,63431.700000,63417.680000
29760871,2026-08-02T06:31,63410.990000,-0.229200,-0.427280,2026-08-01,302.000000,1.472778,0.636700,63441.580000,63410.000000
29760872,2026-08-02T06:32,63404.510000,-0.380600,0.274911,2026-08-01,82.000000,0.289742,0.170388,63411.000000,63404.510000
29760873,2026-08-02T06:33,63406.490000,0.492600,-0.671593,2026-08-01,66.000000,0.073194,0.978946,63406.500000,63404.500000
29760874,2026-08-02T06:34,63407.650000,0.663500,0.959928,2026-08-01,71.000000,0.037968,0.747695,63407.660000,63406.500000
29760875,2026-08-02T06:35,63412.490000,0.133800,0.455398,2026-08-01,167.000000,0.092116,0.732818,63412.500000,63407.650000
29760876,2026-08-02T06:36,63409.740000,0.058700,0.444290,2026-08-01,141.000000,0.597204,0.096975,63412.500000,63407.650000
29760877,2026-08-02T06:37,63413.460000,0.131100,-0.805842,2026-08-01,169.000000,0.056243,0.954871,63413.990000,63409.730000
29760878,2026-08-02T06:38,63413.460000,-0.108900,0.909742,2026-08-01,71.000000,0.026423,0.815409,63413.460000,63413.450000
29760879,2026-08-02T06:39,63398.150000,0.314600,0.630817,2026-08-01,123.000000,1.163501,0.055788,63413.460000,63392.320000
29760880,2026-08-02T06:40,63409.510000,0.553700,-0.888399,2026-08-01,89.000000,0.242375,0.520371,63409.520000,63394.280000
29760881,2026-08-02T06:41,63423.620000,0.571300,0.052620,2026-08-01,212.000000,0.187655,0.372938,63423.630000,63409.510000
29760882,2026-08-02T06:42,63423.620000,0.657000,-0.273739,2026-08-01,71.000000,0.126952,0.375457,63423.630000,63423.620000
29760883,2026-08-02T06:43,63422.740000,0.333600,-0.262510,2026-08-01,108.000000,0.264228,0.758118,63423.630000,63409.520000
29760884,2026-08-02T06:44,63430.740000,0.341900,0.526065,2026-08-01,210.000000,1.032588,0.571999,63430.740000,63414.770000
29760885,2026-08-02T06:45,63424.850000,0.323300,0.143484,2026-08-01,120.000000,0.499111,0.236499,63430.740000,63419.480000
29760886,2026-08-02T06:46,63431.680000,0.397100,-0.512595,2026-08-01,100.000000,0.247570,0.304095,63432.340000,63424.850000
29760887,2026-08-02T06:47,63423.460000,0.574000,-0.408894,2026-08-01,101.000000,0.419854,0.114846,63431.690000,63422.510000
29760888,2026-08-02T06:48,63432.990000,0.236400,-0.776384,2026-08-01,208.000000,0.086665,0.903244,63433.000000,63426.320000
29760889,2026-08-02T06:49,63427.560000,-0.164900,0.806488,2026-08-01,135.000000,0.163916,0.090267,63433.000000,63427.550000
29760890,2026-08-02T06:50,63427.600000,-0.042500,-0.819296,2026-08-01,79.000000,0.231558,0.785064,63428.560000,63427.550000
29760891,2026-08-02T06:51,63427.560000,-0.378500,0.570734,2026-08-01,61.000000,0.192193,0.730750,63427.610000,63427.550000
29760892,2026-08-02T06:52,63421.740000,0.120900,0.460540,2026-08-01,61.000000,0.664355,0.021698,63427.550000,63421.730000
29760893,2026-08-02T06:53,63421.740000,0.056000,-0.956605,2026-08-01,47.000000,0.071163,0.965610,63421.740000,63421.730000
29760894,2026-08-02T06:54,63421.740000,0.195800,0.931221,2026-08-01,48.000000,0.082413,0.696066,63421.740000,63421.730000
29760895,2026-08-02T06:55,63421.740000,0.483000,0.392133,2026-08-01,138.000000,0.091594,0.897817,63421.740000,63421.730000
29760896,2026-08-02T06:56,63426.980000,0.085500,0.795796,2026-08-01,214.000000,0.065210,0.986938,63426.980000,63421.740000
29760897,2026-08-02T06:57,63430.310000,0.072700,0.974030,2026-08-01,137.000000,0.062758,0.664577,63431.240000,63426.970000
29760898,2026-08-02T06:58,63430.310000,0.228100,0.326431,2026-08-01,54.000000,0.022486,0.708356,63430.310000,63430.300000
29760899,2026-08-02T06:59,63409.740000,0.071200,0.411314,2026-08-01,251.000000,14.426233,0.083946,63430.310000,63408.500000
