minute_epoch,minute_utc,close,book_imb,ofi,day,trades,volume,buy_share,high,low
29783940,2026-08-18T07:00,64258.900000,0.918000,-1.000000,2026-08-18,442.000000,2.223227,0.063417,64266.410000,64249.590000
29783941,2026-08-18T07:01,64249.730000,0.282700,-0.870575,2026-08-18,321.000000,0.460249,0.518881,64260.460000,64247.060000
29783942,2026-08-18T07:02,64262.260000,-0.889800,0.031381,2026-08-18,447.000000,1.655816,0.696299,64262.260000,64248.530000
29783943,2026-08-18T07:03,64222.560000,0.710000,0.392717,2026-08-18,503.000000,0.829841,0.054982,64262.260000,64222.550000
29783944,2026-08-18T07:04,64236.600000,0.854800,-0.890776,2026-08-18,372.000000,0.739002,0.159007,64236.640000,64220.130000
29783945,2026-08-18T07:05,64251.060000,0.810000,-0.421867,2026-08-18,286.000000,0.295707,0.897205,64251.060000,64236.590000
29783946,2026-08-18T07:06,64256.270000,0.765200,0.621247,2026-08-18,480.000000,1.363578,0.144928,64256.280000,64238.110000
29783947,2026-08-18T07:07,64256.960000,-0.759700,-0.710539,2026-08-18,691.000000,1.827969,0.543322,64275.820000,64254.820000
29783948,2026-08-18T07:08,64273.460000,-0.450200,0.087752,2026-08-18,432.000000,0.741465,0.702424,64273.470000,64256.950000
29783949,2026-08-18T07:09,64287.850000,0.927000,0.404847,2026-08-18,409.000000,0.331006,0.349057,64287.860000,64267.150000
29783950,2026-08-18T07:10,64282.620000,0.685900,-0.450127,2026-08-18,370.000000,0.767684,0.055070,64287.850000,64276.860000
29783951,2026-08-18T07:11,64269.370000,0.137800,-0.875372,2026-08-18,100.000000,0.252218,0.033955,64282.620000,64269.360000
29783952,2026-08-18T07:12,64262.900000,0.855700,-0.932096,2026-08-18,104.000000,0.292568,0.426788,64269.360000,64261.080000
29783953,2026-08-18T07:13,64280.170000,0.923100,-0.143163,2026-08-18,309.000000,0.278014,0.749466,64280.170000,64262.900000
29783954,2026-08-18T07:14,64273.620000,0.414500,0.497425,2026-08-18,461.000000,0.312170,0.045090,64280.170000,64274.770000
29783955,2026-08-18T07:15,64284.690000,0.977800,-0.908763,2026-08-18,325.000000,0.708107,0.723332,64284.700000,64270.370000
29783956,2026-08-18T07:16,64285.040000,0.978700,0.446529,2026-08-18,206.000000,1.645316,0.108104,64285.050000,64271.780000
29783957,2026-08-18T07:17,64275.010000,0.853400,-0.783792,2026-08-18,108.000000,0.309332,0.182900,64285.050000,64273.500000
29783958,2026-08-18T07:18,64294.190000,0.942500,-0.634200,2026-08-18,372.000000,4.486495,0.720667,64294.200000,64269.360000
29783959,2026-08-18T07:19,64283.320000,0.866600,0.441334,2026-08-18,157.000000,0.468633,0.011079,64294.200000,64283.320000
29783960,2026-08-18T07:20,64261.080000,0.692200,-0.977841,2026-08-18,99.000000,0.556213,0.032670,64283.330000,64261.080000
29783961,2026-08-18T07:21,64262.600000,0.856400,-0.930426,2026-08-18,87.000000,0.297235,0.232338,64262.590000,64259.800000
29783962,2026-08-18T07:22,64244.520000,0.243600,-0.541652,2026-08-18,113.000000,0.721261,0.048047,64262.590000,64244.520000
29783963,2026-08-18T07:23,64251.680000,0.640900,-0.903907,2026-08-18,141.000000,0.256878,0.976569,64252.960000,64244.520000
29783964,2026-08-18T07:24,64251.730000,0.487500,0.953139,2026-08-18,52.000000,0.299891,0.350136,64251.720000,64251.670000
29783965,2026-08-18T07:25,64253.150000,0.849200,-0.299729,2026-08-18,81.000000,0.703903,0.114928,64253.150000,64251.720000
29783966,2026-08-18T07:26,64249.570000,0.260500,-0.770144,2026-08-18,55.000000,0.336791,0.014478,64253.150000,64249.570000
29783967,2026-08-18T07:27,64245.240000,0.543400,-0.971043,2026-08-18,376.000000,9.504166,0.911000,64263.050000,64235.000000
29783968,2026-08-18T07:28,64241.670000,0.628000,0.821999,2026-08-18,128.000000,0.486179,0.007959,64245.240000,64241.660000
29783969,2026-08-18T07:29,64224.680000,-0.640800,-0.985058,2026-08-18,114.000000,1.989052,0.506357,64241.670000,64224.670000
29783970,2026-08-18T07:30,64217.460000,-0.473200,-0.027200,2026-08-18,227.000000,2.450942,0.251737,64224.670000,64200.000000
29783971,2026-08-18T07:31,64211.820000,0.869200,-0.533169,2026-08-18,274.000000,1.132406,0.440438,64217.450000,64207.280000
29783972,2026-08-18T07:32,64214.510000,0.913300,0.206718,2026-08-18,240.000000,1.891345,0.741886,64216.150000,64211.810000
29783973,2026-08-18T07:33,64195.320000,0.280800,0.483771,2026-08-18,226.000000,2.635739,0.305407,64214.840000,64195.200000
29783974,2026-08-18T07:34,64179.740000,-0.143700,-0.417177,2026-08-18,235.000000,2.238681,0.439788,64195.220000,64178.280000
29783975,2026-08-18T07:35,64179.740000,0.733000,-0.064847,2026-08-18,122.000000,0.750416,0.498328,64179.740000,64179.730000
29783976,2026-08-18T07:36,64181.240000,0.779700,-0.003345,2026-08-18,133.000000,0.945244,0.556806,64181.240000,64179.740000
29783977,2026-08-18T07:37,64190.240000,0.392100,0.113611,2026-08-18,260.000000,3.191293,0.645217,64190.250000,64181.230000
29783978,2026-08-18T07:38,64204.690000,0.994300,0.290434,2026-08-18,300.000000,0.540674,0.982294,64204.700000,64190.240000
29783979,2026-08-18T07:39,64194.850000,0.594000,0.966686,2026-08-18,449.000000,1.734222,0.418129,64215.740000,64190.700000
29783980,2026-08-18T07:40,64196.650000,-0.752200,-0.187034,2026-08-18,83.000000,0.398171,0.773125,64197.850000,64194.850000
29783981,2026-08-18T07:41,64192.580000,0.768700,-0.155802,2026-08-18,478.000000,1.509371,0.616527,64196.650000,64182.420000
29783982,2026-08-18T07:42,64195.290000,-0.831800,0.579584,2026-08-18,519.000000,1.650162,0.545233,64210.610000,64192.580000
29783983,2026-08-18T07:43,64192.580000,-0.653500,0.090467,2026-08-18,372.000000,0.430465,0.113772,64195.300000,64192.580000
29783984,2026-08-18T07:44,64186.570000,0.673600,-0.764850,2026-08-18,263.000000,1.038203,0.786151,64192.590000,64186.560000
29783985,2026-08-18T07:45,64188.060000,0.826200,0.571435,2026-08-18,158.000000,1.239478,0.920320,64188.060000,64186.560000
29783986,2026-08-18T07:46,64186.570000,0.043200,0.840738,2026-08-18,70.000000,0.574522,0.479778,64188.060000,64186.560000
29783987,2026-08-18T07:47,64178.290000,-0.252200,-0.039758,2026-08-18,159.000000,1.098870,0.457283,64186.570000,64178.290000
29783988,2026-08-18T07:48,64154.960000,0.298700,-0.319429,2026-08-18,265.000000,1.749454,0.350185,64178.280000,64153.440000
29783989,2026-08-18T07:49,64128.600000,-0.200200,-0.108096,2026-08-18,139.000000,0.798665,0.150166,64154.950000,64128.600000
29783990,2026-08-18T07:50,64113.850000,0.211600,-0.747091,2026-08-18,343.000000,1.788232,0.633241,64139.140000,64107.910000
29783991,2026-08-18T07:51,64106.540000,0.775700,0.445876,2026-08-18,167.000000,1.189614,0.352789,64118.320000,64099.010000
29783992,2026-08-18T07:52,64118.440000,0.912500,-0.287674,2026-08-18,157.000000,0.206158,0.474191,64119.740000,64106.530000
29783993,2026-08-18T07:53,64115.430000,0.650000,-0.052875,2026-08-18,140.000000,0.588306,0.193128,64118.440000,64106.530000
29783994,2026-08-18T07:54,64115.430000,0.455400,-0.613745,2026-08-18,69.000000,1.729581,0.000452,64115.430000,64115.420000
29783995,2026-08-18T07:55,64114.130000,-0.483300,-0.999096,2026-08-18,105.000000,1.154058,0.617848,64115.420000,64114.130000
29783996,2026-08-18T07:56,64112.100000,0.518900,0.235697,2026-08-18,372.000000,4.537613,0.875165,64128.020000,64107.910000
29783997,2026-08-18T07:57,64120.320000,0.443300,0.750331,2026-08-18,355.000000,1.414668,0.426529,64120.320000,64112.100000
29783998,2026-08-18T07:58,64147.520000,0.188000,0.025969,2026-08-18,689.000000,1.325476,0.524329,64149.750000,64120.320000
29783999,2026-08-18T07:59,64139.770000,-0.930700,-0.173724,2026-08-18,373.000000,0.305346,0.429037,64144.570000,64138.160000
29784000,2026-08-18T08:00,64139.400000,0.781800,-0.141807,2026-08-18,674.000000,10.181323,0.109655,64141.220000,64102.270000
29784001,2026-08-18T08:01,64146.670000,0.888100,-0.780695,2026-08-18,269.000000,0.357622,0.880904,64146.670000,64139.390000
29784002,2026-08-18T08:02,64147.710000,0.988400,0.750410,2026-08-18,426.000000,2.561153,0.344377,64151.020000,64139.400000
29784003,2026-08-18T08:03,64095.010000,0.081700,-0.324664,2026-08-18,442.000000,8.516727,0.602324,64140.420000,64095.000000
29784004,2026-08-18T08:04,64100.240000,0.765300,0.212222,2026-08-18,57.000000,0.053465,0.689130,64100.240000,64095.000000
29784005,2026-08-18T08:05,64090.960000,0.220300,-0.721879,2026-08-18,399.000000,3.154207,0.657470,64100.230000,64078.690000
29784006,2026-08-18T08:06,64065.400000,0.710900,0.409678,2026-08-18,224.000000,3.461328,0.526427,64090.960000,64061.010000
29784007,2026-08-18T08:07,64041.670000,0.480100,0.052854,2026-08-18,291.000000,4.118476,0.151154,64065.390000,64041.660000
29784008,2026-08-18T08:08,64042.620000,0.685400,-0.699274,2026-08-18,269.000000,1.716393,0.439643,64049.210000,64027.410000
29784009,2026-08-18T08:09,64072.880000,0.622700,-0.109122,2026-08-18,867.000000,20.540904,0.771674,64105.120000,64042.610000
29784010,2026-08-18T08:10,64045.760000,0.676500,0.537676,2026-08-18,618.000000,3.699594,0.106403,64072.880000,64045.760000
29784011,2026-08-18T08:11,64054.130000,0.102200,-0.782745,2026-08-18,618.000000,0.708604,0.222609,64064.170000,64048.510000
29784012,2026-08-18T08:12,64077.960000,-0.992500,-0.691878,2026-08-18,709.000000,3.570147,0.317079,64079.410000,64054.080000
29784013,2026-08-18T08:13,64079.320000,-0.392100,-0.304149,2026-08-18,603.000000,1.427886,0.178173,64086.730000,64076.280000
29784014,2026-08-18T08:14,64095.790000,0.286100,-0.644081,2026-08-18,398.000000,0.147689,0.754286,64095.800000,64079.310000
29784015,2026-08-18T08:15,64125.180000,0.740200,0.492328,2026-08-18,625.000000,1.535245,0.729249,64125.170000,64095.790000
29784016,2026-08-18T08:16,64155.210000,0.994000,0.459997,2026-08-18,571.000000,0.667245,0.425321,64155.210000,64125.170000
29784017,2026-08-18T08:17,64133.440000,0.573900,-0.145372,2026-08-18,341.000000,4.638160,0.005626,64157.580000,64133.440000
29784018,2026-08-18T08:18,64156.810000,0.887600,-0.989752,2026-08-18,324.000000,1.511521,0.477160,64156.800000,64133.450000
29784019,2026-08-18T08:19,64173.290000,0.727000,-0.045682,2026-08-18,371.000000,7.185370,0.325782,64173.290000,64155.050000
29784020,2026-08-18T08:20,64175.330000,-0.204200,-0.348437,2026-08-18,427.000000,2.289691,0.541206,64175.340000,64166.220000
29784021,2026-08-18T08:21,64166.230000,-0.357200,0.082412,2026-08-18,482.000000,2.519635,0.012642,64176.300000,64166.220000
29784022,2026-08-18T08:22,64152.380000,-0.256100,-0.975623,2026-08-18,488.000000,0.628313,0.182598,64166.230000,64152.380000
29784023,2026-08-18T08:23,64147.490000,-0.117800,-0.570867,2026-08-18,478.000000,0.481651,0.571377,64157.590000,64147.480000
29784024,2026-08-18T08:24,64147.490000,-0.558000,0.142752,2026-08-18,330.000000,0.045019,0.965665,64147.500000,64147.480000
29784025,2026-08-18T08:25,64168.510000,0.471800,0.933559,2026-08-18,562.000000,2.422392,0.994628,64168.510000,64147.490000
29784026,2026-08-18T08:26,64157.580000,-0.376300,0.989249,2026-08-18,460.000000,1.106490,0.537619,64168.510000,64156.150000
29784027,2026-08-18T08:27,64174.130000,0.497700,0.075238,2026-08-18,493.000000,0.265628,0.986290,64174.140000,64153.450000
29784028,2026-08-18T08:28,64143.170000,-0.909100,0.972733,2026-08-18,440.000000,1.091529,0.123492,64174.140000,64143.160000
29784029,2026-08-18T08:29,64149.680000,0.970200,-0.755402,2026-08-18,193.000000,0.111745,0.613926,64149.690000,64142.100000
29784030,2026-08-18T08:30,64142.100000,0.794800,0.227845,2026-08-18,236.000000,2.481833,0.055077,64154.150000,64142.100000
29784031,2026-08-18T08:31,64163.560000,0.819000,-0.889612,2026-08-18,408.000000,1.388249,0.982730,64163.560000,64141.540000
29784032,2026-08-18T08:32,64186.570000,0.148900,0.965452,2026-08-18,785.000000,6.603808,0.855900,64199.190000,64163.550000
29784033,2026-08-18T08:33,64170.180000,0.653100,0.696179,2026-08-18,421.000000,0.745427,0.109843,64186.570000,64170.000000
29784034,2026-08-18T08:34,64182.060000,0.908000,-0.760798,2026-08-18,417.000000,2.361549,0.338904,64184.080000,64170.180000
29784035,2026-08-18T08:35,64236.010000,0.993800,-0.322193,2026-08-18,814.000000,4.242132,0.946518,64236.010000,64182.060000
29784036,2026-08-18T08:36,64251.210000,0.704500,0.893035,2026-08-18,602.000000,5.845093,0.633903,64253.780000,64228.270000
29784037,2026-08-18T08:37,64254.290000,0.372300,0.267784,2026-08-18,548.000000,1.142595,0.398875,64262.770000,64251.200000
29784038,2026-08-18T08:38,64254.290000,0.252800,-0.202180,2026-08-18,328.000000,0.053473,0.869110,64254.300000,64254.290000
29784039,2026-08-18T08:39,64265.230000,0.292300,0.733199,2026-08-18,743.000000,1.369717,0.802314,64278.230000,64254.290000
29784040,2026-08-18T08:40,64231.120000,-0.313600,0.604810,2026-08-18,431.000000,3.616079,0.008873,64265.230000,64230.510000
29784041,2026-08-18T08:41,64227.210000,-0.735200,-0.982580,2026-08-18,412.000000,0.849064,0.863617,64232.500000,64223.820000
29784042,2026-08-18T08:42,64224.040000,-0.926600,0.877129,2026-08-18,363.000000,0.586460,0.908611,64230.440000,64224.030000
29784043,2026-08-18T08:43,64220.990000,0.438200,0.817223,2026-08-18,370.000000,0.244770,0.686752,64224.040000,64220.980000
29784044,2026-08-18T08:44,64226.710000,0.700000,0.373504,2026-08-18,141.000000,0.493500,0.629216,64226.720000,64220.980000
29784045,2026-08-18T08:45,64223.630000,-0.341100,0.258430,2026-08-18,405.000000,1.620838,0.658714,64226.720000,64211.400000
29784046,2026-08-18T08:46,64217.680000,0.435600,0.317429,2026-08-18,347.000000,0.984952,0.139194,64223.640000,64211.650000
29784047,2026-08-18T08:47,64210.490000,0.765500,-0.721610,2026-08-18,326.000000,0.603875,0.546683,64217.680000,64209.020000
29784048,2026-08-18T08:48,64193.680000,0.726100,-0.469027,2026-08-18,153.000000,1.245483,0.337547,64210.480000,64186.560000
29784049,2026-08-18T08:49,64180.010000,0.809200,0.543383,2026-08-18,99.000000,0.346175,0.335257,64193.680000,64180.000000
29784050,2026-08-18T08:50,64196.510000,0.983900,-0.326895,2026-08-18,255.000000,0.828517,0.988488,64196.500000,64180.000000
29784051,2026-08-18T08:51,64222.010000,0.970000,0.976975,2026-08-18,507.000000,0.558995,0.992727,64222.010000,64196.500000
29784052,2026-08-18T08:52,64217.380000,-0.994600,0.985454,2026-08-18,232.000000,0.607196,0.493902,64225.010000,64215.550000
29784053,2026-08-18T08:53,64198.820000,-0.972100,-0.012464,2026-08-18,146.000000,0.129124,0.283899,64215.540000,64192.510000
29784054,2026-08-18T08:54,64203.120000,0.613900,-0.422509,2026-08-18,402.000000,1.013154,0.358730,64203.120000,64192.730000
29784055,2026-08-18T08:55,64201.830000,0.717300,-0.283569,2026-08-18,48.000000,0.164692,0.811816,64203.110000,64201.820000
29784056,2026-08-18T08:56,64204.260000,0.292500,0.680782,2026-08-18,191.000000,0.486067,0.823771,64204.690000,64201.260000
29784057,2026-08-18T08:57,64214.710000,0.990900,0.613880,2026-08-18,345.000000,0.243847,0.886244,64214.720000,64204.260000
29784058,2026-08-18T08:58,64224.820000,0.973900,0.772530,2026-08-18,387.000000,0.358229,0.996356,64224.820000,64214.710000
29784059,2026-08-18T08:59,64228.630000,-0.865500,0.992709,2026-08-18,440.000000,0.671685,0.960998,64229.950000,64224.810000
29784060,2026-08-18T09:00,64214.370000,0.890600,0.342402,2026-08-18,390.000000,0.777907,0.268732,64228.640000,64201.860000
29784061,2026-08-18T09:01,64203.040000,0.889400,-0.145961,2026-08-18,157.000000,0.227834,0.565141,64215.540000,64200.000000
29784062,2026-08-18T09:02,64206.570000,0.286900,0.130281,2026-08-18,242.000000,0.336550,0.777354,64209.390000,64203.030000
29784063,2026-08-18T09:03,64174.460000,0.765500,0.554709,2026-08-18,172.000000,0.621568,0.140139,64206.070000,64174.460000
29784064,2026-08-18T09:04,64174.460000,0.193200,-0.719724,2026-08-18,201.000000,0.461648,0.780879,64181.990000,64174.460000
29784065,2026-08-18T09:05,64165.870000,0.464900,0.561757,2026-08-18,84.000000,0.490532,0.126793,64174.470000,64165.860000
29784066,2026-08-18T09:06,64177.490000,0.869500,-0.746415,2026-08-18,165.000000,0.261666,0.999688,64177.480000,64165.870000
29784067,2026-08-18T09:07,64166.810000,0.365500,0.999377,2026-08-18,156.000000,0.414697,0.378177,64177.490000,64165.870000
29784068,2026-08-18T09:08,64170.400000,0.473500,-0.243646,2026-08-18,255.000000,1.162450,0.797839,64170.400000,64166.800000
29784069,2026-08-18T09:09,64170.400000,0.557300,0.595678,2026-08-18,128.000000,0.054913,0.917492,64170.400000,64170.390000
29784070,2026-08-18T09:10,64176.400000,0.880400,0.810196,2026-08-18,257.000000,0.695109,0.997455,64176.390000,64170.390000
29784071,2026-08-18T09:11,64175.190000,0.631300,0.997411,2026-08-18,286.000000,0.895962,0.291383,64179.200000,64170.400000
29784072,2026-08-18T09:12,64180.710000,0.421300,-0.578083,2026-08-18,221.000000,0.440612,0.507554,64180.710000,64175.190000
29784073,2026-08-18T09:13,64178.290000,0.630500,0.015109,2026-08-18,248.000000,1.488906,0.048282,64187.200000,64178.290000
29784074,2026-08-18T09:14,64178.210000,0.805800,-0.903436,2026-08-18,82.000000,0.544829,0.079013,64178.290000,64175.770000
29784075,2026-08-18T09:15,64166.820000,0.374800,-0.841974,2026-08-18,127.000000,0.502637,0.131793,64178.210000,64166.820000
29784076,2026-08-18T09:16,64157.580000,0.315800,-0.736414,2026-08-18,99.000000,0.858004,0.285258,64166.810000,64157.580000
29784077,2026-08-18T09:17,64149.310000,-0.150500,-0.429484,2026-08-18,52.000000,0.797453,0.027238,64157.590000,64149.300000
29784078,2026-08-18T09:18,64132.740000,-0.193900,-0.946159,2026-08-18,207.000000,1.031647,0.222201,64150.820000,64132.740000
29784079,2026-08-18T09:19,64123.180000,-0.355100,-0.551505,2026-08-18,91.000000,0.544246,0.109663,64132.750000,64123.190000
29784080,2026-08-18T09:20,64121.880000,0.659500,-0.780698,2026-08-18,112.000000,2.627767,0.651484,64123.190000,64119.330000
29784081,2026-08-18T09:21,64124.730000,-0.840400,0.302996,2026-08-18,156.000000,0.535012,0.589381,64124.730000,64116.180000
29784082,2026-08-18T09:22,64114.900000,-0.108800,0.178761,2026-08-18,134.000000,0.869761,0.050930,64124.730000,64114.890000
29784083,2026-08-18T09:23,64114.900000,-0.262800,-0.898140,2026-08-18,39.000000,0.114436,0.695570,64114.900000,64114.890000
29784084,2026-08-18T09:24,64089.980000,0.095800,-0.254109,2026-08-18,143.000000,4.297237,0.673979,64114.900000,64089.430000
29784085,2026-08-18T09:25,64093.290000,-0.638900,0.380530,2026-08-18,118.000000,1.713356,0.894750,64093.290000,64089.430000
29784086,2026-08-18T09:26,64090.460000,-0.424200,0.765284,2026-08-18,131.000000,0.951985,0.506635,64093.290000,64087.200000
29784087,2026-08-18T09:27,64109.820000,0.986400,0.038902,2026-08-18,494.000000,5.314837,0.899984,64111.590000,64083.060000
29784088,2026-08-18T09:28,64095.490000,-0.910400,0.799969,2026-08-18,496.000000,0.707119,0.331707,64109.820000,64095.480000
29784089,2026-08-18T09:29,64095.490000,-0.875500,-0.336585,2026-08-18,181.000000,0.042577,0.369522,64095.490000,64095.480000
29784090,2026-08-18T09:30,64083.070000,-0.108600,-0.262467,2026-08-18,160.000000,1.421845,0.147486,64095.490000,64083.060000
29784091,2026-08-18T09:31,64091.600000,0.887200,-0.705016,2026-08-18,162.000000,0.310214,0.867930,64091.600000,64083.060000
29784092,2026-08-18T09:32,64100.540000,0.422800,0.736037,2026-08-18,417.000000,0.381059,0.740461,64102.360000,64091.590000
29784093,2026-08-18T09:33,64112.570000,-0.791300,0.480923,2026-08-18,421.000000,0.460403,0.211907,64112.570000,64100.530000
29784094,2026-08-18T09:34,64109.430000,-0.146300,-0.574867,2026-08-18,503.000000,0.718241,0.342239,64119.350000,64107.900000
29784095,2026-08-18T09:35,64118.100000,0.189700,-0.313503,2026-08-18,426.000000,2.069445,0.402470,64122.090000,64109.440000
29784096,2026-08-18T09:36,64099.620000,-0.302300,-0.195921,2026-08-18,92.000000,0.663452,0.097785,64118.110000,64099.620000
29784097,2026-08-18T09:37,64105.290000,0.862000,-0.805356,2026-08-18,116.000000,2.028781,0.993363,64105.300000,64099.620000
29784098,2026-08-18T09:38,64099.620000,0.360200,0.989822,2026-08-18,151.000000,1.269079,0.808474,64106.800000,64099.620000
29784099,2026-08-18T09:39,64102.650000,-0.051300,0.616647,2026-08-18,90.000000,0.234420,0.922087,64102.650000,64100.280000
29784100,2026-08-18T09:40,64102.650000,-0.383400,0.844176,2026-08-18,471.000000,3.639888,0.843506,64113.210000,64102.640000
29784101,2026-08-18T09:41,64078.930000,-0.050200,0.669465,2026-08-18,105.000000,0.610296,0.186499,64102.640000,64078.920000
29784102,2026-08-18T09:42,64078.930000,0.910000,-0.602056,2026-08-18,173.000000,2.404443,0.762757,64078.930000,64072.520000
29784103,2026-08-18T09:43,64083.440000,0.933600,0.525514,2026-08-18,153.000000,0.297372,0.750250,64083.450000,64077.320000
29784104,2026-08-18T09:44,64089.290000,0.928700,0.533768,2026-08-18,129.000000,0.174055,0.619650,64089.300000,64083.450000
29784105,2026-08-18T09:45,64080.810000,-0.093900,0.134043,2026-08-18,129.000000,0.557078,0.021633,64089.300000,64079.680000
29784106,2026-08-18T09:46,64091.330000,0.837000,-0.956951,2026-08-18,217.000000,0.489235,0.676613,64091.340000,64080.530000
29784107,2026-08-18T09:47,64091.940000,-0.049500,0.401451,2026-08-18,333.000000,0.256822,0.318264,64097.380000,64091.340000
29784108,2026-08-18T09:48,64107.880000,0.202100,-0.610681,2026-08-18,330.000000,0.537501,0.980157,64107.890000,64091.940000
29784109,2026-08-18T09:49,64093.210000,-0.933200,0.960313,2026-08-18,247.000000,0.392849,0.404797,64107.890000,64093.200000
29784110,2026-08-18T09:50,64073.490000,-0.121100,-0.182941,2026-08-18,150.000000,0.364093,0.312275,64093.210000,64073.490000
29784111,2026-08-18T09:51,64074.990000,0.359700,-0.387786,2026-08-18,86.000000,0.792774,0.991565,64075.000000,64073.490000
29784112,2026-08-18T09:52,64076.440000,0.922800,0.987432,2026-08-18,180.000000,0.874186,0.324188,64076.450000,64070.880000
29784113,2026-08-18T09:53,64100.240000,0.107000,-0.351624,2026-08-18,670.000000,0.707335,0.554731,64104.330000,64076.440000
29784114,2026-08-18T09:54,64101.100000,-0.981200,0.109652,2026-08-18,531.000000,3.222622,0.978005,64110.220000,64099.420000
29784115,2026-08-18T09:55,64100.990000,-0.539000,0.956007,2026-08-18,344.000000,0.070298,0.187620,64101.100000,64099.480000
29784116,2026-08-18T09:56,64107.100000,0.990500,-0.624748,2026-08-18,375.000000,0.325257,0.987423,64107.110000,64100.990000
29784117,2026-08-18T09:57,64115.320000,-0.912800,0.984660,2026-08-18,514.000000,3.303522,0.953287,64131.270000,64107.110000
29784118,2026-08-18T09:58,64107.620000,-0.857000,0.900316,2026-08-18,464.000000,1.027924,0.244439,64115.330000,64105.000000
29784119,2026-08-18T09:59,64110.010000,-0.956600,-0.512211,2026-08-18,279.000000,0.573110,0.747593,64115.150000,64107.610000
29784120,2026-08-18T10:00,64091.350000,0.562300,0.236556,2026-08-18,315.000000,0.699160,0.526679,64110.000000,64089.750000
29784121,2026-08-18T10:01,64074.790000,-0.259100,0.274699,2026-08-18,101.000000,0.205027,0.538380,64091.350000,64074.780000
29784122,2026-08-18T10:02,64070.010000,0.821700,0.065154,2026-08-18,101.000000,1.128309,0.169345,64074.790000,64069.320000
29784123,2026-08-18T10:03,64132.150000,0.396800,-0.661537,2026-08-18,1047.000000,5.189243,0.889080,64134.430000,64070.010000
29784124,2026-08-18T10:04,64134.650000,0.196300,0.778277,2026-08-18,577.000000,0.348466,0.225242,64139.630000,64127.560000
29784125,2026-08-18T10:05,64112.040000,0.458400,-0.561779,2026-08-18,558.000000,0.751254,0.180576,64134.660000,64112.040000
29784126,2026-08-18T10:06,64107.920000,0.639600,-0.638849,2026-08-18,457.000000,1.128177,0.376060,64116.130000,64107.910000
29784127,2026-08-18T10:07,64099.620000,-0.900900,-0.247709,2026-08-18,459.000000,3.110114,0.837967,64107.920000,64099.620000
29784128,2026-08-18T10:08,64087.210000,-0.383500,0.676086,2026-08-18,399.000000,1.236215,0.297295,64099.630000,64087.200000
29784129,2026-08-18T10:09,64093.820000,0.865600,-0.406554,2026-08-18,164.000000,0.133418,0.851340,64093.830000,64087.200000
29784130,2026-08-18T10:10,64087.210000,0.307300,0.837598,2026-08-18,130.000000,0.402396,0.344107,64093.830000,64087.210000
29784131,2026-08-18T10:11,64087.210000,0.977700,-0.814321,2026-08-18,51.000000,0.105310,0.998958,64087.220000,64087.210000
29784132,2026-08-18T10:12,64088.120000,-0.209800,0.998363,2026-08-18,134.000000,0.128787,0.335619,64089.060000,64087.210000
29784133,2026-08-18T10:13,64092.100000,-0.686300,-0.332685,2026-08-18,220.000000,0.724558,0.823292,64092.100000,64083.070000
29784134,2026-08-18T10:14,64093.380000,-0.059800,0.646651,2026-08-18,86.000000,0.030058,0.604631,64093.380000,64092.090000
29784135,2026-08-18T10:15,64093.380000,0.634300,0.205595,2026-08-18,29.000000,0.025781,0.635669,64093.380000,64093.370000
29784136,2026-08-18T10:16,64093.380000,0.761900,0.271347,2026-08-18,82.000000,0.320411,0.143288,64093.380000,64093.370000
29784137,2026-08-18T10:17,64094.440000,0.404500,-0.713424,2026-08-18,134.000000,0.421151,0.635258,64094.960000,64093.370000
29784138,2026-08-18T10:18,64113.850000,0.958600,0.268430,2026-08-18,425.000000,0.329217,0.760416,64113.840000,64094.440000
29784139,2026-08-18T10:19,64107.880000,-0.928400,0.524108,2026-08-18,258.000000,0.970121,0.754567,64113.850000,64107.880000
29784140,2026-08-18T10:20,64095.490000,0.133500,0.509020,2026-08-18,141.000000,0.557784,0.021990,64107.880000,64095.480000
29784141,2026-08-18T10:21,64062.710000,0.542300,-0.956016,2026-08-18,116.000000,0.810020,0.144289,64095.490000,64062.710000
29784142,2026-08-18T10:22,64082.650000,0.902800,-0.711430,2026-08-18,315.000000,0.474493,0.941954,64082.660000,64062.710000
29784143,2026-08-18T10:23,64090.680000,-0.864100,0.884453,2026-08-18,393.000000,0.508643,0.657115,64090.680000,64074.960000
29784144,2026-08-18T10:24,64085.710000,-0.080500,0.311720,2026-08-18,219.000000,0.206301,0.164860,64090.670000,64085.710000
29784145,2026-08-18T10:25,64081.600000,-0.120500,-0.666605,2026-08-18,148.000000,0.659318,0.291854,64090.240000,64081.600000
29784146,2026-08-18T10:26,64075.690000,0.297000,-0.417269,2026-08-18,129.000000,0.690065,0.048528,64081.610000,64072.340000
29784147,2026-08-18T10:27,64086.430000,0.897000,-0.902943,2026-08-18,225.000000,0.185559,0.993819,64086.430000,64075.690000
29784148,2026-08-18T10:28,64094.790000,0.784200,0.987639,2026-08-18,317.000000,0.231306,0.911826,64096.310000,64086.430000
29784149,2026-08-18T10:29,64096.310000,0.640700,0.823652,2026-08-18,179.000000,0.988901,0.089129,64096.310000,64093.150000
29784150,2026-08-18T10:30,64100.600000,-0.904100,-0.821743,2026-08-18,301.000000,0.853184,0.258517,64102.190000,64096.300000
29784151,2026-08-18T10:31,64127.540000,-0.910000,-0.481397,2026-08-18,668.000000,0.605103,0.684319,64132.290000,64100.590000
29784152,2026-08-18T10:32,64127.540000,-0.873900,0.367709,2026-08-18,341.000000,0.190936,0.097357,64127.550000,64127.540000
29784153,2026-08-18T10:33,64127.540000,0.026100,-0.805427,2026-08-18,469.000000,0.533080,0.313723,64127.550000,64118.390000
29784154,2026-08-18T10:34,64127.560000,0.584000,-0.372555,2026-08-18,255.000000,0.285668,0.989876,64127.550000,64127.540000
29784155,2026-08-18T10:35,64134.680000,0.641300,0.981139,2026-08-18,379.000000,2.280522,0.934177,64136.470000,64127.580000
29784156,2026-08-18T10:36,64134.680000,0.785400,0.867131,2026-08-18,96.000000,0.032448,0.689008,64134.680000,64134.670000
29784157,2026-08-18T10:37,64145.150000,0.977300,0.378015,2026-08-18,297.000000,0.385041,0.497555,64145.160000,64134.670000
29784158,2026-08-18T10:38,64154.170000,0.986700,0.065250,2026-08-18,251.000000,1.040985,0.993583,64154.170000,64145.160000
29784159,2026-08-18T10:39,64141.020000,-0.107400,0.986799,2026-08-18,287.000000,1.220487,0.012401,64154.170000,64141.020000
29784160,2026-08-18T10:40,64128.600000,-0.241500,-0.975200,2026-08-18,94.000000,0.507459,0.111903,64141.030000,64128.600000
29784161,2026-08-18T10:41,64134.460000,-0.423700,-0.776195,2026-08-18,221.000000,0.477372,0.478999,64134.470000,64126.220000
29784162,2026-08-18T10:42,64129.010000,0.560300,-0.042187,2026-08-18,102.000000,0.449149,0.136363,64134.470000,64129.000000
29784163,2026-08-18T10:43,64129.010000,0.369800,-0.727847,2026-08-18,101.000000,0.675855,0.973435,64129.010000,64129.000000
29784164,2026-08-18T10:44,64121.440000,0.124500,0.955694,2026-08-18,128.000000,0.242959,0.480492,64129.010000,64121.440000
29784165,2026-08-18T10:45,64121.440000,0.228600,-0.039015,2026-08-18,189.000000,1.239463,0.921023,64121.450000,64116.190000
29784166,2026-08-18T10:46,64124.150000,0.063400,0.842053,2026-08-18,254.000000,0.652091,0.982706,64124.160000,64121.450000
29784167,2026-08-18T10:47,64144.650000,0.012100,0.965407,2026-08-18,410.000000,1.435567,0.918425,64146.750000,64124.150000
29784168,2026-08-18T10:48,64138.210000,-0.915000,0.581070,2026-08-18,403.000000,0.622816,0.228954,64144.650000,64138.200000
29784169,2026-08-18T10:49,64138.210000,0.544600,-0.273568,2026-08-18,68.000000,0.188260,0.414607,64138.210000,64138.200000
29784170,2026-08-18T10:50,64138.210000,0.519300,-0.159190,2026-08-18,87.000000,0.185375,0.311484,64138.210000,64138.200000
29784171,2026-08-18T10:51,64144.600000,-0.851500,-0.377033,2026-08-18,274.000000,0.788827,0.954349,64144.600000,64138.200000
29784172,2026-08-18T10:52,64128.600000,0.626800,0.908876,2026-08-18,119.000000,0.415409,0.069863,64144.600000,64128.600000
29784173,2026-08-18T10:53,64134.510000,0.520800,-0.865785,2026-08-18,311.000000,0.822890,0.750677,64136.640000,64128.600000
29784174,2026-08-18T10:54,64140.830000,0.383300,0.501162,2026-08-18,270.000000,0.727857,0.712807,64142.120000,64134.510000
29784175,2026-08-18T10:55,64140.830000,0.637900,0.425614,2026-08-18,49.000000,0.065411,0.601959,64140.840000,64140.830000
29784176,2026-08-18T10:56,64140.830000,0.372700,0.166019,2026-08-18,45.000000,0.171172,0.731973,64140.840000,64140.830000
29784177,2026-08-18T10:57,64140.830000,0.718400,0.482358,2026-08-18,96.000000,0.627728,0.957183,64140.840000,64140.830000
29784178,2026-08-18T10:58,64134.540000,0.808700,0.914458,2026-08-18,73.000000,0.423265,0.221304,64140.840000,64134.530000
29784179,2026-08-18T10:59,64134.540000,0.146900,-0.559890,2026-08-18,96.000000,0.138720,0.953822,64134.540000,64134.530000
29784180,2026-08-18T11:00,64130.620000,0.113200,-0.133003,2026-08-18,154.000000,0.690414,0.533542,64134.530000,64124.790000
29784181,2026-08-18T11:01,64160.480000,0.440900,0.406212,2026-08-18,706.000000,0.886899,0.821045,64164.990000,64130.620000
29784182,2026-08-18T11:02,64199.010000,-0.072000,0.642091,2026-08-18,934.000000,5.897047,0.538467,64201.000000,64160.470000
29784183,2026-08-18T11:03,64252.880000,0.207300,0.077211,2026-08-18,1363.000000,23.144292,0.830774,64265.540000,64184.460000
29784184,2026-08-18T11:04,64228.570000,-0.910600,0.661528,2026-08-18,545.000000,2.002031,0.117579,64252.890000,64227.960000
29784185,2026-08-18T11:05,64208.010000,0.599000,-0.764157,2026-08-18,568.000000,0.866536,0.555828,64228.580000,64203.120000
29784186,2026-08-18T11:06,64214.790000,0.983700,-0.299933,2026-08-18,670.000000,1.191515,0.384855,64215.540000,64201.930000
29784187,2026-08-18T11:07,64210.120000,-0.574900,0.345662,2026-08-18,546.000000,1.169238,0.231935,64220.000000,64207.480000
29784188,2026-08-18T11:08,64211.990000,0.475300,-0.531119,2026-08-18,403.000000,0.386036,0.946236,64215.600000,64210.120000
29784189,2026-08-18T11:09,64228.570000,0.420400,0.891136,2026-08-18,608.000000,1.762807,0.679849,64228.570000,64211.980000
29784190,2026-08-18T11:10,64246.150000,0.939900,0.359073,2026-08-18,610.000000,2.035080,0.913434,64248.350000,64228.560000
29784191,2026-08-18T11:11,64255.400000,-0.825800,0.827159,2026-08-18,614.000000,1.837654,0.690559,64266.300000,64246.140000
29784192,2026-08-18T11:12,64239.260000,0.154100,0.381144,2026-08-18,491.000000,1.488816,0.176546,64255.390000,64236.250000
29784193,2026-08-18T11:13,64256.650000,-0.023600,-0.648398,2026-08-18,497.000000,0.258705,0.936092,64256.650000,64239.260000
29784194,2026-08-18T11:14,64261.070000,0.980600,0.862280,2026-08-18,387.000000,0.294475,0.152271,64261.080000,64256.640000
29784195,2026-08-18T11:15,64295.710000,0.985400,-0.694026,2026-08-18,626.000000,1.208824,0.896161,64295.710000,64261.070000
29784196,2026-08-18T11:16,64281.790000,-0.012000,0.792149,2026-08-18,684.000000,3.904472,0.314662,64312.230000,64281.790000
29784197,2026-08-18T11:17,64280.650000,0.485700,-0.370657,2026-08-18,479.000000,5.502625,0.677175,64304.380000,64277.640000
29784198,2026-08-18T11:18,64277.010000,-0.808200,0.354350,2026-08-18,311.000000,0.515056,0.414200,64280.650000,64277.000000
29784199,2026-08-18T11:19,64265.230000,0.352100,-0.171599,2026-08-18,741.000000,2.511027,0.719001,64292.140000,64265.220000
29784200,2026-08-18T11:20,64272.380000,-0.371000,0.437988,2026-08-18,798.000000,3.873774,0.564057,64280.650000,64265.220000
29784201,2026-08-18T11:21,64278.290000,-0.484200,0.209554,2026-08-18,116.000000,0.708199,0.904582,64278.290000,64272.390000
29784202,2026-08-18T11:22,64314.420000,0.269800,0.562791,2026-08-18,827.000000,13.812878,0.911624,64314.420000,64278.290000
29784203,2026-08-18T11:23,64298.960000,-0.346900,0.823249,2026-08-18,470.000000,0.794338,0.169125,64314.410000,64298.950000
29784204,2026-08-18T11:24,64313.650000,0.878100,-0.661291,2026-08-18,384.000000,2.475055,0.941158,64318.770000,64298.950000
29784205,2026-08-18T11:25,64315.710000,-0.936300,0.891622,2026-08-18,172.000000,0.603080,0.464193,64318.760000,64313.650000
29784206,2026-08-18T11:26,64316.150000,0.675500,-0.651162,2026-08-18,395.000000,8.184429,0.929661,64316.150000,64302.840000
29784207,2026-08-18T11:27,64302.850000,-0.066400,0.859340,2026-08-18,535.000000,3.243011,0.004693,64316.160000,64302.850000
29784208,2026-08-18T11:28,64311.380000,-0.148900,-0.990613,2026-08-18,336.000000,2.414875,0.850464,64311.390000,64300.070000
29784209,2026-08-18T11:29,64306.620000,-0.962700,0.785795,2026-08-18,386.000000,3.370970,0.804865,64317.370000,64306.620000
29784210,2026-08-18T11:30,64288.540000,0.644000,0.435396,2026-08-18,457.000000,4.080648,0.479373,64306.630000,64278.300000
29784211,2026-08-18T11:31,64291.570000,0.749200,-0.048580,2026-08-18,301.000000,2.148931,0.774763,64295.110000,64285.930000
29784212,2026-08-18T11:32,64300.620000,-0.790000,0.549526,2026-08-18,338.000000,0.731737,0.696644,64300.620000,64291.560000
29784213,2026-08-18T11:33,64293.620000,0.462900,0.385270,2026-08-18,578.000000,2.249763,0.375783,64300.620000,64287.050000
29784214,2026-08-18T11:34,64318.240000,-0.068900,-0.247019,2026-08-18,416.000000,7.331277,0.895912,64318.240000,64293.590000
29784215,2026-08-18T11:35,64314.430000,-0.412700,0.791825,2026-08-18,752.000000,4.580349,0.522087,64322.080000,64311.080000
29784216,2026-08-18T11:36,64313.540000,-0.275400,0.044175,2026-08-18,563.000000,1.104860,0.577383,64317.490000,64305.000000
29784217,2026-08-18T11:37,64318.070000,0.257600,0.154672,2026-08-18,71.000000,0.056386,0.111526,64318.080000,64318.070000
29784218,2026-08-18T11:38,64311.070000,0.647400,-0.776593,2026-08-18,125.000000,0.502464,0.388163,64318.070000,64306.630000
29784219,2026-08-18T11:39,64311.070000,0.460300,-0.223710,2026-08-18,178.000000,0.637052,0.989032,64316.720000,64311.060000
29784220,2026-08-18T11:40,64317.630000,0.559600,0.978136,2026-08-18,229.000000,2.405113,0.387840,64319.910000,64311.060000
29784221,2026-08-18T11:41,64315.010000,0.411600,-0.241760,2026-08-18,294.000000,1.384075,0.280876,64317.630000,64315.000000
29784222,2026-08-18T11:42,64315.010000,0.510100,-0.414863,2026-08-18,52.000000,0.741087,0.017159,64315.010000,64314.010000
29784223,2026-08-18T11:43,64331.130000,0.588000,-0.965681,2026-08-18,721.000000,3.626361,0.527548,64332.490000,64315.000000
29784224,2026-08-18T11:44,64321.400000,0.486700,0.055096,2026-08-18,374.000000,2.054783,0.286411,64334.510000,64310.760000
29784225,2026-08-18T11:45,64337.080000,0.723500,-0.427177,2026-08-18,246.000000,0.866881,0.720904,64337.080000,64321.390000
29784226,2026-08-18T11:46,64333.480000,0.534700,0.441050,2026-08-18,238.000000,1.402308,0.299940,64342.440000,64333.470000
29784227,2026-08-18T11:47,64309.990000,0.287800,-0.400053,2026-08-18,265.000000,4.595212,0.213143,64333.480000,64302.860000
29784228,2026-08-18T11:48,64290.290000,0.213600,-0.573686,2026-08-18,133.000000,0.706968,0.650475,64309.990000,64290.280000
29784229,2026-08-18T11:49,64298.740000,0.095300,0.427832,2026-08-18,145.000000,0.890119,0.386035,64302.470000,64294.330000
29784230,2026-08-18T11:50,64297.520000,0.087300,-0.614498,2026-08-18,254.000000,1.110117,0.583005,64302.180000,64293.360000
29784231,2026-08-18T11:51,64297.650000,0.201500,0.480815,2026-08-18,249.000000,0.539237,0.704172,64304.740000,64292.310000
29784232,2026-08-18T11:52,64289.830000,0.324000,0.408344,2026-08-18,125.000000,0.696589,0.150099,64297.660000,64285.510000
29784233,2026-08-18T11:53,64278.290000,0.003600,-0.699828,2026-08-18,143.000000,0.597858,0.553755,64286.940000,64278.290000
29784234,2026-08-18T11:54,64289.650000,-0.428100,0.107863,2026-08-18,268.000000,1.111896,0.513754,64289.660000,64270.310000
29784235,2026-08-18T11:55,64284.730000,0.558400,0.027365,2026-08-18,308.000000,0.811397,0.353390,64289.660000,64284.720000
29784236,2026-08-18T11:56,64287.560000,-0.423900,-0.293220,2026-08-18,509.000000,0.965305,0.275898,64294.750000,64284.720000
29784237,2026-08-18T11:57,64294.740000,-0.409800,-0.448474,2026-08-18,167.000000,0.935515,0.797231,64294.750000,64287.550000
29784238,2026-08-18T11:58,64291.290000,0.110800,0.593998,2026-08-18,57.000000,0.139179,0.002128,64294.750000,64293.570000
29784239,2026-08-18T11:59,64286.580000,0.139900,-0.995720,2026-08-18,122.000000,1.241156,0.088847,64291.290000,64286.190000
29784240,2026-08-18T12:00,64272.010000,0.218300,-0.822359,2026-08-18,199.000000,1.306923,0.509457,64286.580000,64267.900000
29784241,2026-08-18T12:01,64271.960000,0.362300,0.160643,2026-08-18,169.000000,2.011623,0.810197,64274.050000,64271.960000
29784242,2026-08-18T12:02,64271.490000,0.456300,0.573777,2026-08-18,161.000000,1.337867,0.892715,64272.790000,64271.490000
29784243,2026-08-18T12:03,64250.350000,0.620500,0.757974,2026-08-18,258.000000,3.611928,0.785608,64271.500000,64242.800000
29784244,2026-08-18T12:04,64282.240000,0.769700,0.580354,2026-08-18,734.000000,2.932324,0.733729,64283.530000,64250.340000
29784245,2026-08-18T12:05,64285.290000,0.903000,0.501361,2026-08-18,248.000000,1.365318,0.798555,64287.530000,64282.240000
29784246,2026-08-18T12:06,64293.370000,-0.860100,0.528195,2026-08-18,497.000000,4.094008,0.687226,64300.330000,64285.280000
29784247,2026-08-18T12:07,64284.990000,0.741100,0.374453,2026-08-18,535.000000,5.250671,0.275221,64293.370000,64276.500000
29784248,2026-08-18T12:08,64252.810000,-0.090300,-0.449559,2026-08-18,638.000000,4.144922,0.589122,64291.570000,64252.810000
29784249,2026-08-18T12:09,64242.880000,0.235000,0.178243,2026-08-18,520.000000,3.654670,0.659185,64252.810000,64239.260000
29784250,2026-08-18T12:10,64225.190000,0.376700,0.318760,2026-08-18,339.000000,3.623290,0.586946,64238.030000,64223.820000
29784251,2026-08-18T12:11,64233.820000,0.947900,0.173413,2026-08-18,749.000000,4.391020,0.656468,64233.860000,64219.680000
29784252,2026-08-18T12:12,64239.260000,0.548100,0.312936,2026-08-18,401.000000,2.516995,0.582676,64243.530000,64233.860000
29784253,2026-08-18T12:13,64240.010000,0.034900,0.164010,2026-08-18,186.000000,1.453561,0.931725,64242.860000,64239.250000
29784254,2026-08-18T12:14,64236.580000,-0.065800,0.908325,2026-08-18,180.000000,1.618985,0.752948,64241.850000,64236.580000
29784255,2026-08-18T12:15,64225.900000,0.277200,0.505820,2026-08-18,344.000000,4.403826,0.441467,64238.600000,64221.720000
29784256,2026-08-18T12:16,64243.070000,0.787100,-0.117065,2026-08-18,530.000000,3.018663,0.565911,64243.070000,64222.020000
29784257,2026-08-18T12:17,64238.680000,0.072800,0.131822,2026-08-18,302.000000,1.848035,0.631379,64243.070000,64233.310000
29784258,2026-08-18T12:18,64237.150000,-0.109900,0.262758,2026-08-18,75.000000,1.439077,0.893630,64238.690000,64237.140000
29784259,2026-08-18T12:19,64236.120000,0.692900,0.805011,2026-08-18,110.000000,1.264419,0.791463,64237.150000,64233.320000
29784260,2026-08-18T12:20,64260.760000,0.816200,0.534630,2026-08-18,515.000000,3.124752,0.404260,64260.750000,64236.120000
29784261,2026-08-18T12:21,64277.270000,0.734800,-0.191464,2026-08-18,316.000000,1.020533,0.557325,64277.290000,64260.750000
29784262,2026-08-18T12:22,64271.370000,-0.934800,0.114650,2026-08-18,239.000000,2.155285,0.712440,64274.390000,64269.350000
29784263,2026-08-18T12:23,64244.120000,0.315800,0.224231,2026-08-18,419.000000,2.046561,0.654677,64271.360000,64244.090000
29784264,2026-08-18T12:24,64238.350000,0.466000,0.582872,2026-08-18,187.000000,1.700468,0.747240,64245.310000,64236.240000
29784265,2026-08-18T12:25,64246.790000,0.408100,0.495286,2026-08-18,171.000000,1.641991,0.927722,64246.800000,64238.350000
29784266,2026-08-18T12:26,64244.240000,0.791900,0.589573,2026-08-18,169.000000,1.329190,0.467457,64246.790000,64240.170000
29784267,2026-08-18T12:27,64244.260000,-0.086200,0.177177,2026-08-18,227.000000,2.566203,0.685058,64246.000000,64236.240000
29784268,2026-08-18T12:28,64242.070000,0.705700,0.370115,2026-08-18,67.000000,0.373174,0.914651,64244.270000,64242.070000
29784269,2026-08-18T12:29,64242.070000,0.357000,0.828959,2026-08-18,96.000000,2.364485,0.886966,64242.080000,64242.070000
29784270,2026-08-18T12:30,64203.120000,0.207500,0.773845,2026-08-18,270.000000,2.816487,0.199664,64242.080000,64207.260000
29784271,2026-08-18T12:31,64223.710000,-0.046500,-0.600646,2026-08-18,306.000000,2.112183,0.926734,64223.710000,64200.000000
29784272,2026-08-18T12:32,64239.270000,0.101600,0.853468,2026-08-18,628.000000,2.005253,0.727017,64242.100000,64220.810000
29784273,2026-08-18T12:33,64232.520000,-0.180100,0.272601,2026-08-18,271.000000,0.696875,0.426751,64239.280000,64225.000000
29784274,2026-08-18T12:34,64243.490000,0.502400,0.447197,2026-08-18,200.000000,0.628333,0.703882,64243.540000,64232.520000
29784275,2026-08-18T12:35,64236.080000,-0.570500,0.407763,2026-08-18,281.000000,1.907562,0.386574,64243.490000,64233.330000
29784276,2026-08-18T12:36,64206.680000,0.646200,-0.277386,2026-08-18,249.000000,2.816823,0.514833,64236.090000,64206.680000
29784277,2026-08-18T12:37,64203.130000,0.291200,0.077453,2026-08-18,206.000000,0.963101,0.502013,64211.700000,64203.130000
29784278,2026-08-18T12:38,64200.010000,0.128800,0.012980,2026-08-18,308.000000,3.385227,0.300738,64211.720000,64200.000000
29784279,2026-08-18T12:39,64201.510000,0.088700,-0.398287,2026-08-18,261.000000,3.344109,0.346139,64201.510000,64190.700000
29784280,2026-08-18T12:40,64199.710000,0.408500,-0.307940,2026-08-18,191.000000,3.910384,0.940844,64201.500000,64196.710000
29784281,2026-08-18T12:41,64198.710000,0.965800,0.881214,2026-08-18,242.000000,4.235024,0.225600,64199.700000,64191.600000
29784282,2026-08-18T12:42,64206.240000,-0.741500,-0.548374,2026-08-18,221.000000,0.913441,0.974553,64206.240000,64198.700000
29784283,2026-08-18T12:43,64193.820000,0.378800,0.949058,2026-08-18,345.000000,3.072156,0.081680,64206.240000,64186.950000
29784284,2026-08-18T12:44,64193.010000,-0.380100,-0.835961,2026-08-18,440.000000,1.215208,0.235760,64198.470000,64193.000000
29784285,2026-08-18T12:45,64184.600000,0.512900,-0.591695,2026-08-18,211.000000,2.894446,0.168263,64193.010000,64173.010000
29784286,2026-08-18T12:46,64191.570000,-0.457300,-0.641601,2026-08-18,188.000000,0.796200,0.939280,64191.580000,64184.590000
29784287,2026-08-18T12:47,64182.320000,0.052200,0.438926,2026-08-18,194.000000,1.724463,0.230760,64191.570000,64175.000000
29784288,2026-08-18T12:48,64182.310000,0.302400,-0.462695,2026-08-18,155.000000,0.747291,0.239963,64183.860000,64181.040000
29784289,2026-08-18T12:49,64181.990000,0.521400,-0.502247,2026-08-18,101.000000,0.976003,0.276127,64182.310000,64180.100000
29784290,2026-08-18T12:50,64194.510000,0.750500,0.110501,2026-08-18,324.000000,2.389394,0.325242,64194.510000,64182.000000
29784291,2026-08-18T12:51,64191.570000,0.482200,-0.823837,2026-08-18,117.000000,0.690179,0.051291,64194.500000,64191.570000
29784292,2026-08-18T12:52,64191.010000,0.702300,-0.893803,2026-08-18,125.000000,1.941750,0.018905,64191.580000,64191.000000
29784293,2026-08-18T12:53,64170.060000,0.260000,-0.962044,2026-08-18,168.000000,2.455865,0.281569,64191.550000,64170.010000
29784294,2026-08-18T12:54,64179.460000,-0.266000,-0.434875,2026-08-18,304.000000,1.156643,0.756709,64182.960000,64170.050000
29784295,2026-08-18T12:55,64176.080000,-0.609600,0.504096,2026-08-18,231.000000,0.764668,0.385099,64180.570000,64169.460000
29784296,2026-08-18T12:56,64175.210000,-0.665100,-0.224337,2026-08-18,237.000000,5.712317,0.034545,64177.070000,64148.000000
29784297,2026-08-18T12:57,64170.820000,0.094600,-0.880531,2026-08-18,253.000000,1.414872,0.839278,64178.070000,64151.010000
29784298,2026-08-18T12:58,64171.850000,-0.077500,0.639573,2026-08-18,130.000000,0.250949,0.513642,64172.800000,64170.820000
29784299,2026-08-18T12:59,64161.680000,0.238300,0.027284,2026-08-18,141.000000,1.548329,0.053799,64171.860000,64161.670000
29784300,2026-08-18T13:00,64116.180000,-0.209500,-0.891932,2026-08-18,261.000000,1.293020,0.516299,64161.680000,64113.600000
29784301,2026-08-18T13:01,64106.350000,0.275400,0.032328,2026-08-18,181.000000,0.656624,0.426232,64116.190000,64100.020000
29784302,2026-08-18T13:02,64110.740000,0.185300,-0.147537,2026-08-18,227.000000,3.070348,0.906481,64112.040000,64104.740000
29784303,2026-08-18T13:03,64125.620000,-0.822800,0.764622,2026-08-18,562.000000,1.264702,0.586948,64125.630000,64110.680000
29784304,2026-08-18T13:04,64119.010000,0.055600,0.183721,2026-08-18,241.000000,1.667204,0.933093,64125.630000,64119.010000
29784305,2026-08-18T13:05,64120.850000,-0.434400,0.866263,2026-08-18,227.000000,0.511585,0.896567,64120.850000,64119.010000
29784306,2026-08-18T13:06,64118.710000,-0.078800,0.793129,2026-08-18,412.000000,2.886141,0.657971,64128.020000,64118.580000
29784307,2026-08-18T13:07,64116.180000,-0.436800,0.317530,2026-08-18,155.000000,2.714150,0.859774,64120.700000,64116.180000
29784308,2026-08-18T13:08,64127.810000,-0.318000,0.724351,2026-08-18,410.000000,4.175353,0.986260,64127.960000,64116.180000
29784309,2026-08-18T13:09,64113.240000,-0.420700,0.972626,2026-08-18,299.000000,4.240800,0.363716,64127.810000,64109.270000
29784310,2026-08-18T13:10,64113.240000,0.821900,-0.294158,2026-08-18,363.000000,4.917984,0.502793,64113.240000,64100.000000
29784311,2026-08-18T13:11,64115.020000,-0.439600,0.034643,2026-08-18,725.000000,4.420755,0.710035,64125.200000,64113.230000
29784312,2026-08-18T13:12,64121.620000,0.713400,0.400600,2026-08-18,329.000000,4.591982,0.642760,64121.620000,64115.020000
29784313,2026-08-18T13:13,64131.960000,0.567500,0.286293,2026-08-18,436.000000,1.514835,0.558234,64131.970000,64118.190000
29784314,2026-08-18T13:14,64128.600000,-0.250200,0.113071,2026-08-18,602.000000,4.515883,0.441307,64142.200000,64128.600000
29784315,2026-08-18T13:15,64120.320000,0.688800,-0.117328,2026-08-18,223.000000,3.193460,0.680556,64128.620000,64120.320000
29784316,2026-08-18T13:16,64079.850000,-0.572700,0.361065,2026-08-18,861.000000,9.866888,0.121677,64120.330000,64079.840000
29784317,2026-08-18T13:17,64074.290000,0.091200,-0.756645,2026-08-18,248.000000,3.999209,0.105311,64079.850000,64071.260000
29784318,2026-08-18T13:18,64080.880000,0.689100,-0.798066,2026-08-18,503.000000,5.818313,0.115297,64080.900000,64073.100000
29784319,2026-08-18T13:19,64070.230000,-0.007000,-0.762381,2026-08-18,128.000000,3.388923,0.013872,64080.880000,64070.220000
29784320,2026-08-18T13:20,64065.180000,0.580100,-0.972399,2026-08-18,411.000000,3.603009,0.489578,64070.230000,64050.180000
29784321,2026-08-18T13:21,64063.900000,0.423900,-0.015642,2026-08-18,320.000000,1.274107,0.409974,64067.710000,64062.600000
29784322,2026-08-18T13:22,64014.060000,-0.366400,-0.181494,2026-08-18,419.000000,8.500914,0.031828,64063.910000,64014.580000
29784323,2026-08-18T13:23,64032.400000,-0.601100,-0.935639,2026-08-18,563.000000,8.934409,0.230731,64035.450000,64014.060000
29784324,2026-08-18T13:24,64036.870000,-0.807800,-0.539313,2026-08-18,564.000000,2.311282,0.531911,64045.040000,64032.400000
29784325,2026-08-18T13:25,64046.100000,1.000000,-0.367254,2026-08-18,634.000000,4.194854,0.319452,64045.890000,64010.960000
29784326,2026-08-18T13:26,64032.880000,0.287900,-0.054842,2026-08-18,381.000000,1.474800,0.152278,64046.100000,64032.880000
29784327,2026-08-18T13:27,64032.990000,0.628400,-0.640596,2026-08-18,437.000000,2.728179,0.164938,64039.930000,64016.820000
29784328,2026-08-18T13:28,64016.380000,0.019600,-0.554656,2026-08-18,604.000000,2.284929,0.377932,64040.400000,64016.380000
29784329,2026-08-18T13:29,64012.650000,-0.595700,-0.420682,2026-08-18,493.000000,8.017477,0.312565,64016.390000,63992.360000
29784330,2026-08-18T13:30,64064.710000,0.990700,-0.323980,2026-08-18,1748.000000,30.013354,0.608842,64065.900000,63996.120000
29784331,2026-08-18T13:31,64090.540000,0.024700,0.212254,2026-08-18,956.000000,8.331886,0.357618,64101.950000,64065.920000
29784332,2026-08-18T13:32,64016.820000,-0.159800,-0.284738,2026-08-18,728.000000,5.033134,0.173600,64090.550000,64005.950000
29784333,2026-08-18T13:33,64022.830000,-0.940100,-0.654166,2026-08-18,811.000000,7.801318,0.540169,64059.640000,64013.800000
29784334,2026-08-18T13:34,64027.040000,0.114100,0.085962,2026-08-18,751.000000,14.655620,0.165767,64033.320000,63993.860000
29784335,2026-08-18T13:35,63992.880000,-0.115200,-0.671543,2026-08-18,1316.000000,30.318105,0.183321,64055.830000,63981.000000
29784336,2026-08-18T13:36,64038.930000,0.445000,-0.617219,2026-08-18,1020.000000,15.805230,0.751123,64052.420000,63992.110000
29784337,2026-08-18T13:37,64059.460000,1.000000,0.533993,2026-08-18,985.000000,10.663544,0.553361,64072.970000,64036.920000
29784338,2026-08-18T13:38,64121.150000,0.611700,0.106744,2026-08-18,1146.000000,11.099724,0.754697,64126.950000,64052.150000
29784339,2026-08-18T13:39,64175.990000,0.221000,0.456998,2026-08-18,648.000000,6.235649,0.476881,64175.990000,64105.000000
29784340,2026-08-18T13:40,64139.770000,0.530700,-0.014282,2026-08-18,766.000000,10.622282,0.518829,64188.500000,64128.610000
29784341,2026-08-18T13:41,64153.440000,0.505300,0.060587,2026-08-18,589.000000,1.851925,0.431386,64170.480000,64130.490000
29784342,2026-08-18T13:42,64139.270000,-0.829900,-0.364964,2026-08-18,663.000000,3.736609,0.238172,64153.440000,64126.110000
29784343,2026-08-18T13:43,64107.900000,-0.034100,-0.509692,2026-08-18,740.000000,1.586389,0.240782,64139.280000,64107.900000
29784344,2026-08-18T13:44,64129.290000,-0.384500,-0.518436,2026-08-18,791.000000,11.964450,0.744865,64135.180000,64099.630000
29784345,2026-08-18T13:45,64153.740000,0.843900,0.489731,2026-08-18,901.000000,5.487634,0.700298,64155.990000,64095.480000
29784346,2026-08-18T13:46,64127.540000,0.245800,0.400596,2026-08-18,642.000000,3.317717,0.337240,64156.120000,64111.120000
29784347,2026-08-18T13:47,64150.680000,0.375500,-0.325491,2026-08-18,652.000000,2.422115,0.349698,64153.470000,64125.800000
29784348,2026-08-18T13:48,64125.330000,-0.096400,-0.302162,2026-08-18,660.000000,2.759488,0.400877,64150.690000,64116.180000
29784349,2026-08-18T13:49,64175.120000,0.909900,-0.304940,2026-08-18,1147.000000,6.756765,0.722011,64213.910000,64108.880000
29784350,2026-08-18T13:50,64205.630000,0.109900,0.541888,2026-08-18,842.000000,11.984773,0.709034,64226.180000,64173.400000
29784351,2026-08-18T13:51,64151.070000,0.709100,0.418640,2026-08-18,703.000000,3.255943,0.204318,64212.450000,64141.640000
29784352,2026-08-18T13:52,64094.040000,0.132600,-0.598650,2026-08-18,737.000000,3.739769,0.086960,64151.690000,64094.030000
29784353,2026-08-18T13:53,64088.830000,0.151900,-0.820973,2026-08-18,774.000000,2.615485,0.460493,64114.290000,64088.830000
29784354,2026-08-18T13:54,64074.770000,-0.445000,-0.098163,2026-08-18,668.000000,1.227230,0.534830,64091.830000,64070.640000
29784355,2026-08-18T13:55,64090.870000,0.546500,0.094560,2026-08-18,772.000000,4.828067,0.432388,64091.610000,64054.080000
29784356,2026-08-18T13:56,64127.680000,0.984700,-0.116315,2026-08-18,1006.000000,2.196784,0.443591,64127.690000,64090.860000
29784357,2026-08-18T13:57,64140.240000,0.086900,-0.107346,2026-08-18,869.000000,3.229916,0.391979,64156.150000,64127.680000
29784358,2026-08-18T13:58,64141.600000,-0.062800,-0.274534,2026-08-18,615.000000,0.564720,0.325225,64146.540000,64132.890000
29784359,2026-08-18T13:59,64158.170000,0.492800,-0.169242,2026-08-18,600.000000,1.427392,0.471182,64167.060000,64140.940000
29784360,2026-08-18T14:00,64189.990000,0.915000,-0.057131,2026-08-18,718.000000,4.269777,0.373944,64190.000000,64157.580000
29784361,2026-08-18T14:01,64189.440000,0.484800,-0.226197,2026-08-18,601.000000,3.430344,0.644793,64195.660000,64170.000000
29784362,2026-08-18T14:02,64271.670000,0.452700,0.270353,2026-08-18,946.000000,16.850972,0.779000,64284.010000,64189.440000
29784363,2026-08-18T14:03,64281.380000,-0.642500,0.557273,2026-08-18,825.000000,7.155851,0.712558,64295.210000,64260.010000
29784364,2026-08-18T14:04,64313.260000,0.306800,0.442375,2026-08-18,809.000000,6.780107,0.565736,64318.620000,64275.000000
29784365,2026-08-18T14:05,64257.990000,0.037200,0.158427,2026-08-18,1018.000000,7.855197,0.366084,64318.620000,64252.810000
29784366,2026-08-18T14:06,64284.150000,-0.076600,-0.006383,2026-08-18,1032.000000,10.396331,0.714979,64289.670000,64240.380000
29784367,2026-08-18T14:07,64291.980000,0.564800,0.278184,2026-08-18,655.000000,3.257088,0.609410,64306.620000,64283.010000
29784368,2026-08-18T14:08,64270.150000,-0.368500,0.059055,2026-08-18,848.000000,13.309493,0.475376,64291.980000,64256.940000
29784369,2026-08-18T14:09,64232.100000,-0.146600,-0.040095,2026-08-18,896.000000,3.131063,0.563463,64263.420000,64232.100000
29784370,2026-08-18T14:10,64226.510000,-0.461300,0.171082,2026-08-18,609.000000,4.159101,0.226150,64232.150000,64207.260000
29784371,2026-08-18T14:11,64198.990000,-0.008000,-0.547257,2026-08-18,830.000000,5.840003,0.263743,64248.650000,64198.980000
29784372,2026-08-18T14:12,64216.810000,0.204800,-0.472527,2026-08-18,628.000000,4.190803,0.769973,64225.530000,64194.840000
29784373,2026-08-18T14:13,64189.170000,0.804900,0.540116,2026-08-18,738.000000,3.257550,0.509588,64211.410000,64186.560000
29784374,2026-08-18T14:14,64200.130000,0.602700,0.018835,2026-08-18,671.000000,7.732540,0.177176,64207.810000,64185.000000
29784375,2026-08-18T14:15,64205.270000,0.745000,-0.577379,2026-08-18,612.000000,2.828556,0.697028,64217.340000,64192.000000
29784376,2026-08-18T14:16,64220.290000,0.680400,0.312749,2026-08-18,867.000000,3.371694,0.638690,64225.930000,64194.840000
29784377,2026-08-18T14:17,64222.210000,0.120100,0.277379,2026-08-18,687.000000,8.559440,0.541822,64248.370000,64220.280000
29784378,2026-08-18T14:18,64286.290000,0.971400,0.083644,2026-08-18,1095.000000,4.852593,0.879328,64286.290000,64216.910000
29784379,2026-08-18T14:19,64404.210000,0.384300,0.759179,2026-08-18,3902.000000,50.481020,0.685758,64431.780000,64286.280000
29784380,2026-08-18T14:20,64436.510000,0.600900,0.373287,2026-08-18,1838.000000,17.232455,0.523729,64474.410000,64398.680000
29784381,2026-08-18T14:21,64442.990000,0.529600,0.037972,2026-08-18,1926.000000,19.878824,0.263851,64452.740000,64410.210000
29784382,2026-08-18T14:22,64521.290000,0.587600,-0.490318,2026-08-18,2128.000000,20.229328,0.584735,64527.210000,64435.150000
29784383,2026-08-18T14:23,64628.080000,0.692200,0.190793,2026-08-18,5687.000000,70.158161,0.671056,64669.990000,64512.800000
29784384,2026-08-18T14:24,64675.900000,0.533900,0.350226,2026-08-18,5210.000000,57.303037,0.594766,64702.000000,64637.800000
29784385,2026-08-18T14:25,64720.210000,0.659900,0.188896,2026-08-18,6044.000000,55.553508,0.485269,64750.380000,64677.940000
29784386,2026-08-18T14:26,64848.070000,0.526900,-0.020787,2026-08-18,8246.000000,77.678205,0.526220,64863.680000,64717.010000
29784387,2026-08-18T14:27,64904.680000,0.253700,0.044052,2026-08-18,7201.000000,82.829065,0.518218,64919.340000,64814.950000
29784388,2026-08-18T14:28,64951.510000,0.762800,0.034029,2026-08-18,8052.000000,61.564008,0.462139,64955.360000,64874.980000
29784389,2026-08-18T14:29,64951.350000,0.357600,-0.083744,2026-08-18,8915.000000,78.231189,0.365727,64998.600000,64927.620000
29784390,2026-08-18T14:30,64974.820000,-0.433100,-0.261733,2026-08-18,722.000000,20.324043,0.523266,65000.000000,64936.990000
29784391,2026-08-18T14:31,64798.930000,-0.046800,0.060919,2026-08-18,5199.000000,99.330223,0.386283,65020.000000,64795.810000
29784392,2026-08-18T14:32,64834.760000,0.151900,-0.232570,2026-08-18,7225.000000,45.204051,0.289525,64846.030000,64742.430000
29784393,2026-08-18T14:33,64753.260000,0.402700,-0.421918,2026-08-18,3228.000000,28.789082,0.470821,64843.290000,64732.410000
29784394,2026-08-18T14:34,64761.770000,0.357400,-0.065260,2026-08-18,1810.000000,16.402013,0.522150,64818.770000,64753.500000
29784395,2026-08-18T14:35,64779.120000,0.270800,0.073915,2026-08-18,581.000000,8.682613,0.628091,64794.710000,64761.780000
29784396,2026-08-18T14:36,64776.430000,0.430400,0.262129,2026-08-18,780.000000,10.157860,0.762990,64807.220000,64762.020000
29784397,2026-08-18T14:37,64753.400000,0.036200,0.526080,2026-08-18,777.000000,10.197651,0.277008,64775.370000,64733.040000
29784398,2026-08-18T14:38,64747.480000,-0.877100,-0.446296,2026-08-18,1161.000000,7.430655,0.597360,64778.290000,64746.510000
29784399,2026-08-18T14:39,64724.770000,0.257700,0.239394,2026-08-18,968.000000,5.373864,0.455163,64750.310000,64724.770000
29784400,2026-08-18T14:40,64689.510000,0.174000,-0.196129,2026-08-18,550.000000,3.356720,0.317835,64740.680000,64683.360000
29784401,2026-08-18T14:41,64780.710000,0.901600,-0.364323,2026-08-18,1034.000000,6.821218,0.624650,64780.720000,64689.510000
29784402,2026-08-18T14:42,64766.210000,0.292400,0.182069,2026-08-18,909.000000,17.697618,0.278428,64787.760000,64761.280000
29784403,2026-08-18T14:43,64768.920000,-0.735500,-0.431248,2026-08-18,1228.000000,19.702603,0.386728,64771.300000,64720.000000
29784404,2026-08-18T14:44,64737.260000,0.356700,-0.225845,2026-08-18,623.000000,3.752041,0.378043,64777.640000,64737.180000
29784405,2026-08-18T14:45,64750.290000,0.457600,-0.312875,2026-08-18,1608.000000,21.226150,0.304505,64762.020000,64708.200000
29784406,2026-08-18T14:46,64748.760000,0.549900,-0.390211,2026-08-18,1319.000000,13.027290,0.656315,64757.150000,64726.780000
29784407,2026-08-18T14:47,64700.010000,0.791400,0.406249,2026-08-18,711.000000,5.080270,0.593592,64760.490000,64700.000000
29784408,2026-08-18T14:48,64736.490000,0.873500,0.024038,2026-08-18,693.000000,4.762059,0.774083,64736.500000,64700.000000
29784409,2026-08-18T14:49,64757.870000,0.945900,0.509309,2026-08-18,665.000000,4.928760,0.834858,64757.860000,64726.330000
29784410,2026-08-18T14:50,64774.440000,0.492500,0.672521,2026-08-18,1601.000000,9.610654,0.498915,64784.840000,64757.870000
29784411,2026-08-18T14:51,64733.790000,0.130200,0.101121,2026-08-18,661.000000,10.448586,0.271205,64802.310000,64733.780000
29784412,2026-08-18T14:52,64662.690000,0.383700,-0.646249,2026-08-18,556.000000,5.987445,0.482555,64739.940000,64662.670000
29784413,2026-08-18T14:53,64652.290000,-0.360000,0.016843,2026-08-18,621.000000,7.055996,0.508469,64684.580000,64614.240000
29784414,2026-08-18T14:54,64699.930000,-0.728300,-0.000471,2026-08-18,599.000000,8.481778,0.764293,64716.540000,64645.810000
29784415,2026-08-18T14:55,64680.600000,0.612900,0.481243,2026-08-18,497.000000,4.257104,0.624190,64698.640000,64668.980000
29784416,2026-08-18T14:56,64704.430000,0.706200,0.304571,2026-08-18,918.000000,5.132426,0.665005,64706.440000,64662.660000
29784417,2026-08-18T14:57,64680.760000,0.273900,0.361893,2026-08-18,952.000000,9.006428,0.674523,64724.770000,64673.280000
29784418,2026-08-18T14:58,64700.440000,0.271600,0.342257,2026-08-18,552.000000,5.901811,0.816740,64703.830000,64675.450000
29784419,2026-08-18T14:59,64668.150000,-0.224500,0.626743,2026-08-18,512.000000,5.666878,0.664012,64697.970000,64661.130000
29784420,2026-08-18T15:00,64723.760000,-0.891400,0.280472,2026-08-18,926.000000,5.457413,0.662105,64728.020000,64666.550000
29784421,2026-08-18T15:01,64684.670000,0.075500,0.386084,2026-08-18,699.000000,7.418805,0.628271,64725.520000,64683.360000
29784422,2026-08-18T15:02,64701.490000,0.818600,0.255735,2026-08-18,633.000000,5.295704,0.640976,64713.050000,64676.010000
29784423,2026-08-18T15:03,64685.170000,0.913800,0.262087,2026-08-18,570.000000,5.895731,0.563908,64716.990000,64663.800000
29784424,2026-08-18T15:04,64742.460000,0.464700,0.138772,2026-08-18,806.000000,6.895581,0.680821,64749.890000,64685.160000
29784425,2026-08-18T15:05,64746.430000,0.812700,0.400954,2026-08-18,762.000000,11.549877,0.446741,64756.990000,64718.070000
29784426,2026-08-18T15:06,64733.990000,0.415900,-0.167745,2026-08-18,1137.000000,12.351014,0.604898,64776.170000,64722.300000
29784427,2026-08-18T15:07,64704.010000,-0.341000,0.222109,2026-08-18,554.000000,4.558865,0.687706,64733.990000,64704.000000
29784428,2026-08-18T15:08,64668.320000,-0.230400,0.380335,2026-08-18,492.000000,3.161733,0.609250,64706.310000,64666.800000
29784429,2026-08-18T15:09,64637.820000,0.049100,0.259713,2026-08-18,435.000000,4.902793,0.792481,64669.320000,64629.990000
29784430,2026-08-18T15:10,64610.380000,0.560100,0.571465,2026-08-18,531.000000,5.092889,0.716881,64637.830000,64601.320000
29784431,2026-08-18T15:11,64696.460000,0.799200,0.432022,2026-08-18,950.000000,6.274550,0.906086,64696.460000,64601.390000
29784432,2026-08-18T15:12,64692.790000,0.256300,0.817531,2026-08-18,760.000000,24.334338,0.333454,64713.330000,64692.420000
29784433,2026-08-18T15:13,64695.570000,-0.117000,-0.341497,2026-08-18,669.000000,20.259530,0.509014,64706.800000,64673.010000
29784434,2026-08-18T15:14,64684.990000,0.599100,0.017380,2026-08-18,709.000000,5.565260,0.233003,64695.590000,64680.000000
29784435,2026-08-18T15:15,64706.490000,-0.940100,-0.511809,2026-08-18,753.000000,10.363413,0.433218,64716.700000,64667.400000
29784436,2026-08-18T15:16,64701.880000,0.634200,-0.149247,2026-08-18,949.000000,16.283976,0.213370,64728.220000,64699.930000
29784437,2026-08-18T15:17,64741.570000,-0.959500,-0.571137,2026-08-18,795.000000,5.637671,0.849895,64750.330000,64701.880000
29784438,2026-08-18T15:18,64724.540000,0.313800,0.699805,2026-08-18,579.000000,3.719647,0.795434,64758.780000,64712.340000
29784439,2026-08-18T15:19,64713.820000,-0.390300,0.596425,2026-08-18,520.000000,5.576435,0.537311,64732.180000,64712.340000
29784440,2026-08-18T15:20,64726.940000,-0.773800,0.073228,2026-08-18,414.000000,2.913516,0.867298,64729.670000,64713.810000
29784441,2026-08-18T15:21,64723.880000,-0.754800,0.730664,2026-08-18,555.000000,3.375533,0.776767,64738.210000,64716.480000
29784442,2026-08-18T15:22,64734.150000,0.635900,0.553460,2026-08-18,683.000000,5.545661,0.579394,64736.820000,64704.140000
29784443,2026-08-18T15:23,64701.760000,0.613500,0.102681,2026-08-18,746.000000,4.238424,0.357160,64734.160000,64700.000000
29784444,2026-08-18T15:24,64708.760000,0.526200,-0.234860,2026-08-18,665.000000,6.528007,0.766666,64719.090000,64675.000000
29784445,2026-08-18T15:25,64747.070000,0.501100,0.532560,2026-08-18,781.000000,6.415447,0.704340,64757.980000,64698.980000
29784446,2026-08-18T15:26,64754.820000,0.954600,0.407305,2026-08-18,488.000000,4.629184,0.799118,64754.830000,64720.630000
29784447,2026-08-18T15:27,64782.710000,0.694000,0.517751,2026-08-18,1235.000000,16.651601,0.812436,64785.170000,64746.010000
29784448,2026-08-18T15:28,64788.240000,-0.381800,0.648792,2026-08-18,1114.000000,13.071535,0.695924,64796.910000,64766.160000
29784449,2026-08-18T15:29,64753.740000,0.430000,0.377694,2026-08-18,797.000000,4.974734,0.489269,64791.990000,64753.740000
29784450,2026-08-18T15:30,64778.570000,0.972500,-0.030184,2026-08-18,698.000000,6.739608,0.848855,64778.570000,64749.600000
29784451,2026-08-18T15:31,64784.100000,-0.170900,0.747513,2026-08-18,1768.000000,26.605389,0.637345,64819.490000,64774.440000
29784452,2026-08-18T15:32,64757.880000,0.701500,0.274688,2026-08-18,607.000000,4.838173,0.782714,64783.120000,64745.010000
29784453,2026-08-18T15:33,64784.960000,0.837100,0.570343,2026-08-18,489.000000,2.848252,0.851609,64784.960000,64757.870000
29784454,2026-08-18T15:34,64833.210000,0.269200,0.714592,2026-08-18,962.000000,6.556515,0.671581,64833.230000,64784.960000
29784455,2026-08-18T15:35,64788.400000,-0.824700,0.271953,2026-08-18,1087.000000,7.534974,0.607595,64833.510000,64786.860000
29784456,2026-08-18T15:36,64768.520000,0.333200,0.247140,2026-08-18,782.000000,5.662938,0.750168,64795.860000,64763.900000
29784457,2026-08-18T15:37,64772.180000,0.759600,0.521207,2026-08-18,640.000000,3.714639,0.643392,64777.760000,64762.020000
29784458,2026-08-18T15:38,64799.850000,0.916700,0.353033,2026-08-18,900.000000,4.747548,0.789388,64823.140000,64772.180000
29784459,2026-08-18T15:39,64801.190000,0.378800,0.549905,2026-08-18,660.000000,1.934894,0.722475,64806.440000,64792.570000
29784460,2026-08-18T15:40,64803.880000,0.529400,0.202204,2026-08-18,477.000000,2.332240,0.746395,64806.890000,64781.420000
29784461,2026-08-18T15:41,64799.980000,0.328800,0.747844,2026-08-18,606.000000,3.136311,0.500821,64804.310000,64776.590000
29784462,2026-08-18T15:42,64806.980000,-0.982900,0.002788,2026-08-18,605.000000,7.786788,0.516296,64823.390000,64799.970000
29784463,2026-08-18T15:43,64767.560000,0.637300,0.029072,2026-08-18,524.000000,3.557912,0.774664,64806.970000,64767.370000
29784464,2026-08-18T15:44,64771.240000,0.802000,0.559397,2026-08-18,572.000000,2.356648,0.766676,64780.330000,64768.790000
29784465,2026-08-18T15:45,64787.240000,0.950500,0.533543,2026-08-18,669.000000,9.714198,0.488290,64787.240000,64753.740000
29784466,2026-08-18T15:46,64830.010000,0.731800,-0.023548,2026-08-18,814.000000,8.680311,0.916535,64842.010000,64787.240000
29784467,2026-08-18T15:47,64830.210000,0.927700,0.833377,2026-08-18,516.000000,4.910370,0.497365,64830.220000,64818.990000
29784468,2026-08-18T15:48,64813.150000,0.666700,-0.005269,2026-08-18,832.000000,19.332705,0.504926,64850.000000,64812.030000
29784469,2026-08-18T15:49,64783.810000,-0.824200,0.009855,2026-08-18,632.000000,4.337402,0.838894,64813.160000,64783.800000
29784470,2026-08-18T15:50,64774.440000,0.742700,0.701248,2026-08-18,531.000000,4.100295,0.905279,64796.900000,64765.000000
29784471,2026-08-18T15:51,64829.960000,0.948900,0.793393,2026-08-18,494.000000,3.005973,0.882022,64829.960000,64774.440000
29784472,2026-08-18T15:52,64815.730000,0.971400,0.764162,2026-08-18,1029.000000,12.317881,0.310268,64829.960000,64805.700000
29784473,2026-08-18T15:53,64819.990000,0.266000,-0.379631,2026-08-18,630.000000,3.743077,0.728733,64829.980000,64817.490000
29784474,2026-08-18T15:54,64815.070000,-0.522900,0.457585,2026-08-18,368.000000,1.876187,0.810319,64820.000000,64807.000000
29784475,2026-08-18T15:55,64812.650000,-0.090600,0.620003,2026-08-18,743.000000,4.999426,0.894999,64823.510000,64805.440000
29784476,2026-08-18T15:56,64825.710000,0.954500,0.790302,2026-08-18,382.000000,1.739943,0.966078,64825.710000,64812.640000
29784477,2026-08-18T15:57,64810.520000,0.900600,0.932060,2026-08-18,534.000000,5.279658,0.568609,64825.700000,64802.240000
29784478,2026-08-18T15:58,64819.350000,0.576600,0.153287,2026-08-18,460.000000,4.627349,0.473270,64824.560000,64810.520000
29784479,2026-08-18T15:59,64811.690000,0.975900,-0.076777,2026-08-18,606.000000,15.508479,0.242554,64819.360000,64796.010000
29784480,2026-08-18T16:00,64840.000000,0.206900,-0.412717,2026-08-18,1021.000000,14.799265,0.540893,64853.890000,64811.700000
29784481,2026-08-18T16:01,64843.540000,0.860300,0.006232,2026-08-18,591.000000,4.474501,0.754903,64851.050000,64836.540000
29784482,2026-08-18T16:02,64826.960000,0.613200,0.699749,2026-08-18,814.000000,10.589114,0.652637,64859.950000,64824.120000
29784483,2026-08-18T16:03,64816.080000,0.090300,0.072086,2026-08-18,865.000000,5.609375,0.778506,64842.400000,64812.010000
29784484,2026-08-18T16:04,64814.100000,-0.206100,0.397632,2026-08-18,877.000000,11.182027,0.861811,64821.550000,64803.430000
29784485,2026-08-18T16:05,64836.380000,0.913000,0.819879,2026-08-18,640.000000,15.387589,0.892418,64838.380000,64803.000000
29784486,2026-08-18T16:06,64819.020000,-0.741200,0.784795,2026-08-18,567.000000,2.307553,0.719111,64839.340000,64815.840000
29784487,2026-08-18T16:07,64786.400000,0.746900,0.438484,2026-08-18,609.000000,4.949266,0.564219,64819.020000,64780.400000
29784488,2026-08-18T16:08,64753.740000,0.727000,0.097941,2026-08-18,765.000000,5.375309,0.880359,64786.410000,64751.200000
29784489,2026-08-18T16:09,64738.070000,0.581800,0.804580,2026-08-18,848.000000,8.977473,0.495359,64779.070000,64733.040000
29784490,2026-08-18T16:10,64712.150000,0.572500,-0.008507,2026-08-18,1395.000000,11.947267,0.612008,64738.080000,64697.700000
29784491,2026-08-18T16:11,64710.040000,0.915500,0.224015,2026-08-18,1092.000000,7.271243,0.562648,64729.970000,64700.000000
29784492,2026-08-18T16:12,64711.990000,0.401800,0.125295,2026-08-18,983.000000,10.233302,0.907745,64728.500000,64701.010000
29784493,2026-08-18T16:13,64710.650000,0.050600,0.815491,2026-08-18,805.000000,12.297996,0.403875,64722.010000,64704.060000
29784494,2026-08-18T16:14,64708.670000,0.747200,-0.192320,2026-08-18,568.000000,4.197410,0.904187,64712.610000,64703.010000
29784495,2026-08-18T16:15,64700.010000,0.044100,0.808806,2026-08-18,886.000000,6.676640,0.785919,64714.740000,64700.000000
29784496,2026-08-18T16:16,64709.350000,0.630700,0.571839,2026-08-18,730.000000,4.954650,0.869912,64713.860000,64697.680000
29784497,2026-08-18T16:17,64680.180000,0.148500,0.739840,2026-08-18,665.000000,3.804008,0.542667,64704.020000,64675.080000
29784498,2026-08-18T16:18,64666.810000,0.652600,0.086322,2026-08-18,625.000000,2.003208,0.592296,64680.190000,64666.800000
29784499,2026-08-18T16:19,64699.260000,0.968300,0.182957,2026-08-18,773.000000,5.598709,0.647674,64699.870000,64666.800000
29784500,2026-08-18T16:20,64696.730000,0.889900,0.298483,2026-08-18,573.000000,1.970689,0.683296,64702.740000,64690.490000
29784501,2026-08-18T16:21,64694.540000,0.542500,0.358446,2026-08-18,544.000000,3.473568,0.817801,64705.310000,64686.020000
29784502,2026-08-18T16:22,64690.460000,0.812000,0.635601,2026-08-18,541.000000,2.956019,0.738138,64695.220000,64682.070000
29784503,2026-08-18T16:23,64691.430000,0.982300,0.472789,2026-08-18,629.000000,4.498826,0.835681,64691.420000,64680.000000
29784504,2026-08-18T16:24,64684.290000,0.972800,0.564753,2026-08-18,672.000000,2.155765,0.647743,64691.430000,64675.500000
29784505,2026-08-18T16:25,64684.260000,-0.397600,0.531288,2026-08-18,471.000000,2.608041,0.854849,64693.700000,64684.220000
29784506,2026-08-18T16:26,64675.510000,0.440900,0.702826,2026-08-18,566.000000,2.764411,0.697842,64690.470000,64675.500000
29784507,2026-08-18T16:27,64651.430000,0.481700,0.291938,2026-08-18,633.000000,3.205226,0.654411,64675.510000,64651.420000
29784508,2026-08-18T16:28,64654.760000,0.911400,0.426381,2026-08-18,466.000000,1.896571,0.771034,64660.490000,64651.420000
29784509,2026-08-18T16:29,64661.820000,-0.844100,0.519882,2026-08-18,468.000000,7.275203,0.231440,64664.990000,64654.760000
29784510,2026-08-18T16:30,64668.020000,0.935100,-0.488956,2026-08-18,573.000000,4.025526,0.769050,64668.020000,64646.100000
29784511,2026-08-18T16:31,64633.430000,0.105000,0.604107,2026-08-18,592.000000,3.891483,0.608232,64668.030000,64629.510000
29784512,2026-08-18T16:32,64649.430000,0.684500,0.216456,2026-08-18,637.000000,4.505449,0.660353,64653.980000,64632.170000
29784513,2026-08-18T16:33,64693.460000,0.802200,0.319225,2026-08-18,734.000000,2.952219,0.936202,64699.570000,64649.430000
29784514,2026-08-18T16:34,64706.580000,-0.972000,0.875718,2026-08-18,475.000000,2.815700,0.770916,64708.200000,64681.520000
29784515,2026-08-18T16:35,64706.170000,0.941600,0.541832,2026-08-18,609.000000,3.182389,0.574032,64706.580000,64695.740000
29784516,2026-08-18T16:36,64709.020000,0.870100,0.147432,2026-08-18,324.000000,0.941594,0.592175,64709.030000,64699.130000
29784517,2026-08-18T16:37,64734.260000,0.930100,0.186560,2026-08-18,566.000000,2.707000,0.816800,64734.250000,64709.020000
29784518,2026-08-18T16:38,64748.990000,0.915500,0.633552,2026-08-18,389.000000,1.081948,0.806994,64748.980000,64732.960000
29784519,2026-08-18T16:39,64749.600000,0.854400,0.604944,2026-08-18,543.000000,3.276328,0.628044,64756.770000,64737.180000
29784520,2026-08-18T16:40,64762.020000,0.584200,0.255558,2026-08-18,724.000000,4.087044,0.841212,64778.030000,64737.360000
29784521,2026-08-18T16:41,64753.810000,0.602400,0.708806,2026-08-18,716.000000,3.489921,0.871126,64769.570000,64753.740000
29784522,2026-08-18T16:42,64773.710000,0.920900,0.742762,2026-08-18,495.000000,3.914582,0.918219,64777.000000,64753.800000
29784523,2026-08-18T16:43,64753.730000,-0.445500,0.836048,2026-08-18,685.000000,2.591544,0.691171,64773.710000,64752.440000
29784524,2026-08-18T16:44,64745.460000,0.402700,0.382283,2026-08-18,427.000000,2.537558,0.819011,64753.730000,64743.040000
29784525,2026-08-18T16:45,64738.100000,0.550800,0.561304,2026-08-18,464.000000,2.851322,0.746369,64746.000000,64736.300000
29784526,2026-08-18T16:46,64794.120000,0.450100,0.569331,2026-08-18,845.000000,4.935150,0.883931,64800.400000,64738.100000
29784527,2026-08-18T16:47,64773.010000,0.763400,0.715265,2026-08-18,566.000000,2.931571,0.787152,64788.500000,64766.160000
29784528,2026-08-18T16:48,64791.010000,-0.764900,0.643584,2026-08-18,758.000000,10.169691,0.951581,64836.380000,64773.010000
29784529,2026-08-18T16:49,64766.820000,0.890500,0.903162,2026-08-18,624.000000,2.663274,0.442414,64791.000000,64764.020000
29784530,2026-08-18T16:50,64769.260000,0.950500,-0.115208,2026-08-18,629.000000,2.232422,0.904734,64770.560000,64757.880000
29784531,2026-08-18T16:51,64758.380000,0.354400,0.809556,2026-08-18,576.000000,3.380781,0.551800,64770.300000,64752.590000
29784532,2026-08-18T16:52,64783.810000,0.857100,0.137142,2026-08-18,449.000000,4.555378,0.946910,64783.810000,64758.370000
29784533,2026-08-18T16:53,64781.740000,0.654900,0.890666,2026-08-18,506.000000,2.164382,0.674848,64785.540000,64781.000000
29784534,2026-08-18T16:54,64775.730000,-0.910800,0.349697,2026-08-18,646.000000,4.011026,0.796352,64788.710000,64774.440000
29784535,2026-08-18T16:55,64770.010000,0.151800,0.592704,2026-08-18,723.000000,6.363586,0.750640,64776.700000,64758.660000
29784536,2026-08-18T16:56,64795.510000,-0.819800,0.584621,2026-08-18,1639.000000,44.521667,0.879964,64800.000000,64770.000000
29784537,2026-08-18T16:57,64797.520000,-0.246600,0.750000,2026-08-18,426.000000,3.646315,0.859775,64798.270000,64778.030000
29784538,2026-08-18T16:58,64787.460000,-0.601200,0.753278,2026-08-18,734.000000,2.716896,0.562065,64797.530000,64786.150000
29784539,2026-08-18T16:59,64795.180000,-0.804600,0.260731,2026-08-18,528.000000,8.326174,0.756252,64799.990000,64781.000000
29784540,2026-08-18T17:00,64758.380000,0.415000,0.481239,2026-08-18,732.000000,7.327989,0.689560,64799.990000,64758.380000
29784541,2026-08-18T17:01,64740.570000,-0.271700,0.379106,2026-08-18,407.000000,3.166417,0.642250,64761.370000,64739.260000
29784542,2026-08-18T17:02,64744.350000,0.564300,0.212111,2026-08-18,501.000000,4.617638,0.526615,64757.450000,64737.180000
29784543,2026-08-18T17:03,64760.850000,0.928900,0.138703,2026-08-18,485.000000,2.480761,0.870429,64760.850000,64742.070000
29784544,2026-08-18T17:04,64771.810000,0.855700,0.717113,2026-08-18,587.000000,1.817624,0.766971,64771.800000,64751.570000
29784545,2026-08-18T17:05,64771.730000,-0.815700,0.377350,2026-08-18,442.000000,1.720595,0.693315,64774.770000,64767.740000
29784546,2026-08-18T17:06,64750.540000,0.192400,0.583736,2026-08-18,634.000000,3.595369,0.233303,64771.730000,64750.010000
29784547,2026-08-18T17:07,64748.490000,-0.276600,-0.533395,2026-08-18,431.000000,1.536888,0.675466,64750.540000,64745.470000
29784548,2026-08-18T17:08,64734.990000,0.677800,0.350931,2026-08-18,307.000000,1.856514,0.517576,64748.490000,64733.460000
29784549,2026-08-18T17:09,64742.980000,0.761600,0.035152,2026-08-18,458.000000,14.562216,0.878494,64749.990000,64733.460000
29784550,2026-08-18T17:10,64739.070000,0.845200,0.758480,2026-08-18,426.000000,6.947856,0.929088,64744.660000,64737.180000
29784551,2026-08-18T17:11,64735.760000,0.148800,0.856367,2026-08-18,393.000000,0.746418,0.469812,64739.100000,64734.460000
29784552,2026-08-18T17:12,64744.600000,0.960600,-0.240605,2026-08-18,435.000000,1.620885,0.588411,64744.600000,64729.990000
29784553,2026-08-18T17:13,64757.260000,0.957000,0.398142,2026-08-18,421.000000,20.958667,0.946570,64757.940000,64744.590000
29784554,2026-08-18T17:14,64761.810000,0.961500,0.893099,2026-08-18,329.000000,0.537695,0.275526,64761.810000,64754.810000
29784555,2026-08-18T17:15,64751.010000,0.570900,-0.448655,2026-08-18,730.000000,4.631119,0.209171,64761.800000,64746.520000
29784556,2026-08-18T17:16,64720.620000,-0.891100,-0.586921,2026-08-18,565.000000,1.562313,0.350079,64746.530000,64716.870000
29784557,2026-08-18T17:17,64734.490000,0.937600,-0.269121,2026-08-18,393.000000,2.966197,0.819087,64734.500000,64720.620000
29784558,2026-08-18T17:18,64731.560000,-0.471500,0.638046,2026-08-18,532.000000,2.220559,0.751849,64737.480000,64729.470000
29784559,2026-08-18T17:19,64733.060000,-0.608600,0.503760,2026-08-18,111.000000,0.238430,0.605882,64733.060000,64731.550000
29784560,2026-08-18T17:20,64745.240000,-0.619900,0.208309,2026-08-18,1020.000000,5.724453,0.614461,64759.060000,64731.750000
29784561,2026-08-18T17:21,64773.400000,0.498400,0.330672,2026-08-18,505.000000,2.591709,0.757496,64773.410000,64745.250000
29784562,2026-08-18T17:22,64766.520000,0.725300,0.269756,2026-08-18,473.000000,2.390523,0.453460,64777.000000,64758.500000
29784563,2026-08-18T17:23,64769.070000,0.824600,-0.093142,2026-08-18,354.000000,2.153678,0.851605,64769.070000,64760.010000
29784564,2026-08-18T17:24,64765.920000,0.831800,0.703963,2026-08-18,561.000000,3.871775,0.756131,64770.770000,64761.090000
29784565,2026-08-18T17:25,64758.130000,0.021500,0.511566,2026-08-18,376.000000,1.888648,0.733370,64767.610000,64753.750000
29784566,2026-08-18T17:26,64756.080000,0.601100,0.466740,2026-08-18,575.000000,2.148630,0.758529,64758.620000,64755.640000
29784567,2026-08-18T17:27,64764.150000,-0.792700,0.520448,2026-08-18,423.000000,1.719082,0.841605,64766.360000,64756.080000
29784568,2026-08-18T17:28,64784.070000,0.012800,0.657555,2026-08-18,555.000000,3.346415,0.772829,64788.250000,64763.000000
29784569,2026-08-18T17:29,64791.260000,0.863400,0.516515,2026-08-18,410.000000,2.318186,0.616580,64798.370000,64784.070000
29784570,2026-08-18T17:30,64761.460000,0.371900,0.247821,2026-08-18,700.000000,7.086910,0.203524,64792.250000,64757.880000
29784571,2026-08-18T17:31,64792.040000,0.818200,-0.590746,2026-08-18,338.000000,2.211443,0.967739,64792.050000,64761.450000
29784572,2026-08-18T17:32,64768.630000,-0.447600,0.935477,2026-08-18,556.000000,2.627117,0.451728,64792.050000,64766.160000
29784573,2026-08-18T17:33,64765.930000,-0.390000,-0.096543,2026-08-18,501.000000,3.287367,0.769452,64768.640000,64760.750000
29784574,2026-08-18T17:34,64748.350000,-0.135500,0.511514,2026-08-18,649.000000,1.801347,0.550726,64765.930000,64748.320000
29784575,2026-08-18T17:35,64705.010000,0.765900,0.034476,2026-08-18,1141.000000,13.885586,0.209091,64748.340000,64691.630000
29784576,2026-08-18T17:36,64702.820000,0.528800,-0.586857,2026-08-18,711.000000,2.454620,0.340666,64718.990000,64702.810000
29784577,2026-08-18T17:37,64702.820000,0.290500,-0.316821,2026-08-18,595.000000,1.988443,0.583424,64721.360000,64700.000000
29784578,2026-08-18T17:38,64721.730000,0.920400,0.163826,2026-08-18,398.000000,1.701464,0.835077,64724.430000,64702.810000
29784579,2026-08-18T17:39,64729.240000,0.946800,0.669834,2026-08-18,344.000000,0.936965,0.678207,64729.250000,64721.730000
29784580,2026-08-18T17:40,64712.350000,-0.779000,0.123078,2026-08-18,631.000000,1.681747,0.369747,64729.240000,64712.340000
29784581,2026-08-18T17:41,64675.080000,-0.344800,-0.163558,2026-08-18,796.000000,2.130964,0.227616,64712.360000,64675.080000
29784582,2026-08-18T17:42,64696.070000,0.449200,-0.482625,2026-08-18,463.000000,2.158210,0.734091,64701.230000,64675.080000
29784583,2026-08-18T17:43,64688.120000,0.575600,0.443204,2026-08-18,388.000000,1.280867,0.459501,64696.080000,64683.360000
29784584,2026-08-18T17:44,64685.400000,-0.641400,-0.078781,2026-08-18,644.000000,1.736741,0.911981,64685.610000,64683.360000
29784585,2026-08-18T17:45,64687.350000,0.059700,0.827271,2026-08-18,598.000000,2.028534,0.481529,64697.110000,64685.390000
29784586,2026-08-18T17:46,64677.880000,-0.774800,-0.054000,2026-08-18,646.000000,3.410819,0.416532,64690.520000,64675.080000
29784587,2026-08-18T17:47,64662.690000,-0.252900,-0.165441,2026-08-18,711.000000,3.140191,0.689179,64678.550000,64662.670000
29784588,2026-08-18T17:48,64661.990000,-0.243500,0.381413,2026-08-18,677.000000,6.974331,0.269242,64662.700000,64653.000000
29784589,2026-08-18T17:49,64657.380000,-0.780800,-0.465821,2026-08-18,533.000000,2.242826,0.727341,64662.000000,64654.380000
29784590,2026-08-18T17:50,64660.290000,-0.817500,0.454682,2026-08-18,390.000000,2.245757,0.936532,64660.290000,64657.370000
29784591,2026-08-18T17:51,64662.670000,-0.957600,0.873064,2026-08-18,709.000000,3.800375,0.535158,64672.640000,64646.100000
29784592,2026-08-18T17:52,64665.150000,0.901000,0.056623,2026-08-18,651.000000,1.779719,0.598763,64665.150000,64649.000000
29784593,2026-08-18T17:53,64675.980000,-0.950500,0.235521,2026-08-18,420.000000,2.516006,0.974474,64682.000000,64665.140000
29784594,2026-08-18T17:54,64662.670000,-0.056700,0.948948,2026-08-18,677.000000,1.830743,0.661624,64679.000000,64662.660000
29784595,2026-08-18T17:55,64667.010000,-0.134200,0.323809,2026-08-18,463.000000,1.784998,0.905485,64669.080000,64662.660000
29784596,2026-08-18T17:56,64665.290000,-0.616800,0.811425,2026-08-18,592.000000,2.503867,0.733798,64674.720000,64665.000000
29784597,2026-08-18T17:57,64647.000000,0.377200,0.466331,2026-08-18,797.000000,3.913277,0.158054,64665.380000,64646.900000
29784598,2026-08-18T17:58,64636.850000,0.095300,-0.683898,2026-08-18,819.000000,1.795886,0.736197,64657.430000,64636.520000
29784599,2026-08-18T17:59,64629.560000,-0.950900,0.471024,2026-08-18,675.000000,1.396091,0.282014,64636.850000,64628.280000
29784600,2026-08-18T18:00,64625.380000,0.695700,-0.473045,2026-08-18,558.000000,2.071581,0.858421,64629.560000,64623.010000
29784601,2026-08-18T18:01,64630.270000,0.637700,0.812006,2026-08-18,426.000000,2.338558,0.752496,64630.870000,64625.370000
29784602,2026-08-18T18:02,64622.790000,0.550900,0.478276,2026-08-18,472.000000,4.405380,0.448437,64636.870000,64618.300000
29784603,2026-08-18T18:03,64626.210000,0.277700,-0.099249,2026-08-18,794.000000,2.202863,0.601688,64633.920000,64611.280000
29784604,2026-08-18T18:04,64639.510000,0.794300,0.203296,2026-08-18,343.000000,1.107643,0.580945,64639.530000,64625.960000
29784605,2026-08-18T18:05,64636.290000,-0.510000,0.161890,2026-08-18,731.000000,3.242305,0.823503,64650.000000,64635.000000
29784606,2026-08-18T18:06,64637.540000,-0.507900,0.647006,2026-08-18,492.000000,1.150145,0.672854,64637.540000,64635.000000
29784607,2026-08-18T18:07,64647.990000,0.657700,0.345707,2026-08-18,284.000000,0.846989,0.853016,64648.000000,64637.530000
29784608,2026-08-18T18:08,64658.330000,-0.766600,0.706275,2026-08-18,998.000000,3.324139,0.495552,64673.520000,64647.990000
29784609,2026-08-18T18:09,64658.880000,0.810600,-0.038318,2026-08-18,564.000000,2.113254,0.694463,64658.890000,64646.100000
29784610,2026-08-18T18:10,64669.170000,-0.685000,0.458568,2026-08-18,395.000000,1.487612,0.605188,64669.670000,64658.880000
29784611,2026-08-18T18:11,64659.420000,-0.664500,0.211221,2026-08-18,610.000000,2.729988,0.686926,64669.170000,64657.080000
29784612,2026-08-18T18:12,64659.900000,0.397400,0.373507,2026-08-18,676.000000,2.543246,0.573507,64660.200000,64655.010000
29784613,2026-08-18T18:13,64695.010000,0.710500,0.147850,2026-08-18,792.000000,2.609628,0.795530,64697.940000,64659.890000
29784614,2026-08-18T18:14,64698.760000,0.863300,0.593784,2026-08-18,356.000000,1.119579,0.697684,64700.380000,64694.010000
29784615,2026-08-18T18:15,64696.760000,0.818500,0.384370,2026-08-18,350.000000,1.765552,0.707366,64703.600000,64696.450000
29784616,2026-08-18T18:16,64695.510000,-0.904600,0.414732,2026-08-18,437.000000,1.848063,0.867919,64697.760000,64694.210000
29784617,2026-08-18T18:17,64704.040000,0.689400,0.665777,2026-08-18,578.000000,3.459714,0.809361,64709.930000,64687.500000
29784618,2026-08-18T18:18,64718.880000,0.584000,0.655393,2026-08-18,429.000000,1.728907,0.645529,64722.380000,64704.030000
29784619,2026-08-18T18:19,64727.510000,0.929200,0.291129,2026-08-18,559.000000,2.983915,0.499454,64731.480000,64716.020000
29784620,2026-08-18T18:20,64733.600000,0.811600,-0.001139,2026-08-18,497.000000,1.834731,0.727001,64738.290000,64719.360000
29784621,2026-08-18T18:21,64753.990000,0.957400,0.454113,2026-08-18,545.000000,2.815160,0.818654,64753.990000,64732.000000
29784622,2026-08-18T18:22,64749.070000,0.631800,0.601994,2026-08-18,841.000000,3.141634,0.447980,64763.240000,64741.320000
29784623,2026-08-18T18:23,64740.880000,0.645400,-0.072061,2026-08-18,741.000000,2.781121,0.565817,64749.550000,64737.480000
29784624,2026-08-18T18:24,64750.380000,0.473500,0.118865,2026-08-18,441.000000,1.482838,0.799008,64750.370000,64740.870000
29784625,2026-08-18T18:25,64738.710000,0.654300,0.607824,2026-08-18,626.000000,3.887002,0.849324,64750.630000,64737.830000
29784626,2026-08-18T18:26,64749.540000,0.555300,0.725020,2026-08-18,347.000000,1.137878,0.978501,64749.540000,64738.700000
29784627,2026-08-18T18:27,64768.420000,0.959700,0.929383,2026-08-18,419.000000,2.355192,0.967087,64768.420000,64749.530000
29784628,2026-08-18T18:28,64774.040000,0.956300,0.942133,2026-08-18,346.000000,1.447109,0.908053,64774.040000,64768.410000
29784629,2026-08-18T18:29,64759.710000,0.772400,0.830836,2026-08-18,638.000000,5.166575,0.446822,64780.290000,64759.710000
29784630,2026-08-18T18:30,64762.710000,0.833500,-0.134011,2026-08-18,328.000000,1.609541,0.929160,64764.390000,64759.710000
29784631,2026-08-18T18:31,64759.740000,0.525300,0.858319,2026-08-18,444.000000,2.492160,0.877156,64767.230000,64759.710000
29784632,2026-08-18T18:32,64739.180000,0.059100,0.758192,2026-08-18,665.000000,2.063766,0.387111,64759.840000,64732.000000
29784633,2026-08-18T18:33,64736.960000,0.821800,-0.264130,2026-08-18,462.000000,2.108873,0.658272,64740.050000,64732.940000
29784634,2026-08-18T18:34,64748.960000,0.937700,0.209987,2026-08-18,426.000000,1.841288,0.775827,64748.950000,64735.430000
29784635,2026-08-18T18:35,64742.350000,-0.717100,0.798933,2026-08-18,484.000000,2.666121,0.845729,64749.940000,64740.780000
29784636,2026-08-18T18:36,64764.290000,0.929400,0.688941,2026-08-18,512.000000,2.366917,0.964056,64767.000000,64742.350000
29784637,2026-08-18T18:37,64774.440000,-0.973800,0.930131,2026-08-18,644.000000,7.027039,0.890795,64790.910000,64764.290000
29784638,2026-08-18T18:38,64752.630000,0.746500,0.781589,2026-08-18,578.000000,3.397831,0.553777,64774.450000,64751.110000
29784639,2026-08-18T18:39,64758.670000,-0.172300,0.107560,2026-08-18,219.000000,0.774092,0.573237,64758.670000,64752.630000
29784640,2026-08-18T18:40,64751.120000,0.814100,0.146473,2026-08-18,527.000000,2.030722,0.785254,64758.670000,64751.110000
29784641,2026-08-18T18:41,64751.380000,0.585400,0.578775,2026-08-18,588.000000,1.893275,0.917609,64753.710000,64748.000000
29784642,2026-08-18T18:42,64720.240000,-0.159800,0.834384,2026-08-18,524.000000,1.808876,0.375056,64751.380000,64720.230000
29784643,2026-08-18T18:43,64723.480000,-0.510600,-0.197762,2026-08-18,329.000000,2.048230,0.858285,64724.760000,64720.230000
29784644,2026-08-18T18:44,64725.150000,-0.162200,0.770143,2026-08-18,351.000000,1.966949,0.903719,64725.740000,64721.670000
29784645,2026-08-18T18:45,64742.760000,0.779900,0.555611,2026-08-18,563.000000,3.328820,0.794301,64744.060000,64712.340000
29784646,2026-08-18T18:46,64749.520000,0.942400,0.750192,2026-08-18,386.000000,1.780363,0.820671,64753.530000,64742.760000
29784647,2026-08-18T18:47,64755.010000,0.998800,0.629819,2026-08-18,350.000000,2.148717,0.837997,64755.060000,64749.520000
29784648,2026-08-18T18:48,64757.730000,-0.400400,0.686770,2026-08-18,401.000000,3.098856,0.908722,64762.770000,64753.980000
29784649,2026-08-18T18:49,64760.620000,0.451600,0.819939,2026-08-18,302.000000,1.553394,0.907797,64760.620000,64757.720000
29784650,2026-08-18T18:50,64748.210000,0.803500,0.836147,2026-08-18,559.000000,2.767665,0.370794,64760.620000,64742.000000
29784651,2026-08-18T18:51,64759.810000,0.101900,-0.353800,2026-08-18,595.000000,3.541266,0.428138,64769.030000,64745.460000
29784652,2026-08-18T18:52,64742.880000,-0.275700,-0.146729,2026-08-18,464.000000,2.689031,0.117235,64759.810000,64737.180000
29784653,2026-08-18T18:53,64742.850000,-0.229200,-0.766038,2026-08-18,403.000000,2.855075,0.545503,64742.880000,64740.010000
29784654,2026-08-18T18:54,64739.130000,0.567100,0.091057,2026-08-18,493.000000,5.227936,0.780579,64744.150000,64739.130000
29784655,2026-08-18T18:55,64724.760000,0.563400,0.561159,2026-08-18,598.000000,3.009703,0.026815,64739.130000,64724.760000
29784656,2026-08-18T18:56,64728.740000,0.569600,-0.946371,2026-08-18,284.000000,2.341436,0.277881,64730.410000,64724.760000
29784657,2026-08-18T18:57,64736.180000,0.610600,-0.446263,2026-08-18,327.000000,1.783840,0.756606,64736.180000,64728.730000
29784658,2026-08-18T18:58,64737.180000,0.635200,0.520509,2026-08-18,268.000000,1.070768,0.836797,64737.180000,64736.180000
29784659,2026-08-18T18:59,64737.180000,-0.316400,0.733904,2026-08-18,217.000000,0.290737,0.846496,64737.180000,64737.170000
29784660,2026-08-18T19:00,64730.380000,0.355200,-0.487084,2026-08-18,669.000000,5.687986,0.711862,64737.170000,64728.730000
29784661,2026-08-18T19:01,64725.260000,-0.367300,0.849470,2026-08-18,623.000000,4.537551,0.092804,64730.380000,64722.430000
29784662,2026-08-18T19:02,64708.210000,0.108900,-0.815372,2026-08-18,764.000000,4.675638,0.057166,64725.270000,64708.200000
29784663,2026-08-18T19:03,64715.850000,0.500300,-0.885660,2026-08-18,681.000000,5.657493,0.263020,64725.810000,64708.200000
29784664,2026-08-18T19:04,64711.760000,0.068500,-0.477746,2026-08-18,470.000000,2.849440,0.574523,64715.860000,64711.720000
29784665,2026-08-18T19:05,64711.620000,0.674100,0.142256,2026-08-18,548.000000,8.105594,0.536109,64712.330000,64700.210000
29784666,2026-08-18T19:06,64713.040000,0.893200,0.079647,2026-08-18,502.000000,4.778885,0.355810,64715.810000,64711.610000
29784667,2026-08-18T19:07,64706.130000,0.275500,-0.288375,2026-08-18,701.000000,9.482264,0.559946,64717.870000,64704.060000
29784668,2026-08-18T19:08,64703.230000,0.378200,0.119895,2026-08-18,492.000000,4.337109,0.669545,64706.140000,64702.960000
29784669,2026-08-18T19:09,64676.850000,0.373100,0.337886,2026-08-18,784.000000,8.953731,0.165184,64706.990000,64676.840000
29784670,2026-08-18T19:10,64691.630000,0.582500,-0.669488,2026-08-18,334.000000,1.458033,0.977397,64691.640000,64676.840000
29784671,2026-08-18T19:11,64685.900000,0.259800,0.954793,2026-08-18,377.000000,1.321045,0.021162,64691.640000,64685.900000
29784672,2026-08-18T19:12,64685.900000,-0.583800,-0.957677,2026-08-18,200.000000,0.199660,0.090778,64685.910000,64685.900000
29784673,2026-08-18T19:13,64676.850000,0.092500,-0.818429,2026-08-18,358.000000,4.491128,0.734236,64685.910000,64676.840000
29784674,2026-08-18T19:14,64684.210000,0.073400,0.468406,2026-08-18,368.000000,6.425008,0.604018,64684.230000,64675.080000
29784675,2026-08-18T19:15,64673.900000,0.876500,0.208663,2026-08-18,556.000000,7.976286,0.522673,64684.220000,64667.860000
29784676,2026-08-18T19:16,64675.400000,-0.056100,0.044838,2026-08-18,237.000000,0.395494,0.319438,64675.400000,64673.890000
29784677,2026-08-18T19:17,64675.400000,-0.383300,-0.363498,2026-08-18,218.000000,0.045775,0.830884,64675.400000,64675.390000
29784678,2026-08-18T19:18,64672.070000,0.581600,-0.931760,2026-08-18,336.000000,3.962318,0.347931,64675.400000,64668.010000
29784679,2026-08-18T19:19,64672.070000,-0.097500,0.052243,2026-08-18,203.000000,0.333014,0.066338,64672.080000,64672.070000
29784680,2026-08-18T19:20,64684.210000,0.909700,-0.863631,2026-08-18,298.000000,3.395491,0.968566,64684.220000,64672.070000
29784681,2026-08-18T19:21,64687.080000,0.368400,0.937151,2026-08-18,302.000000,0.183424,0.742655,64687.090000,64684.210000
29784682,2026-08-18T19:22,64687.490000,0.917000,-0.839156,2026-08-18,398.000000,4.699740,0.667745,64687.500000,64679.270000
29784683,2026-08-18T19:23,64688.020000,0.234700,0.967942,2026-08-18,460.000000,4.039242,0.208213,64699.000000,64687.490000
29784684,2026-08-18T19:24,64693.600000,0.806700,-0.583072,2026-08-18,275.000000,0.712682,0.940242,64695.210000,64688.020000
29784685,2026-08-18T19:25,64713.540000,0.895500,0.920514,2026-08-18,424.000000,1.972392,0.922149,64713.550000,64693.590000
29784686,2026-08-18T19:26,64727.040000,0.336300,0.806134,2026-08-18,421.000000,2.045595,0.770883,64728.630000,64713.540000
29784687,2026-08-18T19:27,64730.350000,0.568000,0.541765,2026-08-18,324.000000,4.132774,0.906052,64733.500000,64727.040000
29784688,2026-08-18T19:28,64763.060000,0.527100,0.812105,2026-08-18,814.000000,5.201027,0.497874,64763.060000,64730.350000
29784689,2026-08-18T19:29,64741.320000,0.364300,-0.004252,2026-08-18,461.000000,3.432842,0.019669,64763.050000,64741.320000
29784690,2026-08-18T19:30,64727.060000,0.406900,-0.960663,2026-08-18,530.000000,4.517539,0.351306,64741.330000,64727.040000
29784691,2026-08-18T19:31,64732.080000,-0.097600,-0.297175,2026-08-18,481.000000,5.711732,0.763125,64744.990000,64727.050000
29784692,2026-08-18T19:32,64705.350000,0.523300,0.526191,2026-08-18,986.000000,11.487751,0.201779,64750.440000,64703.700000
29784693,2026-08-18T19:33,64711.350000,0.650700,-0.596417,2026-08-18,231.000000,1.150235,0.411422,64711.350000,64705.340000
29784694,2026-08-18T19:34,64700.010000,-0.402700,-0.177953,2026-08-18,316.000000,1.965849,0.008866,64711.360000,64700.000000
29784695,2026-08-18T19:35,64691.650000,-0.433200,-0.982401,2026-08-18,639.000000,2.551792,0.253830,64700.010000,64691.640000
29784696,2026-08-18T19:36,64685.920000,0.020600,0.192913,2026-08-18,494.000000,6.181349,0.513481,64702.950000,64683.950000
29784697,2026-08-18T19:37,64683.730000,0.716300,-0.498779,2026-08-18,386.000000,3.429996,0.273369,64685.920000,64683.360000
29784698,2026-08-18T19:38,64686.740000,0.474100,-0.435240,2026-08-18,248.000000,1.413891,0.775613,64686.750000,64683.720000
29784699,2026-08-18T19:39,64676.600000,0.660000,0.546998,2026-08-18,266.000000,1.719575,0.194161,64686.750000,64675.080000
29784700,2026-08-18T19:40,64663.130000,0.542400,-0.611678,2026-08-18,294.000000,3.312962,0.140536,64678.340000,64662.980000
29784701,2026-08-18T19:41,64637.010000,-0.459300,-0.718661,2026-08-18,426.000000,11.203387,0.240671,64667.640000,64636.990000
29784702,2026-08-18T19:42,64639.600000,-0.014200,-0.439340,2026-08-18,277.000000,2.817225,0.528627,64650.990000,64637.010000
29784703,2026-08-18T19:43,64635.430000,-0.271700,-0.207610,2026-08-18,583.000000,3.971902,0.697624,64639.600000,64634.760000
29784704,2026-08-18T19:44,64633.010000,-0.636700,0.395359,2026-08-18,599.000000,1.392220,0.056603,64637.030000,64633.000000
29784705,2026-08-18T19:45,64646.150000,0.342800,-0.887788,2026-08-18,524.000000,2.167653,0.902965,64648.840000,64633.000000
29784706,2026-08-18T19:46,64651.020000,0.374000,0.805884,2026-08-18,228.000000,0.377121,0.445266,64651.030000,64646.140000
29784707,2026-08-18T19:47,64648.120000,0.592100,-0.524858,2026-08-18,285.000000,1.333098,0.111113,64651.020000,64648.120000
29784708,2026-08-18T19:48,64625.510000,0.182600,-0.704740,2026-08-18,537.000000,2.826509,0.046187,64648.130000,64625.510000
29784709,2026-08-18T19:49,64635.010000,-0.154800,-0.907626,2026-08-18,636.000000,8.184745,0.613987,64646.100000,64617.720000
29784710,2026-08-18T19:50,64628.190000,0.642800,0.219576,2026-08-18,559.000000,4.103292,0.073451,64636.510000,64624.550000
29784711,2026-08-18T19:51,64635.900000,0.064000,-0.851051,2026-08-18,502.000000,2.621664,0.431492,64641.060000,64628.190000
29784712,2026-08-18T19:52,64649.210000,0.228400,-0.137627,2026-08-18,327.000000,1.472224,0.712803,64649.220000,64635.890000
29784713,2026-08-18T19:53,64637.820000,0.349200,-0.276090,2026-08-18,733.000000,2.620767,0.036117,64649.210000,64637.820000
29784714,2026-08-18T19:54,64627.400000,0.632500,-0.839199,2026-08-18,342.000000,1.582682,0.030689,64637.830000,64627.400000
29784715,2026-08-18T19:55,64619.260000,0.870400,-0.940183,2026-08-18,494.000000,11.882415,0.646748,64627.410000,64613.040000
29784716,2026-08-18T19:56,64617.960000,-0.312900,0.383318,2026-08-18,652.000000,15.390779,0.767359,64628.240000,64612.980000
29784717,2026-08-18T19:57,64618.100000,-0.946000,0.476078,2026-08-18,519.000000,13.336770,0.900327,64619.320000,64615.410000
29784718,2026-08-18T19:58,64607.400000,0.719400,0.771145,2026-08-18,1750.000000,24.607662,0.554220,64618.100000,64602.960000
29784719,2026-08-18T19:59,64610.540000,0.348300,0.111572,2026-08-18,888.000000,15.928554,0.879338,64614.430000,64600.560000
29784720,2026-08-18T20:00,64615.130000,-0.986800,0.762087,2026-08-18,575.000000,4.995809,0.584339,64621.970000,64608.240000
29784721,2026-08-18T20:01,64611.130000,0.291500,0.127083,2026-08-18,743.000000,5.561121,0.122571,64615.140000,64609.340000
29784722,2026-08-18T20:02,64604.320000,-0.113400,-0.754665,2026-08-18,744.000000,13.430173,0.481812,64612.230000,64578.700000
29784723,2026-08-18T20:03,64572.020000,0.385800,-0.048607,2026-08-18,599.000000,6.632740,0.635860,64604.320000,64571.580000
29784724,2026-08-18T20:04,64556.310000,-0.467100,0.305637,2026-08-18,747.000000,7.588501,0.210388,64573.640000,64555.000000
29784725,2026-08-18T20:05,64546.740000,-0.372200,-0.589075,2026-08-18,769.000000,2.574916,0.700878,64562.760000,64545.310000
29784726,2026-08-18T20:06,64553.020000,0.359300,0.506983,2026-08-18,638.000000,6.036150,0.205401,64560.800000,64546.740000
29784727,2026-08-18T20:07,64576.770000,0.992500,-0.589199,2026-08-18,732.000000,3.031672,0.127997,64576.770000,64553.020000
29784728,2026-08-18T20:08,64584.540000,-0.955100,-0.744008,2026-08-18,598.000000,3.648699,0.057274,64584.550000,64576.770000
29784729,2026-08-18T20:09,64606.490000,0.753800,-0.885451,2026-08-18,826.000000,8.374456,0.666353,64608.220000,64583.240000
29784730,2026-08-18T20:10,64598.040000,-0.748400,0.332707,2026-08-18,532.000000,2.270652,0.096974,64606.490000,64596.420000
29784731,2026-08-18T20:11,64587.570000,-0.088600,-0.806052,2026-08-18,556.000000,1.225079,0.007918,64598.050000,64587.560000
29784732,2026-08-18T20:12,64594.760000,-0.241800,-0.984173,2026-08-18,707.000000,3.383852,0.219032,64599.170000,64586.110000
29784733,2026-08-18T20:13,64607.980000,0.935600,-0.561839,2026-08-18,563.000000,2.062166,0.146769,64608.980000,64594.760000
29784734,2026-08-18T20:14,64614.510000,-0.991300,-0.706462,2026-08-18,318.000000,1.753116,0.022284,64615.140000,64608.980000
29784735,2026-08-18T20:15,64607.350000,0.809100,-0.956404,2026-08-18,523.000000,2.707663,0.037575,64614.500000,64596.590000
29784736,2026-08-18T20:16,64607.350000,-0.895900,-0.923748,2026-08-18,418.000000,0.767164,0.099247,64607.350000,64607.340000
29784737,2026-08-18T20:17,64588.580000,0.113700,-0.801508,2026-08-18,726.000000,2.119344,0.153222,64607.350000,64588.270000
29784738,2026-08-18T20:18,64587.430000,0.579400,-0.693555,2026-08-18,571.000000,1.201498,0.183173,64590.810000,64587.150000
29784739,2026-08-18T20:19,64590.310000,-0.904200,-0.630892,2026-08-18,572.000000,1.021912,0.079455,64590.470000,64587.420000
29784740,2026-08-18T20:20,64583.650000,0.319500,-0.842444,2026-08-18,597.000000,0.301587,0.242838,64590.310000,64583.640000
29784741,2026-08-18T20:21,64575.010000,-0.681200,-0.502459,2026-08-18,313.000000,5.103884,0.009026,64583.650000,64575.000000
29784742,2026-08-18T20:22,64594.170000,0.497500,-0.983090,2026-08-18,966.000000,3.244016,0.673546,64594.170000,64571.580000
29784743,2026-08-18T20:23,64591.350000,-0.867300,0.346881,2026-08-18,485.000000,0.224845,0.384165,64594.160000,64584.010000
29784744,2026-08-18T20:24,64584.270000,-0.737300,-0.229928,2026-08-18,647.000000,3.340040,0.034394,64591.350000,64575.260000
29784745,2026-08-18T20:25,64583.620000,-0.813500,-0.931212,2026-08-18,594.000000,0.518730,0.414878,64584.280000,64580.670000
29784746,2026-08-18T20:26,64584.270000,0.171900,-0.168864,2026-08-18,623.000000,2.307143,0.777454,64584.280000,64579.380000
29784747,2026-08-18T20:27,64588.680000,0.944800,0.555154,2026-08-18,541.000000,1.244235,0.938008,64588.690000,64583.550000
29784748,2026-08-18T20:28,64570.010000,0.145900,0.875766,2026-08-18,642.000000,1.452052,0.193964,64588.690000,64570.000000
29784749,2026-08-18T20:29,64570.010000,-0.000500,-0.616230,2026-08-18,505.000000,0.150344,0.641021,64570.020000,64568.700000
29784750,2026-08-18T20:30,64563.310000,-0.982000,0.283773,2026-08-18,548.000000,0.977717,0.458165,64571.300000,64563.300000
29784751,2026-08-18T20:31,64559.170000,-0.506600,-0.072093,2026-08-18,667.000000,1.581037,0.093302,64563.310000,64559.160000
29784752,2026-08-18T20:32,64583.070000,0.991400,-0.841753,2026-08-18,647.000000,5.368445,0.752650,64583.080000,64559.160000
29784753,2026-08-18T20:33,64596.290000,-0.211600,0.505289,2026-08-18,580.000000,1.620944,0.319801,64599.260000,64583.070000
29784754,2026-08-18T20:34,64591.570000,-0.691300,-0.360456,2026-08-18,570.000000,7.984876,0.099652,64606.700000,64591.570000
29784755,2026-08-18T20:35,64584.010000,0.080200,-0.800774,2026-08-18,591.000000,0.934372,0.319312,64591.580000,64584.000000
29784756,2026-08-18T20:36,64587.010000,-0.219500,-0.359254,2026-08-18,423.000000,0.393766,0.719820,64588.310000,64584.000000
29784757,2026-08-18T20:37,64593.790000,-0.735200,0.439661,2026-08-18,285.000000,0.564454,0.451928,64594.880000,64587.000000
29784758,2026-08-18T20:38,64593.770000,0.664300,-0.096173,2026-08-18,448.000000,0.591226,0.310027,64596.420000,64593.770000
29784759,2026-08-18T20:39,64595.260000,-0.513600,-0.380838,2026-08-18,304.000000,0.588348,0.079618,64596.270000,64593.770000
29784760,2026-08-18T20:40,64585.010000,-0.859700,-0.840535,2026-08-18,334.000000,2.838894,0.039335,64595.270000,64585.010000
29784761,2026-08-18T20:41,64582.350000,-0.979700,-0.921330,2026-08-18,642.000000,3.082252,0.219260,64585.020000,64576.140000
29784762,2026-08-18T20:42,64580.240000,-0.927500,-0.561481,2026-08-18,367.000000,0.408659,0.331845,64582.350000,64579.420000
29784763,2026-08-18T20:43,64579.230000,0.330000,-0.330887,2026-08-18,433.000000,0.600680,0.392782,64580.730000,64578.880000
29784764,2026-08-18T20:44,64568.570000,-0.945900,-0.319029,2026-08-18,533.000000,1.442362,0.246269,64579.230000,64568.560000
29784765,2026-08-18T20:45,64580.990000,0.370500,-0.474643,2026-08-18,499.000000,0.843168,0.886989,64581.000000,64568.560000
29784766,2026-08-18T20:46,64568.570000,0.110300,0.774382,2026-08-18,393.000000,1.124041,0.599330,64581.000000,64568.560000
29784767,2026-08-18T20:47,64553.380000,0.122500,0.199257,2026-08-18,624.000000,1.909705,0.143644,64569.150000,64553.370000
29784768,2026-08-18T20:48,64573.600000,-0.605800,-0.713592,2026-08-18,480.000000,1.690210,0.786487,64576.960000,64553.370000
29784769,2026-08-18T20:49,64540.680000,0.549800,0.492664,2026-08-18,635.000000,1.694299,0.175189,64573.590000,64540.000000
29784770,2026-08-18T20:50,64551.480000,-0.814300,-0.630212,2026-08-18,468.000000,1.141643,0.783322,64563.990000,64540.670000
29784771,2026-08-18T20:51,64524.060000,0.376200,0.569405,2026-08-18,548.000000,2.961504,0.129389,64551.480000,64524.050000
29784772,2026-08-18T20:52,64555.070000,-0.136600,-0.741227,2026-08-18,672.000000,2.456720,0.456436,64563.270000,64521.560000
29784773,2026-08-18T20:53,64557.170000,-0.744700,-0.078698,2026-08-18,346.000000,1.747769,0.291656,64559.760000,64555.060000
29784774,2026-08-18T20:54,64558.710000,0.118600,-0.432802,2026-08-18,298.000000,1.092777,0.839432,64567.650000,64557.160000
29784775,2026-08-18T20:55,64567.420000,-0.449700,0.680628,2026-08-18,492.000000,1.664724,0.370781,64570.120000,64558.710000
29784776,2026-08-18T20:56,64573.210000,0.033900,-0.258326,2026-08-18,365.000000,1.320515,0.138511,64573.210000,64567.410000
29784777,2026-08-18T20:57,64558.070000,-0.655800,-0.723170,2026-08-18,468.000000,5.110076,0.458350,64573.200000,64555.150000
29784778,2026-08-18T20:58,64553.240000,-0.038800,-0.083283,2026-08-18,567.000000,3.265549,0.851239,64558.070000,64550.000000
29784779,2026-08-18T20:59,64538.480000,-0.170500,0.702549,2026-08-18,545.000000,4.680795,0.206086,64553.240000,64538.470000
29784780,2026-08-18T21:00,64547.820000,0.389700,-0.382985,2026-08-18,446.000000,2.298334,0.791782,64548.350000,64534.570000
29784781,2026-08-18T21:01,64559.150000,1.000000,0.407788,2026-08-18,252.000000,1.185405,0.911349,64562.250000,64547.810000
29784782,2026-08-18T21:02,64556.320000,-0.546600,0.429225,2026-08-18,438.000000,2.417150,0.201786,64565.280000,64554.260000
29784783,2026-08-18T21:03,64562.210000,0.602600,-0.836635,2026-08-18,442.000000,0.709839,0.381766,64562.210000,64556.310000
29784784,2026-08-18T21:04,64562.210000,0.671000,-0.236996,2026-08-18,334.000000,0.294521,0.651164,64562.210000,64562.200000
29784785,2026-08-18T21:05,64570.710000,0.512300,0.305924,2026-08-18,299.000000,1.994966,0.917865,64574.110000,64562.200000
29784786,2026-08-18T21:06,64576.070000,0.278900,0.835681,2026-08-18,136.000000,1.833802,0.742686,64576.530000,64570.710000
29784787,2026-08-18T21:07,64576.070000,-0.680600,0.470428,2026-08-18,66.000000,0.100110,0.549607,64576.080000,64576.070000
29784788,2026-08-18T21:08,64582.070000,0.994600,0.350636,2026-08-18,184.000000,7.892746,0.905023,64582.060000,64576.070000
29784789,2026-08-18T21:09,64587.040000,-0.536100,0.810046,2026-08-18,388.000000,0.971667,0.867565,64588.130000,64582.060000
29784790,2026-08-18T21:10,64587.040000,0.623900,0.732434,2026-08-18,73.000000,0.088217,0.189310,64587.050000,64587.040000
29784791,2026-08-18T21:11,64597.380000,0.978500,-0.614777,2026-08-18,232.000000,1.181057,0.862161,64597.380000,64587.040000
29784792,2026-08-18T21:12,64611.270000,0.552100,0.724322,2026-08-18,345.000000,9.504006,0.888823,64611.280000,64597.370000
29784793,2026-08-18T21:13,64600.420000,-0.875300,0.777505,2026-08-18,664.000000,2.252258,0.113501,64611.280000,64596.350000
29784794,2026-08-18T21:14,64579.880000,0.168100,-0.778219,2026-08-18,512.000000,0.847380,0.208636,64600.420000,64576.660000
29784795,2026-08-18T21:15,64579.880000,0.503600,-0.554451,2026-08-18,440.000000,0.664885,0.378530,64579.880000,64577.010000
29784796,2026-08-18T21:16,64571.580000,0.094400,-0.242940,2026-08-18,428.000000,0.975240,0.307633,64582.890000,64571.580000
29784797,2026-08-18T21:17,64570.710000,0.190000,-0.409212,2026-08-18,258.000000,0.626579,0.448104,64572.420000,64570.710000
29784798,2026-08-18T21:18,64556.070000,0.722100,-0.042012,2026-08-18,355.000000,1.269562,0.118812,64570.720000,64556.070000
29784799,2026-08-18T21:19,64566.320000,0.779500,-0.762374,2026-08-18,376.000000,0.408737,0.479354,64566.330000,64556.070000
29784800,2026-08-18T21:20,64566.880000,-0.409600,-0.041294,2026-08-18,209.000000,3.053776,0.995800,64575.320000,64566.320000
29784801,2026-08-18T21:21,64569.880000,0.566400,0.991599,2026-08-18,128.000000,0.061918,0.770702,64569.890000,64566.870000
29784802,2026-08-18T21:22,64572.880000,0.718900,0.541404,2026-08-18,61.000000,0.048918,0.340583,64572.870000,64569.880000
29784803,2026-08-18T21:23,64575.100000,0.747400,-0.318833,2026-08-18,163.000000,0.437120,0.766748,64577.630000,64572.870000
29784804,2026-08-18T21:24,64576.710000,-0.751300,0.533496,2026-08-18,98.000000,0.704331,0.159667,64576.720000,64575.100000
29784805,2026-08-18T21:25,64588.100000,-0.812200,-0.680666,2026-08-18,292.000000,3.506347,0.965213,64588.100000,64576.710000
29784806,2026-08-18T21:26,64579.480000,0.776200,0.930427,2026-08-18,295.000000,8.733629,0.016851,64588.090000,64570.000000
29784807,2026-08-18T21:27,64579.180000,0.605100,-0.966297,2026-08-18,238.000000,4.004964,0.101337,64581.900000,64569.000000
29784808,2026-08-18T21:28,64576.600000,0.901700,-0.797351,2026-08-18,189.000000,1.583360,0.081702,64579.190000,64576.020000
29784809,2026-08-18T21:29,64579.850000,-0.470500,-0.835655,2026-08-18,432.000000,2.432538,0.893490,64586.420000,64574.230000
29784810,2026-08-18T21:30,64578.880000,-0.725800,0.787537,2026-08-18,251.000000,0.543598,0.397121,64579.860000,64578.870000
29784811,2026-08-18T21:31,64568.480000,-0.068200,-0.219604,2026-08-18,196.000000,0.632034,0.239135,64578.880000,64567.170000
29784812,2026-08-18T21:32,64568.670000,-0.737900,-0.522064,2026-08-18,181.000000,0.305444,0.766435,64570.230000,64568.470000
29784813,2026-08-18T21:33,64564.190000,0.356200,0.638539,2026-08-18,187.000000,0.589987,0.467724,64570.140000,64563.880000
29784814,2026-08-18T21:34,64560.400000,0.044000,-0.256554,2026-08-18,143.000000,0.402954,0.139755,64564.200000,64560.390000
29784815,2026-08-18T21:35,64562.560000,0.409200,-0.720491,2026-08-18,116.000000,0.247838,0.779395,64562.560000,64560.400000
29784816,2026-08-18T21:36,64562.560000,-0.881800,0.558791,2026-08-18,57.000000,0.029560,0.189888,64562.560000,64562.550000
29784817,2026-08-18T21:37,64560.120000,-0.589100,-0.629321,2026-08-18,134.000000,0.461767,0.109094,64562.560000,64560.120000
29784818,2026-08-18T21:38,64538.790000,0.204200,-0.834091,2026-08-18,231.000000,0.824138,0.442318,64560.120000,64538.780000
29784819,2026-08-18T21:39,64544.210000,-0.979900,0.070573,2026-08-18,478.000000,0.642958,0.633747,64548.700000,64533.550000
29784820,2026-08-18T21:40,64536.370000,0.100100,0.274170,2026-08-18,421.000000,1.748020,0.626806,64544.210000,64536.340000
29784821,2026-08-18T21:41,64549.560000,0.166300,0.253051,2026-08-18,603.000000,2.174641,0.885004,64550.000000,64534.870000
29784822,2026-08-18T21:42,64537.150000,0.152200,0.770643,2026-08-18,505.000000,1.674074,0.055800,64549.560000,64528.920000
29784823,2026-08-18T21:43,64533.680000,-0.005000,-0.888399,2026-08-18,576.000000,1.643012,0.373720,64545.140000,64524.070000
29784824,2026-08-18T21:44,64538.460000,0.075700,-0.252560,2026-08-18,890.000000,2.022273,0.668232,64555.810000,64533.110000
29784825,2026-08-18T21:45,64557.190000,0.871800,0.450278,2026-08-18,587.000000,1.256318,0.465526,64557.200000,64530.180000
29784826,2026-08-18T21:46,64562.560000,-0.444000,-0.601296,2026-08-18,599.000000,0.387060,0.788727,64562.560000,64557.190000
29784827,2026-08-18T21:47,64553.710000,1.000000,0.572735,2026-08-18,646.000000,1.853454,0.615916,64562.560000,64546.760000
29784828,2026-08-18T21:48,64566.070000,-0.994900,0.203105,2026-08-18,343.000000,2.870449,0.917906,64566.080000,64550.880000
29784829,2026-08-18T21:49,64562.600000,0.229600,0.832769,2026-08-18,638.000000,0.786906,0.487743,64566.080000,64550.880000
29784830,2026-08-18T21:50,64565.460000,-0.112200,-0.068060,2026-08-18,484.000000,0.864520,0.240575,64565.460000,64555.070000
29784831,2026-08-18T21:51,64563.290000,0.034400,-0.464956,2026-08-18,528.000000,1.882520,0.285081,64570.600000,64560.540000
29784832,2026-08-18T21:52,64564.350000,0.971200,-0.458483,2026-08-18,434.000000,1.043385,0.429832,64566.730000,64547.190000
29784833,2026-08-18T21:53,64553.320000,0.948800,-0.049551,2026-08-18,434.000000,0.809143,0.078969,64564.350000,64545.780000
29784834,2026-08-18T21:54,64551.580000,0.373600,-0.842062,2026-08-18,461.000000,0.680963,0.315160,64556.160000,64546.740000
29784835,2026-08-18T21:55,64537.260000,0.402600,-0.369681,2026-08-18,197.000000,9.124887,0.017704,64551.590000,64519.140000
29784836,2026-08-18T21:56,64534.320000,0.860900,-0.964594,2026-08-18,83.000000,0.193617,0.140855,64537.260000,64534.320000
29784837,2026-08-18T21:57,64534.560000,0.770200,-0.052763,2026-08-18,114.000000,0.524791,0.254353,64535.840000,64534.330000
29784838,2026-08-18T21:58,64563.290000,-0.453200,-0.941534,2026-08-18,489.000000,0.720161,0.693882,64563.300000,64534.550000
29784839,2026-08-18T21:59,64559.320000,-0.753300,0.387765,2026-08-18,509.000000,1.403815,0.003561,64563.300000,64550.460000
29784840,2026-08-18T22:00,64550.880000,-0.838900,-0.954349,2026-08-18,407.000000,0.366906,0.105185,64559.330000,64550.880000
29784841,2026-08-18T22:01,64526.620000,0.031900,-0.960957,2026-08-18,296.000000,1.596925,0.487201,64550.880000,64522.740000
29784842,2026-08-18T22:02,64543.600000,0.041400,0.125531,2026-08-18,816.000000,3.579009,0.128486,64558.070000,64526.620000
29784843,2026-08-18T22:03,64555.240000,0.331000,-0.828903,2026-08-18,609.000000,1.422514,0.157393,64556.050000,64534.140000
29784844,2026-08-18T22:04,64538.460000,-0.585700,-0.685215,2026-08-18,549.000000,3.529527,0.078334,64555.250000,64531.330000
29784845,2026-08-18T22:05,64530.480000,0.672400,-0.842913,2026-08-18,406.000000,0.959796,0.363002,64538.470000,64521.900000
29784846,2026-08-18T22:06,64533.630000,-0.760300,-0.274689,2026-08-18,474.000000,0.899153,0.121056,64537.540000,64530.470000
29784847,2026-08-18T22:07,64533.630000,-0.969000,-0.752689,2026-08-18,342.000000,0.624246,0.632759,64533.640000,64533.630000
29784848,2026-08-18T22:08,64523.170000,-0.887600,0.269876,2026-08-18,560.000000,1.919073,0.108434,64533.640000,64516.010000
29784849,2026-08-18T22:09,64542.270000,-0.347400,-0.789023,2026-08-18,660.000000,1.839017,0.254493,64544.140000,64523.160000
29784850,2026-08-18T22:10,64546.990000,0.952900,-0.491014,2026-08-18,436.000000,1.321124,0.800636,64547.000000,64542.270000
29784851,2026-08-18T22:11,64557.010000,0.423500,0.601271,2026-08-18,551.000000,0.763997,0.554667,64557.060000,64546.990000
29784852,2026-08-18T22:12,64557.650000,0.273000,0.108787,2026-08-18,359.000000,0.619987,0.138415,64566.740000,64557.010000
29784853,2026-08-18T22:13,64544.510000,0.305800,-0.723002,2026-08-18,276.000000,3.724809,0.748946,64566.680000,64542.600000
29784854,2026-08-18T22:14,64528.990000,-0.021000,0.498091,2026-08-18,250.000000,3.215865,0.706236,64544.520000,64528.020000
29784855,2026-08-18T22:15,64528.060000,0.698200,0.412629,2026-08-18,170.000000,1.835769,0.289173,64528.990000,64524.000000
29784856,2026-08-18T22:16,64532.180000,0.853500,-0.422896,2026-08-18,174.000000,0.558424,0.576164,64532.190000,64521.900000
29784857,2026-08-18T22:17,64532.180000,0.884100,0.151100,2026-08-18,158.000000,0.410090,0.187802,64532.190000,64526.610000
29784858,2026-08-18T22:18,64539.380000,-0.970300,-0.624346,2026-08-18,302.000000,2.364242,0.678035,64543.720000,64532.170000
29784859,2026-08-18T22:19,64540.900000,-0.981800,0.356070,2026-08-18,399.000000,2.178610,0.013550,64540.910000,64539.380000
29784860,2026-08-18T22:20,64549.370000,0.148700,-0.972635,2026-08-18,531.000000,3.871742,0.779749,64551.000000,64533.470000
29784861,2026-08-18T22:21,64568.580000,0.552200,0.559693,2026-08-18,676.000000,0.972157,0.583017,64569.870000,64549.360000
29784862,2026-08-18T22:22,64555.020000,-0.992300,-0.122375,2026-08-18,659.000000,0.940709,0.145136,64566.960000,64555.020000
29784863,2026-08-18T22:23,64555.020000,-0.801700,-0.562022,2026-08-18,143.000000,0.079889,0.924545,64555.030000,64555.020000
29784864,2026-08-18T22:24,64534.320000,-0.137200,0.849087,2026-08-18,787.000000,1.248420,0.131727,64555.030000,64534.320000
29784865,2026-08-18T22:25,64519.900000,0.582000,-0.758167,2026-08-18,331.000000,13.157434,0.320594,64534.330000,64510.800000
29784866,2026-08-18T22:26,64544.690000,0.437800,-0.386257,2026-08-18,605.000000,4.509197,0.370112,64548.510000,64512.070000
29784867,2026-08-18T22:27,64534.630000,0.296900,-0.136112,2026-08-18,497.000000,1.713409,0.217776,64544.690000,64534.330000
29784868,2026-08-18T22:28,64534.510000,0.383100,-0.550110,2026-08-18,403.000000,1.373561,0.205068,64534.640000,64534.500000
29784869,2026-08-18T22:29,64552.670000,0.585800,-0.589894,2026-08-18,447.000000,0.744257,0.865099,64552.680000,64534.500000
29784870,2026-08-18T22:30,64554.990000,-0.125300,0.700548,2026-08-18,264.000000,3.932829,0.654406,64555.000000,64551.370000
29784871,2026-08-18T22:31,64565.400000,-0.877000,0.313146,2026-08-18,492.000000,5.297649,0.606926,64565.880000,64548.140000
29784872,2026-08-18T22:32,64561.270000,-0.811700,0.213813,2026-08-18,268.000000,1.808333,0.223318,64565.410000,64549.230000
29784873,2026-08-18T22:33,64556.710000,0.726600,-0.553648,2026-08-18,201.000000,1.000670,0.420714,64561.280000,64550.880000
29784874,2026-08-18T22:34,64579.760000,0.870200,-0.155354,2026-08-18,483.000000,6.657582,0.851957,64579.750000,64556.710000
29784875,2026-08-18T22:35,64583.990000,0.726400,0.703837,2026-08-18,309.000000,1.452394,0.259306,64584.940000,64579.750000
29784876,2026-08-18T22:36,64564.460000,0.695900,-0.481389,2026-08-18,433.000000,2.178048,0.213706,64584.000000,64555.450000
29784877,2026-08-18T22:37,64578.570000,0.959900,-0.567828,2026-08-18,523.000000,3.602524,0.761735,64578.560000,64564.470000
29784878,2026-08-18T22:38,64584.010000,0.239200,0.522593,2026-08-18,426.000000,6.879261,0.609257,64589.970000,64578.560000
29784879,2026-08-18T22:39,64611.880000,-0.983700,0.123882,2026-08-18,508.000000,5.014574,0.670311,64615.130000,64584.000000
29784880,2026-08-18T22:40,64596.430000,-0.774300,0.475066,2026-08-18,454.000000,1.638294,0.597845,64611.880000,64596.420000
29784881,2026-08-18T22:41,64600.010000,0.877200,0.295880,2026-08-18,274.000000,1.732072,0.174523,64600.930000,64596.420000
29784882,2026-08-18T22:42,64597.460000,-0.721300,-0.658695,2026-08-18,384.000000,5.750394,0.084048,64600.380000,64591.200000
29784883,2026-08-18T22:43,64599.430000,-0.770500,-0.831958,2026-08-18,195.000000,0.737954,0.255660,64603.700000,64597.470000
29784884,2026-08-18T22:44,64595.260000,0.615900,-0.569915,2026-08-18,451.000000,0.879600,0.420168,64601.150000,64592.280000
29784885,2026-08-18T22:45,64593.650000,0.764800,-0.001032,2026-08-18,154.000000,0.215602,0.250851,64595.260000,64593.640000
29784886,2026-08-18T22:46,64582.820000,0.795500,-0.662311,2026-08-18,274.000000,1.984876,0.234643,64595.930000,64582.820000
29784887,2026-08-18T22:47,64587.020000,0.635100,-0.496620,2026-08-18,99.000000,0.460509,0.062112,64587.030000,64582.820000
29784888,2026-08-18T22:48,64581.820000,0.432000,-0.936035,2026-08-18,258.000000,2.299775,0.438482,64591.090000,64581.820000
29784889,2026-08-18T22:49,64581.820000,0.388600,-0.071153,2026-08-18,163.000000,0.978071,0.077789,64586.520000,64581.820000
29784890,2026-08-18T22:50,64581.820000,0.947700,-0.829840,2026-08-18,104.000000,2.097500,0.041709,64581.830000,64580.010000
29784891,2026-08-18T22:51,64584.620000,0.885300,-0.924787,2026-08-18,183.000000,0.587968,0.115251,64584.690000,64581.010000
29784892,2026-08-18T22:52,64589.210000,0.955400,-0.771001,2026-08-18,171.000000,1.661941,0.948613,64592.560000,64584.610000
29784893,2026-08-18T22:53,64576.790000,-0.126600,0.897246,2026-08-18,266.000000,1.235335,0.175370,64589.210000,64576.790000
29784894,2026-08-18T22:54,64567.440000,-0.038600,-0.649261,2026-08-18,175.000000,0.756791,0.208315,64576.800000,64567.440000
29784895,2026-08-18T22:55,64560.920000,0.505100,-0.583370,2026-08-18,144.000000,0.731755,0.200029,64567.450000,64560.910000
29784896,2026-08-18T22:56,64587.920000,0.942800,-0.553133,2026-08-18,381.000000,1.131458,0.959800,64587.920000,64560.910000
29784897,2026-08-18T22:57,64589.430000,0.827100,0.918001,2026-08-18,131.000000,1.095508,0.065897,64589.430000,64587.910000
29784898,2026-08-18T22:58,64589.430000,-0.810600,-0.868206,2026-08-18,152.000000,1.230799,0.228690,64593.230000,64589.420000
29784899,2026-08-18T22:59,64596.420000,0.228000,-0.542620,2026-08-18,256.000000,1.208903,0.504625,64596.410000,64584.000000
29784900,2026-08-18T23:00,64584.960000,0.778000,0.009250,2026-08-18,178.000000,5.212775,0.019180,64596.410000,64582.500000
29784901,2026-08-18T23:01,64616.420000,1.000000,-0.961641,2026-08-18,556.000000,16.292497,0.593422,64616.410000,64584.960000
29784902,2026-08-18T23:02,64631.420000,0.808100,0.186844,2026-08-18,619.000000,4.881449,0.756917,64633.410000,64616.410000
29784903,2026-08-18T23:03,64645.510000,0.855400,0.547978,2026-08-18,661.000000,4.769245,0.442833,64648.160000,64631.420000
29784904,2026-08-18T23:04,64641.960000,-0.422500,-0.207706,2026-08-18,451.000000,9.927521,0.722917,64655.430000,64631.410000
29784905,2026-08-18T23:05,64680.290000,0.780000,0.445835,2026-08-18,612.000000,5.544465,0.822009,64684.800000,64643.460000
29784906,2026-08-18T23:06,64626.060000,0.406500,0.550231,2026-08-18,679.000000,4.190296,0.744624,64659.790000,64621.260000
29784907,2026-08-18T23:07,64623.580000,0.072800,0.618837,2026-08-18,379.000000,0.778420,0.480936,64626.060000,64622.270000
29784908,2026-08-18T23:08,64626.060000,0.611700,-0.032327,2026-08-18,402.000000,6.146101,0.986912,64626.060000,64623.580000
29784909,2026-08-18T23:09,64634.170000,0.615800,0.973807,2026-08-18,415.000000,0.892125,0.825855,64634.170000,64626.050000
29784910,2026-08-18T23:10,64635.430000,0.875900,0.678934,2026-08-18,93.000000,0.114869,0.726624,64635.440000,64634.170000
29784911,2026-08-18T23:11,64640.940000,0.871700,-0.613224,2026-08-18,237.000000,0.230165,0.883851,64643.670000,64635.430000
29784912,2026-08-18T23:12,64654.070000,-0.206500,-0.656303,2026-08-18,471.000000,3.170478,0.198464,64664.220000,64640.940000
29784913,2026-08-18T23:13,64658.930000,-0.968200,-0.431646,2026-08-18,290.000000,0.850688,0.782860,64663.880000,64654.070000
29784914,2026-08-18T23:14,64657.320000,0.893500,0.565683,2026-08-18,368.000000,0.366294,0.436230,64658.470000,64653.010000
29784915,2026-08-18T23:15,64663.830000,0.966300,0.373887,2026-08-18,323.000000,3.070652,0.715788,64663.840000,64656.090000
29784916,2026-08-18T23:16,64660.820000,0.918200,0.371538,2026-08-18,131.000000,0.704880,0.510606,64663.830000,64660.500000
29784917,2026-08-18T23:17,64667.010000,0.681600,0.021211,2026-08-18,782.000000,7.315023,0.736325,64683.600000,64660.500000
29784918,2026-08-18T23:18,64659.580000,-0.980600,0.473030,2026-08-18,502.000000,1.150618,0.904823,64667.010000,64655.020000
29784919,2026-08-18T23:19,64667.010000,0.102200,0.809981,2026-08-18,302.000000,0.804746,0.710095,64667.990000,64659.580000
29784920,2026-08-18T23:20,64662.040000,0.477300,0.414827,2026-08-18,321.000000,0.250092,0.537790,64667.010000,64659.010000
29784921,2026-08-18T23:21,64662.010000,0.860700,0.077897,2026-08-18,262.000000,0.146318,0.362581,64663.950000,64662.010000
29784922,2026-08-18T23:22,64678.680000,0.282900,-0.258792,2026-08-18,386.000000,5.730446,0.885901,64678.700000,64662.010000
29784923,2026-08-18T23:23,64682.240000,0.507100,0.771705,2026-08-18,286.000000,5.964806,0.714301,64682.250000,64674.000000
29784924,2026-08-18T23:24,64685.440000,0.525900,0.428602,2026-08-18,72.000000,0.227024,0.930760,64685.450000,64682.240000
29784925,2026-08-18T23:25,64691.650000,0.902600,0.861522,2026-08-18,532.000000,8.154669,0.877636,64698.030000,64683.820000
29784926,2026-08-18T23:26,64693.170000,0.694000,0.755273,2026-08-18,188.000000,0.268311,0.410223,64694.790000,64682.000000
29784927,2026-08-18T23:27,64686.600000,-0.273900,-0.179551,2026-08-18,399.000000,0.409286,0.669733,64687.690000,64681.970000
29784928,2026-08-18T23:28,64684.960000,0.825700,0.358590,2026-08-18,393.000000,0.159002,0.467837,64687.650000,64684.950000
29784929,2026-08-18T23:29,64678.710000,-0.992700,-0.152972,2026-08-18,449.000000,4.235783,0.010870,64684.960000,64678.500000
29784930,2026-08-18T23:30,64680.010000,0.369100,-0.920586,2026-08-18,370.000000,1.291340,0.776398,64681.520000,64678.700000
29784931,2026-08-18T23:31,64683.880000,0.601200,0.504089,2026-08-18,187.000000,1.643715,0.111261,64683.870000,64680.000000
29784932,2026-08-18T23:32,64696.070000,0.961000,0.341139,2026-08-18,359.000000,4.896418,0.951895,64696.060000,64683.880000
29784933,2026-08-18T23:33,64696.070000,0.929200,0.777263,2026-08-18,80.000000,0.152916,0.053201,64696.070000,64696.060000
29784934,2026-08-18T23:34,64713.520000,0.710100,-0.893598,2026-08-18,457.000000,6.643716,0.797266,64716.470000,64696.020000
29784935,2026-08-18T23:35,64717.510000,0.045600,0.633942,2026-08-18,169.000000,2.719583,0.267445,64721.060000,64713.530000
29784936,2026-08-18T23:36,64719.740000,0.556800,-0.987946,2026-08-18,546.000000,14.132034,0.924897,64721.720000,64705.010000
29784937,2026-08-18T23:37,64712.020000,0.760400,0.849810,2026-08-18,218.000000,1.799693,0.402705,64720.010000,64712.020000
29784938,2026-08-18T23:38,64716.010000,0.963300,-0.194847,2026-08-18,104.000000,0.437929,0.130541,64716.690000,64712.020000
29784939,2026-08-18T23:39,64716.710000,0.991800,-0.743581,2026-08-18,103.000000,0.710690,0.207701,64716.710000,64716.000000
29784940,2026-08-18T23:40,64716.710000,0.543900,-0.587769,2026-08-18,124.000000,0.749291,0.346585,64719.950000,64716.010000
29784941,2026-08-18T23:41,64716.010000,-0.653300,-0.302696,2026-08-18,77.000000,0.049971,0.075326,64716.710000,64716.000000
29784942,2026-08-18T23:42,64724.850000,0.932400,-0.846191,2026-08-18,248.000000,6.295166,0.811523,64725.690000,64715.920000
29784943,2026-08-18T23:43,64740.370000,0.960300,0.623046,2026-08-18,360.000000,5.133422,0.969657,64740.370000,64724.850000
29784944,2026-08-18T23:44,64730.020000,0.383200,0.939314,2026-08-18,289.000000,6.955700,0.072446,64741.380000,64729.550000
29784945,2026-08-18T23:45,64711.040000,0.214000,-0.862312,2026-08-18,431.000000,2.386644,0.663921,64730.030000,64711.040000
29784946,2026-08-18T23:46,64736.820000,0.450700,0.543483,2026-08-18,785.000000,7.869694,0.866324,64744.560000,64709.740000
29784947,2026-08-18T23:47,64700.010000,-0.855600,0.740722,2026-08-18,762.000000,3.630363,0.115236,64736.830000,64700.000000
29784948,2026-08-18T23:48,64708.190000,0.179600,-0.769526,2026-08-18,510.000000,0.705216,0.683381,64708.200000,64695.780000
29784949,2026-08-18T23:49,64718.850000,0.886300,0.366762,2026-08-18,303.000000,1.628361,0.808767,64719.250000,64708.190000
29784950,2026-08-18T23:50,64721.120000,0.869000,0.611404,2026-08-18,122.000000,0.326229,0.224894,64721.120000,64718.850000
29784951,2026-08-18T23:51,64694.260000,-0.209900,-0.777781,2026-08-18,224.000000,3.084962,0.140789,64721.110000,64691.230000
29784952,2026-08-18T23:52,64704.060000,0.940300,-0.683522,2026-08-18,167.000000,0.916272,0.786567,64704.700000,64694.250000
29784953,2026-08-18T23:53,64710.010000,-0.073200,0.573285,2026-08-18,247.000000,2.442575,0.418887,64711.490000,64702.680000
29784954,2026-08-18T23:54,64697.880000,0.501900,-0.162246,2026-08-18,172.000000,1.421764,0.239551,64709.660000,64697.890000
29784955,2026-08-18T23:55,64695.960000,0.986800,-0.520879,2026-08-18,130.000000,1.050690,0.469472,64697.890000,64695.950000
29784956,2026-08-18T23:56,64681.520000,0.833400,-0.163098,2026-08-18,184.000000,2.005574,0.785872,64695.960000,64680.220000
29784957,2026-08-18T23:57,64689.570000,-0.011300,0.682795,2026-08-18,213.000000,1.581542,0.961140,64691.610000,64681.530000
29784958,2026-08-18T23:58,64681.320000,0.446100,0.919367,2026-08-18,395.000000,2.075827,0.390986,64689.580000,64681.230000
29784959,2026-08-18T23:59,64681.320000,0.517500,-0.216016,2026-08-18,129.000000,0.764471,0.881663,64681.330000,64680.030000
29784960,2026-08-19T00:00,64694.710000,-0.966800,0.762664,2026-08-18,718.000000,8.617801,0.978114,64705.560000,64681.320000
29784961,2026-08-19T00:01,64659.210000,-0.869700,0.956264,2026-08-18,668.000000,13.350067,0.492335,64694.710000,64650.240000
29784962,2026-08-19T00:02,64659.130000,0.500700,-0.015462,2026-08-18,407.000000,1.136316,0.123574,64666.760000,64654.520000
29784963,2026-08-19T00:03,64625.400000,-0.523300,-0.752908,2026-08-18,272.000000,2.574730,0.753991,64659.140000,64625.400000
29784964,2026-08-19T00:04,64590.010000,0.585500,0.508879,2026-08-18,350.000000,3.715820,0.180183,64625.410000,64585.150000
29784965,2026-08-19T00:05,64575.930000,0.241200,-0.641708,2026-08-18,253.000000,3.484288,0.812520,64594.530000,64575.930000
29784966,2026-08-19T00:06,64563.320000,-0.334000,0.564775,2026-08-18,340.000000,13.772242,0.623008,64575.930000,64555.380000
29784967,2026-08-19T00:07,64596.670000,0.995100,0.260756,2026-08-18,582.000000,6.088047,0.984401,64597.560000,64563.310000
29784968,2026-08-19T00:08,64615.310000,0.948600,0.968571,2026-08-18,450.000000,0.465265,0.121099,64615.310000,64596.660000
29784969,2026-08-19T00:09,64592.290000,-0.022000,-0.765390,2026-08-18,457.000000,1.104151,0.128176,64615.310000,64592.280000
29784970,2026-08-19T00:10,64579.920000,-0.049900,-0.739043,2026-08-18,448.000000,1.351427,0.558918,64592.290000,64579.860000
29784971,2026-08-19T00:11,64562.010000,0.721900,0.115924,2026-08-18,565.000000,1.643345,0.156951,64579.920000,64551.690000
29784972,2026-08-19T00:12,64550.240000,0.114700,-0.685072,2026-08-18,485.000000,4.353858,0.287328,64563.320000,64537.230000
29784973,2026-08-19T00:13,64553.120000,0.910200,-0.425672,2026-08-18,159.000000,0.504875,0.867293,64553.140000,64550.240000
29784974,2026-08-19T00:14,64540.080000,-0.294700,0.734585,2026-08-18,161.000000,1.774583,0.147301,64553.140000,64538.460000
29784975,2026-08-19T00:15,64504.440000,0.691800,-0.735504,2026-08-18,502.000000,3.803057,0.221304,64540.080000,64500.760000
29784976,2026-08-19T00:16,64539.680000,0.991600,-0.527615,2026-08-18,467.000000,1.068453,0.652782,64539.680000,64504.450000
29784977,2026-08-19T00:17,64554.990000,0.905200,0.297896,2026-08-18,472.000000,0.246036,0.564790,64556.150000,64536.230000
29784978,2026-08-19T00:18,64553.480000,0.294600,0.129580,2026-08-18,421.000000,1.856732,0.601023,64555.470000,64537.160000
29784979,2026-08-19T00:19,64553.480000,0.916400,0.202045,2026-08-18,219.000000,0.501880,0.111866,64553.480000,64537.160000
29784980,2026-08-19T00:20,64579.440000,0.990100,-0.776269,2026-08-18,377.000000,2.658844,0.896478,64579.450000,64553.470000
29784981,2026-08-19T00:21,64589.680000,-0.598800,0.792956,2026-08-18,568.000000,4.495983,0.390089,64589.680000,64567.440000
29784982,2026-08-19T00:22,64623.460000,0.855000,-0.216941,2026-08-18,779.000000,3.603685,0.293295,64632.910000,64589.670000
29784983,2026-08-19T00:23,64584.010000,0.024100,-0.417598,2026-08-18,534.000000,1.633395,0.590212,64624.250000,64584.000000
29784984,2026-08-19T00:24,64567.440000,-0.218000,0.162248,2026-08-18,517.000000,2.616610,0.605877,64588.130000,64563.300000
29784985,2026-08-19T00:25,64560.400000,-0.355900,0.223709,2026-08-18,122.000000,0.225331,0.149627,64567.450000,64555.020000
29784986,2026-08-19T00:26,64556.370000,0.676600,-0.700749,2026-08-18,948.000000,3.716905,0.837203,64558.300000,64534.110000
29784987,2026-08-19T00:27,64551.600000,0.461300,0.677913,2026-08-18,508.000000,0.860982,0.405183,64562.820000,64546.390000
29784988,2026-08-19T00:28,64546.400000,0.261400,-0.248317,2026-08-18,447.000000,0.334428,0.208563,64553.840000,64546.400000
29784989,2026-08-19T00:29,64562.810000,-0.802900,-0.579317,2026-08-18,451.000000,0.811475,0.791800,64562.810000,64546.400000
29784990,2026-08-19T00:30,64567.990000,1.000000,0.583214,2026-08-18,569.000000,2.658511,0.801981,64568.410000,64552.470000
29784991,2026-08-19T00:31,64590.920000,0.502200,0.728270,2026-08-18,439.000000,1.657773,0.947160,64590.910000,64567.990000
29784992,2026-08-19T00:32,64601.320000,0.951000,0.603268,2026-08-18,477.000000,0.435139,0.444770,64601.320000,64587.590000
29784993,2026-08-19T00:33,64597.430000,-0.313600,0.264717,2026-08-18,647.000000,2.064493,0.236707,64613.720000,64597.410000
29784994,2026-08-19T00:34,64602.120000,0.516000,-0.705585,2026-08-18,365.000000,0.459618,0.339596,64612.570000,64597.410000
29784995,2026-08-19T00:35,64607.920000,0.897700,-0.336403,2026-08-18,320.000000,1.612480,0.888900,64607.920000,64597.410000
29784996,2026-08-19T00:36,64609.880000,-0.014100,0.838211,2026-08-18,386.000000,2.546260,0.392827,64612.690000,64600.620000
29784997,2026-08-19T00:37,64592.290000,0.832000,-0.588714,2026-08-18,482.000000,1.560093,0.099674,64611.190000,64584.130000
29784998,2026-08-19T00:38,64612.680000,-0.885100,-0.801268,2026-08-18,511.000000,0.683547,0.960129,64612.690000,64592.280000
29784999,2026-08-19T00:39,64596.770000,-0.277400,0.861838,2026-08-18,472.000000,0.449934,0.113601,64612.690000,64596.770000
29785000,2026-08-19T00:40,64571.580000,-0.994300,-0.764536,2026-08-18,422.000000,1.475056,0.261017,64596.780000,64571.580000
29785001,2026-08-19T00:41,64516.980000,0.162700,-0.499228,2026-08-18,580.000000,1.826955,0.602123,64571.590000,64513.980000
29785002,2026-08-19T00:42,64509.620000,0.160700,0.162426,2026-08-18,565.000000,2.945721,0.555044,64522.840000,64509.010000
29785003,2026-08-19T00:43,64513.230000,0.999800,0.156248,2026-08-18,394.000000,2.239985,0.817917,64513.220000,64500.010000
29785004,2026-08-19T00:44,64517.760000,-0.999000,0.635943,2026-08-18,822.000000,2.429709,0.437712,64539.050000,64513.230000
29785005,2026-08-19T00:45,64505.370000,0.270500,-0.124422,2026-08-18,555.000000,0.480759,0.540320,64517.770000,64505.360000
29785006,2026-08-19T00:46,64517.270000,-0.454700,0.078590,2026-08-18,619.000000,3.358552,0.815531,64522.290000,64504.220000
29785007,2026-08-19T00:47,64513.350000,0.948300,0.631062,2026-08-18,514.000000,0.544528,0.300221,64521.710000,64509.560000
29785008,2026-08-19T00:48,64532.870000,-0.052400,-0.399560,2026-08-18,626.000000,1.227531,0.105183,64538.910000,64515.530000
29785009,2026-08-19T00:49,64530.060000,0.629800,-0.789633,2026-08-18,409.000000,0.351973,0.540355,64532.870000,64522.320000
29785010,2026-08-19T00:50,64496.650000,0.822400,0.080709,2026-08-18,743.000000,10.752664,0.140719,64532.060000,64458.580000
29785011,2026-08-19T00:51,64492.380000,0.135200,-0.718562,2026-08-18,632.000000,6.069779,0.142100,64498.680000,64475.120000
29785012,2026-08-19T00:52,64483.650000,-0.128700,-0.714056,2026-08-18,622.000000,2.930220,0.129458,64492.390000,64475.150000
29785013,2026-08-19T00:53,64488.790000,-0.155800,-0.744762,2026-08-18,434.000000,0.866048,0.804895,64498.210000,64483.640000
29785014,2026-08-19T00:54,64490.010000,-0.424100,0.610254,2026-08-18,252.000000,0.515818,0.092917,64496.470000,64484.640000
29785015,2026-08-19T00:55,64486.560000,-0.070300,-0.817891,2026-08-18,402.000000,0.855512,0.640022,64493.800000,64482.510000
29785016,2026-08-19T00:56,64480.010000,0.491100,0.282603,2026-08-18,266.000000,0.394387,0.206538,64486.560000,64480.010000
29785017,2026-08-19T00:57,64472.230000,0.147800,-0.600436,2026-08-18,567.000000,5.880105,0.086961,64480.040000,64472.220000
29785018,2026-08-19T00:58,64468.540000,-0.318400,-0.825984,2026-08-18,588.000000,1.623077,0.401401,64479.790000,64463.940000
29785019,2026-08-19T00:59,64445.430000,0.098800,-0.197198,2026-08-18,523.000000,2.239827,0.315723,64474.290000,64438.500000
29785020,2026-08-19T01:00,64423.480000,-0.172100,-0.418663,2026-08-18,724.000000,3.738469,0.728355,64446.980000,64414.260000
29785021,2026-08-19T01:01,64405.990000,-0.779600,0.536076,2026-08-18,606.000000,3.368774,0.796132,64439.110000,64405.980000
29785022,2026-08-19T01:02,64396.930000,0.383000,0.592423,2026-08-18,787.000000,4.565218,0.421606,64414.270000,64389.610000
29785023,2026-08-19T01:03,64412.290000,0.397100,-0.156857,2026-08-18,537.000000,6.147807,0.943069,64416.720000,64395.410000
29785024,2026-08-19T01:04,64401.440000,-0.293200,0.850710,2026-08-18,478.000000,0.975008,0.423588,64412.290000,64395.400000
29785025,2026-08-19T01:05,64392.350000,-0.105400,-0.036625,2026-08-18,458.000000,5.453490,0.796197,64409.000000,64390.010000
29785026,2026-08-19T01:06,64456.240000,0.764100,0.592508,2026-08-18,764.000000,4.836992,0.803805,64458.190000,64392.350000
29785027,2026-08-19T01:07,64471.670000,-0.121200,0.607484,2026-08-18,594.000000,4.490406,0.695194,64494.800000,64447.380000
29785028,2026-08-19T01:08,64463.210000,0.310500,0.390388,2026-08-18,686.000000,2.567891,0.648788,64471.040000,64448.710000
29785029,2026-08-19T01:09,64502.990000,0.074000,0.298154,2026-08-18,494.000000,1.312947,0.822865,64502.990000,64464.670000
29785030,2026-08-19T01:10,64468.260000,0.124900,0.592461,2026-08-18,687.000000,1.697740,0.238286,64502.980000,64468.090000
29785031,2026-08-19T01:11,64482.600000,-0.994700,-0.510596,2026-08-18,565.000000,0.776160,0.587928,64483.480000,64458.620000
29785032,2026-08-19T01:12,64468.070000,0.503000,0.175466,2026-08-18,568.000000,1.635571,0.416112,64482.600000,64443.240000
29785033,2026-08-19T01:13,64476.400000,-0.161900,-0.197743,2026-08-18,566.000000,0.718640,0.349603,64479.150000,64468.070000
29785034,2026-08-19T01:14,64483.650000,0.045700,-0.235827,2026-08-18,643.000000,4.222901,0.791125,64489.970000,64463.880000
29785035,2026-08-19T01:15,64461.320000,0.092700,0.582548,2026-08-18,601.000000,1.202018,0.632670,64483.650000,64460.840000
29785036,2026-08-19T01:16,64455.670000,-0.836700,0.264486,2026-08-18,458.000000,2.331170,0.809661,64468.090000,64455.660000
29785037,2026-08-19T01:17,64430.820000,-0.024000,0.619369,2026-08-18,584.000000,2.687062,0.564943,64456.270000,64430.820000
29785038,2026-08-19T01:18,64443.060000,0.657300,0.129292,2026-08-18,595.000000,3.724113,0.883994,64443.050000,64409.960000
29785039,2026-08-19T01:19,64467.180000,0.928400,0.760288,2026-08-18,608.000000,0.924935,0.957474,64467.190000,64437.540000
29785040,2026-08-19T01:20,64484.630000,0.999900,0.950592,2026-08-18,559.000000,0.630823,0.715309,64484.640000,64459.800000
29785041,2026-08-19T01:21,64460.350000,0.557800,0.430619,2026-08-18,549.000000,0.430679,0.290740,64484.630000,64459.800000
29785042,2026-08-19T01:22,64476.370000,-0.444300,-0.418516,2026-08-18,507.000000,0.543126,0.621419,64490.500000,64460.350000
29785043,2026-08-19T01:23,64440.440000,-0.030500,0.242543,2026-08-18,648.000000,3.926404,0.250122,64476.370000,64440.000000
29785044,2026-08-19T01:24,64434.990000,-0.833400,-0.432090,2026-08-18,596.000000,1.589309,0.339929,64456.240000,64430.820000
29785045,2026-08-19T01:25,64397.710000,-0.709500,-0.491217,2026-08-18,492.000000,1.449008,0.078943,64435.000000,64400.000000
29785046,2026-08-19T01:26,64405.980000,-0.826500,-0.862685,2026-08-18,156.000000,0.423866,0.579655,64405.980000,64392.870000
29785047,2026-08-19T01:27,64453.070000,-0.338100,0.959988,2026-08-18,1329.000000,3.606007,0.743704,64476.360000,64405.970000
29785048,2026-08-19T01:28,64431.560000,-0.844000,0.487407,2026-08-18,548.000000,0.204061,0.470092,64453.080000,64430.820000
29785049,2026-08-19T01:29,64442.070000,0.942800,-0.043478,2026-08-18,452.000000,0.742366,0.886404,64442.070000,64427.890000
29785050,2026-08-19T01:30,64431.330000,-0.981200,0.842606,2026-08-18,486.000000,1.607621,0.815430,64453.390000,64431.330000
29785051,2026-08-19T01:31,64410.730000,0.358600,0.535232,2026-08-18,450.000000,1.159788,0.819944,64432.190000,64406.910000
29785052,2026-08-19T01:32,64410.870000,-0.923300,0.639911,2026-08-18,486.000000,0.598096,0.373091,64425.760000,64410.720000
29785053,2026-08-19T01:33,64438.120000,0.635900,-0.253972,2026-08-18,500.000000,0.878956,0.886709,64438.300000,64410.860000
29785054,2026-08-19T01:34,64422.570000,-0.832400,0.677682,2026-08-18,572.000000,0.996487,0.506946,64446.360000,64422.250000
29785055,2026-08-19T01:35,64414.270000,-0.193900,0.067631,2026-08-18,374.000000,0.365983,0.692519,64422.250000,64414.270000
29785056,2026-08-19T01:36,64423.690000,0.836500,0.387160,2026-08-18,322.000000,1.167800,0.561628,64424.210000,64410.520000
29785057,2026-08-19T01:37,64410.520000,0.182600,0.122316,2026-08-18,468.000000,0.403968,0.210835,64423.700000,64410.520000
29785058,2026-08-19T01:38,64412.900000,-0.761600,-0.577745,2026-08-18,548.000000,0.752561,0.536082,64422.380000,64410.520000
29785059,2026-08-19T01:39,64419.060000,0.504200,0.071843,2026-08-18,515.000000,0.947708,0.332205,64419.540000,64406.750000
29785060,2026-08-19T01:40,64415.560000,0.091100,-0.335653,2026-08-18,425.000000,0.790553,0.195306,64419.060000,64415.080000
29785061,2026-08-19T01:41,64397.320000,0.729700,-0.609386,2026-08-18,577.000000,1.077293,0.192682,64415.560000,64396.410000
29785062,2026-08-19T01:42,64372.880000,-0.196100,-0.612737,2026-08-18,646.000000,8.120322,0.219467,64400.230000,64372.860000
29785063,2026-08-19T01:43,64366.230000,0.730600,-0.561313,2026-08-18,474.000000,4.374477,0.518375,64372.880000,64345.580000
29785064,2026-08-19T01:44,64374.380000,0.745000,0.036016,2026-08-18,451.000000,0.792592,0.885769,64374.380000,64358.550000
29785065,2026-08-19T01:45,64366.930000,-0.056600,0.778599,2026-08-18,244.000000,1.681476,0.202188,64374.380000,64364.220000
29785066,2026-08-19T01:46,64373.490000,-0.212400,-0.595624,2026-08-18,307.000000,0.686693,0.727564,64374.040000,64366.920000
29785067,2026-08-19T01:47,64364.810000,-0.669400,0.448575,2026-08-18,725.000000,2.483342,0.731750,64377.710000,64364.350000
29785068,2026-08-19T01:48,64343.510000,-0.772500,0.465220,2026-08-18,707.000000,1.210661,0.484062,64364.810000,64341.460000
29785069,2026-08-19T01:49,64363.070000,-0.265600,-0.032091,2026-08-18,667.000000,5.301525,0.732541,64369.080000,64343.510000
29785070,2026-08-19T01:50,64360.710000,-0.967700,0.443830,2026-08-18,398.000000,0.352942,0.723825,64363.080000,64360.700000
29785071,2026-08-19T01:51,64357.770000,-0.905400,0.858778,2026-08-18,434.000000,1.081659,0.157744,64360.710000,64356.300000
29785072,2026-08-19T01:52,64388.960000,-0.850800,-0.685649,2026-08-18,868.000000,4.480269,0.939128,64389.910000,64357.770000
29785073,2026-08-19T01:53,64387.190000,0.775200,0.878257,2026-08-18,623.000000,5.020340,0.181073,64388.950000,64377.000000
29785074,2026-08-19T01:54,64378.900000,-0.622800,-0.637863,2026-08-18,596.000000,0.761702,0.686380,64387.200000,64376.980000
29785075,2026-08-19T01:55,64399.490000,0.606100,0.372969,2026-08-18,760.000000,4.888695,0.967972,64401.680000,64378.900000
29785076,2026-08-19T01:56,64374.850000,-0.568700,0.935943,2026-08-18,868.000000,1.926549,0.220552,64399.490000,64368.510000
29785077,2026-08-19T01:57,64356.320000,0.323300,-0.558895,2026-08-18,808.000000,0.569924,0.246825,64367.720000,64355.020000
29785078,2026-08-19T01:58,64350.010000,-0.605300,-0.520309,2026-08-18,569.000000,0.129623,0.562444,64356.300000,64350.000000
29785079,2026-08-19T01:59,64358.460000,-0.842900,0.329895,2026-08-18,590.000000,0.699434,0.728078,64358.470000,64344.030000
29785080,2026-08-19T02:00,64332.330000,0.057500,0.384558,2026-08-18,765.000000,4.164185,0.693488,64358.470000,64328.740000
29785081,2026-08-19T02:01,64341.900000,-0.120000,0.330061,2026-08-18,887.000000,7.245457,0.759467,64352.550000,64315.210000
29785082,2026-08-19T02:02,64326.010000,-0.426200,0.565188,2026-08-18,857.000000,0.645490,0.260311,64341.900000,64326.010000
29785083,2026-08-19T02:03,64337.190000,0.288000,-0.479867,2026-08-18,697.000000,1.024207,0.648630,64343.110000,64326.010000
29785084,2026-08-19T02:04,64323.010000,-0.985400,0.299128,2026-08-18,589.000000,0.394701,0.260569,64337.200000,64320.000000
29785085,2026-08-19T02:05,64323.010000,0.660800,-0.484884,2026-08-18,328.000000,0.340679,0.212825,64323.010000,64323.000000
29785086,2026-08-19T02:06,64328.240000,-0.933900,-0.574352,2026-08-18,735.000000,0.976626,0.760744,64340.780000,64323.000000
29785087,2026-08-19T02:07,64313.990000,0.726600,0.521489,2026-08-18,781.000000,1.038881,0.692403,64329.760000,64309.840000
29785088,2026-08-19T02:08,64312.760000,0.026900,0.387034,2026-08-18,370.000000,0.173651,0.540598,64317.010000,64312.750000
29785089,2026-08-19T02:09,64312.760000,0.541400,0.060764,2026-08-18,350.000000,0.274036,0.918266,64312.760000,64312.750000
29785090,2026-08-19T02:10,64321.010000,0.917300,0.839964,2026-08-18,689.000000,3.565490,0.147642,64321.020000,64302.380000
29785091,2026-08-19T02:11,64335.930000,0.846600,-0.696518,2026-08-18,927.000000,4.177517,0.751560,64339.540000,64314.900000
29785092,2026-08-19T02:12,64352.170000,-0.971700,0.514150,2026-08-18,884.000000,2.147478,0.561502,64363.640000,64335.920000
29785093,2026-08-19T02:13,64351.120000,-0.024300,0.118003,2026-08-18,974.000000,4.049728,0.114621,64358.980000,64342.500000
29785094,2026-08-19T02:14,64348.020000,-0.017200,-0.770264,2026-08-18,905.000000,4.878760,0.600656,64360.000000,64331.460000
29785095,2026-08-19T02:15,64334.380000,-0.976900,0.205362,2026-08-18,797.000000,0.671470,0.733705,64348.030000,64331.250000
29785096,2026-08-19T02:16,64332.490000,-0.130600,0.446929,2026-08-18,811.000000,2.615382,0.795451,64357.510000,64327.320000
29785097,2026-08-19T02:17,64310.760000,0.447600,0.590905,2026-08-18,485.000000,0.606955,0.444026,64331.470000,64310.760000
29785098,2026-08-19T02:18,64314.870000,0.292200,-0.111975,2026-08-18,517.000000,1.079481,0.934475,64318.210000,64304.000000
29785099,2026-08-19T02:19,64302.540000,0.068800,0.868679,2026-08-18,514.000000,0.859769,0.770309,64314.870000,64302.540000
29785100,2026-08-19T02:20,64302.730000,0.663400,0.541204,2026-08-18,718.000000,1.519638,0.362793,64320.160000,64297.000000
29785101,2026-08-19T02:21,64335.150000,0.096500,-0.096673,2026-08-18,1000.000000,1.901700,0.752603,64342.900000,64302.720000
29785102,2026-08-19T02:22,64335.570000,-0.009400,0.431392,2026-08-18,803.000000,1.432720,0.937621,64337.550000,64329.040000
29785103,2026-08-19T02:23,64340.990000,0.876400,0.875248,2026-08-18,582.000000,0.620789,0.694594,64341.000000,64320.120000
29785104,2026-08-19T02:24,64346.260000,-0.972400,0.567182,2026-08-18,808.000000,1.111453,0.816783,64349.780000,64339.740000
29785105,2026-08-19T02:25,64358.540000,0.748200,0.503920,2026-08-18,893.000000,1.555169,0.653886,64361.720000,64329.600000
29785106,2026-08-19T02:26,64367.210000,-0.642500,0.317463,2026-08-18,714.000000,1.704036,0.701101,64367.220000,64356.680000
29785107,2026-08-19T02:27,64355.740000,0.629900,0.380190,2026-08-18,365.000000,0.664900,0.471489,64367.210000,64355.740000
29785108,2026-08-19T02:28,64344.010000,0.116200,-0.016836,2026-08-18,1175.000000,6.912356,0.298983,64367.180000,64336.000000
29785109,2026-08-19T02:29,64342.460000,0.397200,-0.401513,2026-08-18,737.000000,3.265906,0.547960,64354.350000,64326.770000
29785110,2026-08-19T02:30,64354.820000,0.373400,0.054566,2026-08-18,659.000000,0.466264,0.587128,64354.830000,64330.000000
29785111,2026-08-19T02:31,64347.820000,0.155400,0.610790,2026-08-18,474.000000,0.218182,0.358479,64354.830000,64345.000000
29785112,2026-08-19T02:32,64331.460000,0.233100,-0.294757,2026-08-18,393.000000,0.429752,0.400808,64347.820000,64331.460000
29785113,2026-08-19T02:33,64327.310000,0.298300,-0.199001,2026-08-18,337.000000,0.226225,0.617970,64331.470000,64325.650000
29785114,2026-08-19T02:34,64319.080000,0.663300,0.235939,2026-08-18,425.000000,2.396629,0.102697,64327.310000,64315.940000
29785115,2026-08-19T02:35,64331.880000,0.436100,-0.744931,2026-08-18,1043.000000,3.307538,0.982826,64347.560000,64319.080000
29785116,2026-08-19T02:36,64352.170000,-0.994600,0.964949,2026-08-18,787.000000,1.564034,0.781085,64366.260000,64347.560000
29785117,2026-08-19T02:37,64359.290000,0.382700,0.559839,2026-08-18,780.000000,2.288526,0.851523,64367.810000,64352.160000
29785118,2026-08-19T02:38,64336.290000,0.167800,0.704670,2026-08-18,790.000000,1.300559,0.126353,64359.300000,64336.270000
29785119,2026-08-19T02:39,64359.820000,0.773100,-0.748383,2026-08-18,933.000000,3.521537,0.921241,64364.300000,64334.990000
29785120,2026-08-19T02:40,64351.180000,0.480300,0.842506,2026-08-18,602.000000,0.666326,0.240204,64359.820000,64345.240000
29785121,2026-08-19T02:41,64326.850000,0.105100,-0.453101,2026-08-18,572.000000,7.487896,0.063128,64351.180000,64315.980000
29785122,2026-08-19T02:42,64341.290000,-0.123700,-0.881138,2026-08-18,530.000000,1.484254,0.848331,64343.860000,64323.510000
29785123,2026-08-19T02:43,64333.490000,0.304500,0.696561,2026-08-18,693.000000,0.894213,0.492107,64339.550000,64332.220000
29785124,2026-08-19T02:44,64333.490000,0.096200,-0.007383,2026-08-18,382.000000,0.485317,0.795180,64334.790000,64333.490000
29785125,2026-08-19T02:45,64341.010000,1.000000,0.639663,2026-08-18,526.000000,0.556835,0.846687,64341.000000,64333.490000
29785126,2026-08-19T02:46,64361.210000,0.615600,0.645679,2026-08-18,940.000000,3.911303,0.450989,64365.920000,64341.030000
29785127,2026-08-19T02:47,64345.460000,-0.717800,-0.094262,2026-08-18,731.000000,0.903181,0.735824,64361.220000,64340.000000
29785128,2026-08-19T02:48,64336.180000,-0.564100,0.463667,2026-08-18,522.000000,1.271701,0.592767,64345.470000,64331.460000
29785129,2026-08-19T02:49,64319.040000,0.546100,0.185535,2026-08-18,411.000000,1.353137,0.125934,64336.180000,64319.040000
29785130,2026-08-19T02:50,64322.010000,0.959900,-0.748133,2026-08-18,454.000000,1.026669,0.875073,64322.020000,64319.040000
29785131,2026-08-19T02:51,64318.680000,0.860800,0.751142,2026-08-18,390.000000,0.436185,0.170817,64322.020000,64318.680000
29785132,2026-08-19T02:52,64300.930000,-0.179000,-0.761963,2026-08-18,375.000000,0.657076,0.052082,64318.680000,64300.920000
29785133,2026-08-19T02:53,64299.420000,0.073300,-0.863632,2026-08-18,515.000000,4.870988,0.130813,64304.980000,64295.740000
29785134,2026-08-19T02:54,64293.070000,-0.236800,-0.738381,2026-08-18,355.000000,0.559456,0.743566,64299.420000,64293.070000
29785135,2026-08-19T02:55,64314.990000,-0.276800,0.494262,2026-08-18,879.000000,4.694248,0.886958,64318.620000,64293.070000
29785136,2026-08-19T02:56,64312.920000,0.006700,0.773552,2026-08-18,699.000000,1.843839,0.085299,64315.000000,64308.580000
29785137,2026-08-19T02:57,64299.990000,0.331200,-0.829402,2026-08-18,400.000000,1.573661,0.080786,64312.920000,64299.990000
29785138,2026-08-19T02:58,64298.820000,-0.125400,-0.836975,2026-08-18,376.000000,3.463850,0.177408,64300.860000,64298.390000
29785139,2026-08-19T02:59,64295.850000,0.070700,-0.645754,2026-08-18,368.000000,1.593415,0.439998,64298.820000,64295.840000
29785140,2026-08-19T03:00,64295.850000,-0.288900,-0.119825,2026-08-18,337.000000,0.497896,0.496518,64295.850000,64295.840000
29785141,2026-08-19T03:01,64299.980000,-0.229100,-0.007575,2026-08-18,755.000000,5.516773,0.769546,64309.660000,64284.420000
29785142,2026-08-19T03:02,64300.170000,-0.565700,0.539154,2026-08-18,727.000000,0.549072,0.866859,64301.270000,64298.900000
29785143,2026-08-19T03:03,64307.670000,0.965800,0.735162,2026-08-18,522.000000,0.780032,0.845871,64307.670000,64298.900000
29785144,2026-08-19T03:04,64294.210000,-0.043600,0.690261,2026-08-18,752.000000,2.872532,0.372151,64314.100000,64294.200000
29785145,2026-08-19T03:05,64263.710000,-0.292000,-0.255698,2026-08-18,670.000000,2.598060,0.692624,64294.210000,64263.700000
29785146,2026-08-19T03:06,64245.180000,0.336200,0.358207,2026-08-18,445.000000,1.316843,0.345810,64263.700000,64245.010000
29785147,2026-08-19T03:07,64237.940000,-0.172900,0.109861,2026-08-18,553.000000,3.011103,0.540737,64255.670000,64232.250000
29785148,2026-08-19T03:08,64240.380000,0.552700,-0.125733,2026-08-18,602.000000,3.106740,0.728723,64246.040000,64227.960000
29785149,2026-08-19T03:09,64237.670000,0.022100,0.450856,2026-08-18,342.000000,0.531389,0.364198,64240.380000,64235.960000
29785150,2026-08-19T03:10,64222.920000,0.286300,-0.251733,2026-08-18,369.000000,2.656246,0.034235,64237.670000,64219.600000
29785151,2026-08-19T03:11,64261.070000,0.999700,-0.931530,2026-08-18,948.000000,3.086251,0.687881,64261.080000,64218.400000
29785152,2026-08-19T03:12,64272.420000,-0.991200,0.375857,2026-08-18,850.000000,2.961898,0.194815,64276.610000,64258.500000
29785153,2026-08-19T03:13,64299.270000,0.195300,-0.610456,2026-08-18,961.000000,1.755823,0.470746,64299.280000,64267.990000
29785154,2026-08-19T03:14,64295.560000,-0.844400,-0.058370,2026-08-18,699.000000,0.877493,0.154070,64299.280000,64293.930000
29785155,2026-08-19T03:15,64294.180000,0.487300,-0.698819,2026-08-18,874.000000,2.538105,0.288563,64312.540000,64288.710000
29785156,2026-08-19T03:16,64315.900000,0.648500,-0.422932,2026-08-18,731.000000,0.654304,0.728284,64320.620000,64297.960000
29785157,2026-08-19T03:17,64321.570000,0.207200,0.497992,2026-08-18,1004.000000,3.101453,0.423269,64351.110000,64315.890000
29785158,2026-08-19T03:18,64331.460000,0.383700,-0.149697,2026-08-18,859.000000,2.679375,0.514962,64357.630000,64321.570000
29785159,2026-08-19T03:19,64344.820000,-0.202400,0.025657,2026-08-18,735.000000,1.334754,0.892015,64356.090000,64331.460000
29785160,2026-08-19T03:20,64360.150000,-0.864300,0.784030,2026-08-18,755.000000,0.433245,0.583624,64363.580000,64346.560000
29785161,2026-08-19T03:21,64357.320000,-0.985300,0.167247,2026-08-18,815.000000,0.653826,0.267915,64363.650000,64353.890000
29785162,2026-08-19T03:22,64325.810000,-0.815500,-0.462409,2026-08-18,748.000000,1.107612,0.058720,64357.320000,64323.000000
29785163,2026-08-19T03:23,64325.810000,-0.170500,-0.879537,2026-08-18,421.000000,0.216570,0.662871,64325.810000,64320.060000
29785164,2026-08-19T03:24,64314.680000,0.904800,0.328772,2026-08-18,449.000000,0.733885,0.338550,64320.070000,64304.080000
29785165,2026-08-19T03:25,64306.620000,0.316300,-0.091242,2026-08-18,578.000000,0.532058,0.428641,64324.680000,64306.620000
29785166,2026-08-19T03:26,64306.270000,0.403400,-0.649108,2026-08-18,319.000000,0.065016,0.238271,64306.630000,64305.000000
29785167,2026-08-19T03:27,64306.620000,-0.469800,-0.489112,2026-08-18,682.000000,0.941216,0.472615,64318.570000,64305.010000
29785168,2026-08-19T03:28,64313.380000,0.198300,-0.054769,2026-08-18,306.000000,0.121237,0.766645,64314.880000,64306.620000
29785169,2026-08-19T03:29,64305.960000,0.298000,0.533289,2026-08-18,524.000000,0.587522,0.519534,64315.440000,64305.950000
29785170,2026-08-19T03:30,64302.490000,-0.675600,0.044357,2026-08-18,386.000000,0.618504,0.287827,64305.960000,64300.000000
29785171,2026-08-19T03:31,64307.320000,-0.622700,-0.429828,2026-08-18,759.000000,4.600249,0.927498,64320.260000,64302.480000
29785172,2026-08-19T03:32,64304.190000,-0.275000,0.854968,2026-08-18,522.000000,0.444505,0.766085,64307.320000,64300.000000
29785173,2026-08-19T03:33,64308.760000,0.723800,0.532158,2026-08-18,588.000000,3.848836,0.979500,64314.160000,64304.190000
29785174,2026-08-19T03:34,64285.930000,-0.234700,0.959001,2026-08-18,467.000000,1.081732,0.261043,64310.060000,64285.920000
29785175,2026-08-19T03:35,64302.430000,-0.763700,-0.477706,2026-08-18,764.000000,3.877228,0.926749,64308.500000,64285.920000
29785176,2026-08-19T03:36,64287.480000,0.548800,0.853402,2026-08-18,552.000000,1.277508,0.822070,64299.560000,64285.920000
29785177,2026-08-19T03:37,64295.930000,-0.808300,0.640795,2026-08-18,495.000000,0.503521,0.962332,64297.220000,64287.470000
29785178,2026-08-19T03:38,64282.880000,-0.058400,0.924800,2026-08-18,585.000000,0.662646,0.526256,64299.100000,64282.880000
29785179,2026-08-19T03:39,64275.630000,0.048500,0.057699,2026-08-18,909.000000,9.280447,0.892966,64311.890000,64272.220000
29785180,2026-08-19T03:40,64282.240000,0.362000,0.785957,2026-08-18,704.000000,0.221830,0.820866,64286.270000,64278.520000
29785181,2026-08-19T03:41,64282.040000,0.986800,0.640184,2026-08-18,577.000000,0.354801,0.497729,64287.750000,64282.030000
29785182,2026-08-19T03:42,64296.690000,0.988200,0.149188,2026-08-18,750.000000,0.252550,0.849477,64298.600000,64282.030000
29785183,2026-08-19T03:43,64288.460000,0.217700,0.595424,2026-08-18,593.000000,2.602151,0.076299,64298.950000,64286.150000
29785184,2026-08-19T03:44,64284.940000,0.503100,-0.847409,2026-08-18,372.000000,0.354856,0.223412,64288.470000,64283.650000
29785185,2026-08-19T03:45,64280.330000,-0.032700,-0.833185,2026-08-18,576.000000,2.335058,0.639121,64294.200000,64280.010000
29785186,2026-08-19T03:46,64305.120000,-0.251400,0.716069,2026-08-18,707.000000,0.696612,0.977908,64309.480000,64280.330000
29785187,2026-08-19T03:47,64305.120000,-0.220100,0.955815,2026-08-18,534.000000,0.220010,0.322839,64305.130000,64299.920000
29785188,2026-08-19T03:48,64286.320000,0.283300,-0.354326,2026-08-18,451.000000,1.141592,0.038626,64305.130000,64285.930000
29785189,2026-08-19T03:49,64312.130000,0.908400,-0.922962,2026-08-18,673.000000,3.164536,0.984848,64312.140000,64286.310000
29785190,2026-08-19T03:50,64318.580000,-0.104500,0.971660,2026-08-18,811.000000,2.753109,0.768794,64325.810000,64312.100000
29785191,2026-08-19T03:51,64311.810000,0.466600,0.537588,2026-08-18,709.000000,0.371869,0.256235,64319.880000,64310.330000
29785192,2026-08-19T03:52,64294.540000,0.953100,-0.487530,2026-08-18,545.000000,0.485202,0.121924,64311.810000,64292.390000
29785193,2026-08-19T03:53,64295.060000,-0.388700,-0.756155,2026-08-18,642.000000,0.313579,0.834359,64310.000000,64294.530000
29785194,2026-08-19T03:54,64281.790000,-0.254300,0.670408,2026-08-18,427.000000,0.411101,0.255857,64295.060000,64281.780000
29785195,2026-08-19T03:55,64277.960000,-0.320300,-0.500352,2026-08-18,426.000000,0.592113,0.433356,64281.790000,64269.360000
29785196,2026-08-19T03:56,64284.600000,0.629700,-0.124136,2026-08-18,475.000000,0.588633,0.825497,64285.930000,64276.690000
29785197,2026-08-19T03:57,64274.680000,0.353400,0.650491,2026-08-18,643.000000,0.441858,0.235533,64284.610000,64274.670000
29785198,2026-08-19T03:58,64275.960000,-0.004500,-0.528404,2026-08-18,292.000000,0.423278,0.889462,64275.960000,64274.670000
29785199,2026-08-19T03:59,64269.370000,0.081700,0.778779,2026-08-18,329.000000,1.206281,0.290421,64275.960000,64269.360000
29785200,2026-08-19T04:00,64268.120000,-0.226500,-0.429697,2026-08-18,335.000000,0.568486,0.922057,64269.370000,64268.110000
29785201,2026-08-19T04:01,64275.040000,0.946300,0.922547,2026-08-18,443.000000,2.680307,0.998380,64275.050000,64268.110000
29785202,2026-08-19T04:02,64266.010000,0.089400,0.996920,2026-08-18,494.000000,0.963396,0.328156,64275.050000,64266.000000
29785203,2026-08-19T04:03,64250.620000,-0.095200,-0.343688,2026-08-18,399.000000,0.925033,0.594537,64266.010000,64250.040000
29785204,2026-08-19T04:04,64254.350000,0.969400,0.267903,2026-08-18,478.000000,3.639094,0.938667,64254.200000,64242.000000
29785205,2026-08-19T04:05,64248.960000,-0.257600,0.873882,2026-08-18,526.000000,1.948066,0.638659,64257.210000,64248.410000
29785206,2026-08-19T04:06,64235.400000,0.283100,0.277462,2026-08-18,389.000000,1.371041,0.559395,64248.970000,64234.370000
29785207,2026-08-19T04:07,64244.940000,0.778700,0.118543,2026-08-18,605.000000,0.820341,0.427590,64247.080000,64235.400000
29785208,2026-08-19T04:08,64238.710000,0.452800,-0.144397,2026-08-18,345.000000,0.477756,0.181601,64244.950000,64238.700000
29785209,2026-08-19T04:09,64243.120000,0.535100,-0.637532,2026-08-18,356.000000,0.970483,0.054225,64243.120000,64238.700000
29785210,2026-08-19T04:10,64264.120000,0.898000,-0.906171,2026-08-18,751.000000,0.576912,0.472069,64264.120000,64241.840000
29785211,2026-08-19T04:11,64267.880000,0.850800,0.397539,2026-08-18,743.000000,0.211503,0.293529,64270.130000,64264.110000
29785212,2026-08-19T04:12,64269.180000,0.684900,-0.660032,2026-08-18,506.000000,0.330922,0.960891,64269.180000,64267.880000
29785213,2026-08-19T04:13,64256.940000,0.451500,0.921868,2026-08-18,461.000000,1.299750,0.258370,64269.180000,64256.940000
29785214,2026-08-19T04:14,64260.990000,0.003500,-0.483591,2026-08-18,364.000000,0.062649,0.767394,64261.100000,64256.940000
29785215,2026-08-19T04:15,64286.570000,-0.218000,0.534211,2026-08-18,944.000000,1.501333,0.656250,64297.820000,64260.980000
29785216,2026-08-19T04:16,64293.320000,0.632200,0.316268,2026-08-18,823.000000,0.677453,0.363122,64293.520000,64272.220000
29785217,2026-08-19T04:17,64288.290000,-0.860500,-0.288067,2026-08-18,728.000000,0.137996,0.493755,64294.620000,64288.280000
29785218,2026-08-19T04:18,64296.330000,0.438200,-0.017623,2026-08-18,671.000000,0.801342,0.666899,64300.490000,64288.280000
29785219,2026-08-19T04:19,64307.740000,0.999500,0.333779,2026-08-18,675.000000,0.856519,0.301117,64308.080000,64296.330000
29785220,2026-08-19T04:20,64325.810000,0.350000,-0.348246,2026-08-18,726.000000,4.335654,0.827021,64325.810000,64307.730000
29785221,2026-08-19T04:21,64336.850000,0.705600,0.650821,2026-08-18,742.000000,3.207043,0.781989,64336.860000,64323.000000
29785222,2026-08-19T04:22,64314.570000,-0.314700,0.561931,2026-08-18,710.000000,1.436812,0.439931,64336.860000,64307.730000
29785223,2026-08-19T04:23,64315.350000,-0.717300,-0.116927,2026-08-18,510.000000,1.113075,0.996238,64319.990000,64314.560000
29785224,2026-08-19T04:24,64323.150000,-0.827700,0.992476,2026-08-18,556.000000,1.487080,0.898477,64324.410000,64313.790000
29785225,2026-08-19T04:25,64316.710000,-0.132400,0.796877,2026-08-18,574.000000,0.246905,0.258389,64323.160000,64315.290000
29785226,2026-08-19T04:26,64316.630000,0.423800,0.040952,2026-08-18,602.000000,0.348936,0.479876,64320.720000,64316.630000
29785227,2026-08-19T04:27,64315.350000,0.636000,-0.695742,2026-08-18,400.000000,0.198371,0.321197,64317.920000,64311.330000
29785228,2026-08-19T04:28,64303.060000,-0.018500,-0.342634,2026-08-18,406.000000,1.650791,0.328075,64316.640000,64300.000000
29785229,2026-08-19T04:29,64303.060000,0.392200,-0.345653,2026-08-18,312.000000,0.097958,0.549311,64303.060000,64303.050000
29785230,2026-08-19T04:30,64303.060000,0.392200,0.098623,2026-08-18,,,,,
29785231,2026-08-19T04:31,64269.370000,0.435700,0.000000,2026-08-18,669.000000,2.910661,0.441620,64303.050000,64269.360000
29785232,2026-08-19T04:32,64284.150000,-0.180600,-0.116759,2026-08-18,347.000000,0.219999,0.786100,64284.270000,64269.360000
29785233,2026-08-19T04:33,64284.150000,0.909600,0.572062,2026-08-18,330.000000,0.213403,0.507020,64285.440000,64272.240000
29785234,2026-08-19T04:34,64302.120000,0.750700,0.014132,2026-08-18,559.000000,0.424591,0.768445,64304.180000,64284.150000
29785235,2026-08-19T04:35,64318.210000,-0.085900,0.536891,2026-08-18,735.000000,0.471375,0.899982,64321.130000,64302.120000
29785236,2026-08-19T04:36,64298.350000,0.137800,0.799365,2026-08-18,770.000000,1.312630,0.135642,64318.210000,64298.340000
29785237,2026-08-19T04:37,64298.350000,-0.491900,-0.730036,2026-08-18,385.000000,0.074477,0.896573,64298.350000,64298.340000
29785238,2026-08-19T04:38,64287.460000,0.241300,0.966744,2026-08-18,258.000000,0.840413,0.646933,64298.350000,64285.920000
29785239,2026-08-19T04:39,64291.260000,-0.118600,0.294560,2026-08-18,326.000000,0.297625,0.989798,64291.530000,64287.450000
29785240,2026-08-19T04:40,64291.260000,0.456700,0.979793,2026-08-18,281.000000,0.187437,0.994268,64291.270000,64291.260000
29785241,2026-08-19T04:41,64291.260000,0.629300,0.988366,2026-08-18,323.000000,0.250052,0.310503,64291.270000,64289.900000
29785242,2026-08-19T04:42,64289.900000,-0.274200,-0.384665,2026-08-18,291.000000,0.337549,0.875094,64291.270000,64289.900000
29785243,2026-08-19T04:43,64290.070000,-0.990300,0.751276,2026-08-18,910.000000,10.182642,0.894458,64322.710000,64284.000000
29785244,2026-08-19T04:44,64290.070000,0.505100,0.788862,2026-08-18,712.000000,0.210790,0.305474,64290.070000,64290.020000
29785245,2026-08-19T04:45,64312.210000,-0.346100,-0.388663,2026-08-18,764.000000,0.589609,0.324526,64312.230000,64290.060000
29785246,2026-08-19T04:46,64314.650000,-0.794300,-0.350948,2026-08-18,570.000000,0.081893,0.695554,64317.070000,64312.210000
29785247,2026-08-19T04:47,64304.320000,0.345900,0.391103,2026-08-18,229.000000,0.974458,0.744653,64314.660000,64304.320000
29785248,2026-08-19T04:48,64304.330000,0.220400,0.489306,2026-08-18,95.000000,0.240743,0.344083,64304.340000,64304.320000
29785249,2026-08-19T04:49,64292.070000,0.180100,-0.311835,2026-08-18,358.000000,0.582541,0.381863,64304.340000,64290.060000
29785250,2026-08-19T04:50,64273.510000,0.299000,-0.234991,2026-08-18,261.000000,0.270215,0.176301,64292.080000,64273.510000
29785251,2026-08-19T04:51,64269.370000,-0.049200,-0.651093,2026-08-18,134.000000,0.091441,0.799797,64273.510000,64269.370000
29785252,2026-08-19T04:52,64285.920000,0.708100,0.600303,2026-08-18,388.000000,2.543685,0.989478,64285.920000,64269.370000
29785253,2026-08-19T04:53,64278.770000,0.514400,0.978955,2026-08-18,387.000000,0.626113,0.106386,64285.920000,64278.770000
29785254,2026-08-19T04:54,64272.100000,0.337700,-0.788210,2026-08-18,335.000000,0.274540,0.296960,64278.770000,64272.070000
29785255,2026-08-19T04:55,64250.010000,-0.572900,-0.480948,2026-08-18,343.000000,2.291697,0.024676,64272.100000,64250.000000
29785256,2026-08-19T04:56,64246.380000,0.700600,-0.951855,2026-08-18,324.000000,0.808502,0.148122,64250.010000,64243.990000
29785257,2026-08-19T04:57,64262.880000,0.809100,-0.662001,2026-08-18,488.000000,2.732627,0.911807,64262.890000,64246.380000
29785258,2026-08-19T04:58,64258.350000,-0.060600,0.823614,2026-08-18,354.000000,0.252109,0.577899,64265.220000,64257.840000
29785259,2026-08-19T04:59,64255.570000,-0.465100,0.157572,2026-08-18,495.000000,1.511956,0.310517,64264.360000,64254.010000
29785260,2026-08-19T05:00,64252.810000,0.430400,-0.379458,2026-08-18,333.000000,0.775465,0.588602,64262.700000,64252.800000
29785261,2026-08-19T05:01,64262.380000,-0.768900,0.177602,2026-08-18,467.000000,0.959388,0.339320,64265.590000,64252.810000
29785262,2026-08-19T05:02,64273.040000,1.000000,-0.321847,2026-08-18,570.000000,0.307296,0.749269,64273.050000,64262.380000
29785263,2026-08-19T05:03,64288.680000,0.924000,0.498778,2026-08-18,779.000000,6.382589,0.055084,64289.730000,64273.210000
29785264,2026-08-19T05:04,64303.790000,0.371400,-0.889204,2026-08-18,793.000000,2.650168,0.964397,64310.030000,64289.720000
29785265,2026-08-19T05:05,64321.100000,-0.721400,0.928732,2026-08-18,873.000000,7.151373,0.960163,64328.420000,64296.250000
29785266,2026-08-19T05:06,64292.710000,-0.485000,0.920331,2026-08-18,900.000000,1.948279,0.192358,64321.110000,64292.710000
29785267,2026-08-19T05:07,64308.880000,0.181500,-0.615297,2026-08-18,742.000000,0.663407,0.723903,64314.280000,64292.710000
29785268,2026-08-19T05:08,64316.190000,0.953500,0.447999,2026-08-18,621.000000,0.121086,0.284700,64316.200000,64308.870000
29785269,2026-08-19T05:09,64326.070000,-0.041900,-0.614274,2026-08-18,935.000000,13.635573,0.006452,64331.850000,64298.780000
29785270,2026-08-19T05:10,64339.020000,-0.341500,-0.987022,2026-08-18,887.000000,1.131744,0.747784,64343.480000,64326.070000
29785271,2026-08-19T05:11,64356.760000,0.974600,0.496874,2026-08-18,1006.000000,2.180725,0.894493,64356.760000,64327.320000
29785272,2026-08-19T05:12,64349.270000,0.344800,0.067573,2026-08-18,797.000000,2.676566,0.136391,64361.470000,64349.270000
29785273,2026-08-19T05:13,64348.490000,0.597000,-0.687157,2026-08-18,631.000000,0.562061,0.482686,64353.010000,64343.410000
29785274,2026-08-19T05:14,64346.990000,0.133200,-0.033360,2026-08-18,698.000000,0.942307,0.306405,64357.480000,64346.980000
29785275,2026-08-19T05:15,64331.460000,-0.224700,-0.387527,2026-08-18,292.000000,0.509210,0.373559,64346.990000,64327.320000
29785276,2026-08-19T05:16,64327.320000,-0.377500,-0.254931,2026-08-18,354.000000,0.329529,0.594634,64333.180000,64327.320000
29785277,2026-08-19T05:17,64327.570000,0.509900,0.196288,2026-08-18,374.000000,0.477700,0.872646,64333.340000,64327.320000
29785278,2026-08-19T05:18,64294.210000,0.156600,0.745292,2026-08-18,352.000000,0.402713,0.111422,64327.570000,64294.200000
29785279,2026-08-19T05:19,64281.790000,0.037900,-0.764027,2026-08-18,227.000000,0.254632,0.605335,64294.210000,64281.780000
29785280,2026-08-19T05:20,64280.490000,0.129000,0.376436,2026-08-18,231.000000,0.081236,0.443408,64281.790000,64279.520000
29785281,2026-08-19T05:21,64301.790000,0.165400,-0.113184,2026-08-18,424.000000,2.943252,0.992998,64313.020000,64280.480000
29785282,2026-08-19T05:22,64266.010000,0.054000,0.985995,2026-08-18,464.000000,1.442705,0.006149,64303.030000,64266.000000
29785283,2026-08-19T05:23,64276.680000,-0.080500,-0.968633,2026-08-18,436.000000,2.044394,0.818951,64284.080000,64250.310000
29785284,2026-08-19T05:24,64276.680000,0.003800,0.667770,2026-08-18,292.000000,0.069590,0.675403,64276.680000,64276.670000
29785285,2026-08-19T05:25,64284.100000,0.827800,-0.308811,2026-08-18,365.000000,0.605216,0.310170,64284.190000,64274.370000
29785286,2026-08-19T05:26,64314.120000,0.922300,-0.303200,2026-08-18,499.000000,2.176330,0.990191,64314.130000,64284.100000
29785287,2026-08-19T05:27,64309.060000,0.395700,0.480112,2026-08-18,431.000000,4.870913,0.046467,64314.120000,64302.840000
29785288,2026-08-19T05:28,64314.170000,-0.858700,-0.890534,2026-08-18,400.000000,0.100870,0.647386,64314.510000,64304.550000
29785289,2026-08-19T05:29,64304.560000,-0.139000,0.294162,2026-08-18,328.000000,0.228467,0.237908,64314.160000,64300.770000
29785290,2026-08-19T05:30,64294.210000,-0.567200,-0.596227,2026-08-18,361.000000,0.199199,0.297933,64306.450000,64294.200000
29785291,2026-08-19T05:31,64297.870000,-0.161400,-0.250439,2026-08-18,124.000000,0.399942,0.938675,64297.870000,64290.060000
29785292,2026-08-19T05:32,64293.490000,0.139000,0.877343,2026-08-18,445.000000,2.194065,0.176255,64297.870000,64283.140000
29785293,2026-08-19T05:33,64292.510000,0.697500,-0.647489,2026-08-18,312.000000,0.203055,0.218999,64293.490000,64288.590000
29785294,2026-08-19T05:34,64292.510000,-0.312100,-0.550735,2026-08-18,336.000000,0.312591,0.328170,64292.520000,64287.060000
29785295,2026-08-19T05:35,64281.790000,-0.381600,-0.350032,2026-08-18,302.000000,0.280278,0.144709,64292.520000,64281.780000
29785296,2026-08-19T05:36,64272.510000,0.103900,-0.736326,2026-08-18,239.000000,1.818294,0.022505,64281.780000,64267.040000
29785297,2026-08-19T05:37,64272.510000,-0.296900,-0.952694,2026-08-18,269.000000,0.050105,0.957927,64272.510000,64272.500000
29785298,2026-08-19T05:38,64270.930000,-0.151700,0.912689,2026-08-18,209.000000,0.412684,0.630911,64272.510000,64265.540000
29785299,2026-08-19T05:39,64277.620000,0.097700,0.261870,2026-08-18,318.000000,0.170254,0.504083,64277.630000,64270.920000
29785300,2026-08-19T05:40,64279.380000,0.038700,0.008163,2026-08-18,317.000000,0.718179,0.115367,64289.480000,64275.490000
29785301,2026-08-19T05:41,64269.370000,-0.375100,-0.769267,2026-08-18,279.000000,0.269437,0.183524,64279.390000,64269.360000
29785302,2026-08-19T05:42,64263.070000,0.025500,-0.671366,2026-08-18,311.000000,0.599746,0.058015,64269.360000,64261.780000
29785303,2026-08-19T05:43,64263.070000,0.288000,-0.877540,2026-08-18,311.000000,0.233332,0.783857,64263.080000,64263.070000
29785304,2026-08-19T05:44,64265.980000,0.472900,0.575003,2026-08-18,300.000000,0.500709,0.706222,64265.980000,64263.070000
29785305,2026-08-19T05:45,64254.850000,0.006800,0.407711,2026-08-18,356.000000,1.153492,0.550349,64268.250000,64254.640000
29785306,2026-08-19T05:46,64258.850000,0.509700,0.100698,2026-08-18,293.000000,0.307623,0.980149,64258.860000,64254.850000
29785307,2026-08-19T05:47,64244.380000,-0.163600,0.960298,2026-08-18,324.000000,1.391227,0.055142,64258.860000,64244.380000
29785308,2026-08-19T05:48,64243.100000,0.154500,-0.889716,2026-08-18,321.000000,0.215532,0.162196,64244.390000,64242.100000
29785309,2026-08-19T05:49,64243.100000,0.280700,-0.675609,2026-08-18,309.000000,0.336800,0.847957,64243.110000,64242.000000
29785310,2026-08-19T05:50,64243.100000,-0.122100,0.695913,2026-08-18,303.000000,1.238372,0.101447,64243.110000,64237.540000
29785311,2026-08-19T05:51,64247.010000,0.094100,-0.797105,2026-08-18,425.000000,2.200402,0.797054,64248.650000,64228.500000
29785312,2026-08-19T05:52,64236.240000,-0.300100,0.594108,2026-08-18,326.000000,0.639124,0.152375,64256.940000,64236.240000
29785313,2026-08-19T05:53,64206.010000,0.038300,-0.695250,2026-08-18,394.000000,1.544593,0.099902,64236.240000,64200.000000
29785314,2026-08-19T05:54,64204.100000,0.319800,-0.741996,2026-08-18,423.000000,2.762862,0.731179,64214.430000,64200.000000
29785315,2026-08-19T05:55,64205.520000,0.265500,0.453723,2026-08-18,449.000000,3.442046,0.792347,64216.340000,64194.840000
29785316,2026-08-19T05:56,64211.400000,0.187900,0.585835,2026-08-18,407.000000,3.582290,0.558270,64211.400000,64200.750000
29785317,2026-08-19T05:57,64194.850000,-0.179800,0.104638,2026-08-18,377.000000,1.318788,0.035865,64211.400000,64188.420000
29785318,2026-08-19T05:58,64183.290000,-0.627500,-0.964631,2026-08-18,376.000000,2.084812,0.332433,64194.840000,64176.440000
29785319,2026-08-19T05:59,64186.350000,-0.203500,0.961058,2026-08-18,305.000000,0.314581,0.800573,64186.350000,64178.280000
29785320,2026-08-19T06:00,64197.350000,0.101300,0.448943,2026-08-18,321.000000,0.729804,0.250679,64198.980000,64186.340000
29785321,2026-08-19T06:01,64160.520000,-0.271200,-0.473667,2026-08-18,306.000000,1.558146,0.356101,64197.360000,64157.730000
29785322,2026-08-19T06:02,64160.620000,-0.622500,-0.287844,2026-08-18,325.000000,1.543491,0.166313,64170.000000,64160.520000
29785323,2026-08-19T06:03,64152.990000,-0.031200,-0.667750,2026-08-18,347.000000,1.108611,0.314073,64160.620000,64143.140000
29785324,2026-08-19T06:04,64156.070000,-0.305300,-0.372049,2026-08-18,389.000000,0.962718,0.593426,64164.980000,64152.990000
29785325,2026-08-19T06:05,64170.010000,0.475600,0.188161,2026-08-18,353.000000,1.217062,0.406326,64172.810000,64156.070000
29785326,2026-08-19T06:06,64170.010000,0.025700,-0.188767,2026-08-18,311.000000,0.508538,0.550973,64170.010000,64157.580000
29785327,2026-08-19T06:07,64149.310000,-0.065700,0.101775,2026-08-18,343.000000,0.984300,0.434373,64170.010000,64149.300000
29785328,2026-08-19T06:08,64141.440000,0.399400,-0.131125,2026-08-18,305.000000,1.770450,0.524364,64149.310000,64138.820000
29785329,2026-08-19T06:09,64124.510000,0.256000,0.046953,2026-08-18,391.000000,3.721672,0.219757,64141.450000,64115.990000
29785330,2026-08-19T06:10,64128.600000,0.327600,-0.557883,2026-08-18,422.000000,1.326882,0.767918,64132.690000,64116.480000
29785331,2026-08-19T06:11,64120.320000,0.056100,0.535951,2026-08-18,313.000000,0.506256,0.312271,64132.740000,64119.020000
29785332,2026-08-19T06:12,64113.430000,0.267800,-0.491585,2026-08-18,352.000000,1.064467,0.146322,64120.320000,64112.040000
29785333,2026-08-19T06:13,64127.270000,0.161600,-0.671524,2026-08-18,342.000000,0.237266,0.322697,64127.280000,64113.420000
29785334,2026-08-19T06:14,64125.420000,-0.188600,-0.407929,2026-08-18,396.000000,2.624769,0.630546,64128.040000,64121.620000
29785335,2026-08-19T06:15,64154.330000,-0.225100,0.259168,2026-08-18,475.000000,3.520870,0.545835,64157.420000,64125.410000
29785336,2026-08-19T06:16,64161.670000,0.385900,0.099527,2026-08-18,410.000000,1.866938,0.775632,64165.290000,64149.340000
29785337,2026-08-19T06:17,64179.540000,-0.084500,0.551251,2026-08-18,412.000000,0.961829,0.519070,64198.980000,64165.280000
29785338,2026-08-19T06:18,64194.850000,-0.241800,0.038139,2026-08-18,407.000000,0.755677,0.818911,64195.980000,64174.320000
29785339,2026-08-19T06:19,64192.630000,0.509000,0.637854,2026-08-18,370.000000,0.691491,0.080505,64194.860000,64191.330000
29785340,2026-08-19T06:20,64219.680000,0.444400,-0.168061,2026-08-18,371.000000,1.628859,0.487448,64219.670000,64192.640000
29785341,2026-08-19T06:21,64216.710000,-0.385100,-0.355683,2026-08-18,338.000000,0.459030,0.375737,64228.870000,64216.700000
29785342,2026-08-19T06:22,64228.850000,0.291000,-0.248550,2026-08-18,378.000000,1.647313,0.759923,64230.060000,64216.700000
29785343,2026-08-19T06:23,64227.930000,-0.356600,0.519860,2026-08-18,373.000000,1.658431,0.343488,64246.820000,64219.220000
29785344,2026-08-19T06:24,64247.180000,0.244800,-0.313024,2026-08-18,407.000000,2.562364,0.949454,64258.070000,64227.920000
29785345,2026-08-19T06:25,64241.260000,0.271300,0.898515,2026-08-18,379.000000,0.976878,0.788040,64247.190000,64227.960000
29785346,2026-08-19T06:26,64227.230000,-0.193900,0.577180,2026-08-18,351.000000,0.459188,0.103417,64241.270000,64218.650000
29785347,2026-08-19T06:27,64215.540000,0.035900,-0.782457,2026-08-18,317.000000,0.188928,0.391262,64226.920000,64215.540000
29785348,2026-08-19T06:28,64215.540000,0.338900,-0.242884,2026-08-18,129.000000,0.077750,0.493368,64215.550000,64214.100000
29785349,2026-08-19T06:29,64220.380000,0.429400,-0.013067,2026-08-18,239.000000,1.251040,0.390994,64220.380000,64213.920000
29785350,2026-08-19T06:30,64220.900000,0.088100,-0.218012,2026-08-18,354.000000,0.951589,0.290573,64230.900000,64217.940000
29785351,2026-08-19T06:31,64222.210000,0.298500,-0.412930,2026-08-18,261.000000,0.022310,0.868851,64223.490000,64220.900000
29785352,2026-08-19T06:32,64215.540000,0.363800,0.714006,2026-08-18,213.000000,0.120121,0.506746,64224.290000,64215.540000
29785353,2026-08-19T06:33,64218.430000,0.398400,-0.004414,2026-08-18,395.000000,0.819124,0.852492,64222.560000,64200.350000
29785354,2026-08-19T06:34,64219.680000,0.037600,0.704952,2026-08-18,300.000000,0.133298,0.632319,64219.680000,64211.410000
29785355,2026-08-19T06:35,64219.680000,-0.006800,0.269643,2026-08-18,291.000000,0.126714,0.972269,64219.680000,64219.670000
29785356,2026-08-19T06:36,64229.240000,0.417100,0.944156,2026-08-18,346.000000,0.574854,0.964327,64229.250000,64219.670000
29785357,2026-08-19T06:37,64227.230000,-0.232300,0.882726,2026-08-18,336.000000,0.316762,0.099549,64236.240000,64227.220000
29785358,2026-08-19T06:38,64228.350000,0.242100,-0.791703,2026-08-18,302.000000,0.112278,0.978101,64229.970000,64227.220000
29785359,2026-08-19T06:39,64236.960000,-0.013200,0.956213,2026-08-18,401.000000,1.106207,0.538729,64241.670000,64228.350000
29785360,2026-08-19T06:40,64230.600000,-0.086000,0.077403,2026-08-18,373.000000,0.387092,0.379913,64236.970000,64228.350000
29785361,2026-08-19T06:41,64212.330000,0.631100,-0.242112,2026-08-18,344.000000,0.216868,0.170204,64230.590000,64210.790000
29785362,2026-08-19T06:42,64210.430000,0.473900,-0.663789,2026-08-18,298.000000,0.261772,0.322005,64212.340000,64210.430000
29785363,2026-08-19T06:43,64219.680000,0.272100,-0.343814,2026-08-18,365.000000,1.549208,0.658977,64219.670000,64205.940000
29785364,2026-08-19T06:44,64214.490000,0.450200,0.332049,2026-08-18,401.000000,4.201857,0.270732,64227.960000,64210.340000
29785365,2026-08-19T06:45,64230.830000,0.350200,-0.575503,2026-08-18,412.000000,4.355813,0.151444,64231.620000,64214.490000
29785366,2026-08-19T06:46,64219.680000,-0.480400,-0.602482,2026-08-18,376.000000,0.756030,0.381219,64232.990000,64219.680000
29785367,2026-08-19T06:47,64227.960000,0.161400,-0.237756,2026-08-18,377.000000,2.203040,0.338778,64227.950000,64203.130000
29785368,2026-08-19T06:48,64269.040000,0.035800,-0.322445,2026-08-18,494.000000,5.158610,0.217883,64273.500000,64227.950000
29785369,2026-08-19T06:49,64255.710000,0.251500,-0.564220,2026-08-18,479.000000,2.860860,0.672571,64288.830000,64252.800000
29785370,2026-08-19T06:50,64240.380000,-0.083500,0.345170,2026-08-18,437.000000,3.093669,0.860416,64269.360000,64240.380000
29785371,2026-08-19T06:51,64228.600000,-0.057900,0.720499,2026-08-18,346.000000,0.673734,0.236101,64240.380000,64225.880000
29785372,2026-08-19T06:52,64236.570000,0.217400,-0.527377,2026-08-18,379.000000,0.915817,0.611110,64244.760000,64222.390000
29785373,2026-08-19T06:53,64262.670000,0.054600,0.222220,2026-08-18,385.000000,0.812898,0.493056,64263.450000,64236.560000
29785374,2026-08-19T06:54,64266.580000,0.276400,-0.020880,2026-08-18,360.000000,1.205945,0.160875,64273.500000,64261.900000
29785375,2026-08-19T06:55,64273.010000,0.244300,-0.676903,2026-08-18,355.000000,2.430782,0.193346,64273.010000,64256.220000
29785376,2026-08-19T06:56,64291.330000,0.171100,-0.613112,2026-08-18,420.000000,1.584295,0.792856,64293.150000,64273.000000
29785377,2026-08-19T06:57,64270.650000,0.464500,0.585633,2026-08-18,357.000000,1.283227,0.162805,64291.430000,64270.510000
29785378,2026-08-19T06:58,64283.790000,0.152500,-0.673277,2026-08-18,410.000000,3.366992,0.178702,64284.230000,64270.510000
29785379,2026-08-19T06:59,64289.820000,0.205900,-0.642926,2026-08-18,310.000000,0.388131,0.205658,64290.030000,64283.790000
