minute_epoch,minute_utc,close,book_imb,ofi,day,trades,volume,buy_share,high,low
29768100,2026-08-07T07:00,64226.210000,-0.231700,0.000000,2026-08-07,143.000000,1.086465,0.441743,64254.390000,64219.950000
29768101,2026-08-07T07:01,64210.990000,-0.392100,-0.116513,2026-08-07,124.000000,1.094276,0.670836,64231.180000,64206.980000
29768102,2026-08-07T07:02,64211.060000,-0.056000,0.369981,2026-08-07,178.000000,1.847920,0.750301,64218.860000,64207.620000
29768103,2026-08-07T07:03,64235.650000,-0.005500,0.486971,2026-08-07,181.000000,0.297258,0.997954,64235.650000,64211.060000
29768104,2026-08-07T07:04,64245.650000,0.080500,0.995959,2026-08-07,122.000000,0.130429,0.368566,64257.620000,64235.650000
29768105,2026-08-07T07:05,64257.620000,-0.104400,-0.292862,2026-08-07,98.000000,0.495672,0.746825,64258.390000,64245.660000
29768106,2026-08-07T07:06,64255.120000,-0.103100,0.493453,2026-08-07,107.000000,0.141295,0.646795,64264.540000,64251.170000
29768107,2026-08-07T07:07,64268.650000,0.112000,0.292916,2026-08-07,110.000000,0.257304,0.875779,64268.650000,64255.130000
29768108,2026-08-07T07:08,64287.960000,-0.119500,0.751126,2026-08-07,134.000000,0.447324,0.718046,64288.430000,64268.650000
29768109,2026-08-07T07:09,64304.040000,-0.227600,0.406995,2026-08-07,119.000000,0.965774,0.968955,64309.210000,64287.960000
29768110,2026-08-07T07:10,64309.310000,-0.765000,0.894167,2026-08-07,151.000000,0.355690,0.401823,64321.340000,64304.040000
29768111,2026-08-07T07:11,64287.580000,0.028000,-0.258869,2026-08-07,104.000000,1.093026,0.087038,64309.300000,64284.060000
29768112,2026-08-07T07:12,64293.130000,-0.242400,-0.815551,2026-08-07,79.000000,0.204045,0.957260,64295.240000,64287.580000
29768113,2026-08-07T07:13,64293.710000,-0.009700,0.919430,2026-08-07,76.000000,0.260890,0.965173,64293.720000,64293.130000
29768114,2026-08-07T07:14,64283.490000,0.030100,0.930405,2026-08-07,112.000000,0.680409,0.422600,64293.710000,64278.240000
29768115,2026-08-07T07:15,64284.210000,-0.249400,-0.244370,2026-08-07,134.000000,0.667597,0.771667,64291.740000,64280.410000
29768116,2026-08-07T07:16,64295.240000,0.278800,0.782232,2026-08-07,99.000000,0.358860,0.603406,64295.240000,64284.040000
29768117,2026-08-07T07:17,64288.600000,0.022300,0.003777,2026-08-07,111.000000,0.756401,0.479566,64299.610000,64283.460000
29768118,2026-08-07T07:18,64296.380000,0.016600,-0.039655,2026-08-07,124.000000,0.620919,0.483514,64297.980000,64283.480000
29768119,2026-08-07T07:19,64290.420000,-0.127600,-0.038090,2026-08-07,51.000000,0.106541,0.440538,64296.380000,64290.410000
29768120,2026-08-07T07:20,64284.170000,0.024500,-0.442522,2026-08-07,84.000000,0.702014,0.859199,64290.970000,64284.160000
29768121,2026-08-07T07:21,64362.440000,0.184100,0.887273,2026-08-07,272.000000,16.893788,0.979096,64376.550000,64280.240000
29768122,2026-08-07T07:22,64318.990000,0.478500,0.958191,2026-08-07,324.000000,3.205750,0.089192,64368.590000,64318.990000
29768123,2026-08-07T07:23,64312.190000,0.340100,-0.821451,2026-08-07,181.000000,0.717599,0.392785,64319.000000,64309.310000
29768124,2026-08-07T07:24,64367.960000,0.459200,-0.215430,2026-08-07,335.000000,4.321642,0.902060,64372.810000,64309.450000
29768125,2026-08-07T07:25,64370.430000,0.093000,0.804120,2026-08-07,306.000000,6.950222,0.757871,64377.050000,64351.280000
29768126,2026-08-07T07:26,64348.070000,-0.121300,0.515741,2026-08-07,97.000000,0.329673,0.110964,64370.430000,64348.070000
29768127,2026-08-07T07:27,64350.230000,0.115900,-0.777291,2026-08-07,83.000000,0.133345,0.759299,64350.520000,64348.060000
29768128,2026-08-07T07:28,64357.760000,-0.114300,0.518066,2026-08-07,137.000000,0.737747,0.332123,64367.420000,64350.230000
29768129,2026-08-07T07:29,64351.580000,-0.152900,-0.335753,2026-08-07,77.000000,0.252610,0.109828,64357.760000,64345.060000
29768130,2026-08-07T07:30,64351.580000,-0.306100,-0.780344,2026-08-07,47.000000,0.075480,0.984591,64352.030000,64351.580000
29768131,2026-08-07T07:31,64328.690000,-0.627900,0.969243,2026-08-07,85.000000,0.587563,0.311602,64352.020000,64328.680000
29768132,2026-08-07T07:32,64323.330000,-0.118500,-0.375735,2026-08-07,91.000000,1.477897,0.882655,64328.700000,64318.990000
29768133,2026-08-07T07:33,64324.120000,0.325800,0.765213,2026-08-07,103.000000,2.356136,0.927241,64324.130000,64318.990000
29768134,2026-08-07T07:34,64338.370000,0.108800,0.854482,2026-08-07,65.000000,0.396988,0.984840,64338.360000,64324.120000
29768135,2026-08-07T07:35,64359.620000,-0.176800,0.969681,2026-08-07,141.000000,0.827485,0.517025,64367.210000,64336.850000
29768136,2026-08-07T07:36,64340.490000,0.410000,0.034051,2026-08-07,93.000000,1.757925,0.033505,64359.610000,64340.230000
29768137,2026-08-07T07:37,64340.920000,0.053600,-0.932989,2026-08-07,62.000000,0.395549,0.198122,64341.340000,64340.290000
29768138,2026-08-07T07:38,64340.920000,0.254800,-0.253410,2026-08-07,43.000000,0.181834,0.865706,64342.190000,64340.910000
29768139,2026-08-07T07:39,64332.940000,-0.561900,0.314769,2026-08-07,122.000000,2.038006,0.498935,64340.920000,64331.920000
29768140,2026-08-07T07:40,64318.990000,-0.227800,-0.002130,2026-08-07,167.000000,3.080694,0.774370,64348.060000,64316.860000
29768141,2026-08-07T07:41,64320.730000,0.751000,0.548739,2026-08-07,99.000000,0.546219,0.456248,64335.000000,64318.980000
29768142,2026-08-07T07:42,64314.480000,-0.494800,-0.087504,2026-08-07,105.000000,7.514041,0.008435,64320.730000,64314.470000
29768143,2026-08-07T07:43,64320.730000,-0.158700,-0.983130,2026-08-07,87.000000,1.271465,0.972269,64320.730000,64314.470000
29768144,2026-08-07T07:44,64319.120000,-0.508200,0.944544,2026-08-07,47.000000,0.104221,0.446532,64320.730000,64319.110000
29768145,2026-08-07T07:45,64319.120000,-0.477700,-0.108707,2026-08-07,38.000000,0.337055,0.950556,64319.120000,64319.110000
29768146,2026-08-07T07:46,64309.310000,-0.287300,0.901112,2026-08-07,81.000000,0.362431,0.373814,64319.110000,64309.300000
29768147,2026-08-07T07:47,64306.990000,-0.413700,-0.231111,2026-08-07,47.000000,0.763037,0.776396,64309.490000,64306.980000
29768148,2026-08-07T07:48,64313.520000,-0.646300,0.549094,2026-08-07,78.000000,0.298828,0.976188,64313.530000,64306.980000
29768149,2026-08-07T07:49,64318.980000,-0.565700,0.952439,2026-08-07,69.000000,0.127318,0.902109,64318.980000,64313.520000
29768150,2026-08-07T07:50,64314.430000,-0.654200,0.780917,2026-08-07,73.000000,0.395452,0.412104,64318.980000,64314.420000
29768151,2026-08-07T07:51,64314.430000,-0.656900,-0.189466,2026-08-07,30.000000,0.026494,0.326301,64314.430000,64314.420000
29768152,2026-08-07T07:52,64318.980000,-0.554900,-0.126838,2026-08-07,78.000000,1.208236,0.977579,64318.980000,64314.420000
29768153,2026-08-07T07:53,64312.190000,-0.530700,0.954965,2026-08-07,70.000000,0.711921,0.290453,64318.980000,64309.300000
29768154,2026-08-07T07:54,64312.190000,-0.468300,-0.419095,2026-08-07,30.000000,0.034317,0.524225,64312.200000,64312.190000
29768155,2026-08-07T07:55,64293.150000,-0.383700,0.082154,2026-08-07,92.000000,0.996345,0.293869,64312.200000,64296.380000
29768156,2026-08-07T07:56,64293.150000,-0.536900,-0.431945,2026-08-07,95.000000,1.288398,0.923298,64300.000000,64289.920000
29768157,2026-08-07T07:57,64273.770000,-0.235200,0.892645,2026-08-07,71.000000,2.449952,0.024469,64293.150000,64273.770000
29768158,2026-08-07T07:58,64265.270000,-0.457300,-0.951062,2026-08-07,64.000000,0.548749,0.279901,64273.780000,64264.090000
29768159,2026-08-07T07:59,64264.190000,-0.370500,-0.440191,2026-08-07,177.000000,2.133409,0.417053,64265.360000,64244.750000
29768160,2026-08-07T08:00,64247.930000,-0.194200,-0.165896,2026-08-07,133.000000,1.529522,0.189637,64264.190000,64237.770000
29768161,2026-08-07T08:01,64252.230000,0.097900,-0.620728,2026-08-07,185.000000,0.849423,0.320755,64267.300000,64244.020000
29768162,2026-08-07T08:02,64262.460000,0.284100,-0.358487,2026-08-07,98.000000,0.179014,0.674698,64262.450000,64252.220000
29768163,2026-08-07T08:03,64264.070000,0.469500,0.349396,2026-08-07,60.000000,0.088272,0.885398,64264.080000,64262.450000
29768164,2026-08-07T08:04,64275.880000,-0.099300,0.770796,2026-08-07,121.000000,0.257457,0.541822,64275.880000,64255.930000
29768165,2026-08-07T08:05,64286.920000,-0.118400,0.083644,2026-08-07,127.000000,0.811461,0.173720,64289.920000,64275.870000
29768166,2026-08-07T08:06,64278.940000,0.090700,-0.652559,2026-08-07,58.000000,0.223063,0.287121,64290.170000,64278.950000
29768167,2026-08-07T08:07,64275.420000,-0.164300,-0.425756,2026-08-07,170.000000,5.053858,0.870084,64278.950000,64260.860000
29768168,2026-08-07T08:08,64276.570000,0.169700,0.741010,2026-08-07,119.000000,3.015589,0.102023,64278.320000,64267.320000
29768169,2026-08-07T08:09,64260.540000,0.114800,-0.806095,2026-08-07,94.000000,1.731214,0.027791,64276.580000,64260.530000
29768170,2026-08-07T08:10,64299.990000,-0.305700,-0.945445,2026-08-07,134.000000,0.330612,0.860261,64299.990000,64257.630000
29768171,2026-08-07T08:11,64299.990000,0.379400,0.936408,2026-08-07,161.000000,2.853992,0.870816,64302.840000,64289.910000
29768172,2026-08-07T08:12,64313.320000,-0.300800,0.741839,2026-08-07,158.000000,2.038960,0.590633,64323.450000,64306.060000
29768173,2026-08-07T08:13,64325.440000,0.258700,0.181317,2026-08-07,71.000000,0.080002,0.998117,64325.450000,64313.310000
29768174,2026-08-07T08:14,64313.320000,-0.252300,0.996872,2026-08-07,231.000000,3.342084,0.140351,64329.560000,64313.310000
29768175,2026-08-07T08:15,64314.180000,0.103900,-0.727694,2026-08-07,103.000000,0.555713,0.443024,64326.090000,64313.310000
29768176,2026-08-07T08:16,64357.760000,-0.445200,-0.113653,2026-08-07,224.000000,2.723013,0.901218,64367.120000,64322.210000
29768177,2026-08-07T08:17,64356.760000,0.128100,0.804505,2026-08-07,248.000000,2.694803,0.732077,64360.970000,64320.010000
29768178,2026-08-07T08:18,64372.350000,0.418300,0.458318,2026-08-07,217.000000,1.484389,0.710464,64385.000000,64356.760000
29768179,2026-08-07T08:19,64364.210000,-0.322800,0.420021,2026-08-07,120.000000,0.756790,0.164200,64381.640000,64364.220000
29768180,2026-08-07T08:20,64360.990000,0.454100,-0.667772,2026-08-07,69.000000,0.251561,0.472254,64364.220000,64360.980000
29768181,2026-08-07T08:21,64364.210000,0.231400,-0.062235,2026-08-07,93.000000,2.941040,0.087615,64364.210000,64354.520000
29768182,2026-08-07T08:22,64360.760000,-0.394100,-0.824671,2026-08-07,58.000000,0.190865,0.393994,64364.240000,64357.990000
29768183,2026-08-07T08:23,64351.290000,-0.182200,-0.212990,2026-08-07,72.000000,0.600755,0.239621,64360.770000,64351.300000
29768184,2026-08-07T08:24,64366.150000,0.177200,-0.455044,2026-08-07,136.000000,2.874713,0.933429,64371.290000,64351.300000
29768185,2026-08-07T08:25,64375.460000,0.531200,0.865590,2026-08-07,106.000000,0.130550,0.831569,64375.630000,64366.150000
29768186,2026-08-07T08:26,64396.320000,-0.284800,0.663138,2026-08-07,235.000000,3.588263,0.911701,64402.200000,64375.450000
29768187,2026-08-07T08:27,64384.060000,0.421900,0.823402,2026-08-07,87.000000,0.417858,0.040426,64396.320000,64383.590000
29768188,2026-08-07T08:28,64390.060000,-0.072000,-0.919149,2026-08-07,306.000000,10.605966,0.455634,64406.190000,64384.060000
29768189,2026-08-07T08:29,64390.060000,0.295500,-0.088732,2026-08-07,82.000000,0.222062,0.538994,64397.370000,64390.050000
29768190,2026-08-07T08:30,64406.180000,0.034300,0.782724,2026-08-07,172.000000,0.831045,0.906275,64406.660000,64390.060000
29768191,2026-08-07T08:31,64419.120000,-0.080900,-0.394497,2026-08-07,245.000000,3.185287,0.481256,64452.040000,64406.180000
29768192,2026-08-07T08:32,64428.790000,-0.386100,-0.037930,2026-08-07,99.000000,0.409117,0.762558,64428.800000,64419.120000
29768193,2026-08-07T08:33,64447.600000,0.322900,0.529149,2026-08-07,222.000000,1.429320,0.804686,64450.490000,64422.030000
29768194,2026-08-07T08:34,64472.400000,0.197000,0.608412,2026-08-07,297.000000,2.838803,0.672307,64478.170000,64447.590000
29768195,2026-08-07T08:35,64441.740000,-0.528800,0.344790,2026-08-07,104.000000,0.532831,0.024513,64477.140000,64441.740000
29768196,2026-08-07T08:36,64417.100000,-0.615500,-0.960558,2026-08-07,167.000000,0.870108,0.621047,64441.730000,64410.010000
29768197,2026-08-07T08:37,64400.010000,-0.204600,0.328631,2026-08-07,113.000000,0.452380,0.615318,64419.980000,64400.000000
29768198,2026-08-07T08:38,64425.570000,-0.318600,0.230636,2026-08-07,166.000000,3.698645,0.927119,64425.580000,64400.000000
29768199,2026-08-07T08:39,64435.260000,0.310300,0.854211,2026-08-07,87.000000,0.195700,0.614945,64435.270000,64425.570000
29768200,2026-08-07T08:40,64438.490000,0.574700,0.230242,2026-08-07,99.000000,0.285099,0.451018,64441.740000,64435.260000
29768201,2026-08-07T08:41,64474.020000,0.513400,-0.097965,2026-08-07,181.000000,0.412867,0.648663,64474.020000,64438.500000
29768202,2026-08-07T08:42,64554.770000,0.445600,0.298208,2026-08-07,452.000000,12.121727,0.819078,64560.330000,64474.020000
29768203,2026-08-07T08:43,64557.620000,0.194800,0.638603,2026-08-07,375.000000,4.081740,0.490666,64592.990000,64554.770000
29768204,2026-08-07T08:44,64577.070000,-0.412300,-0.022553,2026-08-07,385.000000,3.881047,0.750292,64621.500000,64551.560000
29768205,2026-08-07T08:45,64542.460000,-0.100400,0.513241,2026-08-07,286.000000,2.052333,0.756550,64578.380000,64542.450000
29768206,2026-08-07T08:46,64548.320000,0.102000,0.487895,2026-08-07,293.000000,8.651094,0.177563,64548.330000,64519.270000
29768207,2026-08-07T08:47,64547.010000,-0.084500,-0.644874,2026-08-07,216.000000,2.989044,0.517460,64550.000000,64532.180000
29768208,2026-08-07T08:48,64554.010000,0.585500,0.034921,2026-08-07,292.000000,7.002198,0.744633,64561.890000,64532.200000
29768209,2026-08-07T08:49,64550.930000,-0.137000,0.489298,2026-08-07,192.000000,4.654506,0.091817,64563.690000,64538.520000
29768210,2026-08-07T08:50,64542.010000,-0.315300,-0.816538,2026-08-07,100.000000,0.849614,0.771015,64550.930000,64542.000000
29768211,2026-08-07T08:51,64554.790000,0.485900,0.542030,2026-08-07,97.000000,0.603087,0.225229,64554.780000,64542.010000
29768212,2026-08-07T08:52,64537.010000,-0.104600,-0.611230,2026-08-07,140.000000,0.874184,0.559187,64559.630000,64535.400000
29768213,2026-08-07T08:53,64540.070000,0.185900,0.255734,2026-08-07,108.000000,0.448255,0.954141,64544.100000,64529.990000
29768214,2026-08-07T08:54,64541.870000,-0.140800,0.908582,2026-08-07,148.000000,0.281633,0.464484,64550.250000,64532.870000
29768215,2026-08-07T08:55,64539.210000,-0.210400,-0.071033,2026-08-07,129.000000,1.933498,0.336190,64548.310000,64533.000000
29768216,2026-08-07T08:56,64532.190000,-0.389500,-0.258087,2026-08-07,90.000000,0.438278,0.989625,64545.050000,64532.190000
29768217,2026-08-07T08:57,64529.580000,-0.258400,0.972560,2026-08-07,90.000000,0.145516,0.630916,64532.200000,64525.720000
29768218,2026-08-07T08:58,64535.370000,-0.428900,0.261844,2026-08-07,131.000000,0.723987,0.547647,64535.390000,64519.260000
29768219,2026-08-07T08:59,64552.900000,-0.053800,0.095293,2026-08-07,151.000000,0.713177,0.492329,64552.900000,64535.360000
29768220,2026-08-07T09:00,64579.150000,0.070200,-0.015987,2026-08-07,192.000000,0.943167,0.624579,64584.510000,64552.890000
29768221,2026-08-07T09:01,64601.510000,-0.039900,0.250850,2026-08-07,254.000000,5.949955,0.241393,64605.920000,64572.690000
29768222,2026-08-07T09:02,64609.350000,0.686800,-0.517587,2026-08-07,83.000000,0.537514,0.286048,64609.350000,64594.360000
29768223,2026-08-07T09:03,64639.490000,-0.149000,-0.427952,2026-08-07,224.000000,7.878375,0.213606,64639.480000,64599.590000
29768224,2026-08-07T09:04,64641.990000,0.554300,-0.572769,2026-08-07,258.000000,6.919246,0.026440,64642.690000,64624.930000
29768225,2026-08-07T09:05,64629.070000,0.554200,-0.959141,2026-08-07,139.000000,4.989352,0.479407,64642.000000,64629.080000
29768226,2026-08-07T09:06,64637.380000,-0.145100,0.677490,2026-08-07,150.000000,3.354211,0.616432,64645.380000,64629.080000
29768227,2026-08-07T09:07,64631.170000,-0.071100,0.231644,2026-08-07,300.000000,14.761503,0.483137,64640.010000,64616.150000
29768228,2026-08-07T09:08,64645.490000,-0.027800,-0.067229,2026-08-07,197.000000,3.140926,0.570943,64645.500000,64631.160000
29768229,2026-08-07T09:09,64641.320000,-0.014900,0.373786,2026-08-07,83.000000,0.501834,0.429386,64645.500000,64641.310000
29768230,2026-08-07T09:10,64645.790000,0.853700,-0.141227,2026-08-07,424.000000,15.216649,0.734450,64670.990000,64639.710000
29768231,2026-08-07T09:11,64710.810000,0.648300,0.480264,2026-08-07,402.000000,4.609161,0.810961,64712.830000,64645.790000
29768232,2026-08-07T09:12,64682.570000,0.779500,0.592572,2026-08-07,876.000000,24.921426,0.568484,64725.010000,64671.060000
29768233,2026-08-07T09:13,64676.100000,0.304900,0.136389,2026-08-07,262.000000,1.933483,0.063090,64682.570000,64675.770000
29768234,2026-08-07T09:14,64683.010000,0.511300,-0.873821,2026-08-07,415.000000,4.664236,0.368502,64693.080000,64676.090000
29768235,2026-08-07T09:15,64692.510000,0.534800,-0.263015,2026-08-07,185.000000,2.163917,0.735246,64700.130000,64682.020000
29768236,2026-08-07T09:16,64694.570000,0.321200,0.425059,2026-08-07,408.000000,6.464574,0.528906,64705.000000,64692.520000
29768237,2026-08-07T09:17,64716.820000,0.364000,0.069240,2026-08-07,168.000000,1.926297,0.797776,64718.980000,64694.570000
29768238,2026-08-07T09:18,64736.510000,0.026200,0.595712,2026-08-07,170.000000,5.248741,0.645444,64739.470000,64710.310000
29768239,2026-08-07T09:19,64740.240000,0.623800,0.290784,2026-08-07,265.000000,6.856242,0.565003,64744.140000,64717.510000
29768240,2026-08-07T09:20,64692.130000,0.228800,0.128956,2026-08-07,434.000000,15.667337,0.327047,64741.480000,64691.440000
29768241,2026-08-07T09:21,64738.830000,0.811400,-0.345639,2026-08-07,403.000000,5.135872,0.548677,64738.830000,64682.200000
29768242,2026-08-07T09:22,64736.460000,0.234500,0.133350,2026-08-07,431.000000,6.120211,0.265000,64747.310000,64730.300000
29768243,2026-08-07T09:23,64743.150000,0.811400,-0.510749,2026-08-07,125.000000,2.141480,0.880777,64747.320000,64736.470000
29768244,2026-08-07T09:24,64773.710000,0.206700,0.756059,2026-08-07,378.000000,8.356444,0.518666,64781.630000,64743.150000
29768245,2026-08-07T09:25,64829.680000,0.609300,0.037319,2026-08-07,623.000000,18.373186,0.571457,64838.640000,64768.730000
29768246,2026-08-07T09:26,64789.350000,0.738800,0.142921,2026-08-07,638.000000,14.561661,0.551017,64829.680000,64777.490000
29768247,2026-08-07T09:27,64766.120000,0.200700,0.102034,2026-08-07,514.000000,10.947490,0.364649,64789.340000,64746.990000
29768248,2026-08-07T09:28,64791.180000,0.299200,-0.270701,2026-08-07,297.000000,1.965981,0.519663,64792.790000,64762.110000
29768249,2026-08-07T09:29,64789.570000,0.267200,0.039327,2026-08-07,338.000000,4.352205,0.269573,64799.730000,64783.520000
29768250,2026-08-07T09:30,64789.520000,-0.216000,-0.460855,2026-08-07,395.000000,10.717904,0.647091,64794.370000,64758.550000
29768251,2026-08-07T09:31,64824.990000,0.660500,0.298796,2026-08-07,497.000000,8.203721,0.436028,64826.960000,64789.520000
29768252,2026-08-07T09:32,64886.630000,0.482500,-0.137721,2026-08-07,541.000000,7.340691,0.751874,64887.580000,64824.980000
29768253,2026-08-07T09:33,64884.940000,0.284000,0.403494,2026-08-07,632.000000,15.274382,0.481983,64894.430000,64874.210000
29768254,2026-08-07T09:34,64868.990000,-0.181800,-0.001765,2026-08-07,503.000000,14.800353,0.083917,64889.720000,64868.990000
29768255,2026-08-07T09:35,64881.260000,0.659100,-0.712703,2026-08-07,242.000000,4.029126,0.949406,64888.230000,64863.160000
29768256,2026-08-07T09:36,64885.270000,0.232700,0.906076,2026-08-07,364.000000,6.518439,0.132381,64895.510000,64864.860000
29768257,2026-08-07T09:37,64919.990000,0.355900,-0.686219,2026-08-07,405.000000,13.270037,0.785297,64920.000000,64880.550000
29768258,2026-08-07T09:38,64875.370000,0.022800,0.564373,2026-08-07,173.000000,2.652677,0.195453,64919.990000,64874.040000
29768259,2026-08-07T09:39,64888.490000,0.638300,-0.534806,2026-08-07,190.000000,1.958863,0.616961,64892.110000,64870.000000
29768260,2026-08-07T09:40,64853.370000,0.073900,0.174636,2026-08-07,217.000000,2.322798,0.327888,64905.690000,64855.140000
29768261,2026-08-07T09:41,64853.370000,0.026400,-0.359676,2026-08-07,193.000000,2.015663,0.396255,64853.360000,64834.510000
29768262,2026-08-07T09:42,64847.990000,-0.035500,-0.178070,2026-08-07,133.000000,0.801726,0.842653,64856.260000,64839.030000
29768263,2026-08-07T09:43,64851.010000,0.198500,0.542390,2026-08-07,89.000000,1.151630,0.295546,64859.530000,64842.300000
29768264,2026-08-07T09:44,64860.830000,0.332400,-0.368149,2026-08-07,127.000000,1.371119,0.286724,64864.130000,64848.690000
29768265,2026-08-07T09:45,64858.620000,0.110400,-0.444408,2026-08-07,177.000000,1.297639,0.676402,64870.390000,64855.920000
29768266,2026-08-07T09:46,64841.440000,0.775800,0.364744,2026-08-07,76.000000,0.304171,0.193700,64858.610000,64841.440000
29768267,2026-08-07T09:47,64836.400000,0.377300,-0.712507,2026-08-07,118.000000,1.145912,0.218184,64841.450000,64826.960000
29768268,2026-08-07T09:48,64794.380000,0.255800,-0.564610,2026-08-07,97.000000,0.819726,0.139755,64836.400000,64794.380000
29768269,2026-08-07T09:49,64851.570000,-0.090900,-0.762365,2026-08-07,259.000000,2.643522,0.872275,64851.570000,64788.200000
29768270,2026-08-07T09:50,64838.540000,0.435700,0.845389,2026-08-07,118.000000,1.630621,0.025683,64851.580000,64835.650000
29768271,2026-08-07T09:51,64832.430000,0.840500,-0.948723,2026-08-07,90.000000,0.960385,0.523832,64838.980000,64828.640000
29768272,2026-08-07T09:52,64833.100000,0.123600,0.068149,2026-08-07,53.000000,0.522852,0.551660,64840.550000,64831.440000
29768273,2026-08-07T09:53,64801.490000,0.364300,0.029703,2026-08-07,190.000000,1.948978,0.276265,64833.100000,64792.430000
29768274,2026-08-07T09:54,64808.490000,0.690100,-0.529276,2026-08-07,83.000000,0.384858,0.790874,64812.480000,64801.480000
29768275,2026-08-07T09:55,64791.010000,0.199200,0.581749,2026-08-07,84.000000,1.194189,0.040081,64808.490000,64791.010000
29768276,2026-08-07T09:56,64790.510000,0.033200,-0.919837,2026-08-07,94.000000,0.793533,0.770486,64791.020000,64786.300000
29768277,2026-08-07T09:57,64780.490000,0.535300,0.493493,2026-08-07,186.000000,3.341928,0.278039,64791.630000,64772.700000
29768278,2026-08-07T09:58,64796.980000,0.261500,-0.439692,2026-08-07,114.000000,0.719533,0.863570,64796.970000,64776.300000
29768279,2026-08-07T09:59,64794.060000,0.454500,0.518752,2026-08-07,53.000000,0.309039,0.028165,64796.970000,64791.790000
29768280,2026-08-07T10:00,64795.510000,0.710600,-0.917227,2026-08-07,344.000000,5.070429,0.384560,64830.570000,64791.510000
29768281,2026-08-07T10:01,64759.990000,0.389800,-0.424181,2026-08-07,259.000000,8.573946,0.185884,64795.510000,64759.980000
29768282,2026-08-07T10:02,64794.900000,0.641700,-0.536167,2026-08-07,163.000000,2.508712,0.496412,64794.910000,64752.450000
29768283,2026-08-07T10:03,64809.290000,0.505500,-0.007175,2026-08-07,101.000000,0.402003,0.618040,64809.290000,64794.900000
29768284,2026-08-07T10:04,64809.290000,0.250400,0.236079,2026-08-07,47.000000,0.557625,0.055979,64809.290000,64803.500000
29768285,2026-08-07T10:05,64787.150000,-0.185700,-0.888056,2026-08-07,211.000000,3.063209,0.622916,64823.990000,64789.460000
29768286,2026-08-07T10:06,64787.150000,0.512400,0.245860,2026-08-07,87.000000,0.776877,0.602503,64787.140000,64777.010000
29768287,2026-08-07T10:07,64787.150000,0.280200,0.209933,2026-08-07,32.000000,0.095859,0.114829,64787.150000,64787.140000
29768288,2026-08-07T10:08,64790.760000,0.669700,-0.864583,2026-08-07,96.000000,0.543494,0.423856,64790.760000,64779.900000
29768289,2026-08-07T10:09,64790.760000,0.626800,-0.152289,2026-08-07,118.000000,1.241986,0.842525,64800.000000,64789.130000
29768290,2026-08-07T10:10,64784.740000,0.001700,0.540680,2026-08-07,148.000000,1.290806,0.278560,64790.760000,64780.730000
29768291,2026-08-07T10:11,64786.330000,-0.058500,-0.388357,2026-08-07,166.000000,0.367611,0.782444,64786.340000,64781.610000
29768292,2026-08-07T10:12,64800.240000,0.614200,0.564444,2026-08-07,255.000000,2.024016,0.798120,64800.240000,64783.110000
29768293,2026-08-07T10:13,64804.070000,0.304400,0.596240,2026-08-07,108.000000,0.475546,0.599435,64805.230000,64800.230000
29768294,2026-08-07T10:14,64801.430000,0.803600,0.198871,2026-08-07,83.000000,0.293653,0.425720,64807.990000,64800.320000
29768295,2026-08-07T10:15,64803.100000,0.004300,-0.148560,2026-08-07,86.000000,0.942227,0.929819,64803.450000,64803.100000
29768296,2026-08-07T10:16,64793.620000,0.388400,0.859639,2026-08-07,120.000000,1.747290,0.282222,64803.110000,64791.240000
29768297,2026-08-07T10:17,64802.710000,0.405700,-0.358859,2026-08-07,122.000000,2.423703,0.801577,64802.720000,64792.520000
29768298,2026-08-07T10:18,64813.130000,0.357800,0.586322,2026-08-07,100.000000,1.657995,0.395840,64812.480000,64802.710000
29768299,2026-08-07T10:19,64814.460000,0.492700,-0.208321,2026-08-07,114.000000,2.333613,0.935731,64823.330000,64812.480000
29768300,2026-08-07T10:20,64814.080000,0.053000,0.878145,2026-08-07,187.000000,2.598123,0.472217,64814.470000,64802.470000
29768301,2026-08-07T10:21,64823.330000,0.304700,-0.110264,2026-08-07,87.000000,0.807568,0.837234,64823.330000,64814.080000
29768302,2026-08-07T10:22,64804.820000,0.593500,0.674468,2026-08-07,148.000000,2.618971,0.583997,64826.950000,64801.620000
29768303,2026-08-07T10:23,64783.620000,-0.015900,0.168203,2026-08-07,167.000000,3.566200,0.760444,64804.890000,64783.520000
29768304,2026-08-07T10:24,64765.990000,0.038000,0.522540,2026-08-07,114.000000,3.542066,0.762440,64783.530000,64765.420000
29768305,2026-08-07T10:25,64775.330000,0.295000,0.511670,2026-08-07,75.000000,0.875515,0.686256,64775.340000,64765.980000
29768306,2026-08-07T10:26,64776.270000,0.613600,0.405515,2026-08-07,174.000000,4.420667,0.422126,64776.280000,64758.180000
29768307,2026-08-07T10:27,64812.570000,0.749300,-0.155748,2026-08-07,141.000000,1.393872,0.732628,64812.580000,64776.280000
29768308,2026-08-07T10:28,64837.820000,0.377000,0.465256,2026-08-07,112.000000,0.680723,0.936411,64837.810000,64812.580000
29768309,2026-08-07T10:29,64852.180000,0.173700,0.872821,2026-08-07,122.000000,2.643101,0.759263,64852.170000,64837.810000
29768310,2026-08-07T10:30,64846.580000,0.575400,0.518527,2026-08-07,110.000000,1.504452,0.611700,64852.300000,64839.030000
29768311,2026-08-07T10:31,64874.010000,0.641100,0.284014,2026-08-07,164.000000,2.542859,0.994337,64874.010000,64846.590000
29768312,2026-08-07T10:32,64852.370000,0.749200,0.981690,2026-08-07,150.000000,3.972924,0.348482,64874.020000,64852.300000
29768313,2026-08-07T10:33,64853.960000,0.618900,-0.305986,2026-08-07,116.000000,2.799134,0.840118,64856.490000,64852.300000
29768314,2026-08-07T10:34,64836.290000,0.662000,0.712109,2026-08-07,140.000000,4.111938,0.581266,64853.970000,64831.620000
29768315,2026-08-07T10:35,64841.490000,0.150800,0.156877,2026-08-07,115.000000,2.087230,0.836403,64845.050000,64836.270000
29768316,2026-08-07T10:36,64840.150000,0.011100,0.642980,2026-08-07,157.000000,1.874154,0.763916,64841.500000,64840.090000
29768317,2026-08-07T10:37,64811.940000,-0.063300,0.575795,2026-08-07,144.000000,3.744389,0.679486,64840.150000,64807.930000
29768318,2026-08-07T10:38,64822.100000,0.482800,0.323195,2026-08-07,126.000000,1.397659,0.777438,64822.100000,64811.890000
29768319,2026-08-07T10:39,64822.100000,0.468300,0.554876,2026-08-07,59.000000,0.388143,0.659083,64822.100000,64822.090000
29768320,2026-08-07T10:40,64823.330000,0.148200,0.318166,2026-08-07,124.000000,2.156120,0.844770,64823.340000,64813.170000
29768321,2026-08-07T10:41,64823.540000,-0.131600,0.689539,2026-08-07,57.000000,0.446758,0.954942,64823.550000,64823.330000
29768322,2026-08-07T10:42,64835.790000,0.162900,0.921463,2026-08-07,119.000000,1.731122,0.857826,64835.800000,64823.530000
29768323,2026-08-07T10:43,64813.880000,0.410200,0.510050,2026-08-07,153.000000,1.419682,0.158377,64835.790000,64801.660000
29768324,2026-08-07T10:44,64819.490000,0.444200,-0.627703,2026-08-07,82.000000,0.127178,0.491609,64819.490000,64813.880000
29768325,2026-08-07T10:45,64829.760000,-0.007200,0.061069,2026-08-07,155.000000,2.036662,0.380949,64840.140000,64818.650000
29768326,2026-08-07T10:46,64827.120000,0.193900,-0.241649,2026-08-07,100.000000,0.899270,0.680924,64829.770000,64823.340000
29768327,2026-08-07T10:47,64840.150000,0.587300,0.358476,2026-08-07,88.000000,1.903258,0.907679,64840.150000,64827.110000
29768328,2026-08-07T10:48,64855.920000,0.786400,0.823089,2026-08-07,139.000000,2.484354,0.951770,64857.190000,64840.150000
29768329,2026-08-07T10:49,64847.760000,0.677400,0.900199,2026-08-07,122.000000,1.738290,0.177600,64855.920000,64847.760000
29768330,2026-08-07T10:50,64869.400000,0.380300,-0.644108,2026-08-07,175.000000,1.521785,0.765656,64869.410000,64845.490000
29768331,2026-08-07T10:51,64869.430000,0.757900,0.482936,2026-08-07,122.000000,0.804501,0.246282,64869.440000,64864.170000
29768332,2026-08-07T10:52,64843.070000,0.752900,-0.475218,2026-08-07,206.000000,6.228506,0.070229,64869.440000,64841.440000
29768333,2026-08-07T10:53,64843.070000,-0.010800,-0.859543,2026-08-07,43.000000,0.253477,0.689900,64843.070000,64843.060000
29768334,2026-08-07T10:54,64848.460000,0.044700,-0.001181,2026-08-07,118.000000,1.049007,0.694479,64848.460000,64834.210000
29768335,2026-08-07T10:55,64846.380000,0.362600,0.533372,2026-08-07,89.000000,1.296372,0.839881,64851.290000,64846.370000
29768336,2026-08-07T10:56,64846.380000,-0.147700,0.690096,2026-08-07,195.000000,3.647311,0.804487,64856.990000,64846.370000
29768337,2026-08-07T10:57,64849.770000,0.085900,0.604300,2026-08-07,117.000000,2.958222,0.935356,64851.500000,64846.370000
29768338,2026-08-07T10:58,64848.880000,0.823400,0.870705,2026-08-07,147.000000,2.413483,0.726659,64853.570000,64845.090000
29768339,2026-08-07T10:59,64849.100000,0.109300,0.453318,2026-08-07,134.000000,1.534938,0.929558,64852.200000,64848.880000
29768340,2026-08-07T11:00,64882.150000,0.114600,0.867832,2026-08-07,363.000000,3.052432,0.729970,64889.430000,64845.000000
29768341,2026-08-07T11:01,64858.710000,-0.201200,0.441706,2026-08-07,305.000000,2.964964,0.760620,64886.250000,64856.010000
29768342,2026-08-07T11:02,64878.420000,-0.086000,0.520148,2026-08-07,267.000000,3.167694,0.780720,64881.290000,64858.710000
29768343,2026-08-07T11:03,64901.490000,0.118300,0.579260,2026-08-07,310.000000,6.653891,0.790171,64901.500000,64875.040000
29768344,2026-08-07T11:04,64919.040000,-0.231000,0.572381,2026-08-07,552.000000,6.275161,0.591762,64939.000000,64901.500000
29768345,2026-08-07T11:05,64916.290000,0.856200,0.182986,2026-08-07,321.000000,4.157608,0.595013,64927.320000,64913.320000
29768346,2026-08-07T11:06,64925.850000,0.679400,0.199080,2026-08-07,309.000000,6.652457,0.861789,64926.890000,64913.840000
29768347,2026-08-07T11:07,64929.620000,-0.028900,0.721782,2026-08-07,249.000000,2.419094,0.544390,64935.560000,64924.200000
29768348,2026-08-07T11:08,64934.060000,0.255600,0.087246,2026-08-07,115.000000,1.494123,0.927660,64934.060000,64929.620000
29768349,2026-08-07T11:09,64937.850000,0.798600,0.855319,2026-08-07,37.000000,0.247342,0.824927,64937.850000,64934.060000
29768350,2026-08-07T11:10,64938.980000,0.330400,0.648268,2026-08-07,99.000000,1.592803,0.652612,64940.000000,64937.850000
29768351,2026-08-07T11:11,64925.420000,0.758900,0.305418,2026-08-07,206.000000,6.819411,0.124928,64938.970000,64916.580000
29768352,2026-08-07T11:12,64915.400000,0.002000,-0.747503,2026-08-07,133.000000,2.115703,0.214713,64931.930000,64911.790000
29768353,2026-08-07T11:13,64916.680000,0.123700,-0.578023,2026-08-07,198.000000,2.303190,0.360193,64928.310000,64911.610000
29768354,2026-08-07T11:14,64920.740000,-0.031200,-0.279614,2026-08-07,144.000000,2.011307,0.664052,64924.690000,64915.650000
29768355,2026-08-07T11:15,64926.240000,0.040500,0.328105,2026-08-07,49.000000,0.474443,0.535870,64928.320000,64920.740000
29768356,2026-08-07T11:16,64923.190000,0.474200,-0.217215,2026-08-07,122.000000,2.168044,0.086267,64928.310000,64915.360000
29768357,2026-08-07T11:17,64928.570000,-0.012300,-0.812303,2026-08-07,107.000000,0.220381,0.404576,64928.580000,64924.080000
29768358,2026-08-07T11:18,64946.420000,0.138600,-0.185925,2026-08-07,240.000000,3.504891,0.796667,64946.330000,64928.580000
29768359,2026-08-07T11:19,64892.010000,0.052700,0.593240,2026-08-07,404.000000,4.561492,0.415122,64976.500000,64889.480000
29768360,2026-08-07T11:20,64946.420000,0.692900,-0.205272,2026-08-07,226.000000,2.294936,0.650779,64946.420000,64888.500000
29768361,2026-08-07T11:21,64986.990000,0.716800,0.480952,2026-08-07,549.000000,6.380148,0.665509,64995.000000,64935.570000
29768362,2026-08-07T11:22,65115.430000,0.744400,0.287255,2026-08-07,1169.000000,60.130372,0.735872,65115.420000,64986.980000
29768363,2026-08-07T11:23,65119.460000,0.185300,0.474195,2026-08-07,962.000000,14.811068,0.522818,65167.100000,65102.080000
29768364,2026-08-07T11:24,65080.570000,0.026200,0.023520,2026-08-07,509.000000,8.202814,0.210883,65123.670000,65076.010000
29768365,2026-08-07T11:25,65080.370000,0.702000,-0.578196,2026-08-07,312.000000,1.050351,0.486446,65102.070000,65080.360000
29768366,2026-08-07T11:26,65043.150000,0.787100,-0.028860,2026-08-07,370.000000,2.803449,0.527646,65091.210000,65033.300000
29768367,2026-08-07T11:27,65068.540000,-0.020400,0.055291,2026-08-07,363.000000,3.042716,0.881623,65081.560000,65043.150000
29768368,2026-08-07T11:28,65070.760000,-0.368500,0.763300,2026-08-07,279.000000,2.002251,0.534893,65079.530000,65061.980000
29768369,2026-08-07T11:29,65033.440000,-0.286400,0.069567,2026-08-07,335.000000,2.044023,0.315611,65070.770000,65033.300000
29768370,2026-08-07T11:30,65008.430000,0.035400,-0.314036,2026-08-07,367.000000,1.926043,0.664958,65055.020000,64987.510000
29768371,2026-08-07T11:31,65037.930000,-0.099900,0.299010,2026-08-07,234.000000,0.318773,0.102157,65047.770000,65005.220000
29768372,2026-08-07T11:32,64993.620000,0.706500,-0.794576,2026-08-07,213.000000,1.324481,0.166722,65037.930000,64993.610000
29768373,2026-08-07T11:33,64983.320000,0.073800,-0.772276,2026-08-07,275.000000,3.510651,0.075430,64993.610000,64964.520000
29768374,2026-08-07T11:34,64980.980000,0.750000,-0.817474,2026-08-07,254.000000,3.678265,0.223363,64983.320000,64971.760000
29768375,2026-08-07T11:35,64968.150000,0.620000,-0.553282,2026-08-07,224.000000,1.546297,0.032163,64982.420000,64968.140000
29768376,2026-08-07T11:36,65004.350000,-0.033300,-0.935488,2026-08-07,263.000000,1.415279,0.567681,65013.390000,64968.140000
29768377,2026-08-07T11:37,64986.810000,0.089100,0.135273,2026-08-07,271.000000,2.223798,0.140442,65000.730000,64978.760000
29768378,2026-08-07T11:38,65011.570000,0.606900,-0.719117,2026-08-07,210.000000,2.683618,0.890336,65016.010000,64979.000000
29768379,2026-08-07T11:39,65024.710000,0.140600,0.780763,2026-08-07,421.000000,5.971018,0.220723,65036.920000,65006.020000
29768380,2026-08-07T11:40,64987.390000,0.079100,-0.557162,2026-08-07,358.000000,10.383402,0.116562,65036.910000,64973.410000
29768381,2026-08-07T11:41,65005.680000,-0.230000,-0.691994,2026-08-07,230.000000,2.432003,0.813478,65007.060000,64989.100000
29768382,2026-08-07T11:42,65003.710000,0.245900,0.509762,2026-08-07,74.000000,1.236764,0.813834,65007.060000,65003.190000
29768383,2026-08-07T11:43,65004.790000,0.134400,0.776059,2026-08-07,98.000000,1.752747,0.899297,65004.790000,64997.100000
29768384,2026-08-07T11:44,64977.320000,0.102800,0.713046,2026-08-07,136.000000,7.051018,0.224959,65001.690000,64971.390000
29768385,2026-08-07T11:45,64984.990000,0.697600,-0.524904,2026-08-07,142.000000,0.895701,0.829559,64984.990000,64976.770000
29768386,2026-08-07T11:46,64992.040000,0.718500,0.609368,2026-08-07,111.000000,1.285017,0.474120,64992.370000,64984.990000
29768387,2026-08-07T11:47,64993.670000,-0.001100,-0.050326,2026-08-07,124.000000,1.265728,0.946143,64994.990000,64992.120000
29768388,2026-08-07T11:48,64983.460000,-0.067800,0.892117,2026-08-07,95.000000,1.630915,0.888663,64993.850000,64983.620000
29768389,2026-08-07T11:49,64993.510000,0.001100,0.777326,2026-08-07,173.000000,1.096882,0.821171,64997.100000,64979.000000
29768390,2026-08-07T11:50,64995.120000,0.076700,0.614523,2026-08-07,119.000000,2.027582,0.177138,64997.100000,64987.600000
29768391,2026-08-07T11:51,64972.340000,0.131300,-0.642391,2026-08-07,110.000000,0.442146,0.266758,64995.120000,64971.760000
29768392,2026-08-07T11:52,64948.100000,0.503500,-0.456864,2026-08-07,254.000000,5.604652,0.392925,64972.840000,64944.010000
29768393,2026-08-07T11:53,64957.570000,0.338200,-0.214750,2026-08-07,188.000000,3.749614,0.717702,64960.900000,64947.780000
29768394,2026-08-07T11:54,64970.730000,0.356200,0.436320,2026-08-07,179.000000,0.711941,0.584719,64979.130000,64957.570000
29768395,2026-08-07T11:55,64962.020000,0.723900,0.162022,2026-08-07,144.000000,1.038458,0.309342,64975.870000,64962.010000
29768396,2026-08-07T11:56,64970.820000,0.657300,-0.381291,2026-08-07,111.000000,1.182939,0.113002,64973.830000,64962.030000
29768397,2026-08-07T11:57,64972.180000,0.318000,-0.776124,2026-08-07,81.000000,0.200700,0.829604,64972.190000,64966.690000
29768398,2026-08-07T11:58,64975.120000,0.374400,0.634941,2026-08-07,76.000000,0.192477,0.588163,64976.420000,64967.990000
29768399,2026-08-07T11:59,64975.630000,0.093800,0.270193,2026-08-07,91.000000,0.536604,0.193087,64979.000000,64972.570000
29768400,2026-08-07T12:00,64982.020000,-0.218600,-0.433580,2026-08-07,232.000000,1.101112,0.396187,64985.220000,64975.640000
29768401,2026-08-07T12:01,64994.820000,-0.081200,-0.286451,2026-08-07,264.000000,1.048779,0.449519,64998.170000,64980.730000
29768402,2026-08-07T12:02,65026.060000,0.555900,-0.100961,2026-08-07,250.000000,6.181881,0.645439,65026.060000,64989.650000
29768403,2026-08-07T12:03,64989.100000,0.720700,0.291052,2026-08-07,243.000000,3.017865,0.092013,65034.010000,64981.380000
29768404,2026-08-07T12:04,64997.100000,0.291500,-0.816891,2026-08-07,122.000000,0.416730,0.674550,64997.100000,64989.090000
29768405,2026-08-07T12:05,64998.350000,0.161300,0.349145,2026-08-07,210.000000,1.513087,0.391055,65015.000000,64989.860000
29768406,2026-08-07T12:06,64989.900000,0.712600,-0.217914,2026-08-07,201.000000,2.918614,0.521041,65000.610000,64982.610000
29768407,2026-08-07T12:07,65020.810000,0.687900,0.042082,2026-08-07,297.000000,4.670771,0.349343,65020.800000,64988.980000
29768408,2026-08-07T12:08,65035.760000,0.280300,-0.287824,2026-08-07,424.000000,7.807511,0.080013,65056.700000,65020.800000
29768409,2026-08-07T12:09,65099.990000,0.351000,-0.848076,2026-08-07,481.000000,10.165609,0.159049,65100.000000,65038.090000
29768410,2026-08-07T12:10,65166.240000,0.181000,-0.659761,2026-08-07,817.000000,15.905070,0.682116,65166.240000,65099.990000
29768411,2026-08-07T12:11,65175.260000,0.369900,0.358284,2026-08-07,702.000000,19.473934,0.347304,65220.160000,65134.660000
29768412,2026-08-07T12:12,65174.600000,-0.027400,-0.305517,2026-08-07,523.000000,5.466256,0.350327,65230.880000,65165.230000
29768413,2026-08-07T12:13,65164.850000,0.397200,-0.285361,2026-08-07,597.000000,6.555044,0.251136,65194.920000,65157.480000
29768414,2026-08-07T12:14,65166.620000,0.519400,-0.490417,2026-08-07,505.000000,8.606069,0.147973,65185.340000,65150.000000
29768415,2026-08-07T12:15,65167.520000,0.424600,-0.725587,2026-08-07,625.000000,5.748128,0.200671,65192.580000,65160.010000
29768416,2026-08-07T12:16,65126.180000,0.306200,-0.617898,2026-08-07,471.000000,5.295571,0.264501,65170.790000,65120.200000
29768417,2026-08-07T12:17,65140.900000,0.251400,-0.404068,2026-08-07,407.000000,5.314101,0.392295,65163.620000,65126.180000
29768418,2026-08-07T12:18,65136.310000,0.096600,-0.194365,2026-08-07,394.000000,2.825723,0.386755,65159.990000,65127.420000
29768419,2026-08-07T12:19,65115.440000,0.579400,-0.328311,2026-08-07,470.000000,5.331661,0.408897,65140.250000,65111.180000
29768420,2026-08-07T12:20,65068.480000,0.254800,-0.183916,2026-08-07,374.000000,3.725322,0.476609,65118.910000,65058.650000
29768421,2026-08-07T12:21,65091.100000,0.272200,0.026964,2026-08-07,331.000000,2.308295,0.673985,65112.450000,65068.470000
29768422,2026-08-07T12:22,65075.080000,-0.382700,0.277227,2026-08-07,382.000000,4.107270,0.543164,65099.650000,65069.710000
29768423,2026-08-07T12:23,65058.900000,0.205600,0.075382,2026-08-07,273.000000,2.209917,0.573786,65079.210000,65052.430000
29768424,2026-08-07T12:24,65062.260000,0.185200,0.147572,2026-08-07,221.000000,0.814515,0.605424,65073.120000,65058.900000
29768425,2026-08-07T12:25,65036.930000,0.019100,0.210848,2026-08-07,309.000000,2.929371,0.576828,65062.260000,65036.920000
29768426,2026-08-07T12:26,65062.260000,0.552400,0.157343,2026-08-07,278.000000,2.770059,0.780074,65062.260000,65036.920000
29768427,2026-08-07T12:27,65053.980000,-0.233800,0.558150,2026-08-07,320.000000,1.700406,0.629772,65067.190000,65051.400000
29768428,2026-08-07T12:28,65075.870000,0.036700,0.259416,2026-08-07,261.000000,2.661705,0.825678,65083.390000,65053.970000
29768429,2026-08-07T12:29,65069.110000,0.188900,0.651363,2026-08-07,573.000000,17.286964,0.435498,65096.080000,64992.150000
29768430,2026-08-07T12:30,64993.490000,-0.337200,0.027871,2026-08-07,1570.000000,56.339261,0.665455,65317.060000,64982.320000
29768431,2026-08-07T12:31,65018.820000,-0.077300,0.295332,2026-08-07,720.000000,14.266529,0.444572,65044.150000,64935.560000
29768432,2026-08-07T12:32,65103.960000,0.263700,-0.101855,2026-08-07,665.000000,8.929803,0.529365,65154.650000,64989.860000
29768433,2026-08-07T12:33,65065.850000,0.298400,0.047217,2026-08-07,612.000000,9.635892,0.354175,65105.000000,65037.360000
29768434,2026-08-07T12:34,64951.600000,-0.379700,-0.288265,2026-08-07,754.000000,16.557111,0.453166,65069.490000,64953.260000
29768435,2026-08-07T12:35,65026.070000,-0.016500,-0.047601,2026-08-07,446.000000,8.142145,0.732375,65039.940000,64931.940000
29768436,2026-08-07T12:36,64969.010000,-0.630800,0.449317,2026-08-07,400.000000,3.593536,0.435953,65051.400000,64967.750000
29768437,2026-08-07T12:37,65017.350000,-0.405800,-0.117313,2026-08-07,379.000000,5.486054,0.797546,65018.020000,64960.930000
29768438,2026-08-07T12:38,65073.120000,-0.537800,0.597068,2026-08-07,526.000000,15.313360,0.715137,65112.520000,65012.650000
29768439,2026-08-07T12:39,65091.230000,-0.718800,0.430274,2026-08-07,324.000000,3.621650,0.397913,65111.960000,65062.270000
29768440,2026-08-07T12:40,65149.130000,-0.421300,-0.204336,2026-08-07,477.000000,4.745351,0.819822,65149.130000,65076.760000
29768441,2026-08-07T12:41,65167.190000,0.302100,0.730644,2026-08-07,518.000000,11.150439,0.708734,65168.480000,65112.940000
29768442,2026-08-07T12:42,65152.760000,0.291000,0.120755,2026-08-07,532.000000,6.740837,0.369357,65167.220000,65122.710000
29768443,2026-08-07T12:43,65136.290000,0.153700,-0.254625,2026-08-07,475.000000,6.792234,0.663347,65155.520000,65102.080000
29768444,2026-08-07T12:44,65116.820000,0.108900,0.297716,2026-08-07,786.000000,11.812135,0.533201,65136.300000,65091.570000
29768445,2026-08-07T12:45,65161.580000,0.035500,0.088513,2026-08-07,380.000000,5.745006,0.416227,65176.600000,65116.830000
29768446,2026-08-07T12:46,65182.260000,0.269700,-0.189927,2026-08-07,485.000000,6.113747,0.751267,65182.270000,65159.080000
29768447,2026-08-07T12:47,65206.330000,-0.784700,0.492890,2026-08-07,463.000000,5.057790,0.684298,65209.440000,65176.780000
29768448,2026-08-07T12:48,65214.330000,-0.043900,0.380099,2026-08-07,470.000000,3.392919,0.459369,65217.870000,65192.720000
29768449,2026-08-07T12:49,65201.820000,0.301800,-0.083153,2026-08-07,583.000000,9.082509,0.375722,65214.330000,65176.160000
29768450,2026-08-07T12:50,65255.400000,-0.046600,-0.248555,2026-08-07,918.000000,11.639753,0.628114,65264.980000,65201.810000
29768451,2026-08-07T12:51,65254.010000,0.002300,0.256205,2026-08-07,932.000000,12.582773,0.386009,65273.770000,65230.010000
29768452,2026-08-07T12:52,65256.990000,0.685400,-0.241900,2026-08-07,660.000000,9.604407,0.415622,65259.020000,65203.000000
29768453,2026-08-07T12:53,65288.850000,0.506700,-0.148135,2026-08-07,700.000000,5.886734,0.541430,65288.840000,65255.520000
29768454,2026-08-07T12:54,65304.560000,-0.057600,0.082791,2026-08-07,469.000000,5.537711,0.619119,65307.590000,65280.680000
29768455,2026-08-07T12:55,65290.820000,0.128000,0.174616,2026-08-07,1014.000000,23.344528,0.534980,65348.970000,65290.810000
29768456,2026-08-07T12:56,65226.960000,-0.712300,0.084294,2026-08-07,932.000000,11.638168,0.504318,65300.210000,65215.340000
29768457,2026-08-07T12:57,65226.530000,-0.118500,0.022740,2026-08-07,392.000000,4.469913,0.516337,65253.980000,65226.510000
29768458,2026-08-07T12:58,65252.320000,0.184400,-0.007672,2026-08-07,1619.000000,43.764691,0.819800,65260.000000,65205.030000
29768459,2026-08-07T12:59,65250.570000,-0.004000,0.630729,2026-08-07,821.000000,12.088601,0.688816,65260.010000,65231.200000
29768460,2026-08-07T13:00,65211.010000,0.197500,0.370316,2026-08-07,423.000000,4.130584,0.435111,65257.730000,65211.010000
29768461,2026-08-07T13:01,65174.460000,0.112200,-0.129835,2026-08-07,490.000000,4.065103,0.304956,65211.010000,65163.630000
29768462,2026-08-07T13:02,65163.620000,0.317200,-0.390179,2026-08-07,334.000000,1.476515,0.417901,65182.310000,65136.210000
29768463,2026-08-07T13:03,65180.260000,0.106200,-0.162530,2026-08-07,362.000000,0.904039,0.536712,65207.980000,65163.620000
29768464,2026-08-07T13:04,65239.960000,0.073300,0.083993,2026-08-07,400.000000,4.074720,0.466943,65252.450000,65178.100000
29768465,2026-08-07T13:05,65220.690000,-0.117100,-0.069237,2026-08-07,505.000000,3.746155,0.225790,65255.420000,65211.490000
29768466,2026-08-07T13:06,65251.690000,0.737800,-0.548420,2026-08-07,373.000000,2.897134,0.431256,65255.980000,65203.440000
29768467,2026-08-07T13:07,65283.260000,0.183700,-0.137476,2026-08-07,411.000000,3.917089,0.223270,65286.590000,65255.980000
29768468,2026-08-07T13:08,65218.740000,-0.276200,-0.553471,2026-08-07,603.000000,14.873151,0.182371,65283.250000,65182.160000
29768469,2026-08-07T13:09,65203.490000,-0.156400,-0.644476,2026-08-07,394.000000,3.328584,0.214522,65221.540000,65192.590000
29768470,2026-08-07T13:10,65177.060000,0.119900,-0.514345,2026-08-07,546.000000,6.701488,0.484607,65203.500000,65170.870000
29768471,2026-08-07T13:11,65175.290000,0.497400,-0.068684,2026-08-07,690.000000,10.299241,0.259463,65181.350000,65162.010000
29768472,2026-08-07T13:12,65184.710000,0.426300,-0.435557,2026-08-07,541.000000,10.336182,0.143070,65184.850000,65157.010000
29768473,2026-08-07T13:13,65196.310000,0.152300,-0.751064,2026-08-07,634.000000,8.425521,0.207908,65196.310000,65174.480000
29768474,2026-08-07T13:14,65174.490000,0.152300,-0.584184,2026-08-07,573.000000,9.400494,0.095055,65197.790000,65174.480000
29768475,2026-08-07T13:15,65170.490000,0.293000,-0.792736,2026-08-07,770.000000,9.145490,0.313966,65181.720000,65163.620000
29768476,2026-08-07T13:16,65170.490000,0.163200,-0.384367,2026-08-07,668.000000,8.524844,0.350522,65173.860000,65170.480000
29768477,2026-08-07T13:17,65193.880000,-0.396000,-0.298956,2026-08-07,693.000000,11.459034,0.333560,65193.880000,65170.490000
29768478,2026-08-07T13:18,65193.880000,0.284100,-0.332880,2026-08-07,879.000000,10.458119,0.228644,65193.870000,65181.720000
29768479,2026-08-07T13:19,65230.010000,0.452200,-0.542813,2026-08-07,387.000000,6.208285,0.461215,65230.410000,65193.870000
29768480,2026-08-07T13:20,65226.580000,0.106600,-0.077225,2026-08-07,1084.000000,15.901021,0.287484,65238.240000,65226.580000
29768481,2026-08-07T13:21,65217.940000,-0.040100,-0.425032,2026-08-07,720.000000,12.130645,0.238585,65239.640000,65217.940000
29768482,2026-08-07T13:22,65192.580000,-0.092400,-0.522830,2026-08-07,1143.000000,15.724442,0.215162,65228.780000,65192.570000
29768483,2026-08-07T13:23,65180.010000,-0.174500,-0.569677,2026-08-07,1168.000000,10.668406,0.302084,65192.590000,65180.000000
29768484,2026-08-07T13:24,65138.460000,0.081000,-0.395832,2026-08-07,661.000000,12.537928,0.137688,65180.000000,65136.000000
29768485,2026-08-07T13:25,65124.990000,0.130600,-0.704202,2026-08-07,450.000000,11.699067,0.152828,65142.100000,65098.460000
29768486,2026-08-07T13:26,65142.670000,-0.204700,-0.720783,2026-08-07,426.000000,6.221163,0.089382,65156.370000,65117.000000
29768487,2026-08-07T13:27,65135.080000,-0.385000,-0.842995,2026-08-07,400.000000,7.324059,0.241993,65145.520000,65127.420000
29768488,2026-08-07T13:28,65081.930000,-0.045500,-0.614123,2026-08-07,631.000000,18.028095,0.108097,65135.080000,65067.240000
29768489,2026-08-07T13:29,65120.180000,0.679700,-0.748442,2026-08-07,281.000000,2.603473,0.455811,65120.170000,65081.940000
29768490,2026-08-07T13:30,65105.690000,0.107500,0.012022,2026-08-07,670.000000,13.446676,0.417772,65129.800000,65057.330000
29768491,2026-08-07T13:31,65160.010000,-0.192900,-0.252425,2026-08-07,808.000000,17.879031,0.419589,65175.810000,65094.840000
29768492,2026-08-07T13:32,65244.510000,0.365600,-0.145214,2026-08-07,643.000000,19.596787,0.641801,65244.500000,65160.000000
29768493,2026-08-07T13:33,65258.380000,0.089200,0.328173,2026-08-07,1501.000000,25.118026,0.379690,65273.500000,65224.910000
29768494,2026-08-07T13:34,65262.820000,0.474900,-0.270692,2026-08-07,1285.000000,17.667706,0.482351,65294.470000,65240.220000
29768495,2026-08-07T13:35,65261.180000,0.463000,-0.054938,2026-08-07,816.000000,14.906399,0.381572,65265.970000,65223.010000
29768496,2026-08-07T13:36,65143.090000,0.068500,-0.208704,2026-08-07,627.000000,8.657641,0.399057,65264.970000,65136.010000
29768497,2026-08-07T13:37,65087.650000,0.117900,-0.194772,2026-08-07,407.000000,3.212494,0.325005,65170.850000,65074.380000
29768498,2026-08-07T13:38,65175.020000,0.599000,-0.371902,2026-08-07,556.000000,8.255306,0.675545,65175.030000,65088.690000
29768499,2026-08-07T13:39,65259.070000,0.621200,0.351015,2026-08-07,716.000000,15.830488,0.495224,65275.830000,65167.240000
29768500,2026-08-07T13:40,65221.560000,0.260800,-0.009522,2026-08-07,631.000000,17.292188,0.544693,65290.000000,65220.390000
29768501,2026-08-07T13:41,65200.250000,0.489800,0.088165,2026-08-07,659.000000,11.376548,0.464404,65224.180000,65168.080000
29768502,2026-08-07T13:42,65185.330000,0.386700,-0.069615,2026-08-07,501.000000,9.066111,0.775155,65231.790000,65141.240000
29768503,2026-08-07T13:43,65240.990000,0.876800,0.550427,2026-08-07,557.000000,8.133484,0.394380,65263.230000,65185.340000
29768504,2026-08-07T13:44,65264.030000,0.090000,-0.179369,2026-08-07,445.000000,5.739587,0.437255,65276.700000,65221.540000
29768505,2026-08-07T13:45,65211.010000,-0.660600,-0.169590,2026-08-07,534.000000,8.373945,0.461766,65299.500000,65211.010000
29768506,2026-08-07T13:46,65118.100000,0.447500,-0.069468,2026-08-07,502.000000,3.632326,0.326801,65211.010000,65112.940000
29768507,2026-08-07T13:47,65100.450000,-0.203800,-0.370466,2026-08-07,426.000000,2.237101,0.383932,65132.550000,65091.220000
29768508,2026-08-07T13:48,65065.600000,0.095300,-0.243734,2026-08-07,483.000000,10.572446,0.617454,65098.860000,65053.800000
29768509,2026-08-07T13:49,65177.580000,0.537200,0.233000,2026-08-07,536.000000,5.766106,0.577280,65185.330000,65051.400000
29768510,2026-08-07T13:50,65206.370000,-0.139800,0.156856,2026-08-07,560.000000,5.751769,0.777088,65222.430000,65139.070000
29768511,2026-08-07T13:51,65098.460000,0.482200,0.568048,2026-08-07,653.000000,12.045006,0.444469,65239.200000,65087.600000
29768512,2026-08-07T13:52,65108.820000,0.514300,-0.084990,2026-08-07,668.000000,24.645086,0.641790,65120.170000,65069.500000
29768513,2026-08-07T13:53,65080.130000,0.024400,0.273846,2026-08-07,395.000000,5.903121,0.642291,65153.550000,65077.450000
29768514,2026-08-07T13:54,65092.010000,0.293700,0.284589,2026-08-07,420.000000,5.371862,0.463866,65098.690000,65062.260000
29768515,2026-08-07T13:55,65073.580000,0.782700,-0.106676,2026-08-07,478.000000,7.421527,0.230633,65112.940000,65061.110000
29768516,2026-08-07T13:56,64991.350000,0.619000,-0.525506,2026-08-07,509.000000,7.026888,0.109978,65071.540000,64972.450000
29768517,2026-08-07T13:57,64997.100000,0.830700,-0.787974,2026-08-07,389.000000,4.690650,0.076029,64997.100000,64957.280000
29768518,2026-08-07T13:58,64974.540000,0.560300,-0.842413,2026-08-07,491.000000,12.480281,0.191445,65021.110000,64972.500000
29768519,2026-08-07T13:59,64962.540000,0.148800,-0.612331,2026-08-07,557.000000,12.326639,0.413392,64988.250000,64930.440000
29768520,2026-08-07T14:00,64969.980000,0.906900,-0.179598,2026-08-07,601.000000,8.102424,0.228709,64997.100000,64925.600000
29768521,2026-08-07T14:01,64906.690000,0.482400,-0.530033,2026-08-07,612.000000,8.911160,0.118682,64989.770000,64895.000000
29768522,2026-08-07T14:02,64979.930000,0.518900,-0.801943,2026-08-07,797.000000,15.258516,0.381168,64984.960000,64833.440000
29768523,2026-08-07T14:03,64867.240000,0.538900,-0.221141,2026-08-07,765.000000,14.463342,0.065792,64986.540000,64865.880000
29768524,2026-08-07T14:04,64801.620000,-0.008700,-0.873409,2026-08-07,854.000000,18.508686,0.325476,64869.090000,64790.770000
29768525,2026-08-07T14:05,64779.930000,-0.142800,-0.324987,2026-08-07,755.000000,19.207248,0.530381,64845.480000,64779.920000
29768526,2026-08-07T14:06,64833.150000,0.635500,0.056989,2026-08-07,718.000000,17.856769,0.626514,64839.020000,64750.940000
29768527,2026-08-07T14:07,64795.850000,0.526400,0.260773,2026-08-07,500.000000,8.009933,0.086543,64834.770000,64760.000000
29768528,2026-08-07T14:08,64773.790000,0.065800,-0.827629,2026-08-07,563.000000,9.991841,0.492642,64821.750000,64763.930000
29768529,2026-08-07T14:09,64771.270000,0.767600,-0.012166,2026-08-07,553.000000,11.331588,0.556962,64785.990000,64761.800000
29768530,2026-08-07T14:10,64826.620000,0.596000,0.128566,2026-08-07,461.000000,14.739314,0.218096,64834.010000,64760.220000
29768531,2026-08-07T14:11,64794.380000,0.527700,-0.559889,2026-08-07,559.000000,13.424459,0.342936,64860.280000,64794.380000
29768532,2026-08-07T14:12,64774.790000,0.495300,-0.316420,2026-08-07,500.000000,10.020942,0.421777,64795.140000,64732.510000
29768533,2026-08-07T14:13,64847.790000,0.206700,-0.164039,2026-08-07,500.000000,7.973630,0.734788,64852.300000,64765.020000
29768534,2026-08-07T14:14,64780.310000,0.749400,0.485524,2026-08-07,460.000000,8.872773,0.170830,64848.180000,64776.020000
29768535,2026-08-07T14:15,64829.540000,0.465600,-0.740815,2026-08-07,663.000000,16.296467,0.447871,64829.800000,64747.000000
29768536,2026-08-07T14:16,64823.880000,0.286900,0.220500,2026-08-07,515.000000,8.081212,0.462681,64848.680000,64816.100000
29768537,2026-08-07T14:17,64845.150000,-0.876500,-0.586549,2026-08-07,548.000000,10.624583,0.653423,64889.550000,64823.100000
29768538,2026-08-07T14:18,64906.290000,0.646000,0.330090,2026-08-07,573.000000,7.925835,0.504383,64906.340000,64831.510000
29768539,2026-08-07T14:19,64949.580000,0.065900,-0.228185,2026-08-07,490.000000,8.593809,0.360033,64957.970000,64895.110000
29768540,2026-08-07T14:20,64970.540000,0.387700,0.280092,2026-08-07,555.000000,11.720399,0.426868,64987.940000,64939.250000
29768541,2026-08-07T14:21,65026.040000,0.631600,-0.524080,2026-08-07,555.000000,6.147431,0.544014,65031.610000,64989.000000
29768542,2026-08-07T14:22,64972.920000,0.382500,0.073419,2026-08-07,680.000000,4.754656,0.215564,65017.020000,64954.510000
29768543,2026-08-07T14:23,64991.150000,0.311800,-0.560564,2026-08-07,442.000000,3.455455,0.323974,65000.550000,64957.310000
29768544,2026-08-07T14:24,65025.180000,0.197300,-0.362174,2026-08-07,555.000000,5.852953,0.931459,65033.020000,64979.020000
29768545,2026-08-07T14:25,65039.610000,0.429300,0.879327,2026-08-07,422.000000,6.768181,0.844409,65048.710000,65016.030000
29768546,2026-08-07T14:26,65118.330000,0.738200,0.688007,2026-08-07,622.000000,17.329523,0.841641,65123.260000,65019.850000
29768547,2026-08-07T14:27,65157.540000,-0.141000,0.685679,2026-08-07,879.000000,21.276799,0.764513,65205.350000,65102.090000
29768548,2026-08-07T14:28,65131.170000,0.417000,0.520542,2026-08-07,456.000000,8.160502,0.287377,65157.530000,65131.040000
29768549,2026-08-07T14:29,65142.810000,0.484900,-0.425319,2026-08-07,616.000000,11.656479,0.722000,65159.270000,65116.490000
29768550,2026-08-07T14:30,65073.120000,0.610700,0.454312,2026-08-07,700.000000,10.215241,0.408682,65145.100000,65042.020000
29768551,2026-08-07T14:31,65083.480000,0.075900,-0.186386,2026-08-07,482.000000,4.567018,0.302757,65101.490000,65062.110000
29768552,2026-08-07T14:32,65146.190000,-0.111300,-0.393180,2026-08-07,587.000000,10.346273,0.744021,65159.260000,65065.280000
29768553,2026-08-07T14:33,65106.210000,0.763200,0.493432,2026-08-07,596.000000,4.001972,0.137246,65145.620000,65069.990000
29768554,2026-08-07T14:34,65141.900000,0.630800,-0.725508,2026-08-07,488.000000,6.155324,0.557311,65156.370000,65086.500000
29768555,2026-08-07T14:35,65098.460000,0.706400,0.114849,2026-08-07,637.000000,9.445528,0.790733,65174.970000,65091.220000
29768556,2026-08-07T14:36,65139.990000,0.620100,0.581010,2026-08-07,608.000000,13.003984,0.773445,65170.990000,65095.750000
29768557,2026-08-07T14:37,65182.350000,0.552500,0.542453,2026-08-07,704.000000,18.174108,0.690956,65204.410000,65139.980000
29768558,2026-08-07T14:38,65205.010000,0.539900,0.382099,2026-08-07,658.000000,19.166488,0.609080,65239.250000,65163.620000
29768559,2026-08-07T14:39,65118.040000,0.193100,0.220466,2026-08-07,670.000000,11.707501,0.153960,65211.490000,65109.400000
29768560,2026-08-07T14:40,65121.620000,0.558600,-0.691533,2026-08-07,494.000000,6.761265,0.271963,65122.530000,65091.040000
29768561,2026-08-07T14:41,65131.040000,0.648900,-0.454188,2026-08-07,460.000000,6.758842,0.331674,65131.040000,65084.040000
29768562,2026-08-07T14:42,65102.070000,0.632300,-0.336277,2026-08-07,504.000000,3.212596,0.337692,65168.850000,65090.200000
29768563,2026-08-07T14:43,65080.350000,0.419200,-0.324237,2026-08-07,453.000000,3.741778,0.370958,65105.700000,65065.520000
29768564,2026-08-07T14:44,65055.010000,0.675700,-0.265318,2026-08-07,468.000000,3.722478,0.388234,65082.680000,65044.160000
29768565,2026-08-07T14:45,65084.930000,0.563100,-0.216625,2026-08-07,455.000000,5.656189,0.353400,65086.010000,65036.920000
29768566,2026-08-07T14:46,65093.540000,0.571300,-0.293345,2026-08-07,449.000000,4.962539,0.168779,65094.830000,65048.070000
29768567,2026-08-07T14:47,65082.310000,0.738000,-0.665374,2026-08-07,464.000000,4.441553,0.301516,65094.830000,65058.640000
29768568,2026-08-07T14:48,65073.120000,-0.513600,-0.388643,2026-08-07,522.000000,7.028904,0.655021,65112.560000,65058.640000
29768569,2026-08-07T14:49,65040.540000,0.105900,0.307452,2026-08-07,530.000000,4.893994,0.132706,65073.130000,65019.480000
29768570,2026-08-07T14:50,65050.650000,0.153100,-0.735351,2026-08-07,532.000000,5.448872,0.423755,65073.120000,65030.030000
29768571,2026-08-07T14:51,64950.130000,0.389800,-0.164989,2026-08-07,598.000000,4.904445,0.178319,65059.210000,64942.800000
29768572,2026-08-07T14:52,64981.550000,0.228800,-0.650663,2026-08-07,532.000000,5.741189,0.507991,64989.850000,64902.510000
29768573,2026-08-07T14:53,64985.290000,-0.250100,0.053595,2026-08-07,435.000000,5.237819,0.374451,64993.480000,64960.940000
29768574,2026-08-07T14:54,64945.480000,0.451000,-0.252837,2026-08-07,520.000000,4.503069,0.143795,64982.620000,64930.050000
29768575,2026-08-07T14:55,64979.070000,0.702500,-0.701552,2026-08-07,500.000000,5.108894,0.309226,64980.740000,64932.030000
29768576,2026-08-07T14:56,64941.930000,0.581100,-0.380523,2026-08-07,621.000000,7.935613,0.132720,64997.100000,64933.810000
29768577,2026-08-07T14:57,64928.320000,0.384000,-0.735656,2026-08-07,588.000000,7.952727,0.236628,64956.920000,64927.110000
29768578,2026-08-07T14:58,64937.850000,0.769800,-0.523577,2026-08-07,518.000000,8.879360,0.340626,64944.160000,64900.000000
29768579,2026-08-07T14:59,64906.850000,0.689100,-0.315343,2026-08-07,453.000000,3.599886,0.148921,64948.490000,64892.010000
29768580,2026-08-07T15:00,64930.170000,-0.321600,-0.587068,2026-08-07,474.000000,4.816494,0.272252,64933.970000,64901.000000
29768581,2026-08-07T15:01,64900.640000,0.329100,-0.540195,2026-08-07,647.000000,8.072837,0.355482,64930.170000,64892.140000
29768582,2026-08-07T15:02,64906.570000,0.265200,-0.287518,2026-08-07,469.000000,3.765270,0.276651,64912.680000,64874.020000
29768583,2026-08-07T15:03,64885.850000,-0.019600,-0.431766,2026-08-07,534.000000,4.055900,0.257766,64917.880000,64881.350000
29768584,2026-08-07T15:04,64839.010000,0.044600,-0.507828,2026-08-07,597.000000,18.077998,0.100647,64892.110000,64839.000000
29768585,2026-08-07T15:05,64890.910000,0.208800,-0.765327,2026-08-07,441.000000,6.477876,0.500715,64900.370000,64846.820000
29768586,2026-08-07T15:06,64931.060000,0.550600,-0.052512,2026-08-07,615.000000,12.097084,0.547779,64952.480000,64887.720000
29768587,2026-08-07T15:07,64879.990000,0.511300,0.084468,2026-08-07,556.000000,10.886377,0.308757,64931.760000,64879.990000
29768588,2026-08-07T15:08,64923.260000,0.603200,-0.319757,2026-08-07,599.000000,7.587522,0.575624,64931.770000,64879.990000
29768589,2026-08-07T15:09,64974.570000,-0.168300,0.119914,2026-08-07,630.000000,20.571092,0.793171,64979.000000,64921.080000
29768590,2026-08-07T15:10,64955.540000,0.206600,0.580335,2026-08-07,583.000000,9.322589,0.129696,64991.870000,64952.110000
29768591,2026-08-07T15:11,64894.510000,0.294200,-0.742629,2026-08-07,708.000000,9.695628,0.150937,64961.640000,64893.040000
29768592,2026-08-07T15:12,64891.540000,0.747900,-0.695121,2026-08-07,373.000000,6.392545,0.148013,64910.220000,64888.500000
29768593,2026-08-07T15:13,64897.380000,0.414200,-0.635838,2026-08-07,439.000000,11.295336,0.183650,64910.210000,64891.540000
29768594,2026-08-07T15:14,64918.100000,0.059500,-0.672176,2026-08-07,501.000000,18.003508,0.726569,64918.110000,64895.740000
29768595,2026-08-07T15:15,64892.960000,0.225100,0.452990,2026-08-07,461.000000,22.822787,0.044265,64918.110000,64888.500000
29768596,2026-08-07T15:16,64923.290000,0.707800,-0.912549,2026-08-07,425.000000,9.999489,0.129596,64935.990000,64877.640000
29768597,2026-08-07T15:17,64949.210000,0.340200,-0.736965,2026-08-07,557.000000,15.955089,0.146275,64952.350000,64904.800000
29768598,2026-08-07T15:18,64928.430000,0.700500,-0.611666,2026-08-07,504.000000,14.550891,0.099549,64955.390000,64928.420000
29768599,2026-08-07T15:19,64936.680000,0.708700,-0.924316,2026-08-07,396.000000,7.319185,0.312910,64936.680000,64917.460000
29768600,2026-08-07T15:20,64982.560000,-0.416000,-0.373516,2026-08-07,400.000000,8.093566,0.105348,64988.830000,64936.670000
29768601,2026-08-07T15:21,64929.100000,0.515100,-0.788619,2026-08-07,530.000000,9.885799,0.121614,64980.220000,64912.180000
29768602,2026-08-07T15:22,64953.930000,-0.454200,-0.758895,2026-08-07,359.000000,6.661498,0.113737,64963.130000,64929.100000
29768603,2026-08-07T15:23,64965.960000,0.389500,-0.770496,2026-08-07,566.000000,8.008464,0.091083,64968.760000,64928.940000
29768604,2026-08-07T15:24,64977.600000,0.550500,-0.820745,2026-08-07,423.000000,6.099545,0.143634,64981.610000,64952.070000
29768605,2026-08-07T15:25,64994.330000,0.243700,-0.712312,2026-08-07,481.000000,8.245680,0.185611,64994.620000,64953.870000
29768606,2026-08-07T15:26,64986.240000,0.809100,-0.632158,2026-08-07,488.000000,14.884392,0.389867,65026.050000,64986.240000
29768607,2026-08-07T15:27,64975.180000,0.535400,-0.215529,2026-08-07,490.000000,15.014565,0.225671,65000.000000,64968.140000
29768608,2026-08-07T15:28,64975.460000,0.231000,-0.402201,2026-08-07,398.000000,5.304482,0.406718,64985.170000,64969.420000
29768609,2026-08-07T15:29,64971.310000,0.623700,-0.682313,2026-08-07,453.000000,6.837049,0.039641,64975.460000,64954.440000
29768610,2026-08-07T15:30,64955.600000,0.741100,-0.920190,2026-08-07,475.000000,7.182536,0.160422,64987.950000,64950.050000
29768611,2026-08-07T15:31,64991.060000,0.501000,-0.678718,2026-08-07,478.000000,8.030220,0.440582,64995.850000,64947.690000
29768612,2026-08-07T15:32,65074.490000,0.209900,-0.118915,2026-08-07,734.000000,16.722429,0.595019,65076.590000,64979.000000
29768613,2026-08-07T15:33,65036.180000,0.655600,0.185431,2026-08-07,601.000000,10.563307,0.273025,65087.160000,65028.530000
29768614,2026-08-07T15:34,65000.010000,0.655900,-0.452529,2026-08-07,465.000000,16.774013,0.022030,65049.790000,65000.000000
29768615,2026-08-07T15:35,65020.290000,0.713500,-0.947078,2026-08-07,362.000000,1.894859,0.454832,65023.310000,64989.350000
29768616,2026-08-07T15:36,64998.650000,0.698400,-0.227046,2026-08-07,345.000000,4.566098,0.041210,65035.380000,64996.490000
29768617,2026-08-07T15:37,64973.010000,0.422000,-0.911089,2026-08-07,375.000000,2.964354,0.373200,65006.580000,64965.000000
29768618,2026-08-07T15:38,64928.660000,0.552700,-0.291931,2026-08-07,418.000000,5.233681,0.277679,64973.020000,64928.320000
29768619,2026-08-07T15:39,64943.980000,0.445700,-0.430540,2026-08-07,511.000000,6.708322,0.523701,64962.630000,64927.020000
29768620,2026-08-07T15:40,64947.580000,0.568100,0.001128,2026-08-07,506.000000,6.160844,0.117946,64971.760000,64943.540000
29768621,2026-08-07T15:41,64960.480000,0.047100,-0.754232,2026-08-07,577.000000,9.214527,0.372269,64982.620000,64932.870000
29768622,2026-08-07T15:42,64967.460000,-0.289800,-0.262023,2026-08-07,596.000000,12.477663,0.427071,64988.720000,64950.740000
29768623,2026-08-07T15:43,64970.630000,0.340800,-0.137038,2026-08-07,481.000000,10.182625,0.102945,64991.340000,64961.660000
29768624,2026-08-07T15:44,64957.180000,0.521500,-0.745122,2026-08-07,651.000000,11.355215,0.102596,64990.460000,64954.870000
29768625,2026-08-07T15:45,64962.210000,-0.367100,-0.840803,2026-08-07,381.000000,5.541446,0.213724,64969.930000,64954.010000
29768626,2026-08-07T15:46,64945.080000,0.575300,-0.569598,2026-08-07,838.000000,20.358678,0.245105,64965.670000,64922.200000
29768627,2026-08-07T15:47,64941.010000,0.731400,-0.516667,2026-08-07,944.000000,27.061264,0.296632,64958.160000,64924.880000
29768628,2026-08-07T15:48,64950.390000,0.488300,-0.407884,2026-08-07,993.000000,29.207075,0.315805,64959.830000,64926.270000
29768629,2026-08-07T15:49,64951.710000,0.746600,-0.361701,2026-08-07,441.000000,5.843076,0.130984,64954.810000,64934.750000
29768630,2026-08-07T15:50,64971.570000,0.580500,-0.742604,2026-08-07,484.000000,10.295612,0.293908,64979.000000,64950.010000
29768631,2026-08-07T15:51,64953.830000,-0.265200,-0.411499,2026-08-07,371.000000,7.746433,0.018014,64972.440000,64953.840000
29768632,2026-08-07T15:52,64922.100000,0.478000,-0.963389,2026-08-07,406.000000,4.454992,0.038946,64955.140000,64922.090000
29768633,2026-08-07T15:53,64889.710000,0.268600,-0.924287,2026-08-07,575.000000,8.780621,0.265448,64922.100000,64884.640000
29768634,2026-08-07T15:54,64898.820000,0.798700,-0.444629,2026-08-07,452.000000,5.799599,0.391009,64904.980000,64877.650000
29768635,2026-08-07T15:55,64895.260000,0.619800,-0.253564,2026-08-07,447.000000,4.372437,0.138167,64906.590000,64888.510000
29768636,2026-08-07T15:56,64903.980000,0.542200,-0.747346,2026-08-07,398.000000,6.619522,0.150131,64913.440000,64893.140000
29768637,2026-08-07T15:57,64899.370000,0.047100,-0.704074,2026-08-07,229.000000,3.352186,0.148574,64912.390000,64896.400000
29768638,2026-08-07T15:58,64877.010000,-0.370900,-0.675051,2026-08-07,481.000000,5.255824,0.031043,64900.390000,64877.000000
29768639,2026-08-07T15:59,64861.160000,0.172200,-0.937679,2026-08-07,476.000000,12.868356,0.087298,64877.010000,64850.000000
29768640,2026-08-07T16:00,64877.210000,-0.154600,-0.816510,2026-08-07,448.000000,5.638885,0.279208,64895.060000,64861.250000
29768641,2026-08-07T16:01,64904.930000,0.533600,-0.452737,2026-08-07,595.000000,16.466088,0.588521,64911.980000,64866.490000
29768642,2026-08-07T16:02,64895.740000,-0.348200,0.169944,2026-08-07,548.000000,11.506074,0.499198,64918.220000,64895.740000
29768643,2026-08-07T16:03,64907.960000,0.569700,0.105026,2026-08-07,578.000000,8.004183,0.375081,64921.500000,64880.000000
29768644,2026-08-07T16:04,64920.760000,0.292300,-0.495920,2026-08-07,430.000000,5.484592,0.190892,64925.000000,64906.600000
29768645,2026-08-07T16:05,64922.120000,0.512500,-0.624107,2026-08-07,517.000000,10.407294,0.491705,64941.410000,64917.090000
29768646,2026-08-07T16:06,64940.070000,-0.260700,0.078072,2026-08-07,522.000000,5.504986,0.329002,64951.700000,64922.120000
29768647,2026-08-07T16:07,64955.630000,-0.567600,-0.603675,2026-08-07,432.000000,6.889872,0.528703,64960.420000,64939.080000
29768648,2026-08-07T16:08,64948.740000,0.470500,0.065152,2026-08-07,412.000000,15.081547,0.601129,64969.580000,64942.840000
29768649,2026-08-07T16:09,64975.380000,0.519900,0.202632,2026-08-07,379.000000,4.675002,0.219997,64976.500000,64942.970000
29768650,2026-08-07T16:10,64959.100000,0.160500,-0.567842,2026-08-07,325.000000,2.810312,0.096167,64975.380000,64959.090000
29768651,2026-08-07T16:11,64952.150000,0.622200,-0.825694,2026-08-07,432.000000,5.558847,0.188562,64978.730000,64948.050000
29768652,2026-08-07T16:12,64951.880000,0.494600,-0.601107,2026-08-07,373.000000,2.820643,0.167059,64957.280000,64945.620000
29768653,2026-08-07T16:13,65005.740000,-0.017000,-0.672023,2026-08-07,722.000000,14.832061,0.627269,65038.890000,64947.050000
29768654,2026-08-07T16:14,64993.490000,-0.637700,0.218266,2026-08-07,455.000000,9.317507,0.151301,65029.020000,64993.490000
29768655,2026-08-07T16:15,64964.520000,0.525400,-0.690598,2026-08-07,559.000000,6.022221,0.191945,65007.280000,64964.520000
29768656,2026-08-07T16:16,64979.740000,0.332500,-0.586080,2026-08-07,445.000000,4.026378,0.342645,64996.140000,64964.520000
29768657,2026-08-07T16:17,64944.620000,-0.142000,-0.340076,2026-08-07,586.000000,6.837970,0.380897,64979.730000,64939.750000
29768658,2026-08-07T16:18,64950.100000,-0.659000,-0.228384,2026-08-07,390.000000,2.376520,0.144355,64968.040000,64939.720000
29768659,2026-08-07T16:19,64938.580000,0.388400,-0.710984,2026-08-07,400.000000,2.443416,0.505580,64946.430000,64924.700000
29768660,2026-08-07T16:20,64971.760000,-0.235800,0.012981,2026-08-07,755.000000,20.399461,0.617037,64997.740000,64932.840000
29768661,2026-08-07T16:21,64944.010000,-0.936300,0.234072,2026-08-07,330.000000,4.211237,0.176801,64981.420000,64939.180000
29768662,2026-08-07T16:22,64930.850000,0.147400,-0.649012,2026-08-07,543.000000,6.686372,0.612093,64957.080000,64924.700000
29768663,2026-08-07T16:23,64950.040000,-0.636500,0.201305,2026-08-07,168.000000,2.450978,0.672842,64956.500000,64926.480000
29768664,2026-08-07T16:24,64874.380000,0.491800,-0.125169,2026-08-07,822.000000,7.610023,0.200135,64955.270000,64850.640000
29768665,2026-08-07T16:25,64879.670000,0.650400,-0.569055,2026-08-07,505.000000,5.796526,0.207375,64888.490000,64859.540000
29768666,2026-08-07T16:26,64862.830000,-0.463600,-0.574492,2026-08-07,386.000000,3.571265,0.114856,64888.500000,64852.300000
29768667,2026-08-07T16:27,64873.540000,0.694800,-0.771823,2026-08-07,449.000000,4.444789,0.183793,64874.400000,64837.280000
29768668,2026-08-07T16:28,64880.680000,-0.401300,-0.627512,2026-08-07,478.000000,3.678856,0.299320,64881.710000,64859.550000
29768669,2026-08-07T16:29,64885.720000,-0.325600,-0.405598,2026-08-07,398.000000,4.720274,0.367722,64892.600000,64867.930000
29768670,2026-08-07T16:30,64873.510000,-0.880900,-0.282180,2026-08-07,585.000000,6.828700,0.616481,64895.740000,64859.540000
29768671,2026-08-07T16:31,64830.580000,-0.452800,0.254668,2026-08-07,507.000000,20.068882,0.053615,64882.190000,64824.400000
29768672,2026-08-07T16:32,64899.960000,-0.466800,-0.893114,2026-08-07,503.000000,4.954718,0.823539,64901.210000,64820.000000
29768673,2026-08-07T16:33,64905.010000,0.320100,0.647264,2026-08-07,437.000000,4.416544,0.432540,64912.900000,64892.250000
29768674,2026-08-07T16:34,64913.520000,0.489400,-0.157427,2026-08-07,375.000000,4.351973,0.113443,64917.460000,64895.740000
29768675,2026-08-07T16:35,64917.130000,0.473700,-0.766692,2026-08-07,540.000000,8.969677,0.522226,64920.320000,64906.600000
29768676,2026-08-07T16:36,64898.990000,0.497800,0.044463,2026-08-07,391.000000,4.535114,0.114197,64922.100000,64896.670000
29768677,2026-08-07T16:37,64888.510000,-0.481200,-0.795384,2026-08-07,403.000000,4.086158,0.180562,64906.580000,64888.500000
29768678,2026-08-07T16:38,64874.040000,0.503800,-0.592622,2026-08-07,426.000000,3.725934,0.306559,64888.510000,64870.410000
29768679,2026-08-07T16:39,64898.740000,0.725400,-0.371251,2026-08-07,476.000000,6.975944,0.597384,64906.600000,64873.870000
29768680,2026-08-07T16:40,64912.790000,-0.307900,0.190088,2026-08-07,420.000000,7.486208,0.497100,64925.000000,64898.420000
29768681,2026-08-07T16:41,64907.920000,0.339600,-0.003861,2026-08-07,430.000000,3.764917,0.330585,64920.230000,64899.360000
29768682,2026-08-07T16:42,64903.070000,0.465400,-0.376239,2026-08-07,392.000000,3.911107,0.112077,64912.580000,64893.250000
29768683,2026-08-07T16:43,64908.780000,0.308800,-0.591188,2026-08-07,343.000000,4.029453,0.281523,64911.150000,64902.980000
29768684,2026-08-07T16:44,64897.130000,0.321900,-0.592528,2026-08-07,386.000000,3.090002,0.481708,64909.070000,64888.500000
29768685,2026-08-07T16:45,64885.060000,0.498800,-0.077542,2026-08-07,491.000000,13.195333,0.107803,64902.730000,64873.230000
29768686,2026-08-07T16:46,64874.020000,0.337000,-0.782192,2026-08-07,339.000000,3.302749,0.205498,64902.720000,64874.020000
29768687,2026-08-07T16:47,64860.240000,-0.223700,-0.590594,2026-08-07,310.000000,2.554808,0.076333,64875.320000,64860.240000
29768688,2026-08-07T16:48,64874.010000,-0.177200,-0.855755,2026-08-07,286.000000,2.874192,0.117364,64877.780000,64853.660000
29768689,2026-08-07T16:49,64880.440000,0.377400,-0.751697,2026-08-07,360.000000,1.948570,0.223860,64882.350000,64859.540000
29768690,2026-08-07T16:50,64895.690000,0.611600,-0.554525,2026-08-07,419.000000,3.999976,0.275169,64900.000000,64876.630000
29768691,2026-08-07T16:51,64849.510000,-0.738000,-0.448970,2026-08-07,400.000000,4.863183,0.184613,64896.930000,64849.520000
29768692,2026-08-07T16:52,64845.070000,-0.677400,-0.516047,2026-08-07,334.000000,3.109665,0.290083,64858.570000,64843.190000
29768693,2026-08-07T16:53,64836.320000,0.641700,-0.610155,2026-08-07,376.000000,3.540656,0.483488,64851.130000,64832.900000
29768694,2026-08-07T16:54,64820.010000,-0.575100,-0.063426,2026-08-07,319.000000,2.063998,0.142909,64842.700000,64820.000000
29768695,2026-08-07T16:55,64808.570000,0.640100,-0.719355,2026-08-07,311.000000,1.831441,0.437811,64820.010000,64808.570000
29768696,2026-08-07T16:56,64801.620000,-0.333300,-0.047580,2026-08-07,408.000000,7.641745,0.101862,64810.710000,64783.520000
29768697,2026-08-07T16:57,64790.760000,0.409700,-0.795510,2026-08-07,348.000000,2.145786,0.143667,64812.480000,64790.760000
29768698,2026-08-07T16:58,64789.120000,0.306500,-0.715296,2026-08-07,442.000000,17.723171,0.600613,64805.240000,64775.000000
29768699,2026-08-07T16:59,64758.070000,0.407100,0.197084,2026-08-07,425.000000,6.328349,0.091780,64787.920000,64758.070000
29768700,2026-08-07T17:00,64753.880000,0.404200,-0.814011,2026-08-07,548.000000,10.344868,0.738865,64782.130000,64750.940000
29768701,2026-08-07T17:01,64745.350000,0.469200,0.477625,2026-08-07,474.000000,10.226874,0.590283,64762.590000,64718.430000
29768702,2026-08-07T17:02,64667.010000,0.589300,0.176030,2026-08-07,676.000000,12.963888,0.479735,64749.350000,64654.640000
29768703,2026-08-07T17:03,64726.440000,0.278300,-0.037602,2026-08-07,561.000000,13.591502,0.647898,64726.740000,64674.910000
29768704,2026-08-07T17:04,64700.490000,0.138300,0.295796,2026-08-07,458.000000,4.975305,0.170316,64725.380000,64696.640000
29768705,2026-08-07T17:05,64730.310000,0.414000,-0.696851,2026-08-07,408.000000,4.587826,0.128017,64733.290000,64685.790000
29768706,2026-08-07T17:06,64735.190000,0.536700,-0.720801,2026-08-07,385.000000,3.993118,0.059876,64736.450000,64710.340000
29768707,2026-08-07T17:07,64738.490000,0.967300,-0.872811,2026-08-07,481.000000,5.243993,0.152427,64748.990000,64718.120000
29768708,2026-08-07T17:08,64757.010000,0.521800,-0.699565,2026-08-07,421.000000,7.690420,0.325445,64772.040000,64745.980000
29768709,2026-08-07T17:09,64729.260000,0.674800,-0.342751,2026-08-07,556.000000,11.083272,0.272097,64761.480000,64717.680000
29768710,2026-08-07T17:10,64700.620000,-0.164000,-0.449751,2026-08-07,470.000000,9.355183,0.111622,64736.460000,64697.860000
29768711,2026-08-07T17:11,64699.150000,0.362400,-0.798156,2026-08-07,464.000000,3.695318,0.088802,64706.590000,64696.640000
29768712,2026-08-07T17:12,64653.210000,-0.216400,-0.824855,2026-08-07,490.000000,11.836820,0.091622,64706.640000,64653.200000
29768713,2026-08-07T17:13,64645.540000,0.583800,-0.816286,2026-08-07,437.000000,8.090962,0.122827,64667.670000,64638.730000
29768714,2026-08-07T17:14,64643.240000,-0.300800,-0.754518,2026-08-07,368.000000,2.626740,0.214087,64650.000000,64640.950000
29768715,2026-08-07T17:15,64615.010000,0.343900,-0.574119,2026-08-07,515.000000,6.269253,0.265274,64645.220000,64602.570000
29768716,2026-08-07T17:16,64671.310000,-0.396900,-0.465916,2026-08-07,519.000000,6.965190,0.379238,64684.410000,64606.290000
29768717,2026-08-07T17:17,64665.730000,0.009400,-0.253131,2026-08-07,509.000000,6.406843,0.252788,64683.610000,64644.080000
29768718,2026-08-07T17:18,64672.830000,-0.970800,-0.488796,2026-08-07,437.000000,4.096293,0.372493,64672.840000,64642.440000
29768719,2026-08-07T17:19,64654.450000,-0.133200,-0.244284,2026-08-07,476.000000,17.235534,0.735413,64674.130000,64638.720000
29768720,2026-08-07T17:20,64655.400000,-0.137400,0.470506,2026-08-07,356.000000,5.287186,0.126957,64672.840000,64653.030000
29768721,2026-08-07T17:21,64608.010000,-0.086100,-0.747940,2026-08-07,382.000000,3.029836,0.321641,64655.400000,64608.010000
29768722,2026-08-07T17:22,64595.290000,-0.119000,-0.343273,2026-08-07,428.000000,2.380521,0.272064,64610.490000,64595.280000
29768723,2026-08-07T17:23,64596.400000,-0.102300,-0.387779,2026-08-07,504.000000,10.626610,0.250648,64605.120000,64577.210000
29768724,2026-08-07T17:24,64579.940000,0.148900,-0.515885,2026-08-07,398.000000,3.593276,0.500675,64606.880000,64562.710000
29768725,2026-08-07T17:25,64563.070000,0.258000,-0.012922,2026-08-07,448.000000,5.490417,0.360842,64583.990000,64560.010000
29768726,2026-08-07T17:26,64566.320000,0.190300,-0.271413,2026-08-07,366.000000,4.466570,0.419554,64575.860000,64561.700000
29768727,2026-08-07T17:27,64556.320000,-0.192500,-0.161070,2026-08-07,389.000000,3.867321,0.290467,64573.560000,64552.910000
29768728,2026-08-07T17:28,64535.710000,-0.129600,-0.418932,2026-08-07,393.000000,4.029680,0.272059,64559.550000,64530.110000
29768729,2026-08-07T17:29,64547.180000,-0.463100,-0.477422,2026-08-07,544.000000,10.971834,0.455028,64560.820000,64526.510000
29768730,2026-08-07T17:30,64526.760000,-0.277800,-0.074960,2026-08-07,405.000000,6.634680,0.388954,64547.180000,64523.780000
29768731,2026-08-07T17:31,64504.320000,-0.188700,-0.238346,2026-08-07,457.000000,8.961623,0.229105,64530.000000,64500.560000
29768732,2026-08-07T17:32,64500.710000,-0.299400,-0.461452,2026-08-07,523.000000,7.905712,0.488111,64516.510000,64491.020000
29768733,2026-08-07T17:33,64544.560000,0.453600,0.183329,2026-08-07,704.000000,11.897482,0.587851,64546.710000,64470.010000
29768734,2026-08-07T17:34,64537.720000,0.442300,0.183771,2026-08-07,496.000000,6.204042,0.374776,64546.350000,64522.880000
29768735,2026-08-07T17:35,64520.570000,-0.162000,-0.254174,2026-08-07,594.000000,7.448968,0.461429,64543.230000,64487.540000
29768736,2026-08-07T17:36,64533.740000,0.047300,-0.095058,2026-08-07,328.000000,2.961431,0.655254,64533.730000,64512.020000
29768737,2026-08-07T17:37,64573.260000,0.154200,0.398171,2026-08-07,468.000000,3.494865,0.236372,64580.740000,64533.730000
29768738,2026-08-07T17:38,64600.040000,-0.275500,-0.531043,2026-08-07,392.000000,4.805693,0.545726,64606.130000,64570.910000
29768739,2026-08-07T17:39,64622.790000,0.034500,0.095902,2026-08-07,417.000000,3.711257,0.430315,64634.960000,64594.100000
29768740,2026-08-07T17:40,64607.270000,0.332500,-0.139912,2026-08-07,413.000000,3.658909,0.520226,64635.500000,64600.010000
29768741,2026-08-07T17:41,64612.760000,0.207300,0.041374,2026-08-07,488.000000,5.628665,0.487402,64633.390000,64606.090000
29768742,2026-08-07T17:42,64630.120000,0.088000,-0.026512,2026-08-07,319.000000,2.253732,0.409346,64640.580000,64623.870000
29768743,2026-08-07T17:43,64618.540000,-0.473300,-0.193890,2026-08-07,335.000000,2.067049,0.618267,64630.130000,64604.050000
29768744,2026-08-07T17:44,64631.430000,0.299300,0.258923,2026-08-07,338.000000,4.187752,0.900529,64632.730000,64615.840000
29768745,2026-08-07T17:45,64683.690000,0.330100,0.802676,2026-08-07,507.000000,50.961972,0.937044,64696.710000,64630.520000
29768746,2026-08-07T17:46,64650.350000,-0.240500,0.866633,2026-08-07,387.000000,4.891726,0.253387,64682.160000,64650.340000
29768747,2026-08-07T17:47,64629.010000,-0.587900,-0.483776,2026-08-07,417.000000,5.084460,0.267924,64650.340000,64629.000000
29768748,2026-08-07T17:48,64611.620000,0.248600,-0.451531,2026-08-07,380.000000,2.244051,0.133611,64629.010000,64611.610000
29768749,2026-08-07T17:49,64607.480000,-0.503700,-0.736283,2026-08-07,382.000000,4.690552,0.077926,64617.200000,64602.010000
29768750,2026-08-07T17:50,64664.070000,0.295000,-0.843559,2026-08-07,472.000000,9.807275,0.732575,64675.050000,64606.720000
29768751,2026-08-07T17:51,64653.240000,-0.154100,0.450787,2026-08-07,452.000000,3.964486,0.391318,64664.060000,64653.210000
29768752,2026-08-07T17:52,64667.770000,0.532100,-0.199555,2026-08-07,427.000000,4.398323,0.319652,64670.000000,64653.210000
29768753,2026-08-07T17:53,64625.830000,0.377100,-0.360711,2026-08-07,469.000000,5.570206,0.300205,64667.780000,64606.010000
29768754,2026-08-07T17:54,64669.990000,0.415000,-0.399578,2026-08-07,518.000000,14.349364,0.747565,64670.000000,64621.570000
29768755,2026-08-07T17:55,64688.810000,-0.159100,0.495153,2026-08-07,510.000000,3.574917,0.329998,64707.670000,64669.990000
29768756,2026-08-07T17:56,64696.650000,0.479700,-0.345746,2026-08-07,361.000000,3.372310,0.602198,64703.920000,64682.160000
29768757,2026-08-07T17:57,64701.210000,0.508100,0.215252,2026-08-07,394.000000,3.575187,0.200669,64707.500000,64682.960000
29768758,2026-08-07T17:58,64711.120000,0.529000,-0.598753,2026-08-07,242.000000,2.955689,0.660134,64712.420000,64700.000000
29768759,2026-08-07T17:59,64713.900000,0.009500,0.320304,2026-08-07,385.000000,3.535635,0.296245,64720.780000,64704.010000
29768760,2026-08-07T18:00,64784.940000,0.315900,-0.370913,2026-08-07,475.000000,7.422473,0.338052,64797.430000,64709.380000
29768761,2026-08-07T18:01,64790.760000,0.147500,-0.340451,2026-08-07,391.000000,3.426642,0.603128,64813.900000,64783.000000
29768762,2026-08-07T18:02,64805.240000,0.149700,0.206257,2026-08-07,349.000000,6.557112,0.516567,64809.960000,64788.010000
29768763,2026-08-07T18:03,64798.010000,0.481100,0.041898,2026-08-07,368.000000,2.649610,0.371236,64810.000000,64794.380000
29768764,2026-08-07T18:04,64812.460000,0.051100,-0.127444,2026-08-07,356.000000,3.680979,0.740530,64819.840000,64795.470000
29768765,2026-08-07T18:05,64805.100000,0.480400,0.349980,2026-08-07,331.000000,2.034731,0.395468,64812.460000,64797.030000
29768766,2026-08-07T18:06,64808.870000,-0.354000,-0.135564,2026-08-07,395.000000,7.976499,0.530990,64816.150000,64798.840000
29768767,2026-08-07T18:07,64795.570000,0.150900,0.034985,2026-08-07,332.000000,2.639827,0.562731,64808.870000,64791.250000
29768768,2026-08-07T18:08,64826.320000,0.495400,0.223884,2026-08-07,381.000000,4.665226,0.759623,64830.270000,64795.570000
29768769,2026-08-07T18:09,64821.020000,0.533800,0.519718,2026-08-07,328.000000,3.468906,0.618846,64826.330000,64816.100000
29768770,2026-08-07T18:10,64832.810000,0.206900,0.236989,2026-08-07,336.000000,3.355074,0.385647,64836.390000,64821.020000
29768771,2026-08-07T18:11,64816.100000,0.326400,-0.259364,2026-08-07,275.000000,1.782763,0.534654,64832.810000,64816.100000
29768772,2026-08-07T18:12,64831.010000,0.662700,0.157055,2026-08-07,364.000000,4.637695,0.560800,64837.670000,64816.100000
29768773,2026-08-07T18:13,64836.020000,0.313700,0.238711,2026-08-07,311.000000,4.770042,0.326073,64839.720000,64831.020000
29768774,2026-08-07T18:14,64809.990000,0.703300,-0.584898,2026-08-07,396.000000,4.059437,0.402410,64836.030000,64801.620000
29768775,2026-08-07T18:15,64795.570000,0.207700,-0.199405,2026-08-07,315.000000,6.441964,0.143953,64827.510000,64795.570000
29768776,2026-08-07T18:16,64777.150000,0.365300,-0.710334,2026-08-07,416.000000,6.760706,0.435100,64795.580000,64767.060000
29768777,2026-08-07T18:17,64797.830000,0.335200,-0.130301,2026-08-07,445.000000,10.662748,0.314662,64806.490000,64777.150000
29768778,2026-08-07T18:18,64797.040000,0.576200,-0.370779,2026-08-07,354.000000,4.715632,0.161386,64803.250000,64797.030000
29768779,2026-08-07T18:19,64799.020000,0.074300,-0.676033,2026-08-07,394.000000,11.488486,0.282790,64801.620000,64790.760000
29768780,2026-08-07T18:20,64778.560000,0.089300,-0.434792,2026-08-07,604.000000,6.287574,0.019320,64799.030000,64778.550000
29768781,2026-08-07T18:21,64761.820000,0.308900,-0.961455,2026-08-07,488.000000,4.617599,0.490686,64778.560000,64761.800000
29768782,2026-08-07T18:22,64784.010000,0.178100,-0.015302,2026-08-07,372.000000,6.383571,0.546696,64787.140000,64761.810000
29768783,2026-08-07T18:23,64775.020000,-0.178400,0.091825,2026-08-07,369.000000,3.719555,0.435827,64785.010000,64775.020000
29768784,2026-08-07T18:24,64760.510000,-0.484400,-0.128305,2026-08-07,221.000000,1.573832,0.273892,64775.030000,64760.510000
29768785,2026-08-07T18:25,64755.010000,0.311900,-0.449211,2026-08-07,481.000000,5.238297,0.457510,64765.400000,64745.350000
29768786,2026-08-07T18:26,64752.210000,0.076400,-0.118644,2026-08-07,301.000000,3.377389,0.313240,64755.020000,64745.370000
29768787,2026-08-07T18:27,64782.010000,0.081500,-0.337910,2026-08-07,416.000000,6.479182,0.466615,64785.530000,64752.210000
29768788,2026-08-07T18:28,64769.070000,-0.176500,-0.132294,2026-08-07,319.000000,2.640253,0.440493,64782.010000,64769.050000
29768789,2026-08-07T18:29,64763.240000,0.349700,0.097123,2026-08-07,314.000000,3.166055,0.407690,64775.040000,64758.180000
29768790,2026-08-07T18:30,64781.900000,0.000900,-0.197047,2026-08-07,374.000000,7.795671,0.610313,64783.480000,64758.610000
29768791,2026-08-07T18:31,64774.760000,-0.074900,0.228347,2026-08-07,347.000000,5.359346,0.327561,64792.280000,64770.760000
29768792,2026-08-07T18:32,64783.770000,0.261900,-0.344540,2026-08-07,330.000000,3.463976,0.697597,64790.750000,64774.530000
29768793,2026-08-07T18:33,64789.460000,0.234800,0.394983,2026-08-07,311.000000,2.378288,0.365725,64789.460000,64774.760000
29768794,2026-08-07T18:34,64753.270000,-0.209400,-0.267424,2026-08-07,353.000000,4.474654,0.289121,64790.750000,64747.330000
29768795,2026-08-07T18:35,64725.600000,-0.325300,-0.422236,2026-08-07,373.000000,3.347712,0.223176,64753.280000,64720.680000
29768796,2026-08-07T18:36,64737.680000,0.132200,-0.528372,2026-08-07,350.000000,4.595989,0.544284,64744.130000,64713.470000
29768797,2026-08-07T18:37,64727.620000,-0.661400,0.092549,2026-08-07,287.000000,3.544006,0.312285,64742.190000,64727.610000
29768798,2026-08-07T18:38,64714.740000,-0.191300,-0.255800,2026-08-07,343.000000,2.969333,0.406378,64727.620000,64714.740000
29768799,2026-08-07T18:39,64713.120000,0.270800,-0.382443,2026-08-07,310.000000,2.838549,0.410769,64714.750000,64700.260000
29768800,2026-08-07T18:40,64711.120000,0.297100,-0.178462,2026-08-07,241.000000,1.057899,0.255849,64720.720000,64709.450000
29768801,2026-08-07T18:41,64743.080000,-0.364800,-0.488302,2026-08-07,281.000000,3.364436,0.518793,64743.680000,64711.120000
29768802,2026-08-07T18:42,64696.900000,-0.749000,0.037543,2026-08-07,410.000000,2.512882,0.130839,64740.180000,64696.900000
29768803,2026-08-07T18:43,64699.130000,-0.226200,-0.738307,2026-08-07,311.000000,5.403983,0.818005,64703.730000,64693.040000
29768804,2026-08-07T18:44,64675.190000,0.215900,0.660852,2026-08-07,406.000000,7.722239,0.336583,64709.960000,64675.000000
29768805,2026-08-07T18:45,64699.430000,-0.164200,-0.398658,2026-08-07,469.000000,11.854423,0.796665,64711.690000,64675.190000
29768806,2026-08-07T18:46,64676.770000,-0.233800,0.593481,2026-08-07,335.000000,2.845692,0.064970,64706.190000,64675.570000
29768807,2026-08-07T18:47,64660.440000,-0.029000,-0.356676,2026-08-07,340.000000,3.412760,0.376209,64685.860000,64662.400000
29768808,2026-08-07T18:48,64660.900000,0.255200,-0.909824,2026-08-07,355.000000,5.851611,0.111112,64675.740000,64654.030000
29768809,2026-08-07T18:49,64665.490000,0.023400,-0.647638,2026-08-07,434.000000,6.096043,0.541577,64678.510000,64655.930000
29768810,2026-08-07T18:50,64662.180000,-0.422400,0.083155,2026-08-07,354.000000,2.453820,0.280048,64671.750000,64660.410000
29768811,2026-08-07T18:51,64651.430000,0.113100,-0.439902,2026-08-07,294.000000,1.143542,0.128002,64662.190000,64651.420000
29768812,2026-08-07T18:52,64631.710000,-0.193800,-0.742881,2026-08-07,325.000000,1.471587,0.212849,64651.430000,64628.500000
29768813,2026-08-07T18:53,64629.350000,0.173500,-0.574665,2026-08-07,341.000000,3.153844,0.293252,64635.540000,64623.100000
29768814,2026-08-07T18:54,64629.730000,0.083200,-0.412953,2026-08-07,315.000000,2.752034,0.329698,64632.790000,64626.880000
29768815,2026-08-07T18:55,64646.520000,0.391200,-0.341387,2026-08-07,348.000000,3.198487,0.612920,64649.210000,64628.100000
29768816,2026-08-07T18:56,64645.490000,0.357000,0.218784,2026-08-07,427.000000,2.367315,0.279619,64650.330000,64645.010000
29768817,2026-08-07T18:57,64664.070000,-0.206500,-0.437600,2026-08-07,420.000000,3.252257,0.394925,64676.160000,64645.330000
29768818,2026-08-07T18:58,64663.850000,0.210800,-0.209177,2026-08-07,246.000000,0.668760,0.170031,64665.400000,64662.220000
29768819,2026-08-07T18:59,64689.710000,0.138500,-0.661883,2026-08-07,435.000000,9.162217,0.828418,64704.580000,64663.850000
29768820,2026-08-07T19:00,64734.790000,-0.163100,0.738850,2026-08-07,578.000000,12.055799,0.872456,64737.670000,64689.700000
29768821,2026-08-07T19:01,64788.790000,0.119700,0.665719,2026-08-07,475.000000,6.838897,0.623762,64807.810000,64722.170000
29768822,2026-08-07T19:02,64739.820000,0.464600,0.211418,2026-08-07,330.000000,2.205238,0.180421,64787.170000,64736.750000
29768823,2026-08-07T19:03,64732.850000,0.499000,-0.610733,2026-08-07,313.000000,2.791420,0.662792,64739.810000,64726.660000
29768824,2026-08-07T19:04,64732.790000,0.476500,0.369560,2026-08-07,348.000000,3.257643,0.403770,64741.740000,64724.910000
29768825,2026-08-07T19:05,64740.130000,0.466700,-0.234562,2026-08-07,327.000000,3.288116,0.772991,64754.560000,64732.790000
29768826,2026-08-07T19:06,64754.010000,0.584100,0.559329,2026-08-07,386.000000,4.108382,0.682359,64771.130000,64740.130000
29768827,2026-08-07T19:07,64747.510000,0.433100,0.382544,2026-08-07,289.000000,0.792840,0.553590,64754.060000,64747.510000
29768828,2026-08-07T19:08,64756.540000,0.449100,-0.247900,2026-08-07,302.000000,1.328390,0.388237,64759.430000,64747.510000
29768829,2026-08-07T19:09,64806.460000,0.583800,-0.217575,2026-08-07,480.000000,7.034083,0.788857,64809.690000,64756.540000
29768830,2026-08-07T19:10,64807.430000,0.503100,0.578021,2026-08-07,420.000000,6.534039,0.733585,64826.950000,64800.410000
29768831,2026-08-07T19:11,64792.830000,0.315800,0.474900,2026-08-07,397.000000,5.239889,0.261836,64807.420000,64783.320000
29768832,2026-08-07T19:12,64801.990000,-0.311800,-0.552960,2026-08-07,345.000000,2.760159,0.587217,64810.540000,64792.830000
29768833,2026-08-07T19:13,64772.630000,-0.394700,0.193433,2026-08-07,362.000000,5.890905,0.132315,64806.070000,64771.700000
29768834,2026-08-07T19:14,64790.760000,0.046400,-0.560142,2026-08-07,289.000000,3.318215,0.597985,64790.760000,64772.630000
29768835,2026-08-07T19:15,64808.850000,0.366500,-0.025149,2026-08-07,411.000000,8.917856,0.781621,64816.820000,64790.750000
29768836,2026-08-07T19:16,64842.930000,-0.277600,0.563426,2026-08-07,435.000000,13.509385,0.306375,64850.960000,64807.850000
29768837,2026-08-07T19:17,64819.710000,-0.187000,-0.380006,2026-08-07,433.000000,10.569534,0.276893,64847.160000,64811.340000
29768838,2026-08-07T19:18,64836.070000,0.272700,-0.460133,2026-08-07,350.000000,6.639687,0.571505,64846.470000,64819.700000
29768839,2026-08-07T19:19,64844.850000,0.163400,0.152448,2026-08-07,464.000000,13.312674,0.677996,64848.680000,64818.900000
29768840,2026-08-07T19:20,64872.010000,-0.829200,0.356857,2026-08-07,396.000000,5.348713,0.765793,64879.510000,64844.850000
29768841,2026-08-07T19:21,64870.430000,-0.484200,0.472716,2026-08-07,542.000000,7.119962,0.398938,64879.020000,64868.730000
29768842,2026-08-07T19:22,64892.260000,0.281700,-0.250238,2026-08-07,623.000000,11.246260,0.666434,64893.560000,64865.020000
29768843,2026-08-07T19:23,64911.740000,0.392200,0.416567,2026-08-07,492.000000,25.058492,0.861239,64913.980000,64881.260000
29768844,2026-08-07T19:24,64894.510000,-0.344600,0.722477,2026-08-07,807.000000,16.831971,0.164163,64911.740000,64892.120000
29768845,2026-08-07T19:25,64892.010000,0.345400,-0.671675,2026-08-07,226.000000,2.537190,0.312189,64894.520000,64886.090000
29768846,2026-08-07T19:26,64902.980000,0.691400,-0.375622,2026-08-07,419.000000,5.934264,0.691824,64902.980000,64890.840000
29768847,2026-08-07T19:27,64906.350000,0.516500,0.383648,2026-08-07,502.000000,5.207150,0.438148,64924.530000,64902.970000
29768848,2026-08-07T19:28,64905.880000,0.701900,-0.106742,2026-08-07,1091.000000,21.815546,0.367628,64959.990000,64893.500000
29768849,2026-08-07T19:29,64904.510000,0.323500,-0.269158,2026-08-07,828.000000,9.286525,0.317294,64912.340000,64892.490000
29768850,2026-08-07T19:30,64894.520000,-0.651100,-0.366018,2026-08-07,1273.000000,11.608690,0.080150,64913.830000,64892.120000
29768851,2026-08-07T19:31,64908.440000,0.070200,-0.839676,2026-08-07,378.000000,3.758804,0.466652,64912.490000,64894.520000
29768852,2026-08-07T19:32,64931.510000,0.391600,-0.066739,2026-08-07,592.000000,11.883524,0.546571,64942.800000,64899.360000
29768853,2026-08-07T19:33,64926.240000,0.440400,0.093126,2026-08-07,243.000000,2.590260,0.428213,64939.150000,64926.230000
29768854,2026-08-07T19:34,64958.180000,0.250500,-0.392186,2026-08-07,754.000000,16.849340,0.404840,64958.290000,64913.840000
29768855,2026-08-07T19:35,64958.440000,0.137800,-0.176768,2026-08-07,801.000000,22.931155,0.281049,64963.990000,64931.940000
29768856,2026-08-07T19:36,64974.760000,0.562200,-0.426115,2026-08-07,776.000000,22.576279,0.326881,64993.460000,64951.910000
29768857,2026-08-07T19:37,64942.010000,-0.342300,-0.360321,2026-08-07,1133.000000,50.672152,0.059210,64986.230000,64930.010000
29768858,2026-08-07T19:38,64929.730000,-0.418300,-0.882027,2026-08-07,1065.000000,15.396209,0.200362,64935.610000,64922.860000
29768859,2026-08-07T19:39,64948.990000,0.010600,-0.589480,2026-08-07,541.000000,11.670392,0.392223,64949.000000,64903.310000
29768860,2026-08-07T19:40,64970.430000,0.235300,-0.175937,2026-08-07,452.000000,11.147876,0.498246,64975.380000,64948.990000
29768861,2026-08-07T19:41,64953.320000,0.495100,-0.000403,2026-08-07,877.000000,16.629452,0.091996,64975.590000,64950.040000
29768862,2026-08-07T19:42,64964.130000,0.599800,-0.819591,2026-08-07,759.000000,20.750157,0.116727,64964.140000,64940.010000
29768863,2026-08-07T19:43,64941.630000,0.175700,-0.764652,2026-08-07,494.000000,16.688905,0.089991,64964.140000,64939.020000
29768864,2026-08-07T19:44,64930.310000,0.091800,-0.818403,2026-08-07,560.000000,7.997063,0.388490,64950.000000,64924.700000
29768865,2026-08-07T19:45,64954.900000,0.325100,-0.222051,2026-08-07,592.000000,9.050210,0.417615,64960.390000,64922.330000
29768866,2026-08-07T19:46,64945.040000,0.040000,-0.164375,2026-08-07,575.000000,10.380617,0.288833,64967.740000,64938.640000
29768867,2026-08-07T19:47,64958.870000,0.465100,-0.409898,2026-08-07,570.000000,10.264715,0.638686,64964.930000,64930.500000
29768868,2026-08-07T19:48,64928.330000,0.272000,0.271087,2026-08-07,490.000000,5.462059,0.314462,64958.870000,64928.330000
29768869,2026-08-07T19:49,64919.910000,0.503800,-0.368035,2026-08-07,493.000000,8.241589,0.255807,64931.730000,64913.460000
29768870,2026-08-07T19:50,64948.930000,-0.359300,-0.273642,2026-08-07,858.000000,19.180835,0.742699,64954.910000,64915.010000
29768871,2026-08-07T19:51,64924.460000,0.255500,0.516397,2026-08-07,479.000000,7.811722,0.190045,64955.440000,64919.330000
29768872,2026-08-07T19:52,64898.570000,0.447800,-0.570220,2026-08-07,509.000000,6.128770,0.397135,64924.460000,64892.710000
29768873,2026-08-07T19:53,64911.710000,0.078700,-0.076360,2026-08-07,637.000000,10.111808,0.629722,64932.180000,64898.190000
29768874,2026-08-07T19:54,64910.620000,0.064400,0.176705,2026-08-07,456.000000,6.839298,0.364768,64921.960000,64901.000000
29768875,2026-08-07T19:55,64909.860000,0.685800,-0.246191,2026-08-07,600.000000,8.048972,0.518082,64914.120000,64902.990000
29768876,2026-08-07T19:56,64924.600000,0.428200,0.061078,2026-08-07,612.000000,15.807852,0.625812,64952.600000,64909.040000
29768877,2026-08-07T19:57,64928.440000,0.533900,0.254246,2026-08-07,608.000000,16.226918,0.479780,64932.050000,64919.080000
29768878,2026-08-07T19:58,64936.010000,0.642600,-0.009500,2026-08-07,1148.000000,22.472227,0.678416,64954.000000,64924.700000
29768879,2026-08-07T19:59,64914.790000,0.004700,0.324135,2026-08-07,2147.000000,31.774112,0.474074,64946.900000,64912.490000
29768880,2026-08-07T20:00,64913.850000,0.751800,0.122902,2026-08-07,797.000000,20.145956,0.750389,64932.730000,64912.500000
29768881,2026-08-07T20:01,64960.900000,-0.415500,0.248918,2026-08-07,595.000000,25.885817,0.797591,65001.500000,64913.840000
29768882,2026-08-07T20:02,64923.320000,0.524200,0.617530,2026-08-07,447.000000,12.711680,0.317107,64958.030000,64912.510000
29768883,2026-08-07T20:03,64939.180000,0.018900,-0.364940,2026-08-07,429.000000,8.351987,0.371747,64944.300000,64925.270000
29768884,2026-08-07T20:04,64933.490000,0.689800,-0.256141,2026-08-07,379.000000,5.750783,0.350534,64939.180000,64928.290000
29768885,2026-08-07T20:05,64928.120000,0.407500,-0.303647,2026-08-07,427.000000,5.288428,0.402674,64933.490000,64903.110000
29768886,2026-08-07T20:06,64935.380000,0.253700,-0.155757,2026-08-07,323.000000,4.128430,0.177018,64939.180000,64928.120000
29768887,2026-08-07T20:07,64935.180000,0.239200,-0.756801,2026-08-07,310.000000,3.418228,0.292374,64939.160000,64930.210000
29768888,2026-08-07T20:08,64953.400000,0.590300,-0.415123,2026-08-07,325.000000,3.733273,0.621307,64954.510000,64935.180000
29768889,2026-08-07T20:09,64953.670000,0.025000,0.242856,2026-08-07,316.000000,2.481252,0.431246,64964.520000,64948.240000
29768890,2026-08-07T20:10,64942.810000,0.467900,-0.218157,2026-08-07,333.000000,2.596672,0.686516,64953.660000,64941.500000
29768891,2026-08-07T20:11,64955.350000,-0.031500,0.521644,2026-08-07,198.000000,1.444829,0.887931,64955.350000,64945.950000
29768892,2026-08-07T20:12,64945.960000,0.047200,0.776185,2026-08-07,228.000000,0.775861,0.593607,64955.350000,64945.960000
29768893,2026-08-07T20:13,64945.600000,-0.069900,0.187574,2026-08-07,236.000000,1.563116,0.708626,64949.980000,64943.160000
29768894,2026-08-07T20:14,64949.990000,0.362900,0.417925,2026-08-07,378.000000,5.624348,0.791415,64954.680000,64939.510000
29768895,2026-08-07T20:15,64936.320000,0.757300,0.582515,2026-08-07,259.000000,1.248563,0.212171,64949.990000,64936.310000
29768896,2026-08-07T20:16,64936.320000,0.778700,-0.573635,2026-08-07,298.000000,0.956356,0.980559,64936.320000,64936.310000
29768897,2026-08-07T20:17,64930.570000,0.174500,0.962519,2026-08-07,360.000000,32.548942,0.081864,64936.320000,64923.000000
29768898,2026-08-07T20:18,64936.010000,0.440200,-0.836272,2026-08-07,248.000000,1.018912,0.979294,64936.020000,64930.570000
29768899,2026-08-07T20:19,64936.010000,0.280300,0.958649,2026-08-07,301.000000,3.605532,0.991886,64936.020000,64936.010000
29768900,2026-08-07T20:20,64935.570000,-0.216300,0.983764,2026-08-07,386.000000,4.321174,0.647765,64946.430000,64935.560000
29768901,2026-08-07T20:21,64912.460000,0.201200,0.295531,2026-08-07,418.000000,4.936257,0.586354,64935.570000,64910.220000
29768902,2026-08-07T20:22,64920.210000,0.018100,0.321841,2026-08-07,350.000000,5.978581,0.759104,64931.940000,64912.460000
29768903,2026-08-07T20:23,64935.560000,0.529000,0.411682,2026-08-07,263.000000,3.523927,0.920370,64935.560000,64920.200000
29768904,2026-08-07T20:24,64953.120000,0.091700,0.840636,2026-08-07,263.000000,2.878850,0.649326,64953.130000,64934.250000
29768905,2026-08-07T20:25,64964.510000,0.317900,0.298653,2026-08-07,231.000000,2.342473,0.983906,64964.520000,64953.110000
29768906,2026-08-07T20:26,64964.510000,0.547700,0.967812,2026-08-07,76.000000,1.324172,0.933386,64964.520000,64964.510000
29768907,2026-08-07T20:27,64954.010000,-0.233500,0.866771,2026-08-07,520.000000,5.025353,0.734108,64964.520000,64953.660000
29768908,2026-08-07T20:28,64946.430000,0.095300,0.236731,2026-08-07,252.000000,2.916540,0.496132,64954.020000,64946.420000
29768909,2026-08-07T20:29,64938.080000,-0.123200,0.465474,2026-08-07,281.000000,2.078915,0.586706,64946.430000,64938.080000
29768910,2026-08-07T20:30,64929.930000,-0.165800,0.226344,2026-08-07,290.000000,3.458905,0.896405,64938.100000,64928.320000
29768911,2026-08-07T20:31,64921.080000,-0.245700,0.785888,2026-08-07,259.000000,1.140739,0.360811,64929.940000,64921.080000
29768912,2026-08-07T20:32,64922.190000,-0.464600,-0.278787,2026-08-07,258.000000,3.181658,0.972825,64922.200000,64921.080000
29768913,2026-08-07T20:33,64906.600000,-0.194000,0.945649,2026-08-07,292.000000,1.856622,0.117933,64922.200000,64906.600000
29768914,2026-08-07T20:34,64906.600000,-0.238300,-0.714465,2026-08-07,251.000000,1.803743,0.712863,64913.290000,64906.600000
29768915,2026-08-07T20:35,64910.820000,-0.395000,0.425543,2026-08-07,249.000000,1.377145,0.945217,64912.290000,64906.600000
29768916,2026-08-07T20:36,64924.690000,0.100200,0.886055,2026-08-07,233.000000,3.851016,0.989427,64924.700000,64910.810000
29768917,2026-08-07T20:37,64917.460000,0.060100,0.978854,2026-08-07,191.000000,2.863921,0.757043,64924.710000,64917.460000
29768918,2026-08-07T20:38,64924.170000,-0.072000,0.513951,2026-08-07,166.000000,0.284764,0.487462,64924.170000,64917.460000
29768919,2026-08-07T20:39,64924.710000,0.074700,-0.018672,2026-08-07,163.000000,1.369096,0.932514,64924.710000,64924.160000
29768920,2026-08-07T20:40,64920.130000,-0.120300,0.864876,2026-08-07,221.000000,1.444483,0.052205,64924.710000,64917.490000
29768921,2026-08-07T20:41,64920.440000,-0.420600,-0.895591,2026-08-07,265.000000,0.926504,0.729403,64920.450000,64920.130000
29768922,2026-08-07T20:42,64920.130000,-0.552800,0.459658,2026-08-07,224.000000,0.520936,0.467035,64920.450000,64920.130000
29768923,2026-08-07T20:43,64920.440000,0.175200,-0.068927,2026-08-07,258.000000,2.558702,0.945787,64920.450000,64920.130000
29768924,2026-08-07T20:44,64920.440000,0.178400,0.891327,2026-08-07,183.000000,1.190638,0.928173,64920.450000,64920.440000
29768925,2026-08-07T20:45,64917.460000,-0.046300,0.856840,2026-08-07,235.000000,1.149842,0.543490,64920.450000,64916.540000
29768926,2026-08-07T20:46,64928.320000,0.092500,0.087676,2026-08-07,199.000000,1.872276,0.892211,64928.320000,64917.450000
29768927,2026-08-07T20:47,64931.190000,-0.006700,0.784321,2026-08-07,187.000000,1.204659,0.374278,64931.940000,64928.310000
29768928,2026-08-07T20:48,64928.320000,0.095600,0.274958,2026-08-07,280.000000,2.548161,0.434809,64935.560000,64928.320000
29768929,2026-08-07T20:49,64939.180000,-0.005700,-0.720836,2026-08-07,218.000000,2.708752,0.909753,64939.180000,64928.320000
29768930,2026-08-07T20:50,64931.930000,0.025300,0.819486,2026-08-07,224.000000,2.246140,0.146452,64939.170000,64920.000000
29768931,2026-08-07T20:51,64931.930000,0.174400,-0.707097,2026-08-07,187.000000,0.285552,0.032086,64931.940000,64931.930000
29768932,2026-08-07T20:52,64939.180000,0.459500,-0.935827,2026-08-07,207.000000,1.823084,0.669461,64939.180000,64931.930000
29768933,2026-08-07T20:53,64939.180000,0.239300,0.338923,2026-08-07,197.000000,1.181753,0.865769,64939.180000,64939.170000
29768934,2026-08-07T20:54,64934.850000,0.349300,0.731538,2026-08-07,234.000000,2.602110,0.607489,64939.180000,64934.150000
29768935,2026-08-07T20:55,64931.930000,-0.301800,0.215073,2026-08-07,770.000000,6.175002,0.054999,64934.850000,64931.930000
29768936,2026-08-07T20:56,64938.680000,0.501400,-0.890112,2026-08-07,193.000000,2.767303,0.833209,64938.680000,64930.640000
29768937,2026-08-07T20:57,64932.690000,0.138800,0.623423,2026-08-07,219.000000,1.286792,0.028201,64939.180000,64932.690000
29768938,2026-08-07T20:58,64934.570000,0.246400,-0.710424,2026-08-07,203.000000,1.905756,0.498401,64935.210000,64932.690000
29768939,2026-08-07T20:59,64935.730000,0.352100,-0.096974,2026-08-07,181.000000,4.558859,0.783438,64936.080000,64933.010000
29768940,2026-08-07T21:00,64935.730000,0.006700,0.566877,2026-08-07,116.000000,0.213167,0.735320,64935.730000,64935.720000
29768941,2026-08-07T21:01,64939.170000,-0.274800,0.470640,2026-08-07,148.000000,1.830934,0.875958,64940.030000,64935.720000
29768942,2026-08-07T21:02,64931.350000,0.145300,0.242799,2026-08-07,328.000000,4.983873,0.197903,64939.160000,64930.320000
29768943,2026-08-07T21:03,64935.930000,-0.112500,-0.336105,2026-08-07,178.000000,1.856745,0.968799,64935.930000,64931.340000
29768944,2026-08-07T21:04,64937.620000,0.116300,0.906101,2026-08-07,202.000000,2.733222,0.971860,64937.620000,64935.920000
29768945,2026-08-07T21:05,64937.150000,0.168400,0.943720,2026-08-07,194.000000,1.488774,0.309315,64937.630000,64937.150000
29768946,2026-08-07T21:06,64938.580000,-0.717000,-0.381370,2026-08-07,199.000000,1.990505,0.910131,64938.590000,64937.150000
29768947,2026-08-07T21:07,64938.580000,-0.489200,0.818989,2026-08-07,171.000000,4.469650,0.985463,64938.590000,64938.580000
29768948,2026-08-07T21:08,64938.520000,-0.431600,0.971541,2026-08-07,204.000000,0.355859,0.318049,64938.580000,64938.520000
29768949,2026-08-07T21:09,64938.520000,-0.469400,-0.517671,2026-08-07,158.000000,0.307557,0.311309,64938.530000,64938.520000
29768950,2026-08-07T21:10,64938.580000,-0.366300,-0.013477,2026-08-07,177.000000,0.563893,0.755868,64938.590000,64938.520000
29768951,2026-08-07T21:11,64954.740000,0.310300,0.511736,2026-08-07,295.000000,7.710963,0.802944,64955.160000,64938.580000
29768952,2026-08-07T21:12,64983.760000,0.160300,0.606044,2026-08-07,252.000000,0.490213,0.744193,64983.920000,64954.740000
29768953,2026-08-07T21:13,64957.290000,0.196100,0.717386,2026-08-07,444.000000,8.183409,0.703586,64986.140000,64957.280000
29768954,2026-08-07T21:14,64964.520000,-0.576100,0.376935,2026-08-07,323.000000,9.510156,0.154685,64964.530000,64940.010000
29768955,2026-08-07T21:15,64944.010000,-0.080600,-0.691186,2026-08-07,364.000000,10.944617,0.861909,64972.130000,64944.010000
29768956,2026-08-07T21:16,64944.010000,0.525200,0.723822,2026-08-07,242.000000,0.792154,0.463083,64944.020000,64944.010000
29768957,2026-08-07T21:17,64921.080000,0.045200,-0.073762,2026-08-07,314.000000,5.309770,0.211498,64944.020000,64921.080000
29768958,2026-08-07T21:18,64921.100000,0.121600,-0.577058,2026-08-07,278.000000,5.098652,0.320917,64924.700000,64921.080000
29768959,2026-08-07T21:19,64926.330000,0.158100,-0.356544,2026-08-07,267.000000,1.661383,0.640174,64927.330000,64921.090000
29768960,2026-08-07T21:20,64927.680000,-0.643600,0.277696,2026-08-07,303.000000,8.289221,0.792753,64952.160000,64924.700000
29768961,2026-08-07T21:21,64923.830000,0.028900,0.584639,2026-08-07,257.000000,1.571271,0.651014,64925.480000,64921.100000
29768962,2026-08-07T21:22,64917.460000,-0.008600,0.306460,2026-08-07,286.000000,2.531452,0.489126,64923.840000,64917.460000
29768963,2026-08-07T21:23,64912.900000,-0.047700,-0.021081,2026-08-07,260.000000,2.024701,0.511813,64917.470000,64910.220000
29768964,2026-08-07T21:24,64950.230000,0.452200,0.022104,2026-08-07,311.000000,1.761790,0.820136,64950.230000,64912.890000
29768965,2026-08-07T21:25,64949.650000,0.300700,0.370116,2026-08-07,284.000000,2.238243,0.478366,64950.220000,64948.100000
29768966,2026-08-07T21:26,64949.670000,0.471500,0.132501,2026-08-07,185.000000,1.138731,0.912898,64949.670000,64949.650000
29768967,2026-08-07T21:27,64949.670000,0.202900,0.825795,2026-08-07,48.000000,0.342342,0.763911,64949.670000,64949.660000
29768968,2026-08-07T21:28,64963.150000,0.171400,0.527823,2026-08-07,417.000000,2.524492,0.713242,64963.150000,64949.660000
29768969,2026-08-07T21:29,64960.620000,0.056200,0.141245,2026-08-07,234.000000,2.720344,0.478681,64963.520000,64960.610000
29768970,2026-08-07T21:30,64962.170000,0.210000,0.246472,2026-08-07,178.000000,0.493522,0.728192,64962.170000,64960.610000
29768971,2026-08-07T21:31,64978.270000,-0.056300,0.456385,2026-08-07,310.000000,5.910854,0.976491,64994.220000,64962.160000
29768972,2026-08-07T21:32,64962.170000,0.485400,0.951614,2026-08-07,285.000000,2.022949,0.539603,64978.280000,64962.160000
29768973,2026-08-07T21:33,64963.510000,-0.094800,0.081541,2026-08-07,236.000000,1.186170,0.943229,64964.520000,64962.160000
29768974,2026-08-07T21:34,64975.380000,0.141000,0.887100,2026-08-07,221.000000,1.089429,0.929557,64975.380000,64963.500000
29768975,2026-08-07T21:35,64984.490000,0.037100,0.866031,2026-08-07,233.000000,1.263144,0.880037,64984.480000,64975.370000
29768976,2026-08-07T21:36,64968.270000,-0.120700,0.743067,2026-08-07,221.000000,2.911287,0.629949,64985.730000,64968.270000
29768977,2026-08-07T21:37,64972.330000,-0.223900,0.259594,2026-08-07,278.000000,1.412073,0.987633,64973.840000,64968.270000
29768978,2026-08-07T21:38,64978.990000,0.166100,0.982261,2026-08-07,293.000000,2.687616,0.690394,64979.000000,64968.140000
29768979,2026-08-07T21:39,64982.600000,-0.120700,0.246612,2026-08-07,193.000000,1.168243,0.884828,64982.610000,64978.990000
29768980,2026-08-07T21:40,64999.990000,0.477300,0.520895,2026-08-07,266.000000,3.261620,0.859479,65004.330000,64982.600000
29768981,2026-08-07T21:41,65022.440000,-0.217000,0.826090,2026-08-07,616.000000,9.348389,0.548864,65076.060000,65000.720000
29768982,2026-08-07T21:42,65032.440000,0.338000,0.081546,2026-08-07,313.000000,2.623033,0.527842,65036.910000,65018.820000
29768983,2026-08-07T21:43,64982.620000,0.102600,0.113541,2026-08-07,388.000000,6.425276,0.097467,65032.450000,64982.620000
29768984,2026-08-07T21:44,64994.510000,0.053800,-0.806202,2026-08-07,731.000000,8.146927,0.456405,65011.580000,64981.410000
29768985,2026-08-07T21:45,64994.880000,0.442700,-0.082819,2026-08-07,637.000000,5.683742,0.322794,65004.330000,64981.410000
29768986,2026-08-07T21:46,64989.230000,-0.193600,-0.354413,2026-08-07,289.000000,1.734827,0.195941,64998.610000,64984.010000
29768987,2026-08-07T21:47,64960.930000,-0.147500,-0.608084,2026-08-07,350.000000,2.446898,0.221046,64989.230000,64960.900000
29768988,2026-08-07T21:48,64948.100000,0.032200,-0.557932,2026-08-07,975.000000,8.135573,0.144866,64963.880000,64948.100000
29768989,2026-08-07T21:49,64938.510000,0.097900,-0.710269,2026-08-07,289.000000,1.959386,0.626215,64953.670000,64937.160000
29768990,2026-08-07T21:50,64938.850000,-0.210100,0.254404,2026-08-07,283.000000,1.138542,0.967417,64938.860000,64938.500000
29768991,2026-08-07T21:51,64931.940000,0.102000,0.934561,2026-08-07,603.000000,6.099889,0.277911,64938.860000,64931.940000
29768992,2026-08-07T21:52,64921.120000,0.123900,-0.444179,2026-08-07,328.000000,1.952587,0.338976,64931.950000,64921.080000
29768993,2026-08-07T21:53,64917.190000,-0.117300,-0.322482,2026-08-07,346.000000,3.280538,0.594467,64921.130000,64915.220000
29768994,2026-08-07T21:54,64913.850000,-0.180900,0.189707,2026-08-07,418.000000,3.780227,0.202651,64917.200000,64913.840000
29768995,2026-08-07T21:55,64909.240000,-0.207100,-0.594572,2026-08-07,270.000000,2.393365,0.373788,64913.860000,64909.220000
29768996,2026-08-07T21:56,64906.600000,-0.086700,-0.421276,2026-08-07,1186.000000,10.123301,0.124668,64909.240000,64899.230000
29768997,2026-08-07T21:57,64906.600000,0.030100,-0.732368,2026-08-07,384.000000,3.137828,0.359477,64906.600000,64906.590000
29768998,2026-08-07T21:58,64906.600000,-0.149200,-0.280512,2026-08-07,399.000000,2.094616,0.128001,64906.600000,64906.590000
29768999,2026-08-07T21:59,64895.740000,0.125100,-0.793100,2026-08-07,582.000000,3.157078,0.221462,64906.600000,64892.850000
29769000,2026-08-07T22:00,64870.400000,0.121500,-0.433404,2026-08-07,368.000000,3.503745,0.393095,64895.740000,64863.160000
29769001,2026-08-07T22:01,64890.820000,-0.044100,-0.175125,2026-08-07,240.000000,1.243426,0.617396,64892.120000,64870.400000
29769002,2026-08-07T22:02,64883.400000,0.173300,0.095715,2026-08-07,305.000000,3.024876,0.539873,64890.820000,64869.110000
29769003,2026-08-07T22:03,64889.920000,0.147000,-0.207457,2026-08-07,265.000000,3.108306,0.400874,64891.000000,64876.800000
29769004,2026-08-07T22:04,64872.010000,0.040200,0.300889,2026-08-07,517.000000,4.688735,0.457129,64899.360000,64872.010000
29769005,2026-08-07T22:05,64883.730000,-0.083800,-0.085828,2026-08-07,1242.000000,8.071613,0.436954,64886.220000,64866.920000
29769006,2026-08-07T22:06,64883.430000,0.200200,-0.137687,2026-08-07,199.000000,0.197773,0.053054,64883.720000,64883.430000
29769007,2026-08-07T22:07,64894.020000,0.053800,-0.764483,2026-08-07,223.000000,0.830343,0.506175,64894.030000,64883.430000
29769008,2026-08-07T22:08,64893.670000,0.404200,0.012710,2026-08-07,190.000000,0.216425,0.206013,64894.030000,64893.660000
29769009,2026-08-07T22:09,64894.710000,0.011400,-0.587974,2026-08-07,266.000000,4.293555,0.237531,64895.740000,64887.160000
29769010,2026-08-07T22:10,64895.710000,0.089300,-0.525072,2026-08-07,196.000000,0.376816,0.778535,64895.710000,64894.700000
29769011,2026-08-07T22:11,64895.710000,-0.582100,0.562049,2026-08-07,161.000000,0.042306,0.135770,64895.710000,64895.700000
29769012,2026-08-07T22:12,64891.900000,-0.542100,-0.728952,2026-08-07,181.000000,0.789296,0.047399,64895.710000,64891.900000
29769013,2026-08-07T22:13,64891.940000,-0.663000,-0.905192,2026-08-07,197.000000,0.904680,0.830564,64891.960000,64891.900000
29769014,2026-08-07T22:14,64895.740000,0.191500,0.658681,2026-08-07,338.000000,8.185055,0.369613,64895.740000,64880.000000
29769015,2026-08-07T22:15,64898.710000,0.115200,-0.260654,2026-08-07,244.000000,1.067224,0.933726,64898.720000,64895.730000
29769016,2026-08-07T22:16,64903.260000,0.225000,0.867452,2026-08-07,200.000000,0.633130,0.814881,64903.260000,64898.710000
29769017,2026-08-07T22:17,64916.540000,0.176300,0.629761,2026-08-07,219.000000,1.113811,0.904689,64916.550000,64903.250000
29769018,2026-08-07T22:18,64901.900000,0.126300,0.811978,2026-08-07,266.000000,2.980245,0.247727,64916.550000,64895.870000
29769019,2026-08-07T22:19,64875.020000,0.615700,-0.512362,2026-08-07,564.000000,14.686627,0.406982,64906.600000,64874.020000
29769020,2026-08-07T22:20,64878.290000,0.710000,-0.186036,2026-08-07,471.000000,2.063884,0.254524,64878.300000,64875.020000
29769021,2026-08-07T22:21,64878.290000,0.594400,-0.491666,2026-08-07,192.000000,0.725069,0.970902,64878.300000,64878.290000
29769022,2026-08-07T22:22,64878.290000,0.596500,0.949586,2026-08-07,354.000000,1.854537,0.241128,64878.300000,64875.020000
29769023,2026-08-07T22:23,64878.930000,0.602900,-0.517744,2026-08-07,206.000000,0.729754,0.916275,64878.940000,64878.290000
29769024,2026-08-07T22:24,64892.120000,0.236600,0.832550,2026-08-07,226.000000,4.063976,0.895962,64892.110000,64878.310000
29769025,2026-08-07T22:25,64892.120000,0.291600,0.788612,2026-08-07,175.000000,0.134016,0.047410,64892.120000,64892.110000
29769026,2026-08-07T22:26,64891.180000,-0.037000,-0.899537,2026-08-07,208.000000,0.525081,0.033303,64892.120000,64891.170000
29769027,2026-08-07T22:27,64891.180000,0.068000,-0.933395,2026-08-07,157.000000,0.043609,0.272111,64891.180000,64891.170000
29769028,2026-08-07T22:28,64891.180000,-0.003900,-0.455780,2026-08-07,25.000000,0.020736,0.000000,64891.170000,64891.170000
29769029,2026-08-07T22:29,64892.440000,0.116000,-1.000000,2026-08-07,648.000000,1.679532,0.875421,64892.450000,64891.170000
29769030,2026-08-07T22:30,64893.600000,0.099500,0.750842,2026-08-07,199.000000,1.514469,0.796465,64895.100000,64892.440000
29769031,2026-08-07T22:31,64893.600000,0.287800,0.471913,2026-08-07,188.000000,0.432096,0.578706,64893.610000,64893.600000
29769032,2026-08-07T22:32,64859.540000,0.295600,0.722597,2026-08-07,677.000000,17.001941,0.531765,64893.610000,64851.010000
29769033,2026-08-07T22:33,64859.040000,0.141200,0.079262,2026-08-07,364.000000,2.126908,0.429985,64863.160000,64859.040000
29769034,2026-08-07T22:34,64848.680000,-0.019000,-0.402199,2026-08-07,348.000000,3.711356,0.315636,64859.040000,64837.810000
29769035,2026-08-07T22:35,64835.320000,-0.287100,-0.368731,2026-08-07,204.000000,1.026334,0.396827,64848.680000,64834.200000
29769036,2026-08-07T22:36,64835.320000,-0.357500,-0.206331,2026-08-07,155.000000,0.215176,0.677762,64835.330000,64835.320000
29769037,2026-08-07T22:37,64815.790000,0.676200,0.357797,2026-08-07,252.000000,3.793733,0.365745,64841.000000,64815.790000
29769038,2026-08-07T22:38,64840.150000,0.092100,-0.268889,2026-08-07,286.000000,4.795972,0.791628,64845.210000,64815.790000
29769039,2026-08-07T22:39,64840.150000,0.088900,0.578132,2026-08-07,84.000000,0.308792,0.528030,64840.150000,64840.140000
29769040,2026-08-07T22:40,64840.150000,0.317700,0.112107,2026-08-07,94.000000,0.706517,0.976168,64840.150000,64840.140000
29769041,2026-08-07T22:41,64826.960000,0.115100,0.952337,2026-08-07,154.000000,3.711703,0.221020,64840.150000,64815.790000
29769042,2026-08-07T22:42,64826.960000,0.050400,-0.558020,2026-08-07,49.000000,0.354825,0.234863,64826.960000,64826.950000
29769043,2026-08-07T22:43,64825.690000,0.352100,-0.533159,2026-08-07,91.000000,1.568313,0.007110,64826.960000,64819.130000
29769044,2026-08-07T22:44,64846.100000,-0.631100,-0.985757,2026-08-07,391.000000,11.656224,0.578171,64850.140000,64822.360000
29769045,2026-08-07T22:45,64846.100000,0.196800,0.156343,2026-08-07,137.000000,0.062598,0.499733,64846.100000,64846.090000
29769046,2026-08-07T22:46,64853.600000,0.309900,0.921342,2026-08-07,146.000000,1.622798,0.581948,64863.160000,64846.100000
29769047,2026-08-07T22:47,64865.170000,-0.033700,-0.481924,2026-08-07,191.000000,2.822122,0.665012,64870.400000,64853.600000
29769048,2026-08-07T22:48,64874.650000,0.189700,0.318973,2026-08-07,383.000000,5.467346,0.736343,64874.670000,64865.160000
29769049,2026-08-07T22:49,64867.490000,0.115500,0.314605,2026-08-07,704.000000,15.983917,0.546169,64874.650000,64866.410000
29769050,2026-08-07T22:50,64867.490000,-0.261000,0.139195,2026-08-07,110.000000,0.048004,0.115716,64867.490000,64867.480000
29769051,2026-08-07T22:51,64867.490000,0.172800,-0.791353,2026-08-07,51.000000,0.395408,0.963142,64867.490000,64867.480000
29769052,2026-08-07T22:52,64887.900000,0.162200,0.952166,2026-08-07,165.000000,1.406679,0.965855,64887.900000,64867.480000
29769053,2026-08-07T22:53,64887.880000,-0.045000,0.931710,2026-08-07,149.000000,1.871448,0.500133,64887.900000,64881.250000
29769054,2026-08-07T22:54,64848.680000,0.151800,0.000266,2026-08-07,287.000000,9.916970,0.321977,64887.880000,64843.560000
29769055,2026-08-07T22:55,64848.670000,0.255900,-0.356046,2026-08-07,187.000000,0.937149,0.304070,64851.370000,64847.500000
29769056,2026-08-07T22:56,64848.430000,0.253700,-0.391859,2026-08-07,27.000000,0.088396,0.029840,64848.430000,64848.420000
29769057,2026-08-07T22:57,64850.740000,0.139500,-0.940734,2026-08-07,173.000000,2.340927,0.925947,64851.350000,64848.420000
29769058,2026-08-07T22:58,64843.570000,0.072900,0.852383,2026-08-07,367.000000,3.157926,0.008035,64850.730000,64843.560000
29769059,2026-08-07T22:59,64852.170000,0.263400,-0.983929,2026-08-07,502.000000,3.004327,0.497444,64854.850000,64843.560000
29769060,2026-08-07T23:00,64853.060000,0.100600,-0.004908,2026-08-07,157.000000,1.983580,0.854563,64854.040000,64851.430000
29769061,2026-08-07T23:01,64852.210000,0.048700,0.709037,2026-08-07,113.000000,0.911163,0.557792,64854.760000,64851.770000
29769062,2026-08-07T23:02,64852.210000,-0.028400,0.113699,2026-08-07,62.000000,0.357750,0.056779,64852.220000,64852.210000
29769063,2026-08-07T23:03,64851.760000,0.036500,-0.885951,2026-08-07,82.000000,0.617444,0.013424,64852.210000,64851.620000
29769064,2026-08-07T23:04,64853.770000,-0.222200,-0.973152,2026-08-07,147.000000,0.782035,0.488630,64853.780000,64851.630000
29769065,2026-08-07T23:05,64853.770000,-0.184800,-0.022740,2026-08-07,47.000000,0.105886,0.134171,64853.780000,64853.770000
29769066,2026-08-07T23:06,64853.770000,0.183300,-0.731658,2026-08-07,34.000000,0.084849,0.125997,64853.780000,64853.770000
29769067,2026-08-07T23:07,64853.770000,0.124100,-0.748005,2026-08-07,46.000000,0.044421,0.051516,64853.780000,64853.770000
29769068,2026-08-07T23:08,64853.770000,0.249300,-0.896968,2026-08-07,68.000000,0.345297,0.053762,64853.780000,64853.770000
29769069,2026-08-07T23:09,64853.770000,0.582900,-0.892477,2026-08-07,57.000000,0.256688,0.048800,64853.780000,64853.770000
29769070,2026-08-07T23:10,64852.680000,0.096800,-0.902429,2026-08-07,95.000000,1.187529,0.017836,64853.780000,64848.960000
29769071,2026-08-07T23:11,64858.320000,0.146000,-0.964327,2026-08-07,85.000000,1.093996,0.949494,64858.490000,64852.680000
29769072,2026-08-07T23:12,64857.020000,0.044000,0.902050,2026-08-07,102.000000,0.500788,0.091648,64858.330000,64857.020000
29769073,2026-08-07T23:13,64857.060000,-0.002800,-0.949830,2026-08-07,48.000000,0.390169,0.457749,64858.330000,64857.020000
29769074,2026-08-07T23:14,64852.740000,0.534700,-0.084502,2026-08-07,274.000000,10.412235,0.008689,64857.060000,64845.010000
29769075,2026-08-07T23:15,64851.650000,0.574400,-0.982725,2026-08-07,107.000000,0.504083,0.368569,64852.740000,64851.640000
29769076,2026-08-07T23:16,64851.650000,-0.125400,-0.158921,2026-08-07,92.000000,1.831057,0.932924,64851.650000,64851.640000
29769077,2026-08-07T23:17,64848.430000,0.572200,0.864445,2026-08-07,110.000000,1.057140,0.641222,64851.650000,64848.420000
29769078,2026-08-07T23:18,64843.710000,0.467000,0.282149,2026-08-07,164.000000,1.999631,0.446576,64848.480000,64841.440000
29769079,2026-08-07T23:19,64850.010000,0.149100,-0.025485,2026-08-07,587.000000,11.083492,0.875923,64862.560000,64843.720000
29769080,2026-08-07T23:20,64849.100000,0.179400,0.743199,2026-08-07,91.000000,0.342765,0.799274,64850.000000,64848.680000
29769081,2026-08-07T23:21,64849.100000,0.346800,0.760824,2026-08-07,26.000000,0.054324,0.109846,64849.100000,64849.090000
29769082,2026-08-07T23:22,64849.100000,0.313900,-0.779968,2026-08-07,22.000000,0.033195,0.002970,64849.100000,64849.090000
29769083,2026-08-07T23:23,64850.760000,0.326100,-0.994060,2026-08-07,412.000000,13.623342,0.670949,64854.970000,64845.000000
29769084,2026-08-07T23:24,64851.540000,0.148000,0.340834,2026-08-07,357.000000,8.883923,0.823160,64860.010000,64849.490000
29769085,2026-08-07T23:25,64850.820000,0.259000,0.648324,2026-08-07,62.000000,0.379571,0.001195,64851.550000,64850.820000
29769086,2026-08-07T23:26,64850.820000,0.230500,-0.997610,2026-08-07,42.000000,0.450112,0.312249,64850.830000,64850.740000
29769087,2026-08-07T23:27,64850.820000,0.259700,-0.375502,2026-08-07,40.000000,0.438876,0.530553,64850.830000,64850.810000
29769088,2026-08-07T23:28,64851.710000,0.428800,0.262189,2026-08-07,73.000000,1.019738,0.651672,64851.720000,64850.830000
29769089,2026-08-07T23:29,64851.710000,0.081600,0.210772,2026-08-07,2.000000,0.000079,0.312746,64851.720000,64851.710000
29769090,2026-08-07T23:30,64855.460000,0.260800,-0.374509,2026-08-07,818.000000,9.072549,0.548482,64861.650000,64851.710000
29769091,2026-08-07T23:31,64855.460000,-0.000700,0.096964,2026-08-07,37.000000,0.129294,0.449240,64855.460000,64855.450000
29769092,2026-08-07T23:32,64857.960000,-0.098600,-0.101520,2026-08-07,129.000000,1.414233,0.911622,64860.540000,64855.450000
29769093,2026-08-07T23:33,64861.350000,-0.281900,0.823245,2026-08-07,156.000000,6.084310,0.997513,64860.570000,64857.960000
29769094,2026-08-07T23:34,64854.690000,0.039500,0.974455,2026-08-07,744.000000,26.379353,0.325079,64869.470000,64848.030000
29769095,2026-08-07T23:35,64855.900000,-0.239100,-0.355578,2026-08-07,240.000000,0.631467,0.814992,64856.060000,64854.830000
29769096,2026-08-07T23:36,64856.070000,0.105100,0.631552,2026-08-07,244.000000,0.814579,0.740137,64856.120000,64855.890000
29769097,2026-08-07T23:37,64856.100000,-0.308300,0.494703,2026-08-07,159.000000,0.843406,0.722661,64856.100000,64856.070000
29769098,2026-08-07T23:38,64857.150000,-0.289800,0.428720,2026-08-07,118.000000,0.914046,0.929546,64858.200000,64856.090000
29769099,2026-08-07T23:39,64862.540000,0.075400,0.858860,2026-08-07,252.000000,7.665904,0.405689,64863.160000,64854.830000
29769100,2026-08-07T23:40,64863.130000,-0.056300,-0.188623,2026-08-07,112.000000,0.894103,0.769745,64863.160000,64862.550000
29769101,2026-08-07T23:41,64863.130000,-0.113800,0.595158,2026-08-07,132.000000,0.883968,0.844224,64863.140000,64863.130000
29769102,2026-08-07T23:42,64862.100000,0.177900,0.638292,2026-08-07,148.000000,1.569587,0.286612,64863.160000,64860.380000
29769103,2026-08-07T23:43,64864.010000,0.006000,-0.427108,2026-08-07,156.000000,0.706134,0.728084,64864.840000,64862.090000
29769104,2026-08-07T23:44,64866.490000,0.440800,0.456685,2026-08-07,341.000000,10.999793,0.115888,64866.500000,64855.010000
29769105,2026-08-07T23:45,64866.430000,0.312600,-0.768333,2026-08-07,162.000000,1.157461,0.352642,64866.500000,64857.810000
29769106,2026-08-07T23:46,64881.710000,-0.090300,-0.291259,2026-08-07,170.000000,1.680094,0.981428,64882.890000,64866.440000
29769107,2026-08-07T23:47,64875.400000,0.245700,0.962788,2026-08-07,155.000000,0.894196,0.541738,64881.720000,64870.400000
29769108,2026-08-07T23:48,64877.650000,0.148400,0.086251,2026-08-07,99.000000,0.902137,0.555209,64877.940000,64875.390000
29769109,2026-08-07T23:49,64886.180000,0.207100,0.107732,2026-08-07,144.000000,2.430933,0.888139,64886.940000,64877.640000
29769110,2026-08-07T23:50,64884.680000,0.074600,0.776278,2026-08-07,46.000000,0.288671,0.013130,64886.180000,64884.680000
29769111,2026-08-07T23:51,64878.120000,0.080600,-0.986734,2026-08-07,143.000000,0.969364,0.450819,64884.680000,64875.390000
29769112,2026-08-07T23:52,64882.490000,-0.160700,0.363242,2026-08-07,137.000000,0.642828,0.868522,64882.500000,64878.110000
29769113,2026-08-07T23:53,64883.620000,-0.175600,0.289433,2026-08-07,126.000000,0.559300,0.544205,64883.630000,64882.290000
29769114,2026-08-07T23:54,64886.490000,-0.480100,0.563461,2026-08-07,357.000000,14.055950,0.946644,64888.320000,64883.620000
29769115,2026-08-07T23:55,64886.490000,0.614800,0.893351,2026-08-07,155.000000,0.388999,0.766756,64886.490000,64886.480000
29769116,2026-08-07T23:56,64888.740000,0.547300,0.533567,2026-08-07,131.000000,0.919174,0.479389,64888.740000,64886.480000
29769117,2026-08-07T23:57,64888.040000,0.410800,-0.045933,2026-08-07,81.000000,0.431165,0.087930,64888.740000,64888.040000
29769118,2026-08-07T23:58,64886.790000,0.318400,-0.822304,2026-08-07,105.000000,0.570123,0.137793,64888.050000,64886.000000
29769119,2026-08-07T23:59,64891.600000,0.328600,-0.724398,2026-08-07,230.000000,3.445571,0.869780,64896.490000,64886.790000
29769120,2026-08-08T00:00,64879.960000,-0.030500,0.734635,2026-08-07,259.000000,8.380875,0.566333,64891.610000,64878.110000
29769121,2026-08-08T00:01,64874.850000,0.200200,0.141609,2026-08-07,163.000000,2.006007,0.467085,64879.960000,64873.680000
29769122,2026-08-08T00:02,64877.330000,0.066900,-0.104345,2026-08-07,123.000000,0.849780,0.746490,64877.340000,64874.650000
29769123,2026-08-08T00:03,64877.350000,0.141300,0.490239,2026-08-07,89.000000,1.181243,0.079958,64877.940000,64874.810000
29769124,2026-08-08T00:04,64890.100000,0.465100,-0.840084,2026-08-07,248.000000,2.998418,0.337375,64890.110000,64877.100000
29769125,2026-08-08T00:05,64900.790000,0.617000,-0.037998,2026-08-07,194.000000,1.324955,0.827754,64900.800000,64890.110000
29769126,2026-08-08T00:06,64902.330000,0.121800,0.104798,2026-08-07,176.000000,0.688295,0.595226,64902.340000,64900.790000
29769127,2026-08-08T00:07,64919.210000,0.369300,0.172884,2026-08-07,216.000000,1.498605,0.827600,64920.000000,64902.330000
29769128,2026-08-08T00:08,64925.960000,0.161700,0.655199,2026-08-07,206.000000,1.891526,0.165189,64925.970000,64919.210000
29769129,2026-08-08T00:09,64872.350000,-0.026300,-0.707069,2026-08-07,216.000000,2.923860,0.139365,64919.210000,64870.830000
29769130,2026-08-08T00:10,64872.060000,-0.101000,-0.503836,2026-08-07,78.000000,0.697877,0.531450,64872.360000,64872.050000
29769131,2026-08-08T00:11,64872.060000,-0.157200,-0.842814,2026-08-07,92.000000,0.742549,0.886099,64872.360000,64872.050000
29769132,2026-08-08T00:12,64872.060000,-0.216600,0.772199,2026-08-07,54.000000,0.172309,0.127548,64872.060000,64872.050000
29769133,2026-08-08T00:13,64874.650000,0.119500,-0.744904,2026-08-07,90.000000,1.048506,0.638210,64874.810000,64872.050000
29769134,2026-08-08T00:14,64868.930000,-0.195400,0.276420,2026-08-07,230.000000,3.079138,0.038287,64874.650000,64868.480000
29769135,2026-08-08T00:15,64865.100000,-0.350100,-0.923426,2026-08-07,393.000000,3.418500,0.347447,64869.980000,64865.100000
29769136,2026-08-08T00:16,64865.100000,-0.298200,-0.297682,2026-08-07,46.000000,0.074176,0.461573,64865.110000,64865.100000
29769137,2026-08-08T00:17,64840.010000,-0.401800,-0.462902,2026-08-07,151.000000,1.907141,0.041847,64865.110000,64840.000000
29769138,2026-08-08T00:18,64843.960000,-0.226200,-0.916309,2026-08-07,392.000000,4.436492,0.415753,64845.550000,64839.680000
29769139,2026-08-08T00:19,64803.940000,0.212500,-0.168480,2026-08-07,428.000000,7.913271,0.418791,64843.950000,64789.890000
29769140,2026-08-08T00:20,64802.650000,0.304300,-0.162448,2026-08-07,816.000000,2.924235,0.006523,64803.950000,64802.640000
29769141,2026-08-08T00:21,64811.460000,0.508300,-0.989705,2026-08-07,718.000000,4.752036,0.310986,64811.490000,64802.640000
29769142,2026-08-08T00:22,64830.570000,0.244500,-0.255527,2026-08-07,140.000000,0.685373,0.870716,64830.570000,64811.450000
29769143,2026-08-08T00:23,64830.570000,0.196000,0.741433,2026-08-07,63.000000,0.162879,0.322614,64830.580000,64830.570000
29769144,2026-08-08T00:24,64831.180000,0.268100,-0.277993,2026-08-07,144.000000,0.378600,0.797935,64831.180000,64830.570000
29769145,2026-08-08T00:25,64831.180000,0.266200,0.585150,2026-08-07,100.000000,0.363671,0.874610,64831.180000,64831.170000
29769146,2026-08-08T00:26,64831.180000,0.189900,0.749823,2026-08-07,114.000000,0.608417,0.777471,64831.180000,64831.170000
29769147,2026-08-08T00:27,64837.490000,0.397600,0.554914,2026-08-07,174.000000,0.980778,0.556110,64837.490000,64831.170000
29769148,2026-08-08T00:28,64846.900000,0.267200,0.111458,2026-08-07,153.000000,1.297859,0.952094,64846.900000,64837.480000
29769149,2026-08-08T00:29,64850.290000,0.242200,0.904408,2026-08-07,141.000000,0.522537,0.795702,64850.300000,64846.890000
29769150,2026-08-08T00:30,64850.290000,0.317700,0.589055,2026-08-07,11.000000,0.008278,0.905689,64850.300000,64850.290000
29769151,2026-08-08T00:31,64850.290000,0.387600,0.811323,2026-08-07,254.000000,2.278659,0.760353,64850.300000,64850.290000
29769152,2026-08-08T00:32,64840.180000,-0.008100,0.520860,2026-08-07,131.000000,1.727932,0.260324,64850.300000,64840.180000
29769153,2026-08-08T00:33,64854.880000,0.129200,-0.479979,2026-08-07,214.000000,2.720987,0.994351,64858.290000,64840.180000
29769154,2026-08-08T00:34,64849.880000,0.107300,0.989072,2026-08-07,288.000000,10.701863,0.040600,64854.890000,64842.070000
29769155,2026-08-08T00:35,64843.520000,0.148000,-0.868278,2026-08-07,208.000000,6.844222,0.154882,64849.890000,64832.690000
29769156,2026-08-08T00:36,64843.510000,0.139300,-0.790073,2026-08-07,122.000000,0.135866,0.594635,64843.530000,64843.510000
29769157,2026-08-08T00:37,64843.510000,0.160900,0.195559,2026-08-07,69.000000,0.619665,0.025612,64843.520000,64843.500000
29769158,2026-08-08T00:38,64843.520000,0.218900,-0.952122,2026-08-07,166.000000,0.376529,0.655913,64843.580000,64843.500000
29769159,2026-08-08T00:39,64868.820000,0.059700,0.311843,2026-08-07,653.000000,22.528259,0.550026,64868.830000,64843.520000
29769160,2026-08-08T00:40,64867.690000,-0.020200,0.100052,2026-08-07,212.000000,1.717756,0.000723,64868.820000,64867.520000
29769161,2026-08-08T00:41,64841.650000,-0.104300,-0.998691,2026-08-07,197.000000,2.380631,0.417101,64867.700000,64840.000000
29769162,2026-08-08T00:42,64848.680000,0.031400,-0.097701,2026-08-07,60.000000,0.255548,0.537676,64848.680000,64841.650000
29769163,2026-08-08T00:43,64842.350000,-0.134200,0.075352,2026-08-07,96.000000,1.462975,0.011148,64848.680000,64842.350000
29769164,2026-08-08T00:44,64874.010000,0.441000,-0.977706,2026-08-07,292.000000,4.168206,0.992863,64874.020000,64842.350000
29769165,2026-08-08T00:45,64874.010000,0.449300,0.985763,2026-08-07,48.000000,0.085377,0.680505,64874.020000,64874.010000
29769166,2026-08-08T00:46,64874.010000,0.010600,0.350007,2026-08-07,99.000000,2.041598,0.099136,64877.100000,64874.010000
29769167,2026-08-08T00:47,64874.010000,-0.447700,-0.801732,2026-08-07,44.000000,0.028087,0.401060,64874.020000,64874.010000
29769168,2026-08-08T00:48,64874.010000,-0.097000,-0.201185,2026-08-07,44.000000,0.317048,0.014646,64874.020000,64874.010000
29769169,2026-08-08T00:49,64874.010000,-0.664700,-0.970693,2026-08-07,50.000000,0.567343,0.101006,64874.340000,64874.010000
29769170,2026-08-08T00:50,64874.010000,-0.421800,-0.797989,2026-08-07,40.000000,0.146752,0.657900,64874.020000,64874.010000
29769171,2026-08-08T00:51,64874.010000,-0.099000,0.315800,2026-08-07,39.000000,0.176581,0.421909,64874.020000,64874.010000
29769172,2026-08-08T00:52,64874.010000,-0.161200,-0.156182,2026-08-07,43.000000,0.121401,0.002502,64874.020000,64874.010000
29769173,2026-08-08T00:53,64874.010000,-0.414100,-0.994996,2026-08-07,43.000000,0.039781,0.297935,64874.020000,64874.010000
29769174,2026-08-08T00:54,64878.880000,0.417000,-0.404129,2026-08-07,206.000000,8.056576,0.962870,64879.710000,64874.010000
29769175,2026-08-08T00:55,64878.880000,-0.040700,0.925842,2026-08-07,61.000000,0.119903,0.670381,64878.880000,64878.870000
29769176,2026-08-08T00:56,64880.490000,0.174000,0.273194,2026-08-07,83.000000,0.595876,0.971562,64880.500000,64878.870000
29769177,2026-08-08T00:57,64882.120000,-0.011000,0.943124,2026-08-07,70.000000,0.640270,0.887140,64882.120000,64880.490000
29769178,2026-08-08T00:58,64882.120000,-0.093900,0.774279,2026-08-07,50.000000,0.220295,0.019855,64882.120000,64882.110000
29769179,2026-08-08T00:59,64888.150000,0.000300,-0.960289,2026-08-07,410.000000,22.573288,0.288988,64888.160000,64868.880000
29769180,2026-08-08T01:00,64884.350000,0.192900,-0.422033,2026-08-07,157.000000,2.440230,0.208037,64888.160000,64879.840000
29769181,2026-08-08T01:01,64885.980000,-0.302400,-0.582481,2026-08-07,106.000000,0.490915,0.972723,64885.980000,64884.360000
29769182,2026-08-08T01:02,64886.480000,-0.485200,0.945184,2026-08-07,134.000000,0.230009,0.836853,64886.480000,64885.970000
29769183,2026-08-08T01:03,64886.480000,-0.104200,0.673707,2026-08-07,100.000000,0.269712,0.277582,64886.480000,64886.470000
29769184,2026-08-08T01:04,64884.760000,0.363300,-0.444445,2026-08-07,186.000000,4.267033,0.084023,64888.100000,64874.830000
29769185,2026-08-08T01:05,64884.760000,-0.542300,-0.832105,2026-08-07,606.000000,6.320873,0.038752,64885.060000,64884.750000
29769186,2026-08-08T01:06,64878.960000,-0.322900,-0.922583,2026-08-07,123.000000,3.110893,0.041523,64884.770000,64878.950000
29769187,2026-08-08T01:07,64878.960000,-0.600300,-0.916953,2026-08-07,66.000000,0.936231,0.090376,64878.960000,64878.950000
29769188,2026-08-08T01:08,64880.570000,0.160100,-0.819247,2026-08-07,96.000000,5.614545,0.701023,64886.980000,64878.950000
29769189,2026-08-08T01:09,64885.240000,0.228900,0.402046,2026-08-07,374.000000,15.208718,0.956345,64888.520000,64880.570000
29769190,2026-08-08T01:10,64882.190000,-0.105400,0.912098,2026-08-07,168.000000,2.145519,0.127102,64885.240000,64880.570000
29769191,2026-08-08T01:11,64924.230000,0.431200,-0.745268,2026-08-07,421.000000,17.343769,0.664640,64924.700000,64882.190000
29769192,2026-08-08T01:12,64916.710000,0.241800,0.331079,2026-08-07,205.000000,6.484766,0.176123,64924.230000,64913.470000
29769193,2026-08-08T01:13,64919.040000,0.337600,-0.659568,2026-08-07,102.000000,2.653325,0.908146,64919.040000,64916.710000
29769194,2026-08-08T01:14,64921.260000,0.519300,0.816292,2026-08-07,140.000000,0.389435,0.750073,64921.260000,64919.030000
29769195,2026-08-08T01:15,64905.580000,-0.353300,0.499747,2026-08-07,159.000000,2.655675,0.226243,64921.260000,64905.580000
29769196,2026-08-08T01:16,64888.510000,0.119300,-0.550132,2026-08-07,169.000000,1.067205,0.200624,64905.590000,64888.510000
29769197,2026-08-08T01:17,64904.600000,-0.266200,-0.591710,2026-08-07,207.000000,7.450787,0.675870,64904.600000,64888.510000
29769198,2026-08-08T01:18,64907.830000,0.571800,0.351683,2026-08-07,167.000000,5.063215,0.720333,64913.830000,64904.590000
29769199,2026-08-08T01:19,64901.100000,-0.564900,0.440659,2026-08-07,135.000000,1.838793,0.176273,64907.840000,64899.610000
29769200,2026-08-08T01:20,64897.620000,-0.434200,-0.665073,2026-08-07,177.000000,2.196436,0.452077,64901.100000,64892.130000
29769201,2026-08-08T01:21,64884.880000,-0.139900,-0.168661,2026-08-07,138.000000,1.955782,0.365677,64897.860000,64884.880000
29769202,2026-08-08T01:22,64882.190000,-0.080700,-0.139783,2026-08-07,123.000000,1.393124,0.280718,64884.890000,64880.570000
29769203,2026-08-08T01:23,64884.760000,-0.070000,-0.441590,2026-08-07,97.000000,1.116075,0.777621,64884.760000,64882.190000
29769204,2026-08-08T01:24,64885.980000,-0.083000,0.555242,2026-08-07,122.000000,0.937880,0.311835,64886.490000,64884.760000
29769205,2026-08-08T01:25,64886.290000,-0.102600,-0.376332,2026-08-07,112.000000,0.586720,0.911965,64886.440000,64885.520000
29769206,2026-08-08T01:26,64886.490000,-0.041100,0.823953,2026-08-07,106.000000,0.486854,0.702546,64886.490000,64886.290000
29769207,2026-08-08T01:27,64886.490000,-0.178500,0.405043,2026-08-07,94.000000,0.500720,0.957073,64887.790000,64886.480000
29769208,2026-08-08T01:28,64886.580000,-0.098200,0.914218,2026-08-07,90.000000,0.365117,0.674313,64887.760000,64886.480000
29769209,2026-08-08T01:29,64872.990000,-0.380200,0.347880,2026-08-07,125.000000,3.135324,0.030354,64887.640000,64872.990000
29769210,2026-08-08T01:30,64873.930000,-0.375300,-0.939021,2026-08-07,118.000000,0.543798,0.860110,64873.930000,64872.990000
29769211,2026-08-08T01:31,64873.930000,-0.424500,0.720570,2026-08-07,24.000000,0.201841,0.984651,64873.940000,64873.930000
29769212,2026-08-08T01:32,64874.580000,-0.163000,0.969132,2026-08-07,235.000000,2.137530,0.439147,64874.590000,64869.130000
29769213,2026-08-08T01:33,64871.310000,-0.302200,0.469448,2026-08-07,221.000000,10.594469,0.675242,64885.000000,64871.300000
29769214,2026-08-08T01:34,64877.820000,-0.037200,0.161461,2026-08-07,88.000000,0.360027,0.965224,64877.830000,64871.300000
29769215,2026-08-08T01:35,64884.720000,-0.304200,0.974484,2026-08-07,187.000000,5.711755,0.274607,64885.000000,64877.830000
29769216,2026-08-08T01:36,64886.620000,-0.073800,-0.520045,2026-08-07,94.000000,1.610522,0.999889,64886.620000,64884.770000
29769217,2026-08-08T01:37,64888.240000,-0.181300,0.999779,2026-08-07,85.000000,1.856422,1.000000,64888.240000,64886.620000
29769218,2026-08-08T01:38,64886.620000,-0.465100,1.000000,2026-08-07,115.000000,1.319571,0.310381,64888.510000,64886.630000
29769219,2026-08-08T01:39,64888.510000,-0.115200,-0.379008,2026-08-07,97.000000,0.332055,0.999998,64889.800000,64886.630000
29769220,2026-08-08T01:40,64891.480000,-0.328600,0.999997,2026-08-07,93.000000,1.219189,0.993617,64891.480000,64888.510000
29769221,2026-08-08T01:41,64888.330000,-0.323200,0.986354,2026-08-07,129.000000,1.450558,0.148144,64893.100000,64888.250000
29769222,2026-08-08T01:42,64893.100000,-0.132800,0.158291,2026-08-07,102.000000,3.987707,0.999971,64893.100000,64888.340000
29769223,2026-08-08T01:43,64893.100000,-0.073200,0.999908,2026-08-07,77.000000,0.181061,0.999623,64893.100000,64893.090000
29769224,2026-08-08T01:44,64886.180000,0.375900,0.999237,2026-08-07,278.000000,10.138960,0.009759,64893.100000,64880.120000
29769225,2026-08-08T01:45,64885.540000,-0.483600,-0.980548,2026-08-07,108.000000,0.616261,0.245660,64886.180000,64885.540000
29769226,2026-08-08T01:46,64875.170000,0.025200,-0.508846,2026-08-07,155.000000,2.131363,0.207659,64885.550000,64875.000000
29769227,2026-08-08T01:47,64875.170000,0.038500,-0.584063,2026-08-07,103.000000,0.237019,0.910564,64875.170000,64875.160000
29769228,2026-08-08T01:48,64878.600000,0.160800,0.822458,2026-08-07,251.000000,13.132861,0.849581,64885.200000,64875.160000
29769229,2026-08-08T01:49,64884.460000,-0.346900,0.711546,2026-08-07,297.000000,8.032852,0.980561,64891.350000,64878.610000
29769230,2026-08-08T01:50,64885.740000,-0.348200,0.958173,2026-08-07,100.000000,0.144665,0.788954,64885.740000,64884.460000
29769231,2026-08-08T01:51,64885.740000,-0.023400,0.576316,2026-08-07,100.000000,0.354699,0.843511,64885.740000,64885.730000
29769232,2026-08-08T01:52,64885.740000,-0.496600,0.687721,2026-08-07,86.000000,2.767267,0.997522,64885.740000,64885.730000
29769233,2026-08-08T01:53,64878.000000,-0.123800,0.995051,2026-08-07,143.000000,1.855162,0.529676,64885.740000,64876.110000
29769234,2026-08-08T01:54,64878.880000,-0.144300,0.057258,2026-08-07,82.000000,0.164329,0.864761,64879.340000,64877.900000
29769235,2026-08-08T01:55,64876.180000,0.207400,0.732284,2026-08-07,140.000000,6.078637,0.820814,64878.880000,64875.160000
29769236,2026-08-08T01:56,64876.290000,-0.088100,0.641524,2026-08-07,106.000000,0.360478,0.960883,64877.310000,64876.170000
29769237,2026-08-08T01:57,64877.520000,-0.094200,0.921107,2026-08-07,111.000000,0.533548,0.735013,64878.830000,64876.290000
29769238,2026-08-08T01:58,64884.880000,-0.191400,0.471857,2026-08-07,137.000000,4.968998,0.597758,64884.880000,64877.520000
29769239,2026-08-08T01:59,64868.850000,-0.404600,0.175998,2026-08-07,298.000000,11.790032,0.076346,64884.880000,64867.620000
29769240,2026-08-08T02:00,64864.270000,-0.063300,-0.848631,2026-08-07,149.000000,5.076720,0.092799,64868.860000,64857.290000
29769241,2026-08-08T02:01,64867.210000,-0.573700,-0.808455,2026-08-07,83.000000,1.391283,0.655786,64868.840000,64864.280000
29769242,2026-08-08T02:02,64866.350000,-0.450300,0.301526,2026-08-07,93.000000,0.308552,0.647948,64867.650000,64866.340000
29769243,2026-08-08T02:03,64864.710000,-0.591100,0.305110,2026-08-07,94.000000,0.513855,0.075257,64866.350000,64864.710000
29769244,2026-08-08T02:04,64873.820000,-0.546200,-0.574546,2026-08-07,386.000000,19.163345,0.839597,64874.980000,64864.710000
29769245,2026-08-08T02:05,64870.960000,-0.334800,0.677684,2026-08-07,113.000000,0.985914,0.330692,64873.830000,64869.210000
29769246,2026-08-08T02:06,64872.570000,-0.614500,-0.339494,2026-08-07,87.000000,0.129147,0.421952,64872.570000,64870.960000
29769247,2026-08-08T02:07,64873.820000,-0.412100,-0.153803,2026-08-07,98.000000,0.481148,0.670081,64873.830000,64872.560000
29769248,2026-08-08T02:08,64874.990000,-0.476400,0.339829,2026-08-07,120.000000,2.654176,0.589903,64875.000000,64872.540000
29769249,2026-08-08T02:09,64857.880000,-0.374800,0.180117,2026-08-07,281.000000,14.214366,0.024564,64875.000000,64856.930000
29769250,2026-08-08T02:10,64859.210000,-0.468600,-0.951013,2026-08-07,81.000000,0.439717,0.997722,64859.480000,64857.890000
29769251,2026-08-08T02:11,64857.180000,0.107000,0.995443,2026-08-07,135.000000,2.477583,0.217068,64859.220000,64855.790000
29769252,2026-08-08T02:12,64857.020000,-0.500700,-0.557963,2026-08-07,97.000000,1.056433,0.081001,64857.180000,64857.020000
29769253,2026-08-08T02:13,64857.010000,-0.201800,-0.859274,2026-08-07,134.000000,2.811227,0.977732,64859.220000,64857.010000
29769254,2026-08-08T02:14,64864.320000,-0.071800,0.956132,2026-08-07,490.000000,18.149473,0.839902,64868.040000,64855.190000
29769255,2026-08-08T02:15,64856.760000,-0.421600,0.679029,2026-08-07,94.000000,1.132258,0.085176,64864.330000,64856.580000
29769256,2026-08-08T02:16,64859.670000,-0.511700,-0.829647,2026-08-07,78.000000,0.386806,0.584623,64859.680000,64856.760000
29769257,2026-08-08T02:17,64858.630000,-0.488800,0.188114,2026-08-07,110.000000,1.680056,0.457237,64862.550000,64858.630000
29769258,2026-08-08T02:18,64858.650000,-0.616100,-0.090655,2026-08-07,118.000000,0.825125,0.899597,64859.950000,64858.520000
29769259,2026-08-08T02:19,64868.430000,-0.204700,0.799004,2026-08-07,351.000000,15.629459,0.800432,64875.000000,64858.640000
29769260,2026-08-08T02:20,64868.430000,-0.274100,0.600857,2026-08-07,82.000000,0.055479,0.866660,64868.430000,64868.420000
29769261,2026-08-08T02:21,64870.120000,-0.210500,0.563964,2026-08-07,231.000000,0.859844,0.978168,64872.200000,64868.420000
29769262,2026-08-08T02:22,64870.460000,-0.261300,0.975078,2026-08-07,128.000000,0.172503,0.603391,64871.750000,64870.110000
29769263,2026-08-08T02:23,64885.920000,-0.108000,0.205402,2026-08-07,267.000000,8.673274,0.885561,64890.150000,64870.450000
29769264,2026-08-08T02:24,64867.820000,0.517300,0.696927,2026-08-07,397.000000,17.618330,0.023416,64885.920000,64860.620000
29769265,2026-08-08T02:25,64878.450000,0.023200,-0.941758,2026-08-07,252.000000,0.683264,0.986715,64879.370000,64867.820000
29769266,2026-08-08T02:26,64879.930000,0.485000,0.969290,2026-08-07,175.000000,0.456280,0.184203,64881.070000,64877.540000
29769267,2026-08-08T02:27,64879.920000,0.422200,-0.626437,2026-08-07,110.000000,0.257071,0.666752,64879.930000,64879.910000
29769268,2026-08-08T02:28,64882.510000,0.237700,0.329692,2026-08-07,141.000000,0.155181,0.746239,64882.520000,64879.910000
29769269,2026-08-08T02:29,64893.440000,-0.273800,0.492479,2026-08-07,168.000000,0.684436,0.966472,64896.130000,64882.520000
29769270,2026-08-08T02:30,64922.620000,-0.032900,0.933160,2026-08-07,190.000000,0.699359,0.937811,64924.720000,64893.440000
29769271,2026-08-08T02:31,64923.760000,0.050900,0.875113,2026-08-07,116.000000,1.164604,0.078331,64924.720000,64922.460000
29769272,2026-08-08T02:32,64921.600000,0.289600,-0.843108,2026-08-07,114.000000,2.000221,0.722024,64925.390000,64920.070000
29769273,2026-08-08T02:33,64914.070000,-0.504300,0.444008,2026-08-07,172.000000,2.067446,0.101676,64921.610000,64914.060000
29769274,2026-08-08T02:34,64879.510000,0.426500,-0.795839,2026-08-07,166.000000,5.673223,0.114705,64914.070000,64879.500000
29769275,2026-08-08T02:35,64887.590000,0.486600,-0.773965,2026-08-07,155.000000,0.743135,0.755882,64888.500000,64879.500000
29769276,2026-08-08T02:36,64888.820000,0.126300,0.697576,2026-08-07,125.000000,0.132862,0.682772,64888.820000,64887.660000
29769277,2026-08-08T02:37,64888.760000,-0.265200,0.364978,2026-08-07,69.000000,0.183548,0.434105,64888.820000,64888.690000
29769278,2026-08-08T02:38,64888.790000,-0.267300,-0.131530,2026-08-07,47.000000,0.141582,0.680484,64889.120000,64888.750000
29769279,2026-08-08T02:39,64881.740000,-0.402800,0.360968,2026-08-07,366.000000,13.128559,0.128416,64890.010000,64873.160000
29769280,2026-08-08T02:40,64877.650000,-0.354000,-0.755737,2026-08-07,96.000000,1.244611,0.425774,64881.730000,64877.640000
29769281,2026-08-08T02:41,64880.850000,-0.728200,0.862270,2026-08-07,83.000000,0.919396,0.999823,64881.200000,64877.640000
29769282,2026-08-08T02:42,64882.600000,-0.701500,0.999441,2026-08-07,105.000000,0.550193,0.978292,64882.860000,64880.800000
29769283,2026-08-08T02:43,64882.710000,-0.641100,0.955519,2026-08-07,120.000000,0.590200,0.987835,64882.860000,64882.340000
29769284,2026-08-08T02:44,64882.710000,-0.666100,0.976974,2026-08-07,105.000000,0.894094,0.517008,64882.860000,64882.700000
29769285,2026-08-08T02:45,64879.600000,-0.738000,0.034015,2026-08-07,115.000000,1.098797,0.303710,64882.710000,64879.590000
29769286,2026-08-08T02:46,64879.600000,-0.491200,-0.392580,2026-08-07,111.000000,0.286392,0.805573,64879.600000,64879.590000
29769287,2026-08-08T02:47,64879.670000,-0.552300,0.611145,2026-08-07,92.000000,0.364291,0.635546,64879.720000,64879.590000
29769288,2026-08-08T02:48,64881.650000,-0.841700,0.271092,2026-08-07,112.000000,2.238794,0.773008,64882.880000,64879.660000
29769289,2026-08-08T02:49,64882.710000,-0.462200,0.546628,2026-08-07,94.000000,0.183717,0.626880,64882.710000,64880.360000
29769290,2026-08-08T02:50,64880.370000,-0.642400,0.242843,2026-08-07,82.000000,0.820446,0.421231,64882.710000,64880.360000
29769291,2026-08-08T02:51,64882.880000,-0.587300,-0.156496,2026-08-07,108.000000,0.819869,0.993619,64882.880000,64879.680000
29769292,2026-08-08T02:52,64882.880000,-0.534300,0.992904,2026-08-07,92.000000,2.312716,0.972828,64882.880000,64881.730000
29769293,2026-08-08T02:53,64882.880000,-0.379900,0.924207,2026-08-07,92.000000,0.115933,0.713567,64882.880000,64882.430000
29769294,2026-08-08T02:54,64882.850000,-0.249800,0.457236,2026-08-07,81.000000,0.159904,0.404923,64882.880000,64882.840000
29769295,2026-08-08T02:55,64882.850000,-0.404500,-0.249783,2026-08-07,86.000000,0.589072,0.172246,64882.850000,64882.840000
29769296,2026-08-08T02:56,64880.010000,-0.584200,-0.655509,2026-08-07,104.000000,0.768247,0.111540,64882.850000,64880.000000
29769297,2026-08-08T02:57,64888.260000,0.347300,-0.776919,2026-08-07,113.000000,5.894595,0.998867,64894.090000,64880.000000
29769298,2026-08-08T02:58,64888.240000,0.032200,0.997736,2026-08-07,141.000000,0.255234,0.342723,64888.270000,64887.370000
29769299,2026-08-08T02:59,64888.120000,0.007900,-0.342565,2026-08-07,88.000000,0.126782,0.862112,64888.270000,64888.100000
29769300,2026-08-08T03:00,64888.070000,0.446200,-0.793450,2026-08-07,114.000000,1.153129,0.182811,64888.110000,64888.070000
29769301,2026-08-08T03:01,64888.070000,0.439200,0.840500,2026-08-07,93.000000,0.184892,0.546749,64888.080000,64888.070000
29769302,2026-08-08T03:02,64888.070000,0.439900,0.081604,2026-08-07,96.000000,0.228047,0.630039,64888.080000,64888.070000
29769303,2026-08-08T03:03,64888.070000,0.334000,0.260077,2026-08-07,81.000000,0.267830,0.445057,64888.080000,64888.070000
29769304,2026-08-08T03:04,64895.740000,0.393300,-0.121523,2026-08-07,203.000000,5.739232,0.379870,64897.040000,64880.000000
29769305,2026-08-08T03:05,64899.350000,-0.381200,-0.239949,2026-08-07,81.000000,0.199313,0.460257,64899.360000,64899.350000
29769306,2026-08-08T03:06,64899.350000,-0.526000,-0.079485,2026-08-07,105.000000,0.214723,0.524704,64899.360000,64899.350000
29769307,2026-08-08T03:07,64899.350000,-0.480100,0.049746,2026-08-07,94.000000,0.334594,0.689659,64899.360000,64899.350000
29769308,2026-08-08T03:08,64899.350000,-0.486600,0.385884,2026-08-07,82.000000,0.273576,0.874019,64899.360000,64899.350000
29769309,2026-08-08T03:09,64900.180000,-0.451600,0.744903,2026-08-07,107.000000,2.314521,0.952561,64900.180000,64899.350000
29769310,2026-08-08T03:10,64900.180000,-0.110900,0.901802,2026-08-07,77.000000,0.125505,0.717955,64900.180000,64900.170000
29769311,2026-08-08T03:11,64899.350000,-0.211700,0.483033,2026-08-07,91.000000,0.562345,0.109698,64900.180000,64899.350000
29769312,2026-08-08T03:12,64899.350000,0.073600,-0.780607,2026-08-07,79.000000,0.500500,0.924042,64899.360000,64899.350000
29769313,2026-08-08T03:13,64899.350000,-0.123200,0.848085,2026-08-07,86.000000,0.217383,0.461110,64899.360000,64899.350000
29769314,2026-08-08T03:14,64892.870000,0.264500,-0.072810,2026-08-07,239.000000,10.856985,0.367588,64899.360000,64887.360000
29769315,2026-08-08T03:15,64895.430000,0.503500,-0.264940,2026-08-07,98.000000,2.446314,0.992164,64895.430000,64892.860000
29769316,2026-08-08T03:16,64902.980000,0.490200,0.984327,2026-08-07,105.000000,0.385444,0.984509,64902.980000,64895.420000
29769317,2026-08-08T03:17,64928.120000,-0.112900,0.969019,2026-08-07,212.000000,3.046159,0.999707,64937.260000,64902.980000
29769318,2026-08-08T03:18,64934.420000,0.133100,0.999413,2026-08-07,256.000000,0.311289,0.485085,64935.130000,64927.740000
29769319,2026-08-08T03:19,64958.990000,0.359500,-0.035449,2026-08-07,226.000000,3.164967,0.621606,64959.000000,64934.410000
29769320,2026-08-08T03:20,64965.080000,0.419600,0.241103,2026-08-07,201.000000,2.328832,0.631567,64969.150000,64955.260000
29769321,2026-08-08T03:21,64962.430000,0.573600,0.262375,2026-08-07,109.000000,1.248702,0.161128,64965.090000,64961.620000
29769322,2026-08-08T03:22,64963.990000,0.492800,-0.671656,2026-08-07,77.000000,0.270653,0.879340,64964.000000,64962.420000
29769323,2026-08-08T03:23,64980.690000,0.270200,0.756623,2026-08-07,113.000000,0.855140,0.933563,64982.030000,64963.990000
29769324,2026-08-08T03:24,64968.150000,-0.324800,0.867009,2026-08-07,224.000000,4.042187,0.119408,64983.000000,64968.460000
29769325,2026-08-08T03:25,64962.430000,-0.719000,-0.767894,2026-08-07,100.000000,0.953468,0.098925,64968.140000,64962.420000
29769326,2026-08-08T03:26,64999.400000,-0.313200,-0.772966,2026-08-07,276.000000,11.768591,0.972188,64999.410000,64962.420000
29769327,2026-08-08T03:27,64979.710000,0.062300,0.944379,2026-08-07,267.000000,9.219938,0.298647,64999.690000,64964.100000
29769328,2026-08-08T03:28,64984.980000,0.073800,-0.402621,2026-08-07,103.000000,0.770757,0.999776,64985.000000,64979.710000
29769329,2026-08-08T03:29,64984.990000,-0.365600,0.999552,2026-08-07,63.000000,0.655022,0.995108,64985.000000,64984.990000
29769330,2026-08-08T03:30,64989.940000,-0.265600,0.990362,2026-08-07,76.000000,0.267966,0.960842,64989.950000,64985.000000
29769331,2026-08-08T03:31,64989.940000,0.032300,0.918568,2026-08-07,71.000000,0.254210,0.270075,64989.950000,64989.940000
29769332,2026-08-08T03:32,64993.380000,-0.281500,-0.012571,2026-08-07,111.000000,0.807253,0.998689,64993.390000,64989.940000
29769333,2026-08-08T03:33,65011.600000,-0.249000,0.996953,2026-08-07,152.000000,2.142811,0.991387,65011.600000,64993.390000
29769334,2026-08-08T03:34,65011.600000,-0.249000,0.982773,2026-08-07,,,,,
29769335,2026-08-08T03:35,65033.230000,-0.220800,0.000000,2026-08-07,313.000000,0.724767,0.975236,65033.530000,65011.600000
29769336,2026-08-08T03:36,65005.010000,-0.296500,0.950349,2026-08-07,120.000000,2.842354,0.100502,65035.560000,65005.010000
29769337,2026-08-08T03:37,64975.380000,-0.329800,-0.804477,2026-08-07,519.000000,4.364513,0.042127,65005.010000,64975.380000
29769338,2026-08-08T03:38,64975.380000,-0.001700,-0.914178,2026-08-07,63.000000,0.155488,0.470654,64975.390000,64975.380000
29769339,2026-08-08T03:39,64974.100000,-0.213800,-0.050799,2026-08-07,69.000000,0.284546,0.556024,64975.390000,64974.100000
29769340,2026-08-08T03:40,64963.240000,-0.472400,0.108395,2026-08-07,113.000000,1.282032,0.162582,64974.100000,64963.230000
29769341,2026-08-08T03:41,64971.760000,0.344300,-0.674839,2026-08-07,165.000000,3.178454,0.985866,64971.770000,64963.230000
29769342,2026-08-08T03:42,64974.130000,0.431000,0.971746,2026-08-07,98.000000,0.609446,0.262487,64974.140000,64971.770000
29769343,2026-08-08T03:43,64978.060000,-0.401500,-0.478850,2026-08-07,109.000000,0.149001,0.469513,64978.070000,64974.130000
29769344,2026-08-08T03:44,64978.060000,0.253500,-0.058866,2026-08-07,98.000000,0.079819,0.668749,64978.060000,64978.050000
29769345,2026-08-08T03:45,64978.060000,0.293800,0.398026,2026-08-07,97.000000,0.091306,0.867494,64978.060000,64978.050000
29769346,2026-08-08T03:46,64974.310000,-0.323200,0.730890,2026-08-07,110.000000,3.954144,0.027396,64978.060000,64974.230000
29769347,2026-08-08T03:47,64974.310000,-0.333200,-0.948478,2026-08-07,86.000000,0.054703,0.793358,64974.310000,64974.300000
29769348,2026-08-08T03:48,64982.620000,0.546400,0.600262,2026-08-07,165.000000,3.849311,0.991820,64979.320000,64974.300000
29769349,2026-08-08T03:49,64986.240000,0.220900,0.983632,2026-08-07,129.000000,0.633730,0.156859,64995.960000,64982.610000
29769350,2026-08-08T03:50,64986.240000,0.514600,-0.686288,2026-08-07,71.000000,0.070494,0.984709,64986.250000,64986.240000
29769351,2026-08-08T03:51,64986.320000,0.173700,0.969420,2026-08-07,110.000000,0.474212,0.862847,64986.400000,64986.240000
29769352,2026-08-08T03:52,64983.010000,-0.004000,0.725694,2026-08-07,168.000000,4.335439,0.371835,64987.280000,64983.010000
29769353,2026-08-08T03:53,64953.670000,-0.251500,-0.239152,2026-08-07,143.000000,2.190270,0.044078,64983.020000,64953.660000
29769354,2026-08-08T03:54,64953.680000,-0.216000,-0.965785,2026-08-07,84.000000,2.684907,0.944896,64953.680000,64953.670000
29769355,2026-08-08T03:55,64981.040000,0.289300,0.903611,2026-08-07,191.000000,0.641391,0.994429,64982.160000,64953.670000
29769356,2026-08-08T03:56,64975.380000,-0.545100,0.976435,2026-08-07,151.000000,1.072130,0.162612,64987.500000,64975.390000
29769357,2026-08-08T03:57,64979.010000,0.287000,-0.713252,2026-08-07,117.000000,0.517630,0.490552,64979.010000,64972.480000
29769358,2026-08-08T03:58,64994.320000,-0.061300,-0.020055,2026-08-07,129.000000,0.227438,0.776897,64994.330000,64979.010000
29769359,2026-08-08T03:59,64989.850000,-0.013900,0.553580,2026-08-07,102.000000,0.260698,0.309763,64994.330000,64989.850000
29769360,2026-08-08T04:00,64968.150000,0.323000,-0.380474,2026-08-07,160.000000,1.435005,0.034671,64989.860000,64968.140000
29769361,2026-08-08T04:01,64995.510000,0.151600,-0.929664,2026-08-07,237.000000,1.350471,0.744793,64996.750000,64968.140000
29769362,2026-08-08T04:02,65013.040000,0.235400,0.489335,2026-08-07,261.000000,0.675892,0.450280,65016.270000,64995.520000
29769363,2026-08-08T04:03,65021.350000,0.328900,-0.099758,2026-08-07,189.000000,0.514722,0.805464,65022.030000,65013.030000
29769364,2026-08-08T04:04,64993.490000,-0.762500,0.611441,2026-08-07,225.000000,5.466674,0.024806,65029.680000,64993.480000
29769365,2026-08-08T04:05,64957.290000,0.016400,-0.950408,2026-08-07,164.000000,1.373914,0.046797,64993.490000,64957.280000
29769366,2026-08-08T04:06,64957.290000,0.156700,-0.906406,2026-08-07,119.000000,0.236331,0.921255,64957.290000,64957.280000
29769367,2026-08-08T04:07,64957.290000,0.064400,0.842509,2026-08-07,117.000000,0.255986,0.939217,64957.290000,64957.280000
29769368,2026-08-08T04:08,64940.580000,0.131900,0.878433,2026-08-07,253.000000,3.013338,0.740578,64957.290000,64935.560000
29769369,2026-08-08T04:09,64929.810000,0.812300,0.481219,2026-08-07,131.000000,0.857036,0.085020,64940.590000,64928.680000
29769370,2026-08-08T04:10,64925.010000,0.437800,-0.825447,2026-08-07,129.000000,0.929783,0.427795,64931.660000,64925.000000
29769371,2026-08-08T04:11,64931.620000,0.696100,-0.147250,2026-08-07,94.000000,0.091384,0.814743,64931.620000,64925.010000
29769372,2026-08-08T04:12,64936.580000,0.492700,0.636232,2026-08-07,123.000000,0.363843,0.816115,64937.620000,64931.610000
29769373,2026-08-08T04:13,64942.790000,0.330100,0.630581,2026-08-07,153.000000,0.382774,0.298086,64942.810000,64936.580000
29769374,2026-08-08T04:14,64935.570000,0.203700,-0.398649,2026-08-07,91.000000,0.904135,0.400717,64942.790000,64935.570000
29769375,2026-08-08T04:15,64935.260000,-0.272300,-0.202226,2026-08-07,107.000000,0.488069,0.333461,64935.570000,64926.960000
29769376,2026-08-08T04:16,64931.570000,0.547000,-0.330849,2026-08-07,153.000000,1.006308,0.263944,64936.570000,64930.270000
29769377,2026-08-08T04:17,64950.190000,0.254300,-0.471567,2026-08-07,151.000000,0.594585,0.644052,64954.300000,64931.560000
29769378,2026-08-08T04:18,64949.260000,0.251400,0.287706,2026-08-07,115.000000,0.359361,0.168436,64950.200000,64949.250000
29769379,2026-08-08T04:19,64947.320000,0.104000,-0.663128,2026-08-07,100.000000,0.594505,0.074972,64949.260000,64945.310000
29769380,2026-08-08T04:20,64941.510000,-0.031500,-0.850008,2026-08-07,102.000000,0.072310,0.667343,64947.320000,64941.510000
29769381,2026-08-08T04:21,64947.210000,0.282700,0.464420,2026-08-07,107.000000,0.471465,0.540294,64947.320000,64941.510000
29769382,2026-08-08T04:22,64940.010000,-0.093000,0.056864,2026-08-07,79.000000,0.204599,0.644805,64947.220000,64940.000000
29769383,2026-08-08T04:23,64940.010000,-0.323800,0.270865,2026-08-07,59.000000,0.090306,0.992145,64940.010000,64940.000000
29769384,2026-08-08T04:24,64939.520000,-0.039800,0.984289,2026-08-07,74.000000,0.102929,0.739125,64940.010000,64939.520000
29769385,2026-08-08T04:25,64950.190000,0.449800,0.478250,2026-08-07,126.000000,0.768902,0.901392,64950.200000,64939.520000
29769386,2026-08-08T04:26,64958.100000,0.367700,0.803949,2026-08-07,147.000000,0.170825,0.587986,64959.400000,64950.190000
29769387,2026-08-08T04:27,64966.620000,0.452200,0.153309,2026-08-07,147.000000,0.206003,0.352251,64966.690000,64958.090000
29769388,2026-08-08T04:28,64965.760000,0.562600,-0.284573,2026-08-07,121.000000,0.505016,0.251651,64966.670000,64965.750000
29769389,2026-08-08T04:29,64959.880000,0.368500,-0.501908,2026-08-07,134.000000,1.407692,0.040547,64966.140000,64959.590000
29769390,2026-08-08T04:30,64959.880000,0.677500,-0.941148,2026-08-07,151.000000,1.265777,0.324778,64965.690000,64954.670000
29769391,2026-08-08T04:31,64968.940000,0.182400,0.121100,2026-08-07,150.000000,0.361544,0.502809,64970.020000,64959.870000
29769392,2026-08-08T04:32,64993.480000,0.734500,0.011246,2026-08-07,183.000000,2.597500,0.767260,65000.720000,64962.810000
29769393,2026-08-08T04:33,64993.480000,0.268100,0.534068,2026-08-07,193.000000,0.617803,0.115310,64993.480000,64983.500000
29769394,2026-08-08T04:34,64976.680000,0.393000,-0.763984,2026-08-07,114.000000,1.891038,0.043574,64993.480000,64975.380000
29769395,2026-08-08T04:35,64976.680000,0.274700,-0.911779,2026-08-07,9.000000,0.003287,0.999903,64978.310000,64976.680000
29769396,2026-08-08T04:36,64980.070000,-0.241500,0.999881,2026-08-07,256.000000,0.954014,0.505811,64981.640000,64976.680000
29769397,2026-08-08T04:37,64982.260000,0.311300,0.011151,2026-08-07,78.000000,0.161038,0.401790,64982.270000,64980.020000
29769398,2026-08-08T04:38,64986.710000,0.269800,-0.182058,2026-08-07,113.000000,0.389501,0.518335,64986.710000,64982.260000
29769399,2026-08-08T04:39,65000.710000,0.328900,0.032547,2026-08-07,167.000000,1.611199,0.965766,65000.720000,64986.700000
29769400,2026-08-08T04:40,65015.900000,0.086200,0.931532,2026-08-07,193.000000,0.367976,0.579729,65022.440000,65000.710000
29769401,2026-08-08T04:41,65020.710000,0.275200,0.159458,2026-08-07,138.000000,0.206921,0.997785,65022.440000,65015.890000
29769402,2026-08-08T04:42,65008.760000,0.290200,0.995636,2026-08-07,123.000000,0.624931,0.339283,65022.660000,65007.960000
29769403,2026-08-08T04:43,64993.490000,0.024100,-0.326244,2026-08-07,84.000000,0.463598,0.135237,65008.260000,64993.490000
29769404,2026-08-08T04:44,64992.260000,-0.120400,-0.732411,2026-08-07,134.000000,1.823294,0.888032,65000.730000,64992.190000
29769405,2026-08-08T04:45,64999.490000,0.047700,0.776324,2026-08-07,100.000000,0.099625,0.455169,65000.720000,64998.330000
29769406,2026-08-08T04:46,64999.520000,-0.056200,-0.082664,2026-08-07,128.000000,0.511420,0.670800,64999.650000,64998.340000
29769407,2026-08-08T04:47,65000.010000,0.362700,0.337654,2026-08-07,102.000000,0.133519,0.770367,65000.700000,64999.320000
29769408,2026-08-08T04:48,65000.010000,-0.036200,0.540734,2026-08-07,110.000000,0.601730,0.323811,65000.590000,64997.000000
29769409,2026-08-08T04:49,64989.420000,-0.292400,-0.352378,2026-08-07,90.000000,0.342150,0.656318,64996.000000,64989.020000
29769410,2026-08-08T04:50,64989.420000,0.225400,0.312635,2026-08-07,66.000000,0.056742,0.726028,64989.420000,64989.410000
29769411,2026-08-08T04:51,64975.380000,-0.573000,0.452055,2026-08-07,143.000000,0.660971,0.187797,64989.420000,64975.380000
29769412,2026-08-08T04:52,64975.380000,0.358300,-0.616689,2026-08-07,115.000000,0.256365,0.574363,64975.390000,64971.000000
29769413,2026-08-08T04:53,64975.380000,0.104500,0.144529,2026-08-07,71.000000,0.203465,0.215026,64975.390000,64975.380000
29769414,2026-08-08T04:54,64975.380000,0.321600,-0.582259,2026-08-07,74.000000,0.066681,0.761526,64975.390000,64974.080000
29769415,2026-08-08T04:55,64975.380000,-0.262100,0.523172,2026-08-07,95.000000,0.089093,0.566153,64975.390000,64974.720000
29769416,2026-08-08T04:56,64967.350000,0.196400,0.145921,2026-08-07,106.000000,0.326205,0.179626,64975.390000,64964.530000
29769417,2026-08-08T04:57,64964.520000,0.095800,-0.649606,2026-08-07,74.000000,0.178737,0.148347,64967.350000,64964.520000
29769418,2026-08-08T04:58,64960.900000,0.200000,-0.677722,2026-08-07,50.000000,0.389423,0.132531,64964.530000,64960.900000
29769419,2026-08-08T04:59,64973.650000,-0.281500,-0.103474,2026-08-07,509.000000,21.761554,0.996631,64977.340000,64960.910000
29769420,2026-08-08T05:00,64966.080000,0.408100,0.993192,2026-08-07,143.000000,0.382315,0.328400,64973.650000,64964.730000
29769421,2026-08-08T05:01,64966.980000,-0.246900,-0.341663,2026-08-07,107.000000,0.153572,0.469536,64967.190000,64966.080000
29769422,2026-08-08T05:02,64966.580000,0.252000,-0.061987,2026-08-07,97.000000,0.165387,0.854158,64966.980000,64966.580000
29769423,2026-08-08T05:03,64972.380000,0.169400,0.709099,2026-08-07,97.000000,0.194062,0.992625,64972.380000,64966.580000
29769424,2026-08-08T05:04,64975.320000,-0.149800,0.985313,2026-08-07,96.000000,0.079946,0.923999,64976.930000,64972.370000
29769425,2026-08-08T05:05,64975.010000,-0.041100,0.853202,2026-08-07,88.000000,0.291305,0.193799,64975.320000,64975.000000
29769426,2026-08-08T05:06,64973.710000,-0.138200,-0.598950,2026-08-07,70.000000,0.069324,0.241537,64975.010000,64973.710000
29769427,2026-08-08T05:07,64971.270000,0.436900,-0.704753,2026-08-07,116.000000,0.464871,0.301631,64973.720000,64969.400000
29769428,2026-08-08T05:08,64978.480000,0.033300,-0.390719,2026-08-07,131.000000,0.414778,0.777892,64979.000000,64971.410000
29769429,2026-08-08T05:09,64955.540000,0.256500,0.561077,2026-08-07,190.000000,6.097522,0.008410,64978.480000,64955.490000
29769430,2026-08-08T05:10,64960.210000,0.344600,-0.984639,2026-08-07,117.000000,0.349685,0.909361,64960.220000,64954.670000
29769431,2026-08-08T05:11,64959.710000,0.017400,0.818453,2026-08-07,91.000000,0.264480,0.429515,64960.580000,64959.700000
29769432,2026-08-08T05:12,64959.710000,-0.001900,-0.101953,2026-08-07,95.000000,0.276602,0.826794,64959.710000,64959.700000
29769433,2026-08-08T05:13,64954.680000,-0.204800,0.641449,2026-08-07,69.000000,0.180675,0.257738,64959.710000,64954.670000
29769434,2026-08-08T05:14,64951.130000,0.308000,-0.460909,2026-08-07,142.000000,1.224395,0.061930,64954.680000,64950.010000
29769435,2026-08-08T05:15,64964.510000,0.116400,-0.880627,2026-08-07,145.000000,2.083222,0.980470,64968.130000,64951.130000
29769436,2026-08-08T05:16,64965.760000,-0.262000,0.961105,2026-08-07,124.000000,0.428415,0.468895,64970.920000,64964.370000
29769437,2026-08-08T05:17,64966.980000,-0.092600,-0.084448,2026-08-07,71.000000,0.222654,0.255789,64966.980000,64964.380000
29769438,2026-08-08T05:18,64965.570000,-0.251300,-0.488936,2026-08-07,76.000000,0.265223,0.233837,64967.270000,64965.560000
29769439,2026-08-08T05:19,64966.870000,-0.018000,-0.532327,2026-08-07,114.000000,0.112121,0.623824,64967.340000,64965.560000
29769440,2026-08-08T05:20,64965.790000,0.193400,0.247647,2026-08-07,72.000000,0.398479,0.312021,64966.870000,64965.780000
29769441,2026-08-08T05:21,64969.370000,0.588700,-0.339971,2026-08-07,110.000000,0.312303,0.492272,64970.310000,64965.780000
29769442,2026-08-08T05:22,64970.920000,0.493300,-0.051487,2026-08-07,87.000000,0.628236,0.183432,64970.920000,64969.360000
29769443,2026-08-08T05:23,64984.170000,0.555700,-0.632008,2026-08-07,103.000000,0.132629,0.978955,64984.170000,64970.910000
29769444,2026-08-08T05:24,64986.240000,0.067100,0.912203,2026-08-07,92.000000,0.111830,0.700139,64986.250000,64984.160000
29769445,2026-08-08T05:25,64986.240000,0.315800,0.443260,2026-08-07,86.000000,0.121236,0.413819,64986.250000,64986.230000
29769446,2026-08-08T05:26,64984.170000,-0.127000,-0.173256,2026-08-07,94.000000,0.283522,0.210655,64986.240000,64984.160000
29769447,2026-08-08T05:27,64973.440000,-0.035400,-0.578689,2026-08-07,101.000000,0.585147,0.058871,64984.170000,64972.580000
29769448,2026-08-08T05:28,64982.620000,-0.135100,-0.882257,2026-08-07,112.000000,0.823995,0.686459,64983.950000,64971.800000
29769449,2026-08-08T05:29,64982.630000,0.512300,0.373203,2026-08-07,82.000000,0.254195,0.663211,64982.640000,64982.610000
29769450,2026-08-08T05:30,64982.620000,0.339700,0.325431,2026-08-07,96.000000,0.482846,0.528164,64982.630000,64975.350000
29769451,2026-08-08T05:31,64982.540000,-0.161000,0.056328,2026-08-07,75.000000,0.196214,0.190115,64982.620000,64982.530000
29769452,2026-08-08T05:32,64974.400000,-0.079900,-0.619770,2026-08-07,110.000000,0.954007,0.088119,64982.540000,64971.800000
29769453,2026-08-08T05:33,64982.180000,0.405600,-0.823763,2026-08-07,100.000000,0.119153,0.600508,64982.470000,64974.400000
29769454,2026-08-08T05:34,64980.880000,-0.094800,0.201094,2026-08-07,90.000000,0.630859,0.496626,64982.190000,64980.870000
29769455,2026-08-08T05:35,64977.010000,0.248100,-0.005552,2026-08-07,75.000000,0.262406,0.179972,64980.880000,64976.830000
29769456,2026-08-08T05:36,64977.620000,0.133800,-0.642999,2026-08-07,38.000000,0.027378,0.861645,64977.630000,64977.010000
29769457,2026-08-08T05:37,64977.620000,0.133800,0.720308,2026-08-07,,,,,
29769458,2026-08-08T05:38,64982.180000,0.190600,0.000000,2026-08-07,240.000000,0.830019,0.409721,64982.190000,64977.620000
29769459,2026-08-08T05:39,64982.150000,0.312200,-0.161373,2026-08-07,91.000000,0.362844,0.127392,64982.190000,64982.150000
29769460,2026-08-08T05:40,64975.290000,-0.834800,-0.833085,2026-08-07,96.000000,1.106129,0.114124,64982.150000,64975.290000
29769461,2026-08-08T05:41,64975.290000,-0.888700,-0.763093,2026-08-07,79.000000,0.060990,0.897567,64975.300000,64975.290000
29769462,2026-08-08T05:42,64975.310000,-0.859700,0.795133,2026-08-07,58.000000,0.048847,0.923951,64976.910000,64975.290000
29769463,2026-08-08T05:43,64975.320000,-0.906500,0.848530,2026-08-07,47.000000,0.380338,0.670110,64975.320000,64975.310000
29769464,2026-08-08T05:44,64974.320000,-0.883900,0.339870,2026-08-07,47.000000,0.496531,0.070034,64975.320000,64974.020000
29769465,2026-08-08T05:45,64968.150000,-0.827800,-0.859818,2026-08-07,102.000000,1.541527,0.245195,64975.310000,64968.150000
29769466,2026-08-08T05:46,64963.240000,-0.073600,-0.509639,2026-08-07,58.000000,0.924598,0.383687,64968.150000,64963.230000
29769467,2026-08-08T05:47,64961.960000,-0.794500,-0.228459,2026-08-07,75.000000,0.380595,0.177973,64963.240000,64961.450000
29769468,2026-08-08T05:48,64960.430000,-0.819800,-0.634551,2026-08-07,85.000000,0.908953,0.414573,64961.960000,64957.570000
29769469,2026-08-08T05:49,64959.820000,-0.839400,-0.177297,2026-08-07,55.000000,0.686404,0.998059,64960.440000,64959.810000
29769470,2026-08-08T05:50,64953.670000,0.228300,0.996116,2026-08-07,84.000000,0.406523,0.215975,64959.820000,64953.660000
29769471,2026-08-08T05:51,64952.380000,-0.740400,-0.544515,2026-08-07,66.000000,0.101051,0.279350,64953.670000,64952.370000
29769472,2026-08-08T05:52,64933.850000,0.530900,-0.989538,2026-08-07,123.000000,4.683071,0.019384,64952.370000,64933.850000
29769473,2026-08-08T05:53,64948.740000,-0.206900,-0.679092,2026-08-07,179.000000,0.783750,0.958587,64948.740000,64933.850000
29769474,2026-08-08T05:54,64939.730000,-0.254000,0.580614,2026-08-07,115.000000,0.552339,0.158239,64948.730000,64938.940000
29769475,2026-08-08T05:55,64947.480000,-0.714500,-0.544176,2026-08-07,110.000000,6.821199,0.944959,64948.730000,64939.730000
29769476,2026-08-08T05:56,64947.480000,-0.722200,0.889915,2026-08-07,60.000000,0.172744,0.265037,64947.480000,64947.470000
29769477,2026-08-08T05:57,64944.740000,-0.812600,-0.477130,2026-08-07,74.000000,1.172833,0.473998,64947.480000,64945.170000
29769478,2026-08-08T05:58,64947.460000,-0.739000,-0.051808,2026-08-07,49.000000,0.063562,0.984340,64947.470000,64945.150000
29769479,2026-08-08T05:59,64961.010000,-0.128700,0.969361,2026-08-07,129.000000,26.911737,0.937956,64961.010000,64947.470000
29769480,2026-08-08T06:00,64961.420000,0.254900,0.876163,2026-08-07,106.000000,0.115990,0.963569,64964.790000,64961.000000
29769481,2026-08-08T06:01,64957.310000,-0.090500,0.858647,2026-08-07,100.000000,1.411683,0.026533,64961.420000,64957.300000
29769482,2026-08-08T06:02,64957.960000,0.166600,-0.946934,2026-08-07,67.000000,0.075645,0.666540,64957.970000,64957.300000
29769483,2026-08-08T06:03,64957.520000,0.044500,0.333079,2026-08-07,41.000000,0.058694,0.998492,64957.530000,64957.520000
29769484,2026-08-08T06:04,64947.460000,-0.415100,0.996984,2026-08-07,65.000000,1.086360,0.679962,64957.530000,64947.460000
29769485,2026-08-08T06:05,64947.460000,-0.148900,0.364301,2026-08-07,80.000000,0.106070,0.972411,64947.470000,64947.460000
29769486,2026-08-08T06:06,64939.730000,-0.468300,0.940635,2026-08-07,98.000000,1.127416,0.127402,64947.470000,64939.720000
29769487,2026-08-08T06:07,64935.040000,-0.050400,-0.745197,2026-08-07,82.000000,0.454777,0.410218,64939.730000,64935.030000
29769488,2026-08-08T06:08,64946.420000,0.110200,-0.179565,2026-08-07,151.000000,1.736387,0.995349,64946.420000,64935.030000
29769489,2026-08-08T06:09,64946.420000,0.087900,0.990698,2026-08-07,87.000000,0.156631,0.336304,64946.420000,64946.410000
29769490,2026-08-08T06:10,64946.420000,0.120300,-0.327391,2026-08-07,79.000000,0.042454,0.754235,64946.420000,64946.410000
29769491,2026-08-08T06:11,64946.420000,0.331400,0.508471,2026-08-07,78.000000,0.048120,0.890054,64946.420000,64946.410000
29769492,2026-08-08T06:12,64946.420000,0.332300,0.780108,2026-08-07,79.000000,0.084237,0.983904,64946.420000,64946.410000
29769493,2026-08-08T06:13,64939.190000,0.630600,0.967808,2026-08-07,113.000000,0.837754,0.354361,64948.040000,64939.190000
29769494,2026-08-08T06:14,64939.190000,0.543200,-0.291278,2026-08-07,69.000000,0.048017,0.877128,64939.200000,64939.190000
29769495,2026-08-08T06:15,64935.570000,0.677100,0.826574,2026-08-07,75.000000,0.221515,0.309690,64939.200000,64935.560000
29769496,2026-08-08T06:16,64939.190000,0.650000,-0.517819,2026-08-07,85.000000,0.225829,0.993277,64939.200000,64935.560000
29769497,2026-08-08T06:17,64939.190000,0.560100,0.986992,2026-08-07,67.000000,0.030379,0.944806,64939.200000,64939.190000
29769498,2026-08-08T06:18,64935.690000,0.336400,0.852636,2026-08-07,87.000000,0.783507,0.782070,64941.610000,64935.700000
29769499,2026-08-08T06:19,64935.010000,0.329600,0.564139,2026-08-07,70.000000,0.588435,0.599403,64936.980000,64935.000000
29769500,2026-08-08T06:20,64936.150000,0.334000,0.198806,2026-08-07,99.000000,0.508995,0.818630,64936.160000,64935.000000
29769501,2026-08-08T06:21,64947.380000,0.362300,0.617934,2026-08-07,151.000000,1.189647,0.991129,64947.380000,64936.150000
29769502,2026-08-08T06:22,64940.070000,0.684900,0.992442,2026-08-07,80.000000,0.258647,0.225713,64947.380000,64940.060000
29769503,2026-08-08T06:23,64944.880000,-0.192300,-0.549809,2026-08-07,84.000000,0.112322,0.866965,64944.880000,64940.060000
29769504,2026-08-08T06:24,64943.580000,-0.550900,0.733931,2026-08-07,87.000000,0.262752,0.350723,64944.880000,64943.580000
29769505,2026-08-08T06:25,64946.510000,-0.101900,-0.298555,2026-08-07,93.000000,0.396159,0.728292,64946.510000,64943.580000
29769506,2026-08-08T06:26,64943.980000,-0.031600,0.456583,2026-08-07,98.000000,0.443073,0.508927,64946.510000,64942.470000
29769507,2026-08-08T06:27,64943.980000,0.154300,0.017854,2026-08-07,77.000000,0.052646,0.957196,64943.980000,64943.970000
29769508,2026-08-08T06:28,64936.290000,0.410900,0.914392,2026-08-07,221.000000,8.669787,0.034444,64952.230000,64928.290000
29769509,2026-08-08T06:29,64936.290000,0.468400,-0.931113,2026-08-07,66.000000,0.050370,0.187851,64936.300000,64936.290000
29769510,2026-08-08T06:30,64939.680000,0.176300,0.003176,2026-08-07,85.000000,0.257120,0.129400,64944.180000,64936.300000
29769511,2026-08-08T06:31,64931.940000,0.311300,-0.986107,2026-08-07,99.000000,0.345861,0.061927,64939.680000,64931.920000
29769512,2026-08-08T06:32,64931.940000,0.483600,-0.876145,2026-08-07,73.000000,0.498017,0.012269,64931.950000,64931.940000
29769513,2026-08-08T06:33,64931.940000,0.464500,-0.972917,2026-08-07,59.000000,0.128816,0.403887,64931.950000,64931.940000
29769514,2026-08-08T06:34,64931.920000,0.194100,-0.198203,2026-08-07,118.000000,0.247783,0.332002,64931.950000,64931.910000
29769515,2026-08-08T06:35,64931.920000,0.422100,-0.331491,2026-08-07,99.000000,0.352624,0.119723,64931.920000,64931.650000
29769516,2026-08-08T06:36,64932.960000,0.137900,-0.765548,2026-08-07,123.000000,0.833976,0.685158,64938.370000,64931.910000
29769517,2026-08-08T06:37,64934.270000,0.092200,0.372287,2026-08-07,85.000000,0.416913,0.582697,64935.770000,64932.960000
29769518,2026-08-08T06:38,64934.900000,0.153200,0.178426,2026-08-07,38.000000,0.032674,0.948049,64935.210000,64934.270000
29769519,2026-08-08T06:39,64934.320000,0.066800,0.869733,2026-08-07,142.000000,0.381085,0.118782,64934.900000,64934.290000
29769520,2026-08-08T06:40,64934.320000,0.358700,-0.762436,2026-08-07,74.000000,0.471836,0.083833,64934.330000,64934.290000
29769521,2026-08-08T06:41,64934.320000,0.371900,-0.832334,2026-08-07,64.000000,0.103620,0.465231,64934.330000,64934.320000
29769522,2026-08-08T06:42,64947.430000,0.425400,-0.066400,2026-08-07,115.000000,0.537571,0.977534,64947.430000,64934.320000
29769523,2026-08-08T06:43,64922.070000,0.406900,0.955531,2026-08-07,192.000000,5.134894,0.011863,64949.610000,64921.530000
29769524,2026-08-08T06:44,64955.990000,-0.035500,-0.978549,2026-08-07,288.000000,6.981451,0.837208,64955.990000,64921.760000
29769525,2026-08-08T06:45,64964.420000,0.097100,0.673614,2026-08-07,174.000000,0.560428,0.949509,64964.420000,64955.980000
29769526,2026-08-08T06:46,64964.210000,-0.200000,0.910432,2026-08-07,44.000000,0.353981,0.010840,64964.420000,64964.200000
29769527,2026-08-08T06:47,64966.820000,0.086300,-0.978320,2026-08-07,125.000000,1.070388,0.676172,64968.140000,64964.170000
29769528,2026-08-08T06:48,64967.490000,0.219000,0.353227,2026-08-07,90.000000,0.060547,0.536936,64967.490000,64966.810000
29769529,2026-08-08T06:49,64973.060000,0.191400,0.069202,2026-08-07,124.000000,1.926571,0.055872,64973.060000,64960.770000
29769530,2026-08-08T06:50,64978.850000,0.622200,-0.889740,2026-08-07,88.000000,0.168427,0.600501,64978.860000,64973.050000
29769531,2026-08-08T06:51,64980.740000,0.092700,0.204729,2026-08-07,138.000000,0.411570,0.130724,64981.780000,64978.850000
29769532,2026-08-08T06:52,64968.740000,-0.195200,-0.735788,2026-08-07,120.000000,0.368303,0.149792,64980.740000,64968.210000
29769533,2026-08-08T06:53,64968.740000,-0.325500,-0.707183,2026-08-07,83.000000,0.026856,0.501235,64968.740000,64968.730000
29769534,2026-08-08T06:54,64968.740000,-0.382200,0.002469,2026-08-07,87.000000,0.133660,0.335650,64968.740000,64968.730000
29769535,2026-08-08T06:55,64970.490000,-0.119500,-0.311599,2026-08-07,126.000000,1.657823,0.812896,64975.010000,64968.730000
29769536,2026-08-08T06:56,64970.490000,-0.299500,0.625399,2026-08-07,83.000000,0.207201,0.953481,64970.490000,64970.480000
29769537,2026-08-08T06:57,64968.740000,-0.214100,0.906962,2026-08-07,70.000000,0.248810,0.343706,64970.490000,64968.730000
29769538,2026-08-08T06:58,64968.740000,-0.161700,-0.310180,2026-08-07,77.000000,0.056007,0.980783,64968.740000,64968.730000
29769539,2026-08-08T06:59,64965.510000,0.121100,0.961250,2026-08-07,102.000000,0.375158,0.156019,64968.740000,64964.550000
