minute_epoch,minute_utc,close,book_imb,ofi,day,trades,volume,buy_share,high,low
29724900,2026-07-08T07:00,62544.010000,0.297900,-1.000000,2026-07-08,245.000000,0.761638,0.329248,62615.090000,62541.960000
29724901,2026-07-08T07:01,62553.430000,-0.104900,-0.414885,2026-07-08,256.000000,0.777102,0.226129,62559.590000,62530.190000
29724902,2026-07-08T07:02,62531.150000,-0.534300,-0.483325,2026-07-08,317.000000,1.958492,0.478973,62559.460000,62519.360000
29724903,2026-07-08T07:03,62522.870000,0.120200,-0.048858,2026-07-08,170.000000,0.416779,0.627350,62537.360000,62522.860000
29724904,2026-07-08T07:04,62528.510000,0.450800,0.313031,2026-07-08,231.000000,1.585838,0.663038,62533.700000,62511.510000
29724905,2026-07-08T07:05,62496.850000,0.176600,0.322212,2026-07-08,320.000000,2.371848,0.406698,62547.300000,62493.570000
29724906,2026-07-08T07:06,62504.100000,-0.187600,-0.160448,2026-07-08,290.000000,1.376415,0.636649,62526.300000,62494.030000
29724907,2026-07-08T07:07,62510.380000,0.508300,0.243932,2026-07-08,245.000000,2.459407,0.441127,62525.590000,62490.800000
29724908,2026-07-08T07:08,62525.040000,-0.296700,-0.154611,2026-07-08,208.000000,1.717536,0.516888,62536.830000,62506.710000
29724909,2026-07-08T07:09,62552.190000,0.014600,0.155268,2026-07-08,250.000000,2.028489,0.617441,62551.630000,62522.610000
29724910,2026-07-08T07:10,62573.510000,0.254200,0.228774,2026-07-08,201.000000,1.284068,0.471492,62576.900000,62548.510000
29724911,2026-07-08T07:11,62647.010000,0.032000,-0.091323,2026-07-08,381.000000,3.593513,0.871117,62649.780000,62573.520000
29724912,2026-07-08T07:12,62622.510000,0.052400,0.694725,2026-07-08,247.000000,3.689394,0.781931,62662.010000,62622.500000
29724913,2026-07-08T07:13,62673.690000,-0.633600,0.594495,2026-07-08,660.000000,20.489674,0.754452,62695.020000,62617.730000
29724914,2026-07-08T07:14,62686.490000,-0.403400,0.514415,2026-07-08,250.000000,2.470692,0.739610,62694.020000,62673.700000
29724915,2026-07-08T07:15,62659.490000,0.319500,0.442251,2026-07-08,358.000000,3.040610,0.484389,62686.490000,62633.600000
29724916,2026-07-08T07:16,62652.100000,-0.035300,-0.031221,2026-07-08,251.000000,2.769177,0.581417,62665.000000,62634.380000
29724917,2026-07-08T07:17,62649.540000,-0.210500,0.162834,2026-07-08,363.000000,7.857643,0.773327,62697.420000,62644.700000
29724918,2026-07-08T07:18,62619.380000,0.143200,0.519758,2026-07-08,284.000000,4.216916,0.542049,62663.190000,62614.220000
29724919,2026-07-08T07:19,62633.350000,0.400600,0.121111,2026-07-08,217.000000,2.326987,0.496760,62647.210000,62622.500000
29724920,2026-07-08T07:20,62641.850000,0.029300,-0.006569,2026-07-08,200.000000,0.823093,0.302168,62645.970000,62624.320000
29724921,2026-07-08T07:21,62644.710000,-0.487500,-0.426223,2026-07-08,267.000000,1.166480,0.326890,62660.430000,62637.300000
29724922,2026-07-08T07:22,62646.680000,0.146800,-0.320059,2026-07-08,208.000000,1.189996,0.757220,62652.090000,62633.610000
29724923,2026-07-08T07:23,62671.070000,0.341300,0.447276,2026-07-08,247.000000,0.770486,0.312918,62674.290000,62643.130000
29724924,2026-07-08T07:24,62687.990000,0.305500,-0.336075,2026-07-08,246.000000,1.076225,0.810879,62688.000000,62671.070000
29724925,2026-07-08T07:25,62772.060000,-0.004300,0.621759,2026-07-08,800.000000,24.335440,0.830283,62779.490000,62687.990000
29724926,2026-07-08T07:26,62763.100000,0.006700,0.660593,2026-07-08,402.000000,2.620364,0.309444,62779.780000,62744.600000
29724927,2026-07-08T07:27,62738.870000,-0.443500,-0.382168,2026-07-08,300.000000,1.261682,0.349049,62770.510000,62732.700000
29724928,2026-07-08T07:28,62771.230000,0.440400,-0.300343,2026-07-08,308.000000,3.451699,0.777433,62774.170000,62730.330000
29724929,2026-07-08T07:29,62760.010000,0.271400,0.554671,2026-07-08,233.000000,0.372171,0.502849,62773.990000,62760.000000
29724930,2026-07-08T07:30,62784.620000,0.387400,-0.014918,2026-07-08,377.000000,4.631562,0.765643,62787.990000,62752.570000
29724931,2026-07-08T07:31,62782.730000,0.219200,0.533866,2026-07-08,351.000000,3.661549,0.724650,62801.410000,62782.720000
29724932,2026-07-08T07:32,62788.380000,-0.369500,0.449299,2026-07-08,293.000000,2.892971,0.645606,62791.100000,62771.070000
29724933,2026-07-08T07:33,62796.380000,-0.196700,0.284200,2026-07-08,254.000000,0.693353,0.718039,62805.160000,62778.690000
29724934,2026-07-08T07:34,62831.490000,-0.160200,0.469556,2026-07-08,272.000000,1.690695,0.768509,62831.520000,62796.370000
29724935,2026-07-08T07:35,62793.620000,-0.125500,0.537022,2026-07-08,362.000000,2.667717,0.514049,62831.490000,62790.000000
29724936,2026-07-08T07:36,62785.320000,0.802200,0.028092,2026-07-08,275.000000,0.658305,0.610790,62813.700000,62784.010000
29724937,2026-07-08T07:37,62776.010000,-0.190400,0.138139,2026-07-08,297.000000,0.972146,0.346758,62792.020000,62767.610000
29724938,2026-07-08T07:38,62720.010000,0.143900,-0.270255,2026-07-08,310.000000,4.275018,0.433093,62776.000000,62708.840000
29724939,2026-07-08T07:39,62720.210000,-0.088400,-0.133814,2026-07-08,236.000000,0.846137,0.418707,62725.830000,62716.020000
29724940,2026-07-08T07:40,62747.540000,-0.615800,-0.163169,2026-07-08,322.000000,1.291761,0.777333,62751.800000,62718.070000
29724941,2026-07-08T07:41,62750.820000,-0.323600,0.555381,2026-07-08,254.000000,0.907218,0.590252,62753.300000,62738.020000
29724942,2026-07-08T07:42,62732.930000,-0.394600,0.180487,2026-07-08,204.000000,0.649027,0.636531,62750.810000,62730.360000
29724943,2026-07-08T07:43,62751.990000,-0.117600,0.270196,2026-07-08,238.000000,2.135527,0.894823,62751.990000,62725.000000
29724944,2026-07-08T07:44,62778.010000,0.189600,0.791611,2026-07-08,327.000000,1.769775,0.697525,62779.230000,62724.020000
29724945,2026-07-08T07:45,62759.400000,0.481100,0.392873,2026-07-08,285.000000,1.883557,0.562844,62778.010000,62742.500000
29724946,2026-07-08T07:46,62766.790000,0.342300,0.125127,2026-07-08,237.000000,0.743055,0.666306,62773.640000,62756.870000
29724947,2026-07-08T07:47,62770.600000,0.175200,0.332612,2026-07-08,199.000000,0.481047,0.284578,62776.710000,62766.790000
29724948,2026-07-08T07:48,62769.880000,0.007800,-0.487427,2026-07-08,259.000000,1.677221,0.416800,62783.180000,62763.100000
29724949,2026-07-08T07:49,62817.710000,-0.497700,-0.138592,2026-07-08,324.000000,4.024453,0.896376,62820.740000,62769.880000
29724950,2026-07-08T07:50,62800.900000,0.231600,0.788119,2026-07-08,335.000000,2.877770,0.528281,62817.710000,62786.850000
29724951,2026-07-08T07:51,62830.820000,0.315800,0.046086,2026-07-08,272.000000,1.155354,0.819259,62833.010000,62800.900000
29724952,2026-07-08T07:52,62794.990000,-0.205500,0.630732,2026-07-08,332.000000,2.199701,0.636424,62831.740000,62795.210000
29724953,2026-07-08T07:53,62843.680000,0.126700,0.272951,2026-07-08,311.000000,1.729882,0.937462,62844.500000,62799.880000
29724954,2026-07-08T07:54,62845.990000,-0.224300,0.761579,2026-07-08,250.000000,0.835965,0.580932,62846.450000,62833.400000
29724955,2026-07-08T07:55,62838.540000,-0.251500,0.066790,2026-07-08,278.000000,2.753715,0.874276,62846.440000,62829.700000
29724956,2026-07-08T07:56,62822.310000,0.090100,0.875042,2026-07-08,162.000000,0.121643,0.218422,62838.540000,62822.300000
29724957,2026-07-08T07:57,62824.600000,0.106400,-0.563158,2026-07-08,202.000000,0.935669,0.906598,62825.300000,62820.710000
29724958,2026-07-08T07:58,62827.570000,0.141500,0.813197,2026-07-08,233.000000,1.882244,0.799439,62841.390000,62822.300000
29724959,2026-07-08T07:59,62834.440000,-0.370100,0.599604,2026-07-08,228.000000,1.968167,0.278979,62840.930000,62827.000000
29724960,2026-07-08T08:00,62822.060000,-0.090100,-0.444992,2026-07-08,325.000000,2.462616,0.571871,62834.440000,62796.980000
29724961,2026-07-08T08:01,62835.210000,0.077200,0.153648,2026-07-08,321.000000,2.205604,0.695010,62838.020000,62818.130000
29724962,2026-07-08T08:02,62835.230000,-0.034800,0.381975,2026-07-08,372.000000,4.172210,0.771640,62876.610000,62835.210000
29724963,2026-07-08T08:03,62844.630000,-0.346700,0.360837,2026-07-08,533.000000,7.914470,0.825878,62858.970000,62814.900000
29724964,2026-07-08T08:04,62834.070000,0.277800,0.703277,2026-07-08,537.000000,12.282926,0.690244,62851.890000,62796.400000
29724965,2026-07-08T08:05,62858.100000,0.005400,0.405768,2026-07-08,374.000000,4.181539,0.673291,62858.100000,62817.370000
29724966,2026-07-08T08:06,62864.150000,0.015700,0.387976,2026-07-08,456.000000,4.636436,0.578280,62895.350000,62858.110000
29724967,2026-07-08T08:07,62785.320000,0.237600,0.065180,2026-07-08,509.000000,6.781325,0.289456,62875.610000,62771.620000
29724968,2026-07-08T08:08,62772.600000,0.201200,-0.408035,2026-07-08,532.000000,8.571552,0.361675,62792.000000,62726.090000
29724969,2026-07-08T08:09,62784.900000,-0.217000,-0.202250,2026-07-08,566.000000,9.775027,0.317194,62829.690000,62774.200000
29724970,2026-07-08T08:10,62784.740000,0.272800,-0.446524,2026-07-08,453.000000,6.943393,0.275845,62789.000000,62755.700000
29724971,2026-07-08T08:11,62774.190000,0.681600,-0.444900,2026-07-08,482.000000,4.838779,0.346696,62784.730000,62733.880000
29724972,2026-07-08T08:12,62736.630000,0.312600,-0.315067,2026-07-08,362.000000,2.705140,0.428394,62803.800000,62733.500000
29724973,2026-07-08T08:13,62751.270000,0.390900,-0.123574,2026-07-08,294.000000,1.925083,0.648862,62756.270000,62733.500000
29724974,2026-07-08T08:14,62777.900000,0.733900,0.297503,2026-07-08,357.000000,2.309288,0.738816,62781.040000,62747.160000
29724975,2026-07-08T08:15,62759.400000,0.089800,0.477632,2026-07-08,300.000000,1.800884,0.387299,62796.360000,62759.400000
29724976,2026-07-08T08:16,62543.310000,0.034200,-0.225298,2026-07-08,867.000000,17.414656,0.282180,62766.800000,62541.100000
29724977,2026-07-08T08:17,62360.670000,0.460500,-0.413544,2026-07-08,1033.000000,17.554119,0.345936,62568.970000,62350.300000
29724978,2026-07-08T08:18,62411.580000,-0.180500,-0.373397,2026-07-08,1378.000000,36.620714,0.337239,62446.490000,62262.840000
29724979,2026-07-08T08:19,62397.350000,0.072400,-0.304738,2026-07-08,868.000000,8.350657,0.528003,62464.480000,62356.100000
29724980,2026-07-08T08:20,62376.120000,0.089500,0.106523,2026-07-08,631.000000,5.614668,0.485746,62457.630000,62350.020000
29724981,2026-07-08T08:21,62236.560000,0.618500,-0.076170,2026-07-08,892.000000,16.029133,0.276584,62375.060000,62200.000000
29724982,2026-07-08T08:22,62255.990000,0.920400,-0.425454,2026-07-08,678.000000,6.714161,0.637288,62274.170000,62194.900000
29724983,2026-07-08T08:23,62147.310000,-0.372500,0.261368,2026-07-08,622.000000,5.724807,0.317823,62279.990000,62135.630000
29724984,2026-07-08T08:24,62161.570000,0.398000,-0.379968,2026-07-08,646.000000,8.359920,0.593534,62189.590000,62120.730000
29724985,2026-07-08T08:25,62132.230000,-0.008700,0.147704,2026-07-08,887.000000,9.088955,0.571673,62182.190000,62101.570000
29724986,2026-07-08T08:26,62138.400000,0.096700,0.216151,2026-07-08,601.000000,7.022158,0.422573,62172.740000,62125.710000
29724987,2026-07-08T08:27,62099.710000,0.278100,-0.145221,2026-07-08,806.000000,16.297178,0.275281,62138.410000,62036.010000
29724988,2026-07-08T08:28,62074.900000,-0.280600,-0.453558,2026-07-08,552.000000,13.683294,0.842723,62111.880000,62024.480000
29724989,2026-07-08T08:29,62025.650000,-0.144900,0.667704,2026-07-08,506.000000,8.273039,0.643101,62077.370000,62022.000000
29724990,2026-07-08T08:30,62018.120000,-0.120500,0.257939,2026-07-08,1091.000000,31.209658,0.250912,62045.300000,61967.420000
29724991,2026-07-08T08:31,61978.690000,0.302500,-0.494537,2026-07-08,779.000000,11.568890,0.611795,62104.490000,61962.140000
29724992,2026-07-08T08:32,61952.790000,0.086100,0.240728,2026-07-08,863.000000,22.938897,0.604813,61997.180000,61893.900000
29724993,2026-07-08T08:33,61978.710000,-0.088800,0.205934,2026-07-08,540.000000,5.777505,0.544198,62028.910000,61952.800000
29724994,2026-07-08T08:34,62069.510000,0.267500,0.087102,2026-07-08,670.000000,13.401773,0.715064,62075.050000,61925.010000
29724995,2026-07-08T08:35,61972.370000,-0.066900,0.421474,2026-07-08,582.000000,7.392591,0.350875,62101.320000,61970.500000
29724996,2026-07-08T08:36,61933.850000,0.073900,-0.466085,2026-07-08,695.000000,12.515057,0.393874,61985.980000,61921.410000
29724997,2026-07-08T08:37,61871.180000,0.141500,-0.225154,2026-07-08,531.000000,8.498841,0.380007,61938.070000,61856.200000
29724998,2026-07-08T08:38,61859.490000,0.051200,-0.222919,2026-07-08,554.000000,4.756661,0.609807,61889.890000,61850.010000
29724999,2026-07-08T08:39,61930.760000,0.048700,0.244688,2026-07-08,765.000000,18.377411,0.874591,61945.290000,61858.070000
29725000,2026-07-08T08:40,61899.070000,-0.061900,0.712522,2026-07-08,668.000000,16.712059,0.621186,61937.990000,61871.030000
29725001,2026-07-08T08:41,61845.620000,0.345500,0.266163,2026-07-08,494.000000,4.697138,0.322063,61930.590000,61836.000000
29725002,2026-07-08T08:42,61888.680000,0.327800,-0.381400,2026-07-08,645.000000,10.792882,0.383110,61896.690000,61795.100000
29725003,2026-07-08T08:43,61908.400000,0.539900,-0.200756,2026-07-08,526.000000,7.489283,0.462517,61936.800000,61868.400000
29725004,2026-07-08T08:44,61986.440000,0.277700,-0.094300,2026-07-08,710.000000,15.895535,0.862185,62033.970000,61908.400000
29725005,2026-07-08T08:45,62052.770000,0.095600,0.719159,2026-07-08,737.000000,14.777687,0.821339,62066.000000,61975.000000
29725006,2026-07-08T08:46,62103.290000,0.269500,0.648050,2026-07-08,838.000000,16.768675,0.681731,62141.230000,62052.710000
29725007,2026-07-08T08:47,62231.600000,0.007700,0.363927,2026-07-08,705.000000,8.573002,0.493085,62280.130000,62115.600000
29725008,2026-07-08T08:48,62245.100000,0.081600,-0.015662,2026-07-08,629.000000,7.798134,0.506129,62285.360000,62213.830000
29725009,2026-07-08T08:49,62127.510000,0.074100,0.012735,2026-07-08,578.000000,7.768096,0.505955,62248.840000,62126.700000
29725010,2026-07-08T08:50,62100.790000,0.050600,0.011911,2026-07-08,475.000000,6.541418,0.327570,62128.500000,62088.300000
29725011,2026-07-08T08:51,62102.010000,-0.264200,-0.344861,2026-07-08,532.000000,6.480020,0.455760,62136.140000,62100.790000
29725012,2026-07-08T08:52,62128.460000,0.415600,-0.088479,2026-07-08,306.000000,1.405303,0.690794,62141.500000,62098.900000
29725013,2026-07-08T08:53,62130.400000,-0.148300,0.381589,2026-07-08,398.000000,2.747087,0.390672,62174.800000,62122.240000
29725014,2026-07-08T08:54,62087.510000,0.197300,-0.201933,2026-07-08,288.000000,2.571044,0.511761,62136.000000,62086.750000
29725015,2026-07-08T08:55,62137.810000,-0.038300,-0.010972,2026-07-08,330.000000,1.339813,0.520110,62163.700000,62087.510000
29725016,2026-07-08T08:56,62030.900000,0.198900,0.054818,2026-07-08,561.000000,10.569595,0.104138,62137.810000,62016.570000
29725017,2026-07-08T08:57,61997.210000,-0.080200,-0.791432,2026-07-08,376.000000,6.389130,0.167292,62040.410000,61982.400000
29725018,2026-07-08T08:58,61958.850000,0.215900,-0.683854,2026-07-08,402.000000,5.305190,0.133927,61998.970000,61942.330000
29725019,2026-07-08T08:59,61959.960000,-0.363900,-0.711247,2026-07-08,430.000000,4.206949,0.127796,61963.600000,61934.310000
29725020,2026-07-08T09:00,61969.210000,0.414100,-0.545886,2026-07-08,639.000000,14.195836,0.489496,61967.740000,61874.460000
29725021,2026-07-08T09:01,61990.150000,0.476300,-0.074133,2026-07-08,669.000000,12.198168,0.184136,62011.990000,61923.250000
29725022,2026-07-08T09:02,61999.930000,0.733400,-0.641846,2026-07-08,278.000000,3.057686,0.756711,62010.000000,61988.000000
29725023,2026-07-08T09:03,62000.900000,0.246400,0.519681,2026-07-08,332.000000,3.546885,0.417190,62024.520000,61987.780000
29725024,2026-07-08T09:04,62055.210000,0.496800,-0.179231,2026-07-08,375.000000,4.120004,0.723326,62055.220000,61986.110000
29725025,2026-07-08T09:05,62019.400000,0.331100,0.446651,2026-07-08,302.000000,4.760611,0.331807,62055.210000,62015.700000
29725026,2026-07-08T09:06,62001.490000,0.432400,-0.336398,2026-07-08,350.000000,4.113863,0.802688,62027.830000,61993.510000
29725027,2026-07-08T09:07,61925.430000,-0.256800,0.609943,2026-07-08,387.000000,8.113024,0.247526,62023.100000,61916.410000
29725028,2026-07-08T09:08,61909.370000,0.068800,-0.515939,2026-07-08,504.000000,5.164362,0.533732,61970.070000,61901.370000
29725029,2026-07-08T09:09,61892.010000,-0.205600,0.123108,2026-07-08,270.000000,3.758762,0.398957,61919.500000,61892.010000
29725030,2026-07-08T09:10,61915.980000,0.073200,-0.299389,2026-07-08,339.000000,4.893407,0.500679,61923.190000,61882.510000
29725031,2026-07-08T09:11,61875.100000,0.259300,0.000939,2026-07-08,430.000000,5.772891,0.338446,61930.600000,61860.300000
29725032,2026-07-08T09:12,61857.880000,0.428500,-0.299577,2026-07-08,333.000000,6.580876,0.281847,61880.040000,61850.620000
29725033,2026-07-08T09:13,61872.650000,0.664300,-0.505484,2026-07-08,256.000000,3.823277,0.498405,61872.650000,61843.790000
29725034,2026-07-08T09:14,61822.820000,0.264300,0.200387,2026-07-08,441.000000,11.113406,0.215396,61891.750000,61823.300000
29725035,2026-07-08T09:15,61793.710000,-0.132300,-0.458477,2026-07-08,772.000000,18.951169,0.405607,61846.970000,61734.500000
29725036,2026-07-08T09:16,61785.950000,0.473000,-0.247649,2026-07-08,754.000000,15.493613,0.270301,61850.000000,61782.040000
29725037,2026-07-08T09:17,61726.440000,-0.475000,-0.461504,2026-07-08,720.000000,20.341310,0.514431,61815.890000,61683.830000
29725038,2026-07-08T09:18,61697.010000,0.368100,0.030385,2026-07-08,393.000000,6.689531,0.418545,61741.890000,61663.400000
29725039,2026-07-08T09:19,61729.570000,-0.144500,-0.167076,2026-07-08,406.000000,7.738903,0.626641,61742.470000,61697.010000
29725040,2026-07-08T09:20,61786.290000,0.410800,0.256083,2026-07-08,410.000000,7.022473,0.832072,61809.970000,61729.580000
29725041,2026-07-08T09:21,61754.100000,-0.124800,0.669055,2026-07-08,453.000000,5.969146,0.514509,61822.820000,61745.940000
29725042,2026-07-08T09:22,61760.820000,-0.043100,0.003535,2026-07-08,377.000000,4.863038,0.316817,61765.400000,61714.020000
29725043,2026-07-08T09:23,61781.900000,0.360300,-0.371836,2026-07-08,253.000000,4.141365,0.388991,61782.480000,61740.420000
29725044,2026-07-08T09:24,61763.010000,-0.282100,-0.198793,2026-07-08,382.000000,6.943303,0.756349,61801.260000,61758.400000
29725045,2026-07-08T09:25,61772.120000,0.055800,0.632162,2026-07-08,213.000000,4.432402,0.818129,61787.940000,61750.010000
29725046,2026-07-08T09:26,61814.010000,0.299100,0.046768,2026-07-08,272.000000,2.065831,0.330558,61819.600000,61770.350000
29725047,2026-07-08T09:27,61831.070000,-0.268300,-0.369441,2026-07-08,386.000000,9.077154,0.730441,61846.000000,61808.510000
29725048,2026-07-08T09:28,61845.510000,-0.023300,0.489431,2026-07-08,253.000000,2.955214,0.497344,61855.370000,61823.470000
29725049,2026-07-08T09:29,61878.370000,-0.216700,-0.084334,2026-07-08,181.000000,1.867308,0.334095,61880.820000,61841.810000
29725050,2026-07-08T09:30,61940.010000,-0.051300,-0.331810,2026-07-08,386.000000,7.756029,0.654069,61959.170000,61875.360000
29725051,2026-07-08T09:31,61989.810000,0.022700,0.308209,2026-07-08,508.000000,8.880838,0.493983,62000.900000,61924.350000
29725052,2026-07-08T09:32,62035.930000,-0.186000,-0.009375,2026-07-08,484.000000,18.704120,0.201058,62049.000000,61952.150000
29725053,2026-07-08T09:33,62076.790000,-0.379800,-0.611329,2026-07-08,370.000000,8.822848,0.798641,62078.600000,62027.140000
29725054,2026-07-08T09:34,62105.370000,-0.224300,0.710830,2026-07-08,475.000000,10.669229,0.542135,62114.620000,62076.790000
29725055,2026-07-08T09:35,62045.310000,-0.409000,-0.046244,2026-07-08,336.000000,6.983067,0.142291,62102.040000,62042.200000
29725056,2026-07-08T09:36,62038.900000,-0.385700,-0.717849,2026-07-08,222.000000,3.007248,0.520649,62081.080000,62037.910000
29725057,2026-07-08T09:37,62020.540000,-0.624300,0.041298,2026-07-08,204.000000,2.215611,0.417355,62060.000000,62019.400000
29725058,2026-07-08T09:38,62000.900000,-0.439800,-0.164854,2026-07-08,168.000000,1.439518,0.582229,62026.000000,61985.700000
29725059,2026-07-08T09:39,62041.570000,-0.245100,0.144207,2026-07-08,196.000000,0.582995,0.715334,62056.000000,61994.040000
29725060,2026-07-08T09:40,62019.400000,-0.371300,0.541627,2026-07-08,194.000000,1.365229,0.517631,62046.640000,62019.390000
29725061,2026-07-08T09:41,62033.760000,-0.265100,-0.009473,2026-07-08,238.000000,2.361880,0.878697,62037.890000,62002.100000
29725062,2026-07-08T09:42,62077.620000,-0.409200,0.783594,2026-07-08,316.000000,6.266625,0.852470,62085.990000,62033.760000
29725063,2026-07-08T09:43,62040.310000,-0.045800,0.696198,2026-07-08,243.000000,1.337166,0.399151,62086.000000,62024.200000
29725064,2026-07-08T09:44,62080.460000,0.195600,-0.204301,2026-07-08,226.000000,1.191041,0.579326,62080.470000,62036.000000
29725065,2026-07-08T09:45,62031.210000,0.204300,0.198204,2026-07-08,220.000000,1.958547,0.246420,62082.290000,62030.500000
29725066,2026-07-08T09:46,62069.600000,0.027700,-0.548442,2026-07-08,241.000000,2.235926,0.731194,62074.890000,62012.030000
29725067,2026-07-08T09:47,62060.100000,0.278600,0.463219,2026-07-08,150.000000,2.996815,0.277919,62069.600000,62045.990000
29725068,2026-07-08T09:48,62063.790000,0.303500,-0.445832,2026-07-08,201.000000,1.272209,0.228617,62073.140000,62049.000000
29725069,2026-07-08T09:49,62042.100000,-0.345200,-0.542765,2026-07-08,177.000000,2.095197,0.647522,62069.370000,62037.900000
29725070,2026-07-08T09:50,61992.210000,-0.366400,0.296638,2026-07-08,234.000000,2.654656,0.462561,62039.010000,61989.340000
29725071,2026-07-08T09:51,62010.010000,0.393700,-0.076805,2026-07-08,119.000000,0.434476,0.761086,62014.620000,61992.220000
29725072,2026-07-08T09:52,62053.020000,0.255400,0.523889,2026-07-08,189.000000,0.750026,0.581762,62061.190000,62010.020000
29725073,2026-07-08T09:53,62056.350000,0.852600,0.162352,2026-07-08,234.000000,3.364904,0.540198,62053.870000,62034.800000
29725074,2026-07-08T09:54,62000.900000,0.121900,0.080254,2026-07-08,218.000000,19.989217,0.061088,62059.460000,62004.600000
29725075,2026-07-08T09:55,62026.790000,0.161200,-0.784100,2026-07-08,407.000000,9.403576,0.909852,62041.600000,62000.910000
29725076,2026-07-08T09:56,62020.460000,-0.077600,0.804216,2026-07-08,249.000000,0.634845,0.911650,62042.080000,62021.350000
29725077,2026-07-08T09:57,62019.400000,-0.536800,0.660273,2026-07-08,258.000000,0.865098,0.581515,62030.640000,62005.000000
29725078,2026-07-08T09:58,62006.010000,-0.215400,0.161037,2026-07-08,238.000000,2.027070,0.773240,62028.740000,62006.010000
29725079,2026-07-08T09:59,62001.820000,0.162400,0.570436,2026-07-08,238.000000,1.405496,0.325498,62009.100000,61998.960000
29725080,2026-07-08T10:00,61993.760000,-0.428000,-0.171203,2026-07-08,501.000000,5.649661,0.488229,62037.890000,61993.510000
29725081,2026-07-08T10:01,61923.980000,-0.188500,-0.066324,2026-07-08,430.000000,7.184028,0.112892,61993.760000,61919.510000
29725082,2026-07-08T10:02,61944.100000,-0.007200,-0.774703,2026-07-08,333.000000,1.728594,0.759755,61947.880000,61920.860000
29725083,2026-07-08T10:03,61928.100000,-0.691700,0.519511,2026-07-08,303.000000,3.583363,0.909426,61948.010000,61928.110000
29725084,2026-07-08T10:04,61896.620000,-0.096500,0.818851,2026-07-08,335.000000,7.243249,0.715116,61928.110000,61878.810000
29725085,2026-07-08T10:05,61878.790000,0.210200,0.430232,2026-07-08,333.000000,2.868577,0.596468,61907.970000,61857.340000
29725086,2026-07-08T10:06,61871.980000,-0.572800,0.192937,2026-07-08,252.000000,2.700620,0.814449,61881.280000,61849.210000
29725087,2026-07-08T10:07,61859.150000,0.410800,0.628999,2026-07-08,238.000000,1.870137,0.712164,61876.450000,61852.350000
29725088,2026-07-08T10:08,61848.430000,-0.156900,0.467695,2026-07-08,266.000000,2.491601,0.523164,61878.790000,61844.200000
29725089,2026-07-08T10:09,61870.170000,0.455200,-0.017444,2026-07-08,221.000000,1.145755,0.947554,61870.160000,61848.430000
29725090,2026-07-08T10:10,61902.040000,0.266900,0.923236,2026-07-08,395.000000,6.089306,0.889168,61925.070000,61870.170000
29725091,2026-07-08T10:11,61850.260000,-0.261900,0.764549,2026-07-08,285.000000,5.839636,0.263350,61914.580000,61850.260000
29725092,2026-07-08T10:12,61893.600000,0.249900,-0.473406,2026-07-08,296.000000,5.472596,0.605416,61893.200000,61845.510000
29725093,2026-07-08T10:13,61883.730000,-0.080300,0.210530,2026-07-08,175.000000,1.512100,0.850906,61904.100000,61880.800000
29725094,2026-07-08T10:14,61940.560000,0.427700,0.703355,2026-07-08,224.000000,1.470534,0.897922,61941.520000,61883.700000
29725095,2026-07-08T10:15,61920.430000,-0.328100,0.805914,2026-07-08,201.000000,1.413259,0.453836,61959.970000,61920.440000
29725096,2026-07-08T10:16,61938.650000,0.343900,-0.154658,2026-07-08,180.000000,1.822148,0.765846,61938.660000,61919.510000
29725097,2026-07-08T10:17,61962.790000,-0.209100,0.531916,2026-07-08,225.000000,1.020232,0.872422,61970.540000,61927.510000
29725098,2026-07-08T10:18,61923.810000,0.003200,0.746530,2026-07-08,132.000000,0.908710,0.763030,61962.790000,61923.800000
29725099,2026-07-08T10:19,61952.790000,0.194400,0.571488,2026-07-08,179.000000,0.577055,0.552077,61952.790000,61923.810000
29725100,2026-07-08T10:20,61985.790000,-0.124100,0.094327,2026-07-08,176.000000,1.134052,0.427154,61992.000000,61952.800000
29725101,2026-07-08T10:21,61986.100000,0.236500,-0.252852,2026-07-08,269.000000,10.659014,0.071910,61987.740000,61936.840000
29725102,2026-07-08T10:22,61995.430000,-0.131000,-0.856470,2026-07-08,150.000000,1.671350,0.940303,61998.530000,61974.170000
29725103,2026-07-08T10:23,61971.920000,-0.486900,0.894324,2026-07-08,224.000000,3.533407,0.838304,62012.550000,61971.910000
29725104,2026-07-08T10:24,61998.630000,-0.172300,0.677033,2026-07-08,208.000000,3.338896,0.358938,61998.670000,61969.850000
29725105,2026-07-08T10:25,62025.620000,0.007300,-0.283933,2026-07-08,165.000000,0.802529,0.854175,62025.630000,61998.620000
29725106,2026-07-08T10:26,62019.240000,0.266100,0.682836,2026-07-08,183.000000,1.621660,0.081468,62030.490000,62019.230000
29725107,2026-07-08T10:27,62025.180000,-0.053100,-0.835840,2026-07-08,139.000000,1.440554,0.032218,62027.590000,62014.550000
29725108,2026-07-08T10:28,62042.270000,-0.031600,-0.934945,2026-07-08,156.000000,0.966677,0.321248,62048.990000,62025.180000
29725109,2026-07-08T10:29,62053.080000,-0.297000,-0.357709,2026-07-08,133.000000,1.192475,0.587547,62054.930000,62036.410000
29725110,2026-07-08T10:30,62019.400000,-0.338300,0.138228,2026-07-08,267.000000,2.779539,0.384166,62053.080000,62008.540000
29725111,2026-07-08T10:31,62067.870000,-0.392800,-0.220909,2026-07-08,336.000000,3.912801,0.741402,62076.790000,62004.600000
29725112,2026-07-08T10:32,62037.900000,-0.286400,0.492658,2026-07-08,240.000000,3.174485,0.848577,62069.990000,62037.910000
29725113,2026-07-08T10:33,62080.580000,-0.327400,0.691825,2026-07-08,221.000000,1.225552,0.829125,62080.590000,62037.900000
29725114,2026-07-08T10:34,62086.650000,0.071300,0.658382,2026-07-08,261.000000,1.005440,0.521906,62094.000000,62077.430000
29725115,2026-07-08T10:35,62099.350000,-0.323000,0.043667,2026-07-08,289.000000,2.542478,0.828131,62110.000000,62086.640000
29725116,2026-07-08T10:36,62042.820000,-0.316300,0.656530,2026-07-08,262.000000,1.821533,0.408732,62099.350000,62041.610000
29725117,2026-07-08T10:37,62038.510000,-0.286000,-0.182794,2026-07-08,258.000000,2.356251,0.257121,62067.500000,62030.510000
29725118,2026-07-08T10:38,62034.830000,0.111300,-0.484552,2026-07-08,225.000000,2.928584,0.439463,62062.110000,62034.830000
29725119,2026-07-08T10:39,62064.320000,0.030700,-0.121714,2026-07-08,148.000000,0.451761,0.352486,62069.360000,62034.830000
29725120,2026-07-08T10:40,62072.930000,0.015500,-0.295731,2026-07-08,190.000000,0.925340,0.703298,62086.000000,62064.310000
29725121,2026-07-08T10:41,62067.510000,-0.416400,0.406597,2026-07-08,222.000000,0.257228,0.224542,62072.940000,62067.500000
29725122,2026-07-08T10:42,62075.510000,-0.147300,-0.550916,2026-07-08,289.000000,2.148683,0.799903,62096.280000,62067.500000
29725123,2026-07-08T10:43,62082.930000,-0.284700,0.599913,2026-07-08,276.000000,1.262481,0.042364,62096.730000,62075.500000
29725124,2026-07-08T10:44,62086.020000,0.085700,-0.916153,2026-07-08,268.000000,3.387294,0.965135,62093.970000,62071.800000
29725125,2026-07-08T10:45,62093.400000,0.216500,0.911396,2026-07-08,278.000000,1.407088,0.285860,62093.400000,62074.900000
29725126,2026-07-08T10:46,62097.080000,-0.361300,-0.414358,2026-07-08,231.000000,0.171416,0.520391,62097.030000,62083.070000
29725127,2026-07-08T10:47,62071.820000,-0.260300,0.040783,2026-07-08,312.000000,4.121710,0.776056,62117.900000,62071.810000
29725128,2026-07-08T10:48,62069.990000,-0.439200,0.552005,2026-07-08,275.000000,3.789591,0.156721,62077.980000,62043.000000
29725129,2026-07-08T10:49,62092.010000,-0.046100,-0.686534,2026-07-08,374.000000,9.951918,0.956029,62092.020000,62041.600000
29725130,2026-07-08T10:50,62093.180000,-0.493800,0.912058,2026-07-08,383.000000,2.763370,0.345308,62136.530000,62080.000000
29725131,2026-07-08T10:51,62104.070000,0.184900,-0.282997,2026-07-08,263.000000,1.082697,0.329635,62104.100000,62093.170000
29725132,2026-07-08T10:52,62112.320000,-0.104700,-0.415008,2026-07-08,212.000000,0.454557,0.475174,62115.350000,62104.060000
29725133,2026-07-08T10:53,62104.210000,0.328500,-0.050132,2026-07-08,293.000000,2.817846,0.749860,62116.050000,62100.800000
29725134,2026-07-08T10:54,62102.510000,-0.161700,0.499842,2026-07-08,258.000000,0.781794,0.565120,62111.900000,62093.400000
29725135,2026-07-08T10:55,62117.180000,-0.464200,0.130240,2026-07-08,189.000000,0.122556,0.866688,62118.000000,62102.510000
29725136,2026-07-08T10:56,62118.010000,-0.371200,0.733374,2026-07-08,253.000000,0.941613,0.619736,62131.890000,62114.370000
29725137,2026-07-08T10:57,62094.040000,0.177400,0.239299,2026-07-08,259.000000,1.056229,0.193047,62118.020000,62093.400000
29725138,2026-07-08T10:58,62082.310000,-0.032200,-0.613858,2026-07-08,262.000000,0.609583,0.384544,62104.350000,62082.300000
29725139,2026-07-08T10:59,62128.010000,-0.131400,-0.231947,2026-07-08,408.000000,9.499737,0.807621,62128.010000,62071.200000
29725140,2026-07-08T11:00,62088.010000,-0.313700,0.526990,2026-07-08,470.000000,3.069178,0.173793,62130.390000,62081.000000
29725141,2026-07-08T11:01,62111.900000,-0.117200,-0.534746,2026-07-08,390.000000,1.506169,0.700923,62135.920000,62086.000000
29725142,2026-07-08T11:02,62094.680000,-0.201200,0.372919,2026-07-08,336.000000,0.929123,0.356584,62126.700000,62090.570000
29725143,2026-07-08T11:03,62108.290000,-0.169100,-0.286787,2026-07-08,402.000000,4.409939,0.830816,62118.640000,62078.600000
29725144,2026-07-08T11:04,62083.990000,-0.048400,0.661783,2026-07-08,462.000000,5.976202,0.782403,62120.260000,62070.000000
29725145,2026-07-08T11:05,62110.620000,-0.199300,0.571967,2026-07-08,382.000000,4.903821,0.401974,62122.870000,62071.230000
29725146,2026-07-08T11:06,62110.620000,-0.426100,-0.221292,2026-07-08,182.000000,1.927341,0.434563,62121.780000,62110.600000
29725147,2026-07-08T11:07,62099.130000,0.031500,-0.131255,2026-07-08,245.000000,1.404126,0.731540,62109.980000,62089.700000
29725148,2026-07-08T11:08,62099.540000,0.578600,0.463080,2026-07-08,263.000000,1.315309,0.704197,62115.890000,62093.410000
29725149,2026-07-08T11:09,62101.850000,0.036800,0.408395,2026-07-08,282.000000,2.979024,0.554905,62115.570000,62093.410000
29725150,2026-07-08T11:10,62093.400000,-0.136700,0.109997,2026-07-08,210.000000,1.433026,0.632638,62108.000000,62093.380000
29725151,2026-07-08T11:11,62016.600000,-0.390600,0.242791,2026-07-08,392.000000,3.176814,0.503160,62090.310000,62015.000000
29725152,2026-07-08T11:12,62072.960000,0.394100,0.014651,2026-07-08,380.000000,3.090703,0.778806,62072.980000,62013.500000
29725153,2026-07-08T11:13,62057.260000,-0.195000,0.557961,2026-07-08,301.000000,2.336076,0.514485,62078.780000,62059.280000
29725154,2026-07-08T11:14,62058.070000,-0.058200,0.028459,2026-07-08,129.000000,0.361293,0.969733,62058.070000,62054.170000
29725155,2026-07-08T11:15,62054.180000,0.109400,0.939127,2026-07-08,256.000000,1.607197,0.569634,62071.200000,62054.170000
29725156,2026-07-08T11:16,62044.010000,0.169400,0.139485,2026-07-08,295.000000,0.933483,0.638554,62054.180000,62032.080000
29725157,2026-07-08T11:17,62036.960000,0.290200,0.279155,2026-07-08,278.000000,0.677329,0.625719,62040.910000,62027.990000
29725158,2026-07-08T11:18,62071.210000,0.585000,0.136181,2026-07-08,320.000000,3.091891,0.937592,62071.220000,62032.350000
29725159,2026-07-08T11:19,62105.480000,-0.327900,0.916330,2026-07-08,233.000000,1.211725,0.756064,62107.900000,62072.330000
29725160,2026-07-08T11:20,62076.100000,-0.334100,0.519572,2026-07-08,299.000000,0.826655,0.467580,62105.990000,62069.370000
29725161,2026-07-08T11:21,62045.310000,-0.562800,-0.089588,2026-07-08,221.000000,0.796428,0.196775,62078.600000,62045.300000
29725162,2026-07-08T11:22,62056.730000,-0.720300,-0.462246,2026-07-08,219.000000,1.138597,0.298015,62062.230000,62041.600000
29725163,2026-07-08T11:23,62030.510000,-0.145000,-0.498272,2026-07-08,183.000000,1.108551,0.591764,62057.760000,62030.510000
29725164,2026-07-08T11:24,62021.380000,-0.041300,0.177559,2026-07-08,165.000000,1.369378,0.301731,62030.510000,62020.190000
29725165,2026-07-08T11:25,62034.190000,-0.067200,-0.395982,2026-07-08,123.000000,0.502092,0.957493,62034.200000,62021.380000
29725166,2026-07-08T11:26,62023.100000,-0.612000,0.915922,2026-07-08,163.000000,1.882869,0.546385,62042.000000,62023.100000
29725167,2026-07-08T11:27,62011.380000,0.226500,0.070971,2026-07-08,281.000000,2.769025,0.090343,62023.100000,62000.000000
29725168,2026-07-08T11:28,62031.370000,0.326100,-0.817095,2026-07-08,232.000000,1.055536,0.763005,62032.640000,62000.910000
29725169,2026-07-08T11:29,62065.990000,0.151500,0.526134,2026-07-08,330.000000,3.758332,0.711818,62066.630000,62031.360000
29725170,2026-07-08T11:30,62073.240000,-0.011100,0.423624,2026-07-08,295.000000,0.440365,0.262464,62073.250000,62052.950000
29725171,2026-07-08T11:31,62078.600000,-0.337400,-0.475610,2026-07-08,296.000000,1.316511,0.562033,62095.090000,62068.400000
29725172,2026-07-08T11:32,62043.620000,-0.626000,0.125115,2026-07-08,310.000000,1.817443,0.747262,62078.610000,62028.000000
29725173,2026-07-08T11:33,62101.990000,-0.061100,0.497575,2026-07-08,311.000000,1.696685,0.689266,62102.000000,62028.000000
29725174,2026-07-08T11:34,62110.790000,-0.076400,0.373959,2026-07-08,201.000000,0.416163,0.753589,62110.790000,62100.870000
29725175,2026-07-08T11:35,62099.400000,-0.672000,0.585739,2026-07-08,277.000000,0.677864,0.729593,62133.510000,62099.420000
29725176,2026-07-08T11:36,62067.600000,-0.193700,0.387756,2026-07-08,205.000000,1.941311,0.872346,62099.410000,62066.730000
29725177,2026-07-08T11:37,62095.960000,-0.188800,0.732091,2026-07-08,272.000000,0.736955,0.233507,62102.680000,62060.700000
29725178,2026-07-08T11:38,62069.060000,-0.174100,-0.523876,2026-07-08,284.000000,1.039907,0.525320,62097.090000,62067.510000
29725179,2026-07-08T11:39,62093.990000,-0.164100,0.050639,2026-07-08,407.000000,5.772465,0.798263,62120.780000,62069.050000
29725180,2026-07-08T11:40,62082.310000,-0.466400,0.596857,2026-07-08,258.000000,0.582691,0.325030,62095.890000,62082.310000
29725181,2026-07-08T11:41,62074.260000,0.164200,-0.278777,2026-07-08,298.000000,2.497279,0.692535,62085.130000,62060.060000
29725182,2026-07-08T11:42,62080.460000,0.073100,0.375679,2026-07-08,195.000000,0.470546,0.463989,62084.300000,62074.250000
29725183,2026-07-08T11:43,62331.990000,-0.076200,-0.071662,2026-07-08,1164.000000,21.791982,0.815165,62339.500000,62076.440000
29725184,2026-07-08T11:44,62287.540000,-0.242900,0.633455,2026-07-08,737.000000,9.184322,0.627657,62341.300000,62275.290000
29725185,2026-07-08T11:45,62241.990000,0.635000,0.226570,2026-07-08,460.000000,2.798693,0.342061,62284.430000,62230.910000
29725186,2026-07-08T11:46,62219.210000,-0.496600,-0.300714,2026-07-08,511.000000,12.164812,0.419213,62255.430000,62219.200000
29725187,2026-07-08T11:47,62246.690000,-0.056700,-0.194109,2026-07-08,669.000000,9.314191,0.647387,62296.640000,62222.000000
29725188,2026-07-08T11:48,62289.740000,-0.082800,0.369090,2026-07-08,397.000000,2.499960,0.313417,62291.400000,62240.460000
29725189,2026-07-08T11:49,62237.710000,-0.260500,-0.371739,2026-07-08,426.000000,2.362031,0.493922,62290.110000,62237.700000
29725190,2026-07-08T11:50,62195.740000,-0.151400,-0.012201,2026-07-08,468.000000,6.020838,0.183089,62248.800000,62185.960000
29725191,2026-07-08T11:51,62245.100000,0.402500,-0.634049,2026-07-08,366.000000,1.756125,0.721489,62248.790000,62178.500000
29725192,2026-07-08T11:52,62238.430000,-0.317100,0.443852,2026-07-08,446.000000,5.847564,0.563374,62293.190000,62234.340000
29725193,2026-07-08T11:53,62287.480000,0.271600,0.126825,2026-07-08,455.000000,3.736593,0.911446,62288.190000,62237.700000
29725194,2026-07-08T11:54,62300.600000,0.047800,0.819278,2026-07-08,351.000000,2.224781,0.444166,62302.910000,62282.100000
29725195,2026-07-08T11:55,62255.060000,0.033800,-0.108558,2026-07-08,350.000000,2.198151,0.164014,62304.300000,62244.880000
29725196,2026-07-08T11:56,62223.870000,-0.001500,-0.671578,2026-07-08,358.000000,3.045209,0.372514,62252.710000,62222.900000
29725197,2026-07-08T11:57,62221.380000,0.246300,-0.255283,2026-07-08,241.000000,1.192435,0.572224,62232.670000,62216.670000
29725198,2026-07-08T11:58,62245.040000,-0.158500,0.214394,2026-07-08,315.000000,1.326050,0.507093,62251.280000,62221.380000
29725199,2026-07-08T11:59,62249.320000,0.043400,-0.071586,2026-07-08,203.000000,0.661657,0.469566,62250.630000,62244.650000
29725200,2026-07-08T12:00,62199.790000,-0.026000,-0.060868,2026-07-08,461.000000,4.436310,0.226540,62249.330000,62188.010000
29725201,2026-07-08T12:01,62153.270000,0.003400,-0.546921,2026-07-08,516.000000,11.521422,0.353995,62213.180000,62152.000000
29725202,2026-07-08T12:02,62205.230000,0.033400,-0.291373,2026-07-08,355.000000,2.072301,0.503046,62207.380000,62151.230000
29725203,2026-07-08T12:03,62226.850000,-0.450700,0.036094,2026-07-08,337.000000,2.855317,0.772425,62230.300000,62205.220000
29725204,2026-07-08T12:04,62237.120000,-0.051500,0.533454,2026-07-08,329.000000,2.096946,0.808355,62244.740000,62208.000000
29725205,2026-07-08T12:05,62267.310000,-0.419100,0.618294,2026-07-08,706.000000,18.425399,0.289574,62286.520000,62235.000000
29725206,2026-07-08T12:06,62277.620000,-0.127000,-0.422234,2026-07-08,375.000000,5.928441,0.581059,62278.060000,62250.700000
29725207,2026-07-08T12:07,62331.570000,0.093100,0.130233,2026-07-08,644.000000,12.539928,0.769296,62369.970000,62274.510000
29725208,2026-07-08T12:08,62274.710000,-0.389800,0.562573,2026-07-08,318.000000,3.286929,0.474248,62347.760000,62274.700000
29725209,2026-07-08T12:09,62345.580000,-0.025300,-0.053248,2026-07-08,615.000000,15.007414,0.909355,62357.950000,62267.900000
29725210,2026-07-08T12:10,62308.010000,-0.053900,0.820934,2026-07-08,415.000000,5.166810,0.460955,62367.200000,62308.000000
29725211,2026-07-08T12:11,62314.010000,-0.189100,-0.104455,2026-07-08,289.000000,2.650012,0.588245,62333.210000,62308.000000
29725212,2026-07-08T12:12,62327.100000,-0.508100,0.176016,2026-07-08,346.000000,4.147743,0.988717,62335.850000,62308.000000
29725213,2026-07-08T12:13,62289.510000,-0.253600,0.977439,2026-07-08,326.000000,6.315161,0.279378,62327.620000,62289.500000
29725214,2026-07-08T12:14,62260.490000,-0.125500,-0.441457,2026-07-08,175.000000,0.567378,0.187362,62289.500000,62260.490000
29725215,2026-07-08T12:15,62278.400000,0.319000,-0.600408,2026-07-08,392.000000,10.741869,0.461554,62279.320000,62234.010000
29725216,2026-07-08T12:16,62272.400000,0.165500,-0.077772,2026-07-08,520.000000,16.813781,0.368631,62315.400000,62265.550000
29725217,2026-07-08T12:17,62292.960000,0.057700,-0.262619,2026-07-08,152.000000,2.811847,0.889812,62292.960000,62272.410000
29725218,2026-07-08T12:18,62307.290000,-0.335300,0.779499,2026-07-08,477.000000,7.665453,0.787704,62311.700000,62286.390000
29725219,2026-07-08T12:19,62290.080000,-0.020800,0.575408,2026-07-08,273.000000,2.075278,0.588378,62311.700000,62282.000000
29725220,2026-07-08T12:20,62291.540000,-0.302500,0.176850,2026-07-08,200.000000,0.749854,0.708664,62296.890000,62290.080000
29725221,2026-07-08T12:21,62263.600000,-0.238600,0.411132,2026-07-08,174.000000,1.104878,0.687242,62291.530000,62263.600000
29725222,2026-07-08T12:22,62208.100000,-0.402400,0.378333,2026-07-08,300.000000,3.782484,0.321559,62263.600000,62208.110000
29725223,2026-07-08T12:23,62215.710000,0.040400,-0.356870,2026-07-08,288.000000,1.136313,0.387725,62219.190000,62200.900000
29725224,2026-07-08T12:24,62206.820000,-0.205100,-0.314984,2026-07-08,291.000000,1.910313,0.675935,62221.930000,62201.130000
29725225,2026-07-08T12:25,62186.990000,0.274900,0.467066,2026-07-08,281.000000,1.011196,0.263979,62206.830000,62182.320000
29725226,2026-07-08T12:26,62173.120000,0.081700,-0.471661,2026-07-08,354.000000,3.998071,0.172973,62195.990000,62167.410000
29725227,2026-07-08T12:27,62183.520000,0.097900,-0.577034,2026-07-08,287.000000,1.107182,0.610619,62188.390000,62173.120000
29725228,2026-07-08T12:28,62215.990000,-0.128600,0.054235,2026-07-08,266.000000,1.720664,0.912287,62216.000000,62183.520000
29725229,2026-07-08T12:29,62228.630000,-0.342100,0.826197,2026-07-08,304.000000,4.123259,0.705198,62244.200000,62204.410000
29725230,2026-07-08T12:30,62187.990000,0.166300,0.379136,2026-07-08,396.000000,3.829301,0.214995,62248.800000,62178.060000
29725231,2026-07-08T12:31,62203.260000,-0.262800,-0.562864,2026-07-08,295.000000,1.863889,0.730549,62210.000000,62182.220000
29725232,2026-07-08T12:32,62142.600000,-0.077800,0.461145,2026-07-08,387.000000,8.651827,0.116267,62203.270000,62142.000000
29725233,2026-07-08T12:33,62089.710000,-0.159100,-0.767497,2026-07-08,539.000000,11.020196,0.273598,62152.420000,62089.700000
29725234,2026-07-08T12:34,62109.380000,0.218400,-0.468083,2026-07-08,420.000000,4.672737,0.641593,62109.380000,62081.520000
29725235,2026-07-08T12:35,62063.810000,-0.359400,0.412438,2026-07-08,396.000000,3.416597,0.385479,62114.970000,62063.800000
29725236,2026-07-08T12:36,62068.900000,-0.259900,-0.353312,2026-07-08,455.000000,4.555485,0.641495,62095.990000,62034.200000
29725237,2026-07-08T12:37,62082.310000,-0.145800,0.400991,2026-07-08,314.000000,1.504813,0.566917,62090.280000,62061.710000
29725238,2026-07-08T12:38,62097.020000,0.358900,0.152230,2026-07-08,317.000000,1.179914,0.663705,62099.640000,62068.110000
29725239,2026-07-08T12:39,62104.490000,-0.436100,0.327276,2026-07-08,275.000000,1.732552,0.839395,62109.100000,62092.090000
29725240,2026-07-08T12:40,62067.930000,0.155300,0.656350,2026-07-08,288.000000,1.508520,0.285252,62102.000000,62061.710000
29725241,2026-07-08T12:41,62054.790000,0.155400,-0.419303,2026-07-08,322.000000,2.732053,0.562612,62067.940000,62045.900000
29725242,2026-07-08T12:42,62051.020000,0.238600,0.126021,2026-07-08,312.000000,0.652993,0.666644,62066.000000,62050.800000
29725243,2026-07-08T12:43,62046.830000,-0.244500,0.329914,2026-07-08,275.000000,1.587840,0.175731,62051.030000,62034.270000
29725244,2026-07-08T12:44,62044.960000,0.229200,-0.649072,2026-07-08,300.000000,1.718901,0.640737,62049.460000,62033.020000
29725245,2026-07-08T12:45,62035.960000,0.174600,0.282241,2026-07-08,310.000000,2.152610,0.417880,62044.970000,62023.100000
29725246,2026-07-08T12:46,62031.760000,-0.443700,-0.165258,2026-07-08,367.000000,2.109188,0.717636,62044.420000,62024.340000
29725247,2026-07-08T12:47,62038.380000,0.336300,0.436217,2026-07-08,317.000000,2.483417,0.696860,62038.390000,62020.030000
29725248,2026-07-08T12:48,62037.850000,0.653100,0.392786,2026-07-08,328.000000,1.545363,0.637130,62052.700000,62031.590000
29725249,2026-07-08T12:49,62011.990000,0.134500,0.274261,2026-07-08,300.000000,1.746791,0.371721,62039.980000,62003.450000
29725250,2026-07-08T12:50,62048.990000,0.275300,-0.256559,2026-07-08,325.000000,2.471808,0.621616,62048.990000,62004.120000
29725251,2026-07-08T12:51,62056.400000,0.666100,0.243237,2026-07-08,395.000000,2.017903,0.398861,62072.070000,62045.300000
29725252,2026-07-08T12:52,62028.520000,-0.090800,-0.202288,2026-07-08,321.000000,1.308001,0.770569,62060.260000,62028.000000
29725253,2026-07-08T12:53,62042.210000,0.197300,0.427349,2026-07-08,332.000000,1.677798,0.549571,62048.400000,62028.410000
29725254,2026-07-08T12:54,62060.010000,-0.115200,0.171980,2026-07-08,290.000000,0.857563,0.921518,62066.280000,62042.200000
29725255,2026-07-08T12:55,62074.900000,0.130200,0.843037,2026-07-08,346.000000,2.968708,0.329109,62100.790000,62054.670000
29725256,2026-07-08T12:56,61978.290000,-0.043600,-0.341783,2026-07-08,789.000000,13.434438,0.293035,62102.130000,61975.010000
29725257,2026-07-08T12:57,61959.010000,0.361100,-0.413773,2026-07-08,445.000000,5.346212,0.461785,61993.490000,61949.690000
29725258,2026-07-08T12:58,61919.490000,-0.002400,-0.076671,2026-07-08,319.000000,3.328410,0.283683,61963.300000,61900.990000
29725259,2026-07-08T12:59,61894.210000,0.219800,-0.465992,2026-07-08,381.000000,5.380994,0.309165,61916.840000,61894.200000
29725260,2026-07-08T13:00,61879.420000,0.119600,-0.300523,2026-07-08,429.000000,5.399786,0.383482,61922.600000,61879.410000
29725261,2026-07-08T13:01,61908.400000,-0.045500,-0.302505,2026-07-08,359.000000,2.159799,0.718701,61917.560000,61873.760000
29725262,2026-07-08T13:02,61889.900000,0.044400,0.446971,2026-07-08,318.000000,1.737114,0.457926,61908.400000,61882.500000
29725263,2026-07-08T13:03,61904.710000,-0.276300,0.094411,2026-07-08,363.000000,3.756245,0.654496,61905.880000,61886.480000
29725264,2026-07-08T13:04,61874.010000,0.044400,0.168233,2026-07-08,405.000000,3.592089,0.568650,61904.700000,61864.610000
29725265,2026-07-08T13:05,61843.020000,-0.136600,0.243434,2026-07-08,601.000000,8.727112,0.612352,61883.030000,61844.660000
29725266,2026-07-08T13:06,61795.850000,-0.139900,0.035140,2026-07-08,840.000000,14.892144,0.563895,61843.020000,61782.940000
29725267,2026-07-08T13:07,61790.620000,0.223300,0.258546,2026-07-08,343.000000,4.312933,0.673289,61806.880000,61790.010000
29725268,2026-07-08T13:08,61873.520000,-0.032100,0.367201,2026-07-08,742.000000,11.770337,0.637728,61879.580000,61790.610000
29725269,2026-07-08T13:09,61923.070000,0.218300,0.256880,2026-07-08,673.000000,12.200661,0.661730,61941.300000,61872.000000
29725270,2026-07-08T13:10,61855.010000,0.006900,0.319135,2026-07-08,628.000000,11.907364,0.524850,61930.190000,61841.810000
29725271,2026-07-08T13:11,61859.680000,-0.004000,0.106050,2026-07-08,429.000000,6.631894,0.774900,61870.690000,61851.910000
29725272,2026-07-08T13:12,61881.740000,-0.071100,0.516983,2026-07-08,874.000000,7.715912,0.707959,61881.740000,61854.020000
29725273,2026-07-08T13:13,61845.490000,0.105900,0.407352,2026-07-08,595.000000,6.976119,0.599416,61912.100000,61835.020000
29725274,2026-07-08T13:14,61861.760000,-0.007500,0.156864,2026-07-08,685.000000,8.212808,0.696584,61873.890000,61843.010000
29725275,2026-07-08T13:15,61851.900000,0.361700,0.435256,2026-07-08,481.000000,7.829660,0.675666,61874.490000,61846.430000
29725276,2026-07-08T13:16,61811.030000,-0.398800,0.341614,2026-07-08,387.000000,3.924333,0.341154,61851.910000,61809.250000
29725277,2026-07-08T13:17,61846.210000,-0.163000,-0.315498,2026-07-08,689.000000,7.185072,0.606431,61867.540000,61808.500000
29725278,2026-07-08T13:18,61830.710000,-0.410900,0.212131,2026-07-08,257.000000,4.516775,0.729777,61870.460000,61830.710000
29725279,2026-07-08T13:19,61820.040000,-0.382800,0.461473,2026-07-08,395.000000,3.858119,0.487277,61830.710000,61804.410000
29725280,2026-07-08T13:20,61830.010000,-0.119500,-0.043811,2026-07-08,424.000000,6.429449,0.580617,61832.480000,61800.010000
29725281,2026-07-08T13:21,61804.810000,0.249500,0.194694,2026-07-08,421.000000,3.674062,0.551889,61836.170000,61804.810000
29725282,2026-07-08T13:22,61809.680000,0.005600,-0.142815,2026-07-08,277.000000,5.372226,0.378200,61818.000000,61794.210000
29725283,2026-07-08T13:23,61791.820000,0.315500,-0.012625,2026-07-08,275.000000,4.044393,0.325072,61813.120000,61775.010000
29725284,2026-07-08T13:24,61806.270000,0.146900,-0.510566,2026-07-08,341.000000,4.433675,0.711527,61822.820000,61791.740000
29725285,2026-07-08T13:25,61707.710000,0.160100,-0.287640,2026-07-08,1422.000000,31.798508,0.333939,61806.270000,61687.030000
29725286,2026-07-08T13:26,61722.010000,-0.049300,-0.220468,2026-07-08,813.000000,12.832062,0.661871,61740.470000,61706.310000
29725287,2026-07-08T13:27,61773.290000,0.325900,0.339879,2026-07-08,862.000000,10.457909,0.798201,61778.890000,61722.050000
29725288,2026-07-08T13:28,61738.290000,-0.293100,0.483886,2026-07-08,649.000000,12.711257,0.231380,61797.400000,61734.510000
29725289,2026-07-08T13:29,61763.310000,0.281000,-0.490910,2026-07-08,448.000000,5.716395,0.645414,61769.280000,61723.410000
29725290,2026-07-08T13:30,61894.570000,0.167100,0.450072,2026-07-08,1096.000000,26.438566,0.524725,61894.490000,61763.310000
29725291,2026-07-08T13:31,61883.960000,-0.119200,-0.108874,2026-07-08,785.000000,11.333437,0.380825,61894.860000,61825.410000
29725292,2026-07-08T13:32,61960.210000,-0.381500,-0.032156,2026-07-08,704.000000,8.758308,0.771183,61982.010000,61883.990000
29725293,2026-07-08T13:33,61941.460000,-0.181000,0.543558,2026-07-08,539.000000,8.561767,0.622629,61989.790000,61930.600000
29725294,2026-07-08T13:34,61967.620000,0.049800,0.204951,2026-07-08,1106.000000,13.122644,0.543420,61982.390000,61914.270000
29725295,2026-07-08T13:35,61912.940000,-0.163700,0.114647,2026-07-08,1855.000000,23.433336,0.410451,62026.400000,61871.400000
29725296,2026-07-08T13:36,61965.990000,0.575800,-0.203978,2026-07-08,809.000000,13.572194,0.760269,62009.310000,61904.510000
29725297,2026-07-08T13:37,62002.960000,-0.258300,0.524700,2026-07-08,1191.000000,19.294251,0.557446,62035.580000,61911.110000
29725298,2026-07-08T13:38,61944.650000,-0.343000,0.108108,2026-07-08,1074.000000,11.910505,0.445791,61999.700000,61921.760000
29725299,2026-07-08T13:39,61960.260000,0.155700,-0.090545,2026-07-08,1116.000000,13.452754,0.521527,61997.180000,61926.910000
29725300,2026-07-08T13:40,62008.790000,-0.317700,0.051622,2026-07-08,1204.000000,15.532953,0.458271,62020.010000,61939.290000
29725301,2026-07-08T13:41,61941.540000,-0.213500,-0.087907,2026-07-08,772.000000,8.646485,0.566697,62015.690000,61939.320000
29725302,2026-07-08T13:42,61915.900000,-0.370800,0.140740,2026-07-08,1459.000000,19.966878,0.359750,61960.200000,61871.270000
29725303,2026-07-08T13:43,61934.260000,-0.137500,-0.275662,2026-07-08,929.000000,10.249322,0.458658,61944.790000,61906.770000
29725304,2026-07-08T13:44,61889.990000,-0.383900,-0.095137,2026-07-08,922.000000,8.475915,0.450785,61930.890000,61884.930000
29725305,2026-07-08T13:45,61841.400000,0.101700,-0.101069,2026-07-08,1160.000000,12.794197,0.423271,61896.070000,61816.520000
29725306,2026-07-08T13:46,61846.980000,0.484900,-0.125552,2026-07-08,804.000000,8.419625,0.532745,61877.170000,61838.110000
29725307,2026-07-08T13:47,61741.570000,-0.696300,0.041036,2026-07-08,2194.000000,14.897850,0.496868,61855.600000,61721.930000
29725308,2026-07-08T13:48,61711.820000,-0.008900,0.003407,2026-07-08,1300.000000,7.480857,0.557330,61791.260000,61709.730000
29725309,2026-07-08T13:49,61667.900000,-0.624800,0.102650,2026-07-08,2052.000000,26.504475,0.399766,61713.380000,61575.220000
29725310,2026-07-08T13:50,61660.460000,0.670400,-0.206425,2026-07-08,2419.000000,27.310398,0.314693,61704.880000,61579.000000
29725311,2026-07-08T13:51,61658.390000,-0.334600,-0.374554,2026-07-08,2024.000000,15.842972,0.526657,61707.450000,61654.920000
29725312,2026-07-08T13:52,61617.570000,-0.483400,0.102354,2026-07-08,1652.000000,10.808579,0.633780,61691.480000,61607.930000
29725313,2026-07-08T13:53,61621.400000,-0.562900,0.275358,2026-07-08,2632.000000,18.323655,0.660080,61653.920000,61606.970000
29725314,2026-07-08T13:54,61599.020000,0.485400,0.316313,2026-07-08,2049.000000,9.972563,0.489956,61668.560000,61598.440000
29725315,2026-07-08T13:55,61620.320000,0.216600,-0.006656,2026-07-08,2149.000000,22.132603,0.524926,61661.340000,61562.350000
29725316,2026-07-08T13:56,61686.220000,0.411700,0.105570,2026-07-08,1393.000000,12.595887,0.526211,61691.220000,61620.330000
29725317,2026-07-08T13:57,61731.790000,0.206600,-0.092859,2026-07-08,1296.000000,17.308037,0.484625,61759.790000,61688.490000
29725318,2026-07-08T13:58,61844.150000,-0.109600,-0.011223,2026-07-08,1528.000000,13.503031,0.597568,61845.490000,61707.750000
29725319,2026-07-08T13:59,61877.480000,0.112600,0.196471,2026-07-08,1163.000000,12.279898,0.333437,61901.920000,61844.140000
29725320,2026-07-08T14:00,61960.440000,0.547400,-0.340238,2026-07-08,1864.000000,14.531549,0.705035,61967.470000,61860.300000
29725321,2026-07-08T14:01,61934.310000,-0.686500,0.426205,2026-07-08,1711.000000,12.519998,0.569802,61989.800000,61910.030000
29725322,2026-07-08T14:02,61870.440000,0.075100,0.125009,2026-07-08,1163.000000,12.883285,0.220165,61928.250000,61845.510000
29725323,2026-07-08T14:03,61911.180000,0.439500,-0.549620,2026-07-08,928.000000,13.172914,0.661248,61930.920000,61852.910000
29725324,2026-07-08T14:04,61886.820000,-0.561000,0.326024,2026-07-08,823.000000,20.982196,0.694610,61938.750000,61886.820000
29725325,2026-07-08T14:05,61929.630000,0.667300,0.449299,2026-07-08,1208.000000,21.884619,0.766147,61956.500000,61895.270000
29725326,2026-07-08T14:06,61902.820000,0.597800,0.483748,2026-07-08,677.000000,14.890797,0.293728,61960.450000,61898.550000
29725327,2026-07-08T14:07,61932.740000,0.287800,-0.446721,2026-07-08,716.000000,10.638661,0.448153,61950.290000,61882.510000
29725328,2026-07-08T14:08,61942.100000,-0.303900,-0.103696,2026-07-08,922.000000,10.512201,0.520929,61957.880000,61875.030000
29725329,2026-07-08T14:09,61988.570000,-0.206800,0.039207,2026-07-08,1013.000000,23.888840,0.609842,62014.190000,61917.780000
29725330,2026-07-08T14:10,61974.990000,-0.153000,0.221555,2026-07-08,610.000000,8.712204,0.541741,62062.830000,61950.170000
29725331,2026-07-08T14:11,62003.810000,0.590700,0.080876,2026-07-08,743.000000,20.470562,0.303914,62023.100000,61967.610000
29725332,2026-07-08T14:12,62005.980000,0.667200,-0.368738,2026-07-08,547.000000,12.153292,0.420895,62012.270000,61954.030000
29725333,2026-07-08T14:13,62049.010000,-0.330700,-0.225207,2026-07-08,752.000000,19.511832,0.468272,62085.780000,62000.000000
29725334,2026-07-08T14:14,61974.900000,-0.001000,-0.064702,2026-07-08,630.000000,10.780939,0.383423,62077.970000,61963.000000
29725335,2026-07-08T14:15,61917.620000,-0.083400,-0.190263,2026-07-08,727.000000,9.958384,0.776700,61980.490000,61915.810000
29725336,2026-07-08T14:16,61769.980000,0.173100,0.561933,2026-07-08,943.000000,10.517951,0.463990,61923.410000,61750.770000
29725337,2026-07-08T14:17,61840.820000,0.096200,-0.073983,2026-07-08,979.000000,9.507060,0.809901,61845.030000,61763.980000
29725338,2026-07-08T14:18,61858.580000,-0.402100,0.623607,2026-07-08,495.000000,4.668649,0.482187,61901.890000,61832.040000
29725339,2026-07-08T14:19,61874.480000,-0.019700,-0.035626,2026-07-08,611.000000,3.212502,0.328195,61874.490000,61801.110000
29725340,2026-07-08T14:20,62050.010000,0.015100,-0.352295,2026-07-08,968.000000,10.207669,0.816013,62072.010000,61872.010000
29725341,2026-07-08T14:21,62096.900000,0.372300,0.631322,2026-07-08,855.000000,13.024123,0.549197,62112.290000,62032.510000
29725342,2026-07-08T14:22,62058.010000,-0.297700,0.102128,2026-07-08,573.000000,7.421682,0.506683,62115.000000,62031.220000
29725343,2026-07-08T14:23,62034.210000,0.051600,-0.009945,2026-07-08,700.000000,7.328585,0.435650,62092.020000,62019.400000
29725344,2026-07-08T14:24,62002.510000,-0.324900,-0.095443,2026-07-08,509.000000,4.641209,0.610498,62045.930000,62000.000000
29725345,2026-07-08T14:25,62067.510000,0.007900,0.222746,2026-07-08,556.000000,2.778255,0.703030,62084.210000,62002.520000
29725346,2026-07-08T14:26,62018.080000,0.168100,0.445608,2026-07-08,582.000000,4.344513,0.590700,62082.930000,62004.600000
29725347,2026-07-08T14:27,61950.990000,-0.213600,0.111951,2026-07-08,952.000000,11.049907,0.325714,62018.080000,61916.980000
29725348,2026-07-08T14:28,61963.620000,0.143400,-0.372272,2026-07-08,472.000000,3.587938,0.611977,61963.610000,61902.010000
29725349,2026-07-08T14:29,61938.010000,-0.292700,0.231755,2026-07-08,631.000000,5.414387,0.676900,61996.600000,61935.840000
29725350,2026-07-08T14:30,61873.310000,-0.252100,0.291030,2026-07-08,696.000000,6.007340,0.373893,61952.480000,61859.240000
29725351,2026-07-08T14:31,61897.290000,0.274500,-0.207379,2026-07-08,719.000000,7.126422,0.727468,61920.000000,61841.800000
29725352,2026-07-08T14:32,61867.690000,0.566500,0.438847,2026-07-08,540.000000,3.751195,0.672425,61915.790000,61854.130000
29725353,2026-07-08T14:33,61867.650000,-0.009600,0.369451,2026-07-08,949.000000,10.034201,0.431107,61886.200000,61801.250000
29725354,2026-07-08T14:34,61953.920000,-0.168200,-0.140408,2026-07-08,805.000000,8.914903,0.601636,61973.390000,61845.510000
29725355,2026-07-08T14:35,61841.810000,0.139500,0.187032,2026-07-08,636.000000,6.347245,0.318610,61963.300000,61841.730000
29725356,2026-07-08T14:36,61852.900000,0.703500,-0.329133,2026-07-08,625.000000,4.762067,0.397398,61877.610000,61831.400000
29725357,2026-07-08T14:37,61879.600000,0.024700,-0.298391,2026-07-08,698.000000,6.513260,0.478747,61897.290000,61832.840000
29725358,2026-07-08T14:38,61871.940000,0.014200,0.067114,2026-07-08,515.000000,4.364284,0.484581,61929.770000,61865.470000
29725359,2026-07-08T14:39,61845.420000,-0.147300,-0.093848,2026-07-08,440.000000,2.306939,0.554843,61897.300000,61842.000000
29725360,2026-07-08T14:40,61905.900000,0.589400,0.051170,2026-07-08,601.000000,3.807608,0.626686,61908.400000,61833.850000
29725361,2026-07-08T14:41,61875.100000,-0.469300,0.296794,2026-07-08,486.000000,12.137517,0.854051,61917.680000,61851.930000
29725362,2026-07-08T14:42,61827.010000,-0.506000,0.690821,2026-07-08,587.000000,6.432214,0.634581,61875.100000,61830.420000
29725363,2026-07-08T14:43,61801.070000,0.473500,0.294131,2026-07-08,756.000000,10.299063,0.297569,61833.600000,61769.000000
29725364,2026-07-08T14:44,61842.630000,0.165500,-0.416430,2026-07-08,651.000000,9.506437,0.881532,61895.090000,61799.040000
29725365,2026-07-08T14:45,61669.760000,0.567300,0.810154,2026-07-08,1019.000000,16.992965,0.303875,61846.800000,61646.320000
29725366,2026-07-08T14:46,61677.150000,-0.007200,-0.345316,2026-07-08,776.000000,7.956661,0.546967,61723.580000,61669.770000
29725367,2026-07-08T14:47,61762.760000,-0.124400,0.004003,2026-07-08,641.000000,12.798653,0.823457,61764.060000,61663.060000
29725368,2026-07-08T14:48,61753.010000,-0.245700,0.654535,2026-07-08,672.000000,5.605417,0.528586,61785.090000,61739.520000
29725369,2026-07-08T14:49,61701.210000,0.208400,0.065219,2026-07-08,643.000000,7.864137,0.215904,61753.010000,61693.800000
29725370,2026-07-08T14:50,61686.400000,-0.066600,-0.524205,2026-07-08,607.000000,4.486387,0.521419,61708.030000,61642.010000
29725371,2026-07-08T14:51,61718.960000,-0.413800,0.027427,2026-07-08,429.000000,1.960903,0.688426,61745.590000,61676.730000
29725372,2026-07-08T14:52,61793.690000,0.104600,0.377040,2026-07-08,758.000000,19.502232,0.873038,61797.400000,61649.910000
29725373,2026-07-08T14:53,61828.870000,0.552500,0.741414,2026-07-08,727.000000,12.232675,0.720840,61890.320000,61727.720000
29725374,2026-07-08T14:54,61929.520000,0.062900,0.459615,2026-07-08,1280.000000,24.737355,0.843019,61982.020000,61819.610000
29725375,2026-07-08T14:55,61900.350000,-0.370700,0.681842,2026-07-08,639.000000,7.550800,0.682523,61926.720000,61886.190000
29725376,2026-07-08T14:56,61846.830000,-0.077700,0.367257,2026-07-08,515.000000,2.560926,0.366993,61914.970000,61841.990000
29725377,2026-07-08T14:57,61812.440000,0.085700,-0.273112,2026-07-08,368.000000,3.930266,0.161585,61844.020000,61804.800000
29725378,2026-07-08T14:58,61819.280000,0.532100,-0.675022,2026-07-08,478.000000,3.389564,0.453769,61844.500000,61807.760000
29725379,2026-07-08T14:59,61830.040000,-0.106000,-0.095192,2026-07-08,441.000000,2.067600,0.351453,61843.980000,61809.230000
29725380,2026-07-08T15:00,61842.350000,-0.242400,-0.276971,2026-07-08,546.000000,4.628473,0.381711,61860.050000,61823.890000
29725381,2026-07-08T15:01,61753.810000,-0.128400,-0.251257,2026-07-08,523.000000,3.497334,0.498574,61842.020000,61753.810000
29725382,2026-07-08T15:02,61813.080000,-0.000200,0.016182,2026-07-08,530.000000,4.698353,0.842111,61813.090000,61738.650000
29725383,2026-07-08T15:03,61804.820000,-0.037800,0.565113,2026-07-08,292.000000,3.480418,0.395393,61815.900000,61789.990000
29725384,2026-07-08T15:04,61732.430000,-0.428000,-0.118349,2026-07-08,417.000000,3.983316,0.633027,61804.820000,61727.110000
29725385,2026-07-08T15:05,61792.350000,0.141800,0.218209,2026-07-08,369.000000,3.195709,0.835554,61800.730000,61727.110000
29725386,2026-07-08T15:06,61757.920000,-0.258600,0.759824,2026-07-08,159.000000,0.352006,0.872770,61811.580000,61757.920000
29725387,2026-07-08T15:07,61757.920000,-0.258600,0.743770,2026-07-08,,,,,
29725388,2026-07-08T15:08,61757.920000,-0.258600,0.000000,2026-07-08,,,,,
29725389,2026-07-08T15:09,61757.920000,-0.258600,0.000000,2026-07-08,,,,,
29725390,2026-07-08T15:10,61757.920000,-0.258600,0.000000,2026-07-08,,,,,
29725391,2026-07-08T15:11,61757.920000,-0.258600,0.000000,2026-07-08,,,,,
29725392,2026-07-08T15:12,61757.920000,-0.258600,0.000000,2026-07-08,,,,,
29725393,2026-07-08T15:13,61757.920000,-0.258600,0.000000,2026-07-08,,,,,
29725394,2026-07-08T15:14,61757.920000,-0.258600,0.000000,2026-07-08,,,,,
29725395,2026-07-08T15:15,61757.920000,-0.258600,0.000000,2026-07-08,,,,,
29725396,2026-07-08T15:16,61757.920000,-0.258600,0.000000,2026-07-08,,,,,
29725397,2026-07-08T15:17,61757.920000,-0.367900,0.000000,2026-07-08,,,,,
29725398,2026-07-08T15:18,61757.920000,-0.367900,0.000000,2026-07-08,,,,,
29725399,2026-07-08T15:19,61757.920000,-0.367900,0.000000,2026-07-08,,,,,
29725400,2026-07-08T15:20,61757.920000,-0.367900,0.000000,2026-07-08,,,,,
29725401,2026-07-08T15:21,61757.920000,-0.367900,0.000000,2026-07-08,,,,,
29725402,2026-07-08T15:22,61757.920000,-0.367900,0.000000,2026-07-08,,,,,
29725403,2026-07-08T15:23,61525.010000,0.135700,0.000000,2026-07-08,28.000000,0.277901,0.289501,61529.030000,61525.010000
29725404,2026-07-08T15:24,61495.870000,0.338100,-0.412459,2026-07-08,831.000000,5.309313,0.345661,61525.020000,61487.960000
29725405,2026-07-08T15:25,61501.990000,-0.051800,-0.327782,2026-07-08,1604.000000,11.710002,0.424129,61506.000000,61457.000000
29725406,2026-07-08T15:26,61493.570000,0.296200,0.150353,2026-07-08,890.000000,17.920447,0.431700,61534.700000,61477.560000
29725407,2026-07-08T15:27,61548.900000,0.095800,-0.470699,2026-07-08,2572.000000,18.737921,0.654431,61565.330000,61481.140000
29725408,2026-07-08T15:28,61571.690000,0.191900,0.295955,2026-07-08,292.000000,0.419882,0.526861,61570.580000,61543.960000
29725409,2026-07-08T15:29,61571.690000,0.191900,1.000000,2026-07-08,,,,,
29725410,2026-07-08T15:30,61571.690000,0.429200,0.000000,2026-07-08,,,,,
29725411,2026-07-08T15:31,61551.350000,0.267400,0.000000,2026-07-08,1774.000000,9.469285,0.497374,61569.860000,61525.100000
29725412,2026-07-08T15:32,61574.850000,-0.134700,0.026540,2026-07-08,1522.000000,10.685325,0.481647,61608.650000,61557.230000
29725413,2026-07-08T15:33,61619.070000,-0.716000,-0.080401,2026-07-08,1565.000000,6.779850,0.583355,61622.000000,61565.550000
29725414,2026-07-08T15:34,61619.070000,-0.716000,0.194858,2026-07-08,,,,,
29725415,2026-07-08T15:35,61619.070000,-0.716000,0.000000,2026-07-08,,,,,
29725416,2026-07-08T15:36,61619.070000,-0.716000,0.000000,2026-07-08,,,,,
29725417,2026-07-08T15:37,61619.070000,-0.716000,0.000000,2026-07-08,,,,,
29725418,2026-07-08T15:38,61619.070000,-0.716000,0.000000,2026-07-08,,,,,
29725419,2026-07-08T15:39,61619.070000,-0.716000,0.000000,2026-07-08,,,,,
29725420,2026-07-08T15:40,61619.070000,-0.716000,0.000000,2026-07-08,,,,,
29725421,2026-07-08T15:41,61619.070000,-0.716000,0.000000,2026-07-08,,,,,
29725422,2026-07-08T15:42,61619.070000,-0.716000,0.000000,2026-07-08,,,,,
29725423,2026-07-08T15:43,61619.070000,-0.716000,0.000000,2026-07-08,,,,,
29725424,2026-07-08T15:44,61619.070000,-0.716000,0.000000,2026-07-08,,,,,
29725425,2026-07-08T15:45,61619.070000,-0.716000,0.000000,2026-07-08,,,,,
29725426,2026-07-08T15:46,61619.070000,-0.716000,0.000000,2026-07-08,,,,,
29725427,2026-07-08T15:47,61619.070000,-0.716000,0.000000,2026-07-08,,,,,
29725428,2026-07-08T15:48,61619.070000,-0.716000,0.000000,2026-07-08,,,,,
29725429,2026-07-08T15:49,61619.070000,-0.716000,0.000000,2026-07-08,,,,,
29725430,2026-07-08T15:50,61649.310000,-0.078500,0.000000,2026-07-08,25.000000,0.066412,0.999982,61649.310000,61645.700000
29725431,2026-07-08T15:51,61653.810000,-0.316000,0.999984,2026-07-08,586.000000,1.694201,0.602310,61664.200000,61627.440000
29725432,2026-07-08T15:52,61653.810000,-0.316000,0.151932,2026-07-08,,,,,
29725433,2026-07-08T15:53,61653.810000,-0.316000,0.000000,2026-07-08,,,,,
29725434,2026-07-08T15:54,61653.810000,-0.316000,0.000000,2026-07-08,,,,,
29725435,2026-07-08T15:55,61653.810000,-0.316000,0.000000,2026-07-08,,,,,
29725436,2026-07-08T15:56,61653.810000,-0.316000,0.000000,2026-07-08,,,,,
29725437,2026-07-08T15:57,61653.810000,-0.316000,0.000000,2026-07-08,,,,,
29725438,2026-07-08T15:58,61653.810000,-0.316000,0.000000,2026-07-08,,,,,
29725439,2026-07-08T15:59,61653.810000,-0.316000,0.000000,2026-07-08,,,,,
29725440,2026-07-08T16:00,61653.810000,-0.316000,0.000000,2026-07-08,,,,,
29725441,2026-07-08T16:01,61653.810000,-0.316000,0.000000,2026-07-08,,,,,
29725442,2026-07-08T16:02,61653.810000,-0.316000,0.000000,2026-07-08,,,,,
29725443,2026-07-08T16:03,61653.810000,-0.316000,0.000000,2026-07-08,,,,,
29725444,2026-07-08T16:04,61653.810000,-0.316000,0.000000,2026-07-08,,,,,
29725445,2026-07-08T16:05,61653.810000,-0.316000,0.000000,2026-07-08,,,,,
29725446,2026-07-08T16:06,61653.810000,-0.316000,0.000000,2026-07-08,,,,,
29725447,2026-07-08T16:07,61738.400000,-0.167700,0.000000,2026-07-08,325.000000,7.006733,0.699187,61745.600000,61710.330000
29725448,2026-07-08T16:08,61738.400000,-0.167700,0.398374,2026-07-08,,,,,
29725449,2026-07-08T16:09,61738.400000,-0.167700,0.000000,2026-07-08,,,,,
29725450,2026-07-08T16:10,61738.400000,-0.167700,0.000000,2026-07-08,,,,,
29725451,2026-07-08T16:11,61738.400000,-0.167700,0.000000,2026-07-08,,,,,
29725452,2026-07-08T16:12,61738.400000,-0.167700,0.000000,2026-07-08,,,,,
29725453,2026-07-08T16:13,61738.400000,-0.167700,0.000000,2026-07-08,,,,,
29725454,2026-07-08T16:14,61738.400000,-0.167700,0.000000,2026-07-08,,,,,
29725455,2026-07-08T16:15,61738.400000,-0.167700,0.000000,2026-07-08,,,,,
29725456,2026-07-08T16:16,61738.400000,-0.167700,0.000000,2026-07-08,,,,,
29725457,2026-07-08T16:17,61738.400000,-0.167700,0.000000,2026-07-08,,,,,
29725458,2026-07-08T16:18,61738.400000,-0.167700,0.000000,2026-07-08,,,,,
29725459,2026-07-08T16:19,61738.400000,-0.167700,0.000000,2026-07-08,,,,,
29725460,2026-07-08T16:20,61738.400000,-0.167700,0.000000,2026-07-08,,,,,
29725461,2026-07-08T16:21,61738.400000,-0.167700,0.000000,2026-07-08,,,,,
29725462,2026-07-08T16:22,61843.850000,-0.188600,0.000000,2026-07-08,35.000000,0.114065,0.909442,61846.710000,61841.810000
29725463,2026-07-08T16:23,61888.430000,-0.105200,0.819506,2026-07-08,363.000000,3.314642,0.706877,61894.600000,61843.850000
29725464,2026-07-08T16:24,61853.490000,-0.284800,0.363964,2026-07-08,315.000000,1.731542,0.214096,61888.440000,61848.550000
29725465,2026-07-08T16:25,61846.440000,-0.772000,-0.542790,2026-07-08,237.000000,1.635444,0.795964,61859.980000,61845.510000
29725466,2026-07-08T16:26,61863.930000,0.237200,0.463979,2026-07-08,466.000000,8.480523,0.535396,61865.980000,61836.000000
29725467,2026-07-08T16:27,61860.310000,-0.442200,0.088993,2026-07-08,469.000000,5.798752,0.584581,61924.960000,61860.300000
29725468,2026-07-08T16:28,61878.240000,-0.353700,0.169128,2026-07-08,107.000000,0.467249,0.289293,61878.860000,61863.510000
29725469,2026-07-08T16:29,61878.240000,-0.353700,-0.421414,2026-07-08,,,,,
29725470,2026-07-08T16:30,61878.240000,-0.353700,0.000000,2026-07-08,,,,,
29725471,2026-07-08T16:31,61878.240000,-0.353700,0.000000,2026-07-08,,,,,
29725472,2026-07-08T16:32,61878.240000,-0.353700,0.000000,2026-07-08,,,,,
29725473,2026-07-08T16:33,61878.240000,-0.353700,0.000000,2026-07-08,,,,,
29725474,2026-07-08T16:34,61878.240000,-0.353700,0.000000,2026-07-08,,,,,
29725475,2026-07-08T16:35,61878.240000,-0.353700,0.000000,2026-07-08,,,,,
29725476,2026-07-08T16:36,61878.240000,-0.353700,0.000000,2026-07-08,,,,,
29725477,2026-07-08T16:37,61878.240000,-0.353700,0.000000,2026-07-08,,,,,
29725478,2026-07-08T16:38,61878.240000,-0.353700,0.000000,2026-07-08,,,,,
29725479,2026-07-08T16:39,61878.240000,-0.353700,0.000000,2026-07-08,,,,,
29725480,2026-07-08T16:40,61878.240000,-0.353700,0.000000,2026-07-08,,,,,
29725481,2026-07-08T16:41,61878.240000,-0.353700,0.000000,2026-07-08,,,,,
29725482,2026-07-08T16:42,61878.240000,-0.353700,0.000000,2026-07-08,,,,,
29725483,2026-07-08T16:43,61878.240000,-0.353700,0.000000,2026-07-08,,,,,
29725484,2026-07-08T16:44,61992.430000,-0.335000,0.000000,2026-07-08,479.000000,9.460188,0.780779,62018.800000,61956.730000
29725485,2026-07-08T16:45,61989.810000,-0.224300,0.563554,2026-07-08,71.000000,0.565237,0.748310,61999.680000,61988.410000
29725486,2026-07-08T16:46,61989.810000,-0.224300,0.454881,2026-07-08,,,,,
29725487,2026-07-08T16:47,61989.810000,-0.224300,0.000000,2026-07-08,,,,,
29725488,2026-07-08T16:48,61989.810000,-0.224300,0.000000,2026-07-08,,,,,
29725489,2026-07-08T16:49,61989.810000,-0.224300,0.000000,2026-07-08,,,,,
29725490,2026-07-08T16:50,61977.920000,-0.089800,0.000000,2026-07-08,2474.000000,28.583355,0.208754,61989.810000,61945.070000
29725491,2026-07-08T16:51,61966.900000,-0.477100,-0.582428,2026-07-08,444.000000,8.877902,0.683328,61989.000000,61948.150000
29725492,2026-07-08T16:52,61960.880000,-0.013000,0.484231,2026-07-08,164.000000,6.470336,0.820189,61969.380000,61952.080000
29725493,2026-07-08T16:53,61960.880000,-0.013000,0.476810,2026-07-08,,,,,
29725494,2026-07-08T16:54,61960.880000,-0.013000,0.000000,2026-07-08,,,,,
29725495,2026-07-08T16:55,61960.880000,-0.013000,0.000000,2026-07-08,,,,,
29725496,2026-07-08T16:56,61960.880000,-0.013000,0.000000,2026-07-08,,,,,
29725497,2026-07-08T16:57,61960.880000,-0.013000,0.000000,2026-07-08,,,,,
29725498,2026-07-08T16:58,61960.880000,-0.013000,0.000000,2026-07-08,,,,,
29725499,2026-07-08T16:59,61960.880000,-0.013000,0.000000,2026-07-08,,,,,
29725500,2026-07-08T17:00,61960.880000,-0.013000,0.000000,2026-07-08,,,,,
29725501,2026-07-08T17:01,61960.880000,-0.013000,0.000000,2026-07-08,,,,,
29725502,2026-07-08T17:02,61960.880000,-0.013000,0.000000,2026-07-08,,,,,
29725503,2026-07-08T17:03,61960.880000,-0.013000,0.000000,2026-07-08,,,,,
29725504,2026-07-08T17:04,61960.880000,-0.013000,0.000000,2026-07-08,,,,,
29725505,2026-07-08T17:05,61960.880000,-0.013000,0.000000,2026-07-08,,,,,
29725506,2026-07-08T17:06,61960.880000,-0.013000,0.000000,2026-07-08,,,,,
29725507,2026-07-08T17:07,61960.880000,-0.013000,0.000000,2026-07-08,,,,,
29725508,2026-07-08T17:08,62049.600000,0.037800,0.000000,2026-07-08,170.000000,1.264494,0.412595,62063.800000,62041.610000
29725509,2026-07-08T17:09,62068.180000,0.320800,-0.290046,2026-07-08,316.000000,2.057315,0.205495,62070.710000,62044.850000
29725510,2026-07-08T17:10,62056.600000,-0.275900,-0.560760,2026-07-08,386.000000,3.180648,0.064928,62068.190000,62041.610000
29725511,2026-07-08T17:11,62013.330000,-0.144200,-0.869932,2026-07-08,336.000000,2.970995,0.264925,62045.300000,61986.700000
29725512,2026-07-08T17:12,62004.100000,0.069400,-0.456170,2026-07-08,83.000000,0.645111,0.070065,62022.020000,62004.100000
29725513,2026-07-08T17:13,62004.100000,0.069400,-0.873959,2026-07-08,,,,,
29725514,2026-07-08T17:14,62004.100000,0.069400,0.000000,2026-07-08,,,,,
29725515,2026-07-08T17:15,62004.100000,0.069400,0.000000,2026-07-08,,,,,
29725516,2026-07-08T17:16,62004.100000,0.069400,0.000000,2026-07-08,,,,,
29725517,2026-07-08T17:17,62004.100000,0.069400,0.000000,2026-07-08,,,,,
29725518,2026-07-08T17:18,62004.100000,0.069400,0.000000,2026-07-08,,,,,
29725519,2026-07-08T17:19,62004.100000,0.069400,0.000000,2026-07-08,,,,,
29725520,2026-07-08T17:20,62004.100000,0.069400,0.000000,2026-07-08,,,,,
29725521,2026-07-08T17:21,62004.100000,0.069400,0.000000,2026-07-08,,,,,
29725522,2026-07-08T17:22,62004.100000,0.069400,0.000000,2026-07-08,,,,,
29725523,2026-07-08T17:23,62004.100000,0.069400,0.000000,2026-07-08,,,,,
29725524,2026-07-08T17:24,62004.100000,0.069400,0.000000,2026-07-08,,,,,
29725525,2026-07-08T17:25,62004.100000,0.069400,0.000000,2026-07-08,,,,,
29725526,2026-07-08T17:26,62004.100000,-0.073400,0.000000,2026-07-08,,,,,
29725527,2026-07-08T17:27,62199.230000,-0.340900,0.000000,2026-07-08,379.000000,11.957490,0.757456,62211.770000,62185.910000
29725528,2026-07-08T17:28,62228.040000,0.086200,0.516058,2026-07-08,446.000000,8.329423,0.411459,62236.620000,62196.690000
29725529,2026-07-08T17:29,62249.960000,0.947100,-0.214287,2026-07-08,316.000000,4.784070,0.307846,62250.000000,62226.600000
29725530,2026-07-08T17:30,62249.960000,0.947100,-0.335615,2026-07-08,,,,,
29725531,2026-07-08T17:31,62249.960000,0.947100,0.000000,2026-07-08,,,,,
29725532,2026-07-08T17:32,62249.960000,0.947100,0.000000,2026-07-08,,,,,
29725533,2026-07-08T17:33,62249.960000,0.947100,0.000000,2026-07-08,,,,,
29725534,2026-07-08T17:34,62249.960000,0.947100,0.000000,2026-07-08,,,,,
29725535,2026-07-08T17:35,62249.960000,0.947100,0.000000,2026-07-08,,,,,
29725536,2026-07-08T17:36,62249.960000,0.947100,0.000000,2026-07-08,,,,,
29725537,2026-07-08T17:37,62249.960000,0.947100,0.000000,2026-07-08,,,,,
29725538,2026-07-08T17:38,62249.960000,0.947100,0.000000,2026-07-08,,,,,
29725539,2026-07-08T17:39,62249.960000,0.947100,0.000000,2026-07-08,,,,,
29725540,2026-07-08T17:40,62249.960000,0.947100,0.000000,2026-07-08,,,,,
29725541,2026-07-08T17:41,62249.960000,0.947100,0.000000,2026-07-08,,,,,
29725542,2026-07-08T17:42,62249.960000,0.947100,0.000000,2026-07-08,,,,,
29725543,2026-07-08T17:43,62249.960000,0.947100,0.000000,2026-07-08,,,,,
29725544,2026-07-08T17:44,62249.960000,0.947100,0.000000,2026-07-08,,,,,
29725545,2026-07-08T17:45,62177.990000,0.180900,0.000000,2026-07-08,112.000000,1.649989,0.440728,62178.980000,62168.900000
29725546,2026-07-08T17:46,62204.440000,0.140700,-0.166582,2026-07-08,516.000000,4.804430,0.302784,62222.000000,62167.400000
29725547,2026-07-08T17:47,62211.230000,0.237300,-0.379843,2026-07-08,463.000000,5.332044,0.171226,62218.800000,62181.440000
29725548,2026-07-08T17:48,62171.100000,0.088700,-0.663716,2026-07-08,371.000000,2.196747,0.312477,62211.230000,62171.100000
29725549,2026-07-08T17:49,62179.350000,0.144100,-0.375045,2026-07-08,451.000000,4.242696,0.327355,62200.110000,62171.100000
29725550,2026-07-08T17:50,62159.990000,0.182800,-0.372973,2026-07-08,415.000000,5.267139,0.242361,62187.130000,62133.870000
29725551,2026-07-08T17:51,62151.400000,-0.339400,-0.497305,2026-07-08,446.000000,4.269568,0.368308,62162.780000,62145.210000
29725552,2026-07-08T17:52,62139.120000,0.250100,-0.263616,2026-07-08,364.000000,2.385608,0.422217,62151.400000,62120.040000
29725553,2026-07-08T17:53,62139.120000,0.250100,-0.155553,2026-07-08,,,,,
29725554,2026-07-08T17:54,62139.120000,0.250100,0.000000,2026-07-08,,,,,
29725555,2026-07-08T17:55,62139.120000,0.250100,0.000000,2026-07-08,,,,,
29725556,2026-07-08T17:56,62139.120000,0.250100,0.000000,2026-07-08,,,,,
29725557,2026-07-08T17:57,62139.120000,0.250100,0.000000,2026-07-08,,,,,
29725558,2026-07-08T17:58,62139.120000,0.250100,0.000000,2026-07-08,,,,,
29725559,2026-07-08T17:59,62139.120000,0.250100,0.000000,2026-07-08,,,,,
29725560,2026-07-08T18:00,62139.120000,0.250100,0.000000,2026-07-08,,,,,
29725561,2026-07-08T18:01,62139.120000,0.250100,0.000000,2026-07-08,,,,,
29725562,2026-07-08T18:02,62139.120000,0.250100,0.000000,2026-07-08,,,,,
29725563,2026-07-08T18:03,62139.120000,0.250100,0.000000,2026-07-08,,,,,
29725564,2026-07-08T18:04,62139.120000,0.250100,0.000000,2026-07-08,,,,,
29725565,2026-07-08T18:05,62139.120000,0.250100,0.000000,2026-07-08,,,,,
29725566,2026-07-08T18:06,62139.120000,0.250100,0.000000,2026-07-08,,,,,
29725567,2026-07-08T18:07,62139.120000,0.250100,0.000000,2026-07-08,,,,,
29725568,2026-07-08T18:08,62139.120000,0.250100,0.000000,2026-07-08,,,,,
29725569,2026-07-08T18:09,62142.710000,0.378000,0.000000,2026-07-08,388.000000,3.150152,0.723280,62160.000000,62139.930000
29725570,2026-07-08T18:10,62177.810000,0.120800,0.477233,2026-07-08,495.000000,3.664611,0.415383,62185.870000,62130.400000
29725571,2026-07-08T18:11,62200.630000,0.060500,-0.169064,2026-07-08,330.000000,1.430857,0.740175,62211.800000,62177.810000
29725572,2026-07-08T18:12,62200.630000,0.060500,0.403011,2026-07-08,,,,,
29725573,2026-07-08T18:13,62200.630000,0.060500,0.000000,2026-07-08,,,,,
29725574,2026-07-08T18:14,62200.630000,0.060500,0.000000,2026-07-08,,,,,
29725575,2026-07-08T18:15,62200.630000,0.060500,0.000000,2026-07-08,,,,,
29725576,2026-07-08T18:16,62200.630000,0.060500,0.000000,2026-07-08,,,,,
29725577,2026-07-08T18:17,62200.630000,0.060500,0.000000,2026-07-08,,,,,
29725578,2026-07-08T18:18,62200.630000,0.060500,0.000000,2026-07-08,,,,,
29725579,2026-07-08T18:19,62200.630000,0.060500,0.000000,2026-07-08,,,,,
29725580,2026-07-08T18:20,62200.630000,0.060500,0.000000,2026-07-08,,,,,
29725581,2026-07-08T18:21,62200.630000,0.060500,0.000000,2026-07-08,,,,,
29725582,2026-07-08T18:22,62200.630000,0.060500,0.000000,2026-07-08,,,,,
29725583,2026-07-08T18:23,62200.630000,0.060500,0.000000,2026-07-08,,,,,
29725584,2026-07-08T18:24,62200.630000,0.060500,0.000000,2026-07-08,,,,,
29725585,2026-07-08T18:25,62200.630000,0.060500,0.000000,2026-07-08,,,,,
29725586,2026-07-08T18:26,62200.630000,0.060500,0.000000,2026-07-08,,,,,
29725587,2026-07-08T18:27,62200.630000,0.043200,0.000000,2026-07-08,,,,,
29725588,2026-07-08T18:28,62142.490000,0.104800,0.000000,2026-07-08,325.000000,10.343027,0.080569,62185.890000,62137.800000
29725589,2026-07-08T18:29,62134.630000,0.226400,-0.838892,2026-07-08,305.000000,1.375464,0.823203,62146.480000,62127.610000
29725590,2026-07-08T18:30,62111.900000,-0.253400,0.648872,2026-07-08,150.000000,1.583529,0.213728,62132.240000,62096.040000
29725591,2026-07-08T18:31,62111.900000,-0.253400,-0.573036,2026-07-08,,,,,
29725592,2026-07-08T18:32,62111.900000,-0.253400,0.000000,2026-07-08,,,,,
29725593,2026-07-08T18:33,62111.900000,-0.253400,0.000000,2026-07-08,,,,,
29725594,2026-07-08T18:34,62111.900000,-0.253400,0.000000,2026-07-08,,,,,
29725595,2026-07-08T18:35,62111.900000,-0.253400,0.000000,2026-07-08,,,,,
29725596,2026-07-08T18:36,62111.900000,-0.253400,0.000000,2026-07-08,,,,,
29725597,2026-07-08T18:37,62111.900000,-0.253400,0.000000,2026-07-08,,,,,
29725598,2026-07-08T18:38,62111.900000,-0.253400,0.000000,2026-07-08,,,,,
29725599,2026-07-08T18:39,62111.900000,-0.253400,0.000000,2026-07-08,,,,,
29725600,2026-07-08T18:40,62111.900000,-0.253400,0.000000,2026-07-08,,,,,
29725601,2026-07-08T18:41,62111.900000,-0.253400,0.000000,2026-07-08,,,,,
29725602,2026-07-08T18:42,62111.900000,-0.253400,0.000000,2026-07-08,,,,,
29725603,2026-07-08T18:43,62111.900000,-0.253400,0.000000,2026-07-08,,,,,
29725604,2026-07-08T18:44,62111.900000,-0.253400,0.000000,2026-07-08,,,,,
29725605,2026-07-08T18:45,62111.900000,-0.253400,0.000000,2026-07-08,,,,,
29725606,2026-07-08T18:46,62092.150000,-0.241800,0.000000,2026-07-08,270.000000,1.479427,0.380647,62105.290000,62077.990000
29725607,2026-07-08T18:47,62085.010000,0.081500,-0.238707,2026-07-08,426.000000,5.085064,0.215299,62100.800000,62070.080000
29725608,2026-07-08T18:48,62102.150000,0.142200,-0.568505,2026-07-08,384.000000,3.833033,0.373736,62102.280000,62067.500000
29725609,2026-07-08T18:49,62102.150000,0.142200,-0.253477,2026-07-08,,,,,
29725610,2026-07-08T18:50,62102.150000,0.142200,0.000000,2026-07-08,,,,,
29725611,2026-07-08T18:51,62102.150000,0.142200,0.000000,2026-07-08,,,,,
29725612,2026-07-08T18:52,62102.150000,0.142200,0.000000,2026-07-08,,,,,
29725613,2026-07-08T18:53,62102.150000,0.142200,0.000000,2026-07-08,,,,,
29725614,2026-07-08T18:54,62102.150000,0.142200,0.000000,2026-07-08,,,,,
29725615,2026-07-08T18:55,62102.150000,0.142200,0.000000,2026-07-08,,,,,
29725616,2026-07-08T18:56,62102.150000,0.142200,0.000000,2026-07-08,,,,,
29725617,2026-07-08T18:57,62102.150000,0.142200,0.000000,2026-07-08,,,,,
29725618,2026-07-08T18:58,62102.150000,0.142200,0.000000,2026-07-08,,,,,
29725619,2026-07-08T18:59,62102.150000,0.142200,0.000000,2026-07-08,,,,,
29725620,2026-07-08T19:00,62102.150000,0.142200,0.000000,2026-07-08,,,,,
29725621,2026-07-08T19:01,62102.150000,0.142200,0.000000,2026-07-08,,,,,
29725622,2026-07-08T19:02,62102.150000,0.142200,0.000000,2026-07-08,,,,,
29725623,2026-07-08T19:03,62102.150000,0.142200,0.000000,2026-07-08,,,,,
29725624,2026-07-08T19:04,62102.150000,0.142200,0.000000,2026-07-08,,,,,
29725625,2026-07-08T19:05,62112.670000,0.094900,0.000000,2026-07-08,343.000000,2.419683,0.489122,62125.520000,62088.120000
29725626,2026-07-08T19:06,62100.900000,-0.388500,-0.041575,2026-07-08,417.000000,2.758985,0.486042,62112.500000,62087.930000
29725627,2026-07-08T19:07,62119.070000,-0.553900,0.000453,2026-07-08,345.000000,2.472293,0.297814,62125.470000,62100.890000
29725628,2026-07-08T19:08,62119.070000,-0.553900,-0.420599,2026-07-08,,,,,
29725629,2026-07-08T19:09,62119.070000,-0.553900,0.000000,2026-07-08,,,,,
29725630,2026-07-08T19:10,62119.070000,-0.553900,0.000000,2026-07-08,,,,,
29725631,2026-07-08T19:11,62119.070000,-0.553900,0.000000,2026-07-08,,,,,
29725632,2026-07-08T19:12,62119.070000,-0.553900,0.000000,2026-07-08,,,,,
29725633,2026-07-08T19:13,62119.070000,-0.553900,0.000000,2026-07-08,,,,,
29725634,2026-07-08T19:14,62119.070000,-0.553900,0.000000,2026-07-08,,,,,
29725635,2026-07-08T19:15,62119.070000,-0.553900,0.000000,2026-07-08,,,,,
29725636,2026-07-08T19:16,62119.070000,-0.553900,0.000000,2026-07-08,,,,,
29725637,2026-07-08T19:17,62119.070000,-0.553900,0.000000,2026-07-08,,,,,
29725638,2026-07-08T19:18,62119.070000,-0.553900,0.000000,2026-07-08,,,,,
29725639,2026-07-08T19:19,62119.070000,-0.553900,0.000000,2026-07-08,,,,,
29725640,2026-07-08T19:20,62119.070000,-0.553900,0.000000,2026-07-08,,,,,
29725641,2026-07-08T19:21,62119.070000,-0.553900,0.000000,2026-07-08,,,,,
29725642,2026-07-08T19:22,62119.070000,-0.553900,0.000000,2026-07-08,,,,,
29725643,2026-07-08T19:23,62119.070000,-0.553900,0.000000,2026-07-08,,,,,
29725644,2026-07-08T19:24,62119.070000,-0.553900,0.000000,2026-07-08,,,,,
29725645,2026-07-08T19:25,62154.920000,-0.014200,0.000000,2026-07-08,922.000000,3.132050,0.583663,62170.000000,62149.130000
29725646,2026-07-08T19:26,62152.490000,-0.206800,0.194970,2026-07-08,2089.000000,5.507857,0.487608,62163.700000,62129.980000
29725647,2026-07-08T19:27,62159.510000,-0.077200,-0.045441,2026-07-08,2023.000000,2.050399,0.616349,62167.040000,62146.380000
29725648,2026-07-08T19:28,62147.070000,0.162500,0.233539,2026-07-08,2257.000000,7.748997,0.489659,62177.880000,62141.520000
29725649,2026-07-08T19:29,62178.490000,0.310100,0.002782,2026-07-08,1158.000000,2.673817,0.688128,62178.500000,62147.070000
29725650,2026-07-08T19:30,62178.490000,0.310100,0.330609,2026-07-08,,,,,
29725651,2026-07-08T19:31,62178.490000,0.310100,0.000000,2026-07-08,,,,,
29725652,2026-07-08T19:32,62178.490000,0.310100,0.000000,2026-07-08,,,,,
29725653,2026-07-08T19:33,62178.490000,0.310100,0.000000,2026-07-08,,,,,
29725654,2026-07-08T19:34,62178.490000,0.310100,0.000000,2026-07-08,,,,,
29725655,2026-07-08T19:35,62178.490000,0.310100,0.000000,2026-07-08,,,,,
29725656,2026-07-08T19:36,62178.490000,0.310100,0.000000,2026-07-08,,,,,
29725657,2026-07-08T19:37,62178.490000,0.310100,0.000000,2026-07-08,,,,,
29725658,2026-07-08T19:38,62178.490000,0.310100,0.000000,2026-07-08,,,,,
29725659,2026-07-08T19:39,62178.490000,0.310100,0.000000,2026-07-08,,,,,
29725660,2026-07-08T19:40,62178.490000,0.310100,0.000000,2026-07-08,,,,,
29725661,2026-07-08T19:41,62178.490000,0.310100,0.000000,2026-07-08,,,,,
29725662,2026-07-08T19:42,62178.490000,0.310100,0.000000,2026-07-08,,,,,
29725663,2026-07-08T19:43,62178.490000,0.310100,0.000000,2026-07-08,,,,,
29725664,2026-07-08T19:44,62178.490000,0.267500,0.000000,2026-07-08,,,,,
29725665,2026-07-08T19:45,62178.490000,0.267500,0.000000,2026-07-08,,,,,
29725666,2026-07-08T19:46,62178.490000,0.267500,0.000000,2026-07-08,,,,,
29725667,2026-07-08T19:47,62178.490000,0.267500,0.000000,2026-07-08,,,,,
29725668,2026-07-08T19:48,62178.490000,0.267500,0.000000,2026-07-08,,,,,
29725669,2026-07-08T19:49,62178.490000,0.267500,0.000000,2026-07-08,,,,,
29725670,2026-07-08T19:50,62178.490000,0.267500,0.000000,2026-07-08,,,,,
29725671,2026-07-08T19:51,62178.490000,0.267500,0.000000,2026-07-08,,,,,
29725672,2026-07-08T19:52,62178.490000,0.267500,0.000000,2026-07-08,,,,,
29725673,2026-07-08T19:53,62178.490000,0.267500,0.000000,2026-07-08,,,,,
29725674,2026-07-08T19:54,62178.490000,0.267500,0.000000,2026-07-08,,,,,
29725675,2026-07-08T19:55,62178.490000,0.267500,0.000000,2026-07-08,,,,,
29725676,2026-07-08T19:56,62178.490000,0.267500,0.000000,2026-07-08,,,,,
29725677,2026-07-08T19:57,62178.490000,0.267500,0.000000,2026-07-08,,,,,
29725678,2026-07-08T19:58,62178.490000,0.267500,0.000000,2026-07-08,,,,,
29725679,2026-07-08T19:59,62178.490000,0.267500,0.000000,2026-07-08,,,,,
29725680,2026-07-08T20:00,62178.490000,0.267500,0.000000,2026-07-08,,,,,
29725681,2026-07-08T20:01,62177.620000,-0.179500,0.000000,2026-07-08,230.000000,1.057674,0.664159,62182.000000,62166.030000
29725682,2026-07-08T20:02,62178.930000,-0.189600,0.328296,2026-07-08,62.000000,0.086173,0.960952,62177.640000,62175.980000
29725683,2026-07-08T20:03,62178.930000,-0.189600,0.922606,2026-07-08,,,,,
29725684,2026-07-08T20:04,62178.930000,-0.189600,0.000000,2026-07-08,,,,,
29725685,2026-07-08T20:05,62178.930000,-0.189600,0.000000,2026-07-08,,,,,
29725686,2026-07-08T20:06,62178.930000,-0.189600,0.000000,2026-07-08,,,,,
29725687,2026-07-08T20:07,62178.930000,-0.189600,0.000000,2026-07-08,,,,,
29725688,2026-07-08T20:08,62178.930000,-0.189600,0.000000,2026-07-08,,,,,
29725689,2026-07-08T20:09,62178.930000,-0.189600,0.000000,2026-07-08,,,,,
29725690,2026-07-08T20:10,62178.930000,-0.189600,0.000000,2026-07-08,,,,,
29725691,2026-07-08T20:11,62178.930000,-0.189600,0.000000,2026-07-08,,,,,
29725692,2026-07-08T20:12,62178.930000,-0.189600,0.000000,2026-07-08,,,,,
29725693,2026-07-08T20:13,62178.930000,-0.189600,0.000000,2026-07-08,,,,,
29725694,2026-07-08T20:14,62178.930000,-0.189600,0.000000,2026-07-08,,,,,
29725695,2026-07-08T20:15,62178.930000,-0.189600,0.000000,2026-07-08,,,,,
29725696,2026-07-08T20:16,62178.930000,-0.189600,0.000000,2026-07-08,,,,,
29725697,2026-07-08T20:17,62178.930000,-0.189600,0.000000,2026-07-08,,,,,
29725698,2026-07-08T20:18,62178.930000,-0.189600,0.000000,2026-07-08,,,,,
29725699,2026-07-08T20:19,62129.210000,-0.309200,0.000000,2026-07-08,312.000000,1.417618,0.665032,62133.220000,62111.890000
29725700,2026-07-08T20:20,62156.310000,-0.586300,0.330616,2026-07-08,372.000000,2.176729,0.745153,62174.800000,62114.050000
29725701,2026-07-08T20:21,62177.320000,0.231100,0.447191,2026-07-08,367.000000,0.971537,0.795522,62180.000000,62148.900000
29725702,2026-07-08T20:22,62185.900000,0.011100,0.705822,2026-07-08,28.000000,0.065608,0.636676,62185.890000,62178.300000
29725703,2026-07-08T20:23,62185.900000,0.011100,0.253826,2026-07-08,,,,,
29725704,2026-07-08T20:24,62185.900000,0.011100,0.000000,2026-07-08,,,,,
29725705,2026-07-08T20:25,62185.900000,0.011100,0.000000,2026-07-08,,,,,
29725706,2026-07-08T20:26,62185.900000,0.011100,0.000000,2026-07-08,,,,,
29725707,2026-07-08T20:27,62185.900000,0.011100,0.000000,2026-07-08,,,,,
29725708,2026-07-08T20:28,62185.900000,-0.038200,0.000000,2026-07-08,,,,,
29725709,2026-07-08T20:29,62202.010000,-0.484000,0.000000,2026-07-08,65.000000,0.307010,0.522606,62205.470000,62202.010000
29725710,2026-07-08T20:30,62202.010000,-0.484000,0.045212,2026-07-08,,,,,
29725711,2026-07-08T20:31,62202.010000,-0.484000,0.000000,2026-07-08,,,,,
29725712,2026-07-08T20:32,62202.010000,-0.484000,0.000000,2026-07-08,,,,,
29725713,2026-07-08T20:33,62202.010000,-0.484000,0.000000,2026-07-08,,,,,
29725714,2026-07-08T20:34,62202.010000,-0.267000,0.000000,2026-07-08,,,,,
29725715,2026-07-08T20:35,62163.590000,-0.411500,-1.000000,2026-07-08,323.000000,0.599516,0.710987,62183.730000,62160.990000
29725716,2026-07-08T20:36,62130.400000,-0.041600,0.354127,2026-07-08,342.000000,0.858800,0.657743,62163.530000,62111.900000
29725717,2026-07-08T20:37,62131.020000,-0.562500,0.363167,2026-07-08,30.000000,0.063562,0.962892,62131.030000,62131.020000
29725718,2026-07-08T20:38,62131.020000,-0.562500,0.925785,2026-07-08,,,,,
29725719,2026-07-08T20:39,62131.020000,-0.562500,0.000000,2026-07-08,,,,,
29725720,2026-07-08T20:40,62131.020000,-0.562500,0.000000,2026-07-08,,,,,
29725721,2026-07-08T20:41,62131.020000,-0.562500,0.000000,2026-07-08,,,,,
29725722,2026-07-08T20:42,62131.020000,-0.562500,0.000000,2026-07-08,,,,,
29725723,2026-07-08T20:43,62131.020000,-0.562500,0.000000,2026-07-08,,,,,
29725724,2026-07-08T20:44,62131.020000,-0.520500,0.000000,2026-07-08,3632.000000,51.055330,0.565764,62178.500000,62056.510000
29725725,2026-07-08T20:45,62142.980000,0.082700,0.130545,2026-07-08,396.000000,5.907441,0.942171,62147.550000,62126.700000
29725726,2026-07-08T20:46,62140.930000,-0.849600,0.898824,2026-07-08,377.000000,4.526990,0.606136,62145.690000,62127.290000
29725727,2026-07-08T20:47,62149.760000,-0.574400,0.210147,2026-07-08,161.000000,1.889857,0.973749,62149.760000,62140.920000
29725728,2026-07-08T20:48,62149.760000,-0.574400,0.947499,2026-07-08,,,,,
29725729,2026-07-08T20:49,62167.710000,-0.374600,0.000000,2026-07-08,849.000000,10.407338,0.933371,62174.170000,62146.240000
29725730,2026-07-08T20:50,62167.430000,-0.630200,0.866742,2026-07-08,13.000000,0.351000,0.999999,62168.740000,62167.430000
29725731,2026-07-08T20:51,62167.430000,-0.630200,0.999998,2026-07-08,,,,,
29725732,2026-07-08T20:52,62167.430000,-0.630200,0.000000,2026-07-08,,,,,
29725733,2026-07-08T20:53,62167.430000,-0.630200,0.000000,2026-07-08,,,,,
29725734,2026-07-08T20:54,62167.430000,-0.630200,0.000000,2026-07-08,,,,,
29725735,2026-07-08T20:55,62167.430000,-0.630200,0.000000,2026-07-08,,,,,
29725736,2026-07-08T20:56,62167.430000,-0.630200,0.000000,2026-07-08,,,,,
29725737,2026-07-08T20:57,62167.430000,-0.630200,0.000000,2026-07-08,,,,,
29725738,2026-07-08T20:58,62167.430000,-0.630200,0.000000,2026-07-08,,,,,
29725739,2026-07-08T20:59,62167.430000,-0.630200,0.000000,2026-07-08,,,,,
29725740,2026-07-08T21:00,62167.430000,-0.630200,0.000000,2026-07-08,,,,,
29725741,2026-07-08T21:01,62167.430000,-0.630200,0.000000,2026-07-08,,,,,
29725742,2026-07-08T21:02,62167.430000,-0.630200,0.000000,2026-07-08,,,,,
29725743,2026-07-08T21:03,62167.430000,-0.630200,0.000000,2026-07-08,,,,,
29725744,2026-07-08T21:04,62167.430000,-0.630200,0.000000,2026-07-08,,,,,
29725745,2026-07-08T21:05,62167.430000,-0.630200,0.000000,2026-07-08,,,,,
29725746,2026-07-08T21:06,62075.510000,-0.557700,0.000000,2026-07-08,68.000000,0.523171,0.163590,62093.230000,62075.500000
29725747,2026-07-08T21:07,62011.990000,0.402100,-0.688774,2026-07-08,556.000000,8.085953,0.663158,62075.500000,61994.210000
29725748,2026-07-08T21:08,62009.850000,0.055900,0.330735,2026-07-08,416.000000,6.845555,0.196879,62020.390000,61999.950000
29725749,2026-07-08T21:09,62024.190000,0.318000,-0.605432,2026-07-08,245.000000,1.206234,0.913476,62025.600000,62009.850000
29725750,2026-07-08T21:10,62024.190000,0.318000,0.826444,2026-07-08,,,,,
29725751,2026-07-08T21:11,62024.190000,0.318000,0.000000,2026-07-08,,,,,
29725752,2026-07-08T21:12,62024.190000,0.318000,0.000000,2026-07-08,,,,,
29725753,2026-07-08T21:13,62024.190000,0.318000,0.000000,2026-07-08,,,,,
29725754,2026-07-08T21:14,62024.190000,0.318000,0.000000,2026-07-08,,,,,
29725755,2026-07-08T21:15,62024.190000,0.318000,0.000000,2026-07-08,,,,,
29725756,2026-07-08T21:16,62024.190000,0.318000,0.000000,2026-07-08,,,,,
29725757,2026-07-08T21:17,62024.190000,0.318000,0.000000,2026-07-08,,,,,
29725758,2026-07-08T21:18,62024.190000,0.318000,0.000000,2026-07-08,,,,,
29725759,2026-07-08T21:19,62024.190000,0.318000,0.000000,2026-07-08,,,,,
29725760,2026-07-08T21:20,62024.190000,0.318000,0.000000,2026-07-08,,,,,
29725761,2026-07-08T21:21,62024.190000,0.318000,0.000000,2026-07-08,,,,,
29725762,2026-07-08T21:22,62024.190000,0.318000,0.000000,2026-07-08,,,,,
29725763,2026-07-08T21:23,62024.190000,0.318000,0.000000,2026-07-08,,,,,
29725764,2026-07-08T21:24,62024.190000,0.318000,0.000000,2026-07-08,,,,,
29725765,2026-07-08T21:25,62024.190000,0.318000,0.000000,2026-07-08,,,,,
29725766,2026-07-08T21:26,62020.960000,-0.359300,0.000000,2026-07-08,81.000000,1.988202,0.617506,62027.390000,62020.970000
29725767,2026-07-08T21:27,62038.760000,-0.707200,0.235013,2026-07-08,213.000000,2.799516,0.939749,62038.790000,62020.960000
29725768,2026-07-08T21:28,62039.020000,-0.674400,0.879691,2026-07-08,211.000000,2.180097,0.943930,62040.000000,62036.690000
29725769,2026-07-08T21:29,62049.070000,-0.116000,0.887658,2026-07-08,231.000000,5.745861,0.835921,62050.650000,62039.020000
29725770,2026-07-08T21:30,62063.380000,-0.525700,0.676584,2026-07-08,495.000000,14.192764,0.346662,62073.310000,62042.890000
29725771,2026-07-08T21:31,62063.380000,-0.525700,-0.314535,2026-07-08,,,,,
29725772,2026-07-08T21:32,62063.380000,-0.525700,0.000000,2026-07-08,,,,,
29725773,2026-07-08T21:33,62063.380000,-0.525700,0.000000,2026-07-08,,,,,
29725774,2026-07-08T21:34,62063.380000,-0.525700,0.000000,2026-07-08,,,,,
29725775,2026-07-08T21:35,62063.380000,-0.525700,0.000000,2026-07-08,,,,,
29725776,2026-07-08T21:36,62063.380000,-0.525700,0.000000,2026-07-08,,,,,
29725777,2026-07-08T21:37,62063.380000,-0.525700,0.000000,2026-07-08,,,,,
29725778,2026-07-08T21:38,62063.380000,-0.525700,0.000000,2026-07-08,,,,,
29725779,2026-07-08T21:39,62063.380000,-0.525700,0.000000,2026-07-08,,,,,
29725780,2026-07-08T21:40,62063.380000,-0.525700,0.000000,2026-07-08,,,,,
29725781,2026-07-08T21:41,62063.380000,-0.525700,0.000000,2026-07-08,,,,,
29725782,2026-07-08T21:42,62049.600000,-0.083100,0.000000,2026-07-08,18.000000,0.009788,0.557980,62054.910000,62049.610000
29725783,2026-07-08T21:43,62049.600000,-0.083100,0.115959,2026-07-08,,,,,
29725784,2026-07-08T21:44,62049.600000,-0.083100,0.000000,2026-07-08,,,,,
29725785,2026-07-08T21:45,62049.600000,-0.083100,0.000000,2026-07-08,,,,,
29725786,2026-07-08T21:46,62049.600000,-0.083100,0.000000,2026-07-08,,,,,
29725787,2026-07-08T21:47,62049.600000,-0.083100,0.000000,2026-07-08,,,,,
29725788,2026-07-08T21:48,62049.600000,-0.083100,0.000000,2026-07-08,,,,,
29725789,2026-07-08T21:49,62049.600000,-0.083100,0.000000,2026-07-08,,,,,
29725790,2026-07-08T21:50,62049.600000,-0.083100,0.000000,2026-07-08,,,,,
29725791,2026-07-08T21:51,62049.600000,-0.083100,0.000000,2026-07-08,,,,,
29725792,2026-07-08T21:52,62049.600000,-0.083100,0.000000,2026-07-08,,,,,
29725793,2026-07-08T21:53,62049.600000,-0.083100,0.000000,2026-07-08,,,,,
29725794,2026-07-08T21:54,62049.600000,-0.083100,0.000000,2026-07-08,,,,,
29725795,2026-07-08T21:55,62049.600000,-0.083100,0.000000,2026-07-08,,,,,
29725796,2026-07-08T21:56,62049.600000,-0.083100,0.000000,2026-07-08,,,,,
29725797,2026-07-08T21:57,62049.600000,-0.083100,0.000000,2026-07-08,,,,,
29725798,2026-07-08T21:58,62049.600000,-0.083100,0.000000,2026-07-08,,,,,
29725799,2026-07-08T21:59,62132.100000,-0.275500,0.000000,2026-07-08,89.000000,0.622556,0.781991,62132.110000,62131.110000
29725800,2026-07-08T22:00,62138.680000,0.031400,0.823543,2026-07-08,350.000000,4.167217,0.647430,62145.990000,62123.940000
29725801,2026-07-08T22:01,62138.680000,0.031400,0.096262,2026-07-08,,,,,
29725802,2026-07-08T22:02,62138.680000,0.031400,0.000000,2026-07-08,,,,,
29725803,2026-07-08T22:03,62138.680000,0.031400,0.000000,2026-07-08,,,,,
29725804,2026-07-08T22:04,62138.680000,0.031400,0.000000,2026-07-08,,,,,
29725805,2026-07-08T22:05,62138.680000,0.031400,0.000000,2026-07-08,,,,,
29725806,2026-07-08T22:06,62138.680000,0.031400,0.000000,2026-07-08,,,,,
29725807,2026-07-08T22:07,62138.680000,0.031400,0.000000,2026-07-08,,,,,
29725808,2026-07-08T22:08,62138.680000,0.031400,0.000000,2026-07-08,,,,,
29725809,2026-07-08T22:09,62138.680000,0.031400,0.000000,2026-07-08,,,,,
29725810,2026-07-08T22:10,62138.680000,0.031400,0.000000,2026-07-08,,,,,
29725811,2026-07-08T22:11,62138.680000,0.031400,0.000000,2026-07-08,,,,,
29725812,2026-07-08T22:12,62138.680000,0.031400,0.000000,2026-07-08,,,,,
29725813,2026-07-08T22:13,62138.680000,0.031400,0.000000,2026-07-08,,,,,
29725814,2026-07-08T22:14,62138.680000,0.031400,0.000000,2026-07-08,,,,,
29725815,2026-07-08T22:15,62138.680000,0.094100,0.000000,2026-07-08,,,,,
29725816,2026-07-08T22:16,62197.680000,-0.431400,0.000000,2026-07-08,131.000000,0.441641,0.616988,62204.120000,62191.120000
29725817,2026-07-08T22:17,62185.900000,0.108700,0.241009,2026-07-08,395.000000,1.787404,0.484471,62201.730000,62163.700000
29725818,2026-07-08T22:18,62187.400000,-0.255100,-0.024961,2026-07-08,150.000000,0.260063,0.689800,62192.810000,62185.890000
29725819,2026-07-08T22:19,62187.400000,-0.255100,0.342362,2026-07-08,,,,,
29725820,2026-07-08T22:20,62187.400000,-0.255100,0.000000,2026-07-08,,,,,
29725821,2026-07-08T22:21,62187.400000,-0.255100,0.000000,2026-07-08,,,,,
29725822,2026-07-08T22:22,62187.400000,-0.255100,0.000000,2026-07-08,,,,,
29725823,2026-07-08T22:23,62187.400000,-0.255100,0.000000,2026-07-08,,,,,
29725824,2026-07-08T22:24,62187.400000,-0.255100,0.000000,2026-07-08,,,,,
29725825,2026-07-08T22:25,62187.400000,-0.255100,0.000000,2026-07-08,,,,,
29725826,2026-07-08T22:26,62187.400000,-0.255100,0.000000,2026-07-08,,,,,
29725827,2026-07-08T22:27,62187.400000,-0.255100,0.000000,2026-07-08,,,,,
29725828,2026-07-08T22:28,62187.400000,-0.255100,0.000000,2026-07-08,,,,,
29725829,2026-07-08T22:29,62187.400000,-0.265500,0.000000,2026-07-08,,,,,
29725830,2026-07-08T22:30,62222.960000,0.156400,0.000000,2026-07-08,306.000000,2.141437,0.848544,62284.970000,62222.910000
29725831,2026-07-08T22:31,62231.380000,-0.143800,0.708147,2026-07-08,307.000000,1.699569,0.531511,62237.590000,62207.010000
29725832,2026-07-08T22:32,62231.380000,-0.143800,0.015805,2026-07-08,,,,,
29725833,2026-07-08T22:33,62231.380000,-0.143800,0.000000,2026-07-08,,,,,
29725834,2026-07-08T22:34,62231.380000,-0.143800,0.000000,2026-07-08,,,,,
29725835,2026-07-08T22:35,62231.380000,-0.143800,0.000000,2026-07-08,,,,,
29725836,2026-07-08T22:36,62231.380000,-0.143800,0.000000,2026-07-08,,,,,
29725837,2026-07-08T22:37,62231.380000,-0.143800,0.000000,2026-07-08,,,,,
29725838,2026-07-08T22:38,62231.380000,-0.143800,0.000000,2026-07-08,,,,,
29725839,2026-07-08T22:39,62231.380000,-0.143800,0.000000,2026-07-08,,,,,
29725840,2026-07-08T22:40,62231.380000,-0.143800,0.000000,2026-07-08,,,,,
29725841,2026-07-08T22:41,62231.380000,-0.143800,0.000000,2026-07-08,,,,,
29725842,2026-07-08T22:42,62231.380000,-0.143800,0.000000,2026-07-08,,,,,
29725843,2026-07-08T22:43,62231.380000,-0.143800,0.000000,2026-07-08,,,,,
29725844,2026-07-08T22:44,62231.380000,-0.143800,0.000000,2026-07-08,,,,,
29725845,2026-07-08T22:45,62231.380000,-0.143800,0.000000,2026-07-08,,,,,
29725846,2026-07-08T22:46,62231.380000,-0.143800,0.000000,2026-07-08,,,,,
29725847,2026-07-08T22:47,62231.380000,-0.143800,0.000000,2026-07-08,,,,,
29725848,2026-07-08T22:48,62231.380000,-0.143800,0.000000,2026-07-08,,,,,
29725849,2026-07-08T22:49,62249.570000,0.115400,0.000000,2026-07-08,195.000000,2.546441,0.887565,62252.670000,62247.990000
29725850,2026-07-08T22:50,62230.310000,-0.190200,0.775209,2026-07-08,322.000000,1.541703,0.759986,62249.570000,62230.300000
29725851,2026-07-08T22:51,62237.460000,0.306900,0.519695,2026-07-08,291.000000,1.316515,0.803815,62242.210000,62226.600000
29725852,2026-07-08T22:52,62238.580000,-0.316600,0.649911,2026-07-08,190.000000,0.963377,0.528858,62242.500000,62232.800000
29725853,2026-07-08T22:53,62238.580000,-0.316600,-0.128543,2026-07-08,,,,,
29725854,2026-07-08T22:54,62238.580000,-0.316600,0.000000,2026-07-08,,,,,
29725855,2026-07-08T22:55,62238.580000,-0.316600,0.000000,2026-07-08,,,,,
29725856,2026-07-08T22:56,62238.580000,-0.316600,0.000000,2026-07-08,,,,,
29725857,2026-07-08T22:57,62238.580000,-0.316600,0.000000,2026-07-08,,,,,
29725858,2026-07-08T22:58,62238.580000,-0.316600,0.000000,2026-07-08,,,,,
29725859,2026-07-08T22:59,62238.580000,-0.316600,0.000000,2026-07-08,,,,,
29725860,2026-07-08T23:00,62238.580000,-0.316600,0.000000,2026-07-08,,,,,
29725861,2026-07-08T23:01,62238.580000,-0.316600,0.000000,2026-07-08,,,,,
29725862,2026-07-08T23:02,62238.580000,-0.316600,0.000000,2026-07-08,,,,,
29725863,2026-07-08T23:03,62238.580000,-0.316600,0.000000,2026-07-08,,,,,
29725864,2026-07-08T23:04,62238.580000,-0.316600,0.000000,2026-07-08,,,,,
29725865,2026-07-08T23:05,62238.580000,-0.316600,0.000000,2026-07-08,,,,,
29725866,2026-07-08T23:06,62238.580000,-0.316600,0.000000,2026-07-08,,,,,
29725867,2026-07-08T23:07,62238.580000,-0.315300,0.000000,2026-07-08,,,,,
29725868,2026-07-08T23:08,62256.510000,0.122000,0.000000,2026-07-08,361.000000,1.834470,0.434887,62293.190000,62252.500000
29725869,2026-07-08T23:09,62257.130000,0.188300,-0.130226,2026-07-08,392.000000,2.246741,0.789307,62268.700000,62248.510000
29725870,2026-07-08T23:10,62260.600000,0.009500,0.560654,2026-07-08,278.000000,1.231742,0.878983,62260.620000,62252.000000
29725871,2026-07-08T23:11,62260.600000,0.009500,0.795660,2026-07-08,,,,,
29725872,2026-07-08T23:12,62260.600000,0.009500,0.000000,2026-07-08,,,,,
29725873,2026-07-08T23:13,62278.510000,0.029000,0.000000,2026-07-08,10.000000,0.004054,0.999914,62278.520000,62278.510000
29725874,2026-07-08T23:14,62274.040000,0.361300,0.997518,2026-07-08,263.000000,2.213640,0.426183,62282.000000,62266.540000
29725875,2026-07-08T23:15,62274.040000,0.361300,-0.415469,2026-07-08,,,,,
29725876,2026-07-08T23:16,62274.040000,0.361300,0.000000,2026-07-08,,,,,
29725877,2026-07-08T23:17,62274.040000,0.361300,0.000000,2026-07-08,,,,,
29725878,2026-07-08T23:18,62274.040000,0.361300,0.000000,2026-07-08,,,,,
29725879,2026-07-08T23:19,62274.040000,0.361300,0.000000,2026-07-08,,,,,
29725880,2026-07-08T23:20,62274.040000,0.361300,0.000000,2026-07-08,,,,,
29725881,2026-07-08T23:21,62274.040000,0.361300,0.000000,2026-07-08,,,,,
29725882,2026-07-08T23:22,62274.040000,0.361300,0.000000,2026-07-08,,,,,
29725883,2026-07-08T23:23,62274.040000,0.361300,0.000000,2026-07-08,,,,,
29725884,2026-07-08T23:24,62274.040000,0.361300,0.000000,2026-07-08,,,,,
29725885,2026-07-08T23:25,62174.790000,-0.570500,0.000000,2026-07-08,14.000000,0.021025,0.227228,62174.790000,62174.780000
29725886,2026-07-08T23:26,62174.790000,-0.570500,-0.545544,2026-07-08,,,,,
29725887,2026-07-08T23:27,62174.790000,-0.570500,0.000000,2026-07-08,,,,,
29725888,2026-07-08T23:28,62174.790000,-0.570500,0.000000,2026-07-08,,,,,
29725889,2026-07-08T23:29,62174.790000,-0.570500,0.000000,2026-07-08,,,,,
29725890,2026-07-08T23:30,62174.790000,-0.124900,0.000000,2026-07-08,,,,,
29725891,2026-07-08T23:31,62174.790000,-0.124900,0.000000,2026-07-08,,,,,
29725892,2026-07-08T23:32,62174.790000,-0.124900,0.000000,2026-07-08,,,,,
29725893,2026-07-08T23:33,62174.790000,-0.124900,0.000000,2026-07-08,,,,,
29725894,2026-07-08T23:34,62174.790000,-0.124900,0.000000,2026-07-08,,,,,
29725895,2026-07-08T23:35,62174.790000,-0.124900,0.000000,2026-07-08,,,,,
29725896,2026-07-08T23:36,62174.790000,-0.124900,0.000000,2026-07-08,,,,,
29725897,2026-07-08T23:37,62174.790000,-0.124900,0.000000,2026-07-08,,,,,
29725898,2026-07-08T23:38,62174.790000,-0.124900,0.000000,2026-07-08,,,,,
29725899,2026-07-08T23:39,62174.790000,-0.124900,0.000000,2026-07-08,,,,,
29725900,2026-07-08T23:40,62174.790000,-0.124900,0.000000,2026-07-08,,,,,
29725901,2026-07-08T23:41,62174.790000,-0.124900,0.000000,2026-07-08,,,,,
29725902,2026-07-08T23:42,62174.790000,-0.124900,0.000000,2026-07-08,,,,,
29725903,2026-07-08T23:43,62174.790000,-0.124900,0.000000,2026-07-08,,,,,
29725904,2026-07-08T23:44,62174.790000,-0.124900,0.000000,2026-07-08,,,,,
29725905,2026-07-08T23:45,62174.790000,-0.124900,0.000000,2026-07-08,,,,,
29725906,2026-07-08T23:46,62174.790000,-0.124900,0.000000,2026-07-08,,,,,
29725907,2026-07-08T23:47,62208.100000,0.251100,0.000000,2026-07-08,87.000000,0.194162,0.995792,62208.100000,62187.470000
29725908,2026-07-08T23:48,62209.740000,0.163800,0.991582,2026-07-08,98.000000,0.577287,0.813786,62211.790000,62205.690000
29725909,2026-07-08T23:49,62209.740000,0.163800,0.627572,2026-07-08,,,,,
29725910,2026-07-08T23:50,62209.740000,0.163800,0.000000,2026-07-08,,,,,
29725911,2026-07-08T23:51,62209.740000,0.163800,0.000000,2026-07-08,,,,,
29725912,2026-07-08T23:52,62209.740000,0.163800,0.000000,2026-07-08,,,,,
29725913,2026-07-08T23:53,62209.740000,0.163800,0.000000,2026-07-08,,,,,
29725914,2026-07-08T23:54,62209.740000,0.163800,0.000000,2026-07-08,,,,,
29725915,2026-07-08T23:55,62209.740000,0.163800,0.000000,2026-07-08,,,,,
29725916,2026-07-08T23:56,62209.740000,0.163800,0.000000,2026-07-08,,,,,
29725917,2026-07-08T23:57,62209.740000,0.163800,0.000000,2026-07-08,,,,,
29725918,2026-07-08T23:58,62209.740000,0.163800,0.000000,2026-07-08,,,,,
29725919,2026-07-08T23:59,62209.740000,0.163800,0.000000,2026-07-08,,,,,
29725920,2026-07-09T00:00,62209.740000,0.163800,0.000000,2026-07-08,,,,,
29725921,2026-07-09T00:01,62209.740000,0.163800,0.000000,2026-07-08,,,,,
29725922,2026-07-09T00:02,62209.740000,0.163800,0.000000,2026-07-08,,,,,
29725923,2026-07-09T00:03,62209.740000,-0.065900,0.000000,2026-07-08,,,,,
29725924,2026-07-09T00:04,62157.940000,-0.433300,0.000000,2026-07-08,216.000000,2.561218,0.759227,62173.580000,62122.050000
29725925,2026-07-09T00:05,62145.180000,0.022000,0.518412,2026-07-08,268.000000,2.771203,0.842701,62157.940000,62128.840000
29725926,2026-07-09T00:06,62145.210000,-0.740600,0.685445,2026-07-08,287.000000,2.849161,0.195398,62159.410000,62130.990000
29725927,2026-07-09T00:07,62145.210000,-0.740600,-0.609204,2026-07-08,,,,,
29725928,2026-07-09T00:08,62145.210000,-0.740600,0.000000,2026-07-08,,,,,
29725929,2026-07-09T00:09,62145.210000,-0.740600,0.000000,2026-07-08,,,,,
29725930,2026-07-09T00:10,62145.210000,-0.740600,0.000000,2026-07-08,,,,,
29725931,2026-07-09T00:11,62145.210000,-0.740600,0.000000,2026-07-08,,,,,
29725932,2026-07-09T00:12,62145.210000,-0.740600,0.000000,2026-07-08,,,,,
29725933,2026-07-09T00:13,62145.210000,-0.740600,0.000000,2026-07-08,,,,,
29725934,2026-07-09T00:14,62145.210000,-0.740600,0.000000,2026-07-08,,,,,
29725935,2026-07-09T00:15,62145.210000,-0.740600,0.000000,2026-07-08,,,,,
29725936,2026-07-09T00:16,62145.210000,-0.740600,0.000000,2026-07-08,,,,,
29725937,2026-07-09T00:17,62145.210000,-0.740600,0.000000,2026-07-08,,,,,
29725938,2026-07-09T00:18,62145.210000,-0.740600,0.000000,2026-07-08,,,,,
29725939,2026-07-09T00:19,62145.210000,-0.740600,0.000000,2026-07-08,,,,,
29725940,2026-07-09T00:20,62145.210000,-0.740600,0.000000,2026-07-08,,,,,
29725941,2026-07-09T00:21,62145.210000,-0.740600,0.000000,2026-07-08,,,,,
29725942,2026-07-09T00:22,62113.830000,-0.166200,0.000000,2026-07-08,56.000000,0.300073,0.076789,62124.340000,62113.830000
29725943,2026-07-09T00:23,62115.990000,0.013600,-0.682095,2026-07-08,135.000000,0.516589,0.713779,62122.620000,62111.250000
29725944,2026-07-09T00:24,62115.990000,0.013600,0.393119,2026-07-08,,,,,
29725945,2026-07-09T00:25,62115.990000,0.013600,0.000000,2026-07-08,,,,,
29725946,2026-07-09T00:26,62115.990000,0.013600,0.000000,2026-07-08,,,,,
29725947,2026-07-09T00:27,62115.990000,0.013600,0.000000,2026-07-08,,,,,
29725948,2026-07-09T00:28,62115.990000,0.013600,0.000000,2026-07-08,,,,,
29725949,2026-07-09T00:29,62115.990000,0.013600,0.000000,2026-07-08,,,,,
29725950,2026-07-09T00:30,62115.990000,0.013600,0.000000,2026-07-08,,,,,
29725951,2026-07-09T00:31,62115.990000,0.013600,0.000000,2026-07-08,,,,,
29725952,2026-07-09T00:32,62180.260000,-0.012900,0.000000,2026-07-08,110.000000,0.638815,0.732885,62182.510000,62167.390000
29725953,2026-07-09T00:33,62180.260000,-0.012900,0.465771,2026-07-08,,,,,
29725954,2026-07-09T00:34,62180.260000,-0.012900,0.000000,2026-07-08,,,,,
29725955,2026-07-09T00:35,62180.260000,-0.012900,0.000000,2026-07-08,,,,,
29725956,2026-07-09T00:36,62180.260000,-0.012900,0.000000,2026-07-08,,,,,
29725957,2026-07-09T00:37,62180.260000,-0.012900,0.000000,2026-07-08,,,,,
29725958,2026-07-09T00:38,62180.260000,-0.012900,0.000000,2026-07-08,,,,,
29725959,2026-07-09T00:39,62180.260000,-0.012900,0.000000,2026-07-08,,,,,
29725960,2026-07-09T00:40,62180.260000,-0.012900,0.000000,2026-07-08,,,,,
29725961,2026-07-09T00:41,62180.260000,-0.012900,0.000000,2026-07-08,,,,,
29725962,2026-07-09T00:42,62180.260000,-0.012900,0.000000,2026-07-08,,,,,
29725963,2026-07-09T00:43,62180.260000,-0.012900,0.000000,2026-07-08,,,,,
29725964,2026-07-09T00:44,62180.260000,-0.012900,0.000000,2026-07-08,,,,,
29725965,2026-07-09T00:45,62180.260000,-0.012900,0.000000,2026-07-08,,,,,
29725966,2026-07-09T00:46,62180.260000,-0.012900,0.000000,2026-07-08,,,,,
29725967,2026-07-09T00:47,62180.260000,-0.012900,0.000000,2026-07-08,,,,,
29725968,2026-07-09T00:48,62180.260000,-0.012900,0.000000,2026-07-08,2.000000,0.000000,0.000000,62182.920000,62182.920000
29725969,2026-07-09T00:49,62131.170000,0.440400,0.999995,2026-07-08,497.000000,10.199620,0.211373,62185.890000,62116.160000
29725970,2026-07-09T00:50,62107.420000,0.034300,-0.592945,2026-07-08,413.000000,3.098525,0.692393,62146.070000,62106.000000
29725971,2026-07-09T00:51,62055.240000,-0.144300,0.384497,2026-07-08,442.000000,3.630963,0.374135,62126.690000,62029.550000
29725972,2026-07-09T00:52,62037.900000,-0.425400,-0.251729,2026-07-08,292.000000,1.206472,0.670757,62059.400000,62034.210000
29725973,2026-07-09T00:53,62020.790000,-0.711100,0.341513,2026-07-08,330.000000,2.093830,0.847668,62056.400000,62016.010000
29725974,2026-07-09T00:54,62036.680000,0.270800,0.705145,2026-07-08,352.000000,4.276768,0.641665,62037.300000,62002.930000
29725975,2026-07-09T00:55,62048.960000,-0.047300,0.276025,2026-07-08,416.000000,3.857351,0.817658,62053.010000,62027.390000
29725976,2026-07-09T00:56,62056.930000,-0.001000,0.632539,2026-07-08,278.000000,1.842462,0.908590,62056.940000,62036.910000
29725977,2026-07-09T00:57,62052.690000,0.093000,0.820027,2026-07-08,298.000000,3.443567,0.837780,62056.940000,62035.200000
29725978,2026-07-09T00:58,62074.900000,-0.027600,0.675546,2026-07-08,219.000000,0.864663,0.947509,62074.890000,62052.690000
29725979,2026-07-09T00:59,62084.540000,-0.128500,0.895019,2026-07-08,300.000000,2.969372,0.914179,62084.540000,62061.700000
29725980,2026-07-09T01:00,62089.690000,0.126600,0.829192,2026-07-08,376.000000,3.879731,0.863536,62089.690000,62064.110000
29725981,2026-07-09T01:01,62130.400000,0.406300,0.737324,2026-07-08,112.000000,0.889958,0.943075,62130.400000,62089.690000
29725982,2026-07-09T01:02,62130.400000,0.406300,0.876655,2026-07-08,,,,,
29725983,2026-07-09T01:03,62130.400000,0.406300,0.000000,2026-07-08,,,,,
29725984,2026-07-09T01:04,62130.400000,0.406300,0.000000,2026-07-08,,,,,
29725985,2026-07-09T01:05,62130.400000,0.406300,0.000000,2026-07-08,,,,,
29725986,2026-07-09T01:06,62130.400000,0.406300,0.000000,2026-07-08,,,,,
29725987,2026-07-09T01:07,62130.400000,0.406300,0.000000,2026-07-08,,,,,
29725988,2026-07-09T01:08,62130.400000,0.406300,0.000000,2026-07-08,,,,,
29725989,2026-07-09T01:09,62130.400000,0.406300,0.000000,2026-07-08,,,,,
29725990,2026-07-09T01:10,62130.400000,0.406300,0.000000,2026-07-08,,,,,
29725991,2026-07-09T01:11,62130.400000,0.406300,0.000000,2026-07-08,,,,,
29725992,2026-07-09T01:12,62130.400000,0.406300,0.000000,2026-07-08,,,,,
29725993,2026-07-09T01:13,62130.400000,0.406300,0.000000,2026-07-08,,,,,
29725994,2026-07-09T01:14,62130.400000,0.406300,0.000000,2026-07-08,,,,,
29725995,2026-07-09T01:15,62130.400000,0.406300,0.000000,2026-07-08,,,,,
29725996,2026-07-09T01:16,62130.400000,0.113300,0.000000,2026-07-08,,,,,
29725997,2026-07-09T01:17,62405.760000,0.122900,0.000000,2026-07-08,255.000000,0.544716,0.800031,62407.890000,62322.000000
29725998,2026-07-09T01:18,62426.620000,-0.064600,0.482354,2026-07-08,494.000000,3.625238,0.838037,62452.300000,62402.650000
29725999,2026-07-09T01:19,62415.310000,-0.213300,0.700014,2026-07-08,102.000000,0.450345,0.642111,62448.590000,62415.300000
29726000,2026-07-09T01:20,62415.310000,-0.213300,0.264328,2026-07-08,,,,,
29726001,2026-07-09T01:21,62415.310000,-0.213300,0.000000,2026-07-08,,,,,
29726002,2026-07-09T01:22,62415.310000,-0.213300,0.000000,2026-07-08,,,,,
29726003,2026-07-09T01:23,62415.310000,-0.213300,0.000000,2026-07-08,,,,,
29726004,2026-07-09T01:24,62415.310000,-0.213300,0.000000,2026-07-08,,,,,
29726005,2026-07-09T01:25,62415.310000,-0.213300,0.000000,2026-07-08,,,,,
29726006,2026-07-09T01:26,62415.310000,-0.213300,0.000000,2026-07-08,,,,,
29726007,2026-07-09T01:27,62415.310000,-0.213300,0.000000,2026-07-08,,,,,
29726008,2026-07-09T01:28,62415.310000,-0.213300,0.000000,2026-07-08,,,,,
29726009,2026-07-09T01:29,62415.310000,-0.213300,0.000000,2026-07-08,,,,,
29726010,2026-07-09T01:30,62415.310000,-0.213300,0.000000,2026-07-08,,,,,
29726011,2026-07-09T01:31,62415.310000,-0.213300,0.000000,2026-07-08,,,,,
29726012,2026-07-09T01:32,62415.310000,0.143000,0.000000,2026-07-08,,,,,
29726013,2026-07-09T01:33,62252.510000,-0.418100,0.000000,2026-07-08,299.000000,2.694531,0.390074,62279.390000,62252.500000
29726014,2026-07-09T01:34,62215.490000,0.173900,-0.156561,2026-07-08,415.000000,3.630580,0.537867,62271.470000,62196.890000
29726015,2026-07-09T01:35,62234.010000,-0.614500,0.031224,2026-07-08,214.000000,1.114241,0.826896,62242.960000,62212.380000
29726016,2026-07-09T01:36,62234.010000,-0.614500,0.681445,2026-07-08,,,,,
29726017,2026-07-09T01:37,62234.010000,-0.614500,0.000000,2026-07-08,,,,,
29726018,2026-07-09T01:38,62234.010000,-0.614500,0.000000,2026-07-08,,,,,
29726019,2026-07-09T01:39,62234.010000,-0.614500,0.000000,2026-07-08,,,,,
29726020,2026-07-09T01:40,62234.010000,-0.614500,0.000000,2026-07-08,,,,,
29726021,2026-07-09T01:41,62234.010000,-0.614500,0.000000,2026-07-08,,,,,
29726022,2026-07-09T01:42,62234.010000,-0.614500,0.000000,2026-07-08,,,,,
29726023,2026-07-09T01:43,62234.010000,-0.614500,0.000000,2026-07-08,,,,,
29726024,2026-07-09T01:44,62234.010000,-0.614500,0.000000,2026-07-08,,,,,
29726025,2026-07-09T01:45,62234.010000,-0.614500,0.000000,2026-07-08,,,,,
29726026,2026-07-09T01:46,62234.010000,-0.614500,0.000000,2026-07-08,,,,,
29726027,2026-07-09T01:47,62234.010000,-0.614500,0.000000,2026-07-08,,,,,
29726028,2026-07-09T01:48,62234.010000,-0.614500,0.000000,2026-07-08,,,,,
29726029,2026-07-09T01:49,62234.010000,-0.614500,0.000000,2026-07-08,,,,,
29726030,2026-07-09T01:50,62234.010000,-0.614500,0.000000,2026-07-08,,,,,
29726031,2026-07-09T01:51,61914.570000,0.037000,0.000000,2026-07-08,35.000000,0.087631,0.447031,61917.060000,61900.380000
29726032,2026-07-09T01:52,61864.010000,-0.362800,0.067784,2026-07-08,481.000000,5.846052,0.521065,61934.290000,61864.000000
29726033,2026-07-09T01:53,61863.870000,-0.387500,-0.055781,2026-07-08,108.000000,1.569088,0.305969,61871.170000,61856.700000
29726034,2026-07-09T01:54,61863.870000,-0.387500,0.050059,2026-07-08,,,,,
29726035,2026-07-09T01:55,61863.870000,-0.387500,0.000000,2026-07-08,,,,,
29726036,2026-07-09T01:56,61863.870000,-0.387500,0.000000,2026-07-08,,,,,
29726037,2026-07-09T01:57,61863.870000,-0.387500,0.000000,2026-07-08,,,,,
29726038,2026-07-09T01:58,61863.870000,-0.387500,0.000000,2026-07-08,,,,,
29726039,2026-07-09T01:59,61863.870000,-0.387500,0.000000,2026-07-08,,,,,
29726040,2026-07-09T02:00,61863.870000,-0.387500,0.000000,2026-07-08,,,,,
29726041,2026-07-09T02:01,61863.870000,-0.387500,0.000000,2026-07-08,,,,,
29726042,2026-07-09T02:02,61863.870000,-0.387500,0.000000,2026-07-08,,,,,
29726043,2026-07-09T02:03,61863.870000,-0.387500,0.000000,2026-07-08,,,,,
29726044,2026-07-09T02:04,61863.870000,-0.387500,0.000000,2026-07-08,,,,,
29726045,2026-07-09T02:05,61863.870000,-0.387500,0.000000,2026-07-08,,,,,
29726046,2026-07-09T02:06,61863.870000,-0.387500,0.000000,2026-07-08,,,,,
29726047,2026-07-09T02:07,61863.870000,-0.387500,0.000000,2026-07-08,,,,,
29726048,2026-07-09T02:08,61863.870000,-0.387500,0.000000,2026-07-08,,,,,
29726049,2026-07-09T02:09,61972.570000,-0.033200,0.000000,2026-07-08,820.000000,0.559544,0.909543,61978.100000,61971.330000
29726050,2026-07-09T02:10,61972.570000,-0.033200,0.819086,2026-07-08,,,,,
29726051,2026-07-09T02:11,61972.570000,-0.033200,0.000000,2026-07-08,,,,,
29726052,2026-07-09T02:12,61972.570000,0.056100,0.000000,2026-07-08,,,,,
29726053,2026-07-09T02:13,61972.570000,0.056100,0.000000,2026-07-08,,,,,
29726054,2026-07-09T02:14,61972.570000,0.056100,0.000000,2026-07-08,,,,,
29726055,2026-07-09T02:15,62041.600000,0.065400,0.000000,2026-07-08,93.000000,0.782356,0.819081,62050.430000,62041.600000
29726056,2026-07-09T02:16,62008.310000,-0.195000,0.637078,2026-07-08,385.000000,4.003256,0.789729,62070.420000,62008.310000
29726057,2026-07-09T02:17,61967.990000,0.070600,0.579634,2026-07-08,1439.000000,2.887567,0.595421,62008.300000,61951.250000
29726058,2026-07-09T02:18,61983.150000,0.083300,0.157269,2026-07-08,207.000000,1.059952,0.783141,61984.000000,61956.500000
29726059,2026-07-09T02:19,61983.150000,0.083300,0.700690,2026-07-08,,,,,
29726060,2026-07-09T02:20,61983.150000,0.083300,0.000000,2026-07-08,,,,,
29726061,2026-07-09T02:21,61983.150000,0.083300,0.000000,2026-07-08,,,,,
29726062,2026-07-09T02:22,61983.150000,0.083300,0.000000,2026-07-08,,,,,
29726063,2026-07-09T02:23,61983.150000,0.151200,0.000000,2026-07-08,,,,,
29726064,2026-07-09T02:24,62015.170000,-0.272200,1.000000,2026-07-08,176.000000,0.808547,0.999102,62018.590000,62015.160000
29726065,2026-07-09T02:25,62015.170000,-0.272200,0.998198,2026-07-08,,,,,
29726066,2026-07-09T02:26,62015.170000,-0.272200,0.000000,2026-07-08,,,,,
29726067,2026-07-09T02:27,62015.170000,-0.272200,0.000000,2026-07-08,,,,,
29726068,2026-07-09T02:28,62015.170000,-0.272200,0.000000,2026-07-08,,,,,
29726069,2026-07-09T02:29,61956.070000,-0.479300,0.000000,2026-07-08,4.000000,0.000000,0.000000,61956.060000,61956.060000
29726070,2026-07-09T02:30,61956.070000,-0.479300,-1.000000,2026-07-08,,,,,
29726071,2026-07-09T02:31,61956.070000,-0.479300,0.000000,2026-07-08,,,,,
29726072,2026-07-09T02:32,61956.070000,-0.479300,0.000000,2026-07-08,,,,,
29726073,2026-07-09T02:33,61835.620000,-0.064700,0.000000,2026-07-08,1767.000000,11.246990,0.645741,61982.390000,61835.610000
29726074,2026-07-09T02:34,61842.710000,-0.270200,0.292393,2026-07-08,146.000000,0.313523,0.488993,61845.530000,61832.030000
29726075,2026-07-09T02:35,61842.710000,-0.270200,-0.071498,2026-07-08,,,,,
29726076,2026-07-09T02:36,61842.710000,-0.270200,0.000000,2026-07-08,,,,,
29726077,2026-07-09T02:37,61842.710000,-0.270200,0.000000,2026-07-08,,,,,
29726078,2026-07-09T02:38,61842.710000,-0.270200,0.000000,2026-07-08,,,,,
29726079,2026-07-09T02:39,61842.710000,-0.270200,0.000000,2026-07-08,,,,,
29726080,2026-07-09T02:40,61842.710000,-0.270200,0.000000,2026-07-08,,,,,
29726081,2026-07-09T02:41,61842.710000,-0.270200,0.000000,2026-07-08,,,,,
29726082,2026-07-09T02:42,61842.710000,-0.270200,0.000000,2026-07-08,,,,,
29726083,2026-07-09T02:43,61842.710000,-0.270200,0.000000,2026-07-08,,,,,
29726084,2026-07-09T02:44,61842.710000,-0.270200,0.000000,2026-07-08,,,,,
29726085,2026-07-09T02:45,61842.710000,-0.270200,0.000000,2026-07-08,,,,,
29726086,2026-07-09T02:46,61842.710000,-0.270200,0.000000,2026-07-08,,,,,
29726087,2026-07-09T02:47,61842.710000,-0.270200,0.000000,2026-07-08,,,,,
29726088,2026-07-09T02:48,61842.710000,-0.270200,0.000000,2026-07-08,,,,,
29726089,2026-07-09T02:49,61842.710000,-0.270200,0.000000,2026-07-08,,,,,
29726090,2026-07-09T02:50,61842.710000,-0.270200,0.000000,2026-07-08,,,,,
29726091,2026-07-09T02:51,61644.290000,-0.574600,0.000000,2026-07-08,354.000000,4.770072,0.383359,61677.560000,61640.020000
29726092,2026-07-09T02:52,61666.900000,-0.318800,-0.233103,2026-07-08,190.000000,2.950049,0.312046,61667.900000,61636.050000
29726093,2026-07-09T02:53,61666.900000,-0.318800,-0.376232,2026-07-08,,,,,
29726094,2026-07-09T02:54,61666.900000,-0.318800,0.000000,2026-07-08,,,,,
29726095,2026-07-09T02:55,61666.900000,-0.318800,0.000000,2026-07-08,,,,,
29726096,2026-07-09T02:56,61666.900000,-0.318800,0.000000,2026-07-08,,,,,
29726097,2026-07-09T02:57,61666.900000,-0.318800,0.000000,2026-07-08,,,,,
29726098,2026-07-09T02:58,61666.900000,-0.318800,0.000000,2026-07-08,,,,,
29726099,2026-07-09T02:59,61666.900000,-0.318800,0.000000,2026-07-08,,,,,
29726100,2026-07-09T03:00,61666.900000,-0.318800,0.000000,2026-07-08,,,,,
29726101,2026-07-09T03:01,61666.900000,-0.318800,0.000000,2026-07-08,,,,,
29726102,2026-07-09T03:02,61666.900000,-0.318800,0.000000,2026-07-08,,,,,
29726103,2026-07-09T03:03,61666.900000,-0.318800,0.000000,2026-07-08,,,,,
29726104,2026-07-09T03:04,61666.900000,-0.318800,0.000000,2026-07-08,,,,,
29726105,2026-07-09T03:05,61666.900000,-0.318800,0.000000,2026-07-08,,,,,
29726106,2026-07-09T03:06,61666.900000,-0.318800,0.000000,2026-07-08,,,,,
29726107,2026-07-09T03:07,61666.900000,-0.318800,0.000000,2026-07-08,,,,,
29726108,2026-07-09T03:08,61735.600000,0.203500,0.000000,2026-07-08,183.000000,0.830390,0.804537,61739.980000,61717.610000
29726109,2026-07-09T03:09,61755.960000,0.052900,0.609073,2026-07-08,385.000000,2.660291,0.561256,61755.960000,61719.710000
29726110,2026-07-09T03:10,61731.040000,0.102000,0.122512,2026-07-08,294.000000,1.454553,0.343146,61755.960000,61723.400000
29726111,2026-07-09T03:11,61732.790000,-0.208700,-0.330567,2026-07-08,147.000000,1.217284,0.504975,61734.970000,61726.510000
29726112,2026-07-09T03:12,61732.790000,-0.208700,0.133777,2026-07-08,,,,,
29726113,2026-07-09T03:13,61786.290000,0.109400,0.000000,2026-07-08,779.000000,3.958546,0.727766,61786.300000,61724.900000
29726114,2026-07-09T03:14,61777.070000,0.525500,0.413607,2026-07-08,30.000000,0.326370,0.448931,61786.290000,61775.200000
29726115,2026-07-09T03:15,61823.290000,0.437800,0.824452,2026-07-08,644.000000,4.462884,0.744776,61824.600000,61777.080000
29726116,2026-07-09T03:16,61841.790000,0.230200,0.329133,2026-07-08,263.000000,1.073231,0.194763,61841.800000,61809.020000
29726117,2026-07-09T03:17,61827.010000,0.204900,-0.468514,2026-07-08,260.000000,2.869451,0.706123,61858.230000,61827.000000
29726118,2026-07-09T03:18,61827.010000,0.204900,0.412021,2026-07-08,,,,,
29726119,2026-07-09T03:19,61827.010000,0.204900,0.000000,2026-07-08,,,,,
29726120,2026-07-09T03:20,61827.010000,0.204900,0.000000,2026-07-08,,,,,
29726121,2026-07-09T03:21,61827.010000,0.204900,0.000000,2026-07-08,,,,,
29726122,2026-07-09T03:22,61828.870000,0.060700,0.000000,2026-07-08,,,,,
29726123,2026-07-09T03:23,61821.310000,0.144000,0.000000,2026-07-08,148.000000,1.149942,0.381085,61821.310000,61800.870000
29726124,2026-07-09T03:24,61842.040000,-0.194200,-0.237830,2026-07-08,292.000000,2.078159,0.611880,61853.810000,61812.200000
29726125,2026-07-09T03:25,61870.670000,-0.031400,0.223759,2026-07-08,281.000000,1.263424,0.870466,61871.990000,61835.130000
29726126,2026-07-09T03:26,61875.100000,-0.298700,0.712966,2026-07-08,357.000000,3.339418,0.520116,61889.890000,61860.340000
29726127,2026-07-09T03:27,61856.010000,-0.412800,0.047306,2026-07-08,310.000000,2.472890,0.734602,61883.240000,61849.200000
29726128,2026-07-09T03:28,61839.960000,0.013700,0.467230,2026-07-08,334.000000,3.775143,0.305860,61856.020000,61815.900000
29726129,2026-07-09T03:29,61863.080000,-0.022800,-0.387986,2026-07-08,477.000000,7.006864,0.459453,61863.450000,61774.440000
29726130,2026-07-09T03:30,61900.990000,0.107500,-0.071904,2026-07-08,318.000000,1.964326,0.799237,61908.400000,61864.000000
29726131,2026-07-09T03:31,61919.350000,-0.080800,0.585807,2026-07-08,280.000000,1.157357,0.948749,61919.490000,61892.430000
29726132,2026-07-09T03:32,61945.400000,-0.097600,0.899946,2026-07-08,382.000000,3.215350,0.736818,61945.400000,61919.500000
29726133,2026-07-09T03:33,61983.960000,-0.066800,0.471738,2026-07-08,467.000000,3.534484,0.822099,62008.290000,61945.430000
29726134,2026-07-09T03:34,61961.870000,-0.173000,0.642533,2026-07-08,320.000000,0.921744,0.563300,61991.740000,61952.000000
29726135,2026-07-09T03:35,61972.290000,-0.266700,0.126970,2026-07-08,353.000000,2.892400,0.393159,61981.440000,61951.950000
29726136,2026-07-09T03:36,61955.270000,0.137500,-0.213845,2026-07-08,326.000000,0.829588,0.446836,61980.470000,61935.020000
29726137,2026-07-09T03:37,61938.790000,0.044000,-0.106302,2026-07-08,316.000000,5.181861,0.484851,61960.970000,61935.020000
29726138,2026-07-09T03:38,61941.710000,-0.117200,-0.049994,2026-07-08,249.000000,1.141347,0.816420,61952.800000,61938.000000
29726139,2026-07-09T03:39,61920.400000,-0.077600,0.804423,2026-07-08,263.000000,0.890929,0.837262,61941.710000,61920.400000
29726140,2026-07-09T03:40,61835.990000,-0.295900,0.674828,2026-07-08,360.000000,2.769759,0.259597,61920.410000,61835.990000
29726141,2026-07-09T03:41,61849.210000,-0.056000,-0.475951,2026-07-08,299.000000,1.023610,0.680546,61863.020000,61823.300000
29726142,2026-07-09T03:42,61882.490000,0.025600,0.352311,2026-07-08,269.000000,0.577684,0.567417,61882.500000,61845.500000
29726143,2026-07-09T03:43,61886.620000,0.155200,0.137240,2026-07-08,222.000000,0.288730,0.577586,61895.990000,61882.490000
29726144,2026-07-09T03:44,61932.040000,-0.329700,0.150435,2026-07-08,316.000000,3.090259,0.895338,61932.040000,61880.140000
29726145,2026-07-09T03:45,61901.600000,0.185100,0.790676,2026-07-08,238.000000,0.301124,0.691442,61925.250000,61886.810000
29726146,2026-07-09T03:46,61890.510000,-0.445800,0.382305,2026-07-08,252.000000,0.833456,0.836639,61920.000000,61890.510000
29726147,2026-07-09T03:47,61881.620000,0.110500,0.673785,2026-07-08,244.000000,0.352450,0.449351,61890.520000,61852.900000
29726148,2026-07-09T03:48,61877.430000,-0.268100,-0.102411,2026-07-08,234.000000,0.399463,0.689526,61886.190000,61864.000000
29726149,2026-07-09T03:49,61869.490000,0.008600,0.400501,2026-07-08,246.000000,0.424152,0.612577,61881.840000,61867.700000
29726150,2026-07-09T03:50,61875.100000,-0.059200,0.198136,2026-07-08,251.000000,0.712803,0.390834,61882.130000,61864.000000
29726151,2026-07-09T03:51,61883.430000,0.056000,-0.218331,2026-07-08,218.000000,0.438083,0.214263,61893.590000,61875.100000
29726152,2026-07-09T03:52,61884.490000,0.054900,-0.563815,2026-07-08,212.000000,0.560285,0.237641,61886.200000,61864.000000
29726153,2026-07-09T03:53,61913.990000,0.195900,-0.530738,2026-07-08,281.000000,0.826634,0.456868,61917.970000,61884.490000
29726154,2026-07-09T03:54,61921.460000,0.434300,-0.086056,2026-07-08,264.000000,1.347743,0.918174,61923.190000,61901.980000
29726155,2026-07-09T03:55,61932.490000,-0.052900,0.836348,2026-07-08,274.000000,0.768712,0.559075,61945.400000,61920.080000
29726156,2026-07-09T03:56,61934.740000,0.290600,0.116951,2026-07-08,308.000000,2.305724,0.581092,61950.000000,61926.290000
29726157,2026-07-09T03:57,61937.990000,-0.019400,0.162600,2026-07-08,235.000000,0.217446,0.723376,61938.000000,61919.590000
29726158,2026-07-09T03:58,61925.290000,0.003600,0.446753,2026-07-08,208.000000,0.207492,0.284633,61938.000000,61920.970000
29726159,2026-07-09T03:59,61913.990000,0.058700,-0.430733,2026-07-08,268.000000,2.106513,0.235309,61930.270000,61901.310000
29726160,2026-07-09T04:00,61938.010000,0.355600,-0.367222,2026-07-08,467.000000,5.916946,0.226386,61974.330000,61913.990000
29726161,2026-07-09T04:01,61942.560000,0.315200,-0.613282,2026-07-08,417.000000,5.130057,0.274017,61949.590000,61897.460000
29726162,2026-07-09T04:02,61965.540000,-0.204400,-0.452085,2026-07-08,259.000000,0.763334,0.467022,61972.790000,61940.960000
29726163,2026-07-09T04:03,61948.350000,0.184300,-0.075113,2026-07-08,267.000000,1.809765,0.431148,61965.550000,61941.140000
29726164,2026-07-09T04:04,61966.990000,0.196000,-0.138166,2026-07-08,216.000000,0.280483,0.360721,61975.000000,61948.350000
29726165,2026-07-09T04:05,62015.690000,0.417100,-0.278559,2026-07-08,334.000000,1.982946,0.806624,62015.690000,61972.560000
29726166,2026-07-09T04:06,62008.710000,-0.012500,0.330195,2026-07-08,343.000000,2.328875,0.626709,62022.400000,61992.830000
29726167,2026-07-09T04:07,62004.650000,0.393500,0.537299,2026-07-08,256.000000,0.512952,0.464416,62011.170000,61989.800000
29726168,2026-07-09T04:08,62011.990000,0.282700,-0.123655,2026-07-08,251.000000,0.513169,0.589228,62012.000000,61999.990000
29726169,2026-07-09T04:09,62011.980000,0.393600,0.259575,2026-07-08,269.000000,1.610980,0.108144,62034.200000,62010.820000
29726170,2026-07-09T04:10,61997.480000,-0.119200,-0.784773,2026-07-08,302.000000,0.934159,0.194689,62011.980000,61986.100000
29726171,2026-07-09T04:11,61973.430000,0.323000,-0.610622,2026-07-08,245.000000,0.523773,0.172205,61989.810000,61956.500000
29726172,2026-07-09T04:12,61992.260000,0.082000,-0.578816,2026-07-08,259.000000,0.370802,0.527561,61992.270000,61963.900000
29726173,2026-07-09T04:13,62011.770000,0.435200,-0.002286,2026-07-08,242.000000,0.417644,0.501319,62014.880000,61992.270000
29726174,2026-07-09T04:14,61971.710000,-0.189500,-0.007570,2026-07-08,302.000000,2.352402,0.669512,62019.000000,61971.700000
29726175,2026-07-09T04:15,61984.120000,0.118300,0.335688,2026-07-08,251.000000,0.633606,0.248851,61991.740000,61971.700000
29726176,2026-07-09T04:16,62049.990000,0.381500,-0.499514,2026-07-08,335.000000,2.955674,0.891713,62050.000000,61984.110000
29726177,2026-07-09T04:17,62012.600000,0.111100,0.784893,2026-07-08,331.000000,2.110333,0.767735,62066.640000,61998.200000
29726178,2026-07-09T04:18,61989.810000,-0.318400,0.539593,2026-07-08,231.000000,0.366820,0.372858,62026.790000,61989.800000
29726179,2026-07-09T04:19,61989.040000,0.387800,-0.360645,2026-07-08,247.000000,0.411197,0.300221,61995.670000,61975.000000
29726180,2026-07-09T04:20,61990.260000,-0.309500,-0.400338,2026-07-08,256.000000,1.135075,0.835143,61997.040000,61978.700000
29726181,2026-07-09T04:21,61988.620000,-0.009300,0.653554,2026-07-08,259.000000,1.696964,0.748661,61993.500000,61965.120000
29726182,2026-07-09T04:22,61980.010000,0.357200,0.507444,2026-07-08,310.000000,1.763054,0.588587,61989.790000,61956.500000
29726183,2026-07-09T04:23,61982.400000,0.225800,0.177370,2026-07-08,237.000000,0.747934,0.367079,61995.980000,61980.000000
29726184,2026-07-09T04:24,61979.880000,0.203800,-0.264400,2026-07-08,232.000000,0.370824,0.433369,61989.800000,61976.900000
29726185,2026-07-09T04:25,61982.400000,-0.127600,0.039709,2026-07-08,245.000000,0.519849,0.462493,61991.090000,61968.200000
29726186,2026-07-09T04:26,61997.560000,0.391700,-0.403510,2026-07-08,249.000000,0.399071,0.473211,62004.600000,61978.700000
29726187,2026-07-09T04:27,62011.380000,0.147900,0.410308,2026-07-08,245.000000,0.327000,0.514587,62012.000000,61994.070000
29726188,2026-07-09T04:28,62037.900000,0.422700,0.030403,2026-07-08,226.000000,0.554548,0.728129,62040.380000,62011.990000
29726189,2026-07-09T04:29,62039.990000,0.420800,0.448181,2026-07-08,64.000000,0.006427,0.545496,62040.000000,62037.890000
29726190,2026-07-09T04:30,62085.990000,-0.130800,0.094531,2026-07-08,441.000000,2.761610,0.877047,62087.300000,62030.500000
29726191,2026-07-09T04:31,62097.880000,0.405800,0.754107,2026-07-08,272.000000,1.187760,0.488023,62104.490000,62082.300000
29726192,2026-07-09T04:32,62161.270000,0.340500,-0.024073,2026-07-08,348.000000,2.118895,0.784620,62163.700000,62097.880000
29726193,2026-07-09T04:33,62154.040000,-0.343100,0.616603,2026-07-08,437.000000,5.210638,0.668448,62185.900000,62138.000000
29726194,2026-07-09T04:34,62150.400000,-0.288800,0.296006,2026-07-08,238.000000,0.591664,0.473146,62157.960000,62145.200000
29726195,2026-07-09T04:35,62200.690000,0.407400,-0.016798,2026-07-08,402.000000,5.948003,0.938720,62204.850000,62144.730000
29726196,2026-07-09T04:36,62215.510000,0.223400,0.866382,2026-07-08,429.000000,4.338639,0.593775,62245.100000,62162.010000
29726197,2026-07-09T04:37,62195.530000,0.153800,0.348548,2026-07-08,356.000000,2.395033,0.746590,62225.870000,62180.650000
29726198,2026-07-09T04:38,62220.790000,-0.384500,0.129895,2026-07-08,253.000000,1.287582,0.768752,62222.890000,62193.300000
29726199,2026-07-09T04:39,62211.010000,0.058800,0.537503,2026-07-08,224.000000,1.362647,0.734537,62220.800000,62204.010000
29726200,2026-07-09T04:40,62208.690000,0.023700,0.638802,2026-07-08,400.000000,4.301658,0.753028,62242.530000,62208.690000
29726201,2026-07-09T04:41,62249.570000,0.107100,0.419675,2026-07-08,315.000000,2.260773,0.715565,62256.110000,62208.690000
29726202,2026-07-09T04:42,62234.120000,0.396500,0.431126,2026-07-08,270.000000,1.236421,0.762479,62256.190000,62230.300000
29726203,2026-07-09T04:43,62242.210000,0.190000,0.461249,2026-07-08,226.000000,0.425290,0.484884,62245.100000,62230.950000
29726204,2026-07-09T04:44,62252.490000,0.234800,0.110533,2026-07-08,210.000000,0.301597,0.690821,62252.490000,62234.000000
29726205,2026-07-09T04:45,62230.310000,0.192300,0.381641,2026-07-08,260.000000,0.904510,0.461451,62254.040000,62230.300000
29726206,2026-07-09T04:46,62259.400000,0.145100,-0.064385,2026-07-08,326.000000,1.828152,0.706438,62274.690000,62230.300000
29726207,2026-07-09T04:47,62255.880000,0.053200,0.409386,2026-07-08,430.000000,6.482039,0.741241,62276.510000,62226.600000
29726208,2026-07-09T04:48,62234.010000,-0.031800,0.482482,2026-07-08,369.000000,3.719741,0.507202,62256.820000,62222.910000
29726209,2026-07-09T04:49,62266.290000,-0.073700,0.014405,2026-07-08,357.000000,2.653945,0.700860,62266.280000,62234.000000
29726210,2026-07-09T04:50,62315.400000,-0.019400,0.401721,2026-07-08,437.000000,3.968768,0.803826,62330.190000,62261.530000
29726211,2026-07-09T04:51,62331.990000,-0.177200,0.607652,2026-07-08,284.000000,1.195705,0.627837,62353.910000,62315.390000
29726212,2026-07-09T04:52,62333.210000,0.164100,0.255986,2026-07-08,263.000000,1.021114,0.387006,62347.490000,62330.790000
29726213,2026-07-09T04:53,62343.820000,0.213100,-0.210419,2026-07-08,267.000000,1.314333,0.749625,62356.670000,62333.210000
29726214,2026-07-09T04:54,62310.010000,-0.363400,0.494002,2026-07-08,233.000000,0.889345,0.472930,62351.820000,62310.000000
29726215,2026-07-09T04:55,62298.870000,0.027400,-0.054140,2026-07-08,617.000000,17.719163,0.634399,62339.120000,62282.100000
29726216,2026-07-09T04:56,62341.310000,-0.028000,0.268799,2026-07-08,415.000000,8.298738,0.694450,62349.980000,62298.860000
29726217,2026-07-09T04:57,62385.710000,-0.275800,0.389559,2026-07-08,358.000000,2.726325,0.557093,62400.500000,62341.300000
29726218,2026-07-09T04:58,62383.330000,-0.169300,0.094982,2026-07-08,292.000000,1.118246,0.566909,62396.120000,62382.100000
29726219,2026-07-09T04:59,62396.790000,0.086500,0.172453,2026-07-08,238.000000,1.504517,0.858007,62404.190000,62383.330000
29726220,2026-07-09T05:00,62372.010000,-0.421700,0.705773,2026-07-08,368.000000,2.244825,0.534842,62418.990000,62352.400000
29726221,2026-07-09T05:01,62344.290000,0.263200,0.085431,2026-07-08,447.000000,11.247501,0.164525,62400.490000,62328.590000
29726222,2026-07-09T05:02,62326.490000,-0.086900,-0.674512,2026-07-08,452.000000,7.794962,0.291485,62359.850000,62305.000000
29726223,2026-07-09T05:03,62361.040000,0.127200,-0.390329,2026-07-08,328.000000,2.409412,0.687885,62361.050000,62315.400000
29726224,2026-07-09T05:04,62400.100000,0.149100,0.420406,2026-07-08,380.000000,6.762557,0.945459,62400.110000,62352.410000
29726225,2026-07-09T05:05,62346.010000,0.245400,0.892095,2026-07-08,491.000000,4.528007,0.359746,62409.940000,62322.800000
29726226,2026-07-09T05:06,62343.570000,0.053100,-0.298086,2026-07-08,292.000000,2.311313,0.749212,62352.400000,62330.200000
29726227,2026-07-09T05:07,62341.310000,-0.256100,0.514127,2026-07-08,225.000000,1.240061,0.391424,62349.190000,62341.280000
29726228,2026-07-09T05:08,62355.680000,0.425100,-0.309182,2026-07-08,243.000000,0.906480,0.813059,62363.500000,62338.570000
29726229,2026-07-09T05:09,62414.710000,0.210100,0.626902,2026-07-08,507.000000,8.451821,0.708807,62414.720000,62344.930000
29726230,2026-07-09T05:10,62392.370000,-0.095300,0.417493,2026-07-08,286.000000,2.553697,0.632848,62421.330000,62382.000000
29726231,2026-07-09T05:11,62520.010000,0.246400,0.293188,2026-07-08,1004.000000,23.922773,0.636687,62575.200000,62392.360000
29726232,2026-07-09T05:12,62481.900000,0.116300,0.262043,2026-07-08,455.000000,5.590597,0.710418,62520.010000,62456.580000
29726233,2026-07-09T05:13,62478.180000,-0.314800,0.461815,2026-07-08,436.000000,4.970535,0.632823,62521.920000,62462.480000
29726234,2026-07-09T05:14,62448.580000,-0.030300,0.264745,2026-07-08,368.000000,2.937376,0.408031,62478.190000,62428.320000
29726235,2026-07-09T05:15,62459.710000,-0.120200,-0.074842,2026-07-08,497.000000,4.083404,0.584685,62480.390000,62446.730000
29726236,2026-07-09T05:16,62451.980000,0.155600,0.104674,2026-07-08,525.000000,10.392101,0.129040,62463.390000,62410.000000
29726237,2026-07-09T05:17,62459.690000,0.227900,-0.756841,2026-07-08,340.000000,3.984478,0.738014,62459.700000,62398.550000
29726238,2026-07-09T05:18,62409.650000,0.045200,0.784972,2026-07-08,394.000000,5.339844,0.242879,62467.170000,62409.640000
29726239,2026-07-09T05:19,62356.080000,0.468900,-0.521579,2026-07-08,447.000000,5.098843,0.530789,62409.650000,62333.900000
29726240,2026-07-09T05:20,62317.510000,0.180800,0.072193,2026-07-08,675.000000,10.310215,0.832348,62363.500000,62304.000000
29726241,2026-07-09T05:21,62267.900000,0.004600,0.670408,2026-07-08,522.000000,7.692889,0.640123,62319.090000,62262.520000
29726242,2026-07-09T05:22,62261.980000,0.300700,0.257384,2026-07-08,371.000000,1.706159,0.463371,62267.890000,62220.200000
29726243,2026-07-09T05:23,62274.100000,0.128800,-0.073181,2026-07-08,233.000000,0.808999,0.439665,62287.810000,62260.000000
29726244,2026-07-09T05:24,62256.210000,-0.020900,-0.114733,2026-07-08,283.000000,1.892748,0.461756,62282.090000,62239.760000
29726245,2026-07-09T05:25,62231.400000,0.061000,-0.078920,2026-07-08,289.000000,1.632146,0.156359,62281.000000,62231.400000
29726246,2026-07-09T05:26,62245.100000,0.008500,-0.687282,2026-07-08,238.000000,0.988741,0.569842,62245.100000,62226.600000
29726247,2026-07-09T05:27,62229.380000,0.098500,0.139684,2026-07-08,301.000000,3.080830,0.228811,62247.580000,62206.000000
29726248,2026-07-09T05:28,62259.180000,0.490500,-0.533402,2026-07-08,241.000000,0.411145,0.761980,62263.590000,62229.380000
29726249,2026-07-09T05:29,62251.920000,0.306100,0.502126,2026-07-08,202.000000,0.782098,0.728493,62259.650000,62248.800000
29726250,2026-07-09T05:30,62208.170000,-0.675600,0.492865,2026-07-08,321.000000,1.347410,0.523008,62263.010000,62201.170000
29726251,2026-07-09T05:31,62215.490000,-0.343900,0.005099,2026-07-08,213.000000,0.485693,0.223888,62219.200000,62193.300000
29726252,2026-07-09T05:32,62185.060000,0.057700,-0.552151,2026-07-08,243.000000,1.045403,0.218465,62215.500000,62180.000000
29726253,2026-07-09T05:33,62219.990000,0.459300,-0.561880,2026-07-08,265.000000,1.643061,0.772636,62220.000000,62185.050000
29726254,2026-07-09T05:34,62247.070000,-0.298000,0.554118,2026-07-08,212.000000,0.376617,0.403772,62247.060000,62220.000000
29726255,2026-07-09T05:35,62238.420000,-0.164500,-0.279537,2026-07-08,238.000000,0.772667,0.857744,62252.500000,62230.890000
29726256,2026-07-09T05:36,62252.490000,0.141300,0.714255,2026-07-08,233.000000,0.663963,0.723004,62252.490000,62236.490000
29726257,2026-07-09T05:37,62323.210000,-0.271600,0.446008,2026-07-08,445.000000,4.094952,0.814699,62352.400000,62252.490000
29726258,2026-07-09T05:38,62311.830000,0.192900,0.628665,2026-07-08,224.000000,1.067586,0.063381,62325.290000,62311.830000
29726259,2026-07-09T05:39,62308.010000,-0.066900,-0.845238,2026-07-08,302.000000,0.600140,0.740780,62332.000000,62300.030000
29726260,2026-07-09T05:40,62333.900000,0.071200,0.502344,2026-07-08,240.000000,0.343315,0.809400,62333.890000,62302.480000
29726261,2026-07-09T05:41,62322.810000,-0.019500,0.566970,2026-07-08,255.000000,1.392664,0.878356,62341.770000,62319.100000
29726262,2026-07-09T05:42,62303.100000,0.164100,0.756712,2026-07-08,239.000000,0.471424,0.248768,62325.570000,62300.000000
29726263,2026-07-09T05:43,62315.400000,0.344400,-0.502463,2026-07-08,202.000000,0.452559,0.244269,62315.390000,62294.010000
29726264,2026-07-09T05:44,62326.490000,0.368700,-0.511463,2026-07-08,167.000000,0.181836,0.568507,62326.490000,62315.390000
29726265,2026-07-09T05:45,62322.790000,-0.132500,-0.303559,2026-07-08,219.000000,0.306919,0.298166,62326.490000,62301.490000
29726266,2026-07-09T05:46,62346.100000,0.169100,-0.037756,2026-07-08,265.000000,1.309098,0.905041,62352.390000,62318.010000
29726267,2026-07-09T05:47,62396.790000,0.260500,0.809856,2026-07-08,360.000000,1.295538,0.755434,62404.200000,62346.100000
29726268,2026-07-09T05:48,62387.010000,0.021000,0.511976,2026-07-08,250.000000,1.037138,0.319779,62414.470000,62385.700000
29726269,2026-07-09T05:49,62430.100000,0.042300,-0.363586,2026-07-08,253.000000,1.408234,0.832098,62430.090000,62382.610000
29726270,2026-07-09T05:50,62426.820000,-0.042400,0.627190,2026-07-08,235.000000,0.395938,0.477533,62437.500000,62420.970000
29726271,2026-07-09T05:51,62468.100000,0.247100,0.047369,2026-07-08,418.000000,3.298530,0.870927,62489.290000,62426.810000
29726272,2026-07-09T05:52,62470.650000,0.129000,0.741823,2026-07-08,303.000000,1.714223,0.635833,62493.000000,62468.090000
29726273,2026-07-09T05:53,62492.010000,-0.248500,0.270674,2026-07-08,280.000000,1.192533,0.623635,62499.160000,62466.540000
29726274,2026-07-09T05:54,62492.070000,0.104700,0.247270,2026-07-08,280.000000,1.555085,0.452906,62500.400000,62475.080000
29726275,2026-07-09T05:55,62507.790000,0.195800,-0.091506,2026-07-08,269.000000,0.864666,0.880328,62507.790000,62482.480000
29726276,2026-07-09T05:56,62505.210000,0.064100,0.743460,2026-07-08,269.000000,0.902180,0.404190,62507.790000,62485.600000
29726277,2026-07-09T05:57,62488.010000,0.104600,-0.184366,2026-07-08,237.000000,0.687949,0.144252,62520.000000,62488.000000
29726278,2026-07-09T05:58,62520.620000,0.207900,-0.113203,2026-07-08,258.000000,0.850458,0.811426,62520.610000,62488.000000
29726279,2026-07-09T05:59,62537.400000,0.550000,0.332754,2026-07-08,215.000000,1.010173,0.300467,62537.400000,62516.290000
29726280,2026-07-09T06:00,62548.490000,0.296400,-0.251814,2026-07-08,319.000000,1.949749,0.790533,62555.890000,62515.200000
29726281,2026-07-09T06:01,62611.400000,0.277900,0.553972,2026-07-08,633.000000,7.586624,0.584053,62650.000000,62548.490000
29726282,2026-07-09T06:02,62637.460000,0.401700,0.167737,2026-07-08,340.000000,1.599045,0.284385,62652.090000,62594.050000
29726283,2026-07-09T06:03,62640.980000,0.292700,-0.430659,2026-07-08,310.000000,1.294301,0.218608,62647.200000,62623.070000
29726284,2026-07-09T06:04,62599.230000,-0.496700,-0.553207,2026-07-08,619.000000,8.354900,0.472772,62720.030000,62589.200000
29726285,2026-07-09T06:05,62607.710000,0.117000,-0.055464,2026-07-08,319.000000,2.957046,0.735316,62618.790000,62593.470000
29726286,2026-07-09T06:06,62555.900000,-0.041300,0.472835,2026-07-08,404.000000,6.369461,0.376291,62611.030000,62537.970000
29726287,2026-07-09T06:07,62508.940000,-0.362500,-0.248333,2026-07-08,339.000000,1.631912,0.448494,62549.090000,62508.940000
29726288,2026-07-09T06:08,62497.270000,-0.407800,-0.108233,2026-07-08,275.000000,3.058783,0.281499,62515.900000,62497.270000
29726289,2026-07-09T06:09,62467.100000,-0.090800,-0.436386,2026-07-08,323.000000,2.017884,0.388346,62501.170000,62467.100000
29726290,2026-07-09T06:10,62481.880000,-0.109800,-0.062121,2026-07-08,265.000000,1.790585,0.626199,62486.380000,62467.110000
29726291,2026-07-09T06:11,62436.010000,-0.589300,0.094977,2026-07-08,298.000000,2.067724,0.203242,62481.870000,62436.000000
29726292,2026-07-09T06:12,62459.690000,-0.048700,-0.524244,2026-07-08,275.000000,1.601379,0.732652,62459.700000,62430.680000
29726293,2026-07-09T06:13,62484.510000,-0.126300,0.432351,2026-07-08,238.000000,1.032938,0.752516,62489.300000,62459.690000
29726294,2026-07-09T06:14,62478.190000,0.036000,0.504950,2026-07-08,221.000000,1.006877,0.688847,62484.520000,62468.270000
29726295,2026-07-09T06:15,62481.900000,0.235000,0.284819,2026-07-08,316.000000,1.848083,0.521910,62481.890000,62441.200000
29726296,2026-07-09T06:16,62525.100000,0.230600,0.105601,2026-07-08,270.000000,1.265828,0.788194,62526.280000,62481.900000
29726297,2026-07-09T06:17,62533.690000,0.077000,0.563209,2026-07-08,198.000000,0.423491,0.667792,62539.900000,62525.090000
29726298,2026-07-09T06:18,62497.270000,-0.204200,0.336050,2026-07-08,281.000000,1.083726,0.131918,62536.000000,62497.270000
29726299,2026-07-09T06:19,62501.290000,-0.049000,-0.736160,2026-07-08,244.000000,0.870051,0.549489,62501.300000,62494.320000
29726300,2026-07-09T06:20,62461.760000,0.048800,0.098977,2026-07-08,275.000000,1.351174,0.788469,62501.290000,62452.880000
29726301,2026-07-09T06:21,62512.850000,0.290600,0.576939,2026-07-08,238.000000,1.023577,0.930766,62512.840000,62462.830000
29726302,2026-07-09T06:22,62553.170000,-0.140500,0.863691,2026-07-08,332.000000,2.287395,0.471170,62575.100000,62515.200000
29726303,2026-07-09T06:23,62563.310000,-0.205600,-0.065210,2026-07-08,246.000000,1.351930,0.556188,62574.390000,62546.920000
29726304,2026-07-09T06:24,62555.330000,-0.094400,0.112270,2026-07-08,240.000000,0.619123,0.271545,62566.600000,62552.200000
29726305,2026-07-09T06:25,62572.620000,0.242200,-0.589506,2026-07-08,250.000000,1.125735,0.708592,62572.630000,62537.400000
29726306,2026-07-09T06:26,62615.100000,-0.229600,0.814350,2026-07-08,382.000000,3.541961,0.680819,62623.340000,62572.620000
29726307,2026-07-09T06:27,62763.460000,0.102300,0.334744,2026-07-08,924.000000,31.397851,0.741340,62816.980000,62614.010000
29726308,2026-07-09T06:28,62733.510000,-0.314500,0.483871,2026-07-08,505.000000,6.706383,0.608542,62798.660000,62729.800000
29726309,2026-07-09T06:29,62762.870000,-0.138600,0.217085,2026-07-08,337.000000,1.923013,0.678197,62770.500000,62718.700000
29726310,2026-07-09T06:30,62725.290000,-0.042500,0.353606,2026-07-08,282.000000,1.631340,0.618243,62762.860000,62692.800000
29726311,2026-07-09T06:31,62719.270000,0.121700,0.239496,2026-07-08,377.000000,2.277499,0.720578,62740.900000,62715.000000
29726312,2026-07-09T06:32,62700.210000,-0.058400,0.441086,2026-07-08,239.000000,3.571464,0.667297,62719.280000,62693.400000
29726313,2026-07-09T06:33,62700.210000,-0.058400,0.334636,2026-07-08,,,,,
29726314,2026-07-09T06:34,62700.210000,-0.058400,0.000000,2026-07-08,,,,,
29726315,2026-07-09T06:35,62700.210000,-0.058400,0.000000,2026-07-08,,,,,
29726316,2026-07-09T06:36,62700.210000,-0.058400,0.000000,2026-07-08,,,,,
29726317,2026-07-09T06:37,62700.210000,-0.058400,0.000000,2026-07-08,,,,,
29726318,2026-07-09T06:38,62700.210000,-0.058400,0.000000,2026-07-08,,,,,
29726319,2026-07-09T06:39,62700.210000,-0.058400,0.000000,2026-07-08,,,,,
29726320,2026-07-09T06:40,62700.210000,-0.058400,0.000000,2026-07-08,,,,,
29726321,2026-07-09T06:41,62700.210000,-0.058400,0.000000,2026-07-08,,,,,
29726322,2026-07-09T06:42,62700.210000,-0.058400,0.000000,2026-07-08,,,,,
29726323,2026-07-09T06:43,62700.210000,-0.058400,0.000000,2026-07-08,,,,,
29726324,2026-07-09T06:44,62700.210000,-0.058400,0.000000,2026-07-08,,,,,
29726325,2026-07-09T06:45,62700.210000,-0.058400,0.000000,2026-07-08,,,,,
29726326,2026-07-09T06:46,62700.210000,-0.058400,0.000000,2026-07-08,,,,,
29726327,2026-07-09T06:47,62700.210000,-0.058400,0.000000,2026-07-08,,,,,
29726328,2026-07-09T06:48,62700.210000,0.011900,0.000000,2026-07-08,,,,,
29726329,2026-07-09T06:49,62765.210000,-0.497900,0.000000,2026-07-08,214.000000,0.950820,0.345388,62785.840000,62765.210000
29726330,2026-07-09T06:50,62796.400000,0.497000,0.144791,2026-07-08,335.000000,2.840496,0.525827,62812.000000,62765.210000
29726331,2026-07-09T06:51,62785.310000,-0.201700,-0.153141,2026-07-08,215.000000,0.346096,0.380992,62800.100000,62785.300000
29726332,2026-07-09T06:52,62782.180000,0.456800,-0.242745,2026-07-08,290.000000,0.792340,0.464270,62807.500000,62782.170000
29726333,2026-07-09T06:53,62790.680000,-0.022800,-0.069067,2026-07-08,241.000000,0.615506,0.473512,62796.400000,62772.940000
29726334,2026-07-09T06:54,62796.400000,-0.501300,-0.040084,2026-07-08,244.000000,0.894697,0.699001,62799.520000,62785.300000
29726335,2026-07-09T06:55,62790.520000,0.008300,0.392596,2026-07-08,49.000000,0.146118,0.014288,62796.400000,62790.520000
