minute_epoch,minute_utc,close,book_imb,ofi,day,trades,volume,buy_share,high,low
29835360,2026-09-23T00:00,86168.860000,0.511800,0.972874,2026-09-23,491.000000,7.234749,0.751078,86198.060000,86140.000000
29835361,2026-09-23T00:01,86165.860000,0.598500,0.487020,2026-09-23,336.000000,2.346579,0.675255,86170.070000,86140.000000
29835362,2026-09-23T00:02,86194.930000,-0.617000,0.393773,2026-09-23,328.000000,4.167920,0.627744,86199.990000,86165.860000
29835363,2026-09-23T00:03,86236.920000,0.479800,0.809331,2026-09-23,292.000000,13.158357,0.950242,86250.000000,86194.930000
29835364,2026-09-23T00:04,86175.010000,0.493800,-0.245332,2026-09-23,318.000000,1.050524,0.628624,86249.990000,86175.000000
29835365,2026-09-23T00:05,86150.710000,0.423500,0.257247,2026-09-23,420.000000,6.804835,0.791918,86177.550000,86130.000000
29835366,2026-09-23T00:06,86237.700000,0.494000,0.583836,2026-09-23,434.000000,5.410733,0.858234,86251.800000,86142.250000
29835367,2026-09-23T00:07,86162.040000,0.469100,0.716492,2026-09-23,564.000000,7.085214,0.271396,86237.700000,86130.000000
29835368,2026-09-23T00:08,86180.890000,-0.053100,-0.462615,2026-09-23,393.000000,2.702931,0.380849,86201.770000,86142.630000
29835369,2026-09-23T00:09,86229.510000,0.487300,-0.218065,2026-09-23,279.000000,2.067973,0.758984,86246.430000,86180.880000
29835370,2026-09-23T00:10,86239.880000,0.444300,0.517967,2026-09-23,315.000000,1.309515,0.522707,86249.820000,86226.310000
29835371,2026-09-23T00:11,86292.230000,0.453800,0.045413,2026-09-23,330.000000,2.614781,0.846104,86291.290000,86239.870000
29835372,2026-09-23T00:12,86312.170000,0.354800,0.692207,2026-09-23,300.000000,1.963285,0.629336,86328.300000,86291.310000
29835373,2026-09-23T00:13,86375.540000,0.336100,0.259192,2026-09-23,281.000000,2.686466,0.871195,86375.530000,86311.980000
29835374,2026-09-23T00:14,86345.830000,0.330600,0.742220,2026-09-23,292.000000,1.887409,0.462550,86375.540000,86341.470000
29835375,2026-09-23T00:15,86361.800000,0.336400,-0.074928,2026-09-23,293.000000,1.349648,0.602582,86374.990000,86341.470000
29835376,2026-09-23T00:16,86371.670000,0.565400,0.196974,2026-09-23,299.000000,1.094537,0.600929,86385.240000,86343.630000
29835377,2026-09-23T00:17,86372.800000,0.406000,0.258013,2026-09-23,385.000000,2.991663,0.597382,86409.810000,86371.670000
29835378,2026-09-23T00:18,86408.260000,0.201000,0.176378,2026-09-23,319.000000,1.722505,0.591421,86408.260000,86372.700000
29835379,2026-09-23T00:19,86512.260000,0.407800,0.240325,2026-09-23,401.000000,8.116673,0.909974,86521.810000,86408.260000
29835380,2026-09-23T00:20,86461.390000,0.491700,0.817071,2026-09-23,422.000000,5.013526,0.317221,86512.270000,86435.830000
29835381,2026-09-23T00:21,86472.580000,0.513900,-0.359071,2026-09-23,351.000000,2.269653,0.703488,86498.890000,86442.120000
29835382,2026-09-23T00:22,86467.330000,0.554500,0.400615,2026-09-23,321.000000,1.386366,0.522011,86492.010000,86450.800000
29835383,2026-09-23T00:23,86485.290000,0.405500,0.045466,2026-09-23,321.000000,2.188546,0.838214,86497.590000,86465.950000
29835384,2026-09-23T00:24,86508.110000,0.336300,0.553172,2026-09-23,303.000000,1.234575,0.483427,86519.760000,86476.770000
29835385,2026-09-23T00:25,86479.680000,-0.164400,0.124346,2026-09-23,268.000000,1.258960,0.738058,86508.110000,86465.410000
29835386,2026-09-23T00:26,86511.950000,0.084000,0.476350,2026-09-23,355.000000,3.096525,0.785672,86525.000000,86474.820000
29835387,2026-09-23T00:27,86534.210000,0.160800,0.571546,2026-09-23,248.000000,1.645740,0.670977,86534.210000,86511.940000
29835388,2026-09-23T00:28,86452.980000,0.469500,0.340908,2026-09-23,314.000000,3.181526,0.182485,86534.210000,86452.970000
29835389,2026-09-23T00:29,86456.080000,0.175300,-0.633875,2026-09-23,291.000000,1.943465,0.698887,86456.090000,86430.760000
29835390,2026-09-23T00:30,86510.050000,0.075600,0.398086,2026-09-23,376.000000,6.297788,0.766085,86543.110000,86456.080000
29835391,2026-09-23T00:31,86510.710000,0.329700,0.554559,2026-09-23,356.000000,2.919241,0.695483,86552.500000,86508.240000
29835392,2026-09-23T00:32,86493.930000,0.520800,0.310046,2026-09-23,359.000000,2.755656,0.750958,86510.710000,86451.120000
29835393,2026-09-23T00:33,86537.460000,-0.006000,0.529439,2026-09-23,348.000000,2.543583,0.620372,86545.000000,86483.130000
29835394,2026-09-23T00:34,86531.790000,0.082400,0.189136,2026-09-23,350.000000,2.339084,0.541925,86544.770000,86511.310000
29835395,2026-09-23T00:35,86528.420000,0.510500,0.198260,2026-09-23,406.000000,5.598346,0.703266,86569.140000,86520.770000
29835396,2026-09-23T00:36,86567.080000,-0.082200,0.322153,2026-09-23,533.000000,4.251893,0.481371,86567.340000,86500.070000
29835397,2026-09-23T00:37,86494.670000,0.566100,0.006541,2026-09-23,328.000000,2.946755,0.407617,86568.510000,86469.800000
29835398,2026-09-23T00:38,86482.400000,0.187500,-0.178655,2026-09-23,336.000000,3.536159,0.296525,86494.670000,86455.000000
29835399,2026-09-23T00:39,86468.290000,0.483700,-0.413185,2026-09-23,339.000000,1.877878,0.607777,86525.570000,86465.400000
29835400,2026-09-23T00:40,86528.210000,0.146600,0.215182,2026-09-23,422.000000,7.687660,0.886077,86549.720000,86468.290000
29835401,2026-09-23T00:41,86579.710000,0.692800,0.772287,2026-09-23,341.000000,2.259164,0.463541,86585.000000,86528.200000
29835402,2026-09-23T00:42,86510.140000,0.478300,-0.120900,2026-09-23,392.000000,5.213374,0.334092,86580.930000,86501.950000
29835403,2026-09-23T00:43,86437.240000,0.663500,-0.315334,2026-09-23,408.000000,8.131051,0.240270,86510.140000,86426.130000
29835404,2026-09-23T00:44,86449.670000,0.571500,-0.520642,2026-09-23,335.000000,2.897429,0.493108,86470.080000,86417.000000
29835405,2026-09-23T00:45,86473.960000,0.382600,-0.007786,2026-09-23,348.000000,1.733171,0.490513,86494.770000,86445.000000
29835406,2026-09-23T00:46,86496.010000,0.374600,-0.101059,2026-09-23,304.000000,0.940113,0.647061,86496.010000,86445.890000
29835407,2026-09-23T00:47,86484.850000,0.388600,0.560097,2026-09-23,349.000000,2.021924,0.812562,86498.120000,86463.530000
29835408,2026-09-23T00:48,86470.040000,0.826200,0.623125,2026-09-23,306.000000,1.962157,0.242050,86484.840000,86460.310000
29835409,2026-09-23T00:49,86482.170000,0.370500,-0.460020,2026-09-23,334.000000,3.412527,0.882294,86482.180000,86425.490000
29835410,2026-09-23T00:50,86503.210000,0.338700,0.759397,2026-09-23,279.000000,1.084979,0.679822,86505.000000,86467.600000
29835411,2026-09-23T00:51,86479.740000,0.552600,0.359361,2026-09-23,328.000000,2.627214,0.490983,86515.140000,86476.050000
29835412,2026-09-23T00:52,86470.760000,0.547900,-0.037390,2026-09-23,343.000000,1.850145,0.636274,86511.740000,86465.410000
29835413,2026-09-23T00:53,86470.040000,0.516600,0.345674,2026-09-23,320.000000,1.490972,0.726750,86496.700000,86470.040000
29835414,2026-09-23T00:54,86454.010000,-0.012800,0.473722,2026-09-23,312.000000,1.441368,0.830467,86488.080000,86451.120000
29835415,2026-09-23T00:55,86463.390000,0.019200,0.630390,2026-09-23,338.000000,2.942123,0.881607,86479.680000,86442.550000
29835416,2026-09-23T00:56,86472.680000,0.221200,0.765990,2026-09-23,270.000000,1.075566,0.605091,86479.680000,86452.960000
29835417,2026-09-23T00:57,86439.110000,0.270000,0.215547,2026-09-23,243.000000,0.479862,0.683297,86460.020000,86437.380000
29835418,2026-09-23T00:58,86439.070000,-0.340500,0.357003,2026-09-23,410.000000,10.023744,0.947541,86442.260000,86427.360000
29835419,2026-09-23T00:59,86461.520000,0.333300,0.895080,2026-09-23,354.000000,10.842742,0.902981,86470.390000,86417.000000
29835420,2026-09-23T01:00,86518.450000,0.315000,0.807784,2026-09-23,357.000000,5.459603,0.287868,86519.670000,86425.000000
29835421,2026-09-23T01:01,86490.740000,0.330100,-0.385798,2026-09-23,306.000000,1.811619,0.375895,86522.920000,86472.170000
29835422,2026-09-23T01:02,86594.580000,0.032700,-0.434254,2026-09-23,476.000000,11.162924,0.713319,86600.000000,86490.740000
29835423,2026-09-23T01:03,86629.080000,0.413700,0.498435,2026-09-23,442.000000,8.022838,0.618062,86655.870000,86597.140000
29835424,2026-09-23T01:04,86568.430000,0.487700,0.043252,2026-09-23,381.000000,4.932222,0.738400,86629.070000,86565.400000
29835425,2026-09-23T01:05,86622.480000,0.388900,0.476808,2026-09-23,412.000000,5.159699,0.786909,86622.470000,86568.390000
29835426,2026-09-23T01:06,86639.830000,0.187100,0.573821,2026-09-23,330.000000,1.772518,0.664827,86648.960000,86580.420000
29835427,2026-09-23T01:07,86686.920000,-0.296300,0.328700,2026-09-23,494.000000,5.700451,0.709793,86706.210000,86639.830000
29835428,2026-09-23T01:08,86674.210000,0.260900,0.419858,2026-09-23,375.000000,3.775574,0.262160,86694.740000,86655.020000
29835429,2026-09-23T01:09,86612.240000,0.444800,-0.472302,2026-09-23,385.000000,4.433733,0.270153,86695.640000,86610.010000
29835430,2026-09-23T01:10,86572.460000,0.496600,-0.461265,2026-09-23,323.000000,3.830244,0.709478,86620.600000,86572.460000
29835431,2026-09-23T01:11,86679.570000,0.348900,0.472076,2026-09-23,472.000000,12.821765,0.897123,86693.870000,86572.470000
29835432,2026-09-23T01:12,86704.390000,0.319400,0.768615,2026-09-23,469.000000,13.667865,0.739274,86751.580000,86664.300000
29835433,2026-09-23T01:13,86759.200000,-0.121600,0.477235,2026-09-23,816.000000,15.514243,0.696781,86838.780000,86697.200000
29835434,2026-09-23T01:14,86720.040000,0.373900,0.408604,2026-09-23,398.000000,3.020595,0.767657,86769.550000,86687.790000
29835435,2026-09-23T01:15,86721.570000,0.246200,0.545818,2026-09-23,426.000000,5.626935,0.462841,86730.020000,86683.880000
29835436,2026-09-23T01:16,86679.610000,0.475400,-0.119037,2026-09-23,357.000000,1.377409,0.529480,86719.890000,86679.610000
29835437,2026-09-23T01:17,86646.230000,0.378900,0.072994,2026-09-23,465.000000,7.443629,0.298377,86679.610000,86609.460000
29835438,2026-09-23T01:18,86670.110000,0.498500,-0.394972,2026-09-23,315.000000,2.245840,0.664114,86692.110000,86646.820000
29835439,2026-09-23T01:19,86720.640000,-0.130500,0.328228,2026-09-23,407.000000,7.498392,0.779025,86729.490000,86655.050000
29835440,2026-09-23T01:20,86709.240000,0.391800,0.421637,2026-09-23,478.000000,11.024974,0.225037,86720.630000,86659.730000
29835441,2026-09-23T01:21,86719.860000,0.389100,-0.521291,2026-09-23,338.000000,5.013024,0.362483,86733.300000,86665.320000
29835442,2026-09-23T01:22,86711.150000,0.358300,0.026806,2026-09-23,367.000000,6.365676,0.242313,86726.270000,86703.770000
29835443,2026-09-23T01:23,86665.330000,-0.080600,-0.515699,2026-09-23,300.000000,2.390801,0.726692,86718.400000,86665.320000
29835444,2026-09-23T01:24,86663.790000,0.214900,0.453172,2026-09-23,314.000000,1.846149,0.176433,86665.330000,86611.510000
29835445,2026-09-23T01:25,86622.490000,0.294500,-0.528797,2026-09-23,271.000000,0.632047,0.570597,86675.370000,86622.480000
29835446,2026-09-23T01:26,86659.150000,0.209200,-0.101662,2026-09-23,329.000000,2.094373,0.800544,86659.150000,86620.880000
29835447,2026-09-23T01:27,86627.110000,0.283900,0.601071,2026-09-23,336.000000,1.177353,0.609346,86660.000000,86622.480000
29835448,2026-09-23T01:28,86635.290000,0.332800,0.236138,2026-09-23,325.000000,2.260569,0.582632,86635.300000,86586.710000
29835449,2026-09-23T01:29,86636.760000,0.234600,0.154834,2026-09-23,313.000000,1.495664,0.702192,86636.760000,86613.350000
29835450,2026-09-23T01:30,86621.050000,0.008300,0.404303,2026-09-23,284.000000,0.827442,0.500610,86648.630000,86614.730000
29835451,2026-09-23T01:31,86606.430000,-0.028400,-0.001494,2026-09-23,317.000000,1.704665,0.662813,86632.470000,86602.040000
29835452,2026-09-23T01:32,86597.290000,0.272500,0.327879,2026-09-23,345.000000,2.220958,0.676324,86604.260000,86565.360000
29835453,2026-09-23T01:33,86629.350000,-0.118400,0.350993,2026-09-23,335.000000,1.752378,0.355073,86637.470000,86579.310000
29835454,2026-09-23T01:34,86600.380000,0.305600,-0.289621,2026-09-23,334.000000,1.896326,0.302753,86629.350000,86595.330000
29835455,2026-09-23T01:35,86500.010000,-0.038600,-0.393479,2026-09-23,385.000000,5.458613,0.147696,86600.920000,86500.000000
29835456,2026-09-23T01:36,86465.400000,-0.120900,-0.705214,2026-09-23,363.000000,2.092468,0.508743,86518.780000,86465.400000
29835457,2026-09-23T01:37,86422.270000,0.087500,0.020795,2026-09-23,418.000000,5.765406,0.526503,86470.910000,86406.300000
29835458,2026-09-23T01:38,86486.510000,0.156900,0.051843,2026-09-23,411.000000,3.635597,0.427560,86491.010000,86400.000000
29835459,2026-09-23T01:39,86423.990000,0.238500,-0.144936,2026-09-23,294.000000,0.586446,0.271426,86509.420000,86408.280000
29835460,2026-09-23T01:40,86400.010000,0.371100,-0.446575,2026-09-23,304.000000,1.569765,0.382673,86435.400000,86400.000000
29835461,2026-09-23T01:41,86317.650000,0.037800,-0.245692,2026-09-23,368.000000,1.791888,0.217753,86400.020000,86317.650000
29835462,2026-09-23T01:42,86313.140000,-0.152300,-0.560090,2026-09-23,370.000000,1.896740,0.451529,86351.150000,86283.840000
29835463,2026-09-23T01:43,86306.040000,0.113100,-0.054174,2026-09-23,322.000000,2.502496,0.371407,86338.340000,86294.040000
29835464,2026-09-23T01:44,86271.650000,-0.051700,-0.275725,2026-09-23,346.000000,1.095949,0.657534,86327.390000,86266.380000
29835465,2026-09-23T01:45,86263.730000,0.573200,0.288092,2026-09-23,352.000000,2.234841,0.609133,86296.560000,86256.010000
29835466,2026-09-23T01:46,86266.880000,0.421300,0.220650,2026-09-23,385.000000,3.707033,0.587885,86281.270000,86231.290000
29835467,2026-09-23T01:47,86234.880000,0.384900,0.169189,2026-09-23,326.000000,1.568122,0.482607,86291.750000,86229.860000
29835468,2026-09-23T01:48,86244.490000,0.123300,-0.020810,2026-09-23,340.000000,2.705978,0.244772,86262.980000,86211.210000
29835469,2026-09-23T01:49,86227.600000,0.048600,-0.510622,2026-09-23,283.000000,0.522402,0.618290,86285.480000,86224.900000
29835470,2026-09-23T01:50,86275.450000,0.020000,0.245607,2026-09-23,352.000000,1.723979,0.507764,86277.020000,86200.000000
29835471,2026-09-23T01:51,86236.920000,0.056000,0.013939,2026-09-23,318.000000,1.616607,0.380342,86279.750000,86227.930000
29835472,2026-09-23T01:52,86205.010000,-0.029700,-0.298132,2026-09-23,319.000000,1.354075,0.566192,86236.930000,86200.000000
29835473,2026-09-23T01:53,86202.710000,-0.141100,0.462099,2026-09-23,344.000000,3.778441,0.826640,86263.960000,86202.640000
29835474,2026-09-23T01:54,86187.540000,-0.043700,0.604882,2026-09-23,287.000000,1.175947,0.494903,86205.070000,86179.790000
29835475,2026-09-23T01:55,86232.800000,0.247000,0.113060,2026-09-23,318.000000,1.540201,0.664499,86232.810000,86162.530000
29835476,2026-09-23T01:56,86269.350000,0.383600,0.298092,2026-09-23,293.000000,0.957080,0.744578,86277.290000,86224.410000
29835477,2026-09-23T01:57,86294.080000,0.480100,0.433519,2026-09-23,281.000000,0.865003,0.689649,86297.110000,86269.340000
29835478,2026-09-23T01:58,86309.990000,0.235300,0.336804,2026-09-23,343.000000,1.662727,0.810920,86318.160000,86278.410000
29835479,2026-09-23T01:59,86366.480000,0.029400,0.649348,2026-09-23,345.000000,1.860725,0.830949,86371.720000,86291.000000
29835480,2026-09-23T02:00,86379.170000,0.281600,0.668942,2026-09-23,332.000000,2.236278,0.714236,86383.230000,86353.200000
29835481,2026-09-23T02:01,86334.570000,0.409200,0.416171,2026-09-23,322.000000,1.237518,0.585064,86380.060000,86333.730000
29835482,2026-09-23T02:02,86338.210000,-0.003600,0.134097,2026-09-23,347.000000,2.088787,0.851705,86345.000000,86294.040000
29835483,2026-09-23T02:03,86300.010000,0.253600,0.731842,2026-09-23,365.000000,3.751068,0.808826,86393.250000,86300.000000
29835484,2026-09-23T02:04,86349.520000,0.007700,0.621007,2026-09-23,263.000000,1.208910,0.802399,86364.420000,86300.000000
29835485,2026-09-23T02:05,86342.110000,-0.294800,0.396316,2026-09-23,245.000000,0.909356,0.715589,86349.520000,86315.430000
29835486,2026-09-23T02:06,86322.610000,0.501600,0.782922,2026-09-23,267.000000,0.895479,0.295988,86374.290000,86322.600000
29835487,2026-09-23T02:07,86276.150000,0.445500,-0.408125,2026-09-23,324.000000,1.355926,0.605446,86322.610000,86253.000000
29835488,2026-09-23T02:08,86369.100000,0.396300,0.212928,2026-09-23,300.000000,1.052488,0.539940,86369.100000,86276.150000
29835489,2026-09-23T02:09,86361.930000,-0.009200,0.069768,2026-09-23,334.000000,2.254533,0.373307,86369.090000,86330.010000
29835490,2026-09-23T02:10,86310.070000,0.053900,-0.253635,2026-09-23,311.000000,1.549442,0.726343,86361.930000,86294.760000
29835491,2026-09-23T02:11,86330.860000,0.310700,0.459846,2026-09-23,276.000000,0.943223,0.833079,86351.160000,86310.520000
29835492,2026-09-23T02:12,86340.020000,0.378200,0.636090,2026-09-23,380.000000,2.151803,0.529051,86365.430000,86317.350000
29835493,2026-09-23T02:13,86354.700000,-0.262800,0.066576,2026-09-23,302.000000,3.798612,0.894378,86359.130000,86305.030000
29835494,2026-09-23T02:14,86373.450000,0.495700,0.724132,2026-09-23,307.000000,1.729550,0.615583,86373.450000,86337.770000
29835495,2026-09-23T02:15,86373.990000,0.285700,0.361112,2026-09-23,331.000000,1.445982,0.519387,86421.160000,86373.340000
29835496,2026-09-23T02:16,86408.270000,-0.179900,-0.047279,2026-09-23,321.000000,1.234950,0.396919,86408.280000,86361.000000
29835497,2026-09-23T02:17,86419.040000,-0.070400,-0.153770,2026-09-23,329.000000,1.378140,0.328097,86431.680000,86400.300000
29835498,2026-09-23T02:18,86432.520000,0.141000,-0.312309,2026-09-23,270.000000,0.679202,0.621754,86445.550000,86419.030000
29835499,2026-09-23T02:19,86456.480000,0.178000,0.210412,2026-09-23,271.000000,1.254651,0.815689,86476.900000,86432.530000
29835500,2026-09-23T02:20,86523.290000,0.216100,0.684112,2026-09-23,422.000000,3.778661,0.651509,86563.880000,86456.480000
29835501,2026-09-23T02:21,86608.200000,0.378800,0.233634,2026-09-23,440.000000,6.436441,0.764023,86633.410000,86504.970000
29835502,2026-09-23T02:22,86596.640000,0.421800,0.546292,2026-09-23,379.000000,4.829722,0.592938,86631.300000,86567.730000
29835503,2026-09-23T02:23,86587.080000,0.197300,0.186608,2026-09-23,414.000000,10.352554,0.127425,86600.000000,86535.500000
29835504,2026-09-23T02:24,86578.180000,0.261100,-0.745162,2026-09-23,333.000000,3.777961,0.792810,86595.820000,86551.900000
29835505,2026-09-23T02:25,86591.510000,0.190300,0.588673,2026-09-23,378.000000,3.874894,0.589997,86610.850000,86566.640000
29835506,2026-09-23T02:26,86587.990000,0.209500,0.169602,2026-09-23,273.000000,1.368719,0.773847,86597.940000,86551.080000
29835507,2026-09-23T02:27,86572.490000,0.298900,0.547693,2026-09-23,287.000000,2.074070,0.749644,86610.840000,86560.280000
29835508,2026-09-23T02:28,86579.790000,0.261200,0.499287,2026-09-23,319.000000,2.259059,0.798642,86581.990000,86541.340000
29835509,2026-09-23T02:29,86579.460000,0.264400,0.586632,2026-09-23,314.000000,1.724756,0.681228,86593.910000,86566.520000
29835510,2026-09-23T02:30,86560.770000,0.076700,0.361895,2026-09-23,387.000000,3.525750,0.728240,86579.640000,86535.000000
29835511,2026-09-23T02:31,86536.120000,0.330600,0.475689,2026-09-23,343.000000,1.990041,0.584464,86567.160000,86525.400000
29835512,2026-09-23T02:32,86572.170000,0.120600,0.220639,2026-09-23,294.000000,1.849677,0.610309,86590.510000,86536.120000
29835513,2026-09-23T02:33,86565.670000,0.021800,0.216892,2026-09-23,289.000000,1.891937,0.617016,86572.180000,86550.000000
29835514,2026-09-23T02:34,86554.850000,-0.107200,0.141901,2026-09-23,260.000000,1.592016,0.376998,86565.680000,86554.840000
29835515,2026-09-23T02:35,86553.290000,-0.213500,-0.220850,2026-09-23,325.000000,2.907619,0.470092,86556.920000,86515.730000
29835516,2026-09-23T02:36,86528.930000,0.384400,-0.073274,2026-09-23,264.000000,1.046863,0.636529,86553.290000,86511.380000
29835517,2026-09-23T02:37,86516.450000,-0.109900,0.273228,2026-09-23,255.000000,0.762753,0.469709,86551.240000,86516.430000
29835518,2026-09-23T02:38,86527.980000,-0.124200,-0.059031,2026-09-23,375.000000,8.740160,0.690352,86553.790000,86502.710000
29835519,2026-09-23T02:39,86534.990000,-0.001900,0.380689,2026-09-23,243.000000,0.964172,0.492694,86535.000000,86516.110000
29835520,2026-09-23T02:40,86502.830000,0.107100,-0.014612,2026-09-23,366.000000,3.853471,0.486792,86535.000000,86475.010000
29835521,2026-09-23T02:41,86513.710000,0.047500,-0.024011,2026-09-23,282.000000,1.946000,0.725837,86521.990000,86491.190000
29835522,2026-09-23T02:42,86493.980000,0.101800,0.449225,2026-09-23,275.000000,1.702510,0.742424,86535.000000,86491.460000
29835523,2026-09-23T02:43,86479.930000,0.020900,0.485136,2026-09-23,255.000000,1.282814,0.728741,86511.670000,86479.680000
29835524,2026-09-23T02:44,86474.900000,0.148500,0.457074,2026-09-23,353.000000,4.427302,0.867502,86506.440000,86451.940000
29835525,2026-09-23T02:45,86513.380000,0.151400,0.738587,2026-09-23,285.000000,1.259105,0.641753,86527.910000,86474.900000
29835526,2026-09-23T02:46,86493.210000,0.347800,0.261031,2026-09-23,288.000000,1.034877,0.415865,86525.750000,86490.960000
29835527,2026-09-23T02:47,86465.290000,0.312200,-0.192885,2026-09-23,259.000000,1.865727,0.168563,86515.060000,86450.000000
29835528,2026-09-23T02:48,86476.390000,0.178300,-0.663863,2026-09-23,293.000000,1.419760,0.466150,86502.550000,86451.430000
29835529,2026-09-23T02:49,86470.460000,0.429900,-0.002362,2026-09-23,250.000000,0.879366,0.485693,86484.260000,86465.400000
29835530,2026-09-23T02:50,86452.490000,-0.233800,-0.149004,2026-09-23,263.000000,1.547974,0.457897,86470.470000,86445.050000
29835531,2026-09-23T02:51,86459.700000,0.300200,-0.084206,2026-09-23,267.000000,0.901306,0.722987,86469.440000,86439.300000
29835532,2026-09-23T02:52,86487.520000,0.180100,0.446458,2026-09-23,273.000000,0.830342,0.691985,86487.530000,86445.390000
29835533,2026-09-23T02:53,86470.700000,0.457500,0.383326,2026-09-23,307.000000,0.851236,0.332104,86493.960000,86458.030000
29835534,2026-09-23T02:54,86457.570000,0.407100,-0.335744,2026-09-23,299.000000,2.308569,0.419882,86485.320000,86453.140000
29835535,2026-09-23T02:55,86467.920000,0.304500,-0.067517,2026-09-23,330.000000,3.859723,0.887622,86476.660000,86438.820000
29835536,2026-09-23T02:56,86477.350000,0.453700,0.762928,2026-09-23,245.000000,1.010140,0.664076,86479.390000,86460.020000
29835537,2026-09-23T02:57,86499.420000,0.604600,0.328153,2026-09-23,356.000000,1.304746,0.453300,86514.950000,86477.340000
29835538,2026-09-23T02:58,86534.990000,-0.333900,0.049190,2026-09-23,307.000000,2.853769,0.887253,86534.990000,86490.550000
29835539,2026-09-23T02:59,86535.620000,-0.137800,0.759019,2026-09-23,288.000000,1.296039,0.510332,86544.210000,86522.570000
29835540,2026-09-23T03:00,86532.510000,0.363800,0.020224,2026-09-23,271.000000,1.317396,0.492595,86545.930000,86528.660000
29835541,2026-09-23T03:01,86497.210000,0.499500,-0.013992,2026-09-23,291.000000,2.533483,0.608575,86532.520000,86491.720000
29835542,2026-09-23T03:02,86465.550000,0.314600,0.216822,2026-09-23,294.000000,0.991482,0.463674,86497.220000,86465.550000
29835543,2026-09-23T03:03,86453.290000,0.140800,-0.091135,2026-09-23,263.000000,0.490033,0.637338,86465.560000,86442.840000
29835544,2026-09-23T03:04,86452.240000,0.320600,0.065213,2026-09-23,255.000000,0.979940,0.464658,86461.180000,86445.010000
29835545,2026-09-23T03:05,86452.770000,0.373100,0.054704,2026-09-23,259.000000,2.134904,0.772692,86473.200000,86450.070000
29835546,2026-09-23T03:06,86436.850000,0.453000,0.545488,2026-09-23,282.000000,1.381547,0.187725,86452.780000,86428.090000
29835547,2026-09-23T03:07,86417.840000,0.388800,-0.611299,2026-09-23,275.000000,0.782523,0.336525,86434.410000,86415.000000
29835548,2026-09-23T03:08,86449.930000,0.038400,-0.346487,2026-09-23,275.000000,0.487148,0.873828,86449.940000,86413.780000
29835549,2026-09-23T03:09,86467.920000,0.550700,0.747435,2026-09-23,278.000000,0.610844,0.658524,86476.620000,86449.590000
29835550,2026-09-23T03:10,86482.180000,0.582900,0.317263,2026-09-23,224.000000,0.295001,0.720445,86482.190000,86463.520000
29835551,2026-09-23T03:11,86465.990000,0.294600,0.440790,2026-09-23,311.000000,0.842917,0.560304,86493.960000,86465.980000
29835552,2026-09-23T03:12,86468.770000,0.446900,0.121791,2026-09-23,289.000000,2.384534,0.945457,86478.970000,86465.980000
29835553,2026-09-23T03:13,86506.980000,0.523000,0.890884,2026-09-23,273.000000,0.318920,0.827374,86506.980000,86468.770000
29835554,2026-09-23T03:14,86537.490000,0.280300,0.620903,2026-09-23,277.000000,0.390941,0.669597,86537.500000,86506.970000
29835555,2026-09-23T03:15,86510.960000,0.096500,0.199004,2026-09-23,264.000000,0.867811,0.308916,86537.500000,86509.210000
29835556,2026-09-23T03:16,86528.170000,-0.001000,-0.342683,2026-09-23,241.000000,0.493056,0.502231,86529.390000,86493.960000
29835557,2026-09-23T03:17,86527.680000,0.471500,0.006176,2026-09-23,241.000000,0.452290,0.569501,86528.170000,86509.240000
29835558,2026-09-23T03:18,86556.200000,0.372000,0.140079,2026-09-23,236.000000,0.917878,0.769209,86556.200000,86527.680000
29835559,2026-09-23T03:19,86573.950000,0.776600,0.537824,2026-09-23,264.000000,1.790774,0.637905,86580.320000,86553.040000
29835560,2026-09-23T03:20,86617.010000,0.178600,0.276024,2026-09-23,318.000000,2.364498,0.845676,86617.000000,86560.510000
29835561,2026-09-23T03:21,86663.510000,0.423900,0.691216,2026-09-23,444.000000,11.529769,0.754053,86663.510000,86617.000000
29835562,2026-09-23T03:22,86663.510000,0.229000,0.520004,2026-09-23,253.000000,1.641997,0.737476,86672.900000,86654.830000
29835563,2026-09-23T03:23,86749.990000,0.197200,0.364816,2026-09-23,446.000000,8.484436,0.876639,86750.000000,86663.510000
29835564,2026-09-23T03:24,86728.110000,0.403000,0.753274,2026-09-23,425.000000,8.241262,0.467899,86825.290000,86728.110000
29835565,2026-09-23T03:25,86668.990000,0.241200,-0.064419,2026-09-23,363.000000,2.372571,0.611208,86730.000000,86668.990000
29835566,2026-09-23T03:26,86665.710000,0.197500,0.264263,2026-09-23,285.000000,0.884644,0.528059,86698.710000,86665.000000
29835567,2026-09-23T03:27,86650.040000,0.259500,-0.017963,2026-09-23,248.000000,0.754276,0.264440,86685.010000,86644.590000
29835568,2026-09-23T03:28,86630.430000,0.436200,-0.619277,2026-09-23,320.000000,6.763549,0.051047,86661.990000,86624.550000
29835569,2026-09-23T03:29,86689.760000,-0.025800,-0.897909,2026-09-23,302.000000,1.205576,0.750711,86689.760000,86630.430000
29835570,2026-09-23T03:30,86701.950000,-0.225200,0.502765,2026-09-23,304.000000,1.002408,0.594241,86707.570000,86653.570000
29835571,2026-09-23T03:31,86677.510000,-0.035300,0.188178,2026-09-23,281.000000,1.329597,0.595470,86716.470000,86677.420000
29835572,2026-09-23T03:32,86680.010000,-0.080700,0.189613,2026-09-23,275.000000,3.275561,0.219997,86712.890000,86677.510000
29835573,2026-09-23T03:33,86686.730000,0.320900,-0.537669,2026-09-23,267.000000,2.035841,0.854124,86686.730000,86660.000000
29835574,2026-09-23T03:34,86688.390000,0.330400,0.690715,2026-09-23,267.000000,0.770022,0.453112,86702.730000,86683.970000
29835575,2026-09-23T03:35,86698.390000,0.051300,-0.077028,2026-09-23,308.000000,1.488220,0.771101,86720.130000,86688.380000
29835576,2026-09-23T03:36,86714.240000,-0.039700,0.540750,2026-09-23,324.000000,3.677296,0.842436,86715.750000,86668.180000
29835577,2026-09-23T03:37,86771.380000,0.323100,0.685969,2026-09-23,366.000000,5.517910,0.262724,86802.100000,86714.240000
29835578,2026-09-23T03:38,86733.110000,0.030100,-0.475972,2026-09-23,300.000000,1.520210,0.647368,86783.640000,86730.040000
29835579,2026-09-23T03:39,86827.480000,0.009000,0.294741,2026-09-23,344.000000,5.361245,0.923562,86828.660000,86732.100000
29835580,2026-09-23T03:40,86932.600000,-0.225100,0.843860,2026-09-23,748.000000,17.890089,0.718866,86959.300000,86814.710000
29835581,2026-09-23T03:41,86845.640000,0.163800,0.447946,2026-09-23,543.000000,16.621847,0.392731,86928.990000,86830.190000
29835582,2026-09-23T03:42,86891.400000,0.028600,-0.237387,2026-09-23,383.000000,3.484643,0.839330,86913.730000,86843.260000
29835583,2026-09-23T03:43,86835.980000,0.065000,0.696614,2026-09-23,377.000000,3.631828,0.879787,86917.510000,86836.320000
29835584,2026-09-23T03:44,86880.900000,0.253800,0.742744,2026-09-23,466.000000,10.533518,0.897826,86889.450000,86808.000000
29835585,2026-09-23T03:45,86800.390000,0.185400,0.796640,2026-09-23,374.000000,4.208445,0.302258,86885.160000,86797.530000
29835586,2026-09-23T03:46,86756.760000,0.311000,-0.395754,2026-09-23,370.000000,3.513411,0.451385,86800.390000,86730.980000
29835587,2026-09-23T03:47,86793.830000,0.258900,-0.123325,2026-09-23,350.000000,7.193196,0.311652,86794.640000,86745.000000
29835588,2026-09-23T03:48,86760.640000,0.345900,-0.378656,2026-09-23,315.000000,2.046734,0.412971,86794.650000,86752.130000
29835589,2026-09-23T03:49,86734.510000,0.232800,-0.118205,2026-09-23,353.000000,2.822046,0.659565,86760.660000,86734.510000
29835590,2026-09-23T03:50,86717.540000,0.263300,0.320584,2026-09-23,353.000000,2.245589,0.644627,86740.000000,86717.500000
29835591,2026-09-23T03:51,86717.150000,0.231600,0.322338,2026-09-23,266.000000,0.943455,0.552759,86739.860000,86713.050000
29835592,2026-09-23T03:52,86707.860000,0.065200,-0.005756,2026-09-23,343.000000,2.062284,0.897968,86727.440000,86701.860000
29835593,2026-09-23T03:53,86714.260000,0.239400,0.795496,2026-09-23,285.000000,1.055948,0.760287,86715.000000,86707.860000
29835594,2026-09-23T03:54,86709.540000,0.090100,0.520575,2026-09-23,263.000000,1.512861,0.706217,86717.560000,86688.920000
29835595,2026-09-23T03:55,86719.180000,-0.263100,0.414645,2026-09-23,245.000000,1.045889,0.451122,86719.190000,86709.540000
29835596,2026-09-23T03:56,86706.910000,-0.213600,-0.240118,2026-09-23,277.000000,0.976220,0.623180,86719.190000,86694.860000
29835597,2026-09-23T03:57,86708.230000,0.180300,0.544678,2026-09-23,270.000000,1.378728,0.802023,86717.330000,86696.380000
29835598,2026-09-23T03:58,86692.710000,0.220500,0.602399,2026-09-23,251.000000,0.636741,0.382963,86715.420000,86692.450000
29835599,2026-09-23T03:59,86692.710000,0.178400,-0.234140,2026-09-23,118.000000,0.226318,0.922953,86692.720000,86692.700000
29835600,2026-09-23T04:00,86692.710000,0.225800,0.846434,2026-09-23,,,,,
29835601,2026-09-23T04:01,86692.710000,0.225800,0.000000,2026-09-23,,,,,
29835602,2026-09-23T04:02,86692.710000,0.225800,0.000000,2026-09-23,,,,,
29835603,2026-09-23T04:03,86692.710000,0.225800,0.000000,2026-09-23,,,,,
29835604,2026-09-23T04:04,86634.140000,0.513400,0.000000,2026-09-23,27.000000,0.015096,0.218084,86642.580000,86634.130000
29835605,2026-09-23T04:05,86637.980000,-0.021600,-0.504700,2026-09-23,238.000000,0.641552,0.197562,86643.910000,86634.130000
29835606,2026-09-23T04:06,86677.240000,0.257500,-0.599126,2026-09-23,320.000000,2.256386,0.628811,86677.240000,86621.190000
29835607,2026-09-23T04:07,86719.180000,-0.126700,0.256659,2026-09-23,265.000000,1.630216,0.348984,86719.190000,86677.230000
29835608,2026-09-23T04:08,86731.580000,0.259500,-0.301638,2026-09-23,372.000000,13.442244,0.538754,86773.600000,86719.180000
29835609,2026-09-23T04:09,86821.990000,0.223100,0.077461,2026-09-23,321.000000,2.283003,0.566286,86831.450000,86725.580000
29835610,2026-09-23T04:10,86850.700000,0.312600,0.132641,2026-09-23,331.000000,2.905657,0.657939,86852.720000,86811.960000
29835611,2026-09-23T04:11,86872.010000,-0.437900,0.315916,2026-09-23,368.000000,5.749701,0.600216,86879.520000,86830.000000
29835612,2026-09-23T04:12,86864.040000,0.442300,0.200793,2026-09-23,396.000000,9.548923,0.114302,86900.000000,86848.850000
29835613,2026-09-23T04:13,86853.420000,0.406900,-0.774889,2026-09-23,300.000000,1.864300,0.807171,86868.750000,86830.000000
29835614,2026-09-23T04:14,86838.010000,0.073700,0.736509,2026-09-23,250.000000,3.508549,0.929550,86854.490000,86826.840000
29835615,2026-09-23T04:15,86918.450000,0.688400,0.859275,2026-09-23,343.000000,5.005792,0.760018,86918.450000,86832.710000
29835616,2026-09-23T04:16,86822.400000,-0.513200,0.511202,2026-09-23,446.000000,8.636710,0.461658,86927.200000,86822.410000
29835617,2026-09-23T04:17,86803.420000,0.161400,-0.084195,2026-09-23,383.000000,5.733054,0.352838,86822.400000,86751.720000
29835618,2026-09-23T04:18,86824.520000,-0.353500,-0.328248,2026-09-23,329.000000,2.488950,0.692291,86834.740000,86788.080000
29835619,2026-09-23T04:19,86836.920000,0.340800,0.536038,2026-09-23,404.000000,4.134824,0.865571,86840.210000,86801.410000
29835620,2026-09-23T04:20,86943.710000,0.205600,0.730958,2026-09-23,339.000000,1.385204,0.788989,86952.200000,86836.910000
29835621,2026-09-23T04:21,86985.650000,0.391300,0.578566,2026-09-23,679.000000,16.651194,0.797201,87017.000000,86949.460000
29835622,2026-09-23T04:22,86979.480000,0.071100,0.597462,2026-09-23,421.000000,5.666695,0.432021,87002.220000,86928.390000
29835623,2026-09-23T04:23,87123.610000,0.220800,-0.161104,2026-09-23,805.000000,24.684200,0.802693,87175.750000,86979.470000
29835624,2026-09-23T04:24,87117.050000,-0.072700,0.607095,2026-09-23,466.000000,7.810226,0.310612,87122.740000,87065.160000
29835625,2026-09-23T04:25,87161.860000,-0.064300,-0.415332,2026-09-23,607.000000,9.183814,0.299307,87197.990000,87115.550000
29835626,2026-09-23T04:26,87111.290000,-0.086700,-0.388894,2026-09-23,386.000000,1.984739,0.268537,87187.520000,87111.290000
29835627,2026-09-23T04:27,87197.390000,0.324000,-0.454727,2026-09-23,796.000000,21.280374,0.456811,87242.950000,87076.700000
29835628,2026-09-23T04:28,87100.010000,0.093800,-0.100573,2026-09-23,648.000000,15.144527,0.125959,87229.200000,87083.540000
29835629,2026-09-23T04:29,87010.010000,0.288100,-0.743394,2026-09-23,515.000000,8.372342,0.414439,87108.630000,87010.010000
29835630,2026-09-23T04:30,87111.650000,-0.679400,-0.152173,2026-09-23,423.000000,4.527672,0.885362,87120.170000,87010.020000
29835631,2026-09-23T04:31,87150.180000,0.269500,0.762872,2026-09-23,356.000000,2.845205,0.762112,87165.640000,87099.760000
29835632,2026-09-23T04:32,87198.900000,-0.363500,0.528189,2026-09-23,385.000000,4.272290,0.720592,87210.110000,87138.060000
29835633,2026-09-23T04:33,87239.050000,0.498200,0.441184,2026-09-23,502.000000,11.233104,0.889920,87278.770000,87191.020000
29835634,2026-09-23T04:34,87242.270000,0.619600,0.779541,2026-09-23,444.000000,3.750263,0.723126,87282.810000,87198.900000
29835635,2026-09-23T04:35,87234.670000,0.214900,0.445909,2026-09-23,474.000000,7.250719,0.419721,87260.280000,87200.010000
29835636,2026-09-23T04:36,87200.010000,0.364800,-0.162803,2026-09-23,470.000000,11.508752,0.845951,87280.850000,87200.000000
29835637,2026-09-23T04:37,87190.010000,0.289300,0.671131,2026-09-23,345.000000,4.580737,0.574196,87240.950000,87190.000000
29835638,2026-09-23T04:38,87142.550000,0.212600,0.185346,2026-09-23,444.000000,12.244328,0.184211,87190.010000,87121.170000
29835639,2026-09-23T04:39,87121.920000,0.364700,-0.631471,2026-09-23,318.000000,3.450281,0.194937,87161.900000,87093.720000
29835640,2026-09-23T04:40,87085.540000,0.037600,-0.610501,2026-09-23,262.000000,1.078859,0.099319,87121.920000,87084.770000
29835641,2026-09-23T04:41,87164.570000,0.547100,-0.800453,2026-09-23,332.000000,3.774984,0.802724,87200.340000,87085.530000
29835642,2026-09-23T04:42,87144.100000,-0.274600,0.516164,2026-09-23,229.000000,1.117066,0.261948,87164.560000,87137.560000
29835643,2026-09-23T04:43,87167.890000,-0.449000,-0.346071,2026-09-23,346.000000,4.886334,0.780838,87178.700000,87130.020000
29835644,2026-09-23T04:44,87139.210000,0.262000,0.561708,2026-09-23,325.000000,4.420930,0.149750,87175.070000,87105.500000
29835645,2026-09-23T04:45,87154.770000,0.360900,-0.710607,2026-09-23,301.000000,2.361227,0.724546,87152.870000,87114.010000
29835646,2026-09-23T04:46,87172.450000,0.278800,0.635204,2026-09-23,253.000000,1.876045,0.597317,87172.440000,87144.330000
29835647,2026-09-23T04:47,87155.110000,0.256800,0.136290,2026-09-23,305.000000,2.168582,0.353088,87193.690000,87152.560000
29835648,2026-09-23T04:48,87201.480000,-0.340400,-0.293653,2026-09-23,328.000000,1.561817,0.674451,87210.560000,87156.300000
29835649,2026-09-23T04:49,87204.580000,0.644500,0.376890,2026-09-23,246.000000,1.553900,0.883933,87206.460000,87194.390000
29835650,2026-09-23T04:50,87170.390000,0.071200,0.748630,2026-09-23,358.000000,11.051247,0.080502,87205.900000,87136.360000
29835651,2026-09-23T04:51,87160.010000,0.227500,-0.839001,2026-09-23,297.000000,4.338164,0.880420,87170.390000,87136.560000
29835652,2026-09-23T04:52,87129.550000,-0.403400,0.760830,2026-09-23,339.000000,3.253093,0.524693,87160.010000,87126.040000
29835653,2026-09-23T04:53,87155.170000,0.162500,0.049394,2026-09-23,296.000000,2.281315,0.753906,87155.160000,87129.550000
29835654,2026-09-23T04:54,87162.670000,0.119700,0.507800,2026-09-23,243.000000,1.079994,0.732747,87162.680000,87155.160000
29835655,2026-09-23T04:55,87209.730000,0.347100,0.212616,2026-09-23,336.000000,5.669518,0.910101,87221.970000,87158.350000
29835656,2026-09-23T04:56,87222.460000,0.410000,0.895277,2026-09-23,327.000000,2.421480,0.629953,87229.690000,87197.740000
29835657,2026-09-23T04:57,87170.170000,-0.028700,0.260268,2026-09-23,304.000000,5.163195,0.268205,87222.460000,87168.340000
29835658,2026-09-23T04:58,87184.460000,0.304500,-0.424899,2026-09-23,390.000000,4.443201,0.777716,87187.580000,87153.480000
29835659,2026-09-23T04:59,87164.820000,0.341800,0.573730,2026-09-23,300.000000,3.205885,0.387442,87198.520000,87164.810000
29835660,2026-09-23T05:00,87113.210000,0.218000,-0.365337,2026-09-23,462.000000,8.168962,0.358126,87172.390000,87089.600000
29835661,2026-09-23T05:01,87022.330000,0.509100,-0.294408,2026-09-23,372.000000,3.233170,0.409094,87121.950000,87022.320000
29835662,2026-09-23T05:02,86975.740000,-0.375800,-0.191132,2026-09-23,384.000000,6.129287,0.191757,87033.930000,86975.740000
29835663,2026-09-23T05:03,86921.020000,-0.032600,-0.605846,2026-09-23,328.000000,3.311774,0.340767,86975.750000,86917.080000
29835664,2026-09-23T05:04,86971.990000,0.113200,-0.319350,2026-09-23,400.000000,4.204941,0.809080,87005.350000,86900.000000
29835665,2026-09-23T05:05,86915.570000,0.440400,0.619872,2026-09-23,471.000000,10.285207,0.762117,86982.120000,86910.010000
29835666,2026-09-23T05:06,86906.010000,-0.082800,0.524497,2026-09-23,298.000000,3.260553,0.120119,86937.340000,86890.010000
29835667,2026-09-23T05:07,86954.290000,0.087900,-0.759199,2026-09-23,314.000000,2.532917,0.502335,86960.990000,86906.000000
29835668,2026-09-23T05:08,86896.770000,-0.101500,0.006384,2026-09-23,298.000000,1.496003,0.530909,86954.280000,86893.800000
29835669,2026-09-23T05:09,86915.580000,-0.243400,0.061818,2026-09-23,310.000000,1.746302,0.648579,86925.460000,86879.520000
29835670,2026-09-23T05:10,86954.490000,-0.180000,0.320646,2026-09-23,276.000000,1.760050,0.577098,86965.190000,86915.580000
29835671,2026-09-23T05:11,86922.890000,0.308700,0.048742,2026-09-23,275.000000,1.351959,0.372985,86954.490000,86913.910000
29835672,2026-09-23T05:12,86964.580000,-0.050500,-0.180087,2026-09-23,235.000000,1.150174,0.865381,86966.070000,86922.880000
29835673,2026-09-23T05:13,86936.640000,0.441000,0.730762,2026-09-23,339.000000,1.933932,0.515266,86975.000000,86919.800000
29835674,2026-09-23T05:14,86927.270000,0.566800,0.038848,2026-09-23,267.000000,0.717029,0.231571,86940.010000,86915.000000
29835675,2026-09-23T05:15,86935.450000,0.218800,-0.573578,2026-09-23,271.000000,0.960060,0.575232,86944.160000,86913.910000
29835676,2026-09-23T05:16,86955.610000,0.390000,0.150457,2026-09-23,303.000000,1.988526,0.435966,86965.080000,86919.800000
29835677,2026-09-23T05:17,86922.580000,0.528000,-0.125313,2026-09-23,293.000000,1.613957,0.663645,86955.620000,86922.360000
29835678,2026-09-23T05:18,86865.290000,-0.314300,0.324784,2026-09-23,347.000000,5.795030,0.257353,86927.970000,86865.290000
29835679,2026-09-23T05:19,86875.510000,-0.065600,-0.485305,2026-09-23,344.000000,4.601203,0.905276,86879.020000,86849.960000
29835680,2026-09-23T05:20,86874.260000,0.422300,0.760533,2026-09-23,366.000000,4.059504,0.319678,86905.000000,86854.450000
29835681,2026-09-23T05:21,86796.410000,0.392700,-0.336547,2026-09-23,478.000000,18.052822,0.350296,86920.990000,86793.840000
29835682,2026-09-23T05:22,86827.990000,0.191900,-0.304386,2026-09-23,399.000000,6.586130,0.702643,86835.350000,86760.000000
29835683,2026-09-23T05:23,86846.010000,-0.274400,0.429961,2026-09-23,334.000000,9.600239,0.906810,86882.460000,86790.890000
29835684,2026-09-23T05:24,86800.010000,0.093300,0.802336,2026-09-23,281.000000,1.894512,0.551013,86846.000000,86785.120000
29835685,2026-09-23T05:25,86834.860000,0.240800,0.138130,2026-09-23,293.000000,1.559488,0.534164,86850.960000,86800.010000
29835686,2026-09-23T05:26,86824.550000,0.137000,0.067089,2026-09-23,268.000000,1.430796,0.663566,86848.010000,86811.510000
29835687,2026-09-23T05:27,86784.140000,0.208400,0.328812,2026-09-23,354.000000,8.209323,0.652025,86824.550000,86773.950000
29835688,2026-09-23T05:28,86768.070000,-0.307100,0.304040,2026-09-23,431.000000,6.646979,0.240202,86806.110000,86768.050000
29835689,2026-09-23T05:29,86767.010000,-0.056900,-0.519591,2026-09-23,489.000000,20.004188,0.215866,86822.730000,86720.000000
29835690,2026-09-23T05:30,86756.930000,-0.160400,-0.567083,2026-09-23,282.000000,0.693137,0.403929,86767.020000,86736.720000
29835691,2026-09-23T05:31,86733.010000,0.080600,-0.225781,2026-09-23,333.000000,2.383003,0.694259,86779.550000,86733.010000
29835692,2026-09-23T05:32,86705.610000,0.245500,0.409071,2026-09-23,284.000000,1.278206,0.407393,86737.210000,86701.010000
29835693,2026-09-23T05:33,86719.760000,0.357900,-0.244838,2026-09-23,309.000000,1.300911,0.539108,86742.330000,86697.910000
29835694,2026-09-23T05:34,86722.610000,0.307800,0.168878,2026-09-23,289.000000,1.718413,0.727924,86729.970000,86709.160000
29835695,2026-09-23T05:35,86771.210000,-0.094300,0.455848,2026-09-23,303.000000,1.775720,0.728813,86774.120000,86719.090000
29835696,2026-09-23T05:36,86772.920000,-0.191600,0.500452,2026-09-23,337.000000,2.373054,0.668846,86804.990000,86765.280000
29835697,2026-09-23T05:37,86779.430000,-0.239600,0.290874,2026-09-23,319.000000,3.428138,0.926777,86795.920000,86767.500000
29835698,2026-09-23T05:38,86724.110000,0.492000,0.854873,2026-09-23,432.000000,9.784660,0.362251,86803.760000,86713.060000
29835699,2026-09-23T05:39,86730.650000,0.091800,-0.275468,2026-09-23,300.000000,2.246058,0.566480,86745.000000,86708.160000
29835700,2026-09-23T05:40,86782.790000,-0.115000,0.134029,2026-09-23,275.000000,1.505389,0.730400,86784.510000,86728.900000
29835701,2026-09-23T05:41,86817.580000,0.164700,0.459728,2026-09-23,261.000000,2.061651,0.134543,86826.470000,86784.510000
29835702,2026-09-23T05:42,86820.710000,0.034400,-0.729606,2026-09-23,247.000000,4.755857,0.038485,86820.720000,86808.200000
29835703,2026-09-23T05:43,86734.550000,0.261000,-0.922835,2026-09-23,439.000000,11.203213,0.306207,86824.060000,86730.600000
29835704,2026-09-23T05:44,86742.610000,0.412500,-0.387813,2026-09-23,280.000000,1.547161,0.791074,86757.700000,86710.580000
29835705,2026-09-23T05:45,86762.890000,0.460700,0.582106,2026-09-23,279.000000,1.343023,0.695477,86765.270000,86724.880000
29835706,2026-09-23T05:46,86736.730000,0.313300,0.391212,2026-09-23,232.000000,0.466045,0.341047,86768.590000,86736.720000
29835707,2026-09-23T05:47,86758.070000,0.404100,-0.303830,2026-09-23,201.000000,0.265685,0.840746,86758.070000,86736.730000
29835708,2026-09-23T05:48,86733.420000,0.143300,0.674715,2026-09-23,225.000000,0.510069,0.162534,86758.070000,86731.030000
29835709,2026-09-23T05:49,86591.860000,-0.401300,-0.675148,2026-09-23,587.000000,22.564262,0.370020,86733.430000,86556.850000
29835710,2026-09-23T05:50,86506.830000,0.512200,-0.262363,2026-09-23,475.000000,9.448063,0.721876,86627.300000,86500.000000
29835711,2026-09-23T05:51,86572.260000,0.453400,0.461247,2026-09-23,330.000000,3.053668,0.651364,86572.260000,86501.890000
29835712,2026-09-23T05:52,86538.800000,0.347400,0.277298,2026-09-23,368.000000,3.725143,0.417106,86588.630000,86523.830000
29835713,2026-09-23T05:53,86528.670000,0.331000,-0.165694,2026-09-23,306.000000,2.052679,0.613569,86565.350000,86510.000000
29835714,2026-09-23T05:54,86546.400000,0.554200,0.235823,2026-09-23,213.000000,0.779115,0.573137,86548.420000,86524.870000
29835715,2026-09-23T05:55,86511.970000,0.425900,0.119572,2026-09-23,319.000000,5.801906,0.431344,86548.430000,86500.000000
29835716,2026-09-23T05:56,86516.740000,0.175000,-0.176627,2026-09-23,283.000000,3.652361,0.458487,86518.620000,86477.070000
29835717,2026-09-23T05:57,86493.900000,-0.237800,-0.007704,2026-09-23,241.000000,1.178303,0.583801,86536.800000,86490.000000
29835718,2026-09-23T05:58,86465.390000,0.610500,0.168040,2026-09-23,353.000000,2.797336,0.644467,86493.910000,86415.000000
29835719,2026-09-23T05:59,86487.460000,0.347900,0.237675,2026-09-23,244.000000,0.716581,0.440991,86493.950000,86455.060000
29835720,2026-09-23T06:00,86464.640000,0.286700,0.059208,2026-09-23,278.000000,1.709331,0.659795,86520.520000,86460.000000
29835721,2026-09-23T06:01,86458.420000,0.128000,0.317602,2026-09-23,297.000000,2.514718,0.659753,86491.520000,86448.610000
29835722,2026-09-23T06:02,86508.240000,0.410100,0.319826,2026-09-23,320.000000,3.518767,0.880015,86508.230000,86427.760000
29835723,2026-09-23T06:03,86545.990000,-0.114300,0.759946,2026-09-23,251.000000,1.554149,0.313449,86546.000000,86508.230000
29835724,2026-09-23T06:04,86493.960000,0.141300,-0.379823,2026-09-23,310.000000,1.837999,0.472725,86551.710000,86493.960000
29835725,2026-09-23T06:05,86544.420000,-0.155400,-0.067382,2026-09-23,287.000000,2.387895,0.401665,86544.420000,86497.880000
29835726,2026-09-23T06:06,86567.040000,0.298900,-0.181845,2026-09-23,255.000000,1.059989,0.756386,86567.040000,86544.420000
29835727,2026-09-23T06:07,86508.240000,0.248200,0.598480,2026-09-23,323.000000,2.845427,0.124520,86573.030000,86505.000000
29835728,2026-09-23T06:08,86551.080000,0.052500,-0.760822,2026-09-23,256.000000,1.581877,0.798298,86551.080000,86501.480000
29835729,2026-09-23T06:09,86540.010000,0.530600,0.534570,2026-09-23,258.000000,1.731265,0.685571,86565.350000,86540.000000
29835730,2026-09-23T06:10,86538.460000,0.520400,0.371142,2026-09-23,267.000000,1.355878,0.681898,86540.010000,86522.520000
29835731,2026-09-23T06:11,86574.170000,0.088000,0.364296,2026-09-23,280.000000,1.530098,0.727139,86574.160000,86513.110000
29835732,2026-09-23T06:12,86587.350000,0.358500,0.269589,2026-09-23,197.000000,0.715659,0.675351,86587.560000,86565.350000
29835733,2026-09-23T06:13,86606.990000,0.375700,0.958005,2026-09-23,202.000000,1.206200,0.722719,86608.190000,86587.340000
29835734,2026-09-23T06:14,86603.210000,0.004900,0.445439,2026-09-23,226.000000,0.679134,0.211988,86606.990000,86585.000000
29835735,2026-09-23T06:15,86587.460000,-0.277700,-0.577152,2026-09-23,260.000000,1.306989,0.600429,86603.220000,86578.470000
29835736,2026-09-23T06:16,86590.150000,0.264000,0.202525,2026-09-23,232.000000,1.437662,0.500718,86603.210000,86587.450000
29835737,2026-09-23T06:17,86572.860000,-0.561200,0.023151,2026-09-23,274.000000,1.615008,0.723242,86593.200000,86568.620000
29835738,2026-09-23T06:18,86533.360000,0.120900,0.435204,2026-09-23,260.000000,0.949998,0.472709,86572.870000,86533.350000
29835739,2026-09-23T06:19,86501.040000,0.061200,-0.054446,2026-09-23,347.000000,6.530925,0.850986,86539.190000,86500.000000
29835740,2026-09-23T06:20,86515.100000,0.394500,0.704378,2026-09-23,203.000000,0.397238,0.317899,86524.080000,86501.030000
29835741,2026-09-23T06:21,86493.960000,-0.205200,-0.575589,2026-09-23,282.000000,4.517948,0.242915,86543.020000,86493.960000
29835742,2026-09-23T06:22,86513.390000,0.306000,-0.513978,2026-09-23,278.000000,1.259862,0.557814,86523.350000,86493.960000
29835743,2026-09-23T06:23,86490.270000,-0.186200,0.115305,2026-09-23,224.000000,0.523693,0.056263,86519.630000,86488.540000
29835744,2026-09-23T06:24,86478.740000,-0.200600,-0.886241,2026-09-23,281.000000,2.579334,0.874028,86490.280000,86458.440000
29835745,2026-09-23T06:25,86495.040000,0.411600,0.748449,2026-09-23,225.000000,0.747891,0.609621,86498.170000,86469.150000
29835746,2026-09-23T06:26,86465.400000,0.378400,0.219283,2026-09-23,301.000000,1.242503,0.587500,86498.400000,86465.400000
29835747,2026-09-23T06:27,86448.350000,0.300100,0.177323,2026-09-23,221.000000,0.315879,0.472411,86465.670000,86448.340000
29835748,2026-09-23T06:28,86437.010000,0.010000,-0.065294,2026-09-23,266.000000,0.825257,0.852902,86459.270000,86436.840000
29835749,2026-09-23T06:29,86416.330000,0.466900,0.706092,2026-09-23,261.000000,1.588666,0.761614,86447.580000,86412.460000
29835750,2026-09-23T06:30,86379.420000,0.421200,0.523929,2026-09-23,337.000000,7.114550,0.545427,86416.330000,86376.030000
29835751,2026-09-23T06:31,86441.740000,0.061200,0.090549,2026-09-23,383.000000,8.089529,0.546416,86451.110000,86341.640000
29835752,2026-09-23T06:32,86448.260000,0.116500,0.092894,2026-09-23,250.000000,0.974710,0.350039,86459.280000,86420.010000
29835753,2026-09-23T06:33,86434.540000,0.374000,-0.300654,2026-09-23,309.000000,3.927557,0.293140,86449.990000,86421.000000
29835754,2026-09-23T06:34,86445.240000,0.521400,-0.419274,2026-09-23,205.000000,0.648077,0.594344,86449.170000,86434.530000
29835755,2026-09-23T06:35,86479.670000,0.285200,0.234927,2026-09-23,243.000000,1.245709,0.619380,86479.670000,86445.240000
29835756,2026-09-23T06:36,86512.610000,0.058200,0.252745,2026-09-23,278.000000,3.399571,0.654717,86512.610000,86477.510000
29835757,2026-09-23T06:37,86526.890000,0.031700,0.149393,2026-09-23,218.000000,1.073723,0.441931,86526.900000,86489.020000
29835758,2026-09-23T06:38,86531.930000,0.202600,0.582133,2026-09-23,235.000000,1.339708,0.810210,86531.930000,86508.690000
29835759,2026-09-23T06:39,86527.710000,0.208400,0.620419,2026-09-23,350.000000,2.434535,0.680514,86544.630000,86523.470000
29835760,2026-09-23T06:40,86523.480000,-0.141900,0.361028,2026-09-23,205.000000,1.220548,0.782547,86541.920000,86523.470000
29835761,2026-09-23T06:41,86527.380000,0.389100,0.565094,2026-09-23,192.000000,0.441940,0.755933,86527.380000,86523.470000
29835762,2026-09-23T06:42,86565.360000,0.088400,0.511867,2026-09-23,366.000000,1.805076,0.552573,86565.370000,86527.370000
29835763,2026-09-23T06:43,86543.350000,-0.026600,0.105136,2026-09-23,260.000000,1.202317,0.632456,86565.370000,86539.560000
29835764,2026-09-23T06:44,86565.360000,-0.424400,0.265317,2026-09-23,203.000000,1.098469,0.924377,86565.370000,86543.340000
29835765,2026-09-23T06:45,86532.140000,0.202500,0.054407,2026-09-23,252.000000,1.716171,0.208155,86565.360000,86526.400000
29835766,2026-09-23T06:46,86511.110000,-0.184100,-0.296572,2026-09-23,289.000000,2.143539,0.744183,86532.140000,86500.000000
29835767,2026-09-23T06:47,86500.010000,0.010100,0.585180,2026-09-23,316.000000,3.934628,0.869128,86555.430000,86498.280000
29835768,2026-09-23T06:48,86493.960000,-0.227500,0.725233,2026-09-23,59.000000,0.096533,0.688245,86499.010000,86493.960000
29835769,2026-09-23T06:49,86493.960000,-0.227500,0.997904,2026-09-23,,,,,
29835770,2026-09-23T06:50,86493.960000,-0.227500,0.000000,2026-09-23,,,,,
29835771,2026-09-23T06:51,86493.960000,-0.227500,0.000000,2026-09-23,,,,,
29835772,2026-09-23T06:52,86493.960000,-0.227500,0.000000,2026-09-23,,,,,
29835773,2026-09-23T06:53,86493.960000,-0.227500,0.000000,2026-09-23,,,,,
29835774,2026-09-23T06:54,86493.960000,-0.227500,0.000000,2026-09-23,,,,,
29835775,2026-09-23T06:55,86493.960000,-0.227500,0.000000,2026-09-23,,,,,
29835776,2026-09-23T06:56,86493.960000,-0.227500,0.000000,2026-09-23,,,,,
29835777,2026-09-23T06:57,86493.960000,-0.227500,0.000000,2026-09-23,,,,,
29835778,2026-09-23T06:58,86493.960000,-0.227500,0.000000,2026-09-23,,,,,
29835779,2026-09-23T06:59,86493.960000,-0.227500,0.000000,2026-09-23,,,,,
29835780,2026-09-23T07:00,86493.960000,-0.227500,0.000000,2026-09-23,,,,,
29835781,2026-09-23T07:01,86493.960000,-0.227500,0.000000,2026-09-23,,,,,
29835782,2026-09-23T07:02,86493.960000,-0.227500,0.000000,2026-09-23,,,,,
29835783,2026-09-23T07:03,86493.960000,-0.227500,0.000000,2026-09-23,,,,,
29835784,2026-09-23T07:04,86493.960000,-0.227500,0.000000,2026-09-23,,,,,
29835785,2026-09-23T07:05,86493.960000,-0.227500,0.000000,2026-09-23,,,,,
29835786,2026-09-23T07:06,86493.960000,-0.216600,0.000000,2026-09-23,,,,,
29835787,2026-09-23T07:07,86493.960000,-0.216600,0.000000,2026-09-23,,,,,
29835788,2026-09-23T07:08,86493.960000,-0.216600,0.000000,2026-09-23,,,,,
29835789,2026-09-23T07:09,86493.960000,-0.216600,0.000000,2026-09-23,,,,,
29835790,2026-09-23T07:10,86493.960000,-0.216600,0.000000,2026-09-23,,,,,
29835791,2026-09-23T07:11,86493.960000,-0.216600,0.000000,2026-09-23,,,,,
29835792,2026-09-23T07:12,86493.960000,-0.216600,0.000000,2026-09-23,,,,,
29835793,2026-09-23T07:13,86493.960000,-0.216600,0.000000,2026-09-23,,,,,
29835794,2026-09-23T07:14,86493.960000,-0.216600,0.000000,2026-09-23,,,,,
29835795,2026-09-23T07:15,86493.960000,-0.216600,0.000000,2026-09-23,,,,,
29835796,2026-09-23T07:16,86493.960000,-0.216600,0.000000,2026-09-23,,,,,
29835797,2026-09-23T07:17,86493.960000,-0.216600,0.000000,2026-09-23,,,,,
29835798,2026-09-23T07:18,86493.960000,-0.216600,0.000000,2026-09-23,,,,,
29835799,2026-09-23T07:19,86493.960000,-0.216600,0.000000,2026-09-23,,,,,
29835800,2026-09-23T07:20,86493.960000,-0.216600,0.000000,2026-09-23,,,,,
29835801,2026-09-23T07:21,86400.580000,0.316700,0.000000,2026-09-23,16.000000,0.050630,0.040305,86418.040000,86400.020000
29835802,2026-09-23T07:22,86400.580000,0.316700,-0.919391,2026-09-23,,,,,
29835803,2026-09-23T07:23,86400.580000,0.316700,0.000000,2026-09-23,,,,,
29835804,2026-09-23T07:24,86400.580000,0.316700,0.000000,2026-09-23,,,,,
29835805,2026-09-23T07:25,86400.580000,0.316700,0.000000,2026-09-23,,,,,
29835806,2026-09-23T07:26,86400.580000,0.316700,0.000000,2026-09-23,,,,,
29835807,2026-09-23T07:27,86400.580000,0.316700,0.000000,2026-09-23,,,,,
29835808,2026-09-23T07:28,86400.580000,0.316700,0.000000,2026-09-23,,,,,
29835809,2026-09-23T07:29,86400.580000,0.316700,0.000000,2026-09-23,,,,,
29835810,2026-09-23T07:30,86400.580000,0.316700,0.000000,2026-09-23,,,,,
29835811,2026-09-23T07:31,86400.580000,0.316700,0.000000,2026-09-23,,,,,
29835812,2026-09-23T07:32,86400.580000,0.316700,0.000000,2026-09-23,,,,,
29835813,2026-09-23T07:33,86400.580000,0.316700,0.000000,2026-09-23,,,,,
29835814,2026-09-23T07:34,86400.580000,0.316700,0.000000,2026-09-23,,,,,
29835815,2026-09-23T07:35,86400.580000,0.316700,0.000000,2026-09-23,,,,,
29835816,2026-09-23T07:36,86400.580000,0.316700,0.000000,2026-09-23,,,,,
29835817,2026-09-23T07:37,86400.580000,0.316700,0.000000,2026-09-23,,,,,
29835818,2026-09-23T07:38,86400.580000,0.316700,0.000000,2026-09-23,,,,,
29835819,2026-09-23T07:39,86400.580000,0.316700,0.000000,2026-09-23,,,,,
29835820,2026-09-23T07:40,86400.580000,0.316700,0.000000,2026-09-23,1.000000,0.000000,0.000000,86214.520000,86214.520000
29835821,2026-09-23T07:41,86400.580000,0.316700,-1.000000,2026-09-23,,,,,
29835822,2026-09-23T07:42,86400.580000,0.316700,0.000000,2026-09-23,,,,,
29835823,2026-09-23T07:43,86400.580000,0.316700,0.000000,2026-09-23,,,,,
29835824,2026-09-23T07:44,86400.580000,0.316700,0.000000,2026-09-23,,,,,
29835825,2026-09-23T07:45,86400.580000,0.316700,0.000000,2026-09-23,,,,,
29835826,2026-09-23T07:46,86400.580000,0.316700,0.000000,2026-09-23,,,,,
29835827,2026-09-23T07:47,86400.580000,0.316700,0.000000,2026-09-23,,,,,
29835828,2026-09-23T07:48,86400.580000,0.316700,0.000000,2026-09-23,,,,,
29835829,2026-09-23T07:49,86400.580000,0.316700,0.000000,2026-09-23,,,,,
29835830,2026-09-23T07:50,86400.580000,0.316700,0.000000,2026-09-23,,,,,
29835831,2026-09-23T07:51,86400.580000,0.316700,0.000000,2026-09-23,,,,,
29835832,2026-09-23T07:52,86400.580000,0.316700,0.000000,2026-09-23,,,,,
29835833,2026-09-23T07:53,86400.580000,0.316700,0.000000,2026-09-23,,,,,
29835834,2026-09-23T07:54,86400.580000,0.316700,0.000000,2026-09-23,,,,,
29835835,2026-09-23T07:55,86400.580000,0.316700,0.000000,2026-09-23,,,,,
29835836,2026-09-23T07:56,86400.580000,0.316700,0.000000,2026-09-23,,,,,
29835837,2026-09-23T07:57,86400.580000,0.316700,0.000000,2026-09-23,,,,,
29835838,2026-09-23T07:58,86400.580000,0.316700,0.000000,2026-09-23,,,,,
29835839,2026-09-23T07:59,86400.580000,0.316700,0.000000,2026-09-23,,,,,
29835840,2026-09-23T08:00,86400.580000,0.316700,0.000000,2026-09-23,,,,,
29835841,2026-09-23T08:01,86400.580000,0.316700,0.000000,2026-09-23,,,,,
29835842,2026-09-23T08:02,86400.580000,0.316700,0.000000,2026-09-23,,,,,
29835843,2026-09-23T08:03,86400.580000,0.316700,0.000000,2026-09-23,,,,,
29835844,2026-09-23T08:04,86400.580000,0.316700,0.000000,2026-09-23,,,,,
29835845,2026-09-23T08:05,86400.580000,0.316700,0.000000,2026-09-23,,,,,
29835846,2026-09-23T08:06,86400.580000,0.316700,0.000000,2026-09-23,,,,,
29835847,2026-09-23T08:07,86400.580000,0.316700,0.000000,2026-09-23,,,,,
29835848,2026-09-23T08:08,86400.580000,0.316700,0.000000,2026-09-23,,,,,
29835849,2026-09-23T08:09,86400.580000,0.316700,0.000000,2026-09-23,,,,,
29835850,2026-09-23T08:10,86400.580000,0.316700,0.000000,2026-09-23,,,,,
29835851,2026-09-23T08:11,86400.580000,0.316700,0.000000,2026-09-23,,,,,
29835852,2026-09-23T08:12,86400.580000,0.316700,0.000000,2026-09-23,,,,,
29835853,2026-09-23T08:13,86400.580000,0.316700,0.000000,2026-09-23,,,,,
29835854,2026-09-23T08:14,86400.580000,0.316700,0.000000,2026-09-23,,,,,
29835855,2026-09-23T08:15,86400.580000,0.316700,0.000000,2026-09-23,,,,,
29835856,2026-09-23T08:16,86400.580000,0.316700,0.000000,2026-09-23,,,,,
29835857,2026-09-23T08:17,86400.580000,0.316700,0.000000,2026-09-23,,,,,
29835858,2026-09-23T08:18,86400.580000,0.316700,0.000000,2026-09-23,,,,,
29835859,2026-09-23T08:19,86400.580000,0.316700,0.000000,2026-09-23,,,,,
29835860,2026-09-23T08:20,86400.580000,0.316700,0.000000,2026-09-23,,,,,
29835861,2026-09-23T08:21,86400.580000,0.316700,0.000000,2026-09-23,,,,,
29835862,2026-09-23T08:22,86400.580000,0.316700,0.000000,2026-09-23,,,,,
29835863,2026-09-23T08:23,86400.580000,0.316700,0.000000,2026-09-23,,,,,
29835864,2026-09-23T08:24,86400.580000,0.316700,0.000000,2026-09-23,,,,,
29835865,2026-09-23T08:25,86400.580000,0.316700,0.000000,2026-09-23,,,,,
29835866,2026-09-23T08:26,86400.580000,0.316700,0.000000,2026-09-23,,,,,
29835867,2026-09-23T08:27,86400.580000,0.316700,0.000000,2026-09-23,,,,,
29835868,2026-09-23T08:28,86400.580000,0.316700,0.000000,2026-09-23,,,,,
29835869,2026-09-23T08:29,86400.580000,0.316700,0.000000,2026-09-23,,,,,
29835870,2026-09-23T08:30,86400.580000,0.316700,0.000000,2026-09-23,,,,,
29835871,2026-09-23T08:31,86400.580000,0.316700,0.000000,2026-09-23,,,,,
29835872,2026-09-23T08:32,86400.580000,0.316700,0.000000,2026-09-23,,,,,
29835873,2026-09-23T08:33,86400.580000,0.316700,0.000000,2026-09-23,,,,,
29835874,2026-09-23T08:34,86400.580000,0.316700,0.000000,2026-09-23,,,,,
29835875,2026-09-23T08:35,86400.580000,0.316700,0.000000,2026-09-23,,,,,
29835876,2026-09-23T08:36,86400.580000,0.316700,0.000000,2026-09-23,,,,,
29835877,2026-09-23T08:37,86400.580000,0.316700,0.000000,2026-09-23,,,,,
29835878,2026-09-23T08:38,86400.580000,0.316700,0.000000,2026-09-23,,,,,
29835879,2026-09-23T08:39,86400.580000,0.316700,0.000000,2026-09-23,,,,,
29835880,2026-09-23T08:40,86400.580000,0.316700,0.000000,2026-09-23,,,,,
29835881,2026-09-23T08:41,86195.300000,0.081900,0.000000,2026-09-23,5.000000,0.000749,0.999653,86195.310000,86195.290000
29835882,2026-09-23T08:42,86195.300000,0.081900,0.999306,2026-09-23,,,,,
29835883,2026-09-23T08:43,86195.300000,0.081900,0.000000,2026-09-23,,,,,
29835884,2026-09-23T08:44,86195.300000,0.081900,0.000000,2026-09-23,,,,,
29835885,2026-09-23T08:45,86195.300000,0.081900,0.000000,2026-09-23,,,,,
29835886,2026-09-23T08:46,86195.300000,0.081900,0.000000,2026-09-23,,,,,
29835887,2026-09-23T08:47,86195.300000,0.081900,0.000000,2026-09-23,,,,,
29835888,2026-09-23T08:48,86195.300000,0.081900,0.000000,2026-09-23,,,,,
29835889,2026-09-23T08:49,86195.300000,0.081900,0.000000,2026-09-23,,,,,
29835890,2026-09-23T08:50,86195.300000,0.081900,0.000000,2026-09-23,,,,,
29835891,2026-09-23T08:51,86195.300000,0.081900,0.000000,2026-09-23,,,,,
29835892,2026-09-23T08:52,86195.300000,0.081900,0.000000,2026-09-23,,,,,
29835893,2026-09-23T08:53,86195.300000,0.081900,0.000000,2026-09-23,,,,,
29835894,2026-09-23T08:54,86195.300000,0.081900,0.000000,2026-09-23,,,,,
29835895,2026-09-23T08:55,86195.300000,0.081900,0.000000,2026-09-23,,,,,
29835896,2026-09-23T08:56,86195.300000,0.081900,0.000000,2026-09-23,,,,,
29835897,2026-09-23T08:57,86195.300000,0.081900,0.000000,2026-09-23,,,,,
29835898,2026-09-23T08:58,86195.300000,0.081900,0.000000,2026-09-23,,,,,
29835899,2026-09-23T08:59,86195.300000,0.081900,0.000000,2026-09-23,,,,,
29835900,2026-09-23T09:00,86195.300000,0.081900,0.000000,2026-09-23,,,,,
29835901,2026-09-23T09:01,86195.300000,0.081900,0.000000,2026-09-23,,,,,
29835902,2026-09-23T09:02,86195.300000,0.081900,0.000000,2026-09-23,,,,,
29835903,2026-09-23T09:03,86195.300000,0.081900,0.000000,2026-09-23,,,,,
29835904,2026-09-23T09:04,86195.300000,0.081900,0.000000,2026-09-23,,,,,
29835905,2026-09-23T09:05,86195.300000,0.081900,0.000000,2026-09-23,,,,,
29835906,2026-09-23T09:06,86195.300000,0.081900,0.000000,2026-09-23,,,,,
29835907,2026-09-23T09:07,86195.300000,0.081900,0.000000,2026-09-23,,,,,
29835908,2026-09-23T09:08,86195.300000,0.081900,0.000000,2026-09-23,,,,,
29835909,2026-09-23T09:09,86195.300000,0.081900,0.000000,2026-09-23,,,,,
29835910,2026-09-23T09:10,86195.300000,0.081900,0.000000,2026-09-23,,,,,
29835911,2026-09-23T09:11,86195.300000,0.081900,0.000000,2026-09-23,,,,,
29835912,2026-09-23T09:12,86195.300000,0.081900,0.000000,2026-09-23,,,,,
29835913,2026-09-23T09:13,86195.300000,0.081900,0.000000,2026-09-23,,,,,
29835914,2026-09-23T09:14,86195.300000,0.081900,0.000000,2026-09-23,,,,,
29835915,2026-09-23T09:15,86195.300000,0.081900,0.000000,2026-09-23,,,,,
29835916,2026-09-23T09:16,86195.300000,0.081900,0.000000,2026-09-23,,,,,
29835917,2026-09-23T09:17,86195.300000,0.081900,0.000000,2026-09-23,,,,,
29835918,2026-09-23T09:18,86195.300000,0.081900,0.000000,2026-09-23,,,,,
29835919,2026-09-23T09:19,86195.300000,0.081900,0.000000,2026-09-23,,,,,
29835920,2026-09-23T09:20,86195.300000,0.081900,0.000000,2026-09-23,,,,,
29835921,2026-09-23T09:21,86195.300000,0.081900,0.000000,2026-09-23,,,,,
29835922,2026-09-23T09:22,86195.300000,0.081900,0.000000,2026-09-23,,,,,
29835923,2026-09-23T09:23,86195.300000,0.081900,0.000000,2026-09-23,,,,,
29835924,2026-09-23T09:24,86195.300000,0.081900,0.000000,2026-09-23,,,,,
29835925,2026-09-23T09:25,86195.300000,0.081900,0.000000,2026-09-23,,,,,
29835926,2026-09-23T09:26,86195.300000,0.081900,0.000000,2026-09-23,,,,,
29835927,2026-09-23T09:27,86195.300000,0.081900,0.000000,2026-09-23,,,,,
29835928,2026-09-23T09:28,86195.300000,0.081900,0.000000,2026-09-23,,,,,
29835929,2026-09-23T09:29,86195.300000,0.081900,0.000000,2026-09-23,,,,,
29835930,2026-09-23T09:30,86195.300000,0.081900,0.000000,2026-09-23,,,,,
29835931,2026-09-23T09:31,86195.300000,0.081900,0.000000,2026-09-23,,,,,
29835932,2026-09-23T09:32,86195.300000,0.081900,0.000000,2026-09-23,,,,,
29835933,2026-09-23T09:33,86195.300000,0.081900,0.000000,2026-09-23,,,,,
29835934,2026-09-23T09:34,86195.300000,0.081900,0.000000,2026-09-23,,,,,
29835935,2026-09-23T09:35,86195.300000,0.081900,0.000000,2026-09-23,,,,,
29835936,2026-09-23T09:36,86195.300000,0.081900,0.000000,2026-09-23,,,,,
29835937,2026-09-23T09:37,86195.300000,0.081900,0.000000,2026-09-23,,,,,
29835938,2026-09-23T09:38,86195.300000,0.081900,0.000000,2026-09-23,,,,,
29835939,2026-09-23T09:39,86195.300000,0.081900,0.000000,2026-09-23,,,,,
29835940,2026-09-23T09:40,86195.300000,0.081900,0.000000,2026-09-23,,,,,
29835941,2026-09-23T09:41,86195.300000,0.081900,0.000000,2026-09-23,,,,,
29835942,2026-09-23T09:42,86195.300000,0.081900,0.000000,2026-09-23,,,,,
29835943,2026-09-23T09:43,86195.300000,0.081900,0.000000,2026-09-23,,,,,
29835944,2026-09-23T09:44,86195.300000,0.081900,0.000000,2026-09-23,,,,,
29835945,2026-09-23T09:45,86195.300000,0.081900,0.000000,2026-09-23,,,,,
29835946,2026-09-23T09:46,86195.300000,0.081900,0.000000,2026-09-23,,,,,
29835947,2026-09-23T09:47,86195.300000,0.081900,0.000000,2026-09-23,,,,,
29835948,2026-09-23T09:48,86195.300000,0.081900,0.000000,2026-09-23,,,,,
29835949,2026-09-23T09:49,86195.300000,0.081900,0.000000,2026-09-23,,,,,
29835950,2026-09-23T09:50,86195.300000,0.081900,0.000000,2026-09-23,,,,,
29835951,2026-09-23T09:51,86195.300000,0.081900,0.000000,2026-09-23,,,,,
29835952,2026-09-23T09:52,86195.300000,0.081900,0.000000,2026-09-23,,,,,
29835953,2026-09-23T09:53,86195.300000,0.081900,0.000000,2026-09-23,,,,,
29835954,2026-09-23T09:54,86195.300000,0.081900,0.000000,2026-09-23,,,,,
29835955,2026-09-23T09:55,86195.300000,0.081900,0.000000,2026-09-23,,,,,
29835956,2026-09-23T09:56,86195.300000,0.081900,0.000000,2026-09-23,,,,,
29835957,2026-09-23T09:57,86195.300000,0.081900,0.000000,2026-09-23,,,,,
29835958,2026-09-23T09:58,86195.300000,0.081900,0.000000,2026-09-23,,,,,
29835959,2026-09-23T09:59,86195.300000,0.081900,0.000000,2026-09-23,,,,,
29835960,2026-09-23T10:00,86195.300000,0.081900,0.000000,2026-09-23,,,,,
29835961,2026-09-23T10:01,86195.300000,0.081900,0.000000,2026-09-23,,,,,
29835962,2026-09-23T10:02,86195.300000,0.081900,0.000000,2026-09-23,,,,,
29835963,2026-09-23T10:03,86195.300000,0.081900,0.000000,2026-09-23,,,,,
29835964,2026-09-23T10:04,86195.300000,0.081900,0.000000,2026-09-23,,,,,
29835965,2026-09-23T10:05,86195.300000,0.081900,0.000000,2026-09-23,,,,,
29835966,2026-09-23T10:06,86195.300000,0.081900,0.000000,2026-09-23,,,,,
29835967,2026-09-23T10:07,86195.300000,0.081900,0.000000,2026-09-23,,,,,
29835968,2026-09-23T10:08,86195.300000,0.081900,0.000000,2026-09-23,,,,,
29835969,2026-09-23T10:09,86195.300000,0.081900,0.000000,2026-09-23,,,,,
29835970,2026-09-23T10:10,86195.300000,0.081900,0.000000,2026-09-23,,,,,
29835971,2026-09-23T10:11,86195.300000,0.081900,0.000000,2026-09-23,,,,,
29835972,2026-09-23T10:12,86195.300000,0.081900,0.000000,2026-09-23,,,,,
29835973,2026-09-23T10:13,86195.300000,0.081900,0.000000,2026-09-23,,,,,
29835974,2026-09-23T10:14,86195.300000,0.081900,0.000000,2026-09-23,,,,,
29835975,2026-09-23T10:15,86195.300000,0.081900,0.000000,2026-09-23,,,,,
29835976,2026-09-23T10:16,86195.300000,0.081900,0.000000,2026-09-23,,,,,
29835977,2026-09-23T10:17,86195.300000,0.081900,0.000000,2026-09-23,,,,,
29835978,2026-09-23T10:18,86195.300000,0.081900,0.000000,2026-09-23,,,,,
29835979,2026-09-23T10:19,86195.300000,0.081900,0.000000,2026-09-23,,,,,
29835980,2026-09-23T10:20,86195.300000,0.081900,0.000000,2026-09-23,,,,,
29835981,2026-09-23T10:21,86195.300000,0.081900,0.000000,2026-09-23,,,,,
29835982,2026-09-23T10:22,86195.300000,0.081900,0.000000,2026-09-23,,,,,
29835983,2026-09-23T10:23,86195.300000,0.081900,0.000000,2026-09-23,,,,,
29835984,2026-09-23T10:24,86195.300000,0.081900,0.000000,2026-09-23,,,,,
29835985,2026-09-23T10:25,86195.300000,0.081900,0.000000,2026-09-23,,,,,
29835986,2026-09-23T10:26,86195.300000,0.081900,0.000000,2026-09-23,,,,,
29835987,2026-09-23T10:27,86195.300000,0.081900,0.000000,2026-09-23,,,,,
29835988,2026-09-23T10:28,86195.300000,0.081900,0.000000,2026-09-23,,,,,
29835989,2026-09-23T10:29,86195.300000,0.081900,0.000000,2026-09-23,,,,,
29835990,2026-09-23T10:30,85859.330000,-0.271400,0.000000,2026-09-23,12.000000,0.074089,0.001024,85859.340000,85858.090000
29835991,2026-09-23T10:31,85859.330000,-0.271400,-0.997952,2026-09-23,,,,,
29835992,2026-09-23T10:32,85859.330000,-0.271400,0.000000,2026-09-23,,,,,
29835993,2026-09-23T10:33,85859.330000,-0.271400,0.000000,2026-09-23,,,,,
29835994,2026-09-23T10:34,85859.330000,-0.271400,0.000000,2026-09-23,,,,,
29835995,2026-09-23T10:35,85859.330000,-0.271400,0.000000,2026-09-23,,,,,
29835996,2026-09-23T10:36,85859.330000,-0.271400,0.000000,2026-09-23,,,,,
29835997,2026-09-23T10:37,85859.330000,-0.271400,0.000000,2026-09-23,,,,,
29835998,2026-09-23T10:38,85859.330000,-0.271400,0.000000,2026-09-23,,,,,
29835999,2026-09-23T10:39,85859.330000,-0.271400,0.000000,2026-09-23,,,,,
29836000,2026-09-23T10:40,85859.330000,-0.271400,0.000000,2026-09-23,,,,,
29836001,2026-09-23T10:41,85859.330000,-0.271400,0.000000,2026-09-23,,,,,
29836002,2026-09-23T10:42,85859.330000,-0.271400,0.000000,2026-09-23,,,,,
29836003,2026-09-23T10:43,85859.330000,-0.370700,0.000000,2026-09-23,,,,,
29836004,2026-09-23T10:44,85859.330000,-0.370700,0.000000,2026-09-23,,,,,
29836005,2026-09-23T10:45,85859.330000,-0.370700,0.000000,2026-09-23,,,,,
29836006,2026-09-23T10:46,85859.330000,-0.370700,0.000000,2026-09-23,,,,,
29836007,2026-09-23T10:47,85859.330000,-0.370700,0.000000,2026-09-23,,,,,
29836008,2026-09-23T10:48,85859.330000,-0.370700,0.000000,2026-09-23,,,,,
29836009,2026-09-23T10:49,85859.330000,-0.370700,0.000000,2026-09-23,,,,,
29836010,2026-09-23T10:50,85859.330000,-0.370700,0.000000,2026-09-23,,,,,
29836011,2026-09-23T10:51,85859.330000,-0.370700,0.000000,2026-09-23,,,,,
29836012,2026-09-23T10:52,85859.330000,-0.370700,0.000000,2026-09-23,,,,,
29836013,2026-09-23T10:53,85859.330000,-0.370700,0.000000,2026-09-23,,,,,
29836014,2026-09-23T10:54,85859.330000,-0.370700,0.000000,2026-09-23,,,,,
29836015,2026-09-23T10:55,85859.330000,-0.370700,0.000000,2026-09-23,,,,,
29836016,2026-09-23T10:56,85859.330000,-0.370700,0.000000,2026-09-23,,,,,
29836017,2026-09-23T10:57,85859.330000,-0.370700,0.000000,2026-09-23,,,,,
29836018,2026-09-23T10:58,85859.330000,-0.370700,0.000000,2026-09-23,,,,,
29836019,2026-09-23T10:59,85859.330000,-0.370700,0.000000,2026-09-23,,,,,
29836020,2026-09-23T11:00,85859.330000,-0.370700,0.000000,2026-09-23,,,,,
29836021,2026-09-23T11:01,85859.330000,-0.370700,0.000000,2026-09-23,,,,,
29836022,2026-09-23T11:02,85859.330000,-0.370700,0.000000,2026-09-23,,,,,
29836023,2026-09-23T11:03,85859.330000,-0.370700,0.000000,2026-09-23,,,,,
29836024,2026-09-23T11:04,85859.330000,-0.370700,0.000000,2026-09-23,,,,,
29836025,2026-09-23T11:05,85859.330000,-0.370700,0.000000,2026-09-23,,,,,
29836026,2026-09-23T11:06,85859.330000,-0.370700,0.000000,2026-09-23,,,,,
29836027,2026-09-23T11:07,85859.330000,-0.370700,0.000000,2026-09-23,,,,,
29836028,2026-09-23T11:08,85859.330000,-0.370700,0.000000,2026-09-23,,,,,
29836029,2026-09-23T11:09,85859.330000,-0.370700,0.000000,2026-09-23,,,,,
29836030,2026-09-23T11:10,85859.330000,-0.370700,0.000000,2026-09-23,,,,,
29836031,2026-09-23T11:11,85859.330000,-0.370700,0.000000,2026-09-23,,,,,
29836032,2026-09-23T11:12,85859.330000,-0.370700,0.000000,2026-09-23,,,,,
29836033,2026-09-23T11:13,85859.330000,-0.370700,0.000000,2026-09-23,,,,,
29836034,2026-09-23T11:14,85859.330000,-0.370700,0.000000,2026-09-23,,,,,
29836035,2026-09-23T11:15,85734.670000,0.544300,0.000000,2026-09-23,12.000000,0.024760,0.000000,85734.670000,85734.670000
29836036,2026-09-23T11:16,85734.670000,0.544300,-1.000000,2026-09-23,,,,,
29836037,2026-09-23T11:17,85734.670000,0.544300,0.000000,2026-09-23,,,,,
29836038,2026-09-23T11:18,85734.670000,0.544300,0.000000,2026-09-23,,,,,
29836039,2026-09-23T11:19,85734.670000,0.544300,0.000000,2026-09-23,,,,,
29836040,2026-09-23T11:20,85734.670000,0.544300,0.000000,2026-09-23,,,,,
29836041,2026-09-23T11:21,85734.670000,0.544300,0.000000,2026-09-23,,,,,
29836042,2026-09-23T11:22,85734.670000,0.544300,0.000000,2026-09-23,,,,,
29836043,2026-09-23T11:23,85734.670000,0.544300,0.000000,2026-09-23,,,,,
29836044,2026-09-23T11:24,85734.670000,0.544300,0.000000,2026-09-23,,,,,
29836045,2026-09-23T11:25,85734.670000,0.544300,0.000000,2026-09-23,,,,,
29836046,2026-09-23T11:26,85734.670000,0.544300,0.000000,2026-09-23,,,,,
29836047,2026-09-23T11:27,85734.670000,0.544300,0.000000,2026-09-23,,,,,
29836048,2026-09-23T11:28,85734.670000,0.544300,0.000000,2026-09-23,,,,,
29836049,2026-09-23T11:29,85734.670000,0.544300,0.000000,2026-09-23,,,,,
29836050,2026-09-23T11:30,85734.670000,0.544300,0.000000,2026-09-23,,,,,
29836051,2026-09-23T11:31,85734.670000,0.544300,0.000000,2026-09-23,,,,,
29836052,2026-09-23T11:32,85587.600000,-0.300500,0.000000,2026-09-23,9.000000,0.291074,0.998536,85587.590000,85579.990000
29836053,2026-09-23T11:33,85587.600000,-0.300500,0.997072,2026-09-23,,,,,
29836054,2026-09-23T11:34,85587.600000,-0.300500,0.000000,2026-09-23,,,,,
29836055,2026-09-23T11:35,85587.600000,-0.300500,0.000000,2026-09-23,,,,,
29836056,2026-09-23T11:36,85587.600000,-0.300500,0.000000,2026-09-23,,,,,
29836057,2026-09-23T11:37,85587.600000,-0.300500,0.000000,2026-09-23,,,,,
29836058,2026-09-23T11:38,85587.600000,-0.300500,0.000000,2026-09-23,,,,,
29836059,2026-09-23T11:39,85587.600000,-0.300500,0.000000,2026-09-23,,,,,
29836060,2026-09-23T11:40,85587.600000,-0.300500,0.000000,2026-09-23,,,,,
29836061,2026-09-23T11:41,85587.600000,-0.300500,0.000000,2026-09-23,,,,,
29836062,2026-09-23T11:42,85587.600000,-0.300500,0.000000,2026-09-23,,,,,
29836063,2026-09-23T11:43,85587.600000,-0.300500,0.000000,2026-09-23,,,,,
29836064,2026-09-23T11:44,85587.600000,-0.320500,0.000000,2026-09-23,,,,,
29836065,2026-09-23T11:45,85587.600000,-0.320500,0.000000,2026-09-23,,,,,
29836066,2026-09-23T11:46,85587.600000,-0.320500,0.000000,2026-09-23,,,,,
29836067,2026-09-23T11:47,85587.600000,-0.320500,0.000000,2026-09-23,,,,,
29836068,2026-09-23T11:48,85587.600000,-0.320500,0.000000,2026-09-23,,,,,
29836069,2026-09-23T11:49,85587.600000,-0.320500,0.000000,2026-09-23,,,,,
29836070,2026-09-23T11:50,85587.600000,-0.320500,0.000000,2026-09-23,,,,,
29836071,2026-09-23T11:51,85587.600000,-0.320500,0.000000,2026-09-23,,,,,
29836072,2026-09-23T11:52,85587.600000,-0.320500,0.000000,2026-09-23,,,,,
29836073,2026-09-23T11:53,85587.600000,-0.320500,0.000000,2026-09-23,,,,,
29836074,2026-09-23T11:54,85587.600000,-0.320500,0.000000,2026-09-23,,,,,
29836075,2026-09-23T11:55,85587.600000,-0.320500,0.000000,2026-09-23,,,,,
29836076,2026-09-23T11:56,85587.600000,-0.320500,0.000000,2026-09-23,,,,,
29836077,2026-09-23T11:57,85587.600000,-0.320500,0.000000,2026-09-23,,,,,
29836078,2026-09-23T11:58,85587.600000,-0.320500,0.000000,2026-09-23,,,,,
29836079,2026-09-23T11:59,85587.600000,-0.320500,0.000000,2026-09-23,,,,,
29836080,2026-09-23T12:00,85587.600000,-0.320500,0.000000,2026-09-23,1.000000,0.000362,0.000000,85655.490000,85655.490000
29836081,2026-09-23T12:01,85587.600000,-0.320500,-1.000000,2026-09-23,,,,,
29836082,2026-09-23T12:02,85587.600000,-0.320500,0.000000,2026-09-23,,,,,
29836083,2026-09-23T12:03,85587.600000,-0.320500,0.000000,2026-09-23,,,,,
29836084,2026-09-23T12:04,85587.600000,-0.320500,0.000000,2026-09-23,,,,,
29836085,2026-09-23T12:05,85587.600000,-0.320500,0.000000,2026-09-23,,,,,
29836086,2026-09-23T12:06,85587.600000,-0.320500,0.000000,2026-09-23,,,,,
29836087,2026-09-23T12:07,85587.600000,-0.320500,0.000000,2026-09-23,,,,,
29836088,2026-09-23T12:08,85587.600000,-0.320500,0.000000,2026-09-23,,,,,
29836089,2026-09-23T12:09,85587.600000,-0.320500,0.000000,2026-09-23,,,,,
29836090,2026-09-23T12:10,85587.600000,-0.320500,0.000000,2026-09-23,,,,,
29836091,2026-09-23T12:11,85587.600000,-0.320500,0.000000,2026-09-23,,,,,
29836092,2026-09-23T12:12,85587.600000,-0.320500,0.000000,2026-09-23,,,,,
29836093,2026-09-23T12:13,85587.600000,-0.320500,0.000000,2026-09-23,,,,,
29836094,2026-09-23T12:14,85587.600000,-0.320500,0.000000,2026-09-23,,,,,
29836095,2026-09-23T12:15,85587.600000,-0.320500,0.000000,2026-09-23,,,,,
29836096,2026-09-23T12:16,85587.600000,-0.320500,0.000000,2026-09-23,,,,,
29836097,2026-09-23T12:17,85587.600000,-0.320500,0.000000,2026-09-23,,,,,
29836098,2026-09-23T12:18,85587.600000,-0.320500,0.000000,2026-09-23,,,,,
29836099,2026-09-23T12:19,85587.600000,-0.320500,0.000000,2026-09-23,,,,,
29836100,2026-09-23T12:20,85587.600000,-0.320500,0.000000,2026-09-23,,,,,
29836101,2026-09-23T12:21,85587.600000,-0.320500,0.000000,2026-09-23,,,,,
29836102,2026-09-23T12:22,85587.600000,-0.320500,0.000000,2026-09-23,,,,,
29836103,2026-09-23T12:23,85587.600000,-0.320500,0.000000,2026-09-23,,,,,
29836104,2026-09-23T12:24,85587.600000,-0.320500,0.000000,2026-09-23,,,,,
29836105,2026-09-23T12:25,85587.600000,-0.320500,0.000000,2026-09-23,,,,,
29836106,2026-09-23T12:26,85587.600000,-0.320500,0.000000,2026-09-23,,,,,
29836107,2026-09-23T12:27,85587.600000,-0.320500,0.000000,2026-09-23,,,,,
29836108,2026-09-23T12:28,85587.600000,-0.320500,0.000000,2026-09-23,,,,,
29836109,2026-09-23T12:29,85587.600000,-0.320500,0.000000,2026-09-23,,,,,
29836110,2026-09-23T12:30,85587.600000,-0.320500,0.000000,2026-09-23,,,,,
29836111,2026-09-23T12:31,85587.600000,-0.320500,0.000000,2026-09-23,,,,,
29836112,2026-09-23T12:32,85587.600000,-0.320500,0.000000,2026-09-23,,,,,
29836113,2026-09-23T12:33,85587.600000,-0.320500,0.000000,2026-09-23,,,,,
29836114,2026-09-23T12:34,85587.600000,-0.320500,0.000000,2026-09-23,,,,,
29836115,2026-09-23T12:35,85587.600000,-0.320500,0.000000,2026-09-23,,,,,
29836116,2026-09-23T12:36,85587.600000,-0.320500,0.000000,2026-09-23,,,,,
29836117,2026-09-23T12:37,85587.600000,-0.320500,0.000000,2026-09-23,,,,,
29836118,2026-09-23T12:38,85587.600000,-0.320500,0.000000,2026-09-23,,,,,
29836119,2026-09-23T12:39,85587.600000,-0.320500,0.000000,2026-09-23,,,,,
29836120,2026-09-23T12:40,85587.600000,-0.320500,0.000000,2026-09-23,,,,,
29836121,2026-09-23T12:41,85587.600000,-0.320500,0.000000,2026-09-23,,,,,
29836122,2026-09-23T12:42,85587.600000,-0.320500,0.000000,2026-09-23,,,,,
29836123,2026-09-23T12:43,85587.600000,-0.320500,0.000000,2026-09-23,,,,,
29836124,2026-09-23T12:44,85587.600000,-0.320500,0.000000,2026-09-23,,,,,
29836125,2026-09-23T12:45,85587.600000,-0.320500,0.000000,2026-09-23,,,,,
29836126,2026-09-23T12:46,85587.600000,-0.320500,0.000000,2026-09-23,,,,,
29836127,2026-09-23T12:47,85587.600000,-0.320500,0.000000,2026-09-23,,,,,
29836128,2026-09-23T12:48,85587.600000,-0.320500,0.000000,2026-09-23,,,,,
29836129,2026-09-23T12:49,85587.600000,-0.320500,0.000000,2026-09-23,,,,,
29836130,2026-09-23T12:50,85587.600000,-0.320500,0.000000,2026-09-23,,,,,
29836131,2026-09-23T12:51,85587.600000,-0.320500,0.000000,2026-09-23,,,,,
29836132,2026-09-23T12:52,85587.600000,-0.320500,0.000000,2026-09-23,,,,,
29836133,2026-09-23T12:53,85587.600000,-0.320500,0.000000,2026-09-23,,,,,
29836134,2026-09-23T12:54,85587.600000,-0.320500,0.000000,2026-09-23,,,,,
29836135,2026-09-23T12:55,85587.600000,-0.320500,0.000000,2026-09-23,,,,,
29836136,2026-09-23T12:56,85587.600000,-0.320500,0.000000,2026-09-23,,,,,
29836137,2026-09-23T12:57,85587.600000,-0.320500,0.000000,2026-09-23,,,,,
29836138,2026-09-23T12:58,85587.600000,-0.320500,0.000000,2026-09-23,,,,,
29836139,2026-09-23T12:59,85587.600000,-0.320500,0.000000,2026-09-23,,,,,
29836140,2026-09-23T13:00,85587.600000,-0.320500,0.000000,2026-09-23,,,,,
29836141,2026-09-23T13:01,85587.600000,-0.320500,0.000000,2026-09-23,,,,,
29836142,2026-09-23T13:02,85433.430000,0.810500,0.000000,2026-09-23,10.000000,2.384075,0.000456,85433.430000,85427.120000
29836143,2026-09-23T13:03,85433.430000,0.810500,-0.999089,2026-09-23,,,,,
29836144,2026-09-23T13:04,85433.430000,0.810500,0.000000,2026-09-23,,,,,
29836145,2026-09-23T13:05,85433.430000,0.810500,0.000000,2026-09-23,,,,,
29836146,2026-09-23T13:06,85433.430000,0.810500,0.000000,2026-09-23,,,,,
29836147,2026-09-23T13:07,85433.430000,0.810500,0.000000,2026-09-23,,,,,
29836148,2026-09-23T13:08,85433.430000,0.810500,0.000000,2026-09-23,,,,,
29836149,2026-09-23T13:09,85433.430000,0.810500,0.000000,2026-09-23,,,,,
29836150,2026-09-23T13:10,85433.430000,0.810500,0.000000,2026-09-23,,,,,
29836151,2026-09-23T13:11,85433.430000,0.810500,0.000000,2026-09-23,,,,,
29836152,2026-09-23T13:12,85433.430000,0.810500,0.000000,2026-09-23,,,,,
29836153,2026-09-23T13:13,85433.430000,0.810500,0.000000,2026-09-23,,,,,
29836154,2026-09-23T13:14,85433.430000,0.810500,0.000000,2026-09-23,,,,,
29836155,2026-09-23T13:15,85433.430000,0.810500,0.000000,2026-09-23,,,,,
29836156,2026-09-23T13:16,85433.430000,0.810500,0.000000,2026-09-23,,,,,
29836157,2026-09-23T13:17,85433.430000,0.810500,0.000000,2026-09-23,,,,,
29836158,2026-09-23T13:18,85433.430000,0.810500,0.000000,2026-09-23,,,,,
29836159,2026-09-23T13:19,85433.430000,0.810500,0.000000,2026-09-23,,,,,
29836160,2026-09-23T13:20,85439.540000,-0.221200,0.000000,2026-09-23,36.000000,0.162229,0.333614,85439.760000,85429.480000
29836161,2026-09-23T13:21,85439.540000,-0.221200,-0.332772,2026-09-23,,,,,
29836162,2026-09-23T13:22,85439.540000,-0.221200,0.000000,2026-09-23,,,,,
29836163,2026-09-23T13:23,85439.540000,-0.221200,0.000000,2026-09-23,,,,,
29836164,2026-09-23T13:24,85439.540000,-0.221200,0.000000,2026-09-23,,,,,
29836165,2026-09-23T13:25,85439.540000,-0.221200,0.000000,2026-09-23,,,,,
29836166,2026-09-23T13:26,85439.540000,-0.221200,0.000000,2026-09-23,,,,,
29836167,2026-09-23T13:27,85439.540000,-0.221200,0.000000,2026-09-23,,,,,
29836168,2026-09-23T13:28,85439.540000,-0.221200,0.000000,2026-09-23,,,,,
29836169,2026-09-23T13:29,85439.540000,-0.221200,0.000000,2026-09-23,,,,,
29836170,2026-09-23T13:30,85439.540000,-0.221200,0.000000,2026-09-23,,,,,
29836171,2026-09-23T13:31,85439.540000,-0.221200,0.000000,2026-09-23,,,,,
29836172,2026-09-23T13:32,85439.540000,-0.221200,0.000000,2026-09-23,,,,,
29836173,2026-09-23T13:33,85439.540000,-0.221200,0.000000,2026-09-23,,,,,
29836174,2026-09-23T13:34,85439.540000,-0.221200,0.000000,2026-09-23,,,,,
29836175,2026-09-23T13:35,85439.540000,-0.221200,0.000000,2026-09-23,,,,,
29836176,2026-09-23T13:36,85587.580000,0.490900,0.000000,2026-09-23,114.000000,2.539688,0.749648,85611.700000,85582.010000
29836177,2026-09-23T13:37,85646.820000,0.698600,0.511828,2026-09-23,196.000000,7.728077,0.959924,85655.500000,85574.730000
29836178,2026-09-23T13:38,85646.820000,0.698600,0.919166,2026-09-23,,,,,
29836179,2026-09-23T13:39,85646.820000,0.698600,0.000000,2026-09-23,,,,,
29836180,2026-09-23T13:40,85646.820000,0.698600,0.000000,2026-09-23,,,,,
29836181,2026-09-23T13:41,85646.820000,0.698600,0.000000,2026-09-23,,,,,
29836182,2026-09-23T13:42,85646.820000,0.698600,0.000000,2026-09-23,,,,,
29836183,2026-09-23T13:43,85646.820000,0.698600,0.000000,2026-09-23,,,,,
29836184,2026-09-23T13:44,85646.820000,0.698600,0.000000,2026-09-23,,,,,
29836185,2026-09-23T13:45,85646.820000,0.698600,0.000000,2026-09-23,,,,,
29836186,2026-09-23T13:46,85650.600000,0.643400,0.000000,2026-09-23,,,,,
29836187,2026-09-23T13:47,85650.600000,0.643400,0.000000,2026-09-23,,,,,
29836188,2026-09-23T13:48,85650.600000,0.643400,0.000000,2026-09-23,,,,,
29836189,2026-09-23T13:49,85650.600000,0.643400,0.000000,2026-09-23,,,,,
29836190,2026-09-23T13:50,85650.600000,0.643400,0.000000,2026-09-23,,,,,
29836191,2026-09-23T13:51,85650.600000,0.643400,0.000000,2026-09-23,,,,,
29836192,2026-09-23T13:52,85650.600000,0.643400,0.000000,2026-09-23,,,,,
29836193,2026-09-23T13:53,85650.600000,0.643400,0.000000,2026-09-23,,,,,
29836194,2026-09-23T13:54,85650.600000,0.643400,0.000000,2026-09-23,,,,,
29836195,2026-09-23T13:55,85650.600000,0.643400,0.000000,2026-09-23,,,,,
29836196,2026-09-23T13:56,85650.600000,0.643400,0.000000,2026-09-23,,,,,
29836197,2026-09-23T13:57,85650.600000,0.643400,0.000000,2026-09-23,,,,,
29836198,2026-09-23T13:58,85650.600000,0.643400,0.000000,2026-09-23,,,,,
29836199,2026-09-23T13:59,85650.600000,0.643400,0.000000,2026-09-23,,,,,
29836200,2026-09-23T14:00,85650.600000,0.643400,0.000000,2026-09-23,,,,,
29836201,2026-09-23T14:01,85650.600000,0.643400,0.000000,2026-09-23,,,,,
29836202,2026-09-23T14:02,85650.600000,0.643400,0.000000,2026-09-23,,,,,
29836203,2026-09-23T14:03,85650.600000,0.643400,0.000000,2026-09-23,,,,,
29836204,2026-09-23T14:04,85650.600000,0.643400,0.000000,2026-09-23,,,,,
29836205,2026-09-23T14:05,85650.600000,0.643400,0.000000,2026-09-23,,,,,
29836206,2026-09-23T14:06,85650.600000,0.643400,0.000000,2026-09-23,,,,,
29836207,2026-09-23T14:07,85650.600000,0.643400,0.000000,2026-09-23,,,,,
29836208,2026-09-23T14:08,85650.600000,0.643400,0.000000,2026-09-23,,,,,
29836209,2026-09-23T14:09,85650.600000,0.643400,0.000000,2026-09-23,,,,,
29836210,2026-09-23T14:10,85650.600000,0.643400,0.000000,2026-09-23,,,,,
29836211,2026-09-23T14:11,85650.600000,0.643400,0.000000,2026-09-23,,,,,
29836212,2026-09-23T14:12,85650.600000,0.643400,0.000000,2026-09-23,,,,,
29836213,2026-09-23T14:13,85650.600000,0.643400,0.000000,2026-09-23,,,,,
29836214,2026-09-23T14:14,85650.600000,0.643400,0.000000,2026-09-23,,,,,
29836215,2026-09-23T14:15,85650.600000,0.643400,0.000000,2026-09-23,,,,,
29836216,2026-09-23T14:16,85650.600000,0.643400,0.000000,2026-09-23,,,,,
29836217,2026-09-23T14:17,85650.600000,0.643400,0.000000,2026-09-23,,,,,
29836218,2026-09-23T14:18,85650.600000,0.643400,0.000000,2026-09-23,,,,,
29836219,2026-09-23T14:19,85650.600000,0.643400,0.000000,2026-09-23,,,,,
29836220,2026-09-23T14:20,85650.600000,0.643400,0.000000,2026-09-23,,,,,
29836221,2026-09-23T14:21,85650.600000,0.643400,0.000000,2026-09-23,,,,,
29836222,2026-09-23T14:22,85650.600000,0.643400,0.000000,2026-09-23,,,,,
29836223,2026-09-23T14:23,85650.600000,0.643400,0.000000,2026-09-23,,,,,
29836224,2026-09-23T14:24,85650.600000,0.643400,0.000000,2026-09-23,,,,,
29836225,2026-09-23T14:25,85650.600000,0.643400,0.000000,2026-09-23,,,,,
29836226,2026-09-23T14:26,85650.600000,0.643400,0.000000,2026-09-23,,,,,
29836227,2026-09-23T14:27,85650.600000,0.643400,0.000000,2026-09-23,,,,,
29836228,2026-09-23T14:28,85650.600000,0.643400,0.000000,2026-09-23,,,,,
29836229,2026-09-23T14:29,85650.600000,0.643400,0.000000,2026-09-23,,,,,
29836230,2026-09-23T14:30,85650.600000,0.643400,0.000000,2026-09-23,,,,,
29836231,2026-09-23T14:31,85650.600000,0.643400,0.000000,2026-09-23,,,,,
29836232,2026-09-23T14:32,85650.600000,0.643400,0.000000,2026-09-23,,,,,
29836233,2026-09-23T14:33,85650.600000,0.643400,0.000000,2026-09-23,,,,,
29836234,2026-09-23T14:34,85650.600000,0.643400,0.000000,2026-09-23,,,,,
29836235,2026-09-23T14:35,85650.600000,0.643400,0.000000,2026-09-23,,,,,
29836236,2026-09-23T14:36,85650.600000,0.643400,0.000000,2026-09-23,,,,,
29836237,2026-09-23T14:37,84391.460000,-0.215400,0.000000,2026-09-23,16.000000,0.185052,0.009599,84411.230000,84390.000000
29836238,2026-09-23T14:38,84391.460000,-0.215400,-0.980801,2026-09-23,,,,,
29836239,2026-09-23T14:39,84391.460000,-0.215400,0.000000,2026-09-23,,,,,
29836240,2026-09-23T14:40,84391.460000,-0.215400,0.000000,2026-09-23,,,,,
29836241,2026-09-23T14:41,84391.460000,-0.215400,0.000000,2026-09-23,,,,,
29836242,2026-09-23T14:42,84391.460000,-0.215400,0.000000,2026-09-23,,,,,
29836243,2026-09-23T14:43,84391.460000,-0.215400,0.000000,2026-09-23,,,,,
29836244,2026-09-23T14:44,84284.210000,0.327500,0.000000,2026-09-23,304.000000,3.348916,0.202393,84351.110000,84280.900000
29836245,2026-09-23T14:45,84341.240000,0.035800,-0.600226,2026-09-23,419.000000,4.480680,0.398473,84355.480000,84264.840000
29836246,2026-09-23T14:46,84210.170000,0.231700,-0.192282,2026-09-23,483.000000,6.910154,0.229435,84345.700000,84201.440000
29836247,2026-09-23T14:47,84210.610000,0.472200,-0.497102,2026-09-23,458.000000,5.160808,0.303913,84267.420000,84169.720000
29836248,2026-09-23T14:48,84275.420000,-0.247700,-0.452226,2026-09-23,382.000000,5.023912,0.215313,84286.020000,84194.560000
29836249,2026-09-23T14:49,84311.610000,-0.243000,-0.560596,2026-09-23,357.000000,3.957625,0.361217,84336.610000,84249.080000
29836250,2026-09-23T14:50,84210.510000,-0.119800,-0.279548,2026-09-23,345.000000,2.610160,0.533502,84378.830000,84210.510000
29836251,2026-09-23T14:51,84401.670000,-0.060500,0.178947,2026-09-23,655.000000,16.689693,0.809114,84499.990000,84210.520000
29836252,2026-09-23T14:52,84400.640000,-0.320500,0.609937,2026-09-23,399.000000,4.779693,0.389645,84414.060000,84325.360000
29836253,2026-09-23T14:53,84457.070000,-0.042000,-0.300182,2026-09-23,555.000000,13.019200,0.708904,84460.710000,84352.590000
29836254,2026-09-23T14:54,84538.430000,-0.460600,0.486187,2026-09-23,603.000000,25.054351,0.624266,84565.990000,84415.520000
29836255,2026-09-23T14:55,84524.570000,0.121800,0.253208,2026-09-23,660.000000,18.578486,0.705400,84566.350000,84454.160000
29836256,2026-09-23T14:56,84420.550000,-0.132900,0.405781,2026-09-23,474.000000,8.307467,0.763015,84535.540000,84391.640000
29836257,2026-09-23T14:57,84508.040000,-0.263600,0.526186,2026-09-23,448.000000,5.741767,0.792982,84544.990000,84402.380000
29836258,2026-09-23T14:58,84511.510000,-0.301000,0.585516,2026-09-23,402.000000,4.605531,0.693265,84542.040000,84479.920000
29836259,2026-09-23T14:59,84521.360000,-0.382900,0.391611,2026-09-23,419.000000,5.639643,0.435270,84530.380000,84460.000000
29836260,2026-09-23T15:00,84501.340000,0.186600,-0.408397,2026-09-23,592.000000,12.243330,0.338376,84530.360000,84431.190000
29836261,2026-09-23T15:01,84598.910000,0.466300,-0.133761,2026-09-23,590.000000,10.174843,0.836947,84600.000000,84499.090000
29836262,2026-09-23T15:02,84561.480000,-0.135800,0.671690,2026-09-23,473.000000,4.467013,0.690446,84609.290000,84561.470000
29836263,2026-09-23T15:03,84510.010000,-0.016800,0.405639,2026-09-23,516.000000,8.046927,0.658819,84573.310000,84501.710000
29836264,2026-09-23T15:04,84529.050000,0.007400,0.302561,2026-09-23,486.000000,7.133111,0.626674,84544.310000,84479.920000
29836265,2026-09-23T15:05,84535.010000,0.310000,0.245365,2026-09-23,501.000000,4.441385,0.478598,84589.040000,84504.450000
29836266,2026-09-23T15:06,84512.330000,0.429800,-0.047444,2026-09-23,428.000000,3.119222,0.578813,84541.860000,84505.680000
29836267,2026-09-23T15:07,84552.330000,0.073500,0.093449,2026-09-23,475.000000,6.143166,0.463703,84569.870000,84508.760000
29836268,2026-09-23T15:08,84653.540000,0.125000,0.718310,2026-09-23,778.000000,34.043881,0.688537,84698.870000,84553.160000
29836269,2026-09-23T15:09,84595.790000,0.213000,-0.182529,2026-09-23,555.000000,10.519501,0.367561,84703.990000,84587.570000
29836270,2026-09-23T15:10,84556.110000,0.431800,-0.267023,2026-09-23,488.000000,5.005783,0.539797,84623.650000,84551.000000
29836271,2026-09-23T15:11,84632.820000,0.695000,0.097202,2026-09-23,391.000000,3.720018,0.621228,84632.820000,84556.100000
29836272,2026-09-23T15:12,84640.120000,0.696700,0.221440,2026-09-23,491.000000,4.528968,0.788882,84671.100000,84602.410000
29836273,2026-09-23T15:13,84656.790000,0.424200,0.576455,2026-09-23,636.000000,6.213631,0.473622,84676.920000,84616.920000
29836274,2026-09-23T15:14,84631.010000,-0.214900,-0.051048,2026-09-23,502.000000,5.744014,0.409126,84662.040000,84621.600000
29836275,2026-09-23T15:15,84729.650000,0.340100,-0.182618,2026-09-23,643.000000,16.230190,0.866402,84746.510000,84613.550000
29836276,2026-09-23T15:16,84707.420000,0.722900,0.738034,2026-09-23,648.000000,11.743396,0.826795,84790.470000,84702.720000
29836277,2026-09-23T15:17,84674.340000,0.289100,0.653667,2026-09-23,511.000000,10.281718,0.617994,84710.540000,84606.050000
29836278,2026-09-23T15:18,84582.220000,0.256400,0.210785,2026-09-23,473.000000,12.386098,0.278086,84686.000000,84548.700000
29836279,2026-09-23T15:19,84606.640000,0.363300,-0.433656,2026-09-23,451.000000,8.342195,0.452457,84626.080000,84575.030000
29836280,2026-09-23T15:20,84597.240000,0.247100,-0.105314,2026-09-23,485.000000,12.471215,0.323489,84634.470000,84572.320000
29836281,2026-09-23T15:21,84559.460000,0.316500,-0.352689,2026-09-23,528.000000,6.110122,0.491451,84606.790000,84511.780000
29836282,2026-09-23T15:22,84621.580000,-0.193800,-0.011838,2026-09-23,484.000000,10.830570,0.739658,84639.110000,84559.460000
29836283,2026-09-23T15:23,84595.770000,0.317900,0.462699,2026-09-23,732.000000,10.303671,0.342171,84671.400000,84570.140000
29836284,2026-09-23T15:24,84561.010000,0.398100,-0.308627,2026-09-23,579.000000,6.947054,0.613596,84632.990000,84557.210000
29836285,2026-09-23T15:25,84583.360000,0.637700,0.262022,2026-09-23,776.000000,8.700851,0.696317,84608.720000,84551.010000
29836286,2026-09-23T15:26,84664.040000,0.667600,0.374384,2026-09-23,409.000000,4.598036,0.628839,84664.050000,84583.390000
29836287,2026-09-23T15:27,84630.900000,0.126300,0.242878,2026-09-23,763.000000,10.828511,0.281504,84698.380000,84604.590000
29836288,2026-09-23T15:28,84519.100000,0.421900,-0.451379,2026-09-23,510.000000,4.310861,0.370399,84633.050000,84515.000000
29836289,2026-09-23T15:29,84505.210000,0.249400,-0.204594,2026-09-23,400.000000,3.616481,0.641758,84543.240000,84492.800000
29836290,2026-09-23T15:30,84492.990000,0.650700,0.315041,2026-09-23,776.000000,20.786485,0.241539,84544.320000,84451.980000
29836291,2026-09-23T15:31,84418.960000,0.544900,-0.515884,2026-09-23,1008.000000,12.817836,0.621676,84498.860000,84418.950000
29836292,2026-09-23T15:32,84415.170000,0.248200,0.242963,2026-09-23,650.000000,10.276356,0.611215,84467.030000,84397.020000
29836293,2026-09-23T15:33,84427.430000,0.347400,0.227277,2026-09-23,526.000000,11.126065,0.275154,84434.870000,84373.150000
29836294,2026-09-23T15:34,84498.770000,0.338900,-0.461565,2026-09-23,468.000000,4.673188,0.523061,84501.920000,84422.450000
29836295,2026-09-23T15:35,84510.010000,0.283900,0.148130,2026-09-23,559.000000,10.101234,0.543424,84539.330000,84450.000000
29836296,2026-09-23T15:36,84431.350000,0.273400,0.049405,2026-09-23,460.000000,4.033681,0.764410,84512.830000,84421.990000
29836297,2026-09-23T15:37,84361.200000,0.414100,0.532965,2026-09-23,577.000000,14.350125,0.318277,84431.350000,84325.360000
29836298,2026-09-23T15:38,84355.930000,-0.232900,-0.356041,2026-09-23,461.000000,12.837054,0.751500,84379.650000,84329.020000
29836299,2026-09-23T15:39,84335.320000,0.588500,0.500638,2026-09-23,445.000000,5.296437,0.615346,84381.070000,84322.000000
29836300,2026-09-23T15:40,84323.790000,0.163200,0.218306,2026-09-23,465.000000,5.907987,0.561954,84337.300000,84300.000000
29836301,2026-09-23T15:41,84365.010000,-0.397400,0.218049,2026-09-23,464.000000,9.187241,0.668584,84395.170000,84290.000000
29836302,2026-09-23T15:42,84364.420000,0.078700,0.288134,2026-09-23,401.000000,4.372406,0.396138,84422.030000,84351.120000
29836303,2026-09-23T15:43,84332.570000,0.156400,-0.207742,2026-09-23,422.000000,3.741026,0.703522,84363.180000,84274.000000
29836304,2026-09-23T15:44,84286.550000,0.457700,0.407285,2026-09-23,384.000000,3.844777,0.476507,84350.000000,84273.840000
29836305,2026-09-23T15:45,84310.600000,0.575500,0.219246,2026-09-23,577.000000,9.823265,0.770874,84319.010000,84276.990000
29836306,2026-09-23T15:46,84302.860000,0.375500,0.490193,2026-09-23,395.000000,6.173058,0.752003,84340.780000,84273.840000
29836307,2026-09-23T15:47,84232.010000,0.311800,0.474688,2026-09-23,449.000000,6.337738,0.253473,84299.280000,84222.670000
29836308,2026-09-23T15:48,84233.020000,0.294600,-0.492323,2026-09-23,416.000000,4.115309,0.210614,84256.640000,84212.020000
29836309,2026-09-23T15:49,84264.910000,0.419300,-0.578531,2026-09-23,385.000000,9.914579,0.648110,84264.680000,84213.330000
29836310,2026-09-23T15:50,84255.540000,0.397000,0.295887,2026-09-23,440.000000,4.408168,0.493415,84290.570000,84235.200000
29836311,2026-09-23T15:51,84223.330000,0.413600,-0.042881,2026-09-23,389.000000,4.670336,0.287696,84255.540000,84176.850000
29836312,2026-09-23T15:52,84186.960000,0.689800,-0.406227,2026-09-23,437.000000,4.668663,0.563266,84268.370000,84176.850000
29836313,2026-09-23T15:53,84130.780000,0.466000,0.126537,2026-09-23,498.000000,3.870606,0.562770,84179.700000,84108.080000
29836314,2026-09-23T15:54,84054.300000,0.836800,0.125771,2026-09-23,569.000000,13.112955,0.307886,84169.210000,84050.000000
29836315,2026-09-23T15:55,84071.210000,0.864100,-0.407402,2026-09-23,630.000000,19.442344,0.223238,84183.670000,84034.300000
29836316,2026-09-23T15:56,84085.820000,0.429500,-0.521841,2026-09-23,575.000000,7.524434,0.600139,84125.530000,84027.780000
29836317,2026-09-23T15:57,84145.640000,0.482100,0.169729,2026-09-23,449.000000,6.042109,0.245714,84172.270000,84083.830000
29836318,2026-09-23T15:58,84035.670000,0.335500,-0.514430,2026-09-23,565.000000,15.691033,0.373922,84157.930000,84027.030000
29836319,2026-09-23T15:59,84004.330000,0.506900,-0.242407,2026-09-23,707.000000,25.884877,0.127537,84054.990000,83950.000000
29836320,2026-09-23T16:00,84022.330000,0.611700,-0.748964,2026-09-23,618.000000,6.346584,0.525639,84061.820000,83980.260000
29836321,2026-09-23T16:01,83729.980000,0.485300,0.043901,2026-09-23,1257.000000,36.583402,0.204102,84012.350000,83648.000000
29836322,2026-09-23T16:02,83616.040000,0.507100,-0.596759,2026-09-23,1219.000000,34.510829,0.362796,83718.060000,83513.000000
29836323,2026-09-23T16:03,83732.130000,-0.119900,-0.256831,2026-09-23,762.000000,10.545985,0.494923,83752.730000,83574.600000
29836324,2026-09-23T16:04,83910.300000,-0.279100,-0.014020,2026-09-23,728.000000,20.454757,0.738318,83926.080000,83720.360000
29836325,2026-09-23T16:05,84094.650000,-0.474600,0.472529,2026-09-23,697.000000,7.301390,0.502547,84124.500000,83890.010000
29836326,2026-09-23T16:06,84231.260000,-0.073800,-0.011858,2026-09-23,696.000000,15.321620,0.659652,84251.380000,84083.330000
29836327,2026-09-23T16:07,84260.070000,0.245300,0.334762,2026-09-23,244.000000,2.371630,0.493803,84275.590000,84217.750000
29836328,2026-09-23T16:08,84266.510000,0.480300,-0.072913,2026-09-23,817.000000,10.608094,0.412346,84300.000000,84222.320000
29836329,2026-09-23T16:09,84309.960000,0.180400,-0.188630,2026-09-23,439.000000,3.979951,0.553716,84320.190000,84262.030000
29836330,2026-09-23T16:10,84275.460000,0.067800,0.158279,2026-09-23,428.000000,5.181630,0.287790,84349.990000,84274.690000
29836331,2026-09-23T16:11,84304.420000,0.180000,-0.386704,2026-09-23,429.000000,4.470899,0.687949,84353.750000,84260.960000
29836332,2026-09-23T16:12,84291.010000,-0.096600,0.358278,2026-09-23,409.000000,4.300446,0.549975,84351.120000,84286.720000
29836333,2026-09-23T16:13,84300.540000,0.018400,0.099124,2026-09-23,415.000000,2.909999,0.398273,84301.490000,84239.550000
29836334,2026-09-23T16:14,84339.170000,0.533600,-0.202038,2026-09-23,397.000000,3.053413,0.659471,84340.000000,84298.220000
29836335,2026-09-23T16:15,84280.510000,-0.000900,0.306959,2026-09-23,496.000000,6.669859,0.347045,84339.180000,84274.360000
29836336,2026-09-23T16:16,84296.860000,0.335300,-0.302548,2026-09-23,443.000000,6.690754,0.483791,84332.940000,84273.840000
29836337,2026-09-23T16:17,84320.070000,0.535000,-0.034174,2026-09-23,374.000000,1.378679,0.728643,84349.990000,84296.860000
29836338,2026-09-23T16:18,84290.480000,-0.236100,0.466154,2026-09-23,397.000000,3.117575,0.492464,84340.370000,84286.740000
29836339,2026-09-23T16:19,84290.610000,0.119100,-0.014247,2026-09-23,468.000000,6.509835,0.409663,84312.470000,84265.000000
29836340,2026-09-23T16:20,84222.330000,0.430500,-0.181174,2026-09-23,397.000000,5.164682,0.734372,84323.840000,84216.160000
29836341,2026-09-23T16:21,84181.230000,-0.499600,0.468866,2026-09-23,560.000000,13.592404,0.749492,84272.130000,84167.880000
29836342,2026-09-23T16:22,84243.990000,0.165700,0.498834,2026-09-23,497.000000,7.185411,0.546291,84244.000000,84132.170000
29836343,2026-09-23T16:23,84208.210000,-0.167200,0.137117,2026-09-23,508.000000,7.839980,0.271486,84312.480000,84206.000000
29836344,2026-09-23T16:24,84211.460000,0.418900,-0.531225,2026-09-23,434.000000,3.125764,0.500638,84252.360000,84184.170000
29836345,2026-09-23T16:25,84230.830000,0.229400,0.014345,2026-09-23,470.000000,3.758274,0.465270,84286.800000,84202.470000
29836346,2026-09-23T16:26,84253.430000,-0.553800,-0.069461,2026-09-23,436.000000,4.303088,0.423304,84251.970000,84174.230000
29836347,2026-09-23T16:27,84228.290000,-0.355500,-0.152119,2026-09-23,342.000000,1.991295,0.286448,84252.000000,84211.870000
29836348,2026-09-23T16:28,84178.610000,-0.028000,-0.486520,2026-09-23,440.000000,3.943335,0.347673,84212.570000,84174.720000
29836349,2026-09-23T16:29,84230.360000,-0.577100,-0.265820,2026-09-23,395.000000,2.304915,0.453101,84235.200000,84165.800000
29836350,2026-09-23T16:30,84336.740000,0.157200,-0.095209,2026-09-23,342.000000,2.109805,0.605740,84336.740000,84230.350000
29836351,2026-09-23T16:31,84286.850000,0.410000,0.146447,2026-09-23,422.000000,3.091458,0.327638,84336.740000,84254.240000
29836352,2026-09-23T16:32,84257.480000,0.491700,-0.315376,2026-09-23,380.000000,3.310256,0.694308,84291.930000,84239.510000
29836353,2026-09-23T16:33,84272.860000,-0.503800,0.387324,2026-09-23,358.000000,3.133865,0.540238,84280.090000,84238.170000
29836354,2026-09-23T16:34,84234.670000,0.626400,0.071495,2026-09-23,327.000000,1.766366,0.387540,84278.390000,84230.350000
29836355,2026-09-23T16:35,84135.020000,-0.471100,-0.211091,2026-09-23,412.000000,3.819497,0.546646,84234.710000,84132.330000
29836356,2026-09-23T16:36,84178.730000,-0.141400,-0.005742,2026-09-23,421.000000,4.522320,0.528438,84200.680000,84125.020000
29836357,2026-09-23T16:37,84196.550000,0.390800,0.153902,2026-09-23,370.000000,3.180399,0.631446,84206.870000,84161.990000
29836358,2026-09-23T16:38,84113.010000,0.460700,0.259823,2026-09-23,447.000000,4.466642,0.337390,84213.190000,84112.000000
29836359,2026-09-23T16:39,84016.240000,0.248700,-0.290335,2026-09-23,483.000000,7.160128,0.245780,84116.300000,84016.240000
29836360,2026-09-23T16:40,84004.290000,0.476800,-0.549153,2026-09-23,522.000000,8.300675,0.660967,84051.470000,83986.740000
29836361,2026-09-23T16:41,83982.680000,-0.250900,0.354031,2026-09-23,454.000000,6.131742,0.289677,84015.020000,83920.000000
29836362,2026-09-23T16:42,84036.180000,-0.074100,-0.426715,2026-09-23,476.000000,4.702651,0.254632,84063.050000,83973.360000
29836363,2026-09-23T16:43,84104.790000,-0.076000,-0.478575,2026-09-23,473.000000,6.558742,0.455152,84120.000000,84038.360000
29836364,2026-09-23T16:44,84086.680000,0.017400,-0.091778,2026-09-23,412.000000,10.785247,0.731611,84121.860000,84072.200000
29836365,2026-09-23T16:45,84083.950000,0.431600,0.462058,2026-09-23,495.000000,7.588405,0.454175,84141.330000,84054.880000
29836366,2026-09-23T16:46,83998.480000,0.678000,-0.091859,2026-09-23,315.000000,1.872339,0.317248,84093.710000,83996.020000
29836367,2026-09-23T16:47,83986.010000,0.599800,-0.248580,2026-09-23,356.000000,3.164204,0.335742,84013.620000,83965.590000
29836368,2026-09-23T16:48,83933.200000,0.446400,-0.404095,2026-09-23,372.000000,3.653836,0.151427,83986.010000,83924.960000
29836369,2026-09-23T16:49,83900.680000,-0.202600,-0.694707,2026-09-23,463.000000,7.193085,0.572834,83933.860000,83876.090000
29836370,2026-09-23T16:50,83904.820000,0.622800,0.159774,2026-09-23,496.000000,4.504510,0.387786,83932.210000,83831.250000
29836371,2026-09-23T16:51,83901.710000,0.527900,-0.264076,2026-09-23,454.000000,7.425124,0.550694,83932.010000,83851.790000
29836372,2026-09-23T16:52,83892.640000,-0.012200,0.106205,2026-09-23,433.000000,8.282640,0.120737,83919.340000,83871.010000
29836373,2026-09-23T16:53,83925.670000,-0.599800,-0.769284,2026-09-23,520.000000,14.645336,0.745280,83927.160000,83861.680000
29836374,2026-09-23T16:54,83927.540000,-0.211300,0.492504,2026-09-23,512.000000,9.878050,0.614581,83950.030000,83893.570000
29836375,2026-09-23T16:55,83916.570000,0.192600,0.142883,2026-09-23,417.000000,6.322423,0.510798,83946.510000,83902.660000
29836376,2026-09-23T16:56,83981.640000,0.282900,0.180054,2026-09-23,439.000000,3.935431,0.625492,83983.330000,83913.200000
29836377,2026-09-23T16:57,83951.850000,0.350000,0.206539,2026-09-23,435.000000,5.147909,0.662327,84031.380000,83951.840000
29836378,2026-09-23T16:58,83990.490000,0.526100,0.213346,2026-09-23,439.000000,6.288328,0.611337,84033.000000,83931.430000
29836379,2026-09-23T16:59,84030.100000,0.356100,0.327511,2026-09-23,388.000000,3.475948,0.611015,84030.670000,83990.480000
29836380,2026-09-23T17:00,84082.200000,0.066100,0.229275,2026-09-23,485.000000,12.984685,0.366628,84100.000000,83998.550000
29836381,2026-09-23T17:01,84119.330000,0.559100,-0.274784,2026-09-23,404.000000,7.857063,0.660457,84181.380000,84081.540000
29836382,2026-09-23T17:02,83914.150000,0.241800,0.304112,2026-09-23,561.000000,9.951347,0.395885,84119.330000,83887.130000
29836383,2026-09-23T17:03,83868.150000,0.589000,-0.201744,2026-09-23,399.000000,4.870338,0.412386,83968.450000,83848.800000
29836384,2026-09-23T17:04,83892.680000,0.330500,-0.173433,2026-09-23,502.000000,5.957495,0.497897,83938.950000,83835.920000
29836385,2026-09-23T17:05,83859.830000,0.472500,-0.003578,2026-09-23,406.000000,2.792191,0.428382,83891.520000,83848.800000
29836386,2026-09-23T17:06,83865.570000,0.354100,-0.157745,2026-09-23,386.000000,5.706830,0.284726,83900.820000,83851.420000
29836387,2026-09-23T17:07,83848.800000,-0.131600,-0.427012,2026-09-23,377.000000,3.589621,0.624162,83913.740000,83848.800000
29836388,2026-09-23T17:08,83808.980000,0.489100,0.203682,2026-09-23,428.000000,4.514043,0.206903,83867.200000,83785.000000
29836389,2026-09-23T17:09,83867.010000,0.011700,-0.573920,2026-09-23,576.000000,18.757730,0.375683,83923.160000,83725.760000
29836390,2026-09-23T17:10,83828.770000,0.148400,-0.294859,2026-09-23,502.000000,10.177182,0.280082,83855.550000,83771.520000
29836391,2026-09-23T17:11,83812.010000,-0.033900,-0.364126,2026-09-23,367.000000,2.892796,0.375607,83894.060000,83801.300000
29836392,2026-09-23T17:12,83831.710000,0.617600,-0.245041,2026-09-23,420.000000,3.077506,0.416884,83853.040000,83803.740000
29836393,2026-09-23T17:13,83730.290000,0.202600,-0.164892,2026-09-23,529.000000,19.425731,0.115887,83841.460000,83691.840000
29836394,2026-09-23T17:14,83786.990000,0.475100,-0.767585,2026-09-23,482.000000,14.191101,0.565356,83824.230000,83723.130000
29836395,2026-09-23T17:15,83867.600000,-0.613700,0.128673,2026-09-23,510.000000,8.856489,0.742900,83885.010000,83760.030000
29836396,2026-09-23T17:16,83941.460000,-0.088200,0.461457,2026-09-23,436.000000,6.742836,0.681958,83948.750000,83856.810000
29836397,2026-09-23T17:17,83998.240000,-0.174500,0.391458,2026-09-23,433.000000,5.669175,0.590238,83998.240000,83937.770000
29836398,2026-09-23T17:18,84018.270000,0.264200,0.306760,2026-09-23,505.000000,17.964911,0.790866,84045.700000,83991.510000
29836399,2026-09-23T17:19,84000.010000,-0.075300,0.555221,2026-09-23,431.000000,5.263359,0.643331,84035.080000,83990.480000
29836400,2026-09-23T17:20,84037.820000,0.155900,0.296161,2026-09-23,394.000000,2.763119,0.411568,84047.220000,83998.030000
29836401,2026-09-23T17:21,84029.010000,0.672500,0.220908,2026-09-23,506.000000,13.404864,0.291064,84060.460000,84008.120000
29836402,2026-09-23T17:22,84137.040000,-0.373300,-0.586216,2026-09-23,452.000000,15.685475,0.827597,84145.020000,84029.000000
29836403,2026-09-23T17:23,84165.530000,0.360400,0.655140,2026-09-23,438.000000,9.005850,0.209577,84214.440000,84137.030000
29836404,2026-09-23T17:24,84032.980000,0.525300,-0.586803,2026-09-23,385.000000,4.970543,0.131580,84165.950000,84031.870000
29836405,2026-09-23T17:25,84089.290000,0.203700,-0.729700,2026-09-23,362.000000,2.743778,0.514713,84091.250000,84032.970000
29836406,2026-09-23T17:26,84094.140000,-0.084500,0.014441,2026-09-23,352.000000,2.730204,0.513856,84115.810000,84070.000000
29836407,2026-09-23T17:27,84057.670000,0.275900,0.063380,2026-09-23,381.000000,7.114458,0.370193,84109.070000,84036.010000
29836408,2026-09-23T17:28,84058.990000,0.050700,-0.270054,2026-09-23,297.000000,2.468078,0.425612,84090.550000,84054.220000
29836409,2026-09-23T17:29,84057.580000,0.521500,-0.161806,2026-09-23,376.000000,4.805615,0.211557,84072.900000,84035.000000
29836410,2026-09-23T17:30,84051.650000,0.504200,-0.590860,2026-09-23,380.000000,5.765809,0.187295,84079.540000,84029.110000
29836411,2026-09-23T17:31,84043.860000,0.649700,-0.582332,2026-09-23,384.000000,3.771387,0.677369,84058.070000,84030.000000
29836412,2026-09-23T17:32,84084.460000,0.306600,0.196107,2026-09-23,521.000000,7.517429,0.723382,84090.240000,84005.000000
29836413,2026-09-23T17:33,84052.270000,0.541000,0.543766,2026-09-23,477.000000,8.078311,0.199064,84090.270000,84035.010000
29836414,2026-09-23T17:34,83995.010000,0.395600,-0.601861,2026-09-23,385.000000,5.621887,0.120129,84052.280000,83990.000000
29836415,2026-09-23T17:35,83981.420000,0.121300,-0.762980,2026-09-23,387.000000,3.486730,0.204032,83997.860000,83966.770000
29836416,2026-09-23T17:36,84024.980000,0.490700,-0.582745,2026-09-23,406.000000,7.008126,0.217915,84027.060000,83971.420000
29836417,2026-09-23T17:37,84051.140000,0.529200,-0.564038,2026-09-23,402.000000,6.994520,0.383920,84066.930000,84012.660000
29836418,2026-09-23T17:38,84029.710000,0.490600,-0.232263,2026-09-23,395.000000,4.703918,0.277607,84072.760000,84011.000000
29836419,2026-09-23T17:39,84010.960000,0.718900,-0.461509,2026-09-23,175.000000,0.903276,0.333590,84029.700000,84002.000000
29836420,2026-09-23T17:40,84010.960000,0.718900,-0.191906,2026-09-23,,,,,
29836421,2026-09-23T17:41,84010.960000,0.718900,0.000000,2026-09-23,,,,,
29836422,2026-09-23T17:42,84010.960000,0.718900,0.000000,2026-09-23,,,,,
29836423,2026-09-23T17:43,84010.960000,0.718900,0.000000,2026-09-23,,,,,
29836424,2026-09-23T17:44,84010.960000,0.718900,0.000000,2026-09-23,,,,,
29836425,2026-09-23T17:45,84010.960000,0.718900,0.000000,2026-09-23,,,,,
29836426,2026-09-23T17:46,84010.960000,0.718900,0.000000,2026-09-23,,,,,
29836427,2026-09-23T17:47,84010.960000,0.718900,0.000000,2026-09-23,,,,,
29836428,2026-09-23T17:48,84010.960000,0.718900,0.000000,2026-09-23,,,,,
29836429,2026-09-23T17:49,84010.960000,0.718900,0.000000,2026-09-23,,,,,
29836430,2026-09-23T17:50,84010.960000,0.718900,0.000000,2026-09-23,,,,,
29836431,2026-09-23T17:51,84010.960000,0.718900,0.000000,2026-09-23,,,,,
29836432,2026-09-23T17:52,84010.960000,0.718900,0.000000,2026-09-23,,,,,
29836433,2026-09-23T17:53,84010.960000,0.718900,0.000000,2026-09-23,,,,,
29836434,2026-09-23T17:54,84010.960000,0.718900,0.000000,2026-09-23,,,,,
29836435,2026-09-23T17:55,84010.960000,0.718900,0.000000,2026-09-23,,,,,
29836436,2026-09-23T17:56,84010.490000,0.723500,0.000000,2026-09-23,,,,,
29836437,2026-09-23T17:57,84010.490000,0.723500,0.000000,2026-09-23,,,,,
29836438,2026-09-23T17:58,84010.490000,0.723500,0.000000,2026-09-23,,,,,
29836439,2026-09-23T17:59,84010.490000,0.723500,0.000000,2026-09-23,,,,,
29836440,2026-09-23T18:00,84010.490000,0.723500,0.000000,2026-09-23,,,,,
29836441,2026-09-23T18:01,84010.490000,0.723500,0.000000,2026-09-23,,,,,
29836442,2026-09-23T18:02,84010.490000,0.723500,0.000000,2026-09-23,,,,,
29836443,2026-09-23T18:03,84010.490000,0.723500,0.000000,2026-09-23,,,,,
29836444,2026-09-23T18:04,84010.490000,0.723500,0.000000,2026-09-23,,,,,
29836445,2026-09-23T18:05,84010.490000,0.723500,0.000000,2026-09-23,,,,,
29836446,2026-09-23T18:06,84010.490000,0.723500,0.000000,2026-09-23,,,,,
29836447,2026-09-23T18:07,84010.490000,0.723500,0.000000,2026-09-23,,,,,
29836448,2026-09-23T18:08,84010.490000,0.723500,0.000000,2026-09-23,,,,,
29836449,2026-09-23T18:09,84010.490000,0.723500,0.000000,2026-09-23,,,,,
29836450,2026-09-23T18:10,84010.490000,0.723500,0.000000,2026-09-23,,,,,
29836451,2026-09-23T18:11,84010.490000,0.723500,0.000000,2026-09-23,1.000000,0.000000,0.000000,84239.390000,84239.390000
29836452,2026-09-23T18:12,84226.170000,0.670600,-0.888806,2026-09-23,25.000000,0.180391,0.622993,84239.390000,84222.320000
29836453,2026-09-23T18:13,84226.170000,0.670600,0.640113,2026-09-23,,,,,
29836454,2026-09-23T18:14,84226.170000,0.670600,0.000000,2026-09-23,,,,,
29836455,2026-09-23T18:15,84226.170000,0.670600,0.000000,2026-09-23,,,,,
29836456,2026-09-23T18:16,84226.170000,0.670600,0.000000,2026-09-23,,,,,
29836457,2026-09-23T18:17,84226.170000,0.670600,0.000000,2026-09-23,,,,,
29836458,2026-09-23T18:18,84226.170000,0.670600,0.000000,2026-09-23,,,,,
29836459,2026-09-23T18:19,84226.170000,0.670600,0.000000,2026-09-23,,,,,
29836460,2026-09-23T18:20,84226.170000,0.670600,0.000000,2026-09-23,,,,,
29836461,2026-09-23T18:21,84226.170000,0.670600,0.000000,2026-09-23,,,,,
29836462,2026-09-23T18:22,84226.170000,0.670600,0.000000,2026-09-23,,,,,
29836463,2026-09-23T18:23,84226.170000,0.670600,0.000000,2026-09-23,,,,,
29836464,2026-09-23T18:24,84226.170000,0.670600,0.000000,2026-09-23,,,,,
29836465,2026-09-23T18:25,84226.170000,0.670600,0.000000,2026-09-23,,,,,
29836466,2026-09-23T18:26,84226.170000,0.670600,0.000000,2026-09-23,,,,,
29836467,2026-09-23T18:27,84226.170000,0.670600,0.000000,2026-09-23,,,,,
29836468,2026-09-23T18:28,84226.170000,0.670600,0.000000,2026-09-23,,,,,
29836469,2026-09-23T18:29,84226.170000,0.670600,0.000000,2026-09-23,,,,,
29836470,2026-09-23T18:30,84226.170000,0.670600,0.000000,2026-09-23,,,,,
29836471,2026-09-23T18:31,84226.170000,0.670600,0.000000,2026-09-23,,,,,
29836472,2026-09-23T18:32,84226.170000,0.670600,0.000000,2026-09-23,,,,,
29836473,2026-09-23T18:33,84226.170000,0.670600,0.000000,2026-09-23,,,,,
29836474,2026-09-23T18:34,84226.170000,0.670600,0.000000,2026-09-23,,,,,
29836475,2026-09-23T18:35,84226.170000,0.670600,0.000000,2026-09-23,,,,,
29836476,2026-09-23T18:36,84226.170000,0.670600,0.000000,2026-09-23,,,,,
29836477,2026-09-23T18:37,84226.170000,0.670600,0.000000,2026-09-23,,,,,
29836478,2026-09-23T18:38,84226.170000,0.670600,0.000000,2026-09-23,,,,,
29836479,2026-09-23T18:39,84226.170000,0.670600,0.000000,2026-09-23,,,,,
29836480,2026-09-23T18:40,84226.170000,0.670600,0.000000,2026-09-23,,,,,
29836481,2026-09-23T18:41,84226.170000,0.670600,0.000000,2026-09-23,,,,,
29836482,2026-09-23T18:42,84226.170000,0.670600,0.000000,2026-09-23,,,,,
29836483,2026-09-23T18:43,84226.170000,0.670600,0.000000,2026-09-23,,,,,
29836484,2026-09-23T18:44,84226.170000,0.670600,0.000000,2026-09-23,,,,,
29836485,2026-09-23T18:45,84226.170000,0.670600,0.000000,2026-09-23,,,,,
29836486,2026-09-23T18:46,84226.170000,0.670600,0.000000,2026-09-23,,,,,
29836487,2026-09-23T18:47,84213.670000,0.697400,0.000000,2026-09-23,18.000000,0.027730,0.085211,84213.680000,84213.670000
29836488,2026-09-23T18:48,84213.670000,0.697400,-0.829578,2026-09-23,,,,,
29836489,2026-09-23T18:49,84213.670000,0.697400,0.000000,2026-09-23,,,,,
29836490,2026-09-23T18:50,84213.670000,0.697400,0.000000,2026-09-23,,,,,
29836491,2026-09-23T18:51,84213.670000,0.697400,0.000000,2026-09-23,,,,,
29836492,2026-09-23T18:52,84213.670000,0.697400,0.000000,2026-09-23,,,,,
29836493,2026-09-23T18:53,84213.670000,0.697400,0.000000,2026-09-23,,,,,
29836494,2026-09-23T18:54,84213.670000,0.697400,0.000000,2026-09-23,,,,,
29836495,2026-09-23T18:55,84213.670000,0.697400,0.000000,2026-09-23,,,,,
29836496,2026-09-23T18:56,84213.670000,0.697400,0.000000,2026-09-23,,,,,
29836497,2026-09-23T18:57,84213.670000,0.697400,0.000000,2026-09-23,,,,,
29836498,2026-09-23T18:58,84213.670000,0.697400,0.000000,2026-09-23,,,,,
29836499,2026-09-23T18:59,84213.670000,0.697400,0.000000,2026-09-23,,,,,
29836500,2026-09-23T19:00,84213.670000,0.655500,0.000000,2026-09-23,,,,,
29836501,2026-09-23T19:01,84213.670000,0.655500,0.000000,2026-09-23,,,,,
29836502,2026-09-23T19:02,84213.670000,0.655500,0.000000,2026-09-23,,,,,
29836503,2026-09-23T19:03,84213.670000,0.655500,0.000000,2026-09-23,,,,,
29836504,2026-09-23T19:04,84213.670000,0.655500,0.000000,2026-09-23,,,,,
29836505,2026-09-23T19:05,84213.670000,0.655500,0.000000,2026-09-23,,,,,
29836506,2026-09-23T19:06,84213.670000,0.655500,0.000000,2026-09-23,,,,,
29836507,2026-09-23T19:07,84213.670000,0.655500,0.000000,2026-09-23,,,,,
29836508,2026-09-23T19:08,84213.670000,0.655500,0.000000,2026-09-23,,,,,
29836509,2026-09-23T19:09,84213.670000,0.655500,0.000000,2026-09-23,,,,,
29836510,2026-09-23T19:10,84213.670000,0.655500,0.000000,2026-09-23,,,,,
29836511,2026-09-23T19:11,84213.670000,0.655500,0.000000,2026-09-23,,,,,
29836512,2026-09-23T19:12,84213.670000,0.655500,0.000000,2026-09-23,,,,,
29836513,2026-09-23T19:13,84213.670000,0.655500,0.000000,2026-09-23,,,,,
29836514,2026-09-23T19:14,84213.670000,0.655500,0.000000,2026-09-23,,,,,
29836515,2026-09-23T19:15,84213.670000,0.655500,0.000000,2026-09-23,,,,,
29836516,2026-09-23T19:16,84213.670000,0.655500,0.000000,2026-09-23,,,,,
29836517,2026-09-23T19:17,84213.670000,0.655500,0.000000,2026-09-23,,,,,
29836518,2026-09-23T19:18,84213.670000,0.655500,0.000000,2026-09-23,,,,,
29836519,2026-09-23T19:19,84213.670000,0.655500,0.000000,2026-09-23,,,,,
29836520,2026-09-23T19:20,84213.670000,0.655500,0.000000,2026-09-23,,,,,
29836521,2026-09-23T19:21,84213.670000,0.655500,0.000000,2026-09-23,,,,,
29836522,2026-09-23T19:22,84213.670000,0.655500,0.000000,2026-09-23,,,,,
29836523,2026-09-23T19:23,84213.670000,0.655500,0.000000,2026-09-23,,,,,
29836524,2026-09-23T19:24,84213.670000,0.655500,0.000000,2026-09-23,,,,,
29836525,2026-09-23T19:25,84213.670000,0.655500,0.000000,2026-09-23,,,,,
29836526,2026-09-23T19:26,84213.670000,0.655500,0.000000,2026-09-23,,,,,
29836527,2026-09-23T19:27,84213.670000,0.655500,0.000000,2026-09-23,,,,,
29836528,2026-09-23T19:28,84213.670000,0.655500,0.000000,2026-09-23,,,,,
29836529,2026-09-23T19:29,84213.670000,0.655500,0.000000,2026-09-23,,,,,
29836530,2026-09-23T19:30,84213.670000,0.655500,0.000000,2026-09-23,,,,,
29836531,2026-09-23T19:31,84213.670000,0.655500,0.000000,2026-09-23,,,,,
29836532,2026-09-23T19:32,84213.670000,0.655500,0.000000,2026-09-23,,,,,
29836533,2026-09-23T19:33,84213.670000,0.655500,0.000000,2026-09-23,,,,,
29836534,2026-09-23T19:34,84213.670000,0.655500,0.000000,2026-09-23,,,,,
29836535,2026-09-23T19:35,84213.670000,0.655500,0.000000,2026-09-23,,,,,
29836536,2026-09-23T19:36,84213.670000,0.655500,0.000000,2026-09-23,,,,,
29836537,2026-09-23T19:37,84213.670000,0.655500,0.000000,2026-09-23,,,,,
29836538,2026-09-23T19:38,84213.670000,0.655500,0.000000,2026-09-23,,,,,
29836539,2026-09-23T19:39,84213.670000,0.655500,0.000000,2026-09-23,,,,,
29836540,2026-09-23T19:40,84213.670000,0.655500,0.000000,2026-09-23,,,,,
29836541,2026-09-23T19:41,84213.670000,0.655500,0.000000,2026-09-23,,,,,
29836542,2026-09-23T19:42,84213.670000,0.655500,0.000000,2026-09-23,,,,,
29836543,2026-09-23T19:43,84450.960000,0.087400,0.000000,2026-09-23,108.000000,0.852152,0.425477,84453.750000,84447.180000
29836544,2026-09-23T19:44,84450.960000,-0.014300,-0.064197,2026-09-23,43.000000,0.328641,0.691697,84450.970000,84450.960000
29836545,2026-09-23T19:45,84450.960000,-0.014300,0.253650,2026-09-23,,,,,
29836546,2026-09-23T19:46,84450.960000,-0.014300,0.000000,2026-09-23,,,,,
29836547,2026-09-23T19:47,84450.960000,-0.014300,0.000000,2026-09-23,,,,,
29836548,2026-09-23T19:48,84450.960000,-0.014300,0.000000,2026-09-23,,,,,
29836549,2026-09-23T19:49,84450.960000,-0.014300,0.000000,2026-09-23,,,,,
29836550,2026-09-23T19:50,84450.960000,-0.014300,0.000000,2026-09-23,,,,,
29836551,2026-09-23T19:51,84450.960000,-0.014300,0.000000,2026-09-23,,,,,
29836552,2026-09-23T19:52,84450.960000,-0.014300,0.000000,2026-09-23,,,,,
29836553,2026-09-23T19:53,84450.960000,-0.014300,0.000000,2026-09-23,,,,,
29836554,2026-09-23T19:54,84450.960000,-0.014300,0.000000,2026-09-23,,,,,
29836555,2026-09-23T19:55,84450.960000,-0.014300,0.000000,2026-09-23,,,,,
29836556,2026-09-23T19:56,84450.960000,-0.014300,0.000000,2026-09-23,,,,,
29836557,2026-09-23T19:57,84450.960000,-0.014300,0.000000,2026-09-23,,,,,
29836558,2026-09-23T19:58,84450.960000,-0.014300,0.000000,2026-09-23,,,,,
29836559,2026-09-23T19:59,84450.960000,0.065300,0.000000,2026-09-23,,,,,
29836560,2026-09-23T20:00,84450.960000,0.065300,0.000000,2026-09-23,,,,,
29836561,2026-09-23T20:01,84450.960000,0.065300,0.000000,2026-09-23,,,,,
29836562,2026-09-23T20:02,84450.960000,0.065300,0.000000,2026-09-23,,,,,
29836563,2026-09-23T20:03,84450.960000,0.065300,0.000000,2026-09-23,,,,,
29836564,2026-09-23T20:04,84450.960000,0.065300,0.000000,2026-09-23,,,,,
29836565,2026-09-23T20:05,84450.960000,0.065300,0.000000,2026-09-23,,,,,
29836566,2026-09-23T20:06,84450.960000,0.065300,0.000000,2026-09-23,,,,,
29836567,2026-09-23T20:07,84450.960000,0.065300,0.000000,2026-09-23,,,,,
29836568,2026-09-23T20:08,84450.960000,0.065300,0.000000,2026-09-23,,,,,
29836569,2026-09-23T20:09,84450.960000,0.065300,0.000000,2026-09-23,,,,,
29836570,2026-09-23T20:10,84450.960000,0.065300,0.000000,2026-09-23,,,,,
29836571,2026-09-23T20:11,84450.960000,0.065300,0.000000,2026-09-23,,,,,
29836572,2026-09-23T20:12,84450.960000,0.065300,0.000000,2026-09-23,,,,,
29836573,2026-09-23T20:13,84450.960000,0.065300,0.000000,2026-09-23,,,,,
29836574,2026-09-23T20:14,84450.960000,0.065300,0.000000,2026-09-23,,,,,
29836575,2026-09-23T20:15,84450.960000,0.065300,0.000000,2026-09-23,,,,,
29836576,2026-09-23T20:16,84347.620000,0.317900,0.000000,2026-09-23,14.000000,0.014095,0.999956,84347.630000,84346.750000
29836577,2026-09-23T20:17,84352.930000,0.310300,0.999492,2026-09-23,67.000000,1.035098,0.884878,84354.120000,84347.620000
29836578,2026-09-23T20:18,84352.930000,0.310300,0.769760,2026-09-23,,,,,
29836579,2026-09-23T20:19,84352.930000,0.310300,0.000000,2026-09-23,,,,,
29836580,2026-09-23T20:20,84352.930000,0.310300,0.000000,2026-09-23,,,,,
29836581,2026-09-23T20:21,84352.930000,0.310300,0.000000,2026-09-23,,,,,
29836582,2026-09-23T20:22,84352.930000,0.310300,0.000000,2026-09-23,,,,,
29836583,2026-09-23T20:23,84352.930000,0.310300,0.000000,2026-09-23,,,,,
29836584,2026-09-23T20:24,84352.930000,0.310300,0.000000,2026-09-23,,,,,
29836585,2026-09-23T20:25,84352.930000,0.310300,0.000000,2026-09-23,,,,,
29836586,2026-09-23T20:26,84352.930000,0.310300,0.000000,2026-09-23,,,,,
29836587,2026-09-23T20:27,84352.930000,0.310300,0.000000,2026-09-23,,,,,
29836588,2026-09-23T20:28,84352.930000,0.310300,0.000000,2026-09-23,,,,,
29836589,2026-09-23T20:29,84352.930000,0.310300,0.000000,2026-09-23,,,,,
29836590,2026-09-23T20:30,84352.930000,0.310300,0.000000,2026-09-23,,,,,
29836591,2026-09-23T20:31,84352.930000,0.310300,0.000000,2026-09-23,,,,,
29836592,2026-09-23T20:32,84352.930000,0.310300,0.000000,2026-09-23,,,,,
29836593,2026-09-23T20:33,84332.010000,0.569200,0.000000,2026-09-23,10.000000,1.004698,0.004589,84332.010000,84332.000000
29836594,2026-09-23T20:34,84332.010000,0.569200,-0.990822,2026-09-23,,,,,
29836595,2026-09-23T20:35,84332.010000,0.573800,0.000000,2026-09-23,,,,,
29836596,2026-09-23T20:36,84332.010000,0.573800,0.000000,2026-09-23,,,,,
29836597,2026-09-23T20:37,84332.010000,0.573800,0.000000,2026-09-23,,,,,
29836598,2026-09-23T20:38,84332.010000,0.573800,0.000000,2026-09-23,,,,,
29836599,2026-09-23T20:39,84332.010000,0.573800,0.000000,2026-09-23,,,,,
29836600,2026-09-23T20:40,84332.010000,0.573800,0.000000,2026-09-23,,,,,
29836601,2026-09-23T20:41,84332.010000,0.573800,0.000000,2026-09-23,,,,,
29836602,2026-09-23T20:42,84332.010000,0.573800,0.000000,2026-09-23,,,,,
29836603,2026-09-23T20:43,84332.010000,0.573800,0.000000,2026-09-23,,,,,
29836604,2026-09-23T20:44,84332.010000,0.573800,0.000000,2026-09-23,,,,,
29836605,2026-09-23T20:45,84332.010000,0.573800,0.000000,2026-09-23,,,,,
29836606,2026-09-23T20:46,84332.010000,0.573800,0.000000,2026-09-23,,,,,
29836607,2026-09-23T20:47,84332.010000,0.573800,0.000000,2026-09-23,,,,,
29836608,2026-09-23T20:48,84332.010000,0.573800,0.000000,2026-09-23,,,,,
29836609,2026-09-23T20:49,84332.010000,0.573800,0.000000,2026-09-23,,,,,
29836610,2026-09-23T20:50,84332.010000,0.573800,0.000000,2026-09-23,,,,,
29836611,2026-09-23T20:51,84332.010000,0.573800,0.000000,2026-09-23,,,,,
29836612,2026-09-23T20:52,84332.010000,0.573800,0.000000,2026-09-23,,,,,
29836613,2026-09-23T20:53,84253.100000,0.361700,0.000000,2026-09-23,10.000000,0.000732,0.416149,84253.920000,84253.090000
29836614,2026-09-23T20:54,84253.100000,0.361700,-0.167702,2026-09-23,,,,,
29836615,2026-09-23T20:55,84253.100000,0.361700,0.000000,2026-09-23,,,,,
29836616,2026-09-23T20:56,84253.100000,0.361700,0.000000,2026-09-23,,,,,
29836617,2026-09-23T20:57,84253.100000,0.361700,0.000000,2026-09-23,,,,,
29836618,2026-09-23T20:58,84253.100000,0.361700,0.000000,2026-09-23,,,,,
29836619,2026-09-23T20:59,84253.100000,0.361700,0.000000,2026-09-23,,,,,
29836620,2026-09-23T21:00,84253.100000,0.361700,0.000000,2026-09-23,,,,,
29836621,2026-09-23T21:01,84253.100000,0.361700,0.000000,2026-09-23,,,,,
29836622,2026-09-23T21:02,84253.100000,0.361700,0.000000,2026-09-23,,,,,
29836623,2026-09-23T21:03,84253.100000,0.361700,0.000000,2026-09-23,,,,,
29836624,2026-09-23T21:04,84253.100000,0.361700,0.000000,2026-09-23,,,,,
29836625,2026-09-23T21:05,84253.100000,0.361700,0.000000,2026-09-23,,,,,
29836626,2026-09-23T21:06,84253.100000,0.361700,0.000000,2026-09-23,,,,,
29836627,2026-09-23T21:07,84253.100000,0.361700,0.000000,2026-09-23,,,,,
29836628,2026-09-23T21:08,84253.100000,0.515900,0.000000,2026-09-23,,,,,
29836629,2026-09-23T21:09,84253.100000,0.515900,0.000000,2026-09-23,,,,,
29836630,2026-09-23T21:10,84253.100000,0.515900,0.000000,2026-09-23,,,,,
29836631,2026-09-23T21:11,84253.100000,0.515900,0.000000,2026-09-23,,,,,
29836632,2026-09-23T21:12,84253.100000,0.515900,0.000000,2026-09-23,,,,,
29836633,2026-09-23T21:13,84253.100000,0.515900,0.000000,2026-09-23,,,,,
29836634,2026-09-23T21:14,84253.100000,0.515900,0.000000,2026-09-23,,,,,
29836635,2026-09-23T21:15,84253.100000,0.515900,0.000000,2026-09-23,,,,,
29836636,2026-09-23T21:16,84253.100000,0.515900,0.000000,2026-09-23,,,,,
29836637,2026-09-23T21:17,84253.100000,0.515900,0.000000,2026-09-23,,,,,
29836638,2026-09-23T21:18,84253.100000,0.515900,0.000000,2026-09-23,,,,,
29836639,2026-09-23T21:19,84253.100000,0.515900,0.000000,2026-09-23,,,,,
29836640,2026-09-23T21:20,84253.100000,0.515900,0.000000,2026-09-23,,,,,
29836641,2026-09-23T21:21,84253.100000,0.515900,0.000000,2026-09-23,,,,,
29836642,2026-09-23T21:22,84253.100000,0.515900,0.000000,2026-09-23,,,,,
29836643,2026-09-23T21:23,84253.100000,0.515900,0.000000,2026-09-23,,,,,
29836644,2026-09-23T21:24,84253.100000,0.515900,0.000000,2026-09-23,,,,,
29836645,2026-09-23T21:25,84253.100000,0.515900,0.000000,2026-09-23,,,,,
29836646,2026-09-23T21:26,84253.100000,0.515900,0.000000,2026-09-23,,,,,
29836647,2026-09-23T21:27,84253.100000,0.515900,0.000000,2026-09-23,,,,,
29836648,2026-09-23T21:28,84253.100000,0.515900,0.000000,2026-09-23,,,,,
29836649,2026-09-23T21:29,84253.100000,0.515900,0.000000,2026-09-23,,,,,
29836650,2026-09-23T21:30,84253.100000,0.515900,0.000000,2026-09-23,,,,,
29836651,2026-09-23T21:31,84253.100000,0.515900,0.000000,2026-09-23,,,,,
29836652,2026-09-23T21:32,84253.100000,0.515900,0.000000,2026-09-23,,,,,
29836653,2026-09-23T21:33,84253.100000,0.515900,0.000000,2026-09-23,,,,,
29836654,2026-09-23T21:34,84253.100000,0.515900,0.000000,2026-09-23,,,,,
29836655,2026-09-23T21:35,84253.100000,0.515900,0.000000,2026-09-23,,,,,
29836656,2026-09-23T21:36,84253.100000,0.515900,0.000000,2026-09-23,,,,,
29836657,2026-09-23T21:37,84253.100000,0.515900,0.000000,2026-09-23,,,,,
29836658,2026-09-23T21:38,84253.100000,0.515900,0.000000,2026-09-23,,,,,
29836659,2026-09-23T21:39,84253.100000,0.515900,0.000000,2026-09-23,,,,,
29836660,2026-09-23T21:40,84253.100000,0.515900,0.000000,2026-09-23,,,,,
29836661,2026-09-23T21:41,84253.100000,0.515900,0.000000,2026-09-23,,,,,
29836662,2026-09-23T21:42,84253.100000,0.515900,0.000000,2026-09-23,,,,,
29836663,2026-09-23T21:43,84253.100000,0.515900,0.000000,2026-09-23,,,,,
29836664,2026-09-23T21:44,84253.100000,0.515900,0.000000,2026-09-23,,,,,
29836665,2026-09-23T21:45,84253.100000,0.515900,0.000000,2026-09-23,,,,,
29836666,2026-09-23T21:46,84253.100000,0.515900,0.000000,2026-09-23,,,,,
29836667,2026-09-23T21:47,84253.100000,0.515900,0.000000,2026-09-23,,,,,
29836668,2026-09-23T21:48,84253.100000,0.515900,0.000000,2026-09-23,,,,,
29836669,2026-09-23T21:49,84253.100000,0.515900,0.000000,2026-09-23,,,,,
29836670,2026-09-23T21:50,84253.100000,0.515900,0.000000,2026-09-23,,,,,
29836671,2026-09-23T21:51,84253.100000,0.515900,0.000000,2026-09-23,,,,,
29836672,2026-09-23T21:52,84253.100000,0.515900,0.000000,2026-09-23,,,,,
29836673,2026-09-23T21:53,84253.100000,0.515900,0.000000,2026-09-23,,,,,
29836674,2026-09-23T21:54,84253.100000,0.515900,0.000000,2026-09-23,,,,,
29836675,2026-09-23T21:55,84253.100000,0.515900,0.000000,2026-09-23,,,,,
29836676,2026-09-23T21:56,84253.100000,0.515900,0.000000,2026-09-23,,,,,
29836677,2026-09-23T21:57,84253.100000,0.515900,0.000000,2026-09-23,,,,,
29836678,2026-09-23T21:58,84253.100000,0.515900,0.000000,2026-09-23,,,,,
29836679,2026-09-23T21:59,84253.100000,0.515900,0.000000,2026-09-23,,,,,
29836680,2026-09-23T22:00,84253.100000,0.515900,0.000000,2026-09-23,,,,,
29836681,2026-09-23T22:01,84253.100000,0.515900,0.000000,2026-09-23,,,,,
29836682,2026-09-23T22:02,84253.100000,0.515900,0.000000,2026-09-23,,,,,
29836683,2026-09-23T22:03,84253.100000,0.515900,0.000000,2026-09-23,,,,,
29836684,2026-09-23T22:04,84253.100000,0.515900,0.000000,2026-09-23,,,,,
29836685,2026-09-23T22:05,84253.100000,0.515900,0.000000,2026-09-23,,,,,
29836686,2026-09-23T22:06,84253.100000,0.515900,0.000000,2026-09-23,,,,,
29836687,2026-09-23T22:07,84253.100000,0.515900,0.000000,2026-09-23,,,,,
29836688,2026-09-23T22:08,84253.100000,0.515900,0.000000,2026-09-23,,,,,
29836689,2026-09-23T22:09,84253.100000,0.515900,0.000000,2026-09-23,,,,,
29836690,2026-09-23T22:10,84253.100000,0.515900,0.000000,2026-09-23,,,,,
29836691,2026-09-23T22:11,84253.100000,0.515900,0.000000,2026-09-23,,,,,
29836692,2026-09-23T22:12,84253.100000,0.515900,0.000000,2026-09-23,,,,,
29836693,2026-09-23T22:13,84253.100000,0.515900,0.000000,2026-09-23,,,,,
29836694,2026-09-23T22:14,84253.100000,0.515900,0.000000,2026-09-23,,,,,
29836695,2026-09-23T22:15,84253.100000,0.515900,0.000000,2026-09-23,,,,,
29836696,2026-09-23T22:16,84253.100000,0.515900,0.000000,2026-09-23,,,,,
29836697,2026-09-23T22:17,84253.100000,0.515900,0.000000,2026-09-23,,,,,
29836698,2026-09-23T22:18,84253.100000,0.515900,0.000000,2026-09-23,,,,,
29836699,2026-09-23T22:19,84253.100000,0.515900,0.000000,2026-09-23,,,,,
29836700,2026-09-23T22:20,84253.100000,0.515900,0.000000,2026-09-23,,,,,
29836701,2026-09-23T22:21,84253.100000,0.515900,0.000000,2026-09-23,,,,,
29836702,2026-09-23T22:22,84253.100000,0.515900,0.000000,2026-09-23,,,,,
29836703,2026-09-23T22:23,84253.100000,0.515900,0.000000,2026-09-23,,,,,
29836704,2026-09-23T22:24,84253.100000,0.515900,0.000000,2026-09-23,,,,,
29836705,2026-09-23T22:25,84253.100000,0.515900,0.000000,2026-09-23,,,,,
29836706,2026-09-23T22:26,84253.100000,0.515900,0.000000,2026-09-23,,,,,
29836707,2026-09-23T22:27,84253.100000,0.515900,0.000000,2026-09-23,,,,,
29836708,2026-09-23T22:28,84486.950000,0.086300,0.000000,2026-09-23,20.000000,0.044004,0.041651,84506.840000,84484.490000
29836709,2026-09-23T22:29,84483.300000,-0.077300,-0.916698,2026-09-23,129.000000,0.317504,0.440835,84488.700000,84483.300000
29836710,2026-09-23T22:30,84483.300000,-0.077300,-0.118330,2026-09-23,,,,,
29836711,2026-09-23T22:31,84483.300000,-0.077300,0.000000,2026-09-23,,,,,
29836712,2026-09-23T22:32,84483.300000,-0.077300,0.000000,2026-09-23,,,,,
29836713,2026-09-23T22:33,84483.300000,-0.077300,0.000000,2026-09-23,,,,,
29836714,2026-09-23T22:34,84483.300000,-0.077300,0.000000,2026-09-23,,,,,
29836715,2026-09-23T22:35,84483.300000,-0.077300,0.000000,2026-09-23,,,,,
29836716,2026-09-23T22:36,84483.300000,-0.077300,0.000000,2026-09-23,,,,,
29836717,2026-09-23T22:37,84483.300000,-0.154500,0.000000,2026-09-23,,,,,
29836718,2026-09-23T22:38,84483.300000,-0.154500,0.000000,2026-09-23,,,,,
29836719,2026-09-23T22:39,84483.300000,-0.154500,0.000000,2026-09-23,,,,,
29836720,2026-09-23T22:40,84483.300000,-0.154500,0.000000,2026-09-23,,,,,
29836721,2026-09-23T22:41,84483.300000,-0.154500,0.000000,2026-09-23,,,,,
29836722,2026-09-23T22:42,84483.300000,-0.154500,0.000000,2026-09-23,,,,,
29836723,2026-09-23T22:43,84483.300000,-0.154500,0.000000,2026-09-23,,,,,
29836724,2026-09-23T22:44,84483.300000,-0.154500,0.000000,2026-09-23,,,,,
29836725,2026-09-23T22:45,84483.300000,-0.154500,0.000000,2026-09-23,,,,,
29836726,2026-09-23T22:46,84483.300000,-0.154500,0.000000,2026-09-23,,,,,
29836727,2026-09-23T22:47,84483.300000,-0.154500,0.000000,2026-09-23,,,,,
29836728,2026-09-23T22:48,84483.300000,-0.154500,0.000000,2026-09-23,,,,,
29836729,2026-09-23T22:49,84483.300000,-0.154500,0.000000,2026-09-23,,,,,
29836730,2026-09-23T22:50,84483.300000,-0.154500,0.000000,2026-09-23,,,,,
29836731,2026-09-23T22:51,84483.300000,-0.154500,0.000000,2026-09-23,,,,,
29836732,2026-09-23T22:52,84483.300000,-0.154500,0.000000,2026-09-23,,,,,
29836733,2026-09-23T22:53,84483.300000,-0.154500,0.000000,2026-09-23,,,,,
29836734,2026-09-23T22:54,84483.300000,-0.154500,0.000000,2026-09-23,,,,,
29836735,2026-09-23T22:55,84483.300000,-0.154500,0.000000,2026-09-23,,,,,
29836736,2026-09-23T22:56,84483.300000,-0.154500,0.000000,2026-09-23,,,,,
29836737,2026-09-23T22:57,84483.300000,-0.154500,0.000000,2026-09-23,,,,,
29836738,2026-09-23T22:58,84483.300000,-0.154500,0.000000,2026-09-23,,,,,
29836739,2026-09-23T22:59,84483.300000,-0.154500,0.000000,2026-09-23,,,,,
29836740,2026-09-23T23:00,84483.300000,-0.154500,0.000000,2026-09-23,,,,,
29836741,2026-09-23T23:01,84483.300000,-0.154500,0.000000,2026-09-23,,,,,
29836742,2026-09-23T23:02,84483.300000,-0.154500,0.000000,2026-09-23,,,,,
29836743,2026-09-23T23:03,84483.300000,-0.154500,0.000000,2026-09-23,,,,,
29836744,2026-09-23T23:04,84483.300000,-0.154500,0.000000,2026-09-23,,,,,
29836745,2026-09-23T23:05,84483.300000,-0.154500,0.000000,2026-09-23,,,,,
29836746,2026-09-23T23:06,84483.300000,-0.154500,0.000000,2026-09-23,,,,,
29836747,2026-09-23T23:07,84483.300000,-0.154500,0.000000,2026-09-23,,,,,
29836748,2026-09-23T23:08,84483.300000,-0.154500,0.000000,2026-09-23,,,,,
29836749,2026-09-23T23:09,84483.300000,-0.154500,0.000000,2026-09-23,,,,,
29836750,2026-09-23T23:10,84483.300000,-0.154500,0.000000,2026-09-23,,,,,
29836751,2026-09-23T23:11,84483.300000,-0.154500,0.000000,2026-09-23,,,,,
29836752,2026-09-23T23:12,84483.300000,-0.154500,0.000000,2026-09-23,,,,,
29836753,2026-09-23T23:13,84483.300000,-0.154500,0.000000,2026-09-23,,,,,
29836754,2026-09-23T23:14,84483.300000,-0.154500,0.000000,2026-09-23,,,,,
29836755,2026-09-23T23:15,84483.300000,-0.154500,0.000000,2026-09-23,,,,,
29836756,2026-09-23T23:16,84483.300000,-0.154500,0.000000,2026-09-23,,,,,
29836757,2026-09-23T23:17,84483.300000,-0.154500,0.000000,2026-09-23,,,,,
29836758,2026-09-23T23:18,84483.300000,-0.154500,0.000000,2026-09-23,,,,,
29836759,2026-09-23T23:19,84460.610000,0.095000,0.000000,2026-09-23,16.000000,0.013564,0.112819,84460.610000,84460.600000
29836760,2026-09-23T23:20,84460.610000,0.095000,-0.774361,2026-09-23,,,,,
29836761,2026-09-23T23:21,84460.610000,0.095000,0.000000,2026-09-23,,,,,
29836762,2026-09-23T23:22,84460.610000,0.095000,0.000000,2026-09-23,,,,,
29836763,2026-09-23T23:23,84460.610000,0.095000,0.000000,2026-09-23,,,,,
29836764,2026-09-23T23:24,84460.610000,0.095000,0.000000,2026-09-23,,,,,
29836765,2026-09-23T23:25,84460.610000,0.095000,0.000000,2026-09-23,,,,,
29836766,2026-09-23T23:26,84460.610000,0.095000,0.000000,2026-09-23,,,,,
29836767,2026-09-23T23:27,84460.610000,0.095000,0.000000,2026-09-23,,,,,
29836768,2026-09-23T23:28,84460.610000,0.095000,0.000000,2026-09-23,,,,,
29836769,2026-09-23T23:29,84460.610000,0.095000,0.000000,2026-09-23,,,,,
29836770,2026-09-23T23:30,84460.610000,0.095000,0.000000,2026-09-23,,,,,
29836771,2026-09-23T23:31,84460.610000,0.095000,0.000000,2026-09-23,,,,,
29836772,2026-09-23T23:32,84460.610000,0.095000,0.000000,2026-09-23,,,,,
29836773,2026-09-23T23:33,84460.610000,0.095000,0.000000,2026-09-23,,,,,
29836774,2026-09-23T23:34,84460.610000,0.095000,0.000000,2026-09-23,,,,,
29836775,2026-09-23T23:35,84460.610000,0.095000,0.000000,2026-09-23,,,,,
29836776,2026-09-23T23:36,84460.610000,0.095000,0.000000,2026-09-23,,,,,
29836777,2026-09-23T23:37,84460.610000,0.095000,0.000000,2026-09-23,,,,,
29836778,2026-09-23T23:38,84460.610000,0.095000,0.000000,2026-09-23,,,,,
29836779,2026-09-23T23:39,84460.610000,0.095000,0.000000,2026-09-23,,,,,
29836780,2026-09-23T23:40,84460.610000,0.095000,0.000000,2026-09-23,,,,,
29836781,2026-09-23T23:41,84460.610000,0.095000,0.000000,2026-09-23,,,,,
29836782,2026-09-23T23:42,84460.610000,0.095000,0.000000,2026-09-23,,,,,
29836783,2026-09-23T23:43,84460.610000,0.095000,0.000000,2026-09-23,,,,,
29836784,2026-09-23T23:44,84460.610000,0.095000,0.000000,2026-09-23,,,,,
29836785,2026-09-23T23:45,84460.610000,0.095000,0.000000,2026-09-23,,,,,
29836786,2026-09-23T23:46,84460.610000,0.095000,0.000000,2026-09-23,,,,,
29836787,2026-09-23T23:47,84460.610000,0.095000,0.000000,2026-09-23,,,,,
29836788,2026-09-23T23:48,84460.610000,0.095000,0.000000,2026-09-23,,,,,
29836789,2026-09-23T23:49,84460.610000,0.095000,0.000000,2026-09-23,,,,,
29836790,2026-09-23T23:50,84460.610000,0.095000,0.000000,2026-09-23,,,,,
