minute_epoch,minute_utc,close,book_imb,ofi,day,trades,volume,buy_share,high,low
29803680,2026-09-01T00:00,78537.730000,-0.280600,-0.907238,2026-09-01,311.000000,2.527900,0.431739,78562.740000,78537.720000
29803681,2026-09-01T00:01,78564.420000,0.847400,-0.122624,2026-09-01,444.000000,1.523984,0.573862,78565.100000,78535.000000
29803682,2026-09-01T00:02,78582.540000,0.560700,0.148035,2026-09-01,507.000000,4.341945,0.236263,78588.700000,78555.000000
29803683,2026-09-01T00:03,78601.170000,0.978100,-0.527285,2026-09-01,475.000000,2.906907,0.674448,78613.700000,78580.780000
29803684,2026-09-01T00:04,78621.880000,0.404700,0.348683,2026-09-01,466.000000,1.912406,0.841908,78627.100000,78590.010000
29803685,2026-09-01T00:05,78664.180000,0.024500,0.683576,2026-09-01,481.000000,2.109921,0.455387,78673.390000,78626.430000
29803686,2026-09-01T00:06,78600.330000,-0.212000,-0.092012,2026-09-01,303.000000,0.616885,0.279137,78664.190000,78598.770000
29803687,2026-09-01T00:07,78632.990000,0.979200,-0.436964,2026-09-01,411.000000,1.588905,0.972912,78632.980000,78598.750000
29803688,2026-09-01T00:08,78667.830000,0.742700,0.948525,2026-09-01,451.000000,0.440551,0.678641,78669.930000,78632.980000
29803689,2026-09-01T00:09,78699.740000,-0.037800,0.358587,2026-09-01,393.000000,0.892796,0.751089,78704.850000,78662.210000
29803690,2026-09-01T00:10,78734.260000,0.135000,0.555101,2026-09-01,381.000000,1.419399,0.918204,78734.260000,78691.350000
29803691,2026-09-01T00:11,78754.510000,-0.277700,0.823203,2026-09-01,336.000000,1.896259,0.808183,78770.450000,78734.260000
29803692,2026-09-01T00:12,78734.230000,0.684100,0.616460,2026-09-01,313.000000,1.339331,0.349583,78752.730000,78732.040000
29803693,2026-09-01T00:13,78727.420000,0.797100,-0.296374,2026-09-01,249.000000,1.739995,0.737213,78734.680000,78720.000000
29803694,2026-09-01T00:14,78732.050000,0.799900,0.472885,2026-09-01,362.000000,0.446575,0.856095,78753.720000,78726.370000
29803695,2026-09-01T00:15,78741.890000,0.856300,0.716638,2026-09-01,296.000000,0.743570,0.590038,78746.470000,78730.510000
29803696,2026-09-01T00:16,78743.990000,0.817400,0.173075,2026-09-01,376.000000,14.174760,0.036430,78743.990000,78712.350000
29803697,2026-09-01T00:17,78767.010000,-0.217800,-0.926751,2026-09-01,441.000000,1.285166,0.375335,78780.990000,78743.980000
29803698,2026-09-01T00:18,78804.420000,-0.090500,-0.254104,2026-09-01,432.000000,2.207251,0.888799,78819.400000,78754.620000
29803699,2026-09-01T00:19,78787.510000,-0.600300,0.786565,2026-09-01,348.000000,0.633454,0.720789,78806.010000,78781.940000
29803700,2026-09-01T00:20,78807.960000,0.084300,0.432962,2026-09-01,378.000000,1.263252,0.804408,78808.170000,78781.580000
29803701,2026-09-01T00:21,78795.210000,-0.161200,0.607527,2026-09-01,365.000000,0.663510,0.520242,78836.050000,78795.200000
29803702,2026-09-01T00:22,78795.860000,0.027000,0.042250,2026-09-01,428.000000,10.154718,0.313032,78835.760000,78784.150000
29803703,2026-09-01T00:23,78818.390000,0.910400,-0.374267,2026-09-01,753.000000,34.916678,0.192997,78839.370000,78795.850000
29803704,2026-09-01T00:24,78830.080000,-0.579100,-0.614104,2026-09-01,295.000000,0.937787,0.857857,78830.080000,78814.510000
29803705,2026-09-01T00:25,78850.640000,-0.689400,0.798305,2026-09-01,404.000000,2.337619,0.884747,78852.070000,78830.070000
29803706,2026-09-01T00:26,78842.260000,-0.256100,0.734895,2026-09-01,375.000000,2.372216,0.446146,78863.980000,78842.260000
29803707,2026-09-01T00:27,78879.420000,-0.017300,-0.022331,2026-09-01,394.000000,1.943158,0.857381,78889.490000,78835.510000
29803708,2026-09-01T00:28,78870.110000,-0.114700,0.683843,2026-09-01,306.000000,1.874816,0.324756,78879.420000,78865.000000
29803709,2026-09-01T00:29,78844.510000,-0.445100,-0.382449,2026-09-01,268.000000,1.619213,0.367764,78870.120000,78844.510000
29803710,2026-09-01T00:30,78819.400000,0.226700,-0.215076,2026-09-01,399.000000,2.335258,0.383513,78869.770000,78819.400000
29803711,2026-09-01T00:31,78760.760000,0.493500,-0.235290,2026-09-01,477.000000,5.661289,0.195040,78849.600000,78755.000000
29803712,2026-09-01T00:32,78735.530000,-0.353900,-0.609446,2026-09-01,424.000000,1.911993,0.561251,78781.510000,78735.010000
29803713,2026-09-01T00:33,78733.830000,0.514800,0.122163,2026-09-01,319.000000,1.246502,0.342667,78742.210000,78725.640000
29803714,2026-09-01T00:34,78781.830000,0.617100,-0.314807,2026-09-01,615.000000,1.995063,0.183688,78781.830000,78712.300000
29803715,2026-09-01T00:35,78774.510000,-0.211100,-0.608481,2026-09-01,320.000000,0.535715,0.152572,78790.620000,78772.380000
29803716,2026-09-01T00:36,78760.490000,0.533000,-0.795345,2026-09-01,423.000000,1.303747,0.298471,78797.720000,78749.470000
29803717,2026-09-01T00:37,78761.580000,-0.246900,-0.399351,2026-09-01,472.000000,0.849474,0.252713,78802.410000,78757.890000
29803718,2026-09-01T00:38,78772.540000,-0.746900,-0.499676,2026-09-01,272.000000,1.037870,0.923614,78772.540000,78755.890000
29803719,2026-09-01T00:39,78686.300000,-0.056100,0.861758,2026-09-01,380.000000,5.617273,0.277098,78776.340000,78686.300000
29803720,2026-09-01T00:40,78708.920000,-0.143800,-0.445666,2026-09-01,384.000000,3.386664,0.944748,78709.480000,78680.000000
29803721,2026-09-01T00:41,78711.680000,-0.987700,0.889328,2026-09-01,384.000000,10.132115,0.918016,78725.990000,78708.110000
29803722,2026-09-01T00:42,78684.390000,-0.549700,0.836126,2026-09-01,176.000000,1.453489,0.230984,78710.460000,78684.330000
29803723,2026-09-01T00:43,78662.770000,0.577000,-0.531691,2026-09-01,286.000000,2.924966,0.628894,78684.340000,78659.250000
29803724,2026-09-01T00:44,78680.080000,0.998900,0.256270,2026-09-01,350.000000,1.920790,0.882951,78680.080000,78651.010000
29803725,2026-09-01T00:45,78704.070000,0.417600,0.766409,2026-09-01,434.000000,1.294697,0.385983,78716.070000,78680.080000
29803726,2026-09-01T00:46,78735.760000,0.868700,-0.232054,2026-09-01,370.000000,0.491098,0.686393,78735.770000,78704.060000
29803727,2026-09-01T00:47,78703.640000,0.674000,0.375127,2026-09-01,277.000000,0.942707,0.094898,78735.770000,78703.630000
29803728,2026-09-01T00:48,78747.460000,-0.700700,-0.802285,2026-09-01,401.000000,2.687773,0.933484,78747.460000,78703.640000
29803729,2026-09-01T00:49,78787.120000,0.298300,0.866763,2026-09-01,438.000000,0.595327,0.808599,78787.130000,78747.450000
29803730,2026-09-01T00:50,78734.710000,0.033000,0.618746,2026-09-01,411.000000,3.840209,0.144513,78787.130000,78723.000000
29803731,2026-09-01T00:51,78715.010000,0.801100,-0.712031,2026-09-01,332.000000,3.029543,0.497624,78738.730000,78713.900000
29803732,2026-09-01T00:52,78710.010000,0.501200,-0.003147,2026-09-01,219.000000,0.376295,0.344761,78719.930000,78710.000000
29803733,2026-09-01T00:53,78637.900000,0.597900,-0.476174,2026-09-01,301.000000,0.544283,0.244208,78710.020000,78632.990000
29803734,2026-09-01T00:54,78625.650000,0.634700,-0.420392,2026-09-01,363.000000,1.660376,0.620460,78654.490000,78620.000000
29803735,2026-09-01T00:55,78621.010000,0.205400,0.228035,2026-09-01,275.000000,0.662934,0.664499,78626.240000,78621.000000
29803736,2026-09-01T00:56,78618.350000,0.386500,0.318869,2026-09-01,356.000000,1.194182,0.849404,78629.610000,78615.030000
29803737,2026-09-01T00:57,78622.600000,0.480400,0.701559,2026-09-01,324.000000,1.234660,0.456741,78625.870000,78610.000000
29803738,2026-09-01T00:58,78576.010000,0.071600,-0.088149,2026-09-01,316.000000,0.390288,0.517081,78623.790000,78575.000000
29803739,2026-09-01T00:59,78628.020000,0.998800,0.036313,2026-09-01,537.000000,2.430101,0.741654,78628.030000,78561.030000
29803740,2026-09-01T01:00,78709.650000,0.442500,0.484562,2026-09-01,421.000000,1.244907,0.768332,78712.060000,78628.020000
29803741,2026-09-01T01:01,78675.010000,-0.952400,0.527498,2026-09-01,398.000000,0.699486,0.666262,78741.490000,78675.000000
29803742,2026-09-01T01:02,78655.510000,-0.428200,0.326119,2026-09-01,416.000000,0.568203,0.488159,78676.510000,78635.000000
29803743,2026-09-01T01:03,78659.420000,0.641200,0.047466,2026-09-01,359.000000,1.435586,0.487585,78669.270000,78640.000000
29803744,2026-09-01T01:04,78685.610000,0.662100,-0.048787,2026-09-01,329.000000,0.496092,0.906020,78685.610000,78652.570000
29803745,2026-09-01T01:05,78739.950000,-0.930000,0.812039,2026-09-01,549.000000,2.743418,0.793423,78748.330000,78685.600000
29803746,2026-09-01T01:06,78776.380000,0.021400,0.587701,2026-09-01,426.000000,3.330602,0.901827,78789.680000,78743.880000
29803747,2026-09-01T01:07,78651.010000,0.032600,0.803379,2026-09-01,459.000000,3.368980,0.179108,78776.380000,78651.010000
29803748,2026-09-01T01:08,78681.540000,0.901700,-0.642834,2026-09-01,469.000000,3.229972,0.279094,78681.540000,78619.500000
29803749,2026-09-01T01:09,78671.040000,-0.173300,-0.440615,2026-09-01,209.000000,0.677986,0.813414,78686.000000,78670.960000
29803750,2026-09-01T01:10,78669.570000,-0.466000,0.628276,2026-09-01,345.000000,1.305279,0.787386,78673.950000,78663.490000
29803751,2026-09-01T01:11,78633.010000,-0.598200,0.574355,2026-09-01,270.000000,1.147422,0.831300,78669.570000,78633.020000
29803752,2026-09-01T01:12,78577.610000,-0.600000,0.663471,2026-09-01,224.000000,1.525453,0.189031,78643.530000,78574.820000
29803753,2026-09-01T01:13,78536.700000,-0.268400,-0.623240,2026-09-01,374.000000,5.289636,0.651437,78580.010000,78525.000000
29803754,2026-09-01T01:14,78526.550000,0.912100,0.302869,2026-09-01,318.000000,2.618212,0.652447,78536.700000,78498.010000
29803755,2026-09-01T01:15,78520.860000,0.670300,0.304894,2026-09-01,388.000000,1.357828,0.711294,78556.530000,78517.190000
29803756,2026-09-01T01:16,78513.010000,-0.931500,0.421899,2026-09-01,367.000000,2.903917,0.757174,78543.400000,78513.010000
29803757,2026-09-01T01:17,78514.150000,0.414900,0.514697,2026-09-01,415.000000,2.628815,0.790716,78517.170000,78484.170000
29803758,2026-09-01T01:18,78609.990000,0.625400,0.581740,2026-09-01,625.000000,1.842948,0.796328,78620.570000,78514.150000
29803759,2026-09-01T01:19,78599.580000,0.941100,0.592228,2026-09-01,325.000000,0.804001,0.740163,78620.510000,78592.510000
29803760,2026-09-01T01:20,78592.510000,0.077500,0.475569,2026-09-01,373.000000,1.142444,0.743213,78618.320000,78592.510000
29803761,2026-09-01T01:21,78602.330000,0.493400,0.294834,2026-09-01,451.000000,3.699363,0.741024,78623.980000,78560.830000
29803762,2026-09-01T01:22,78590.610000,0.531900,0.553179,2026-09-01,341.000000,0.751479,0.710796,78605.500000,78585.000000
29803763,2026-09-01T01:23,78586.950000,0.187700,0.422231,2026-09-01,304.000000,2.947617,0.119223,78595.090000,78573.010000
29803764,2026-09-01T01:24,78561.040000,-0.277800,-0.767635,2026-09-01,246.000000,1.258793,0.432158,78586.950000,78561.020000
29803765,2026-09-01T01:25,78520.170000,-0.208200,-0.071486,2026-09-01,216.000000,0.868019,0.775602,78561.030000,78520.180000
29803766,2026-09-01T01:26,78426.040000,0.690200,0.556670,2026-09-01,510.000000,6.802306,0.365666,78520.180000,78394.010000
29803767,2026-09-01T01:27,78405.760000,0.597500,-0.252860,2026-09-01,409.000000,2.317701,0.595869,78454.470000,78394.020000
29803768,2026-09-01T01:28,78426.010000,-0.519300,0.161222,2026-09-01,534.000000,3.544658,0.488487,78458.980000,78405.750000
29803769,2026-09-01T01:29,78393.010000,0.271300,-0.023344,2026-09-01,352.000000,3.062861,0.829401,78435.060000,78389.990000
29803770,2026-09-01T01:30,78402.860000,-0.359400,0.664028,2026-09-01,559.000000,4.678900,0.645632,78421.280000,78350.800000
29803771,2026-09-01T01:31,78395.580000,-0.036100,0.285508,2026-09-01,399.000000,2.490252,0.472831,78402.670000,78371.700000
29803772,2026-09-01T01:32,78416.570000,0.882600,-0.058132,2026-09-01,439.000000,4.627981,0.784309,78416.570000,78376.420000
29803773,2026-09-01T01:33,78391.080000,0.875400,0.568688,2026-09-01,298.000000,1.602207,0.831365,78416.570000,78374.740000
29803774,2026-09-01T01:34,78450.890000,0.891700,0.671960,2026-09-01,564.000000,2.979752,0.867727,78455.310000,78378.090000
29803775,2026-09-01T01:35,78511.080000,0.278300,0.731342,2026-09-01,465.000000,2.339083,0.969143,78513.600000,78448.800000
29803776,2026-09-01T01:36,78511.460000,-0.198300,0.937547,2026-09-01,396.000000,1.184211,0.600734,78520.070000,78478.830000
29803777,2026-09-01T01:37,78511.460000,0.260300,0.202490,2026-09-01,382.000000,0.351730,0.548024,78535.470000,78502.690000
29803778,2026-09-01T01:38,78477.010000,0.529900,0.095512,2026-09-01,367.000000,4.096508,0.098248,78518.970000,78456.010000
29803779,2026-09-01T01:39,78515.120000,-0.459300,-0.798797,2026-09-01,464.000000,1.980068,0.735766,78526.340000,78477.020000
29803780,2026-09-01T01:40,78530.490000,-0.408800,0.468700,2026-09-01,392.000000,2.473272,0.860514,78548.210000,78504.790000
29803781,2026-09-01T01:41,78538.020000,0.561800,0.721237,2026-09-01,273.000000,0.515849,0.715760,78538.030000,78529.510000
29803782,2026-09-01T01:42,78536.050000,0.733500,0.429467,2026-09-01,378.000000,7.399556,0.288540,78550.060000,78520.710000
29803783,2026-09-01T01:43,78558.010000,0.166400,-0.422683,2026-09-01,281.000000,2.463753,0.927297,78558.020000,78538.170000
29803784,2026-09-01T01:44,78549.920000,0.671300,0.845389,2026-09-01,255.000000,4.719642,0.042930,78558.020000,78534.000000
29803785,2026-09-01T01:45,78510.010000,-0.218800,-0.914827,2026-09-01,256.000000,1.849106,0.646047,78551.450000,78510.010000
29803786,2026-09-01T01:46,78454.260000,-0.481100,0.292245,2026-09-01,268.000000,6.334682,0.083870,78510.020000,78454.250000
29803787,2026-09-01T01:47,78526.200000,0.592100,-0.808980,2026-09-01,806.000000,8.049564,0.939003,78530.560000,78454.260000
29803788,2026-09-01T01:48,78497.110000,0.545000,0.876681,2026-09-01,273.000000,4.479856,0.123816,78528.010000,78493.510000
29803789,2026-09-01T01:49,78489.950000,0.665100,-0.750291,2026-09-01,302.000000,1.336645,0.741769,78502.360000,78483.010000
29803790,2026-09-01T01:50,78456.400000,-0.326500,0.481312,2026-09-01,389.000000,8.131972,0.182991,78499.420000,78456.400000
29803791,2026-09-01T01:51,78446.920000,0.353400,-0.634017,2026-09-01,260.000000,6.124094,0.135433,78460.840000,78440.910000
29803792,2026-09-01T01:52,78442.900000,0.238600,-0.729133,2026-09-01,231.000000,2.033440,0.854683,78453.230000,78432.220000
29803793,2026-09-01T01:53,78406.080000,0.002600,0.709384,2026-09-01,344.000000,7.315998,0.251980,78443.900000,78385.260000
29803794,2026-09-01T01:54,78413.580000,-0.098600,-0.496068,2026-09-01,269.000000,2.147335,0.904544,78425.190000,78406.080000
29803795,2026-09-01T01:55,78405.400000,0.277100,0.809147,2026-09-01,565.000000,7.778078,0.539105,78413.580000,78369.000000
29803796,2026-09-01T01:56,78384.010000,-0.892200,0.078434,2026-09-01,385.000000,5.948205,0.158718,78413.980000,78385.570000
29803797,2026-09-01T01:57,78375.860000,0.682600,-0.686494,2026-09-01,627.000000,4.794329,0.860287,78384.000000,78353.930000
29803798,2026-09-01T01:58,78358.170000,0.093700,0.748337,2026-09-01,467.000000,6.387201,0.266064,78378.220000,78346.160000
29803799,2026-09-01T01:59,78377.170000,-0.999800,-0.467229,2026-09-01,487.000000,4.144508,0.682161,78392.060000,78354.770000
29803800,2026-09-01T02:00,78314.460000,0.208900,0.312226,2026-09-01,543.000000,9.012106,0.068080,78377.160000,78293.930000
29803801,2026-09-01T02:01,78310.270000,0.103800,-0.861704,2026-09-01,268.000000,1.496978,0.382715,78326.280000,78299.100000
29803802,2026-09-01T02:02,78299.240000,0.030900,-0.262060,2026-09-01,267.000000,1.853269,0.271386,78316.200000,78294.610000
29803803,2026-09-01T02:03,78267.510000,0.838000,-0.440823,2026-09-01,525.000000,6.764097,0.232403,78302.510000,78244.490000
29803804,2026-09-01T02:04,78302.980000,0.145800,-0.507077,2026-09-01,474.000000,1.167930,0.554111,78318.850000,78267.510000
29803805,2026-09-01T02:05,78303.400000,0.191500,0.017031,2026-09-01,518.000000,2.347190,0.260223,78355.000000,78300.580000
29803806,2026-09-01T02:06,78270.830000,0.053300,-0.484821,2026-09-01,395.000000,4.052485,0.448315,78310.080000,78250.700000
29803807,2026-09-01T02:07,78292.460000,0.476600,-0.105161,2026-09-01,488.000000,2.199009,0.674474,78308.550000,78269.680000
29803808,2026-09-01T02:08,78278.040000,-0.323600,0.349137,2026-09-01,130.000000,0.410543,0.186870,78292.470000,78278.030000
29803809,2026-09-01T02:09,78290.460000,0.854400,-0.703459,2026-09-01,287.000000,1.288889,0.525076,78296.470000,78276.950000
29803810,2026-09-01T02:10,78291.040000,0.961000,0.155452,2026-09-01,331.000000,1.191247,0.503217,78291.030000,78250.710000
29803811,2026-09-01T02:11,78283.770000,-0.204500,0.008085,2026-09-01,266.000000,4.021434,0.085992,78291.040000,78276.290000
29803812,2026-09-01T02:12,78180.430000,-0.178700,-0.829068,2026-09-01,373.000000,4.311531,0.223689,78283.770000,78177.010000
29803813,2026-09-01T02:13,78206.450000,0.186500,-0.548185,2026-09-01,508.000000,5.871138,0.650553,78206.770000,78150.710000
29803814,2026-09-01T02:14,78269.990000,1.000000,0.300512,2026-09-01,640.000000,1.848880,0.379434,78270.400000,78166.010000
29803815,2026-09-01T02:15,78241.610000,0.412100,-0.241198,2026-09-01,352.000000,1.974541,0.177432,78277.730000,78238.600000
29803816,2026-09-01T02:16,78213.890000,0.260100,-0.645163,2026-09-01,318.000000,1.228458,0.668446,78244.320000,78197.700000
29803817,2026-09-01T02:17,78196.950000,-0.370700,0.336892,2026-09-01,363.000000,1.676971,0.233415,78231.910000,78189.020000
29803818,2026-09-01T02:18,78204.040000,0.519700,-0.533171,2026-09-01,251.000000,1.132271,0.696368,78204.060000,78185.020000
29803819,2026-09-01T02:19,78251.390000,0.654400,0.392735,2026-09-01,647.000000,5.538384,0.880571,78254.400000,78176.410000
29803820,2026-09-01T02:20,78247.930000,0.626000,0.737831,2026-09-01,239.000000,1.191251,0.455598,78252.860000,78220.390000
29803821,2026-09-01T02:21,78249.100000,-0.839800,-0.111958,2026-09-01,372.000000,2.656782,0.723783,78267.880000,78238.000000
29803822,2026-09-01T02:22,78265.110000,0.414200,0.508949,2026-09-01,391.000000,0.551662,0.822227,78269.600000,78238.610000
29803823,2026-09-01T02:23,78291.610000,-0.864800,0.639047,2026-09-01,459.000000,1.328490,0.338450,78296.010000,78243.760000
29803824,2026-09-01T02:24,78298.510000,0.731500,-0.319083,2026-09-01,305.000000,1.015446,0.277582,78298.510000,78270.010000
29803825,2026-09-01T02:25,78264.010000,-0.798300,-0.573462,2026-09-01,248.000000,1.143431,0.210791,78299.680000,78264.010000
29803826,2026-09-01T02:26,78286.890000,0.441300,-0.422230,2026-09-01,342.000000,2.387523,0.862834,78288.390000,78252.020000
29803827,2026-09-01T02:27,78293.880000,-0.366800,0.724898,2026-09-01,265.000000,2.085901,0.796893,78293.880000,78266.810000
29803828,2026-09-01T02:28,78184.610000,0.216500,0.592259,2026-09-01,416.000000,8.773183,0.166858,78293.880000,78178.110000
29803829,2026-09-01T02:29,78191.350000,0.316300,-0.616996,2026-09-01,820.000000,23.195617,0.490294,78284.080000,78174.610000
29803830,2026-09-01T02:30,78259.140000,0.525700,-0.031163,2026-09-01,532.000000,3.089719,0.751085,78270.120000,78191.340000
29803831,2026-09-01T02:31,78312.980000,0.918200,0.501928,2026-09-01,393.000000,0.835025,0.858715,78313.570000,78257.570000
29803832,2026-09-01T02:32,78341.880000,0.623600,0.717252,2026-09-01,502.000000,1.898712,0.716577,78347.200000,78313.540000
29803833,2026-09-01T02:33,78365.120000,0.989400,0.433077,2026-09-01,338.000000,1.721835,0.734217,78365.130000,78336.270000
29803834,2026-09-01T02:34,78348.010000,0.595300,0.476162,2026-09-01,280.000000,1.174049,0.410996,78368.850000,78345.380000
29803835,2026-09-01T02:35,78338.830000,0.126200,-0.204361,2026-09-01,431.000000,2.627857,0.707557,78375.000000,78338.830000
29803836,2026-09-01T02:36,78353.460000,0.086600,0.415347,2026-09-01,249.000000,0.824733,0.421579,78356.350000,78338.830000
29803837,2026-09-01T02:37,78300.210000,-0.004000,-0.156842,2026-09-01,193.000000,1.028350,0.085669,78353.450000,78300.000000
29803838,2026-09-01T02:38,78323.640000,-0.279600,-0.811052,2026-09-01,292.000000,0.848572,0.592436,78323.650000,78300.210000
29803839,2026-09-01T02:39,78315.920000,0.294200,0.175170,2026-09-01,242.000000,0.687387,0.542147,78323.650000,78315.030000
29803840,2026-09-01T02:40,78333.790000,-0.056500,-0.098952,2026-09-01,332.000000,0.871490,0.628746,78333.790000,78300.480000
29803841,2026-09-01T02:41,78318.920000,0.724100,0.499259,2026-09-01,256.000000,1.412724,0.207744,78334.990000,78313.920000
29803842,2026-09-01T02:42,78348.730000,-0.519600,-0.586142,2026-09-01,310.000000,0.433603,0.903079,78348.730000,78321.160000
29803843,2026-09-01T02:43,78315.260000,-0.691400,0.401248,2026-09-01,332.000000,1.494683,0.280595,78352.650000,78313.560000
29803844,2026-09-01T02:44,78339.860000,-0.321000,-0.387048,2026-09-01,226.000000,0.559074,0.974955,78341.090000,78315.250000
29803845,2026-09-01T02:45,78320.950000,0.367400,0.950722,2026-09-01,208.000000,0.841992,0.594023,78347.370000,78320.940000
29803846,2026-09-01T02:46,78327.010000,0.179500,0.289699,2026-09-01,226.000000,1.008890,0.716374,78339.860000,78320.950000
29803847,2026-09-01T02:47,78317.290000,0.159600,0.350387,2026-09-01,304.000000,1.561442,0.613481,78327.020000,78315.760000
29803848,2026-09-01T02:48,78383.020000,-0.999700,0.226909,2026-09-01,409.000000,1.642655,0.400083,78386.270000,78326.320000
29803849,2026-09-01T02:49,78385.490000,-0.999900,-0.200132,2026-09-01,262.000000,0.535469,0.463000,78411.570000,78383.020000
29803850,2026-09-01T02:50,78403.070000,0.425600,-0.076618,2026-09-01,203.000000,1.845236,0.986384,78407.850000,78385.490000
29803851,2026-09-01T02:51,78403.070000,-0.147500,0.972494,2026-09-01,179.000000,2.480696,0.604677,78410.570000,78403.060000
29803852,2026-09-01T02:52,78376.540000,0.013800,0.209088,2026-09-01,326.000000,6.232679,0.026901,78403.070000,78375.000000
29803853,2026-09-01T02:53,78390.790000,0.412600,-0.945670,2026-09-01,239.000000,2.975826,0.891842,78390.780000,78375.000000
29803854,2026-09-01T02:54,78389.240000,0.053900,0.783562,2026-09-01,202.000000,3.350380,0.217328,78390.780000,78370.000000
29803855,2026-09-01T02:55,78407.290000,1.000000,-0.549803,2026-09-01,384.000000,5.536720,0.267284,78408.760000,78369.560000
29803856,2026-09-01T02:56,78404.510000,-0.077900,-0.329345,2026-09-01,398.000000,5.643762,0.542281,78439.920000,78404.510000
29803857,2026-09-01T02:57,78398.360000,0.041800,-0.024418,2026-09-01,205.000000,4.212529,0.120767,78408.010000,78383.840000
29803858,2026-09-01T02:58,78415.240000,-0.877100,-0.758469,2026-09-01,296.000000,2.778563,0.979503,78423.300000,78398.350000
29803859,2026-09-01T02:59,78422.460000,-0.744700,0.959389,2026-09-01,211.000000,2.284921,0.953351,78422.470000,78415.230000
29803860,2026-09-01T03:00,78404.770000,0.376300,0.905680,2026-09-01,262.000000,5.957587,0.148531,78422.470000,78400.000000
29803861,2026-09-01T03:01,78404.650000,-0.085300,-0.703092,2026-09-01,333.000000,6.253296,0.167770,78427.950000,78399.770000
29803862,2026-09-01T03:02,78405.290000,0.107900,-0.664782,2026-09-01,114.000000,1.643550,0.992710,78405.300000,78403.780000
29803863,2026-09-01T03:03,78410.510000,0.192500,0.985429,2026-09-01,357.000000,6.162204,0.264264,78412.140000,78382.460000
29803864,2026-09-01T03:04,78451.070000,0.501900,-0.336193,2026-09-01,397.000000,6.265268,0.945462,78452.070000,78404.650000
29803865,2026-09-01T03:05,78454.080000,-0.668400,0.811563,2026-09-01,165.000000,1.468665,0.700455,78459.260000,78440.140000
29803866,2026-09-01T03:06,78425.210000,-0.630500,0.633821,2026-09-01,362.000000,6.880182,0.107539,78473.850000,78423.310000
29803867,2026-09-01T03:07,78417.010000,-0.756500,-0.784840,2026-09-01,254.000000,3.044918,0.862941,78449.840000,78417.010000
29803868,2026-09-01T03:08,78416.230000,0.334400,0.736255,2026-09-01,291.000000,4.450938,0.264013,78423.730000,78399.020000
29803869,2026-09-01T03:09,78417.320000,0.430500,-0.512778,2026-09-01,308.000000,3.870389,0.550698,78425.180000,78401.940000
29803870,2026-09-01T03:10,78414.930000,-0.180800,0.154465,2026-09-01,221.000000,3.510728,0.137930,78417.320000,78396.500000
29803871,2026-09-01T03:11,78443.270000,-0.731000,-0.605011,2026-09-01,471.000000,2.952553,0.932437,78450.060000,78414.940000
29803872,2026-09-01T03:12,78441.760000,-0.599400,0.837093,2026-09-01,1094.000000,5.234473,0.865557,78465.450000,78443.270000
29803873,2026-09-01T03:13,78398.850000,0.512900,0.731114,2026-09-01,283.000000,3.947522,0.032640,78441.760000,78390.000000
29803874,2026-09-01T03:14,78405.920000,0.466400,-0.934720,2026-09-01,732.000000,17.651028,0.362787,78450.070000,78352.980000
29803875,2026-09-01T03:15,78445.040000,0.584100,-0.272193,2026-09-01,348.000000,0.553407,0.725738,78446.230000,78403.550000
29803876,2026-09-01T03:16,78464.960000,0.294000,0.418938,2026-09-01,242.000000,0.820203,0.575280,78471.090000,78446.230000
29803877,2026-09-01T03:17,78427.540000,-0.161300,0.152322,2026-09-01,299.000000,2.716818,0.429689,78466.470000,78426.010000
29803878,2026-09-01T03:18,78440.180000,-0.620500,-0.141338,2026-09-01,242.000000,0.526457,0.679783,78448.550000,78427.540000
29803879,2026-09-01T03:19,78482.110000,0.099500,0.359797,2026-09-01,449.000000,2.608344,0.779587,78490.290000,78440.180000
29803880,2026-09-01T03:20,78441.580000,0.357700,0.559038,2026-09-01,305.000000,1.928907,0.465138,78487.070000,78435.550000
29803881,2026-09-01T03:21,78434.290000,0.187500,-0.142522,2026-09-01,270.000000,1.309150,0.650481,78448.310000,78430.690000
29803882,2026-09-01T03:22,78412.820000,0.970800,0.492772,2026-09-01,252.000000,1.713851,0.227218,78434.300000,78405.610000
29803883,2026-09-01T03:23,78418.540000,0.208900,-0.545564,2026-09-01,182.000000,0.739012,0.970578,78418.540000,78415.520000
29803884,2026-09-01T03:24,78418.520000,-0.347300,0.888568,2026-09-01,203.000000,0.764589,0.852834,78418.530000,78418.520000
29803885,2026-09-01T03:25,78391.880000,-0.040700,0.599274,2026-09-01,405.000000,5.842874,0.683715,78418.520000,78369.010000
29803886,2026-09-01T03:26,78396.350000,0.260000,0.511379,2026-09-01,292.000000,4.453126,0.410961,78407.600000,78390.730000
29803887,2026-09-01T03:27,78437.000000,0.364800,-0.748634,2026-09-01,352.000000,0.236162,0.907869,78438.430000,78396.350000
29803888,2026-09-01T03:28,78445.890000,-0.566000,0.769438,2026-09-01,268.000000,0.420716,0.623432,78454.880000,78437.040000
29803889,2026-09-01T03:29,78457.600000,-0.640700,0.247945,2026-09-01,173.000000,0.632327,0.821554,78459.090000,78445.890000
29803890,2026-09-01T03:30,78477.740000,1.000000,0.643764,2026-09-01,403.000000,0.969270,0.371798,78477.750000,78445.900000
29803891,2026-09-01T03:31,78513.430000,-0.586700,-0.245128,2026-09-01,441.000000,0.767275,0.574879,78524.580000,78477.750000
29803892,2026-09-01T03:32,78586.700000,-0.293500,0.165218,2026-09-01,552.000000,6.415082,0.765725,78614.990000,78515.390000
29803893,2026-09-01T03:33,78637.490000,-0.110100,0.533486,2026-09-01,266.000000,2.325186,0.801191,78649.500000,78591.940000
29803894,2026-09-01T03:34,78697.080000,0.053400,0.594106,2026-09-01,430.000000,3.791195,0.751068,78723.190000,78629.220000
29803895,2026-09-01T03:35,78741.420000,0.167300,0.454249,2026-09-01,310.000000,2.367718,0.612463,78760.530000,78690.700000
29803896,2026-09-01T03:36,78822.390000,0.440100,0.292986,2026-09-01,406.000000,3.756265,0.534754,78830.000000,78746.310000
29803897,2026-09-01T03:37,78762.210000,0.249600,0.068500,2026-09-01,386.000000,4.403768,0.413603,78824.750000,78759.010000
29803898,2026-09-01T03:38,78822.820000,0.221300,-0.174497,2026-09-01,662.000000,7.409633,0.598386,78850.000000,78762.200000
29803899,2026-09-01T03:39,78830.010000,0.384300,0.198478,2026-09-01,479.000000,4.777660,0.592182,78850.000000,78787.250000
29803900,2026-09-01T03:40,78832.260000,0.226300,0.153273,2026-09-01,397.000000,3.140124,0.659653,78847.290000,78785.000000
29803901,2026-09-01T03:41,78806.230000,-0.960500,0.375795,2026-09-01,440.000000,2.519522,0.414998,78839.510000,78786.000000
29803902,2026-09-01T03:42,78783.400000,0.392400,-0.169837,2026-09-01,340.000000,0.901799,0.317321,78825.940000,78782.400000
29803903,2026-09-01T03:43,78791.990000,0.372600,-0.341401,2026-09-01,455.000000,2.307786,0.673524,78815.990000,78774.650000
29803904,2026-09-01T03:44,78773.860000,0.174900,0.343335,2026-09-01,428.000000,6.405661,0.685952,78820.530000,78770.000000
29803905,2026-09-01T03:45,78734.710000,0.869200,0.370832,2026-09-01,267.000000,1.400267,0.396459,78773.860000,78734.700000
29803906,2026-09-01T03:46,78717.140000,-0.245000,-0.204063,2026-09-01,324.000000,8.597810,0.071343,78756.650000,78714.010000
29803907,2026-09-01T03:47,78717.140000,-0.245000,-0.857531,2026-09-01,,,,,
29803908,2026-09-01T03:48,78717.140000,-0.245000,0.000000,2026-09-01,,,,,
29803909,2026-09-01T03:49,78717.140000,-0.245000,0.000000,2026-09-01,,,,,
29803910,2026-09-01T03:50,78717.140000,-0.245000,0.000000,2026-09-01,,,,,
29803911,2026-09-01T03:51,78717.140000,-0.245000,0.000000,2026-09-01,,,,,
29803912,2026-09-01T03:52,78717.140000,-0.245000,0.000000,2026-09-01,,,,,
29803913,2026-09-01T03:53,78717.140000,-0.245000,0.000000,2026-09-01,,,,,
29803914,2026-09-01T03:54,78717.140000,-0.245000,0.000000,2026-09-01,,,,,
29803915,2026-09-01T03:55,78717.140000,-0.245000,0.000000,2026-09-01,,,,,
29803916,2026-09-01T03:56,78717.140000,-0.245000,0.000000,2026-09-01,,,,,
29803917,2026-09-01T03:57,78717.140000,-0.245000,0.000000,2026-09-01,,,,,
29803918,2026-09-01T03:58,78717.140000,-0.245000,0.000000,2026-09-01,,,,,
29803919,2026-09-01T03:59,78717.140000,-0.245000,0.000000,2026-09-01,,,,,
29803920,2026-09-01T04:00,78717.140000,-0.245000,0.000000,2026-09-01,,,,,
29803921,2026-09-01T04:01,78717.140000,-0.245000,0.000000,2026-09-01,,,,,
29803922,2026-09-01T04:02,78717.140000,-0.245000,0.000000,2026-09-01,,,,,
29803923,2026-09-01T04:03,78717.140000,-0.245000,0.000000,2026-09-01,,,,,
29803924,2026-09-01T04:04,78717.140000,-0.245000,0.000000,2026-09-01,,,,,
29803925,2026-09-01T04:05,78717.140000,-0.245000,0.000000,2026-09-01,,,,,
29803926,2026-09-01T04:06,78717.140000,-0.245000,0.000000,2026-09-01,,,,,
29803927,2026-09-01T04:07,78717.140000,-0.245000,0.000000,2026-09-01,,,,,
29803928,2026-09-01T04:08,78717.140000,-0.245000,0.000000,2026-09-01,,,,,
29803929,2026-09-01T04:09,78729.740000,0.696900,0.000000,2026-09-01,62.000000,0.042155,0.999980,78729.740000,78716.240000
29803930,2026-09-01T04:10,78729.740000,0.696900,0.999959,2026-09-01,,,,,
29803931,2026-09-01T04:11,78729.740000,0.696900,0.000000,2026-09-01,,,,,
29803932,2026-09-01T04:12,78729.740000,0.696900,0.000000,2026-09-01,,,,,
29803933,2026-09-01T04:13,78729.740000,0.696900,0.000000,2026-09-01,,,,,
29803934,2026-09-01T04:14,78729.740000,0.696900,0.000000,2026-09-01,,,,,
29803935,2026-09-01T04:15,78692.020000,0.507700,0.000000,2026-09-01,3563.000000,42.953493,0.493435,78769.350000,78607.250000
29803936,2026-09-01T04:16,78679.860000,-0.197300,-0.013131,2026-09-01,202.000000,8.490137,0.210992,78694.230000,78662.100000
29803937,2026-09-01T04:17,78723.850000,-0.072600,-0.386216,2026-09-01,609.000000,6.202431,0.841024,78737.400000,78679.870000
29803938,2026-09-01T04:18,78715.900000,0.238900,0.607759,2026-09-01,301.000000,1.502628,0.759103,78723.840000,78698.400000
29803939,2026-09-01T04:19,78687.400000,-0.128500,0.518630,2026-09-01,198.000000,8.768982,0.112252,78716.760000,78685.590000
29803940,2026-09-01T04:20,78704.640000,-0.039400,-0.775493,2026-09-01,347.000000,4.344013,0.855432,78723.880000,78685.070000
29803941,2026-09-01T04:21,78709.360000,0.151000,0.727014,2026-09-01,782.000000,11.164085,0.525120,78718.050000,78694.990000
29803942,2026-09-01T04:22,78738.460000,0.268500,0.027728,2026-09-01,306.000000,2.267451,0.261797,78744.290000,78709.360000
29803943,2026-09-01T04:23,78774.200000,0.724600,-0.476405,2026-09-01,1305.000000,8.974305,0.866729,78778.860000,78738.460000
29803944,2026-09-01T04:24,78778.820000,0.077000,0.733486,2026-09-01,297.000000,6.777750,0.131331,78778.820000,78755.180000
29803945,2026-09-01T04:25,78817.050000,0.570700,-0.737554,2026-09-01,971.000000,10.909278,0.951718,78824.610000,78778.810000
29803946,2026-09-01T04:26,78841.180000,0.150800,0.903446,2026-09-01,583.000000,12.313381,0.658423,78888.000000,78815.700000
29803947,2026-09-01T04:27,78814.200000,-0.128800,0.316845,2026-09-01,232.000000,1.587525,0.357606,78841.200000,78812.070000
29803948,2026-09-01T04:28,78788.760000,-0.165800,-0.280784,2026-09-01,163.000000,2.433612,0.832443,78814.200000,78788.420000
29803949,2026-09-01T04:29,78801.620000,-0.917600,0.675920,2026-09-01,427.000000,6.548624,0.781668,78820.000000,78788.750000
29803950,2026-09-01T04:30,78828.600000,-0.999900,0.559856,2026-09-01,390.000000,2.172482,0.514343,78836.990000,78792.060000
29803951,2026-09-01T04:31,78799.510000,-0.235300,0.012631,2026-09-01,319.000000,1.326954,0.564537,78828.600000,78795.200000
29803952,2026-09-01T04:32,78774.380000,-0.400000,0.128588,2026-09-01,234.000000,0.964008,0.762245,78804.130000,78771.080000
29803953,2026-09-01T04:33,78758.900000,0.754200,0.502464,2026-09-01,192.000000,0.663232,0.895093,78774.090000,78758.900000
29803954,2026-09-01T04:34,78727.850000,0.783800,0.830686,2026-09-01,302.000000,2.523249,0.790941,78771.990000,78711.920000
29803955,2026-09-01T04:35,78693.710000,0.434800,-0.393374,2026-09-01,317.000000,5.721718,0.156782,78727.840000,78693.020000
29803956,2026-09-01T04:36,78700.300000,0.456500,0.075860,2026-09-01,299.000000,0.989982,0.584852,78712.310000,78693.710000
29803957,2026-09-01T04:37,78725.820000,0.702000,0.168767,2026-09-01,384.000000,1.097899,0.605968,78727.920000,78685.410000
29803958,2026-09-01T04:38,78716.040000,0.436000,0.211918,2026-09-01,225.000000,0.735482,0.446646,78725.820000,78715.840000
29803959,2026-09-01T04:39,78702.830000,0.438900,-0.097304,2026-09-01,180.000000,0.689284,0.366371,78725.820000,78699.520000
29803960,2026-09-01T04:40,78707.260000,0.192900,-0.278927,2026-09-01,244.000000,0.724541,0.430673,78713.650000,78702.820000
29803961,2026-09-01T04:41,78691.990000,0.348600,-0.138654,2026-09-01,255.000000,1.250391,0.515554,78716.300000,78690.010000
29803962,2026-09-01T04:42,78708.520000,0.997400,0.031854,2026-09-01,250.000000,0.886523,0.733746,78708.530000,78688.750000
29803963,2026-09-01T04:43,78715.680000,-0.549800,0.467651,2026-09-01,296.000000,0.434450,0.294217,78728.990000,78708.530000
29803964,2026-09-01T04:44,78690.540000,0.483300,-0.415566,2026-09-01,164.000000,0.774843,0.411488,78715.680000,78690.530000
29803965,2026-09-01T04:45,78712.580000,-0.110800,-0.177024,2026-09-01,238.000000,0.268290,0.988452,78712.580000,78690.530000
29803966,2026-09-01T04:46,78721.730000,0.060200,0.976905,2026-09-01,348.000000,0.777552,0.429067,78724.180000,78709.440000
29803967,2026-09-01T04:47,78729.830000,0.355000,-0.141900,2026-09-01,316.000000,2.969785,0.304053,78739.580000,78711.040000
29803968,2026-09-01T04:48,78742.680000,0.956000,-0.385316,2026-09-01,223.000000,1.530310,0.995913,78748.660000,78730.400000
29803969,2026-09-01T04:49,78754.300000,-0.591100,0.991749,2026-09-01,282.000000,1.079474,0.894170,78754.310000,78742.680000
29803970,2026-09-01T04:50,78699.390000,0.140800,0.788341,2026-09-01,333.000000,2.706704,0.833059,78765.510000,78698.400000
29803971,2026-09-01T04:51,78690.540000,0.930500,0.666111,2026-09-01,215.000000,4.953403,0.155679,78695.540000,78659.490000
29803972,2026-09-01T04:52,78711.420000,0.314900,-0.688725,2026-09-01,315.000000,0.926750,0.822079,78721.230000,78683.570000
29803973,2026-09-01T04:53,78703.210000,-0.524800,0.644157,2026-09-01,233.000000,1.904080,0.103370,78719.750000,78699.750000
29803974,2026-09-01T04:54,78718.020000,0.181400,-0.792125,2026-09-01,240.000000,0.435174,0.657596,78721.330000,78703.200000
29803975,2026-09-01T04:55,78720.260000,-0.830600,0.313290,2026-09-01,284.000000,1.474865,0.722082,78741.060000,78714.320000
29803976,2026-09-01T04:56,78705.390000,-0.604600,0.444164,2026-09-01,102.000000,0.349250,0.430374,78720.270000,78705.380000
29803977,2026-09-01T04:57,78673.080000,-0.472500,0.523503,2026-09-01,164.000000,2.295003,0.261626,78708.570000,78672.940000
29803978,2026-09-01T04:58,78707.960000,0.292200,-0.873247,2026-09-01,666.000000,18.551957,0.743746,78725.630000,78655.980000
29803979,2026-09-01T04:59,78704.490000,0.667700,0.487495,2026-09-01,362.000000,6.497372,0.343054,78711.130000,78675.360000
29803980,2026-09-01T05:00,78744.670000,0.011300,-0.310111,2026-09-01,417.000000,0.511704,0.612693,78744.670000,78704.490000
29803981,2026-09-01T05:01,78741.820000,0.440700,0.195919,2026-09-01,347.000000,0.874353,0.698557,78756.590000,78716.140000
29803982,2026-09-01T05:02,78799.990000,0.411000,0.397049,2026-09-01,382.000000,0.493527,0.769617,78800.000000,78741.810000
29803983,2026-09-01T05:03,78828.450000,-0.453700,0.528504,2026-09-01,287.000000,1.953760,0.855248,78840.230000,78799.990000
29803984,2026-09-01T05:04,78881.990000,0.250400,0.714068,2026-09-01,219.000000,0.260084,0.829474,78882.000000,78828.440000
29803985,2026-09-01T05:05,78939.070000,0.501700,0.821447,2026-09-01,472.000000,5.382158,0.312821,78939.060000,78865.720000
29803986,2026-09-01T05:06,78895.960000,-0.123700,-0.447346,2026-09-01,586.000000,2.242342,0.403949,78953.530000,78895.950000
29803987,2026-09-01T05:07,78854.320000,0.113200,-0.156418,2026-09-01,345.000000,0.844424,0.563729,78895.960000,78845.550000
29803988,2026-09-01T05:08,78910.950000,0.005600,0.087830,2026-09-01,498.000000,2.693459,0.689619,78934.050000,78847.630000
29803989,2026-09-01T05:09,78911.350000,0.009400,0.394117,2026-09-01,328.000000,0.644586,0.816845,78911.370000,78892.000000
29803990,2026-09-01T05:10,78857.710000,-0.098500,0.633689,2026-09-01,343.000000,0.617890,0.181213,78911.350000,78855.710000
29803991,2026-09-01T05:11,78846.850000,0.247500,-0.621190,2026-09-01,277.000000,1.054550,0.287449,78869.500000,78848.150000
29803992,2026-09-01T05:12,78842.320000,0.927100,-0.433278,2026-09-01,604.000000,35.411021,0.014891,78848.140000,78816.010000
29803993,2026-09-01T05:13,78844.890000,0.232400,-0.970230,2026-09-01,250.000000,0.680030,0.813806,78848.130000,78842.310000
29803994,2026-09-01T05:14,78837.570000,-0.989600,0.622191,2026-09-01,206.000000,0.132193,0.850724,78842.310000,78834.280000
29803995,2026-09-01T05:15,78849.400000,-0.839800,0.822018,2026-09-01,431.000000,2.430315,0.626814,78875.120000,78834.280000
29803996,2026-09-01T05:16,78853.520000,0.541700,0.232440,2026-09-01,290.000000,0.617850,0.440645,78860.130000,78834.010000
29803997,2026-09-01T05:17,78850.890000,-0.974000,-0.117150,2026-09-01,306.000000,0.877282,0.500577,78866.160000,78831.500000
29803998,2026-09-01T05:18,78831.510000,-0.409000,0.000072,2026-09-01,295.000000,2.471178,0.145419,78860.610000,78831.500000
29803999,2026-09-01T05:19,78810.740000,0.266900,-0.711718,2026-09-01,287.000000,0.661102,0.612694,78837.070000,78810.740000
29804000,2026-09-01T05:20,78796.880000,0.047300,0.270255,2026-09-01,232.000000,0.756504,0.788486,78810.750000,78796.870000
29804001,2026-09-01T05:21,78768.570000,-0.076300,0.577119,2026-09-01,351.000000,2.937707,0.892893,78800.020000,78768.560000
29804002,2026-09-01T05:22,78785.080000,0.767900,0.785781,2026-09-01,285.000000,1.132976,0.686599,78785.080000,78768.560000
29804003,2026-09-01T05:23,78771.580000,0.403700,0.373369,2026-09-01,177.000000,0.608675,0.239702,78789.610000,78768.560000
29804004,2026-09-01T05:24,78786.580000,0.444000,-0.495698,2026-09-01,221.000000,0.329856,0.849741,78786.580000,78771.580000
29804005,2026-09-01T05:25,78807.860000,0.068500,0.691312,2026-09-01,374.000000,2.177352,0.951973,78839.960000,78786.570000
29804006,2026-09-01T05:26,78863.140000,0.512300,0.903937,2026-09-01,277.000000,13.243920,0.992375,78863.150000,78807.850000
29804007,2026-09-01T05:27,78858.140000,-0.432900,0.984749,2026-09-01,28.000000,0.006542,0.701592,78863.140000,78858.140000
29804008,2026-09-01T05:28,78858.140000,-0.432900,0.403247,2026-09-01,,,,,
29804009,2026-09-01T05:29,78858.140000,-0.432900,0.000000,2026-09-01,,,,,
29804010,2026-09-01T05:30,78858.140000,-0.432900,0.000000,2026-09-01,,,,,
29804011,2026-09-01T05:31,78858.140000,-0.432900,0.000000,2026-09-01,,,,,
29804012,2026-09-01T05:32,78858.140000,-0.432900,0.000000,2026-09-01,,,,,
29804013,2026-09-01T05:33,78858.140000,-0.432900,0.000000,2026-09-01,,,,,
29804014,2026-09-01T05:34,78858.140000,-0.432900,0.000000,2026-09-01,,,,,
29804015,2026-09-01T05:35,78858.140000,-0.432900,0.000000,2026-09-01,,,,,
29804016,2026-09-01T05:36,78858.140000,-0.432900,0.000000,2026-09-01,,,,,
29804017,2026-09-01T05:37,78858.140000,-0.432900,0.000000,2026-09-01,,,,,
29804018,2026-09-01T05:38,78858.140000,-0.432900,0.000000,2026-09-01,,,,,
29804019,2026-09-01T05:39,78858.140000,-0.432900,0.000000,2026-09-01,,,,,
29804020,2026-09-01T05:40,78858.140000,-0.432900,0.000000,2026-09-01,,,,,
29804021,2026-09-01T05:41,78858.140000,-0.432900,0.000000,2026-09-01,,,,,
29804022,2026-09-01T05:42,78858.140000,-0.432900,0.000000,2026-09-01,,,,,
29804023,2026-09-01T05:43,78858.140000,-0.643300,0.000000,2026-09-01,1.000000,0.000000,0.000000,79113.010000,79113.010000
29804024,2026-09-01T05:44,78858.140000,-0.643300,-1.000000,2026-09-01,,,,,
29804025,2026-09-01T05:45,79113.010000,-0.376900,0.000000,2026-09-01,3.000000,0.000001,0.000000,79113.010000,79113.000000
29804026,2026-09-01T05:46,79113.010000,-0.376900,-1.000000,2026-09-01,,,,,
29804027,2026-09-01T05:47,79113.010000,-0.376900,0.000000,2026-09-01,,,,,
29804028,2026-09-01T05:48,79113.010000,-0.376900,0.000000,2026-09-01,1.000000,0.000000,0.000000,79098.750000,79098.750000
29804029,2026-09-01T05:49,79098.760000,-0.767200,-1.000000,2026-09-01,5.000000,0.001229,0.999788,79098.760000,79098.750000
29804030,2026-09-01T05:50,79098.760000,-0.767200,0.999577,2026-09-01,,,,,
29804031,2026-09-01T05:51,79098.760000,-0.767200,0.000000,2026-09-01,,,,,
29804032,2026-09-01T05:52,79098.760000,-0.767200,0.000000,2026-09-01,,,,,
29804033,2026-09-01T05:53,79098.760000,-0.767200,0.000000,2026-09-01,,,,,
29804034,2026-09-01T05:54,79098.760000,-0.767200,0.000000,2026-09-01,,,,,
29804035,2026-09-01T05:55,79098.760000,-0.767200,0.000000,2026-09-01,,,,,
29804036,2026-09-01T05:56,79098.760000,-0.767200,0.000000,2026-09-01,,,,,
29804037,2026-09-01T05:57,79098.760000,-0.767200,0.000000,2026-09-01,,,,,
29804038,2026-09-01T05:58,79098.760000,-0.767200,0.000000,2026-09-01,,,,,
29804039,2026-09-01T05:59,79098.760000,-0.767200,0.000000,2026-09-01,,,,,
29804040,2026-09-01T06:00,79098.760000,-0.767200,0.000000,2026-09-01,,,,,
29804041,2026-09-01T06:01,79098.760000,-0.767200,0.000000,2026-09-01,,,,,
29804042,2026-09-01T06:02,79098.760000,-0.767200,0.000000,2026-09-01,,,,,
29804043,2026-09-01T06:03,79098.760000,-0.767200,0.000000,2026-09-01,,,,,
29804044,2026-09-01T06:04,79098.760000,-0.767200,0.000000,2026-09-01,,,,,
29804045,2026-09-01T06:05,79044.040000,0.454500,0.000000,2026-09-01,97.000000,8.927913,0.051379,79044.050000,79016.990000
29804046,2026-09-01T06:06,79025.110000,-0.342400,-0.897242,2026-09-01,176.000000,1.635318,0.371929,79049.620000,79025.100000
29804047,2026-09-01T06:07,79023.360000,-0.404700,-0.256143,2026-09-01,400.000000,10.592928,0.144390,79030.520000,79000.880000
29804048,2026-09-01T06:08,79019.390000,0.237200,-0.711219,2026-09-01,51.000000,0.557218,0.360245,79023.370000,79012.770000
29804049,2026-09-01T06:09,79019.390000,0.237200,-0.279510,2026-09-01,,,,,
29804050,2026-09-01T06:10,79019.390000,0.237200,0.000000,2026-09-01,,,,,
29804051,2026-09-01T06:11,79019.390000,0.237200,0.000000,2026-09-01,,,,,
29804052,2026-09-01T06:12,79019.390000,0.237200,0.000000,2026-09-01,,,,,
29804053,2026-09-01T06:13,79019.390000,0.237200,0.000000,2026-09-01,,,,,
29804054,2026-09-01T06:14,79019.390000,0.237200,0.000000,2026-09-01,,,,,
29804055,2026-09-01T06:15,79019.390000,0.237200,0.000000,2026-09-01,,,,,
29804056,2026-09-01T06:16,79019.390000,0.237200,0.000000,2026-09-01,,,,,
29804057,2026-09-01T06:17,79019.390000,0.237200,0.000000,2026-09-01,,,,,
29804058,2026-09-01T06:18,79019.390000,0.237200,0.000000,2026-09-01,,,,,
29804059,2026-09-01T06:19,79019.390000,0.237200,0.000000,2026-09-01,,,,,
29804060,2026-09-01T06:20,79019.390000,0.237200,0.000000,2026-09-01,,,,,
29804061,2026-09-01T06:21,79019.390000,0.237200,0.000000,2026-09-01,,,,,
29804062,2026-09-01T06:22,79019.390000,0.237200,0.000000,2026-09-01,,,,,
29804063,2026-09-01T06:23,79019.390000,0.236100,0.000000,2026-09-01,,,,,
29804064,2026-09-01T06:24,78814.360000,0.308000,0.000000,2026-09-01,4567.000000,49.267758,0.303613,79019.390000,78810.670000
29804065,2026-09-01T06:25,78840.540000,0.982800,-0.392773,2026-09-01,278.000000,1.418413,0.589462,78840.550000,78789.360000
29804066,2026-09-01T06:26,78849.010000,-0.599200,0.325248,2026-09-01,274.000000,3.126565,0.705419,78859.060000,78840.010000
29804067,2026-09-01T06:27,78842.240000,-0.221600,0.304767,2026-09-01,95.000000,0.471748,0.308953,78849.010000,78842.240000
29804068,2026-09-01T06:28,78866.110000,-0.412800,-0.067526,2026-09-01,520.000000,7.112708,0.534826,78895.670000,78842.250000
29804069,2026-09-01T06:29,78863.110000,0.852400,0.065797,2026-09-01,108.000000,0.675788,0.496010,78867.640000,78863.110000
29804070,2026-09-01T06:30,78872.610000,0.124500,-0.053241,2026-09-01,425.000000,1.404948,0.332588,78914.160000,78863.110000
29804071,2026-09-01T06:31,78885.010000,0.805300,-0.335937,2026-09-01,176.000000,0.648657,0.476712,78893.640000,78872.600000
29804072,2026-09-01T06:32,78894.990000,-0.375800,-0.047528,2026-09-01,249.000000,1.028534,0.360944,78903.070000,78885.000000
29804073,2026-09-01T06:33,78911.110000,0.335900,-0.278112,2026-09-01,147.000000,0.741831,0.383256,78916.220000,78891.210000
29804074,2026-09-01T06:34,78911.110000,-0.556300,-0.233656,2026-09-01,18.000000,0.004489,0.925903,78911.110000,78911.100000
29804075,2026-09-01T06:35,78911.110000,-0.556300,0.921330,2026-09-01,,,,,
29804076,2026-09-01T06:36,78911.110000,-0.556300,0.000000,2026-09-01,,,,,
29804077,2026-09-01T06:37,78911.110000,-0.556300,0.000000,2026-09-01,,,,,
29804078,2026-09-01T06:38,78911.110000,-0.556300,0.000000,2026-09-01,,,,,
29804079,2026-09-01T06:39,78911.110000,-0.556300,0.000000,2026-09-01,,,,,
29804080,2026-09-01T06:40,78911.110000,-0.556300,0.000000,2026-09-01,,,,,
29804081,2026-09-01T06:41,78911.110000,-0.556300,0.000000,2026-09-01,,,,,
29804082,2026-09-01T06:42,78911.110000,-0.556300,0.000000,2026-09-01,,,,,
29804083,2026-09-01T06:43,78911.110000,-0.556300,0.000000,2026-09-01,,,,,
29804084,2026-09-01T06:44,78911.110000,-0.556300,0.000000,2026-09-01,,,,,
29804085,2026-09-01T06:45,78911.110000,-0.556300,0.000000,2026-09-01,,,,,
29804086,2026-09-01T06:46,78911.110000,-0.556300,0.000000,2026-09-01,,,,,
29804087,2026-09-01T06:47,78911.110000,-0.556300,0.000000,2026-09-01,,,,,
29804088,2026-09-01T06:48,78911.110000,-0.556300,0.000000,2026-09-01,,,,,
29804089,2026-09-01T06:49,78911.110000,-0.556300,0.000000,2026-09-01,,,,,
29804090,2026-09-01T06:50,78822.260000,0.362200,0.000000,2026-09-01,122.000000,0.152818,0.514331,78824.060000,78822.260000
29804091,2026-09-01T06:51,78822.260000,0.453500,0.028662,2026-09-01,,,,,
29804092,2026-09-01T06:52,78822.260000,0.453500,0.000000,2026-09-01,,,,,
29804093,2026-09-01T06:53,78822.260000,0.453500,0.000000,2026-09-01,,,,,
29804094,2026-09-01T06:54,78822.260000,0.453500,0.000000,2026-09-01,,,,,
29804095,2026-09-01T06:55,78822.260000,0.453500,0.000000,2026-09-01,,,,,
29804096,2026-09-01T06:56,78822.260000,0.453500,0.000000,2026-09-01,,,,,
29804097,2026-09-01T06:57,78822.260000,0.453500,0.000000,2026-09-01,,,,,
29804098,2026-09-01T06:58,78822.260000,0.453500,0.000000,2026-09-01,,,,,
29804099,2026-09-01T06:59,78822.260000,0.453500,0.000000,2026-09-01,,,,,
29804100,2026-09-01T07:00,78822.260000,0.453500,0.000000,2026-09-01,,,,,
29804101,2026-09-01T07:01,78822.260000,0.453500,0.000000,2026-09-01,,,,,
29804102,2026-09-01T07:02,78822.260000,0.453500,0.000000,2026-09-01,,,,,
29804103,2026-09-01T07:03,78822.260000,0.453500,0.000000,2026-09-01,,,,,
29804104,2026-09-01T07:04,78822.260000,0.453500,0.000000,2026-09-01,,,,,
29804105,2026-09-01T07:05,78822.260000,0.453500,0.000000,2026-09-01,,,,,
29804106,2026-09-01T07:06,78822.260000,0.453500,0.000000,2026-09-01,,,,,
29804107,2026-09-01T07:07,78781.520000,-0.039000,0.000000,2026-09-01,242.000000,0.880393,0.740156,78781.530000,78732.010000
29804108,2026-09-01T07:08,78781.520000,-0.039000,0.480312,2026-09-01,,,,,
29804109,2026-09-01T07:09,78781.520000,-0.039000,0.000000,2026-09-01,,,,,
29804110,2026-09-01T07:10,78781.520000,-0.039000,0.000000,2026-09-01,,,,,
29804111,2026-09-01T07:11,78781.520000,-0.039000,0.000000,2026-09-01,,,,,
29804112,2026-09-01T07:12,78781.520000,-0.039000,0.000000,2026-09-01,,,,,
29804113,2026-09-01T07:13,78781.520000,-0.039000,0.000000,2026-09-01,,,,,
29804114,2026-09-01T07:14,78698.050000,0.878400,0.000000,2026-09-01,10.000000,0.021950,0.940976,78698.060000,78698.050000
29804115,2026-09-01T07:15,78715.580000,0.480500,0.987393,2026-09-01,273.000000,0.542684,0.972189,78718.530000,78698.050000
29804116,2026-09-01T07:16,78729.140000,-0.021400,0.915941,2026-09-01,243.000000,0.961759,0.370275,78739.580000,78715.570000
29804117,2026-09-01T07:17,78729.140000,-0.021400,-0.259449,2026-09-01,,,,,
29804118,2026-09-01T07:18,78729.140000,-0.021400,0.000000,2026-09-01,,,,,
29804119,2026-09-01T07:19,78729.140000,-0.021400,0.000000,2026-09-01,,,,,
29804120,2026-09-01T07:20,78729.140000,-0.021400,0.000000,2026-09-01,,,,,
29804121,2026-09-01T07:21,78729.140000,-0.021400,0.000000,2026-09-01,,,,,
29804122,2026-09-01T07:22,78729.140000,-0.021400,0.000000,2026-09-01,,,,,
29804123,2026-09-01T07:23,78729.140000,-0.021400,0.000000,2026-09-01,,,,,
29804124,2026-09-01T07:24,78729.140000,-0.021400,0.000000,2026-09-01,,,,,
29804125,2026-09-01T07:25,78729.140000,-0.021400,0.000000,2026-09-01,,,,,
29804126,2026-09-01T07:26,78729.140000,-0.021400,0.000000,2026-09-01,,,,,
29804127,2026-09-01T07:27,78729.140000,-0.021400,0.000000,2026-09-01,,,,,
29804128,2026-09-01T07:28,78729.140000,-0.021400,0.000000,2026-09-01,,,,,
29804129,2026-09-01T07:29,78729.140000,-0.021400,0.000000,2026-09-01,,,,,
29804130,2026-09-01T07:30,78729.140000,-0.021400,0.000000,2026-09-01,,,,,
29804131,2026-09-01T07:31,78729.140000,-0.021400,0.000000,2026-09-01,,,,,
29804132,2026-09-01T07:32,78748.270000,0.516700,0.000000,2026-09-01,75.000000,0.517620,0.232495,78753.770000,78747.120000
29804133,2026-09-01T07:33,78732.900000,0.297200,-0.535009,2026-09-01,136.000000,0.984376,0.192710,78755.280000,78732.900000
29804134,2026-09-01T07:34,78759.960000,0.852800,-0.467095,2026-09-01,199.000000,0.643550,0.833879,78760.410000,78735.010000
29804135,2026-09-01T07:35,78759.960000,0.852800,0.607386,2026-09-01,,,,,
29804136,2026-09-01T07:36,78759.960000,0.852800,0.000000,2026-09-01,,,,,
29804137,2026-09-01T07:37,78759.960000,0.852800,0.000000,2026-09-01,,,,,
29804138,2026-09-01T07:38,78759.960000,0.852800,0.000000,2026-09-01,,,,,
29804139,2026-09-01T07:39,78759.960000,0.852800,0.000000,2026-09-01,,,,,
29804140,2026-09-01T07:40,78759.960000,0.852800,0.000000,2026-09-01,,,,,
29804141,2026-09-01T07:41,78759.960000,0.852800,0.000000,2026-09-01,,,,,
29804142,2026-09-01T07:42,78759.960000,0.852800,0.000000,2026-09-01,,,,,
29804143,2026-09-01T07:43,78759.960000,0.852800,0.000000,2026-09-01,,,,,
29804144,2026-09-01T07:44,78759.960000,0.852800,0.000000,2026-09-01,,,,,
29804145,2026-09-01T07:45,78759.960000,0.852800,0.000000,2026-09-01,,,,,
29804146,2026-09-01T07:46,78759.960000,0.852800,0.000000,2026-09-01,,,,,
29804147,2026-09-01T07:47,78759.960000,0.852800,0.000000,2026-09-01,,,,,
29804148,2026-09-01T07:48,78759.960000,0.852800,0.000000,2026-09-01,,,,,
29804149,2026-09-01T07:49,78759.960000,0.852800,0.000000,2026-09-01,,,,,
29804150,2026-09-01T07:50,78635.260000,0.043200,0.000000,2026-09-01,32.000000,0.047973,0.117193,78637.870000,78635.260000
29804151,2026-09-01T07:51,78626.260000,0.265700,-0.765615,2026-09-01,112.000000,0.179471,0.292023,78637.510000,78633.340000
29804152,2026-09-01T07:52,78626.260000,0.265700,-0.415953,2026-09-01,,,,,
29804153,2026-09-01T07:53,78626.260000,0.265700,0.000000,2026-09-01,,,,,
29804154,2026-09-01T07:54,78626.260000,0.265700,0.000000,2026-09-01,,,,,
29804155,2026-09-01T07:55,78626.260000,0.265700,0.000000,2026-09-01,,,,,
29804156,2026-09-01T07:56,78626.260000,0.265700,0.000000,2026-09-01,,,,,
29804157,2026-09-01T07:57,78626.260000,0.265700,0.000000,2026-09-01,,,,,
29804158,2026-09-01T07:58,78626.260000,0.265700,0.000000,2026-09-01,,,,,
29804159,2026-09-01T07:59,78626.260000,0.265700,0.000000,2026-09-01,,,,,
29804160,2026-09-01T08:00,78626.260000,0.265700,0.000000,2026-09-01,,,,,
29804161,2026-09-01T08:01,78626.260000,0.265700,0.000000,2026-09-01,,,,,
29804162,2026-09-01T08:02,78626.260000,0.265700,0.000000,2026-09-01,,,,,
29804163,2026-09-01T08:03,78626.260000,0.265700,0.000000,2026-09-01,,,,,
29804164,2026-09-01T08:04,78626.260000,0.265700,0.000000,2026-09-01,,,,,
29804165,2026-09-01T08:05,78626.260000,0.265700,0.000000,2026-09-01,,,,,
29804166,2026-09-01T08:06,78626.260000,0.265700,0.000000,2026-09-01,,,,,
29804167,2026-09-01T08:07,78626.260000,0.265700,0.000000,2026-09-01,,,,,
29804168,2026-09-01T08:08,78304.650000,0.023100,0.000000,2026-09-01,102.000000,1.399921,0.362067,78304.660000,78274.900000
29804169,2026-09-01T08:09,78284.170000,0.319100,-0.159106,2026-09-01,535.000000,4.491814,0.584671,78353.510000,78266.260000
29804170,2026-09-01T08:10,78290.170000,0.400100,0.142084,2026-09-01,384.000000,5.693929,0.677606,78320.010000,78280.340000
29804171,2026-09-01T08:11,78278.260000,-0.235100,0.355516,2026-09-01,269.000000,3.775380,0.615845,78291.690000,78262.810000
29804172,2026-09-01T08:12,78278.260000,-0.235100,0.231690,2026-09-01,,,,,
29804173,2026-09-01T08:13,78278.260000,-0.235100,0.000000,2026-09-01,,,,,
29804174,2026-09-01T08:14,78278.260000,-0.235100,0.000000,2026-09-01,,,,,
29804175,2026-09-01T08:15,78278.260000,-0.235100,0.000000,2026-09-01,,,,,
29804176,2026-09-01T08:16,78278.260000,-0.235100,0.000000,2026-09-01,,,,,
29804177,2026-09-01T08:17,78278.260000,-0.235100,0.000000,2026-09-01,,,,,
29804178,2026-09-01T08:18,78278.260000,-0.235100,0.000000,2026-09-01,,,,,
29804179,2026-09-01T08:19,78278.260000,-0.235100,0.000000,2026-09-01,,,,,
29804180,2026-09-01T08:20,78278.260000,-0.235100,0.000000,2026-09-01,,,,,
29804181,2026-09-01T08:21,78278.260000,-0.235100,0.000000,2026-09-01,,,,,
29804182,2026-09-01T08:22,78278.260000,-0.235100,0.000000,2026-09-01,,,,,
29804183,2026-09-01T08:23,78278.260000,-0.235100,0.000000,2026-09-01,,,,,
29804184,2026-09-01T08:24,78278.260000,-0.235100,0.000000,2026-09-01,,,,,
29804185,2026-09-01T08:25,78278.260000,-0.235100,0.000000,2026-09-01,,,,,
29804186,2026-09-01T08:26,78278.260000,-0.235100,0.000000,2026-09-01,,,,,
29804187,2026-09-01T08:27,77954.300000,-0.103500,0.000000,2026-09-01,243.000000,2.716231,0.746945,77975.830000,77932.200000
29804188,2026-09-01T08:28,77907.420000,-0.522900,0.494029,2026-09-01,491.000000,6.309456,0.254201,77954.310000,77889.600000
29804189,2026-09-01T08:29,77859.730000,0.134100,-0.491048,2026-09-01,330.000000,5.828440,0.268684,77910.400000,77838.310000
29804190,2026-09-01T08:30,77859.730000,0.134100,-0.463404,2026-09-01,,,,,
29804191,2026-09-01T08:31,77859.730000,0.134100,0.000000,2026-09-01,,,,,
29804192,2026-09-01T08:32,77859.730000,0.134100,0.000000,2026-09-01,,,,,
29804193,2026-09-01T08:33,77859.730000,0.134100,0.000000,2026-09-01,,,,,
29804194,2026-09-01T08:34,77859.730000,0.134100,0.000000,2026-09-01,,,,,
29804195,2026-09-01T08:35,77859.730000,0.134100,0.000000,2026-09-01,,,,,
29804196,2026-09-01T08:36,77859.730000,0.134100,0.000000,2026-09-01,,,,,
29804197,2026-09-01T08:37,77859.730000,0.134100,0.000000,2026-09-01,,,,,
29804198,2026-09-01T08:38,77859.730000,0.134100,0.000000,2026-09-01,,,,,
29804199,2026-09-01T08:39,77859.730000,0.134100,0.000000,2026-09-01,,,,,
29804200,2026-09-01T08:40,77859.730000,0.134100,0.000000,2026-09-01,,,,,
29804201,2026-09-01T08:41,77859.730000,0.134100,0.000000,2026-09-01,,,,,
29804202,2026-09-01T08:42,77859.730000,0.134100,0.000000,2026-09-01,,,,,
29804203,2026-09-01T08:43,77859.730000,0.134100,0.000000,2026-09-01,,,,,
29804204,2026-09-01T08:44,77859.730000,0.134100,0.000000,2026-09-01,,,,,
29804205,2026-09-01T08:45,77859.730000,0.134100,0.000000,2026-09-01,,,,,
29804206,2026-09-01T08:46,77984.990000,0.190600,0.000000,2026-09-01,171.000000,1.131964,0.755731,78004.740000,77984.990000
29804207,2026-09-01T08:47,77985.210000,-0.337100,0.510875,2026-09-01,95.000000,0.685835,0.429706,77993.130000,77983.850000
29804208,2026-09-01T08:48,77985.210000,-0.337100,-0.140036,2026-09-01,,,,,
29804209,2026-09-01T08:49,77985.210000,-0.337100,0.000000,2026-09-01,,,,,
29804210,2026-09-01T08:50,77985.210000,-0.337100,0.000000,2026-09-01,,,,,
29804211,2026-09-01T08:51,77985.210000,-0.337100,0.000000,2026-09-01,,,,,
29804212,2026-09-01T08:52,77985.210000,-0.337100,0.000000,2026-09-01,,,,,
29804213,2026-09-01T08:53,77985.210000,-0.337100,0.000000,2026-09-01,,,,,
29804214,2026-09-01T08:54,77985.210000,-0.337100,0.000000,2026-09-01,,,,,
29804215,2026-09-01T08:55,77985.210000,-0.337100,0.000000,2026-09-01,,,,,
29804216,2026-09-01T08:56,77985.210000,-0.337100,0.000000,2026-09-01,,,,,
29804217,2026-09-01T08:57,77985.210000,-0.337100,0.000000,2026-09-01,,,,,
29804218,2026-09-01T08:58,77985.210000,-0.337100,0.000000,2026-09-01,,,,,
29804219,2026-09-01T08:59,77985.210000,-0.337100,0.000000,2026-09-01,,,,,
29804220,2026-09-01T09:00,77985.210000,-0.337100,0.000000,2026-09-01,,,,,
29804221,2026-09-01T09:01,77985.210000,-0.337100,0.000000,2026-09-01,,,,,
29804222,2026-09-01T09:02,77985.210000,-0.337100,0.000000,2026-09-01,,,,,
29804223,2026-09-01T09:03,77985.210000,-0.337100,0.000000,2026-09-01,,,,,
29804224,2026-09-01T09:04,77985.210000,-0.337100,0.000000,2026-09-01,,,,,
29804225,2026-09-01T09:05,77985.210000,-0.337100,0.000000,2026-09-01,,,,,
29804226,2026-09-01T09:06,77985.210000,-0.337100,0.000000,2026-09-01,,,,,
29804227,2026-09-01T09:07,77985.210000,-0.337100,0.000000,2026-09-01,,,,,
29804228,2026-09-01T09:08,77882.360000,0.279700,0.000000,2026-09-01,135.000000,1.163578,0.514547,77890.090000,77864.980000
29804229,2026-09-01T09:09,77868.640000,-0.035700,-0.140931,2026-09-01,60.000000,0.889489,0.422418,77880.370000,77868.640000
29804230,2026-09-01T09:10,77868.640000,-0.035700,0.139981,2026-09-01,,,,,
29804231,2026-09-01T09:11,77868.640000,-0.035700,0.000000,2026-09-01,,,,,
29804232,2026-09-01T09:12,77868.640000,-0.035700,0.000000,2026-09-01,,,,,
29804233,2026-09-01T09:13,77868.640000,-0.035700,0.000000,2026-09-01,,,,,
29804234,2026-09-01T09:14,77868.640000,-0.035700,0.000000,2026-09-01,,,,,
29804235,2026-09-01T09:15,77868.640000,-0.035700,0.000000,2026-09-01,,,,,
29804236,2026-09-01T09:16,77868.640000,-0.035700,0.000000,2026-09-01,,,,,
29804237,2026-09-01T09:17,77868.640000,-0.035700,0.000000,2026-09-01,,,,,
29804238,2026-09-01T09:18,77868.640000,-0.035700,0.000000,2026-09-01,,,,,
29804239,2026-09-01T09:19,77868.640000,-0.035700,0.000000,2026-09-01,,,,,
29804240,2026-09-01T09:20,77868.640000,-0.035700,0.000000,2026-09-01,,,,,
29804241,2026-09-01T09:21,77868.640000,-0.035700,0.000000,2026-09-01,,,,,
29804242,2026-09-01T09:22,77868.640000,-0.035700,0.000000,2026-09-01,,,,,
29804243,2026-09-01T09:23,77868.640000,-0.035700,0.000000,2026-09-01,,,,,
29804244,2026-09-01T09:24,77868.640000,-0.060300,0.000000,2026-09-01,,,,,
29804245,2026-09-01T09:25,77868.640000,-0.060300,0.000000,2026-09-01,,,,,
29804246,2026-09-01T09:26,77868.640000,-0.060300,0.000000,2026-09-01,,,,,
29804247,2026-09-01T09:27,77868.640000,-0.060300,0.000000,2026-09-01,,,,,
29804248,2026-09-01T09:28,77868.640000,-0.060300,0.000000,2026-09-01,,,,,
29804249,2026-09-01T09:29,77868.640000,-0.060300,0.000000,2026-09-01,,,,,
29804250,2026-09-01T09:30,77868.640000,-0.060300,0.000000,2026-09-01,,,,,
29804251,2026-09-01T09:31,77868.640000,-0.060300,0.000000,2026-09-01,,,,,
29804252,2026-09-01T09:32,77868.640000,-0.060300,0.000000,2026-09-01,,,,,
29804253,2026-09-01T09:33,77868.640000,-0.060300,0.000000,2026-09-01,,,,,
29804254,2026-09-01T09:34,77868.640000,-0.060300,0.000000,2026-09-01,,,,,
29804255,2026-09-01T09:35,77868.640000,-0.060300,0.000000,2026-09-01,,,,,
29804256,2026-09-01T09:36,77868.640000,-0.060300,0.000000,2026-09-01,,,,,
29804257,2026-09-01T09:37,77868.640000,-0.060300,0.000000,2026-09-01,,,,,
29804258,2026-09-01T09:38,77868.640000,-0.060300,0.000000,2026-09-01,,,,,
29804259,2026-09-01T09:39,77868.640000,-0.060300,0.000000,2026-09-01,,,,,
29804260,2026-09-01T09:40,77868.640000,-0.060300,0.000000,2026-09-01,,,,,
29804261,2026-09-01T09:41,77961.250000,0.051000,0.000000,2026-09-01,212.000000,0.612479,0.766755,77974.000000,77939.230000
29804262,2026-09-01T09:42,77965.830000,-0.560300,0.533700,2026-09-01,208.000000,0.403451,0.822795,77972.240000,77961.240000
29804263,2026-09-01T09:43,77999.990000,0.569300,0.634718,2026-09-01,253.000000,0.962521,0.817212,78007.940000,77967.370000
29804264,2026-09-01T09:44,78010.520000,0.612100,0.638898,2026-09-01,60.000000,0.078432,0.950682,78010.520000,77999.990000
29804265,2026-09-01T09:45,78010.520000,0.612100,0.901365,2026-09-01,,,,,
29804266,2026-09-01T09:46,78010.520000,0.612100,0.000000,2026-09-01,,,,,
29804267,2026-09-01T09:47,78010.520000,0.612100,0.000000,2026-09-01,,,,,
29804268,2026-09-01T09:48,78010.520000,0.612100,0.000000,2026-09-01,,,,,
29804269,2026-09-01T09:49,78010.520000,0.612100,0.000000,2026-09-01,,,,,
29804270,2026-09-01T09:50,78010.520000,0.612100,0.000000,2026-09-01,,,,,
29804271,2026-09-01T09:51,78010.520000,0.612100,0.000000,2026-09-01,,,,,
29804272,2026-09-01T09:52,78010.520000,0.578300,0.000000,2026-09-01,,,,,
29804273,2026-09-01T09:53,78010.520000,0.578300,0.000000,2026-09-01,,,,,
29804274,2026-09-01T09:54,78010.520000,0.578300,0.000000,2026-09-01,,,,,
29804275,2026-09-01T09:55,78010.520000,0.578300,0.000000,2026-09-01,,,,,
29804276,2026-09-01T09:56,78010.520000,0.578300,0.000000,2026-09-01,,,,,
29804277,2026-09-01T09:57,78010.520000,0.578300,0.000000,2026-09-01,,,,,
29804278,2026-09-01T09:58,78010.520000,0.578300,0.000000,2026-09-01,,,,,
29804279,2026-09-01T09:59,78010.520000,0.578300,0.000000,2026-09-01,,,,,
29804280,2026-09-01T10:00,78010.520000,0.578300,0.000000,2026-09-01,,,,,
29804281,2026-09-01T10:01,78010.520000,0.578300,0.000000,2026-09-01,,,,,
29804282,2026-09-01T10:02,78010.520000,0.578300,0.000000,2026-09-01,,,,,
29804283,2026-09-01T10:03,78010.520000,0.578300,0.000000,2026-09-01,,,,,
29804284,2026-09-01T10:04,78010.520000,0.578300,0.000000,2026-09-01,,,,,
29804285,2026-09-01T10:05,78010.520000,0.578300,0.000000,2026-09-01,,,,,
29804286,2026-09-01T10:06,78010.520000,0.578300,0.000000,2026-09-01,,,,,
29804287,2026-09-01T10:07,78010.520000,0.578300,0.000000,2026-09-01,,,,,
29804288,2026-09-01T10:08,77863.510000,-0.625700,0.000000,2026-09-01,297.000000,1.459765,0.603008,77902.060000,77863.510000
29804289,2026-09-01T10:09,77863.510000,-0.372400,0.206017,2026-09-01,10.000000,0.002382,0.959987,77863.520000,77863.510000
29804290,2026-09-01T10:10,77863.510000,-0.372400,0.920111,2026-09-01,,,,,
29804291,2026-09-01T10:11,77863.510000,-0.372400,0.000000,2026-09-01,,,,,
29804292,2026-09-01T10:12,77935.930000,0.552900,0.000000,2026-09-01,1531.000000,13.757833,0.782923,77935.940000,77787.020000
29804293,2026-09-01T10:13,77855.800000,-0.007600,0.565265,2026-09-01,449.000000,3.556494,0.333854,77956.950000,77853.470000
29804294,2026-09-01T10:14,77862.790000,-0.528100,-0.425093,2026-09-01,351.000000,1.277101,0.610836,77876.210000,77841.000000
29804295,2026-09-01T10:15,77889.110000,0.061100,0.374037,2026-09-01,347.000000,0.971114,0.587223,77889.630000,77862.780000
29804296,2026-09-01T10:16,77870.290000,0.978000,-0.183852,2026-09-01,242.000000,1.693886,0.606557,77889.110000,77858.830000
29804297,2026-09-01T10:17,77800.010000,0.257800,0.211616,2026-09-01,353.000000,2.038399,0.481817,77878.330000,77800.000000
29804298,2026-09-01T10:18,77753.490000,-0.276000,-0.036365,2026-09-01,538.000000,53.055222,0.120028,77803.020000,77737.360000
29804299,2026-09-01T10:19,77753.490000,-0.276000,-0.759944,2026-09-01,,,,,
29804300,2026-09-01T10:20,77753.490000,-0.276000,0.000000,2026-09-01,,,,,
29804301,2026-09-01T10:21,77753.490000,-0.276000,0.000000,2026-09-01,,,,,
29804302,2026-09-01T10:22,77753.490000,-0.276000,0.000000,2026-09-01,,,,,
29804303,2026-09-01T10:23,77753.490000,-0.276000,0.000000,2026-09-01,,,,,
29804304,2026-09-01T10:24,77753.490000,-0.276000,0.000000,2026-09-01,,,,,
29804305,2026-09-01T10:25,77753.490000,-0.276000,0.000000,2026-09-01,,,,,
29804306,2026-09-01T10:26,77753.490000,-0.282400,0.000000,2026-09-01,,,,,
29804307,2026-09-01T10:27,77963.760000,0.603100,0.000000,2026-09-01,27.000000,0.112800,0.996827,77963.750000,77960.500000
29804308,2026-09-01T10:28,77971.210000,0.632900,0.993648,2026-09-01,249.000000,0.630090,0.501280,77972.770000,77956.390000
29804309,2026-09-01T10:29,77970.510000,0.985000,0.002560,2026-09-01,131.000000,0.261934,0.608808,77971.220000,77961.650000
29804310,2026-09-01T10:30,77970.510000,0.985000,0.217618,2026-09-01,,,,,
29804311,2026-09-01T10:31,77970.510000,0.985000,0.000000,2026-09-01,,,,,
29804312,2026-09-01T10:32,77970.510000,0.985000,0.000000,2026-09-01,,,,,
29804313,2026-09-01T10:33,77970.510000,0.985000,0.000000,2026-09-01,,,,,
29804314,2026-09-01T10:34,77970.510000,0.985000,0.000000,2026-09-01,,,,,
29804315,2026-09-01T10:35,78054.790000,0.557200,0.000000,2026-09-01,208.000000,0.946027,0.429505,78064.210000,78030.720000
29804316,2026-09-01T10:36,78076.210000,-0.620600,-0.140837,2026-09-01,528.000000,2.623300,0.794424,78110.270000,78054.780000
29804317,2026-09-01T10:37,78121.150000,0.033100,0.588829,2026-09-01,252.000000,2.243926,0.792729,78123.380000,78076.220000
29804318,2026-09-01T10:38,78121.210000,-0.443800,0.585458,2026-09-01,225.000000,0.471255,0.364871,78121.220000,78097.850000
29804319,2026-09-01T10:39,78121.210000,-0.443800,-0.270257,2026-09-01,,,,,
29804320,2026-09-01T10:40,78121.210000,-0.443800,0.000000,2026-09-01,,,,,
29804321,2026-09-01T10:41,78121.210000,-0.443800,0.000000,2026-09-01,,,,,
29804322,2026-09-01T10:42,78121.210000,-0.443800,0.000000,2026-09-01,,,,,
29804323,2026-09-01T10:43,78121.210000,-0.443800,0.000000,2026-09-01,,,,,
29804324,2026-09-01T10:44,78121.210000,-0.443800,0.000000,2026-09-01,,,,,
29804325,2026-09-01T10:45,78121.210000,-0.443800,0.000000,2026-09-01,,,,,
29804326,2026-09-01T10:46,78121.210000,-0.443800,0.000000,2026-09-01,,,,,
29804327,2026-09-01T10:47,78121.210000,-0.443800,0.000000,2026-09-01,,,,,
29804328,2026-09-01T10:48,78121.210000,-0.443800,0.000000,2026-09-01,,,,,
29804329,2026-09-01T10:49,78121.210000,-0.443800,0.000000,2026-09-01,,,,,
29804330,2026-09-01T10:50,78121.210000,-0.443800,0.000000,2026-09-01,,,,,
29804331,2026-09-01T10:51,78121.210000,-0.443800,0.000000,2026-09-01,,,,,
29804332,2026-09-01T10:52,78121.210000,-0.443800,0.000000,2026-09-01,,,,,
29804333,2026-09-01T10:53,78121.210000,0.131400,0.000000,2026-09-01,,,,,
29804334,2026-09-01T10:54,77986.140000,-0.004100,0.000000,2026-09-01,166.000000,0.488489,0.394629,77986.140000,77972.980000
29804335,2026-09-01T10:55,77986.140000,-0.004100,-0.210741,2026-09-01,,,,,
29804336,2026-09-01T10:56,77986.140000,-0.004100,0.000000,2026-09-01,,,,,
29804337,2026-09-01T10:57,77986.140000,-0.004100,0.000000,2026-09-01,,,,,
29804338,2026-09-01T10:58,77986.140000,-0.004100,0.000000,2026-09-01,,,,,
29804339,2026-09-01T10:59,77986.140000,-0.004100,0.000000,2026-09-01,,,,,
29804340,2026-09-01T11:00,77986.140000,-0.004100,0.000000,2026-09-01,,,,,
29804341,2026-09-01T11:01,77986.140000,-0.004100,0.000000,2026-09-01,,,,,
29804342,2026-09-01T11:02,77986.140000,-0.004100,0.000000,2026-09-01,,,,,
29804343,2026-09-01T11:03,77986.140000,-0.004100,0.000000,2026-09-01,,,,,
29804344,2026-09-01T11:04,77986.140000,-0.004100,0.000000,2026-09-01,,,,,
29804345,2026-09-01T11:05,77986.140000,-0.004100,0.000000,2026-09-01,,,,,
29804346,2026-09-01T11:06,77986.140000,-0.004100,0.000000,2026-09-01,,,,,
29804347,2026-09-01T11:07,77986.140000,-0.004100,0.000000,2026-09-01,,,,,
29804348,2026-09-01T11:08,77986.140000,-0.004100,0.000000,2026-09-01,,,,,
29804349,2026-09-01T11:09,77986.140000,-0.004100,0.000000,2026-09-01,,,,,
29804350,2026-09-01T11:10,77942.120000,-0.005500,0.000000,2026-09-01,161.000000,7.889759,0.011548,77959.730000,77933.470000
29804351,2026-09-01T11:11,77936.790000,-0.600900,-0.976905,2026-09-01,262.000000,2.040987,0.430863,77949.960000,77932.430000
29804352,2026-09-01T11:12,77965.140000,-0.670300,-0.138280,2026-09-01,1005.000000,3.341600,0.784562,77974.700000,77936.780000
29804353,2026-09-01T11:13,77943.040000,0.209100,0.569157,2026-09-01,628.000000,10.403858,0.216469,77965.150000,77930.990000
29804354,2026-09-01T11:14,77951.210000,0.441600,-0.567029,2026-09-01,204.000000,1.111463,0.448439,77953.560000,77942.860000
29804355,2026-09-01T11:15,77971.110000,-0.465800,0.261163,2026-09-01,596.000000,7.466921,0.206430,77984.390000,77943.700000
29804356,2026-09-01T11:16,77958.010000,-0.597200,-0.708166,2026-09-01,137.000000,1.652021,0.412771,77973.610000,77946.010000
29804357,2026-09-01T11:17,77958.010000,-0.597200,-0.066268,2026-09-01,,,,,
29804358,2026-09-01T11:18,77958.010000,-0.597200,0.000000,2026-09-01,,,,,
29804359,2026-09-01T11:19,77958.010000,-0.597200,0.000000,2026-09-01,,,,,
29804360,2026-09-01T11:20,77958.010000,-0.597200,0.000000,2026-09-01,,,,,
29804361,2026-09-01T11:21,77958.010000,-0.597200,0.000000,2026-09-01,,,,,
29804362,2026-09-01T11:22,77958.010000,-0.597200,0.000000,2026-09-01,,,,,
29804363,2026-09-01T11:23,77958.010000,-0.597200,0.000000,2026-09-01,,,,,
29804364,2026-09-01T11:24,77958.010000,-0.597200,0.000000,2026-09-01,,,,,
29804365,2026-09-01T11:25,77958.010000,-0.597200,0.000000,2026-09-01,,,,,
29804366,2026-09-01T11:26,77958.010000,-0.597200,0.000000,2026-09-01,,,,,
29804367,2026-09-01T11:27,77958.010000,-0.597200,0.000000,2026-09-01,,,,,
29804368,2026-09-01T11:28,77958.010000,-0.597200,0.000000,2026-09-01,,,,,
29804369,2026-09-01T11:29,77958.010000,-0.597200,0.000000,2026-09-01,,,,,
29804370,2026-09-01T11:30,77958.010000,-0.597200,0.000000,2026-09-01,,,,,
29804371,2026-09-01T11:31,77958.010000,-0.597200,0.000000,2026-09-01,1.000000,0.000000,0.000000,78017.990000,78017.990000
29804372,2026-09-01T11:32,77958.010000,-0.597200,-1.000000,2026-09-01,,,,,
29804373,2026-09-01T11:33,77958.010000,-0.597200,0.000000,2026-09-01,,,,,
29804374,2026-09-01T11:34,77958.010000,-0.597200,0.000000,2026-09-01,,,,,
29804375,2026-09-01T11:35,77958.010000,-0.597200,0.000000,2026-09-01,,,,,
29804376,2026-09-01T11:36,77958.010000,-0.597200,0.000000,2026-09-01,,,,,
29804377,2026-09-01T11:37,77958.010000,-0.597200,0.000000,2026-09-01,,,,,
29804378,2026-09-01T11:38,77958.010000,-0.597200,0.000000,2026-09-01,,,,,
29804379,2026-09-01T11:39,77958.010000,-0.597200,0.000000,2026-09-01,,,,,
29804380,2026-09-01T11:40,77958.010000,-0.597200,0.000000,2026-09-01,,,,,
29804381,2026-09-01T11:41,77958.010000,-0.597200,0.000000,2026-09-01,,,,,
29804382,2026-09-01T11:42,77958.010000,-0.597200,0.000000,2026-09-01,,,,,
29804383,2026-09-01T11:43,77958.010000,-0.597200,0.000000,2026-09-01,,,,,
29804384,2026-09-01T11:44,77958.010000,-0.597200,0.000000,2026-09-01,,,,,
29804385,2026-09-01T11:45,77958.010000,-0.597200,0.000000,2026-09-01,,,,,
29804386,2026-09-01T11:46,77958.010000,-0.597200,0.000000,2026-09-01,,,,,
29804387,2026-09-01T11:47,77958.010000,-0.597200,0.000000,2026-09-01,,,,,
29804388,2026-09-01T11:48,77958.010000,-0.597200,0.000000,2026-09-01,,,,,
29804389,2026-09-01T11:49,77958.010000,-0.597200,0.000000,2026-09-01,,,,,
29804390,2026-09-01T11:50,77958.010000,-0.597200,0.000000,2026-09-01,,,,,
29804391,2026-09-01T11:51,77958.010000,-0.597200,0.000000,2026-09-01,,,,,
29804392,2026-09-01T11:52,78149.520000,-0.559000,0.000000,2026-09-01,19.000000,0.100954,0.998494,78149.530000,78146.970000
29804393,2026-09-01T11:53,78151.360000,0.569500,0.996988,2026-09-01,199.000000,4.453571,0.114267,78154.060000,78131.020000
29804394,2026-09-01T11:54,78154.390000,0.695600,-0.771465,2026-09-01,,,,,
29804395,2026-09-01T11:55,78154.390000,0.695600,0.000000,2026-09-01,,,,,
29804396,2026-09-01T11:56,78154.390000,0.695600,0.000000,2026-09-01,,,,,
29804397,2026-09-01T11:57,78154.390000,0.695600,0.000000,2026-09-01,,,,,
29804398,2026-09-01T11:58,78040.730000,0.369700,0.000000,2026-09-01,49.000000,0.286030,0.957404,78050.000000,78040.700000
29804399,2026-09-01T11:59,78061.710000,-0.141600,0.915175,2026-09-01,486.000000,1.763239,0.697657,78067.070000,78050.320000
29804400,2026-09-01T12:00,78017.600000,-0.304800,0.395802,2026-09-01,442.000000,6.159710,0.232787,78061.720000,78009.190000
29804401,2026-09-01T12:01,77982.760000,-0.610900,-0.547511,2026-09-01,119.000000,1.632021,0.154527,78018.430000,77983.200000
29804402,2026-09-01T12:02,77982.760000,-0.610900,-0.659726,2026-09-01,,,,,
29804403,2026-09-01T12:03,77982.760000,-0.610900,0.000000,2026-09-01,,,,,
29804404,2026-09-01T12:04,77982.760000,-0.610900,0.000000,2026-09-01,,,,,
29804405,2026-09-01T12:05,77982.760000,-0.610900,0.000000,2026-09-01,,,,,
29804406,2026-09-01T12:06,77982.760000,-0.610900,0.000000,2026-09-01,,,,,
29804407,2026-09-01T12:07,77982.760000,-0.610900,0.000000,2026-09-01,,,,,
29804408,2026-09-01T12:08,77982.760000,-0.610900,0.000000,2026-09-01,,,,,
29804409,2026-09-01T12:09,77982.760000,-0.610900,0.000000,2026-09-01,,,,,
29804410,2026-09-01T12:10,77982.760000,-0.610900,0.000000,2026-09-01,,,,,
29804411,2026-09-01T12:11,77982.760000,-0.610900,0.000000,2026-09-01,,,,,
29804412,2026-09-01T12:12,77982.760000,-0.610900,0.000000,2026-09-01,,,,,
29804413,2026-09-01T12:13,77982.760000,-0.610900,0.000000,2026-09-01,,,,,
29804414,2026-09-01T12:14,77982.760000,-0.610900,0.000000,2026-09-01,,,,,
29804415,2026-09-01T12:15,77982.760000,-0.610900,0.000000,2026-09-01,,,,,
29804416,2026-09-01T12:16,77982.760000,-0.610900,0.000000,2026-09-01,,,,,
29804417,2026-09-01T12:17,78037.180000,-0.792400,0.000000,2026-09-01,575.000000,1.151469,0.834836,78037.200000,78030.730000
29804418,2026-09-01T12:18,77999.990000,-0.721100,0.669671,2026-09-01,532.000000,4.833576,0.236678,78037.200000,77999.990000
29804419,2026-09-01T12:19,77935.960000,-0.203200,-0.526645,2026-09-01,1060.000000,6.198043,0.348862,78000.000000,77926.410000
29804420,2026-09-01T12:20,77886.240000,-0.677700,-0.291668,2026-09-01,155.000000,2.897133,0.389515,77949.050000,77886.240000
29804421,2026-09-01T12:21,77886.240000,-0.677700,-0.242804,2026-09-01,,,,,
29804422,2026-09-01T12:22,77886.240000,-0.677700,0.000000,2026-09-01,,,,,
29804423,2026-09-01T12:23,77886.240000,-0.677700,0.000000,2026-09-01,,,,,
29804424,2026-09-01T12:24,77886.240000,-0.677700,0.000000,2026-09-01,,,,,
29804425,2026-09-01T12:25,77886.240000,-0.677700,0.000000,2026-09-01,,,,,
29804426,2026-09-01T12:26,77886.240000,-0.677700,0.000000,2026-09-01,,,,,
29804427,2026-09-01T12:27,77886.240000,-0.677700,0.000000,2026-09-01,,,,,
29804428,2026-09-01T12:28,77886.240000,-0.677700,0.000000,2026-09-01,,,,,
29804429,2026-09-01T12:29,77886.240000,-0.677700,0.000000,2026-09-01,,,,,
29804430,2026-09-01T12:30,77886.240000,-0.677700,0.000000,2026-09-01,,,,,
29804431,2026-09-01T12:31,77886.240000,-0.677700,0.000000,2026-09-01,,,,,
29804432,2026-09-01T12:32,77886.240000,-0.677700,0.000000,2026-09-01,,,,,
29804433,2026-09-01T12:33,77886.240000,-0.677700,0.000000,2026-09-01,,,,,
29804434,2026-09-01T12:34,77886.240000,-0.677700,0.000000,2026-09-01,,,,,
29804435,2026-09-01T12:35,77886.240000,-0.677700,0.000000,2026-09-01,,,,,
29804436,2026-09-01T12:36,77886.240000,-0.677700,0.000000,2026-09-01,,,,,
29804437,2026-09-01T12:37,77768.580000,-0.191500,0.000000,2026-09-01,247.000000,1.603834,0.522951,77807.500000,77768.590000
29804438,2026-09-01T12:38,77801.040000,-0.136300,-0.015849,2026-09-01,901.000000,20.881651,0.188955,77802.760000,77706.010000
29804439,2026-09-01T12:39,77786.850000,-0.419500,-0.620275,2026-09-01,511.000000,3.977260,0.344940,77863.310000,77782.520000
29804440,2026-09-01T12:40,77727.730000,-0.420500,-0.280502,2026-09-01,745.000000,3.084315,0.432051,77810.950000,77702.750000
29804441,2026-09-01T12:41,77872.960000,0.017400,-0.170769,2026-09-01,1190.000000,7.517114,0.763155,77871.430000,77715.020000
29804442,2026-09-01T12:42,77903.990000,-0.346800,0.517458,2026-09-01,811.000000,2.893857,0.762473,77914.150000,77862.860000
29804443,2026-09-01T12:43,77926.960000,-0.612600,0.548874,2026-09-01,503.000000,2.306261,0.748860,77931.420000,77878.660000
29804444,2026-09-01T12:44,77942.350000,-0.062800,0.464423,2026-09-01,271.000000,1.074158,0.754998,77942.350000,77914.360000
29804445,2026-09-01T12:45,77902.170000,0.255500,0.535626,2026-09-01,279.000000,1.467414,0.315708,77942.350000,77880.050000
29804446,2026-09-01T12:46,77950.960000,0.728100,-0.171467,2026-09-01,749.000000,2.596188,0.787054,77950.970000,77902.160000
29804447,2026-09-01T12:47,78015.790000,-0.149400,0.500719,2026-09-01,507.000000,2.770600,0.424414,78022.220000,77950.950000
29804448,2026-09-01T12:48,78004.860000,-0.434700,0.247942,2026-09-01,512.000000,4.412229,0.436558,78053.380000,78004.860000
29804449,2026-09-01T12:49,77960.420000,-0.523500,-0.697339,2026-09-01,378.000000,3.633518,0.206566,78004.850000,77957.440000
29804450,2026-09-01T12:50,77983.400000,0.187300,-0.596844,2026-09-01,545.000000,5.093427,0.562866,77997.300000,77946.760000
29804451,2026-09-01T12:51,78001.540000,-0.324100,0.136378,2026-09-01,432.000000,5.425333,0.507133,78032.280000,77955.600000
29804452,2026-09-01T12:52,77997.830000,-0.550700,0.010005,2026-09-01,409.000000,2.601636,0.172774,78004.000000,77971.510000
29804453,2026-09-01T12:53,77962.640000,-0.322800,-0.667483,2026-09-01,334.000000,1.409357,0.473351,78014.320000,77958.820000
29804454,2026-09-01T12:54,77985.990000,0.590300,0.114051,2026-09-01,386.000000,2.075344,0.601322,77986.000000,77959.810000
29804455,2026-09-01T12:55,78003.790000,-0.434700,0.199094,2026-09-01,405.000000,2.592856,0.616779,78017.350000,77982.760000
29804456,2026-09-01T12:56,78009.990000,-0.758900,0.231208,2026-09-01,408.000000,4.021142,0.375395,78014.990000,77985.000000
29804457,2026-09-01T12:57,77995.920000,0.277600,-0.241483,2026-09-01,462.000000,2.680507,0.256658,78010.000000,77982.780000
29804458,2026-09-01T12:58,77997.460000,0.373700,-0.501095,2026-09-01,309.000000,2.543409,0.162667,77997.460000,77982.180000
29804459,2026-09-01T12:59,77968.990000,-0.044200,-0.689796,2026-09-01,324.000000,4.162663,0.187499,77997.450000,77963.560000
29804460,2026-09-01T13:00,77956.480000,-0.103300,-0.615186,2026-09-01,506.000000,3.262765,0.538045,77988.530000,77953.080000
29804461,2026-09-01T13:01,77853.510000,-0.325400,0.097491,2026-09-01,694.000000,5.938961,0.425179,77956.480000,77824.170000
29804462,2026-09-01T13:02,77834.210000,-0.504000,-0.081944,2026-09-01,1547.000000,7.460307,0.722084,77908.730000,77834.220000
29804463,2026-09-01T13:03,77815.650000,-0.440700,0.410385,2026-09-01,637.000000,9.914986,0.568053,77863.390000,77801.260000
29804464,2026-09-01T13:04,77816.490000,-0.470500,0.091531,2026-09-01,1941.000000,14.008564,0.531475,77829.930000,77781.870000
29804465,2026-09-01T13:05,77861.070000,-0.388800,0.114349,2026-09-01,1604.000000,10.318163,0.784619,77881.030000,77772.340000
29804466,2026-09-01T13:06,77594.520000,-0.472100,0.524282,2026-09-01,1660.000000,47.051910,0.147545,77865.000000,77480.760000
29804467,2026-09-01T13:07,77714.490000,-0.404100,-0.686569,2026-09-01,1832.000000,37.605175,0.500315,77741.130000,77569.360000
29804468,2026-09-01T13:08,77851.610000,-0.249700,-0.009725,2026-09-01,1813.000000,10.478685,0.668942,77858.390000,77695.980000
29804469,2026-09-01T13:09,77702.860000,-0.468900,0.321545,2026-09-01,1304.000000,13.029272,0.384242,77851.610000,77695.990000
29804470,2026-09-01T13:10,77810.790000,-0.195800,-0.222575,2026-09-01,2032.000000,13.634850,0.664827,77836.520000,77697.700000
29804471,2026-09-01T13:11,77832.350000,0.667800,0.326932,2026-09-01,1353.000000,10.072983,0.747576,77857.630000,77803.140000
29804472,2026-09-01T13:12,77812.860000,0.134900,0.482808,2026-09-01,874.000000,9.513417,0.397740,77886.160000,77812.860000
29804473,2026-09-01T13:13,77763.390000,-0.323300,-0.194276,2026-09-01,1347.000000,9.703047,0.509741,77825.560000,77758.230000
29804474,2026-09-01T13:14,77756.390000,-0.481400,0.125514,2026-09-01,792.000000,5.490122,0.559516,77788.200000,77756.400000
29804475,2026-09-01T13:15,77793.380000,-0.423500,-0.123278,2026-09-01,2375.000000,13.193757,0.763014,77793.370000,77744.680000
29804476,2026-09-01T13:16,77800.860000,-0.496500,0.508467,2026-09-01,1553.000000,5.892630,0.817719,77806.160000,77766.050000
29804477,2026-09-01T13:17,77812.860000,0.161400,0.654715,2026-09-01,1690.000000,8.631450,0.860984,77860.100000,77798.110000
29804478,2026-09-01T13:18,77811.580000,-0.503600,0.739200,2026-09-01,1078.000000,7.660225,0.684583,77817.530000,77770.510000
29804479,2026-09-01T13:19,77772.170000,0.834400,0.400106,2026-09-01,2943.000000,22.690463,0.378428,77822.980000,77708.330000
29804480,2026-09-01T13:20,77785.550000,0.082300,-0.265730,2026-09-01,2773.000000,11.759361,0.702874,77798.020000,77746.520000
29804481,2026-09-01T13:21,77793.930000,-0.829000,0.381410,2026-09-01,1653.000000,7.666096,0.667966,77800.000000,77737.500000
29804482,2026-09-01T13:22,77781.520000,-0.681500,0.406155,2026-09-01,2058.000000,14.239945,0.421683,77800.000000,77761.030000
29804483,2026-09-01T13:23,77750.900000,-0.710500,-0.142801,2026-09-01,1913.000000,9.549705,0.631325,77781.530000,77732.970000
29804484,2026-09-01T13:24,77730.830000,-0.614600,0.205415,2026-09-01,1572.000000,13.865072,0.338305,77755.000000,77692.380000
29804485,2026-09-01T13:25,77784.510000,-0.620700,-0.370271,2026-09-01,3860.000000,20.930939,0.746096,77811.220000,77689.230000
29804486,2026-09-01T13:26,77793.900000,-0.327400,0.512183,2026-09-01,3061.000000,15.235746,0.682866,77793.990000,77750.290000
29804487,2026-09-01T13:27,77758.240000,-0.435700,0.462371,2026-09-01,1143.000000,6.682489,0.756598,77812.860000,77737.440000
29804488,2026-09-01T13:28,77849.540000,-0.561100,0.517197,2026-09-01,1730.000000,11.775206,0.832744,77851.810000,77758.380000
29804489,2026-09-01T13:29,77850.480000,-0.582900,0.615434,2026-09-01,469.000000,3.945950,0.560829,77868.030000,77841.130000
29804490,2026-09-01T13:30,77936.570000,-0.447700,-0.019039,2026-09-01,1626.000000,24.929117,0.588163,77946.760000,77838.770000
29804491,2026-09-01T13:31,77883.830000,-0.250900,0.225729,2026-09-01,1182.000000,20.773498,0.442198,77996.890000,77883.760000
29804492,2026-09-01T13:32,77879.490000,-0.408300,-0.123947,2026-09-01,978.000000,21.677859,0.489282,77978.380000,77861.560000
29804493,2026-09-01T13:33,77787.010000,-0.677100,-0.029295,2026-09-01,1373.000000,18.551219,0.634778,77888.930000,77773.900000
29804494,2026-09-01T13:34,77790.200000,-0.263000,0.292734,2026-09-01,986.000000,15.009280,0.361668,77824.990000,77750.030000
29804495,2026-09-01T13:35,77791.940000,-0.617000,-0.248457,2026-09-01,794.000000,28.761281,0.190500,77825.560000,77735.080000
29804496,2026-09-01T13:36,77599.990000,-0.411400,-0.656417,2026-09-01,1537.000000,32.801501,0.473231,77796.500000,77586.510000
29804497,2026-09-01T13:37,77596.810000,-0.578300,-0.051237,2026-09-01,963.000000,22.787910,0.415282,77627.790000,77553.450000
29804498,2026-09-01T13:38,77564.070000,-0.703700,-0.194796,2026-09-01,964.000000,25.907474,0.299167,77597.570000,77505.800000
29804499,2026-09-01T13:39,77606.110000,-0.600600,-0.371621,2026-09-01,889.000000,19.119572,0.254107,77611.960000,77516.020000
29804500,2026-09-01T13:40,77570.040000,-0.398500,-0.511534,2026-09-01,633.000000,13.384602,0.354410,77627.460000,77551.600000
29804501,2026-09-01T13:41,77526.860000,-0.325500,-0.300123,2026-09-01,770.000000,19.783491,0.356181,77577.760000,77468.000000
29804502,2026-09-01T13:42,77613.670000,-0.461200,-0.291852,2026-09-01,722.000000,16.203345,0.559653,77646.190000,77480.920000
29804503,2026-09-01T13:43,77851.800000,-0.365600,0.115914,2026-09-01,1407.000000,65.153654,0.745792,77928.640000,77608.310000
29804504,2026-09-01T13:44,77886.020000,-0.364800,0.494611,2026-09-01,687.000000,9.195097,0.192087,77915.190000,77754.420000
29804505,2026-09-01T13:45,77883.010000,0.101300,-0.619435,2026-09-01,596.000000,10.941741,0.443509,77920.000000,77820.260000
29804506,2026-09-01T13:46,77866.890000,-0.500700,-0.114597,2026-09-01,755.000000,18.798932,0.504800,77941.170000,77863.900000
29804507,2026-09-01T13:47,78042.010000,-0.962500,0.011438,2026-09-01,629.000000,12.409872,0.841842,78072.690000,77875.010000
29804508,2026-09-01T13:48,77995.260000,0.075300,0.684877,2026-09-01,586.000000,15.429510,0.399236,78117.570000,77995.510000
29804509,2026-09-01T13:49,78072.390000,0.224100,-0.202434,2026-09-01,540.000000,5.633460,0.662063,78093.100000,77992.000000
29804510,2026-09-01T13:50,78134.290000,0.250500,0.323098,2026-09-01,677.000000,9.447431,0.754828,78181.430000,78053.720000
29804511,2026-09-01T13:51,78098.540000,0.281700,0.509827,2026-09-01,613.000000,15.394141,0.727818,78160.040000,78072.770000
29804512,2026-09-01T13:52,78006.080000,0.428300,0.455540,2026-09-01,568.000000,5.179280,0.468629,78100.650000,77988.180000
29804513,2026-09-01T13:53,77992.890000,0.186600,-0.076691,2026-09-01,581.000000,13.428976,0.197141,78066.470000,77962.210000
29804514,2026-09-01T13:54,78013.890000,-0.037500,-0.605890,2026-09-01,401.000000,4.045999,0.357266,78039.160000,77980.370000
29804515,2026-09-01T13:55,77999.580000,-0.347400,-0.265404,2026-09-01,379.000000,3.840213,0.401322,78052.380000,77988.180000
29804516,2026-09-01T13:56,78017.390000,0.217700,-0.198512,2026-09-01,285.000000,1.163789,0.406590,78036.880000,77991.650000
29804517,2026-09-01T13:57,77970.010000,-0.191300,-0.198576,2026-09-01,320.000000,2.432139,0.419465,78025.020000,77964.380000
29804518,2026-09-01T13:58,77989.120000,-0.302600,-0.161170,2026-09-01,224.000000,1.165854,0.706425,77994.660000,77964.770000
29804519,2026-09-01T13:59,78038.920000,0.026200,0.416256,2026-09-01,328.000000,2.554985,0.904289,78046.620000,77950.010000
29804520,2026-09-01T14:00,78118.740000,0.364300,0.689318,2026-09-01,421.000000,4.396594,0.691463,78119.340000,78017.400000
29804521,2026-09-01T14:01,78200.710000,0.538700,0.430516,2026-09-01,711.000000,16.564576,0.595417,78283.310000,78118.740000
29804522,2026-09-01T14:02,78147.080000,0.126300,0.203821,2026-09-01,504.000000,12.249114,0.312936,78258.750000,78122.190000
29804523,2026-09-01T14:03,78188.650000,0.340200,-0.404752,2026-09-01,490.000000,7.027455,0.694829,78203.650000,78138.970000
29804524,2026-09-01T14:04,78114.140000,0.529600,0.389360,2026-09-01,691.000000,10.407974,0.320698,78190.360000,78046.630000
29804525,2026-09-01T14:05,78092.850000,-0.038500,-0.359391,2026-09-01,595.000000,11.056027,0.532506,78158.530000,78086.400000
29804526,2026-09-01T14:06,78223.630000,0.550500,0.069969,2026-09-01,846.000000,11.842061,0.682664,78228.010000,78092.850000
29804527,2026-09-01T14:07,78341.990000,-0.178300,0.365534,2026-09-01,792.000000,20.946127,0.539940,78354.970000,78225.640000
29804528,2026-09-01T14:08,78282.890000,0.790500,0.077655,2026-09-01,491.000000,4.469689,0.480496,78337.770000,78242.500000
29804529,2026-09-01T14:09,78332.100000,0.699600,-0.030496,2026-09-01,759.000000,8.535232,0.463789,78400.590000,78287.370000
29804530,2026-09-01T14:10,78309.610000,0.299600,-0.072773,2026-09-01,551.000000,5.854864,0.516605,78344.710000,78287.250000
29804531,2026-09-01T14:11,78270.400000,0.462800,0.033231,2026-09-01,644.000000,4.664890,0.320957,78357.890000,78266.530000
29804532,2026-09-01T14:12,78212.210000,0.012500,-0.358192,2026-09-01,363.000000,2.075109,0.720461,78270.410000,78212.200000
29804533,2026-09-01T14:13,78241.460000,0.045700,0.421896,2026-09-01,425.000000,2.410382,0.542770,78251.150000,78173.250000
29804534,2026-09-01T14:14,78244.510000,0.357800,-0.055757,2026-09-01,460.000000,5.541754,0.614912,78261.650000,78231.690000
29804535,2026-09-01T14:15,78332.210000,0.771100,0.319639,2026-09-01,511.000000,3.170145,0.624615,78331.730000,78234.960000
29804536,2026-09-01T14:16,78311.320000,-0.199600,0.256120,2026-09-01,421.000000,4.646353,0.644153,78330.840000,78280.380000
29804537,2026-09-01T14:17,78244.510000,-0.216300,0.287514,2026-09-01,326.000000,1.760202,0.619191,78325.290000,78244.510000
29804538,2026-09-01T14:18,78151.420000,-0.159100,0.238110,2026-09-01,453.000000,4.472528,0.621507,78248.270000,78134.290000
29804539,2026-09-01T14:19,78170.480000,0.382500,0.234890,2026-09-01,408.000000,5.340457,0.737392,78197.310000,78135.010000
29804540,2026-09-01T14:20,78178.960000,0.030100,0.535141,2026-09-01,333.000000,4.366355,0.629716,78192.720000,78155.180000
29804541,2026-09-01T14:21,78202.460000,0.493100,0.141253,2026-09-01,300.000000,3.315464,0.816157,78222.490000,78173.250000
29804542,2026-09-01T14:22,78150.670000,0.483200,0.632391,2026-09-01,537.000000,12.392397,0.788104,78248.960000,78153.030000
29804543,2026-09-01T14:23,78182.680000,0.187800,0.576226,2026-09-01,457.000000,6.618752,0.848941,78182.980000,78111.410000
29804544,2026-09-01T14:24,78257.830000,0.746300,0.697646,2026-09-01,521.000000,13.271295,0.860951,78266.980000,78182.200000
29804545,2026-09-01T14:25,78330.010000,0.819900,0.713323,2026-09-01,764.000000,32.977034,0.528196,78385.510000,78266.980000
29804546,2026-09-01T14:26,78342.320000,0.593100,0.042268,2026-09-01,722.000000,11.536527,0.802978,78350.440000,78278.030000
29804547,2026-09-01T14:27,78299.180000,-0.250100,0.631483,2026-09-01,568.000000,10.714526,0.318961,78345.980000,78242.900000
29804548,2026-09-01T14:28,78216.400000,0.576000,-0.399096,2026-09-01,470.000000,10.281536,0.457087,78316.530000,78213.210000
29804549,2026-09-01T14:29,78223.740000,0.304000,0.024463,2026-09-01,387.000000,8.132155,0.911634,78240.430000,78211.000000
29804550,2026-09-01T14:30,78292.820000,0.283900,0.811067,2026-09-01,554.000000,14.182477,0.537802,78307.520000,78223.740000
29804551,2026-09-01T14:31,78223.490000,0.058600,0.075905,2026-09-01,408.000000,5.994451,0.324060,78292.820000,78223.490000
29804552,2026-09-01T14:32,78247.490000,0.097400,-0.350586,2026-09-01,479.000000,8.964189,0.468737,78249.120000,78192.050000
29804553,2026-09-01T14:33,78261.210000,0.683300,-0.063844,2026-09-01,348.000000,4.996067,0.774785,78271.010000,78203.060000
29804554,2026-09-01T14:34,78313.900000,0.645900,0.554113,2026-09-01,467.000000,5.458641,0.885009,78328.860000,78263.100000
29804555,2026-09-01T14:35,78300.170000,0.303700,0.784513,2026-09-01,418.000000,4.050282,0.786510,78358.420000,78300.160000
29804556,2026-09-01T14:36,78347.080000,0.309700,0.526910,2026-09-01,732.000000,32.852178,0.869646,78379.440000,78300.160000
29804557,2026-09-01T14:37,78300.460000,-0.247800,0.735319,2026-09-01,482.000000,13.675333,0.620686,78349.470000,78280.830000
29804558,2026-09-01T14:38,78289.040000,0.420900,0.207494,2026-09-01,429.000000,6.421702,0.808106,78346.750000,78281.320000
29804559,2026-09-01T14:39,78302.330000,0.141300,0.616257,2026-09-01,415.000000,4.179176,0.672108,78329.730000,78289.040000
29804560,2026-09-01T14:40,78313.770000,0.327200,0.344162,2026-09-01,426.000000,7.090718,0.837796,78322.000000,78247.480000
29804561,2026-09-01T14:41,78270.650000,0.237900,0.675579,2026-09-01,403.000000,10.263739,0.504580,78321.000000,78270.660000
29804562,2026-09-01T14:42,78290.180000,0.232700,0.009649,2026-09-01,264.000000,3.506783,0.888464,78303.680000,78264.070000
29804563,2026-09-01T14:43,78294.150000,0.443600,0.726359,2026-09-01,327.000000,2.709144,0.508160,78306.890000,78277.380000
29804564,2026-09-01T14:44,78364.010000,0.659200,0.056494,2026-09-01,497.000000,14.428666,0.992216,78380.650000,78262.020000
29804565,2026-09-01T14:45,78329.080000,0.070400,0.983509,2026-09-01,399.000000,11.965123,0.280466,78394.930000,78329.080000
29804566,2026-09-01T14:46,78338.330000,0.534500,-0.438141,2026-09-01,298.000000,4.606109,0.791775,78372.970000,78321.520000
29804567,2026-09-01T14:47,78368.430000,0.107800,0.583794,2026-09-01,408.000000,8.026766,0.577394,78397.030000,78329.090000
29804568,2026-09-01T14:48,78337.580000,0.223300,0.153817,2026-09-01,282.000000,4.757784,0.420295,78390.630000,78336.010000
29804569,2026-09-01T14:49,78288.760000,-0.476100,-0.159357,2026-09-01,392.000000,6.837307,0.721226,78348.100000,78288.760000
29804570,2026-09-01T14:50,78308.640000,0.466600,0.441851,2026-09-01,345.000000,4.919061,0.515243,78322.810000,78282.600000
29804571,2026-09-01T14:51,78280.420000,0.583300,0.030215,2026-09-01,297.000000,3.358701,0.643034,78317.770000,78270.640000
29804572,2026-09-01T14:52,78234.170000,0.588100,0.285935,2026-09-01,364.000000,3.661187,0.108752,78289.970000,78230.260000
29804573,2026-09-01T14:53,78299.860000,0.101900,-0.780091,2026-09-01,421.000000,5.075025,0.820647,78324.980000,78234.180000
29804574,2026-09-01T14:54,78254.990000,-0.130900,0.640937,2026-09-01,309.000000,2.579956,0.392469,78299.870000,78251.160000
29804575,2026-09-01T14:55,78163.490000,0.444300,-0.506685,2026-09-01,529.000000,7.637789,0.308047,78257.400000,78130.670000
29804576,2026-09-01T14:56,78168.240000,-0.006400,-0.238072,2026-09-01,313.000000,1.673485,0.554479,78190.920000,78132.700000
29804577,2026-09-01T14:57,78192.330000,-0.018000,0.201109,2026-09-01,388.000000,10.406384,0.144344,78193.910000,78130.370000
29804578,2026-09-01T14:58,78169.260000,0.116300,-0.712661,2026-09-01,305.000000,2.851941,0.476333,78205.180000,78168.720000
29804579,2026-09-01T14:59,78143.330000,-0.325100,0.056310,2026-09-01,288.000000,1.899680,0.339432,78172.630000,78105.320000
29804580,2026-09-01T15:00,77978.450000,-0.898700,0.145761,2026-09-01,499.000000,23.014575,0.119922,78154.410000,77978.440000
29804581,2026-09-01T15:01,77910.680000,-0.441100,-0.885071,2026-09-01,422.000000,6.694996,0.594616,77973.770000,77890.790000
29804582,2026-09-01T15:02,77869.010000,-0.594000,0.195427,2026-09-01,350.000000,3.998712,0.447566,77959.150000,77848.740000
29804583,2026-09-01T15:03,77786.480000,-0.241300,-0.102230,2026-09-01,437.000000,24.141921,0.244402,77910.990000,77782.270000
29804584,2026-09-01T15:04,77817.320000,0.055800,-0.511451,2026-09-01,447.000000,5.257666,0.178978,77825.000000,77774.740000
29804585,2026-09-01T15:05,77811.950000,-0.376000,-0.670434,2026-09-01,368.000000,3.038928,0.474591,77867.380000,77805.360000
29804586,2026-09-01T15:06,77797.270000,-0.435400,-0.001332,2026-09-01,440.000000,20.257880,0.041787,77840.000000,77776.050000
29804587,2026-09-01T15:07,77802.540000,0.502900,-0.917552,2026-09-01,344.000000,4.949042,0.510018,77859.090000,77800.000000
29804588,2026-09-01T15:08,77772.790000,-0.272400,0.020112,2026-09-01,582.000000,18.862778,0.087831,77810.740000,77735.110000
29804589,2026-09-01T15:09,77752.600000,-0.273500,-0.824809,2026-09-01,568.000000,4.442380,0.278193,77793.380000,77751.380000
29804590,2026-09-01T15:10,77739.800000,-0.452700,-0.440847,2026-09-01,494.000000,7.214062,0.211212,77768.940000,77707.080000
29804591,2026-09-01T15:11,77726.170000,-0.603100,-0.583395,2026-09-01,437.000000,4.508703,0.227132,77806.980000,77719.450000
29804592,2026-09-01T15:12,77772.830000,-0.276600,-0.540929,2026-09-01,417.000000,4.044820,0.292694,77774.050000,77687.350000
29804593,2026-09-01T15:13,77776.230000,-0.340200,-0.275502,2026-09-01,314.000000,5.476953,0.265458,77796.000000,77759.260000
29804594,2026-09-01T15:14,77787.010000,-0.687600,-0.576440,2026-09-01,358.000000,4.895465,0.330449,77812.850000,77776.230000
29804595,2026-09-01T15:15,77770.580000,-0.587500,-0.364758,2026-09-01,473.000000,17.275836,0.788138,77841.840000,77758.490000
29804596,2026-09-01T15:16,77761.050000,-0.633100,0.590763,2026-09-01,349.000000,3.394781,0.390707,77793.380000,77734.950000
29804597,2026-09-01T15:17,77732.140000,0.281400,-0.217005,2026-09-01,538.000000,14.859019,0.259662,77778.940000,77706.320000
29804598,2026-09-01T15:18,77782.790000,0.066700,-0.482446,2026-09-01,530.000000,8.302330,0.097837,77789.920000,77725.730000
29804599,2026-09-01T15:19,77774.930000,-0.151900,-0.808629,2026-09-01,413.000000,9.252516,0.056715,77829.130000,77768.030000
29804600,2026-09-01T15:20,77792.960000,-0.054200,-0.860243,2026-09-01,367.000000,15.828843,0.079072,77834.000000,77773.560000
29804601,2026-09-01T15:21,77822.210000,0.224000,-0.857032,2026-09-01,282.000000,1.820525,0.507663,77822.220000,77768.810000
29804602,2026-09-01T15:22,77820.180000,-0.017400,0.200301,2026-09-01,289.000000,6.989439,0.097952,77858.990000,77807.070000
29804603,2026-09-01T15:23,77799.630000,-0.089500,-0.806897,2026-09-01,314.000000,5.486647,0.083107,77826.170000,77795.530000
29804604,2026-09-01T15:24,77817.060000,-0.078400,-0.833682,2026-09-01,309.000000,5.334060,0.133270,77827.380000,77792.770000
29804605,2026-09-01T15:25,77764.170000,-0.095800,-0.730695,2026-09-01,383.000000,10.524065,0.032035,77831.220000,77764.170000
29804606,2026-09-01T15:26,77761.480000,-0.037100,-0.934858,2026-09-01,249.000000,3.706510,0.120432,77803.090000,77762.430000
29804607,2026-09-01T15:27,77766.570000,-0.451800,-0.763502,2026-09-01,300.000000,6.757803,0.110362,77780.370000,77762.430000
29804608,2026-09-01T15:28,77812.860000,0.040800,-0.784711,2026-09-01,358.000000,7.053978,0.090570,77812.860000,77766.120000
29804609,2026-09-01T15:29,77830.180000,-0.131000,-0.820292,2026-09-01,354.000000,7.933743,0.064808,77842.070000,77821.140000
29804610,2026-09-01T15:30,77795.290000,0.356700,-0.859754,2026-09-01,357.000000,6.039027,0.073535,77839.000000,77783.010000
29804611,2026-09-01T15:31,77766.540000,-0.360800,-0.863566,2026-09-01,345.000000,6.787449,0.069194,77808.290000,77765.010000
29804612,2026-09-01T15:32,77809.170000,0.052500,-0.864923,2026-09-01,312.000000,3.750323,0.244155,77832.320000,77767.410000
29804613,2026-09-01T15:33,77890.670000,-0.459200,-0.486779,2026-09-01,425.000000,8.629532,0.309199,77910.260000,77809.250000
29804614,2026-09-01T15:34,77879.260000,-0.411000,-0.366889,2026-09-01,391.000000,18.213785,0.087043,77905.380000,77852.510000
29804615,2026-09-01T15:35,77915.010000,-0.124300,-0.849137,2026-09-01,320.000000,4.598182,0.731613,77914.260000,77853.300000
29804616,2026-09-01T15:36,77872.890000,-0.176800,0.615044,2026-09-01,267.000000,4.951098,0.156687,77929.730000,77856.290000
29804617,2026-09-01T15:37,77869.030000,-0.103900,-0.701799,2026-09-01,386.000000,7.583954,0.175435,77888.810000,77865.990000
29804618,2026-09-01T15:38,77891.960000,-0.218600,-0.637058,2026-09-01,279.000000,2.390345,0.478983,77908.160000,77868.850000
29804619,2026-09-01T15:39,77872.010000,0.655900,-0.014977,2026-09-01,246.000000,3.849668,0.195746,77906.240000,77872.000000
29804620,2026-09-01T15:40,77884.380000,0.539500,-0.634772,2026-09-01,235.000000,2.097398,0.590010,77884.540000,77872.010000
29804621,2026-09-01T15:41,77903.870000,-0.282400,0.383874,2026-09-01,286.000000,4.324945,0.669309,77917.960000,77876.110000
29804622,2026-09-01T15:42,77892.610000,-0.375300,0.215697,2026-09-01,228.000000,5.819778,0.154495,77905.230000,77872.000000
29804623,2026-09-01T15:43,77898.980000,0.049000,-0.708535,2026-09-01,273.000000,2.120617,0.510803,77932.630000,77881.790000
29804624,2026-09-01T15:44,77946.110000,0.133000,0.157705,2026-09-01,330.000000,7.422221,0.862257,77978.980000,77889.000000
29804625,2026-09-01T15:45,77934.210000,0.695600,0.693279,2026-09-01,334.000000,5.469154,0.545505,77989.000000,77934.210000
29804626,2026-09-01T15:46,77930.010000,0.569200,-0.000827,2026-09-01,363.000000,18.317643,0.057937,77951.610000,77930.000000
29804627,2026-09-01T15:47,77963.830000,0.007100,-0.888240,2026-09-01,351.000000,20.423842,0.374476,77974.270000,77920.000000
29804628,2026-09-01T15:48,77981.950000,-0.139900,-0.255791,2026-09-01,351.000000,3.303030,0.390167,78014.340000,77950.010000
29804629,2026-09-01T15:49,78030.080000,-0.508500,-0.192432,2026-09-01,314.000000,3.406147,0.461168,78027.140000,77981.950000
29804630,2026-09-01T15:50,78039.710000,-0.540600,-0.073221,2026-09-01,312.000000,4.795175,0.420483,78044.990000,77997.920000
29804631,2026-09-01T15:51,78029.950000,-0.621900,-0.158590,2026-09-01,274.000000,1.606939,0.440895,78067.660000,78029.950000
29804632,2026-09-01T15:52,77994.990000,0.122100,-0.170735,2026-09-01,336.000000,27.748922,0.031916,78038.460000,77985.320000
29804633,2026-09-01T15:53,78009.520000,0.499100,-0.935900,2026-09-01,326.000000,3.114428,0.348897,78026.760000,77973.990000
29804634,2026-09-01T15:54,77975.010000,-0.384600,-0.309968,2026-09-01,387.000000,18.507081,0.028578,78018.110000,77961.280000
29804635,2026-09-01T15:55,77973.820000,-0.586000,-0.937051,2026-09-01,244.000000,1.269545,0.369642,78007.660000,77973.810000
29804636,2026-09-01T15:56,77968.710000,-0.232400,-0.331064,2026-09-01,236.000000,1.297730,0.430435,77975.080000,77955.020000
29804637,2026-09-01T15:57,77936.040000,-0.635300,-0.149479,2026-09-01,248.000000,12.735451,0.024314,77975.920000,77937.050000
29804638,2026-09-01T15:58,77920.080000,-0.368500,-0.951310,2026-09-01,313.000000,3.413344,0.132573,77939.470000,77912.720000
29804639,2026-09-01T15:59,77881.420000,0.010800,-0.734660,2026-09-01,350.000000,4.297664,0.202334,77920.080000,77873.710000
29804640,2026-09-01T16:00,77887.260000,-0.456200,-0.562292,2026-09-01,289.000000,2.732489,0.674131,77917.030000,77881.430000
29804641,2026-09-01T16:01,77836.540000,-0.335900,0.325740,2026-09-01,293.000000,3.904597,0.548694,77887.260000,77806.320000
29804642,2026-09-01T16:02,77814.520000,-0.518300,0.097338,2026-09-01,346.000000,5.591262,0.352668,77851.990000,77800.000000
29804643,2026-09-01T16:03,77835.570000,-0.441100,-0.293906,2026-09-01,318.000000,2.095691,0.398732,77873.410000,77810.510000
29804644,2026-09-01T16:04,77881.040000,-0.465500,-0.192915,2026-09-01,268.000000,1.413372,0.437990,77881.040000,77821.090000
29804645,2026-09-01T16:05,77924.770000,-0.538000,-0.169684,2026-09-01,366.000000,5.408831,0.707304,77948.700000,77880.940000
29804646,2026-09-01T16:06,77852.260000,-0.295800,0.429092,2026-09-01,386.000000,6.743676,0.651541,77938.710000,77852.260000
29804647,2026-09-01T16:07,77812.330000,0.400500,0.302140,2026-09-01,293.000000,4.137450,0.162411,77871.300000,77798.830000
29804648,2026-09-01T16:08,77822.600000,-0.374600,-0.672526,2026-09-01,315.000000,3.700086,0.255787,77837.210000,77781.280000
29804649,2026-09-01T16:09,77773.900000,-0.498200,-0.469544,2026-09-01,274.000000,2.086948,0.259115,77831.340000,77773.900000
29804650,2026-09-01T16:10,77810.540000,-0.359200,-0.505799,2026-09-01,404.000000,7.165838,0.801004,77817.060000,77750.000000
29804651,2026-09-01T16:11,77773.900000,-0.759000,0.603777,2026-09-01,322.000000,3.302066,0.587925,77820.000000,77778.590000
29804652,2026-09-01T16:12,77765.040000,-0.602200,0.156894,2026-09-01,306.000000,3.398881,0.564487,77776.970000,77750.000000
29804653,2026-09-01T16:13,77730.360000,-0.358300,0.118100,2026-09-01,369.000000,4.344842,0.374872,77767.260000,77711.790000
29804654,2026-09-01T16:14,77634.580000,-0.643200,-0.281473,2026-09-01,530.000000,14.356515,0.144124,77730.360000,77600.000000
29804655,2026-09-01T16:15,77674.330000,-0.470300,-0.706957,2026-09-01,437.000000,10.971723,0.636621,77693.660000,77622.370000
29804656,2026-09-01T16:16,77677.140000,-0.748400,0.273242,2026-09-01,332.000000,3.522031,0.199427,77715.450000,77678.280000
29804657,2026-09-01T16:17,77603.420000,-0.714100,-0.600857,2026-09-01,612.000000,21.477458,0.035211,77676.600000,77585.780000
29804658,2026-09-01T16:18,77558.860000,-0.504200,-0.930269,2026-09-01,865.000000,28.131814,0.105680,77613.220000,77547.590000
29804659,2026-09-01T16:19,77564.230000,-0.686500,-0.777320,2026-09-01,550.000000,11.739527,0.342680,77591.340000,77503.070000
29804660,2026-09-01T16:20,77507.760000,-0.545700,-0.327719,2026-09-01,401.000000,7.423896,0.207503,77572.180000,77507.730000
29804661,2026-09-01T16:21,77454.930000,-0.181000,-0.586979,2026-09-01,509.000000,9.062821,0.148343,77514.990000,77436.420000
29804662,2026-09-01T16:22,77479.920000,-0.481900,-0.703122,2026-09-01,410.000000,8.192286,0.528458,77501.170000,77429.140000
29804663,2026-09-01T16:23,77549.800000,-0.639600,0.053963,2026-09-01,412.000000,7.567704,0.323334,77566.430000,77442.990000
29804664,2026-09-01T16:24,77462.450000,-0.329900,-0.352048,2026-09-01,441.000000,8.878676,0.170984,77549.810000,77461.800000
29804665,2026-09-01T16:25,77511.360000,0.050500,-0.658020,2026-09-01,368.000000,4.988787,0.541368,77524.000000,77469.080000
29804666,2026-09-01T16:26,77581.730000,-0.025600,0.082751,2026-09-01,420.000000,10.250133,0.307913,77634.500000,77511.370000
29804667,2026-09-01T16:27,77612.820000,-0.226900,-0.404940,2026-09-01,392.000000,9.623481,0.352730,77624.600000,77560.970000
29804668,2026-09-01T16:28,77640.390000,0.024400,-0.266472,2026-09-01,289.000000,3.069166,0.285866,77644.000000,77602.790000
29804669,2026-09-01T16:29,77590.990000,-0.275100,-0.395411,2026-09-01,322.000000,3.546028,0.304243,77647.270000,77569.370000
29804670,2026-09-01T16:30,77517.120000,-0.323700,-0.434420,2026-09-01,358.000000,6.264014,0.196591,77592.590000,77518.290000
29804671,2026-09-01T16:31,77481.510000,-0.000900,-0.603161,2026-09-01,291.000000,2.330845,0.439666,77518.690000,77471.980000
29804672,2026-09-01T16:32,77535.320000,-0.762200,-0.137602,2026-09-01,342.000000,4.112783,0.273097,77539.680000,77455.540000
29804673,2026-09-01T16:33,77545.480000,-0.508700,-0.443937,2026-09-01,279.000000,3.488238,0.206931,77582.130000,77505.650000
29804674,2026-09-01T16:34,77454.930000,-0.462500,-0.554883,2026-09-01,321.000000,5.116285,0.170660,77566.350000,77454.930000
29804675,2026-09-01T16:35,77462.330000,-0.583800,-0.668588,2026-09-01,377.000000,4.179463,0.413713,77481.690000,77442.740000
29804676,2026-09-01T16:36,77304.960000,-0.188500,-0.185613,2026-09-01,618.000000,11.893926,0.146932,77459.050000,77292.600000
29804677,2026-09-01T16:37,77383.830000,-0.417500,-0.737689,2026-09-01,603.000000,12.378475,0.318506,77410.840000,77275.000000
29804678,2026-09-01T16:38,77416.640000,0.285300,-0.279650,2026-09-01,377.000000,5.389755,0.212343,77431.630000,77381.540000
29804679,2026-09-01T16:39,77528.920000,-0.614600,-0.578248,2026-09-01,489.000000,10.510334,0.590655,77540.840000,77415.160000
29804680,2026-09-01T16:40,77491.450000,-0.585100,0.189813,2026-09-01,486.000000,9.285306,0.171161,77555.420000,77442.750000
29804681,2026-09-01T16:41,77544.400000,-0.287900,-0.656820,2026-09-01,385.000000,6.058001,0.499006,77551.030000,77480.170000
29804682,2026-09-01T16:42,77476.640000,-0.261200,-0.002018,2026-09-01,328.000000,3.494252,0.273048,77575.000000,77462.230000
29804683,2026-09-01T16:43,77439.390000,-0.610500,-0.454324,2026-09-01,424.000000,5.227601,0.231965,77491.150000,77433.010000
29804684,2026-09-01T16:44,77406.610000,-0.669700,-0.535888,2026-09-01,277.000000,1.722151,0.264508,77448.980000,77394.040000
29804685,2026-09-01T16:45,77476.580000,-0.640100,-0.383157,2026-09-01,317.000000,2.189876,0.676631,77479.230000,77394.040000
29804686,2026-09-01T16:46,77487.270000,-0.165000,0.319409,2026-09-01,325.000000,8.085034,0.103599,77520.620000,77466.200000
29804687,2026-09-01T16:47,77542.230000,-0.393800,-0.794298,2026-09-01,320.000000,4.990855,0.192962,77559.350000,77487.270000
29804688,2026-09-01T16:48,77561.710000,-0.272800,-0.609311,2026-09-01,333.000000,2.387502,0.372578,77561.720000,77520.840000
29804689,2026-09-01T16:49,77561.460000,-0.197000,-0.271333,2026-09-01,388.000000,4.993748,0.425694,77574.670000,77522.090000
29804690,2026-09-01T16:50,77588.830000,0.013300,-0.139225,2026-09-01,339.000000,2.551439,0.318709,77588.830000,77555.230000
29804691,2026-09-01T16:51,77544.320000,-0.385700,-0.353347,2026-09-01,442.000000,2.898499,0.404990,77597.930000,77503.910000
29804692,2026-09-01T16:52,77562.830000,-0.459000,-0.195019,2026-09-01,392.000000,3.209660,0.846899,77570.380000,77524.840000
29804693,2026-09-01T16:53,77569.670000,-0.597600,0.692676,2026-09-01,433.000000,4.900890,0.596907,77591.710000,77560.280000
29804694,2026-09-01T16:54,77609.980000,-0.381600,0.199437,2026-09-01,439.000000,6.649811,0.407557,77609.990000,77566.500000
29804695,2026-09-01T16:55,77596.830000,-0.336900,-0.146046,2026-09-01,412.000000,4.092907,0.383906,77630.560000,77594.660000
29804696,2026-09-01T16:56,77564.080000,0.585500,-0.316399,2026-09-01,553.000000,16.144349,0.238921,77600.330000,77541.010000
29804697,2026-09-01T16:57,77565.960000,-0.454300,-0.521935,2026-09-01,343.000000,7.312811,0.466153,77598.400000,77541.010000
29804698,2026-09-01T16:58,77581.190000,-0.473300,-0.064800,2026-09-01,377.000000,4.477298,0.765016,77591.980000,77564.440000
29804699,2026-09-01T16:59,77564.860000,-0.503000,0.534989,2026-09-01,366.000000,4.372875,0.799060,77581.270000,77561.000000
29804700,2026-09-01T17:00,77575.520000,-0.570400,0.594411,2026-09-01,567.000000,17.289929,0.821342,77598.570000,77530.490000
29804701,2026-09-01T17:01,77583.200000,-0.744700,0.642778,2026-09-01,418.000000,5.023343,0.367003,77615.860000,77570.390000
29804702,2026-09-01T17:02,77595.420000,-0.768500,-0.275722,2026-09-01,339.000000,3.855034,0.500344,77607.720000,77580.000000
29804703,2026-09-01T17:03,77586.010000,-0.733000,-0.005514,2026-09-01,444.000000,8.081577,0.437349,77630.000000,77586.000000
29804704,2026-09-01T17:04,77544.820000,-0.555000,-0.126435,2026-09-01,400.000000,5.044183,0.413474,77588.020000,77536.650000
29804705,2026-09-01T17:05,77553.210000,-0.584300,-0.173393,2026-09-01,495.000000,5.859209,0.473200,77569.350000,77540.140000
29804706,2026-09-01T17:06,77510.920000,-0.613100,-0.053820,2026-09-01,471.000000,7.177136,0.307076,77553.220000,77495.820000
29804707,2026-09-01T17:07,77528.600000,-0.511600,-0.395935,2026-09-01,389.000000,5.013783,0.322308,77539.980000,77487.700000
29804708,2026-09-01T17:08,77520.350000,-0.597100,-0.336703,2026-09-01,358.000000,2.675584,0.702434,77529.860000,77510.930000
29804709,2026-09-01T17:09,77530.390000,-0.559800,0.403022,2026-09-01,316.000000,2.621721,0.524341,77537.790000,77509.950000
29804710,2026-09-01T17:10,77499.740000,-0.352500,0.063769,2026-09-01,507.000000,6.286835,0.503399,77530.400000,77468.810000
29804711,2026-09-01T17:11,77501.170000,-0.051000,0.000721,2026-09-01,298.000000,2.065540,0.447235,77520.650000,77477.460000
29804712,2026-09-01T17:12,77507.080000,-0.608400,-0.107497,2026-09-01,242.000000,1.125945,0.445525,77508.670000,77488.350000
29804713,2026-09-01T17:13,77509.140000,-0.503100,-0.106777,2026-09-01,291.000000,3.294362,0.347263,77518.990000,77496.940000
29804714,2026-09-01T17:14,77490.670000,-0.292400,-0.303822,2026-09-01,332.000000,4.142618,0.168378,77520.650000,77484.520000
29804715,2026-09-01T17:15,77468.900000,-0.280700,-0.664964,2026-09-01,342.000000,6.501310,0.236307,77507.050000,77452.010000
29804716,2026-09-01T17:16,77396.990000,-0.557700,-0.527932,2026-09-01,422.000000,5.686728,0.225405,77477.230000,77385.600000
29804717,2026-09-01T17:17,77446.170000,-0.630700,-0.549191,2026-09-01,619.000000,6.651057,0.405581,77449.730000,77377.000000
29804718,2026-09-01T17:18,77484.110000,-0.571600,-0.210633,2026-09-01,357.000000,4.600111,0.502340,77510.920000,77427.130000
29804719,2026-09-01T17:19,77526.990000,-0.619100,0.068145,2026-09-01,467.000000,8.685547,0.372294,77526.670000,77490.020000
29804720,2026-09-01T17:20,77586.490000,-0.112300,-0.266539,2026-09-01,336.000000,6.473937,0.237655,77599.430000,77526.550000
29804721,2026-09-01T17:21,77526.640000,-0.270500,-0.520011,2026-09-01,326.000000,3.527696,0.391760,77587.770000,77523.070000
29804722,2026-09-01T17:22,77549.860000,-0.681100,-0.222414,2026-09-01,532.000000,6.583953,0.519497,77557.540000,77521.020000
29804723,2026-09-01T17:23,77533.450000,-0.426100,0.061440,2026-09-01,409.000000,8.669288,0.197295,77569.270000,77525.860000
29804724,2026-09-01T17:24,77536.120000,-0.452200,-0.595762,2026-09-01,552.000000,10.564696,0.514307,77553.050000,77523.010000
29804725,2026-09-01T17:25,77472.320000,-0.279900,0.008925,2026-09-01,608.000000,25.859169,0.313663,77537.990000,77423.710000
29804726,2026-09-01T17:26,77434.730000,-0.249200,-0.372673,2026-09-01,452.000000,10.346203,0.195496,77483.130000,77434.090000
29804727,2026-09-01T17:27,77503.510000,-0.037400,-0.567830,2026-09-01,441.000000,7.199285,0.424671,77520.650000,77434.730000
29804728,2026-09-01T17:28,77491.400000,-0.524900,-0.109402,2026-09-01,435.000000,14.080204,0.132336,77520.660000,77445.820000
29804729,2026-09-01T17:29,77496.600000,-0.374000,-0.799065,2026-09-01,268.000000,2.344313,0.182965,77503.990000,77474.920000
29804730,2026-09-01T17:30,77547.450000,-0.314500,-0.660745,2026-09-01,336.000000,2.191350,0.359358,77559.400000,77474.470000
29804731,2026-09-01T17:31,77582.990000,-0.469200,-0.282143,2026-09-01,327.000000,4.873494,0.084529,77585.040000,77546.170000
29804732,2026-09-01T17:32,77529.770000,-0.467900,-0.818950,2026-09-01,276.000000,4.732499,0.224092,77585.560000,77526.050000
29804733,2026-09-01T17:33,77545.650000,-0.611400,-0.561042,2026-09-01,285.000000,2.972577,0.291805,77557.220000,77518.980000
29804734,2026-09-01T17:34,77643.900000,-0.009800,-0.418028,2026-09-01,622.000000,14.511232,0.645710,77699.320000,77545.650000
29804735,2026-09-01T17:35,77638.330000,-0.654500,0.268164,2026-09-01,305.000000,4.531982,0.427552,77657.110000,77622.560000
29804736,2026-09-01T17:36,77651.640000,-0.413500,-0.091778,2026-09-01,288.000000,3.820514,0.544836,77654.560000,77621.010000
29804737,2026-09-01T17:37,77618.110000,-0.626700,0.090114,2026-09-01,252.000000,3.933062,0.126941,77662.000000,77612.550000
29804738,2026-09-01T17:38,77585.420000,-0.602300,-0.745282,2026-09-01,288.000000,3.761950,0.195971,77623.070000,77571.610000
29804739,2026-09-01T17:39,77559.620000,-0.318500,-0.607144,2026-09-01,207.000000,1.312666,0.210262,77588.830000,77559.630000
29804740,2026-09-01T17:40,77528.900000,-0.713500,-0.626998,2026-09-01,338.000000,9.173762,0.617851,77586.660000,77522.840000
29804741,2026-09-01T17:41,77567.330000,-0.546600,0.256786,2026-09-01,239.000000,2.667908,0.510335,77570.920000,77528.900000
29804742,2026-09-01T17:42,77597.640000,-0.751200,-0.054223,2026-09-01,260.000000,1.871670,0.275156,77600.000000,77566.400000
29804743,2026-09-01T17:43,77546.640000,-0.723400,-0.396839,2026-09-01,239.000000,1.828756,0.309575,77597.410000,77544.280000
29804744,2026-09-01T17:44,77491.330000,0.153700,-0.380775,2026-09-01,372.000000,4.099093,0.130988,77546.650000,77484.050000
29804745,2026-09-01T17:45,77470.740000,-0.234400,-0.742379,2026-09-01,471.000000,17.252693,0.527361,77494.410000,77462.480000
29804746,2026-09-01T17:46,77325.610000,0.058600,0.059352,2026-09-01,616.000000,11.751915,0.149470,77475.070000,77307.070000
29804747,2026-09-01T17:47,77403.580000,-0.027600,-0.669563,2026-09-01,444.000000,20.845326,0.833453,77409.630000,77325.620000
29804748,2026-09-01T17:48,77447.460000,-0.424800,0.663257,2026-09-01,369.000000,7.395122,0.545163,77452.470000,77364.810000
29804749,2026-09-01T17:49,77408.580000,-0.394500,0.090409,2026-09-01,312.000000,2.980788,0.190542,77458.910000,77382.460000
29804750,2026-09-01T17:50,77418.670000,0.022000,-0.636242,2026-09-01,256.000000,3.394920,0.391878,77425.710000,77408.570000
29804751,2026-09-01T17:51,77350.990000,-0.117600,-0.182643,2026-09-01,325.000000,3.868751,0.196210,77437.310000,77344.450000
29804752,2026-09-01T17:52,77332.270000,0.169100,-0.606286,2026-09-01,307.000000,2.458970,0.190460,77351.000000,77304.180000
29804753,2026-09-01T17:53,77319.480000,-0.488100,-0.625113,2026-09-01,318.000000,2.661068,0.316774,77339.970000,77317.180000
29804754,2026-09-01T17:54,77341.240000,-0.465500,-0.420921,2026-09-01,335.000000,9.025388,0.603072,77360.000000,77313.370000
29804755,2026-09-01T17:55,77323.670000,-0.287000,0.198358,2026-09-01,302.000000,6.282872,0.508750,77348.910000,77309.280000
29804756,2026-09-01T17:56,77318.880000,-0.444200,0.023133,2026-09-01,317.000000,2.826305,0.233379,77344.000000,77312.000000
29804757,2026-09-01T17:57,77299.400000,-0.329000,-0.478768,2026-09-01,545.000000,12.957708,0.128271,77353.000000,77256.850000
29804758,2026-09-01T17:58,77263.170000,-0.784700,-0.746412,2026-09-01,509.000000,8.540329,0.085336,77306.380000,77255.390000
29804759,2026-09-01T17:59,77238.200000,0.300200,-0.793540,2026-09-01,564.000000,8.826041,0.183839,77285.240000,77206.000000
29804760,2026-09-01T18:00,77231.550000,0.028800,-0.588122,2026-09-01,542.000000,13.721290,0.163579,77297.750000,77228.460000
29804761,2026-09-01T18:01,77156.690000,-0.637600,-0.724816,2026-09-01,725.000000,19.253732,0.133304,77244.200000,77149.380000
29804762,2026-09-01T18:02,77271.760000,-0.228800,-0.729000,2026-09-01,488.000000,6.035075,0.169957,77274.400000,77163.530000
29804763,2026-09-01T18:03,77261.180000,-0.398800,-0.677396,2026-09-01,556.000000,10.979318,0.457488,77270.470000,77213.820000
29804764,2026-09-01T18:04,77216.270000,-0.579000,-0.070939,2026-09-01,469.000000,7.513430,0.135359,77259.450000,77187.010000
29804765,2026-09-01T18:05,77234.700000,-0.464600,-0.727648,2026-09-01,463.000000,8.663611,0.115226,77247.930000,77177.030000
29804766,2026-09-01T18:06,77175.230000,-0.403400,-0.787071,2026-09-01,556.000000,23.694396,0.190450,77234.700000,77144.160000
29804767,2026-09-01T18:07,77206.880000,0.267000,-0.588931,2026-09-01,416.000000,5.543445,0.289817,77228.450000,77175.230000
29804768,2026-09-01T18:08,77144.240000,-0.506700,-0.497651,2026-09-01,422.000000,7.817352,0.224194,77203.850000,77138.330000
29804769,2026-09-01T18:09,77120.860000,-0.598600,-0.559445,2026-09-01,672.000000,25.897692,0.255070,77176.210000,77100.000000
29804770,2026-09-01T18:10,77135.150000,-0.734800,-0.491378,2026-09-01,1214.000000,21.945047,0.581763,77151.080000,77085.020000
29804771,2026-09-01T18:11,77128.270000,-0.434700,0.174844,2026-09-01,603.000000,8.223270,0.480721,77174.360000,77115.060000
29804772,2026-09-01T18:12,77186.800000,-0.653900,0.011882,2026-09-01,770.000000,9.016943,0.475664,77186.810000,77128.280000
29804773,2026-09-01T18:13,77170.460000,-0.519000,-0.093243,2026-09-01,580.000000,5.815365,0.362431,77199.230000,77163.160000
29804774,2026-09-01T18:14,77198.750000,-0.204900,-0.275849,2026-09-01,422.000000,3.495706,0.461307,77201.940000,77163.510000
29804775,2026-09-01T18:15,77152.890000,-0.729600,-0.072693,2026-09-01,497.000000,8.454325,0.249370,77220.270000,77150.010000
29804776,2026-09-01T18:16,77083.760000,-0.669400,-0.511004,2026-09-01,470.000000,6.207668,0.298907,77153.850000,77077.750000
29804777,2026-09-01T18:17,77104.850000,-0.536300,-0.387902,2026-09-01,1959.000000,78.128594,0.185510,77130.630000,77000.000000
29804778,2026-09-01T18:18,77083.760000,-0.665400,-0.624436,2026-09-01,897.000000,16.159282,0.247244,77109.820000,77058.220000
29804779,2026-09-01T18:19,77053.610000,-0.909700,-0.483016,2026-09-01,775.000000,15.204107,0.265687,77097.510000,77043.410000
29804780,2026-09-01T18:20,77065.490000,-0.532600,-0.521284,2026-09-01,936.000000,24.766635,0.706800,77079.990000,77028.920000
29804781,2026-09-01T18:21,77050.710000,-0.656400,0.423409,2026-09-01,386.000000,5.039618,0.485261,77068.870000,77043.400000
29804782,2026-09-01T18:22,77074.270000,-0.656600,-0.018713,2026-09-01,662.000000,8.239154,0.651198,77086.960000,77042.110000
29804783,2026-09-01T18:23,77099.650000,-0.320700,0.311841,2026-09-01,725.000000,13.799572,0.792050,77111.000000,77062.890000
29804784,2026-09-01T18:24,77084.830000,-0.219400,0.590323,2026-09-01,626.000000,8.112589,0.376685,77121.320000,77065.780000
29804785,2026-09-01T18:25,77070.570000,-0.058500,-0.338666,2026-09-01,274.000000,3.378581,0.410949,77084.830000,77055.260000
29804786,2026-09-01T18:26,77045.210000,-0.353800,-0.043705,2026-09-01,379.000000,5.469638,0.456227,77096.400000,77034.380000
29804787,2026-09-01T18:27,76913.820000,0.285500,-0.087485,2026-09-01,1011.000000,33.952230,0.479325,77055.090000,76904.840000
29804788,2026-09-01T18:28,76789.330000,-0.428900,-0.043521,2026-09-01,2526.000000,94.314855,0.206496,76913.810000,76675.980000
29804789,2026-09-01T18:29,77014.310000,-0.579800,-0.586915,2026-09-01,583.000000,11.050954,0.343839,77037.020000,76766.910000
29804790,2026-09-01T18:30,76934.580000,-0.580000,-0.296355,2026-09-01,527.000000,13.963873,0.335988,77092.090000,76932.530000
29804791,2026-09-01T18:31,76971.920000,-0.568500,-0.337277,2026-09-01,341.000000,5.329198,0.324320,76996.080000,76920.630000
29804792,2026-09-01T18:32,77000.960000,-0.593000,-0.344556,2026-09-01,368.000000,6.196412,0.382571,77019.540000,76971.940000
29804793,2026-09-01T18:33,76957.900000,-0.279800,-0.239508,2026-09-01,451.000000,5.319747,0.253296,77003.970000,76943.420000
29804794,2026-09-01T18:34,76902.330000,-0.298800,-0.483425,2026-09-01,740.000000,14.081386,0.383722,76965.360000,76875.010000
29804795,2026-09-01T18:35,76869.260000,-0.478000,-0.234568,2026-09-01,494.000000,5.058612,0.347292,76923.930000,76858.090000
29804796,2026-09-01T18:36,76742.990000,-0.067500,-0.322696,2026-09-01,458.000000,6.853700,0.287441,76875.350000,76740.370000
29804797,2026-09-01T18:37,76744.040000,-0.591600,-0.406378,2026-09-01,518.000000,10.385255,0.758818,76780.420000,76702.500000
29804798,2026-09-01T18:38,76702.490000,-0.592300,0.517006,2026-09-01,474.000000,10.392767,0.461740,76751.190000,76650.000000
29804799,2026-09-01T18:39,76648.390000,-0.176200,-0.090080,2026-09-01,799.000000,18.716407,0.459461,76695.320000,76563.590000
29804800,2026-09-01T18:40,76741.030000,-0.542300,-0.070621,2026-09-01,1016.000000,55.604131,0.756853,76788.150000,76656.040000
29804801,2026-09-01T18:41,76692.760000,-0.577000,0.537829,2026-09-01,589.000000,15.686547,0.696283,76758.990000,76685.300000
29804802,2026-09-01T18:42,76648.100000,-0.159800,0.250187,2026-09-01,382.000000,7.575965,0.315646,76714.950000,76647.830000
29804803,2026-09-01T18:43,76598.990000,-0.557200,-0.409002,2026-09-01,500.000000,12.321382,0.123544,76650.000000,76561.840000
29804804,2026-09-01T18:44,76550.010000,-0.747000,-0.741485,2026-09-01,533.000000,15.375387,0.461926,76598.990000,76550.000000
29804805,2026-09-01T18:45,76398.480000,-0.003300,-0.076138,2026-09-01,1514.000000,32.809344,0.252849,76561.080000,76374.480000
29804806,2026-09-01T18:46,76509.880000,-0.268300,-0.494605,2026-09-01,775.000000,24.687579,0.278074,76523.660000,76366.120000
29804807,2026-09-01T18:47,76560.980000,-0.021000,-0.440453,2026-09-01,750.000000,20.500118,0.178595,76566.100000,76422.410000
29804808,2026-09-01T18:48,76575.610000,-0.592000,-0.468110,2026-09-01,457.000000,10.569749,0.481367,76578.830000,76503.160000
29804809,2026-09-01T18:49,76751.200000,-0.309100,-0.330805,2026-09-01,535.000000,12.473024,0.631370,76754.280000,76575.000000
29804810,2026-09-01T18:50,76883.920000,-0.534000,0.253004,2026-09-01,589.000000,13.055339,0.414029,76892.960000,76722.680000
29804811,2026-09-01T18:51,76871.540000,-0.610100,-0.170816,2026-09-01,421.000000,4.005642,0.641407,76936.260000,76868.100000
29804812,2026-09-01T18:52,76904.230000,-0.435900,0.233882,2026-09-01,577.000000,8.623449,0.591565,76910.270000,76849.080000
29804813,2026-09-01T18:53,76946.420000,-0.493600,0.182676,2026-09-01,566.000000,11.264917,0.580468,76948.670000,76889.610000
29804814,2026-09-01T18:54,76913.450000,0.009100,0.178566,2026-09-01,484.000000,5.602942,0.768509,76956.590000,76900.000000
29804815,2026-09-01T18:55,76945.990000,-0.478000,0.508218,2026-09-01,663.000000,9.067297,0.610011,76947.540000,76887.780000
29804816,2026-09-01T18:56,77026.380000,-0.206900,0.238464,2026-09-01,618.000000,14.460305,0.741746,77026.780000,76946.000000
29804817,2026-09-01T18:57,77009.360000,-0.571300,0.433523,2026-09-01,681.000000,15.698384,0.775988,77040.640000,77002.180000
29804818,2026-09-01T18:58,77062.260000,-0.184600,0.509409,2026-09-01,565.000000,20.630687,0.413009,77065.710000,77003.390000
29804819,2026-09-01T18:59,77126.860000,-0.274600,-0.136366,2026-09-01,496.000000,6.693666,0.682470,77131.000000,77041.550000
29804820,2026-09-01T19:00,77182.960000,-0.372100,0.369720,2026-09-01,457.000000,9.920593,0.747953,77184.880000,77088.380000
29804821,2026-09-01T19:01,77171.460000,-0.664500,0.495774,2026-09-01,618.000000,13.583214,0.525821,77222.210000,77121.320000
29804822,2026-09-01T19:02,77080.110000,-0.699000,0.048541,2026-09-01,601.000000,10.657641,0.337019,77160.480000,77073.180000
29804823,2026-09-01T19:03,77157.320000,-0.453800,-0.326459,2026-09-01,476.000000,8.817308,0.759393,77160.160000,77069.290000
29804824,2026-09-01T19:04,77264.120000,-0.107100,0.509130,2026-09-01,507.000000,7.209356,0.789554,77268.470000,77157.310000
29804825,2026-09-01T19:05,77209.270000,-0.555600,0.588781,2026-09-01,536.000000,7.074561,0.613528,77276.990000,77205.650000
29804826,2026-09-01T19:06,77205.040000,-0.653200,0.222692,2026-09-01,539.000000,5.678040,0.427279,77224.680000,77179.350000
29804827,2026-09-01T19:07,77177.790000,-0.661400,-0.122988,2026-09-01,470.000000,7.393594,0.643736,77203.100000,77160.280000
29804828,2026-09-01T19:08,77137.680000,0.043500,0.276557,2026-09-01,814.000000,31.810425,0.257992,77167.760000,77109.010000
29804829,2026-09-01T19:09,77140.800000,-0.538800,-0.520059,2026-09-01,574.000000,29.123820,0.068778,77179.760000,77109.280000
29804830,2026-09-01T19:10,77182.960000,-0.525900,-0.849745,2026-09-01,293.000000,3.797488,0.353165,77185.670000,77140.800000
29804831,2026-09-01T19:11,77150.770000,-0.359200,-0.295607,2026-09-01,374.000000,4.558572,0.383997,77212.570000,77150.770000
29804832,2026-09-01T19:12,77138.880000,0.405400,-0.232011,2026-09-01,341.000000,2.751959,0.482485,77155.130000,77138.870000
29804833,2026-09-01T19:13,77140.800000,-0.458100,-0.078011,2026-09-01,370.000000,3.994737,0.859849,77161.670000,77138.820000
29804834,2026-09-01T19:14,77174.950000,-0.315100,0.817317,2026-09-01,381.000000,5.250117,0.722467,77179.630000,77138.880000
29804835,2026-09-01T19:15,77198.760000,0.519000,0.348212,2026-09-01,399.000000,5.855519,0.573621,77198.770000,77103.510000
29804836,2026-09-01T19:16,77233.880000,0.307400,0.148362,2026-09-01,321.000000,2.973971,0.569079,77267.420000,77190.320000
29804837,2026-09-01T19:17,77224.730000,-0.272200,0.074068,2026-09-01,211.000000,2.035760,0.492721,77233.510000,77199.240000
29804838,2026-09-01T19:18,77202.430000,-0.331400,0.055222,2026-09-01,556.000000,9.117917,0.531601,77233.090000,77189.080000
29804839,2026-09-01T19:19,77192.270000,0.333300,0.063505,2026-09-01,283.000000,3.358725,0.707228,77220.000000,77189.500000
29804840,2026-09-01T19:20,77219.580000,-0.054000,0.397585,2026-09-01,304.000000,3.786109,0.364686,77234.420000,77189.080000
29804841,2026-09-01T19:21,77237.460000,-0.365200,-0.262949,2026-09-01,439.000000,3.071565,0.301244,77250.000000,77219.590000
29804842,2026-09-01T19:22,77311.790000,-0.032000,-0.424776,2026-09-01,474.000000,4.963294,0.888004,77317.610000,77210.890000
29804843,2026-09-01T19:23,77352.010000,0.293100,0.869941,2026-09-01,678.000000,17.789404,0.837883,77399.000000,77312.150000
29804844,2026-09-01T19:24,77303.890000,-0.120800,0.647875,2026-09-01,663.000000,11.452365,0.615720,77361.840000,77256.120000
29804845,2026-09-01T19:25,77341.390000,-0.562700,0.231451,2026-09-01,520.000000,6.649488,0.642941,77346.990000,77300.690000
29804846,2026-09-01T19:26,77372.550000,-0.593000,0.298988,2026-09-01,478.000000,6.174192,0.912237,77375.000000,77330.570000
29804847,2026-09-01T19:27,77405.950000,-0.524900,0.826682,2026-09-01,370.000000,4.818118,0.813740,77432.990000,77372.550000
29804848,2026-09-01T19:28,77334.600000,-0.383700,0.606718,2026-09-01,332.000000,5.269592,0.522403,77419.210000,77328.480000
29804849,2026-09-01T19:29,77324.210000,-0.638200,0.050850,2026-09-01,470.000000,7.907386,0.687343,77350.280000,77316.650000
29804850,2026-09-01T19:30,77338.140000,-0.534000,0.363893,2026-09-01,456.000000,7.214524,0.473400,77350.280000,77294.010000
29804851,2026-09-01T19:31,77280.860000,-0.100800,-0.041682,2026-09-01,542.000000,12.610257,0.205397,77341.700000,77262.210000
29804852,2026-09-01T19:32,77299.860000,-0.266800,-0.593995,2026-09-01,397.000000,5.109955,0.531191,77320.260000,77277.170000
29804853,2026-09-01T19:33,77313.020000,-0.525600,0.063908,2026-09-01,251.000000,3.826843,0.208533,77314.070000,77296.780000
29804854,2026-09-01T19:34,77302.360000,-0.515100,-0.585378,2026-09-01,251.000000,3.226799,0.195274,77314.070000,77296.840000
29804855,2026-09-01T19:35,77341.900000,-0.354100,-0.492462,2026-09-01,413.000000,5.996429,0.747982,77343.250000,77300.200000
29804856,2026-09-01T19:36,77299.990000,-0.539400,0.473767,2026-09-01,354.000000,8.372321,0.174966,77343.250000,77263.670000
29804857,2026-09-01T19:37,77313.120000,-0.331900,-0.650069,2026-09-01,257.000000,2.665950,0.571111,77322.970000,77281.490000
29804858,2026-09-01T19:38,77304.760000,-0.594200,0.127891,2026-09-01,300.000000,4.914073,0.309324,77325.000000,77247.080000
29804859,2026-09-01T19:39,77263.670000,-0.561300,-0.368205,2026-09-01,370.000000,8.122976,0.336757,77330.000000,77262.570000
29804860,2026-09-01T19:40,77311.860000,-0.261900,-0.331654,2026-09-01,305.000000,6.400828,0.464667,77316.000000,77260.270000
29804861,2026-09-01T19:41,77309.180000,-0.347700,-0.070675,2026-09-01,343.000000,4.871866,0.196450,77329.990000,77304.150000
29804862,2026-09-01T19:42,77263.110000,-0.233700,-0.636802,2026-09-01,350.000000,8.097824,0.134538,77310.110000,77260.160000
29804863,2026-09-01T19:43,77272.420000,-0.550000,-0.717027,2026-09-01,255.000000,5.521988,0.153951,77278.990000,77263.110000
29804864,2026-09-01T19:44,77279.860000,-0.361300,-0.700399,2026-09-01,224.000000,1.702589,0.503583,77285.170000,77266.270000
29804865,2026-09-01T19:45,77272.990000,-0.253100,0.109093,2026-09-01,423.000000,7.258915,0.505059,77306.370000,77263.010000
29804866,2026-09-01T19:46,77256.900000,-0.159900,0.010320,2026-09-01,289.000000,4.558674,0.085767,77277.170000,77251.580000
29804867,2026-09-01T19:47,77243.010000,-0.561100,-0.882307,2026-09-01,288.000000,4.707557,0.224522,77256.810000,77238.500000
29804868,2026-09-01T19:48,77261.990000,-0.310100,-0.197987,2026-09-01,346.000000,4.471727,0.469922,77262.000000,77219.890000
29804869,2026-09-01T19:49,77267.420000,-0.207500,0.260456,2026-09-01,312.000000,5.470417,0.512601,77270.000000,77238.500000
29804870,2026-09-01T19:50,77253.390000,-0.439800,-0.531523,2026-09-01,227.000000,1.444871,0.479276,77267.420000,77242.790000
29804871,2026-09-01T19:51,77253.390000,-0.018100,0.106139,2026-09-01,346.000000,18.991179,0.247254,77277.160000,77230.000000
29804872,2026-09-01T19:52,77185.790000,-0.500900,-0.505391,2026-09-01,383.000000,16.032036,0.105727,77259.210000,77177.110000
29804873,2026-09-01T19:53,77157.480000,0.136300,-0.785261,2026-09-01,566.000000,14.376110,0.189229,77185.340000,77140.000000
29804874,2026-09-01T19:54,77171.540000,0.038600,-0.625021,2026-09-01,816.000000,22.289882,0.255540,77179.760000,77140.000000
29804875,2026-09-01T19:55,77216.980000,0.267900,-0.454569,2026-09-01,402.000000,5.694827,0.814328,77223.990000,77171.550000
29804876,2026-09-01T19:56,77211.260000,-0.232700,0.590894,2026-09-01,273.000000,4.061382,0.462881,77260.760000,77210.510000
29804877,2026-09-01T19:57,77210.730000,0.113800,-0.128702,2026-09-01,273.000000,2.729226,0.311258,77233.620000,77189.500000
29804878,2026-09-01T19:58,77262.700000,0.119200,-0.288738,2026-09-01,390.000000,4.234527,0.255547,77259.300000,77199.210000
29804879,2026-09-01T19:59,77269.830000,0.221300,-0.518553,2026-09-01,666.000000,11.704788,0.128800,77275.060000,77235.850000
29804880,2026-09-01T20:00,77256.960000,-0.315500,-0.746929,2026-09-01,470.000000,7.495546,0.301029,77315.000000,77251.080000
29804881,2026-09-01T20:01,77250.510000,-0.551000,-0.368902,2026-09-01,378.000000,5.921014,0.572357,77316.110000,77239.530000
29804882,2026-09-01T20:02,77228.660000,-0.476800,0.175825,2026-09-01,274.000000,2.667163,0.662071,77265.770000,77228.470000
29804883,2026-09-01T20:03,77205.820000,-0.080600,0.324142,2026-09-01,335.000000,6.444314,0.476728,77238.200000,77194.000000
29804884,2026-09-01T20:04,77272.420000,-0.254500,-0.046552,2026-09-01,381.000000,6.650291,0.698225,77272.520000,77199.380000
29804885,2026-09-01T20:05,77305.580000,-0.341700,0.414971,2026-09-01,430.000000,5.373825,0.810257,77370.180000,77271.420000
29804886,2026-09-01T20:06,77238.610000,-0.067400,0.564162,2026-09-01,382.000000,6.570716,0.309106,77305.580000,77238.200000
29804887,2026-09-01T20:07,77249.070000,-0.103200,-0.360557,2026-09-01,341.000000,3.058930,0.593324,77265.530000,77238.620000
29804888,2026-09-01T20:08,77243.070000,-0.100200,0.241659,2026-09-01,347.000000,2.931369,0.812724,77265.680000,77238.200000
29804889,2026-09-01T20:09,77243.510000,0.254200,0.591994,2026-09-01,314.000000,2.746919,0.564132,77261.120000,77235.760000
29804890,2026-09-01T20:10,77269.300000,-0.300100,0.215780,2026-09-01,346.000000,3.704994,0.925567,77270.030000,77238.190000
29804891,2026-09-01T20:11,77260.330000,0.094500,0.836663,2026-09-01,277.000000,2.671412,0.533127,77269.320000,77237.250000
29804892,2026-09-01T20:12,77280.010000,0.518700,0.067255,2026-09-01,285.000000,1.890603,0.741049,77280.010000,77259.040000
29804893,2026-09-01T20:13,77341.510000,-0.646500,0.482721,2026-09-01,234.000000,1.422031,0.889406,77341.740000,77280.000000
29804894,2026-09-01T20:14,77391.490000,-0.400500,0.791404,2026-09-01,322.000000,5.997104,0.797563,77391.490000,77329.350000
29804895,2026-09-01T20:15,77355.170000,-0.802200,0.587263,2026-09-01,318.000000,8.203684,0.353786,77432.990000,77355.090000
29804896,2026-09-01T20:16,77315.080000,-0.638500,-0.291699,2026-09-01,410.000000,14.013794,0.146147,77364.820000,77309.650000
29804897,2026-09-01T20:17,77312.350000,-0.151400,-0.707862,2026-09-01,349.000000,3.300792,0.676341,77312.350000,77286.180000
29804898,2026-09-01T20:18,77357.420000,-0.751100,0.352683,2026-09-01,306.000000,4.196647,0.738658,77364.810000,77312.340000
29804899,2026-09-01T20:19,77384.290000,-0.243000,0.477094,2026-09-01,443.000000,8.561910,0.889877,77384.300000,77356.990000
29804900,2026-09-01T20:20,77363.550000,-0.459300,0.779950,2026-09-01,696.000000,7.293083,0.538094,77409.660000,77357.000000
29804901,2026-09-01T20:21,77357.670000,-0.519400,0.046659,2026-09-01,285.000000,2.641383,0.536297,77363.550000,77335.600000
29804902,2026-09-01T20:22,77345.040000,-0.308700,0.162173,2026-09-01,241.000000,2.228258,0.477881,77355.910000,77337.820000
29804903,2026-09-01T20:23,77356.510000,0.084700,0.004268,2026-09-01,266.000000,2.331397,0.797258,77360.000000,77335.600000
29804904,2026-09-01T20:24,77350.010000,-0.673100,0.579109,2026-09-01,229.000000,1.455574,0.768022,77360.000000,77350.010000
29804905,2026-09-01T20:25,77362.990000,-0.630000,0.096382,2026-09-01,281.000000,2.549572,0.319583,77369.780000,77331.890000
29804906,2026-09-01T20:26,77326.170000,0.177500,-0.282368,2026-09-01,279.000000,4.223299,0.461148,77362.980000,77316.120000
29804907,2026-09-01T20:27,77317.350000,0.435100,-0.078517,2026-09-01,262.000000,2.721543,0.227947,77332.230000,77316.120000
29804908,2026-09-01T20:28,77343.460000,-0.661400,-0.491327,2026-09-01,388.000000,12.854793,0.548654,77351.740000,77286.900000
29804909,2026-09-01T20:29,77364.800000,-0.463300,0.097751,2026-09-01,265.000000,4.479634,0.834208,77364.810000,77328.260000
29804910,2026-09-01T20:30,77368.240000,-0.557600,0.687272,2026-09-01,185.000000,3.784136,0.122827,77388.110000,77364.810000
29804911,2026-09-01T20:31,77326.040000,-0.429300,-0.881314,2026-09-01,241.000000,2.610254,0.243445,77369.800000,77317.410000
29804912,2026-09-01T20:32,77332.540000,-0.317200,-0.521893,2026-09-01,259.000000,1.753201,0.425666,77348.160000,77324.100000
29804913,2026-09-01T20:33,77347.760000,-0.623000,-0.072302,2026-09-01,302.000000,4.289828,0.359699,77353.020000,77321.630000
29804914,2026-09-01T20:34,77338.420000,-0.599900,-0.319113,2026-09-01,214.000000,1.491892,0.367673,77349.790000,77331.520000
29804915,2026-09-01T20:35,77399.580000,-0.671900,-0.264662,2026-09-01,249.000000,1.700453,0.583783,77399.590000,77338.420000
29804916,2026-09-01T20:36,77394.040000,-0.444800,0.167805,2026-09-01,409.000000,3.590745,0.719933,77445.960000,77389.180000
29804917,2026-09-01T20:37,77415.080000,-0.558900,0.440435,2026-09-01,277.000000,2.281785,0.362757,77435.230000,77387.910000
29804918,2026-09-01T20:38,77357.210000,-0.386000,-0.276803,2026-09-01,363.000000,4.701436,0.136996,77415.080000,77335.690000
29804919,2026-09-01T20:39,77396.670000,-0.353700,-0.726008,2026-09-01,285.000000,2.605553,0.425867,77400.730000,77357.210000
29804920,2026-09-01T20:40,77330.010000,-0.269100,-0.148266,2026-09-01,253.000000,1.975792,0.177818,77396.670000,77330.000000
29804921,2026-09-01T20:41,77302.640000,-0.164800,-0.644364,2026-09-01,284.000000,2.086090,0.334558,77339.230000,77300.000000
29804922,2026-09-01T20:42,77328.040000,-0.173800,-0.312310,2026-09-01,387.000000,4.376906,0.495554,77345.330000,77302.000000
29804923,2026-09-01T20:43,77338.540000,-0.126200,-0.015743,2026-09-01,254.000000,1.036686,0.458584,77339.920000,77325.940000
29804924,2026-09-01T20:44,77354.330000,-0.092400,-0.081533,2026-09-01,264.000000,1.862351,0.621708,77373.240000,77338.530000
29804925,2026-09-01T20:45,77343.420000,0.133600,0.243189,2026-09-01,255.000000,3.668694,0.255611,77372.430000,77335.240000
29804926,2026-09-01T20:46,77329.170000,0.158100,-0.486879,2026-09-01,204.000000,1.180561,0.157578,77349.880000,77325.860000
29804927,2026-09-01T20:47,77310.260000,-0.079000,-0.687917,2026-09-01,258.000000,2.534920,0.131108,77330.800000,77299.780000
29804928,2026-09-01T20:48,77325.860000,-0.457700,-0.718949,2026-09-01,259.000000,5.092103,0.639537,77325.850000,77309.800000
29804929,2026-09-01T20:49,77310.360000,0.114800,0.274635,2026-09-01,220.000000,1.399222,0.254401,77329.390000,77306.380000
29804930,2026-09-01T20:50,77334.980000,0.071600,-0.464899,2026-09-01,232.000000,5.776431,0.788750,77355.070000,77310.370000
29804931,2026-09-01T20:51,77327.540000,0.482900,0.575645,2026-09-01,189.000000,1.268016,0.192907,77334.970000,77307.560000
29804932,2026-09-01T20:52,77348.700000,-0.042500,-0.611535,2026-09-01,213.000000,2.047498,0.180296,77355.080000,77318.990000
29804933,2026-09-01T20:53,77356.230000,0.340600,-0.640341,2026-09-01,190.000000,0.220479,0.673461,77357.240000,77347.140000
29804934,2026-09-01T20:54,77385.520000,0.073200,0.344068,2026-09-01,206.000000,0.992825,0.587192,77396.880000,77356.220000
29804935,2026-09-01T20:55,77415.260000,-0.011700,0.174406,2026-09-01,218.000000,1.879080,0.304390,77416.910000,77382.040000
29804936,2026-09-01T20:56,77418.490000,0.011900,-0.391221,2026-09-01,274.000000,2.095187,0.307225,77421.940000,77382.070000
29804937,2026-09-01T20:57,77431.650000,0.109400,-0.385550,2026-09-01,229.000000,1.329120,0.549963,77433.460000,77410.370000
29804938,2026-09-01T20:58,77421.170000,-0.202700,-0.063460,2026-09-01,201.000000,1.454626,0.607292,77431.660000,77416.180000
29804939,2026-09-01T20:59,77403.800000,0.317800,0.267198,2026-09-01,246.000000,2.544208,0.118277,77421.160000,77403.780000
29804940,2026-09-01T21:00,77436.050000,-0.233200,-0.680752,2026-09-01,277.000000,3.181261,0.413716,77436.590000,77385.000000
29804941,2026-09-01T21:01,77359.240000,0.362800,-0.205986,2026-09-01,383.000000,10.055864,0.173588,77485.960000,77350.000000
29804942,2026-09-01T21:02,77429.490000,-0.540000,-0.623810,2026-09-01,231.000000,1.890795,0.511798,77448.210000,77359.250000
29804943,2026-09-01T21:03,77341.740000,-0.677300,-0.075865,2026-09-01,380.000000,6.191926,0.090251,77437.730000,77341.750000
29804944,2026-09-01T21:04,77352.010000,-0.669200,-0.804406,2026-09-01,236.000000,1.659732,0.677430,77357.500000,77325.140000
29804945,2026-09-01T21:05,77288.710000,0.059400,0.332056,2026-09-01,333.000000,9.212516,0.232272,77342.370000,77260.510000
29804946,2026-09-01T21:06,77240.010000,-0.539200,-0.535525,2026-09-01,301.000000,3.972931,0.201894,77293.900000,77240.000000
29804947,2026-09-01T21:07,77216.050000,0.442800,-0.599871,2026-09-01,378.000000,6.276978,0.230713,77240.000000,77187.590000
29804948,2026-09-01T21:08,77252.800000,0.598800,-0.535254,2026-09-01,262.000000,1.039671,0.956612,77252.810000,77216.050000
29804949,2026-09-01T21:09,77211.040000,-0.510100,0.914056,2026-09-01,251.000000,1.101007,0.196222,77256.480000,77211.030000
29804950,2026-09-01T21:10,77115.360000,0.324000,-0.641070,2026-09-01,383.000000,8.497492,0.115086,77211.040000,77113.820000
29804951,2026-09-01T21:11,77072.620000,0.579900,-0.753165,2026-09-01,290.000000,2.357756,0.366073,77137.890000,77080.000000
29804952,2026-09-01T21:12,77045.380000,-0.575600,-0.368017,2026-09-01,462.000000,12.133099,0.618547,77082.360000,77023.240000
29804953,2026-09-01T21:13,77063.110000,-0.400700,0.258958,2026-09-01,376.000000,7.417191,0.258024,77095.170000,77038.240000
29804954,2026-09-01T21:14,77070.900000,-0.386300,-0.483861,2026-09-01,303.000000,9.014278,0.126861,77085.000000,77060.860000
29804955,2026-09-01T21:15,77087.100000,-0.309500,-0.745043,2026-09-01,334.000000,6.372205,0.548519,77111.570000,77059.230000
29804956,2026-09-01T21:16,77042.340000,-0.400300,0.084360,2026-09-01,305.000000,7.124730,0.228223,77087.090000,77038.140000
29804957,2026-09-01T21:17,76900.420000,-0.462700,-0.538889,2026-09-01,682.000000,15.247706,0.436732,77043.320000,76877.830000
29804958,2026-09-01T21:18,76950.210000,-0.226500,-0.139519,2026-09-01,538.000000,13.684669,0.529149,76950.210000,76896.030000
29804959,2026-09-01T21:19,76982.220000,-0.452100,0.076118,2026-09-01,574.000000,11.754845,0.634649,76998.950000,76872.200000
29804960,2026-09-01T21:20,77055.610000,-0.228000,0.281906,2026-09-01,369.000000,6.285849,0.413774,77072.620000,76981.920000
29804961,2026-09-01T21:21,77037.070000,0.541300,-0.212256,2026-09-01,546.000000,5.672897,0.889253,77080.360000,77034.660000
29804962,2026-09-01T21:22,77159.740000,-0.091600,0.778506,2026-09-01,282.000000,3.222001,0.870482,77167.590000,77037.070000
29804963,2026-09-01T21:23,77138.210000,-0.606700,0.610665,2026-09-01,297.000000,6.095877,0.502522,77173.770000,77123.880000
29804964,2026-09-01T21:24,77175.280000,0.350200,0.053073,2026-09-01,441.000000,7.719133,0.634747,77177.640000,77090.380000
29804965,2026-09-01T21:25,77179.760000,-0.624300,0.267690,2026-09-01,358.000000,8.316011,0.530975,77200.970000,77170.210000
29804966,2026-09-01T21:26,77187.830000,-0.312500,0.061915,2026-09-01,251.000000,2.452118,0.478293,77229.470000,77179.760000
29804967,2026-09-01T21:27,77159.920000,0.013600,-0.043409,2026-09-01,281.000000,3.679152,0.110971,77187.830000,77148.400000
29804968,2026-09-01T21:28,77134.540000,-0.638800,-0.776283,2026-09-01,256.000000,6.898120,0.121204,77162.530000,77121.320000
29804969,2026-09-01T21:29,77153.240000,0.023500,-0.758532,2026-09-01,354.000000,2.579476,0.297320,77160.780000,77115.470000
29804970,2026-09-01T21:30,77132.980000,0.029300,-0.403888,2026-09-01,263.000000,0.778896,0.277418,77153.250000,77111.290000
29804971,2026-09-01T21:31,77069.830000,0.144800,-0.450108,2026-09-01,327.000000,1.478793,0.280381,77132.980000,77046.180000
29804972,2026-09-01T21:32,77012.640000,-0.157600,-0.439325,2026-09-01,390.000000,9.352230,0.191402,77069.820000,76967.160000
29804973,2026-09-01T21:33,77012.640000,-0.218800,-0.617066,2026-09-01,262.000000,1.449668,0.578421,77018.420000,76993.100000
29804974,2026-09-01T21:34,77003.920000,0.054200,0.156416,2026-09-01,324.000000,2.059028,0.308540,77025.470000,76984.970000
29804975,2026-09-01T21:35,77082.290000,0.110800,-0.382496,2026-09-01,221.000000,1.631288,0.885863,77082.290000,77008.720000
29804976,2026-09-01T21:36,77062.980000,-0.176300,0.772328,2026-09-01,298.000000,1.613083,0.121238,77102.050000,77043.400000
29804977,2026-09-01T21:37,77046.890000,-0.410500,-0.463850,2026-09-01,238.000000,0.858247,0.660998,77064.150000,77043.400000
29804978,2026-09-01T21:38,77083.330000,-0.383800,-0.118796,2026-09-01,262.000000,2.661763,0.856779,77087.080000,77044.400000
29804979,2026-09-01T21:39,77131.050000,0.032900,0.721420,2026-09-01,302.000000,2.771357,0.943206,77131.050000,77084.240000
29804980,2026-09-01T21:40,77165.060000,-0.059300,0.885735,2026-09-01,317.000000,2.337753,0.263383,77170.020000,77108.050000
29804981,2026-09-01T21:41,77152.400000,-0.077400,-0.475390,2026-09-01,261.000000,1.681560,0.202609,77167.280000,77131.550000
29804982,2026-09-01T21:42,77130.010000,-0.088800,-0.594242,2026-09-01,234.000000,0.776181,0.101656,77179.760000,77130.000000
29804983,2026-09-01T21:43,77093.080000,0.138500,-0.797538,2026-09-01,351.000000,1.506072,0.417991,77130.010000,77092.180000
29804984,2026-09-01T21:44,77108.890000,0.095200,-0.164174,2026-09-01,282.000000,0.939262,0.200907,77115.820000,77093.170000
29804985,2026-09-01T21:45,77111.800000,-0.096400,-0.599323,2026-09-01,524.000000,2.729412,0.653815,77135.000000,77086.780000
29804986,2026-09-01T21:46,77142.010000,0.080200,0.308910,2026-09-01,301.000000,1.009216,0.568836,77142.230000,77111.580000
29804987,2026-09-01T21:47,77110.320000,-0.317600,0.138763,2026-09-01,321.000000,1.682480,0.157036,77150.190000,77109.720000
29804988,2026-09-01T21:48,77111.650000,-0.186800,-0.687210,2026-09-01,295.000000,1.869552,0.156131,77140.790000,77109.720000
29804989,2026-09-01T21:49,77137.080000,-0.177500,-0.687730,2026-09-01,272.000000,0.793351,0.363080,77138.100000,77111.650000
29804990,2026-09-01T21:50,77143.840000,-0.507900,-0.274873,2026-09-01,524.000000,19.289812,0.120605,77146.470000,77087.840000
29804991,2026-09-01T21:51,77215.500000,-0.284900,-0.758776,2026-09-01,494.000000,2.862754,0.610049,77215.550000,77143.180000
29804992,2026-09-01T21:52,77214.490000,-0.314300,0.219547,2026-09-01,287.000000,1.205667,0.168666,77227.030000,77198.630000
29804993,2026-09-01T21:53,77191.700000,-0.395800,-0.658664,2026-09-01,285.000000,1.586853,0.149417,77235.890000,77187.660000
29804994,2026-09-01T21:54,77197.890000,-0.356100,-0.703862,2026-09-01,229.000000,0.764961,0.696290,77197.900000,77190.000000
29804995,2026-09-01T21:55,77216.260000,-0.228700,0.474018,2026-09-01,322.000000,1.878485,0.124845,77226.740000,77187.800000
29804996,2026-09-01T21:56,77221.830000,-0.032900,-0.750962,2026-09-01,312.000000,7.229677,0.879267,77238.350000,77209.160000
29804997,2026-09-01T21:57,77211.790000,-0.476400,0.758553,2026-09-01,298.000000,1.937262,0.278718,77221.850000,77199.240000
29804998,2026-09-01T21:58,77190.420000,-0.393500,-0.442294,2026-09-01,276.000000,0.806074,0.192558,77211.800000,77190.310000
29804999,2026-09-01T21:59,77166.580000,-0.339700,-0.616125,2026-09-01,306.000000,4.012642,0.232068,77190.420000,77160.380000
29805000,2026-09-01T22:00,77149.040000,-0.093700,-0.534764,2026-09-01,373.000000,5.683798,0.063248,77168.140000,77132.470000
29805001,2026-09-01T22:01,77146.670000,0.106100,-0.860273,2026-09-01,350.000000,4.415879,0.758631,77188.520000,77142.270000
29805002,2026-09-01T22:02,77202.760000,-0.657400,0.559280,2026-09-01,408.000000,3.112577,0.721663,77208.190000,77139.340000
29805003,2026-09-01T22:03,77266.460000,-0.604400,0.474024,2026-09-01,366.000000,2.392065,0.671754,77277.160000,77194.390000
29805004,2026-09-01T22:04,77252.110000,-0.427500,0.272919,2026-09-01,369.000000,2.614185,0.298096,77277.150000,77235.710000
29805005,2026-09-01T22:05,77213.110000,0.186500,-0.403710,2026-09-01,343.000000,2.518067,0.310572,77244.460000,77206.120000
29805006,2026-09-01T22:06,77199.980000,-0.071900,-0.482016,2026-09-01,338.000000,2.431734,0.229378,77213.110000,77165.000000
29805007,2026-09-01T22:07,77228.180000,-0.414700,-0.421843,2026-09-01,361.000000,1.847090,0.684460,77238.020000,77179.800000
29805008,2026-09-01T22:08,77238.210000,-0.450100,0.368894,2026-09-01,329.000000,2.078051,0.451129,77267.410000,77224.330000
29805009,2026-09-01T22:09,77235.390000,-0.094200,-0.097741,2026-09-01,266.000000,0.794543,0.382961,77238.210000,77225.990000
29805010,2026-09-01T22:10,77246.210000,-0.141200,-0.230840,2026-09-01,230.000000,0.381438,0.332680,77252.900000,77235.380000
29805011,2026-09-01T22:11,77257.880000,-0.040900,-0.349171,2026-09-01,292.000000,2.001294,0.210287,77263.890000,77246.200000
29805012,2026-09-01T22:12,77262.850000,-0.199900,-0.581511,2026-09-01,301.000000,1.177694,0.819929,77271.070000,77257.870000
29805013,2026-09-01T22:13,77255.010000,-0.569300,0.577496,2026-09-01,267.000000,0.431984,0.339901,77280.000000,77255.000000
29805014,2026-09-01T22:14,77256.400000,-0.295900,-0.287335,2026-09-01,301.000000,3.546310,0.475872,77261.870000,77249.890000
29805015,2026-09-01T22:15,77181.420000,-0.485600,-0.037052,2026-09-01,319.000000,0.938225,0.317230,77256.410000,77181.110000
29805016,2026-09-01T22:16,77182.800000,-0.354100,-0.382513,2026-09-01,318.000000,0.919354,0.715161,77192.390000,77174.620000
29805017,2026-09-01T22:17,77200.100000,-0.100000,0.470710,2026-09-01,303.000000,0.686826,0.499818,77208.930000,77182.800000
29805018,2026-09-01T22:18,77189.490000,0.077100,0.000801,2026-09-01,315.000000,2.336039,0.361199,77200.100000,77163.980000
29805019,2026-09-01T22:19,77182.540000,0.064400,-0.243450,2026-09-01,164.000000,2.155266,0.812107,77210.000000,77172.750000
29805020,2026-09-01T22:20,77197.100000,0.349200,0.612685,2026-09-01,367.000000,1.587098,0.589028,77215.430000,77194.790000
29805021,2026-09-01T22:21,77141.240000,-0.195900,0.184501,2026-09-01,241.000000,2.200410,0.322358,77197.100000,77132.760000
29805022,2026-09-01T22:22,77052.260000,0.009000,-0.362536,2026-09-01,380.000000,6.044904,0.238017,77139.050000,77047.010000
29805023,2026-09-01T22:23,77097.700000,-0.309400,-0.479133,2026-09-01,342.000000,5.148201,0.449323,77097.700000,77047.800000
29805024,2026-09-01T22:24,77128.270000,0.407400,-0.141628,2026-09-01,330.000000,4.420874,0.447125,77169.460000,77097.520000
29805025,2026-09-01T22:25,77109.890000,-0.150900,-0.136638,2026-09-01,249.000000,1.370010,0.551023,77143.970000,77109.890000
29805026,2026-09-01T22:26,77119.390000,-0.049600,0.266409,2026-09-01,325.000000,4.232507,0.330261,77120.940000,77091.440000
29805027,2026-09-01T22:27,77104.890000,-0.314000,-0.339478,2026-09-01,302.000000,5.084265,0.232184,77148.170000,77104.890000
29805028,2026-09-01T22:28,77088.610000,-0.386100,-0.548762,2026-09-01,276.000000,2.588165,0.704646,77104.900000,77076.520000
29805029,2026-09-01T22:29,77023.400000,-0.274200,0.503769,2026-09-01,249.000000,2.708019,0.261480,77082.340000,77021.450000
29805030,2026-09-01T22:30,77052.010000,-0.808900,-0.476721,2026-09-01,489.000000,19.729315,0.447189,77067.730000,76991.400000
29805031,2026-09-01T22:31,77019.830000,0.182800,-0.115726,2026-09-01,351.000000,4.224268,0.405155,77061.070000,76984.960000
29805032,2026-09-01T22:32,76991.990000,-0.012600,-0.173410,2026-09-01,288.000000,1.388499,0.383136,77019.840000,76984.440000
29805033,2026-09-01T22:33,77006.930000,-0.220800,-0.231093,2026-09-01,284.000000,3.859030,0.312250,77019.840000,76990.440000
29805034,2026-09-01T22:34,77041.420000,0.080000,-0.346146,2026-09-01,328.000000,1.757723,0.496101,77047.360000,77006.930000
29805035,2026-09-01T22:35,77070.480000,-0.027400,-0.004057,2026-09-01,308.000000,1.804906,0.546916,77070.480000,77041.410000
29805036,2026-09-01T22:36,77092.110000,0.359700,0.083145,2026-09-01,403.000000,10.658796,0.734961,77148.520000,77070.470000
29805037,2026-09-01T22:37,77111.640000,0.725400,0.470366,2026-09-01,288.000000,2.070252,0.335609,77118.230000,77076.200000
29805038,2026-09-01T22:38,77075.450000,0.007700,-0.338366,2026-09-01,300.000000,0.965966,0.291625,77118.230000,77069.670000
29805039,2026-09-01T22:39,77072.710000,-0.074800,-0.416750,2026-09-01,288.000000,1.660709,0.311752,77088.130000,77070.260000
29805040,2026-09-01T22:40,77046.670000,0.239500,-0.375223,2026-09-01,274.000000,2.763375,0.053541,77078.780000,77044.390000
29805041,2026-09-01T22:41,77055.490000,0.505500,-0.704043,2026-09-01,303.000000,2.561861,0.266411,77068.910000,77043.570000
29805042,2026-09-01T22:42,77073.540000,0.370600,-0.668514,2026-09-01,248.000000,0.692164,0.511176,77075.870000,77043.410000
29805043,2026-09-01T22:43,77126.610000,0.358600,0.032123,2026-09-01,343.000000,4.507542,0.864419,77127.210000,77043.400000
29805044,2026-09-01T22:44,77115.990000,0.167300,0.267169,2026-09-01,220.000000,2.641306,0.123334,77127.220000,77093.420000
29805045,2026-09-01T22:45,77175.170000,-0.514400,-0.345690,2026-09-01,282.000000,2.795418,0.378076,77189.200000,77115.980000
29805046,2026-09-01T22:46,77188.640000,-0.421000,-0.244380,2026-09-01,323.000000,1.740183,0.466513,77192.080000,77160.280000
29805047,2026-09-01T22:47,77189.600000,0.477400,-0.066328,2026-09-01,247.000000,1.261404,0.395401,77195.720000,77176.920000
29805048,2026-09-01T22:48,77278.430000,0.198000,-0.210436,2026-09-01,271.000000,4.943690,0.125922,77278.440000,77189.590000
29805049,2026-09-01T22:49,77291.740000,-0.006100,-0.745395,2026-09-01,259.000000,1.239293,0.554941,77293.700000,77249.910000
29805050,2026-09-01T22:50,77291.740000,-0.529100,0.179281,2026-09-01,338.000000,4.676546,0.591395,77331.330000,77291.740000
29805051,2026-09-01T22:51,77254.740000,-0.375700,0.146393,2026-09-01,362.000000,8.364290,0.254825,77316.120000,77247.950000
29805052,2026-09-01T22:52,77261.900000,-0.294200,-0.490565,2026-09-01,269.000000,3.836417,0.183475,77282.410000,77244.080000
29805053,2026-09-01T22:53,77273.420000,-0.588100,-0.621640,2026-09-01,228.000000,4.819131,0.897512,77294.000000,77255.030000
29805054,2026-09-01T22:54,77247.830000,-0.285100,0.794482,2026-09-01,177.000000,1.006262,0.464770,77274.260000,77242.570000
29805055,2026-09-01T22:55,77250.790000,-0.361700,-0.057243,2026-09-01,282.000000,1.247256,0.664737,77279.710000,77247.840000
29805056,2026-09-01T22:56,77249.880000,-0.416000,0.322587,2026-09-01,244.000000,0.759199,0.309457,77260.150000,77247.940000
29805057,2026-09-01T22:57,77247.670000,-0.452700,-0.535039,2026-09-01,326.000000,5.471703,0.111657,77255.510000,77239.580000
29805058,2026-09-01T22:58,77228.980000,-0.531100,-0.765995,2026-09-01,324.000000,5.351523,0.061830,77252.280000,77221.910000
29805059,2026-09-01T22:59,77224.980000,-0.428700,-0.876341,2026-09-01,279.000000,2.762708,0.191313,77236.970000,77220.090000
29805060,2026-09-01T23:00,77230.920000,-0.239700,-0.592319,2026-09-01,428.000000,9.141032,0.625548,77234.990000,77192.880000
29805061,2026-09-01T23:01,77217.420000,-0.034400,0.248713,2026-09-01,332.000000,8.373102,0.346497,77253.990000,77211.140000
29805062,2026-09-01T23:02,77204.960000,-0.237200,-0.294888,2026-09-01,264.000000,4.033915,0.138800,77238.200000,77199.810000
29805063,2026-09-01T23:03,77242.260000,-0.469700,-0.760897,2026-09-01,194.000000,0.958216,0.703311,77247.930000,77204.970000
29805064,2026-09-01T23:04,77164.960000,-0.284000,0.404275,2026-09-01,302.000000,2.951933,0.134513,77245.730000,77164.960000
29805065,2026-09-01T23:05,77205.520000,-0.340100,-0.731079,2026-09-01,334.000000,4.759105,0.258320,77208.980000,77164.960000
29805066,2026-09-01T23:06,77254.930000,-0.177900,-0.483235,2026-09-01,225.000000,4.200992,0.749543,77254.940000,77205.530000
29805067,2026-09-01T23:07,77247.990000,0.070800,0.514175,2026-09-01,281.000000,4.810950,0.460059,77282.680000,77247.940000
29805068,2026-09-01T23:08,77264.790000,-0.527600,-0.109570,2026-09-01,234.000000,1.265757,0.685871,77264.790000,77247.990000
29805069,2026-09-01T23:09,77238.390000,0.110100,0.370875,2026-09-01,213.000000,1.178314,0.342060,77264.790000,77238.200000
29805070,2026-09-01T23:10,77229.490000,-0.124000,-0.167518,2026-09-01,347.000000,5.314194,0.393991,77257.670000,77202.510000
29805071,2026-09-01T23:11,77255.760000,0.371100,-0.246788,2026-09-01,213.000000,1.076818,0.531275,77255.760000,77218.730000
29805072,2026-09-01T23:12,77255.760000,-0.227800,0.056318,2026-09-01,249.000000,1.523426,0.135983,77255.760000,77252.910000
29805073,2026-09-01T23:13,77217.200000,-0.268300,-0.727141,2026-09-01,255.000000,2.333501,0.487978,77255.760000,77208.980000
29805074,2026-09-01T23:14,77211.260000,0.202900,-0.022921,2026-09-01,174.000000,0.657268,0.659153,77223.000000,77209.340000
29805075,2026-09-01T23:15,77241.490000,-0.393600,0.379730,2026-09-01,282.000000,1.152306,0.536222,77247.940000,77211.260000
29805076,2026-09-01T23:16,77249.990000,0.012900,0.014594,2026-09-01,233.000000,2.032459,0.977173,77250.000000,77232.240000
29805077,2026-09-01T23:17,77269.320000,0.427000,0.963263,2026-09-01,311.000000,3.025064,0.565144,77284.260000,77250.000000
29805078,2026-09-01T23:18,77258.850000,0.420500,-0.101668,2026-09-01,277.000000,0.987766,0.727617,77269.320000,77220.000000
29805079,2026-09-01T23:19,77273.710000,-0.074100,0.778375,2026-09-01,233.000000,0.496544,0.589749,77277.150000,77253.960000
29805080,2026-09-01T23:20,77277.120000,-0.047600,0.402064,2026-09-01,254.000000,0.829467,0.557778,77277.150000,77252.900000
29805081,2026-09-01T23:21,77221.040000,0.321800,-0.139832,2026-09-01,286.000000,1.641510,0.236667,77277.130000,77217.460000
29805082,2026-09-01T23:22,77243.600000,-0.084200,-0.526907,2026-09-01,248.000000,1.798407,0.367681,77252.870000,77210.000000
29805083,2026-09-01T23:23,77235.890000,-0.200400,-0.264638,2026-09-01,223.000000,1.313121,0.194787,77245.740000,77228.470000
29805084,2026-09-01T23:24,77277.140000,0.385700,-0.610425,2026-09-01,277.000000,2.153692,0.609559,77277.150000,77234.040000
29805085,2026-09-01T23:25,77289.580000,-0.102300,0.220296,2026-09-01,286.000000,3.238325,0.401863,77294.000000,77267.420000
29805086,2026-09-01T23:26,77248.650000,-0.240500,-0.196481,2026-09-01,326.000000,6.153320,0.075694,77296.640000,77248.650000
29805087,2026-09-01T23:27,77286.890000,0.234900,-0.847300,2026-09-01,330.000000,3.330880,0.568350,77286.900000,77234.610000
29805088,2026-09-01T23:28,77325.860000,0.456900,0.135588,2026-09-01,297.000000,2.296132,0.744777,77325.860000,77273.880000
29805089,2026-09-01T23:29,77349.230000,-0.604000,0.488859,2026-09-01,231.000000,2.077486,0.359617,77349.230000,77310.230000
29805090,2026-09-01T23:30,77370.460000,0.356900,-0.278541,2026-09-01,343.000000,10.699738,0.301575,77374.540000,77320.000000
29805091,2026-09-01T23:31,77329.460000,0.368100,-0.402112,2026-09-01,299.000000,3.715495,0.703652,77370.460000,77325.970000
29805092,2026-09-01T23:32,77390.040000,0.551900,0.440590,2026-09-01,334.000000,6.370595,0.922338,77403.780000,77329.460000
29805093,2026-09-01T23:33,77415.860000,0.009400,0.844676,2026-09-01,263.000000,2.123263,0.536095,77431.030000,77390.040000
29805094,2026-09-01T23:34,77409.990000,0.735200,-0.026217,2026-09-01,300.000000,1.946411,0.434555,77415.850000,77370.820000
29805095,2026-09-01T23:35,77436.260000,-0.553700,-0.028500,2026-09-01,454.000000,11.934638,0.203547,77449.880000,77384.320000
29805096,2026-09-01T23:36,77526.710000,0.433500,-0.592611,2026-09-01,392.000000,7.336500,0.633042,77533.000000,77436.470000
29805097,2026-09-01T23:37,77494.510000,0.306400,0.265961,2026-09-01,245.000000,1.966330,0.257505,77538.550000,77488.390000
29805098,2026-09-01T23:38,77481.710000,0.148300,-0.509816,2026-09-01,240.000000,4.517089,0.123083,77500.080000,77481.700000
29805099,2026-09-01T23:39,77469.790000,0.405600,-0.741115,2026-09-01,219.000000,2.728481,0.543977,77481.710000,77461.000000
29805100,2026-09-01T23:40,77490.480000,0.237700,0.103498,2026-09-01,203.000000,1.354125,0.576039,77498.150000,77465.540000
29805101,2026-09-01T23:41,77502.150000,0.695400,0.667040,2026-09-01,348.000000,7.838154,0.627849,77555.960000,77490.480000
29805102,2026-09-01T23:42,77496.570000,0.302800,0.014304,2026-09-01,320.000000,7.442392,0.105114,77527.610000,77491.440000
29805103,2026-09-01T23:43,77487.960000,0.398600,-0.789467,2026-09-01,314.000000,2.783846,0.185161,77503.330000,77472.580000
29805104,2026-09-01T23:44,77503.790000,0.111800,-0.599102,2026-09-01,254.000000,1.610104,0.587468,77503.790000,77486.650000
29805105,2026-09-01T23:45,77447.710000,0.044800,0.176154,2026-09-01,295.000000,13.609838,0.082771,77516.110000,77443.310000
29805106,2026-09-01T23:46,77469.850000,0.111000,-0.833047,2026-09-01,324.000000,5.370976,0.270084,77487.440000,77434.730000
29805107,2026-09-01T23:47,77496.620000,0.267900,-0.462017,2026-09-01,339.000000,3.974555,0.702875,77496.630000,77469.840000
29805108,2026-09-01T23:48,77564.580000,-0.400900,0.411318,2026-09-01,427.000000,16.045477,0.806525,77599.670000,77496.620000
29805109,2026-09-01T23:49,77526.860000,-0.307300,0.613064,2026-09-01,228.000000,2.045192,0.455726,77564.580000,77525.320000
29805110,2026-09-01T23:50,77508.080000,0.137100,-0.064153,2026-09-01,251.000000,1.320279,0.399160,77548.480000,77506.310000
29805111,2026-09-01T23:51,77434.110000,-0.469600,-0.171059,2026-09-01,525.000000,31.827560,0.259557,77521.940000,77427.980000
29805112,2026-09-01T23:52,77449.920000,-0.294700,-0.476851,2026-09-01,299.000000,1.872049,0.652284,77459.230000,77434.120000
29805113,2026-09-01T23:53,77437.420000,-0.463700,0.264360,2026-09-01,281.000000,1.165845,0.400946,77453.180000,77433.000000
29805114,2026-09-01T23:54,77433.420000,-0.223700,-0.516098,2026-09-01,300.000000,3.744929,0.161366,77446.840000,77415.000000
29805115,2026-09-01T23:55,77414.540000,-0.200200,-0.635335,2026-09-01,296.000000,1.655889,0.427606,77433.420000,77413.540000
29805116,2026-09-01T23:56,77377.380000,-0.282600,-0.073982,2026-09-01,241.000000,1.407426,0.436592,77419.860000,77372.660000
29805117,2026-09-01T23:57,77410.890000,0.024300,-0.064972,2026-09-01,272.000000,1.103999,0.661060,77412.450000,77377.380000
29805118,2026-09-01T23:58,77402.980000,0.368400,0.264709,2026-09-01,173.000000,0.613199,0.222684,77410.900000,77402.980000
29805119,2026-09-01T23:59,77398.700000,-0.440300,-0.557910,2026-09-01,245.000000,1.439120,0.194390,77410.900000,77392.000000
