minute_epoch,minute_utc,close,book_imb,ofi,day,trades,volume,buy_share,high,low
29749394,2026-07-25T07:14,63950.580000,-0.061600,0.000000,2026-07-25,152.000000,0.115552,0.859768,63970.890000,63950.580000
29749395,2026-07-25T07:15,63950.580000,-0.240400,0.719882,2026-07-25,27.000000,0.011084,0.853209,63950.590000,63950.580000
29749396,2026-07-25T07:16,63950.580000,-0.240400,0.702593,2026-07-25,,,,,
29749397,2026-07-25T07:17,63950.580000,-0.240400,0.000000,2026-07-25,,,,,
29749398,2026-07-25T07:18,63950.580000,-0.240400,0.000000,2026-07-25,,,,,
29749399,2026-07-25T07:19,63950.580000,-0.240400,0.000000,2026-07-25,,,,,
29749400,2026-07-25T07:20,63950.580000,-0.240400,0.000000,2026-07-25,,,,,
29749401,2026-07-25T07:21,63950.580000,-0.240400,0.000000,2026-07-25,,,,,
29749402,2026-07-25T07:22,63950.580000,-0.240400,0.000000,2026-07-25,,,,,
29749403,2026-07-25T07:23,63950.580000,-0.240400,0.000000,2026-07-25,,,,,
29749404,2026-07-25T07:24,63950.580000,-0.240400,0.000000,2026-07-25,,,,,
29749405,2026-07-25T07:25,63950.580000,-0.240400,0.000000,2026-07-25,,,,,
29749406,2026-07-25T07:26,63950.580000,-0.240400,0.000000,2026-07-25,,,,,
29749407,2026-07-25T07:27,63950.580000,-0.240400,0.000000,2026-07-25,,,,,
29749408,2026-07-25T07:28,63950.580000,-0.240400,0.000000,2026-07-25,,,,,
29749409,2026-07-25T07:29,63950.580000,-0.240400,0.000000,2026-07-25,,,,,
29749410,2026-07-25T07:30,63950.580000,-0.240400,0.000000,2026-07-25,,,,,
29749411,2026-07-25T07:31,63950.580000,-0.240400,0.000000,2026-07-25,,,,,
29749412,2026-07-25T07:32,63950.580000,-0.240400,0.000000,2026-07-25,,,,,
29749413,2026-07-25T07:33,63950.580000,-0.240400,0.000000,2026-07-25,,,,,
29749414,2026-07-25T07:34,63950.580000,-0.240400,0.000000,2026-07-25,,,,,
29749415,2026-07-25T07:35,63950.580000,-0.240400,0.000000,2026-07-25,,,,,
29749416,2026-07-25T07:36,63950.580000,-0.240400,0.000000,2026-07-25,,,,,
29749417,2026-07-25T07:37,63950.580000,-0.240400,0.000000,2026-07-25,,,,,
29749418,2026-07-25T07:38,63950.580000,-0.240400,0.000000,2026-07-25,,,,,
29749419,2026-07-25T07:39,63950.580000,-0.240400,0.000000,2026-07-25,,,,,
29749420,2026-07-25T07:40,63950.580000,-0.240400,0.000000,2026-07-25,,,,,
29749421,2026-07-25T07:41,63950.580000,-0.240400,0.000000,2026-07-25,,,,,
29749422,2026-07-25T07:42,63950.580000,-0.240400,0.000000,2026-07-25,,,,,
29749423,2026-07-25T07:43,63950.580000,-0.240400,0.000000,2026-07-25,,,,,
29749424,2026-07-25T07:44,63950.580000,-0.240400,0.000000,2026-07-25,,,,,
29749425,2026-07-25T07:45,63950.580000,-0.240400,0.000000,2026-07-25,,,,,
29749426,2026-07-25T07:46,63950.580000,-0.240400,0.000000,2026-07-25,,,,,
29749427,2026-07-25T07:47,63950.580000,-0.240400,0.000000,2026-07-25,,,,,
29749428,2026-07-25T07:48,63950.580000,-0.240400,0.000000,2026-07-25,,,,,
29749429,2026-07-25T07:49,63950.580000,-0.240400,0.000000,2026-07-25,,,,,
29749430,2026-07-25T07:50,63950.580000,-0.240400,0.000000,2026-07-25,,,,,
29749431,2026-07-25T07:51,63950.580000,-0.240400,0.000000,2026-07-25,,,,,
29749432,2026-07-25T07:52,63950.580000,-0.240400,0.000000,2026-07-25,,,,,
29749433,2026-07-25T07:53,63950.580000,-0.240400,0.000000,2026-07-25,,,,,
29749434,2026-07-25T07:54,63950.580000,-0.240400,0.000000,2026-07-25,,,,,
29749435,2026-07-25T07:55,63950.580000,-0.240400,0.000000,2026-07-25,,,,,
29749436,2026-07-25T07:56,63950.580000,-0.240400,0.000000,2026-07-25,,,,,
29749437,2026-07-25T07:57,63950.580000,-0.240400,0.000000,2026-07-25,,,,,
29749438,2026-07-25T07:58,63950.580000,-0.240400,0.000000,2026-07-25,,,,,
29749439,2026-07-25T07:59,63950.580000,-0.240400,0.000000,2026-07-25,,,,,
29749440,2026-07-25T08:00,63950.580000,-0.240400,0.000000,2026-07-25,,,,,
29749441,2026-07-25T08:01,63950.580000,-0.240400,0.000000,2026-07-25,,,,,
29749442,2026-07-25T08:02,63916.190000,-0.552500,0.000000,2026-07-25,148.000000,2.832051,0.077169,63925.060000,63911.120000
29749443,2026-07-25T08:03,63916.190000,-0.552500,-0.845662,2026-07-25,,,,,
29749444,2026-07-25T08:04,63916.190000,-0.552500,0.000000,2026-07-25,,,,,
29749445,2026-07-25T08:05,63916.190000,-0.552500,0.000000,2026-07-25,,,,,
29749446,2026-07-25T08:06,63916.190000,-0.552500,0.000000,2026-07-25,,,,,
29749447,2026-07-25T08:07,63916.190000,-0.552500,0.000000,2026-07-25,,,,,
29749448,2026-07-25T08:08,63916.190000,-0.552500,0.000000,2026-07-25,,,,,
29749449,2026-07-25T08:09,63916.190000,-0.552500,0.000000,2026-07-25,,,,,
29749450,2026-07-25T08:10,63916.190000,-0.552500,0.000000,2026-07-25,,,,,
29749451,2026-07-25T08:11,63916.190000,-0.552500,0.000000,2026-07-25,,,,,
29749452,2026-07-25T08:12,63916.190000,-0.552500,0.000000,2026-07-25,,,,,
29749453,2026-07-25T08:13,63916.190000,-0.552500,0.000000,2026-07-25,,,,,
29749454,2026-07-25T08:14,63916.190000,-0.552500,0.000000,2026-07-25,,,,,
29749455,2026-07-25T08:15,63916.190000,-0.552500,0.000000,2026-07-25,,,,,
29749456,2026-07-25T08:16,63916.190000,-0.552500,0.000000,2026-07-25,,,,,
29749457,2026-07-25T08:17,63916.190000,-0.552500,0.000000,2026-07-25,,,,,
29749458,2026-07-25T08:18,63916.190000,-0.552500,0.000000,2026-07-25,,,,,
29749459,2026-07-25T08:19,63916.190000,-0.489900,0.000000,2026-07-25,,,,,
29749460,2026-07-25T08:20,63916.190000,-0.489900,0.000000,2026-07-25,,,,,
29749461,2026-07-25T08:21,63916.190000,-0.489900,0.000000,2026-07-25,,,,,
29749462,2026-07-25T08:22,63916.190000,-0.489900,0.000000,2026-07-25,,,,,
29749463,2026-07-25T08:23,63916.190000,-0.489900,0.000000,2026-07-25,,,,,
29749464,2026-07-25T08:24,63916.190000,-0.489900,0.000000,2026-07-25,,,,,
29749465,2026-07-25T08:25,63916.190000,-0.489900,0.000000,2026-07-25,,,,,
29749466,2026-07-25T08:26,63916.190000,-0.489900,0.000000,2026-07-25,,,,,
29749467,2026-07-25T08:27,63916.190000,-0.489900,0.000000,2026-07-25,,,,,
29749468,2026-07-25T08:28,63916.190000,-0.489900,0.000000,2026-07-25,,,,,
29749469,2026-07-25T08:29,63916.190000,-0.489900,0.000000,2026-07-25,,,,,
29749470,2026-07-25T08:30,63916.190000,-0.489900,0.000000,2026-07-25,,,,,
29749471,2026-07-25T08:31,63916.190000,-0.489900,0.000000,2026-07-25,,,,,
29749472,2026-07-25T08:32,63916.190000,-0.489900,0.000000,2026-07-25,,,,,
29749473,2026-07-25T08:33,63916.190000,-0.489900,0.000000,2026-07-25,,,,,
29749474,2026-07-25T08:34,63916.190000,-0.489900,0.000000,2026-07-25,,,,,
29749475,2026-07-25T08:35,63916.190000,-0.489900,0.000000,2026-07-25,,,,,
29749476,2026-07-25T08:36,63916.190000,-0.489900,0.000000,2026-07-25,,,,,
29749477,2026-07-25T08:37,63900.400000,-0.258300,0.000000,2026-07-25,3.000000,0.000047,0.000000,63900.390000,63900.390000
29749478,2026-07-25T08:38,63900.400000,-0.258300,-1.000000,2026-07-25,,,,,
29749479,2026-07-25T08:39,63900.400000,-0.258300,0.000000,2026-07-25,,,,,
29749480,2026-07-25T08:40,63900.400000,-0.258300,0.000000,2026-07-25,,,,,
29749481,2026-07-25T08:41,63900.400000,-0.258300,0.000000,2026-07-25,,,,,
29749482,2026-07-25T08:42,63900.400000,-0.333700,0.000000,2026-07-25,,,,,
29749483,2026-07-25T08:43,63900.400000,-0.333700,0.000000,2026-07-25,,,,,
29749484,2026-07-25T08:44,63900.400000,-0.333700,0.000000,2026-07-25,,,,,
29749485,2026-07-25T08:45,63900.400000,-0.333700,0.000000,2026-07-25,,,,,
29749486,2026-07-25T08:46,63900.400000,-0.333700,0.000000,2026-07-25,,,,,
29749487,2026-07-25T08:47,63900.400000,-0.333700,0.000000,2026-07-25,,,,,
29749488,2026-07-25T08:48,63900.400000,-0.333700,0.000000,2026-07-25,,,,,
29749489,2026-07-25T08:49,63900.400000,-0.333700,0.000000,2026-07-25,,,,,
29749490,2026-07-25T08:50,63900.400000,-0.333700,0.000000,2026-07-25,,,,,
29749491,2026-07-25T08:51,63799.430000,-0.048300,0.000000,2026-07-25,123.000000,3.873336,0.049749,63815.480000,63792.140000
29749492,2026-07-25T08:52,63799.430000,0.432000,-0.885216,2026-07-25,42.000000,0.119414,0.370742,63804.680000,63799.420000
29749493,2026-07-25T08:53,63799.430000,0.432000,0.976684,2026-07-25,,,,,
29749494,2026-07-25T08:54,63799.430000,0.432000,0.000000,2026-07-25,,,,,
29749495,2026-07-25T08:55,63799.430000,0.432000,0.000000,2026-07-25,,,,,
29749496,2026-07-25T08:56,63799.430000,0.432000,0.000000,2026-07-25,,,,,
29749497,2026-07-25T08:57,63799.430000,0.432000,0.000000,2026-07-25,,,,,
29749498,2026-07-25T08:58,63799.430000,0.432000,0.000000,2026-07-25,,,,,
29749499,2026-07-25T08:59,63799.430000,0.432000,0.000000,2026-07-25,,,,,
29749500,2026-07-25T09:00,63799.430000,0.432000,0.000000,2026-07-25,,,,,
29749501,2026-07-25T09:01,63799.430000,0.432000,0.000000,2026-07-25,,,,,
29749502,2026-07-25T09:02,63799.430000,0.432000,0.000000,2026-07-25,,,,,
29749503,2026-07-25T09:03,63799.430000,-0.026000,0.000000,2026-07-25,,,,,
29749504,2026-07-25T09:04,63799.430000,-0.026000,0.000000,2026-07-25,,,,,
29749505,2026-07-25T09:05,63799.430000,-0.026000,0.000000,2026-07-25,,,,,
29749506,2026-07-25T09:06,63799.430000,-0.026000,0.000000,2026-07-25,,,,,
29749507,2026-07-25T09:07,63799.430000,-0.026000,0.000000,2026-07-25,,,,,
29749508,2026-07-25T09:08,63799.430000,-0.026000,0.000000,2026-07-25,,,,,
29749509,2026-07-25T09:09,63799.430000,-0.026000,0.000000,2026-07-25,,,,,
29749510,2026-07-25T09:10,63799.430000,-0.026000,0.000000,2026-07-25,,,,,
29749511,2026-07-25T09:11,63799.430000,-0.026000,0.000000,2026-07-25,,,,,
29749512,2026-07-25T09:12,63799.430000,-0.026000,0.000000,2026-07-25,,,,,
29749513,2026-07-25T09:13,63799.430000,-0.026000,0.000000,2026-07-25,,,,,
29749514,2026-07-25T09:14,63811.820000,-0.598900,0.000000,2026-07-25,12.000000,0.016505,0.975391,63811.830000,63811.820000
29749515,2026-07-25T09:15,63814.490000,-0.463800,0.950777,2026-07-25,74.000000,0.047911,0.509083,63814.490000,63811.820000
29749516,2026-07-25T09:16,63814.490000,-0.463800,0.018167,2026-07-25,,,,,
29749517,2026-07-25T09:17,63814.490000,-0.463800,0.000000,2026-07-25,,,,,
29749518,2026-07-25T09:18,63814.490000,-0.463800,0.000000,2026-07-25,,,,,
29749519,2026-07-25T09:19,63814.490000,-0.463800,0.000000,2026-07-25,,,,,
29749520,2026-07-25T09:20,63814.490000,-0.463800,0.000000,2026-07-25,,,,,
29749521,2026-07-25T09:21,63814.490000,-0.463800,0.000000,2026-07-25,,,,,
29749522,2026-07-25T09:22,63814.490000,-0.463800,0.000000,2026-07-25,,,,,
29749523,2026-07-25T09:23,63814.490000,-0.463800,0.000000,2026-07-25,,,,,
29749524,2026-07-25T09:24,63814.490000,-0.463800,0.000000,2026-07-25,,,,,
29749525,2026-07-25T09:25,63814.490000,-0.463800,0.000000,2026-07-25,,,,,
29749526,2026-07-25T09:26,63814.490000,-0.463800,0.000000,2026-07-25,,,,,
29749527,2026-07-25T09:27,63814.490000,-0.463800,0.000000,2026-07-25,,,,,
29749528,2026-07-25T09:28,63814.490000,-0.463800,0.000000,2026-07-25,,,,,
29749529,2026-07-25T09:29,63814.490000,-0.463800,0.000000,2026-07-25,,,,,
29749530,2026-07-25T09:30,63814.490000,-0.463800,0.000000,2026-07-25,,,,,
29749531,2026-07-25T09:31,63814.490000,-0.463800,0.000000,2026-07-25,,,,,
29749532,2026-07-25T09:32,63814.490000,-0.463800,0.000000,2026-07-25,,,,,
29749533,2026-07-25T09:33,63814.490000,-0.463800,0.000000,2026-07-25,,,,,
29749534,2026-07-25T09:34,63814.490000,-0.463800,0.000000,2026-07-25,,,,,
29749535,2026-07-25T09:35,63814.490000,-0.463800,0.000000,2026-07-25,,,,,
29749536,2026-07-25T09:36,63814.490000,-0.463800,0.000000,2026-07-25,,,,,
29749537,2026-07-25T09:37,63814.490000,-0.463800,0.000000,2026-07-25,,,,,
29749538,2026-07-25T09:38,63814.490000,-0.463800,0.000000,2026-07-25,,,,,
29749539,2026-07-25T09:39,63814.490000,-0.463800,0.000000,2026-07-25,,,,,
29749540,2026-07-25T09:40,63814.490000,-0.463800,0.000000,2026-07-25,,,,,
29749541,2026-07-25T09:41,63814.490000,-0.463800,0.000000,2026-07-25,,,,,
29749542,2026-07-25T09:42,63814.490000,-0.463800,0.000000,2026-07-25,,,,,
29749543,2026-07-25T09:43,63814.490000,-0.463800,0.000000,2026-07-25,,,,,
29749544,2026-07-25T09:44,63814.490000,-0.463800,0.000000,2026-07-25,,,,,
29749545,2026-07-25T09:45,63814.490000,-0.463800,0.000000,2026-07-25,,,,,
29749546,2026-07-25T09:46,63814.490000,-0.463800,0.000000,2026-07-25,,,,,
29749547,2026-07-25T09:47,63814.490000,-0.463800,0.000000,2026-07-25,,,,,
29749548,2026-07-25T09:48,63814.490000,-0.463800,0.000000,2026-07-25,,,,,
29749549,2026-07-25T09:49,63814.490000,-0.463800,0.000000,2026-07-25,,,,,
29749550,2026-07-25T09:50,63814.490000,-0.463800,0.000000,2026-07-25,,,,,
29749551,2026-07-25T09:51,63814.490000,-0.463800,0.000000,2026-07-25,,,,,
29749552,2026-07-25T09:52,63814.490000,-0.463800,0.000000,2026-07-25,,,,,
29749553,2026-07-25T09:53,63814.490000,-0.463800,0.000000,2026-07-25,,,,,
29749554,2026-07-25T09:54,63814.490000,-0.463800,0.000000,2026-07-25,,,,,
29749555,2026-07-25T09:55,63814.490000,-0.463800,0.000000,2026-07-25,,,,,
29749556,2026-07-25T09:56,63814.490000,-0.463800,0.000000,2026-07-25,,,,,
29749557,2026-07-25T09:57,63814.490000,-0.463800,0.000000,2026-07-25,,,,,
29749558,2026-07-25T09:58,63814.490000,-0.463800,0.000000,2026-07-25,,,,,
29749559,2026-07-25T09:59,63814.490000,-0.463800,0.000000,2026-07-25,,,,,
29749560,2026-07-25T10:00,63814.490000,-0.463800,0.000000,2026-07-25,,,,,
29749561,2026-07-25T10:01,63951.760000,-0.273100,0.000000,2026-07-25,73.000000,0.269333,0.036537,63962.580000,63951.750000
29749562,2026-07-25T10:02,63951.760000,-0.273100,-0.923959,2026-07-25,2.000000,0.000415,1.000000,63951.760000,63951.760000
29749563,2026-07-25T10:03,63951.760000,-0.273100,0.000000,2026-07-25,,,,,
29749564,2026-07-25T10:04,63956.270000,-0.399300,0.000000,2026-07-25,22.000000,0.004772,0.630996,63956.280000,63956.270000
29749565,2026-07-25T10:05,63956.270000,-0.399300,0.261992,2026-07-25,,,,,
29749566,2026-07-25T10:06,63956.270000,-0.399300,0.000000,2026-07-25,,,,,
29749567,2026-07-25T10:07,63956.270000,-0.399300,0.000000,2026-07-25,,,,,
29749568,2026-07-25T10:08,63956.270000,-0.399300,0.000000,2026-07-25,,,,,
29749569,2026-07-25T10:09,63956.270000,-0.399300,0.000000,2026-07-25,,,,,
29749570,2026-07-25T10:10,63956.270000,-0.399300,0.000000,2026-07-25,,,,,
29749571,2026-07-25T10:11,63956.270000,-0.399300,0.000000,2026-07-25,,,,,
29749572,2026-07-25T10:12,63956.270000,-0.399300,0.000000,2026-07-25,,,,,
29749573,2026-07-25T10:13,63956.270000,-0.399300,0.000000,2026-07-25,,,,,
29749574,2026-07-25T10:14,63956.270000,-0.399300,0.000000,2026-07-25,,,,,
29749575,2026-07-25T10:15,63956.270000,-0.399300,0.000000,2026-07-25,,,,,
29749576,2026-07-25T10:16,63956.270000,-0.399300,0.000000,2026-07-25,,,,,
29749577,2026-07-25T10:17,63956.270000,-0.399300,0.000000,2026-07-25,,,,,
29749578,2026-07-25T10:18,63956.270000,-0.399300,0.000000,2026-07-25,,,,,
29749579,2026-07-25T10:19,63956.270000,-0.399300,0.000000,2026-07-25,,,,,
29749580,2026-07-25T10:20,63956.270000,-0.399300,0.000000,2026-07-25,,,,,
29749581,2026-07-25T10:21,63956.270000,-0.399300,0.000000,2026-07-25,,,,,
29749582,2026-07-25T10:22,63960.740000,-0.444400,0.000000,2026-07-25,5.000000,0.002285,0.956077,63960.740000,63960.730000
29749583,2026-07-25T10:23,63960.740000,-0.444400,0.912155,2026-07-25,,,,,
29749584,2026-07-25T10:24,63960.740000,-0.444400,0.000000,2026-07-25,,,,,
29749585,2026-07-25T10:25,63960.740000,-0.444400,0.000000,2026-07-25,,,,,
29749586,2026-07-25T10:26,63960.740000,-0.444400,0.000000,2026-07-25,,,,,
29749587,2026-07-25T10:27,63960.740000,-0.444400,0.000000,2026-07-25,,,,,
29749588,2026-07-25T10:28,63960.740000,-0.444400,0.000000,2026-07-25,,,,,
29749589,2026-07-25T10:29,63960.740000,-0.444400,0.000000,2026-07-25,,,,,
29749590,2026-07-25T10:30,63960.740000,-0.444400,0.000000,2026-07-25,,,,,
29749591,2026-07-25T10:31,63960.740000,-0.444400,0.000000,2026-07-25,,,,,
29749592,2026-07-25T10:32,63960.740000,-0.444400,0.000000,2026-07-25,,,,,
29749593,2026-07-25T10:33,63960.740000,-0.444400,0.000000,2026-07-25,,,,,
29749594,2026-07-25T10:34,63960.740000,-0.444400,0.000000,2026-07-25,,,,,
29749595,2026-07-25T10:35,63960.740000,-0.444400,0.000000,2026-07-25,,,,,
29749596,2026-07-25T10:36,63960.740000,-0.444400,0.000000,2026-07-25,,,,,
29749597,2026-07-25T10:37,63960.740000,-0.444400,0.000000,2026-07-25,,,,,
29749598,2026-07-25T10:38,63960.740000,-0.444400,0.000000,2026-07-25,,,,,
29749599,2026-07-25T10:39,63960.740000,-0.444400,0.000000,2026-07-25,,,,,
29749600,2026-07-25T10:40,63960.740000,-0.444400,0.000000,2026-07-25,,,,,
29749601,2026-07-25T10:41,63960.740000,-0.444400,0.000000,2026-07-25,,,,,
29749602,2026-07-25T10:42,63960.740000,-0.444400,0.000000,2026-07-25,,,,,
29749603,2026-07-25T10:43,63960.740000,-0.444400,0.000000,2026-07-25,,,,,
29749604,2026-07-25T10:44,63956.190000,-0.292900,0.000000,2026-07-25,1.000000,0.001935,1.000000,63956.200000,63956.200000
29749605,2026-07-25T10:45,63956.190000,-0.292900,1.000000,2026-07-25,,,,,
29749606,2026-07-25T10:46,63956.190000,-0.292900,0.000000,2026-07-25,,,,,
29749607,2026-07-25T10:47,63956.190000,-0.533200,0.000000,2026-07-25,,,,,
29749608,2026-07-25T10:48,63956.190000,-0.533200,0.000000,2026-07-25,,,,,
29749609,2026-07-25T10:49,63956.190000,-0.533200,0.000000,2026-07-25,,,,,
29749610,2026-07-25T10:50,63956.190000,-0.533200,0.000000,2026-07-25,,,,,
29749611,2026-07-25T10:51,63956.190000,-0.533200,0.000000,2026-07-25,,,,,
29749612,2026-07-25T10:52,63956.190000,-0.533200,0.000000,2026-07-25,,,,,
29749613,2026-07-25T10:53,63956.190000,-0.533200,0.000000,2026-07-25,,,,,
29749614,2026-07-25T10:54,63956.190000,-0.533200,0.000000,2026-07-25,,,,,
29749615,2026-07-25T10:55,63956.190000,-0.533200,0.000000,2026-07-25,,,,,
29749616,2026-07-25T10:56,63956.190000,-0.533200,0.000000,2026-07-25,,,,,
29749617,2026-07-25T10:57,63956.190000,-0.533200,0.000000,2026-07-25,,,,,
29749618,2026-07-25T10:58,63956.190000,-0.533200,0.000000,2026-07-25,,,,,
29749619,2026-07-25T10:59,63956.190000,-0.533200,0.000000,2026-07-25,,,,,
29749620,2026-07-25T11:00,63956.190000,-0.533200,0.000000,2026-07-25,,,,,
29749621,2026-07-25T11:01,63956.190000,-0.533200,0.000000,2026-07-25,,,,,
29749622,2026-07-25T11:02,63956.190000,-0.533200,0.000000,2026-07-25,,,,,
29749623,2026-07-25T11:03,63956.190000,-0.533200,0.000000,2026-07-25,,,,,
29749624,2026-07-25T11:04,64002.070000,-0.115600,0.000000,2026-07-25,9.000000,0.000801,0.999713,64002.070000,64002.060000
29749625,2026-07-25T11:05,64002.070000,-0.355500,0.999426,2026-07-25,,,,,
29749626,2026-07-25T11:06,64002.070000,-0.355500,0.000000,2026-07-25,,,,,
29749627,2026-07-25T11:07,64002.070000,-0.355500,0.000000,2026-07-25,,,,,
29749628,2026-07-25T11:08,64002.070000,-0.355500,0.000000,2026-07-25,,,,,
29749629,2026-07-25T11:09,64002.070000,-0.355500,0.000000,2026-07-25,,,,,
29749630,2026-07-25T11:10,64002.070000,-0.355500,0.000000,2026-07-25,,,,,
29749631,2026-07-25T11:11,64002.070000,-0.355500,0.000000,2026-07-25,,,,,
29749632,2026-07-25T11:12,64002.070000,-0.355500,0.000000,2026-07-25,,,,,
29749633,2026-07-25T11:13,64002.070000,-0.355500,0.000000,2026-07-25,,,,,
29749634,2026-07-25T11:14,64002.070000,-0.355500,0.000000,2026-07-25,,,,,
29749635,2026-07-25T11:15,64002.070000,-0.355500,0.000000,2026-07-25,,,,,
29749636,2026-07-25T11:16,64002.070000,-0.355500,0.000000,2026-07-25,,,,,
29749637,2026-07-25T11:17,64002.070000,-0.355500,0.000000,2026-07-25,,,,,
29749638,2026-07-25T11:18,64002.070000,-0.355500,0.000000,2026-07-25,,,,,
29749639,2026-07-25T11:19,64002.070000,-0.355500,0.000000,2026-07-25,,,,,
29749640,2026-07-25T11:20,64002.070000,-0.355500,0.000000,2026-07-25,,,,,
29749641,2026-07-25T11:21,64002.070000,-0.355500,0.000000,2026-07-25,,,,,
29749642,2026-07-25T11:22,64010.820000,-0.593800,0.000000,2026-07-25,2.000000,0.001328,1.000000,64010.830000,64010.830000
29749643,2026-07-25T11:23,64010.820000,-0.593800,1.000000,2026-07-25,,,,,
29749644,2026-07-25T11:24,64010.820000,-0.593800,0.000000,2026-07-25,,,,,
29749645,2026-07-25T11:25,64010.820000,-0.593800,0.000000,2026-07-25,,,,,
29749646,2026-07-25T11:26,64010.820000,-0.593800,0.000000,2026-07-25,,,,,
29749647,2026-07-25T11:27,64010.820000,-0.593800,0.000000,2026-07-25,,,,,
29749648,2026-07-25T11:28,64010.820000,-0.593800,0.000000,2026-07-25,,,,,
29749649,2026-07-25T11:29,64010.820000,-0.593800,0.000000,2026-07-25,,,,,
29749650,2026-07-25T11:30,64010.820000,-0.593800,0.000000,2026-07-25,,,,,
29749651,2026-07-25T11:31,64010.820000,-0.593800,0.000000,2026-07-25,,,,,
29749652,2026-07-25T11:32,64010.820000,-0.593800,0.000000,2026-07-25,,,,,
29749653,2026-07-25T11:33,64010.820000,-0.593800,0.000000,2026-07-25,,,,,
29749654,2026-07-25T11:34,64010.820000,-0.593800,0.000000,2026-07-25,,,,,
29749655,2026-07-25T11:35,64010.820000,-0.593800,0.000000,2026-07-25,,,,,
29749656,2026-07-25T11:36,64010.820000,-0.593800,0.000000,2026-07-25,,,,,
29749657,2026-07-25T11:37,64010.820000,-0.593800,0.000000,2026-07-25,,,,,
29749658,2026-07-25T11:38,64010.820000,-0.593800,0.000000,2026-07-25,,,,,
29749659,2026-07-25T11:39,64010.820000,-0.593800,0.000000,2026-07-25,,,,,
29749660,2026-07-25T11:40,64010.820000,-0.593800,0.000000,2026-07-25,,,,,
29749661,2026-07-25T11:41,64010.820000,-0.593800,0.000000,2026-07-25,,,,,
29749662,2026-07-25T11:42,64010.820000,-0.593800,0.000000,2026-07-25,,,,,
29749663,2026-07-25T11:43,64010.820000,-0.593800,0.000000,2026-07-25,,,,,
29749664,2026-07-25T11:44,63997.790000,-0.205800,0.000000,2026-07-25,10.000000,0.008697,0.999920,63997.800000,63997.790000
29749665,2026-07-25T11:45,63997.790000,-0.231700,0.999814,2026-07-25,28.000000,0.002948,0.610539,63997.800000,63997.790000
29749666,2026-07-25T11:46,63997.790000,-0.231700,0.221123,2026-07-25,,,,,
29749667,2026-07-25T11:47,63997.790000,-0.231700,0.000000,2026-07-25,,,,,
29749668,2026-07-25T11:48,63997.790000,-0.231700,0.000000,2026-07-25,,,,,
29749669,2026-07-25T11:49,63997.790000,-0.231700,0.000000,2026-07-25,,,,,
29749670,2026-07-25T11:50,63997.790000,-0.231700,0.000000,2026-07-25,,,,,
29749671,2026-07-25T11:51,63997.790000,-0.231700,0.000000,2026-07-25,,,,,
29749672,2026-07-25T11:52,63997.790000,-0.231700,0.000000,2026-07-25,,,,,
29749673,2026-07-25T11:53,63997.790000,-0.231700,0.000000,2026-07-25,,,,,
29749674,2026-07-25T11:54,63997.790000,-0.231700,0.000000,2026-07-25,,,,,
29749675,2026-07-25T11:55,63997.790000,-0.231700,0.000000,2026-07-25,,,,,
29749676,2026-07-25T11:56,63997.790000,-0.231700,0.000000,2026-07-25,,,,,
29749677,2026-07-25T11:57,63997.790000,-0.231700,0.000000,2026-07-25,,,,,
29749678,2026-07-25T11:58,63997.790000,-0.231700,0.000000,2026-07-25,,,,,
29749679,2026-07-25T11:59,63997.790000,-0.231700,0.000000,2026-07-25,,,,,
29749680,2026-07-25T12:00,63997.790000,-0.231700,0.000000,2026-07-25,,,,,
29749681,2026-07-25T12:01,63997.790000,-0.231700,0.000000,2026-07-25,,,,,
29749682,2026-07-25T12:02,63997.790000,-0.231700,0.000000,2026-07-25,,,,,
29749683,2026-07-25T12:03,64009.900000,-0.196000,0.000000,2026-07-25,48.000000,0.053646,0.744772,64010.010000,64009.780000
29749684,2026-07-25T12:04,64009.900000,-0.196000,0.489545,2026-07-25,,,,,
29749685,2026-07-25T12:05,64009.900000,-0.196000,0.000000,2026-07-25,,,,,
29749686,2026-07-25T12:06,64012.820000,-0.379800,0.000000,2026-07-25,411.000000,1.015059,0.827904,64016.990000,64009.870000
29749687,2026-07-25T12:07,64012.820000,-0.379800,0.655809,2026-07-25,,,,,
29749688,2026-07-25T12:08,64012.820000,-0.379800,0.000000,2026-07-25,,,,,
29749689,2026-07-25T12:09,64012.820000,-0.379800,0.000000,2026-07-25,,,,,
29749690,2026-07-25T12:10,64012.820000,-0.379800,0.000000,2026-07-25,,,,,
29749691,2026-07-25T12:11,64012.820000,-0.379800,0.000000,2026-07-25,,,,,
29749692,2026-07-25T12:12,64012.820000,-0.379800,0.000000,2026-07-25,,,,,
29749693,2026-07-25T12:13,64012.820000,-0.379800,0.000000,2026-07-25,,,,,
29749694,2026-07-25T12:14,64012.820000,-0.379800,0.000000,2026-07-25,,,,,
29749695,2026-07-25T12:15,64012.820000,-0.379800,0.000000,2026-07-25,,,,,
29749696,2026-07-25T12:16,64012.820000,-0.379800,0.000000,2026-07-25,,,,,
29749697,2026-07-25T12:17,64012.820000,-0.379800,0.000000,2026-07-25,,,,,
29749698,2026-07-25T12:18,64012.820000,-0.037800,0.000000,2026-07-25,,,,,
29749699,2026-07-25T12:19,64012.820000,-0.037800,0.000000,2026-07-25,,,,,
29749700,2026-07-25T12:20,64012.820000,-0.037800,0.000000,2026-07-25,,,,,
29749701,2026-07-25T12:21,64012.820000,-0.037800,0.000000,2026-07-25,,,,,
29749702,2026-07-25T12:22,64012.820000,-0.037800,0.000000,2026-07-25,,,,,
29749703,2026-07-25T12:23,64012.820000,-0.037800,0.000000,2026-07-25,,,,,
29749704,2026-07-25T12:24,64012.820000,-0.037800,0.000000,2026-07-25,,,,,
29749705,2026-07-25T12:25,64012.820000,-0.037800,0.000000,2026-07-25,,,,,
29749706,2026-07-25T12:26,64012.820000,-0.037800,0.000000,2026-07-25,,,,,
29749707,2026-07-25T12:27,64012.820000,-0.037800,0.000000,2026-07-25,,,,,
29749708,2026-07-25T12:28,64012.820000,-0.037800,0.000000,2026-07-25,,,,,
29749709,2026-07-25T12:29,64012.820000,-0.037800,0.000000,2026-07-25,,,,,
29749710,2026-07-25T12:30,64012.820000,-0.037800,0.000000,2026-07-25,,,,,
29749711,2026-07-25T12:31,64012.820000,-0.037800,0.000000,2026-07-25,,,,,
29749712,2026-07-25T12:32,64012.820000,-0.037800,0.000000,2026-07-25,,,,,
29749713,2026-07-25T12:33,64012.820000,-0.037800,0.000000,2026-07-25,,,,,
29749714,2026-07-25T12:34,64012.820000,-0.037800,0.000000,2026-07-25,,,,,
29749715,2026-07-25T12:35,63998.180000,-0.189700,0.000000,2026-07-25,38.000000,0.019195,0.992304,63998.190000,63998.180000
29749716,2026-07-25T12:36,63993.510000,-0.213000,0.985185,2026-07-25,35.000000,0.066817,0.184545,63998.190000,63993.510000
29749717,2026-07-25T12:37,63993.510000,-0.213000,-0.649654,2026-07-25,,,,,
29749718,2026-07-25T12:38,63993.510000,-0.213000,0.000000,2026-07-25,,,,,
29749719,2026-07-25T12:39,63993.510000,-0.213000,0.000000,2026-07-25,,,,,
29749720,2026-07-25T12:40,63993.510000,-0.213000,0.000000,2026-07-25,,,,,
29749721,2026-07-25T12:41,63993.510000,-0.213000,0.000000,2026-07-25,,,,,
29749722,2026-07-25T12:42,63993.510000,-0.213000,0.000000,2026-07-25,,,,,
29749723,2026-07-25T12:43,63993.510000,-0.213000,0.000000,2026-07-25,,,,,
29749724,2026-07-25T12:44,63993.510000,-0.213000,0.000000,2026-07-25,,,,,
29749725,2026-07-25T12:45,63993.510000,-0.213000,0.000000,2026-07-25,,,,,
29749726,2026-07-25T12:46,63993.510000,-0.213000,0.000000,2026-07-25,,,,,
29749727,2026-07-25T12:47,63993.510000,-0.213000,0.000000,2026-07-25,,,,,
29749728,2026-07-25T12:48,63993.510000,-0.213000,0.000000,2026-07-25,,,,,
29749729,2026-07-25T12:49,63993.510000,-0.213000,0.000000,2026-07-25,,,,,
29749730,2026-07-25T12:50,63993.510000,-0.213000,0.000000,2026-07-25,,,,,
29749731,2026-07-25T12:51,63993.510000,-0.213000,0.000000,2026-07-25,,,,,
29749732,2026-07-25T12:52,63993.510000,-0.213000,0.000000,2026-07-25,,,,,
29749733,2026-07-25T12:53,64040.740000,-0.355800,0.000000,2026-07-25,6.000000,0.002108,0.999896,64040.740000,64040.730000
29749734,2026-07-25T12:54,64040.740000,-0.355800,0.999791,2026-07-25,,,,,
29749735,2026-07-25T12:55,64040.740000,-0.355800,0.000000,2026-07-25,,,,,
29749736,2026-07-25T12:56,64040.740000,-0.355800,0.000000,2026-07-25,,,,,
29749737,2026-07-25T12:57,64040.740000,-0.355800,0.000000,2026-07-25,,,,,
29749738,2026-07-25T12:58,64040.740000,-0.355800,0.000000,2026-07-25,,,,,
29749739,2026-07-25T12:59,64040.740000,-0.355800,0.000000,2026-07-25,,,,,
29749740,2026-07-25T13:00,64040.740000,-0.355800,0.000000,2026-07-25,,,,,
29749741,2026-07-25T13:01,64040.740000,-0.355800,0.000000,2026-07-25,,,,,
29749742,2026-07-25T13:02,64040.740000,-0.355800,0.000000,2026-07-25,,,,,
29749743,2026-07-25T13:03,64040.740000,-0.355800,0.000000,2026-07-25,,,,,
29749744,2026-07-25T13:04,64040.740000,-0.355800,0.000000,2026-07-25,,,,,
29749745,2026-07-25T13:05,64040.740000,-0.355800,0.000000,2026-07-25,,,,,
29749746,2026-07-25T13:06,64040.740000,-0.355800,0.000000,2026-07-25,,,,,
29749747,2026-07-25T13:07,64063.070000,-0.127800,0.000000,2026-07-25,2569.000000,8.416306,0.512617,64069.020000,64035.930000
29749748,2026-07-25T13:08,64063.070000,-0.127800,0.025235,2026-07-25,,,,,
29749749,2026-07-25T13:09,64063.070000,-0.127800,0.000000,2026-07-25,,,,,
29749750,2026-07-25T13:10,64063.070000,-0.127800,0.000000,2026-07-25,,,,,
29749751,2026-07-25T13:11,64063.070000,-0.127800,0.000000,2026-07-25,,,,,
29749752,2026-07-25T13:12,64063.070000,-0.127800,0.000000,2026-07-25,,,,,
29749753,2026-07-25T13:13,64063.070000,-0.127800,0.000000,2026-07-25,,,,,
29749754,2026-07-25T13:14,64063.070000,-0.127800,0.000000,2026-07-25,,,,,
29749755,2026-07-25T13:15,64063.070000,-0.127800,0.000000,2026-07-25,,,,,
29749756,2026-07-25T13:16,64072.100000,-0.414400,0.000000,2026-07-25,8.000000,0.001796,0.999788,64072.100000,64072.090000
29749757,2026-07-25T13:17,64072.100000,-0.414400,0.999577,2026-07-25,,,,,
29749758,2026-07-25T13:18,64072.100000,-0.414400,0.000000,2026-07-25,,,,,
29749759,2026-07-25T13:19,64072.100000,-0.414400,0.000000,2026-07-25,,,,,
29749760,2026-07-25T13:20,64072.100000,-0.414400,0.000000,2026-07-25,,,,,
29749761,2026-07-25T13:21,64072.100000,-0.414400,0.000000,2026-07-25,,,,,
29749762,2026-07-25T13:22,64072.100000,-0.414400,0.000000,2026-07-25,,,,,
29749763,2026-07-25T13:23,64072.100000,-0.414400,0.000000,2026-07-25,,,,,
29749764,2026-07-25T13:24,64072.100000,-0.414400,0.000000,2026-07-25,,,,,
29749765,2026-07-25T13:25,64072.100000,-0.414400,0.000000,2026-07-25,,,,,
29749766,2026-07-25T13:26,64072.100000,-0.414400,0.000000,2026-07-25,,,,,
29749767,2026-07-25T13:27,64072.100000,-0.414400,0.000000,2026-07-25,,,,,
29749768,2026-07-25T13:28,64072.100000,-0.414400,0.000000,2026-07-25,,,,,
29749769,2026-07-25T13:29,64072.100000,-0.414400,0.000000,2026-07-25,,,,,
29749770,2026-07-25T13:30,64069.960000,0.071700,0.000000,2026-07-25,2495.000000,13.705487,0.340343,64076.990000,64044.300000
29749771,2026-07-25T13:31,64070.620000,-0.199100,-0.318928,2026-07-25,110.000000,0.480759,0.142817,64070.630000,64069.960000
29749772,2026-07-25T13:32,64070.620000,-0.199100,-0.728798,2026-07-25,,,,,
29749773,2026-07-25T13:33,64070.620000,-0.199100,0.000000,2026-07-25,,,,,
29749774,2026-07-25T13:34,64070.620000,-0.199100,0.000000,2026-07-25,,,,,
29749775,2026-07-25T13:35,64070.620000,-0.199100,0.000000,2026-07-25,,,,,
29749776,2026-07-25T13:36,64070.620000,-0.199100,0.000000,2026-07-25,,,,,
29749777,2026-07-25T13:37,64070.620000,-0.199100,0.000000,2026-07-25,,,,,
29749778,2026-07-25T13:38,64070.620000,-0.199100,0.000000,2026-07-25,,,,,
29749779,2026-07-25T13:39,64070.620000,-0.199100,0.000000,2026-07-25,,,,,
29749780,2026-07-25T13:40,64070.620000,-0.199100,0.000000,2026-07-25,,,,,
29749781,2026-07-25T13:41,64070.620000,-0.199100,0.000000,2026-07-25,,,,,
29749782,2026-07-25T13:42,64070.620000,-0.199100,0.000000,2026-07-25,,,,,
29749783,2026-07-25T13:43,64070.620000,-0.199100,0.000000,2026-07-25,,,,,
29749784,2026-07-25T13:44,64070.620000,-0.199100,0.000000,2026-07-25,,,,,
29749785,2026-07-25T13:45,64070.620000,-0.199100,0.000000,2026-07-25,,,,,
29749786,2026-07-25T13:46,64070.620000,-0.199100,0.000000,2026-07-25,,,,,
29749787,2026-07-25T13:47,64070.620000,-0.199100,0.000000,2026-07-25,,,,,
29749788,2026-07-25T13:48,64178.430000,-0.540200,0.000000,2026-07-25,7.000000,0.006412,0.857219,64178.440000,64178.430000
29749789,2026-07-25T13:49,64178.430000,-0.540200,0.714438,2026-07-25,,,,,
29749790,2026-07-25T13:50,64178.430000,-0.540200,0.000000,2026-07-25,,,,,
29749791,2026-07-25T13:51,64178.430000,-0.540200,0.000000,2026-07-25,,,,,
29749792,2026-07-25T13:52,64178.430000,-0.540200,0.000000,2026-07-25,,,,,
29749793,2026-07-25T13:53,64178.430000,-0.540200,0.000000,2026-07-25,,,,,
29749794,2026-07-25T13:54,64178.430000,-0.540200,0.000000,2026-07-25,,,,,
29749795,2026-07-25T13:55,64178.430000,-0.540200,0.000000,2026-07-25,,,,,
29749796,2026-07-25T13:56,64178.430000,-0.540200,0.000000,2026-07-25,,,,,
29749797,2026-07-25T13:57,64178.430000,-0.540200,0.000000,2026-07-25,,,,,
29749798,2026-07-25T13:58,64178.430000,-0.540200,0.000000,2026-07-25,,,,,
29749799,2026-07-25T13:59,64178.430000,-0.540200,0.000000,2026-07-25,,,,,
29749800,2026-07-25T14:00,64178.430000,-0.540200,0.000000,2026-07-25,,,,,
29749801,2026-07-25T14:01,64178.430000,-0.540200,0.000000,2026-07-25,,,,,
29749802,2026-07-25T14:02,64178.430000,-0.540200,0.000000,2026-07-25,,,,,
29749803,2026-07-25T14:03,64178.430000,-0.540200,0.000000,2026-07-25,,,,,
29749804,2026-07-25T14:04,64178.430000,-0.540200,0.000000,2026-07-25,,,,,
29749805,2026-07-25T14:05,64098.810000,-0.276400,0.000000,2026-07-25,4.000000,0.000000,0.000000,64098.800000,64098.800000
29749806,2026-07-25T14:06,64091.850000,-0.369100,-1.000000,2026-07-25,209.000000,0.824079,0.109815,64098.800000,64091.170000
29749807,2026-07-25T14:07,64072.990000,-0.361300,-0.777100,2026-07-25,98.000000,0.259839,0.519568,64093.980000,64072.980000
29749808,2026-07-25T14:08,64072.990000,-0.361300,0.033496,2026-07-25,,,,,
29749809,2026-07-25T14:09,64072.990000,-0.361300,0.000000,2026-07-25,,,,,
29749810,2026-07-25T14:10,64072.990000,-0.361300,0.000000,2026-07-25,,,,,
29749811,2026-07-25T14:11,64072.990000,-0.361300,0.000000,2026-07-25,,,,,
29749812,2026-07-25T14:12,64072.990000,-0.361300,0.000000,2026-07-25,,,,,
29749813,2026-07-25T14:13,64072.990000,-0.361300,0.000000,2026-07-25,,,,,
29749814,2026-07-25T14:14,64072.990000,-0.361300,0.000000,2026-07-25,,,,,
29749815,2026-07-25T14:15,64072.990000,-0.361300,0.000000,2026-07-25,,,,,
29749816,2026-07-25T14:16,64072.990000,-0.361300,0.000000,2026-07-25,,,,,
29749817,2026-07-25T14:17,64072.990000,-0.361300,0.000000,2026-07-25,,,,,
29749818,2026-07-25T14:18,64072.990000,-0.361300,0.000000,2026-07-25,,,,,
29749819,2026-07-25T14:19,64072.990000,-0.361300,0.000000,2026-07-25,,,,,
29749820,2026-07-25T14:20,64072.990000,-0.361300,0.000000,2026-07-25,,,,,
29749821,2026-07-25T14:21,64072.990000,-0.361300,0.000000,2026-07-25,,,,,
29749822,2026-07-25T14:22,64072.990000,-0.361300,0.000000,2026-07-25,,,,,
29749823,2026-07-25T14:23,64072.990000,-0.361300,0.000000,2026-07-25,,,,,
29749824,2026-07-25T14:24,64072.990000,-0.361300,0.000000,2026-07-25,,,,,
29749825,2026-07-25T14:25,64089.990000,-0.305500,0.000000,2026-07-25,86.000000,0.081454,0.684960,64090.000000,64089.800000
29749826,2026-07-25T14:26,64089.990000,-0.305500,0.369920,2026-07-25,,,,,
29749827,2026-07-25T14:27,64089.990000,-0.305500,0.000000,2026-07-25,,,,,
29749828,2026-07-25T14:28,64089.990000,-0.305500,0.000000,2026-07-25,,,,,
29749829,2026-07-25T14:29,64089.990000,-0.305500,0.000000,2026-07-25,,,,,
29749830,2026-07-25T14:30,64089.990000,-0.270400,0.000000,2026-07-25,,,,,
29749831,2026-07-25T14:31,64089.990000,-0.270400,0.000000,2026-07-25,,,,,
29749832,2026-07-25T14:32,64089.990000,-0.270400,0.000000,2026-07-25,,,,,
29749833,2026-07-25T14:33,64089.990000,-0.270400,0.000000,2026-07-25,,,,,
29749834,2026-07-25T14:34,64089.990000,-0.270400,0.000000,2026-07-25,,,,,
29749835,2026-07-25T14:35,64089.990000,-0.270400,0.000000,2026-07-25,,,,,
29749836,2026-07-25T14:36,64089.990000,-0.270400,0.000000,2026-07-25,,,,,
29749837,2026-07-25T14:37,64125.900000,-0.719600,0.000000,2026-07-25,104.000000,0.326360,0.244610,64132.250000,64125.900000
29749838,2026-07-25T14:38,64129.070000,-0.423300,-0.510781,2026-07-25,282.000000,1.375300,0.661141,64132.250000,64119.250000
29749839,2026-07-25T14:39,64123.740000,-0.388300,0.322281,2026-07-25,220.000000,0.671938,0.148525,64132.230000,64123.740000
29749840,2026-07-25T14:40,64132.230000,-0.325000,-0.702951,2026-07-25,202.000000,0.345710,0.507171,64132.230000,64123.740000
29749841,2026-07-25T14:41,64132.240000,-0.531700,0.014341,2026-07-25,170.000000,0.673400,0.663552,64132.250000,64132.000000
29749842,2026-07-25T14:42,64113.540000,-0.211800,0.318754,2026-07-25,210.000000,0.218248,0.513616,64132.240000,64113.530000
29749843,2026-07-25T14:43,64111.570000,0.032500,0.047701,2026-07-25,150.000000,0.114529,0.603664,64113.540000,64110.420000
29749844,2026-07-25T14:44,64129.760000,0.208800,0.209589,2026-07-25,280.000000,1.096419,0.718239,64129.770000,64111.570000
29749845,2026-07-25T14:45,64123.320000,-0.306800,-0.236625,2026-07-25,306.000000,3.051580,0.066627,64132.250000,64122.030000
29749846,2026-07-25T14:46,64113.620000,-0.035300,-0.805767,2026-07-25,220.000000,1.068932,0.511604,64123.320000,64109.480000
29749847,2026-07-25T14:47,64115.990000,-0.595300,0.024262,2026-07-25,244.000000,0.379962,0.901137,64116.850000,64113.610000
29749848,2026-07-25T14:48,64118.150000,-0.661600,0.802049,2026-07-25,238.000000,2.128557,0.924201,64125.880000,64115.990000
29749849,2026-07-25T14:49,64110.740000,-0.290400,0.848386,2026-07-25,154.000000,0.206348,0.426990,64118.160000,64109.480000
29749850,2026-07-25T14:50,64109.490000,-0.291800,-0.150667,2026-07-25,132.000000,0.593097,0.249868,64114.480000,64109.480000
29749851,2026-07-25T14:51,64108.180000,-0.761800,-0.498640,2026-07-25,142.000000,1.001867,0.926211,64109.490000,64108.170000
29749852,2026-07-25T14:52,64125.880000,0.159900,0.854109,2026-07-25,204.000000,3.245700,0.984441,64125.880000,64108.170000
29749853,2026-07-25T14:53,64142.740000,-0.457700,0.968350,2026-07-25,226.000000,2.605698,0.245789,64142.750000,64125.870000
29749854,2026-07-25T14:54,64142.740000,-0.183900,-0.513574,2026-07-25,143.000000,0.142182,0.464286,64142.750000,64142.740000
29749855,2026-07-25T14:55,64148.990000,0.092700,-0.080114,2026-07-25,231.000000,2.492001,0.854475,64152.000000,64142.740000
29749856,2026-07-25T14:56,64144.040000,-0.407600,0.708986,2026-07-25,189.000000,0.683199,0.182448,64149.000000,64144.030000
29749857,2026-07-25T14:57,64152.620000,0.018000,-0.633983,2026-07-25,314.000000,4.395599,0.117328,64153.510000,64143.770000
29749858,2026-07-25T14:58,64149.070000,0.173200,-0.765655,2026-07-25,202.000000,0.191776,0.704101,64152.630000,64145.710000
29749859,2026-07-25T14:59,64147.880000,-0.690700,0.408202,2026-07-25,153.000000,2.792358,0.017586,64149.080000,64148.880000
29749860,2026-07-25T15:00,64128.830000,-0.484400,-0.962257,2026-07-25,233.000000,0.582438,0.558193,64145.260000,64128.830000
29749861,2026-07-25T15:01,64141.350000,-0.190000,0.110803,2026-07-25,259.000000,0.755697,0.579368,64141.350000,64126.070000
29749862,2026-07-25T15:02,64122.040000,-0.674900,0.158736,2026-07-25,208.000000,0.618997,0.627099,64141.360000,64122.030000
29749863,2026-07-25T15:03,64123.290000,-0.037400,0.254794,2026-07-25,228.000000,0.103641,0.759251,64123.330000,64122.030000
29749864,2026-07-25T15:04,64129.490000,0.147000,0.516193,2026-07-25,198.000000,0.419384,0.788904,64129.490000,64123.290000
29749865,2026-07-25T15:05,64135.270000,0.102800,0.583391,2026-07-25,210.000000,3.007488,0.286632,64135.420000,64127.850000
29749866,2026-07-25T15:06,64163.490000,-0.042100,-0.429494,2026-07-25,264.000000,1.059147,0.884503,64163.500000,64135.270000
29749867,2026-07-25T15:07,64154.670000,-0.308800,0.769411,2026-07-25,191.000000,0.141922,0.578755,64165.000000,64151.750000
29749868,2026-07-25T15:08,64150.430000,-0.455800,0.194206,2026-07-25,221.000000,0.696436,0.858554,64159.740000,64145.250000
29749869,2026-07-25T15:09,64160.710000,-0.434000,0.713846,2026-07-25,252.000000,0.497523,0.483359,64161.350000,64146.330000
29749870,2026-07-25T15:10,64165.480000,-0.668100,0.004547,2026-07-25,240.000000,0.735526,0.406749,64171.450000,64161.340000
29749871,2026-07-25T15:11,64162.760000,-0.432300,-0.218576,2026-07-25,179.000000,0.825573,0.313105,64165.480000,64162.400000
29749872,2026-07-25T15:12,64190.960000,-0.078200,-0.368278,2026-07-25,291.000000,1.074769,0.569291,64190.960000,64162.750000
29749873,2026-07-25T15:13,64197.960000,0.170600,0.135814,2026-07-25,217.000000,0.829652,0.446940,64197.990000,64190.950000
29749874,2026-07-25T15:14,64187.320000,0.058000,-0.105304,2026-07-25,256.000000,5.744761,0.601556,64199.140000,64170.030000
29749875,2026-07-25T15:15,64197.260000,-0.403500,0.203086,2026-07-25,261.000000,0.403884,0.322773,64199.140000,64187.420000
29749876,2026-07-25T15:16,64197.260000,-0.422800,-0.355185,2026-07-25,295.000000,3.307199,0.928321,64214.430000,64197.250000
29749877,2026-07-25T15:17,64189.210000,-0.518800,0.855936,2026-07-25,239.000000,0.569994,0.567604,64197.270000,64174.500000
29749878,2026-07-25T15:18,64170.010000,-0.373800,0.137721,2026-07-25,205.000000,0.162098,0.628203,64189.220000,64170.000000
29749879,2026-07-25T15:19,64188.770000,-0.054800,0.256405,2026-07-25,195.000000,0.216952,0.444857,64188.780000,64170.000000
29749880,2026-07-25T15:20,64200.730000,-0.204200,-0.508650,2026-07-25,283.000000,0.677173,0.466033,64209.950000,64188.000000
29749881,2026-07-25T15:21,64169.240000,-0.418800,0.260757,2026-07-25,255.000000,4.756344,0.242495,64200.730000,64168.470000
29749882,2026-07-25T15:22,64177.210000,0.006900,-0.516229,2026-07-25,260.000000,1.852626,0.353948,64183.030000,64169.240000
29749883,2026-07-25T15:23,64161.210000,-0.439900,-0.299776,2026-07-25,223.000000,0.675720,0.356711,64178.610000,64158.440000
29749884,2026-07-25T15:24,64163.580000,-0.580100,-0.262593,2026-07-25,165.000000,0.235128,0.552222,64163.590000,64159.890000
29749885,2026-07-25T15:25,64150.650000,0.143900,0.100383,2026-07-25,184.000000,0.441293,0.294649,64163.590000,64150.650000
29749886,2026-07-25T15:26,64150.290000,-0.403600,-0.403421,2026-07-25,182.000000,0.488171,0.921393,64151.730000,64150.280000
29749887,2026-07-25T15:27,64139.600000,-0.162800,0.842050,2026-07-25,246.000000,1.771639,0.224241,64150.290000,64128.000000
29749888,2026-07-25T15:28,64143.990000,-0.367800,-0.550836,2026-07-25,139.000000,0.116767,0.113306,64144.020000,64139.590000
29749889,2026-07-25T15:29,64142.060000,-0.060700,-0.785311,2026-07-25,120.000000,0.072443,0.173400,64144.000000,64142.030000
29749890,2026-07-25T15:30,64129.770000,-0.543500,-0.426131,2026-07-25,189.000000,0.236322,0.636995,64142.060000,64129.770000
29749891,2026-07-25T15:31,64123.990000,-0.434600,0.236462,2026-07-25,213.000000,1.137693,0.565753,64129.770000,64118.480000
29749892,2026-07-25T15:32,64123.540000,-0.239600,0.132734,2026-07-25,166.000000,0.342261,0.314739,64124.000000,64120.760000
29749893,2026-07-25T15:33,64121.210000,-0.231000,-0.376732,2026-07-25,194.000000,0.714270,0.300105,64131.270000,64118.170000
29749894,2026-07-25T15:34,64119.930000,-0.490000,-0.399790,2026-07-25,176.000000,0.201811,0.935615,64121.220000,64119.920000
29749895,2026-07-25T15:35,64143.990000,-0.093800,0.871230,2026-07-25,309.000000,1.830811,0.912912,64148.000000,64119.920000
29749896,2026-07-25T15:36,64159.960000,0.091400,0.620504,2026-07-25,228.000000,1.194459,0.745597,64159.960000,64147.180000
29749897,2026-07-25T15:37,64150.830000,-0.513500,0.849203,2026-07-25,199.000000,1.035589,0.106193,64163.970000,64150.830000
29749898,2026-07-25T15:38,64174.880000,-0.696200,-0.737036,2026-07-25,205.000000,0.743732,0.269384,64174.890000,64150.830000
29749899,2026-07-25T15:39,64175.260000,-0.490400,-0.554150,2026-07-25,244.000000,0.355280,0.790222,64178.000000,64154.190000
29749900,2026-07-25T15:40,64169.210000,-0.252100,0.158357,2026-07-25,259.000000,0.889731,0.157261,64175.260000,64161.990000
29749901,2026-07-25T15:41,64155.180000,-0.264900,-0.607232,2026-07-25,179.000000,0.387772,0.338767,64169.210000,64155.180000
29749902,2026-07-25T15:42,64159.430000,-0.213400,-0.322466,2026-07-25,176.000000,0.216778,0.692846,64161.360000,64155.180000
29749903,2026-07-25T15:43,64149.990000,0.172000,0.385529,2026-07-25,201.000000,0.827484,0.248685,64166.170000,64149.130000
29749904,2026-07-25T15:44,64152.430000,-0.237800,-0.501230,2026-07-25,181.000000,0.300706,0.655829,64159.990000,64150.000000
29749905,2026-07-25T15:45,64165.010000,-0.164200,0.317948,2026-07-25,186.000000,0.238199,0.503395,64165.020000,64152.430000
29749906,2026-07-25T15:46,64150.010000,-0.163200,-0.008889,2026-07-25,173.000000,1.789231,0.050880,64165.020000,64150.000000
29749907,2026-07-25T15:47,64150.010000,-0.512300,-0.898237,2026-07-25,165.000000,1.474213,0.105574,64150.010000,64150.000000
29749908,2026-07-25T15:48,64145.260000,0.043000,-0.786211,2026-07-25,229.000000,3.094043,0.567425,64150.010000,64137.510000
29749909,2026-07-25T15:49,64130.830000,-0.270300,0.133745,2026-07-25,152.000000,4.601850,0.008027,64145.260000,64122.030000
29749910,2026-07-25T15:50,64119.790000,-0.665100,-0.983373,2026-07-25,202.000000,0.511861,0.261817,64130.840000,64118.710000
29749911,2026-07-25T15:51,64129.290000,-0.272200,-0.481391,2026-07-25,236.000000,0.581934,0.736396,64130.000000,64119.790000
29749912,2026-07-25T15:52,64129.990000,-0.275700,0.472597,2026-07-25,194.000000,0.393579,0.323254,64133.640000,64127.470000
29749913,2026-07-25T15:53,64121.710000,-0.283100,-0.384476,2026-07-25,198.000000,0.577335,0.270151,64129.990000,64121.630000
29749914,2026-07-25T15:54,64119.790000,-0.451400,-0.431300,2026-07-25,186.000000,0.289056,0.749530,64123.840000,64119.790000
29749915,2026-07-25T15:55,64127.180000,-0.203400,0.502423,2026-07-25,277.000000,0.633602,0.516304,64129.990000,64104.800000
29749916,2026-07-25T15:56,64121.930000,-0.188300,0.026474,2026-07-25,210.000000,0.464323,0.237538,64127.190000,64118.960000
29749917,2026-07-25T15:57,64117.400000,0.201000,-0.517028,2026-07-25,189.000000,0.230580,0.466081,64121.930000,64114.290000
29749918,2026-07-25T15:58,64116.420000,-0.088500,-0.082723,2026-07-25,178.000000,0.317129,0.548297,64118.640000,64116.340000
29749919,2026-07-25T15:59,64117.690000,-0.068300,0.065403,2026-07-25,163.000000,0.246671,0.680876,64117.710000,64116.410000
29749920,2026-07-25T16:00,64126.830000,0.031300,0.524518,2026-07-25,251.000000,2.507638,0.084539,64129.240000,64117.700000
29749921,2026-07-25T16:01,64147.920000,-0.104000,-0.872487,2026-07-25,215.000000,0.933476,0.924449,64147.920000,64126.830000
29749922,2026-07-25T16:02,64146.650000,-0.419900,0.853847,2026-07-25,144.000000,0.257160,0.331498,64147.920000,64145.030000
29749923,2026-07-25T16:03,64128.760000,-0.246700,-0.337003,2026-07-25,158.000000,0.459886,0.290686,64146.650000,64128.750000
29749924,2026-07-25T16:04,64124.830000,-0.336300,-0.415068,2026-07-25,159.000000,0.474269,0.714465,64128.750000,64123.330000
29749925,2026-07-25T16:05,64126.520000,-0.326700,0.444359,2026-07-25,164.000000,0.195361,0.458684,64129.000000,64124.830000
29749926,2026-07-25T16:06,64139.990000,-0.237000,-0.071431,2026-07-25,221.000000,0.779744,0.435456,64139.990000,64119.170000
29749927,2026-07-25T16:07,64111.620000,0.013600,-0.133239,2026-07-25,161.000000,0.309239,0.246291,64142.000000,64111.600000
29749928,2026-07-25T16:08,64102.690000,-0.127100,-0.507418,2026-07-25,178.000000,0.833025,0.276055,64111.620000,64102.690000
29749929,2026-07-25T16:09,64088.710000,0.014900,-0.448552,2026-07-25,219.000000,2.742593,0.069799,64102.700000,64088.040000
29749930,2026-07-25T16:10,64101.990000,0.326200,-0.859820,2026-07-25,211.000000,0.478801,0.356532,64102.000000,64088.710000
29749931,2026-07-25T16:11,64112.430000,0.230400,-0.531084,2026-07-25,272.000000,2.141447,0.379971,64112.450000,64094.830000
29749932,2026-07-25T16:12,64119.150000,-0.190700,-0.133713,2026-07-25,192.000000,0.191265,0.671139,64119.160000,64112.430000
29749933,2026-07-25T16:13,64132.240000,0.238900,0.296986,2026-07-25,149.000000,0.188003,0.765755,64132.250000,64119.140000
29749934,2026-07-25T16:14,64149.070000,-0.032600,0.408998,2026-07-25,211.000000,1.365713,0.834140,64149.070000,64132.210000
29749935,2026-07-25T16:15,64136.350000,-0.398900,0.485128,2026-07-25,208.000000,1.014155,0.175353,64149.070000,64134.000000
29749936,2026-07-25T16:16,64132.560000,0.208900,-0.573360,2026-07-25,195.000000,1.301941,0.858590,64137.900000,64132.000000
29749937,2026-07-25T16:17,64114.290000,-0.390600,0.717250,2026-07-25,226.000000,0.902185,0.157473,64135.860000,64114.290000
29749938,2026-07-25T16:18,64123.820000,-0.327100,-0.566005,2026-07-25,196.000000,1.245201,0.146866,64125.900000,64114.290000
29749939,2026-07-25T16:19,64111.490000,0.138000,-0.808438,2026-07-25,199.000000,0.782486,0.169422,64123.820000,64110.630000
29749940,2026-07-25T16:20,64111.490000,0.138000,-0.660969,2026-07-25,,,,,
29749941,2026-07-25T16:21,64107.010000,-0.014400,0.000000,2026-07-25,469.000000,4.750922,0.829457,64114.290000,64100.010000
29749942,2026-07-25T16:22,64094.010000,-0.460200,0.658913,2026-07-25,181.000000,2.757566,0.032887,64107.020000,64094.000000
29749943,2026-07-25T16:23,64084.180000,0.312800,-0.935636,2026-07-25,228.000000,2.289830,0.046542,64094.000000,64070.890000
29749944,2026-07-25T16:24,64069.990000,0.015600,-0.904313,2026-07-25,208.000000,4.074696,0.029412,64084.800000,64056.910000
29749945,2026-07-25T16:25,64063.880000,-0.116300,-0.939416,2026-07-25,194.000000,0.692720,0.310052,64070.000000,64056.910000
29749946,2026-07-25T16:26,64062.510000,-0.543000,-0.387289,2026-07-25,149.000000,0.243198,0.264779,64065.720000,64062.500000
29749947,2026-07-25T16:27,64077.710000,0.159000,-0.464457,2026-07-25,209.000000,2.381174,0.985062,64077.710000,64062.500000
29749948,2026-07-25T16:28,64079.040000,0.016700,0.970243,2026-07-25,144.000000,0.252572,0.389026,64082.100000,64077.700000
29749949,2026-07-25T16:29,64081.330000,-0.217100,-0.220429,2026-07-25,199.000000,2.543488,0.968547,64081.340000,64071.980000
29749950,2026-07-25T16:30,64088.130000,-0.171300,0.936488,2026-07-25,218.000000,0.401185,0.598499,64091.040000,64081.330000
29749951,2026-07-25T16:31,64083.320000,0.231300,0.221120,2026-07-25,195.000000,1.853558,0.391340,64088.140000,64074.180000
29749952,2026-07-25T16:32,64099.460000,0.240200,-0.221276,2026-07-25,179.000000,0.502280,0.185024,64099.470000,64085.790000
29749953,2026-07-25T16:33,64108.260000,-0.505500,-0.652762,2026-07-25,181.000000,0.595688,0.573126,64118.160000,64099.460000
29749954,2026-07-25T16:34,64122.490000,0.258800,0.146341,2026-07-25,277.000000,2.635259,0.456343,64122.500000,64100.010000
29749955,2026-07-25T16:35,64127.990000,0.316300,-0.087527,2026-07-25,214.000000,0.194850,0.717866,64130.000000,64122.490000
29749956,2026-07-25T16:36,64130.430000,-0.119900,0.438929,2026-07-25,148.000000,0.598146,0.241027,64130.430000,64127.980000
29749957,2026-07-25T16:37,64139.120000,-0.205400,-0.521204,2026-07-25,184.000000,0.262740,0.193364,64139.110000,64130.420000
29749958,2026-07-25T16:38,64121.040000,-0.269200,-0.608063,2026-07-25,236.000000,2.653622,0.440027,64139.120000,64119.230000
29749959,2026-07-25T16:39,64132.960000,-0.260700,-0.119980,2026-07-25,144.000000,0.825311,0.522677,64132.960000,64121.030000
29749960,2026-07-25T16:40,64138.380000,-0.348700,0.045504,2026-07-25,131.000000,0.140841,0.232579,64138.380000,64130.060000
29749961,2026-07-25T16:41,64145.240000,-0.390100,-0.534843,2026-07-25,157.000000,0.537252,0.171418,64145.250000,64134.610000
29749962,2026-07-25T16:42,64142.850000,0.045900,-0.657164,2026-07-25,238.000000,1.134482,0.142862,64145.250000,64139.190000
29749963,2026-07-25T16:43,64142.760000,0.450400,-0.643205,2026-07-25,236.000000,1.124092,0.171630,64143.420000,64141.730000
29749964,2026-07-25T16:44,64142.680000,0.128800,-0.806253,2026-07-25,258.000000,1.378371,0.136263,64143.010000,64142.640000
29749965,2026-07-25T16:45,64144.620000,0.114500,-0.676769,2026-07-25,287.000000,1.206951,0.246887,64144.620000,64142.670000
29749966,2026-07-25T16:46,64148.040000,0.576900,-0.518614,2026-07-25,279.000000,1.152399,0.440254,64150.090000,64139.110000
29749967,2026-07-25T16:47,64172.320000,-0.038900,-0.119269,2026-07-25,183.000000,0.220273,0.357604,64172.320000,64148.030000
29749968,2026-07-25T16:48,64168.920000,-0.225200,-0.283758,2026-07-25,251.000000,1.930764,0.076783,64184.850000,64154.570000
29749969,2026-07-25T16:49,64165.990000,0.033400,-0.858025,2026-07-25,221.000000,0.992647,0.235669,64177.970000,64164.750000
29749970,2026-07-25T16:50,64161.070000,-0.421600,-0.388755,2026-07-25,218.000000,2.929038,0.053747,64166.000000,64161.060000
29749971,2026-07-25T16:51,64137.510000,-0.268300,-0.902172,2026-07-25,212.000000,0.738371,0.328961,64161.070000,64137.510000
29749972,2026-07-25T16:52,64145.260000,-0.302500,-0.337547,2026-07-25,236.000000,1.274237,0.580363,64153.820000,64137.510000
29749973,2026-07-25T16:53,64144.510000,-0.511700,0.158815,2026-07-25,159.000000,0.418723,0.559582,64146.000000,64141.380000
29749974,2026-07-25T16:54,64145.990000,-0.446500,0.126682,2026-07-25,178.000000,0.301572,0.837899,64147.290000,64144.510000
29749975,2026-07-25T16:55,64126.710000,-0.173200,0.671682,2026-07-25,213.000000,1.300238,0.164016,64146.000000,64125.900000
29749976,2026-07-25T16:56,64130.570000,-0.279200,-0.671002,2026-07-25,162.000000,0.261498,0.597171,64130.800000,64125.900000
29749977,2026-07-25T16:57,64146.490000,0.005500,0.191781,2026-07-25,230.000000,0.787519,0.529824,64148.350000,64130.790000
29749978,2026-07-25T16:58,64148.130000,-0.152400,0.077140,2026-07-25,238.000000,3.336408,0.928593,64152.980000,64138.710000
29749979,2026-07-25T16:59,64151.320000,-0.112800,0.856998,2026-07-25,199.000000,1.279127,0.643521,64152.140000,64145.930000
29749980,2026-07-25T17:00,64144.710000,-0.136300,0.284617,2026-07-25,244.000000,0.941954,0.490465,64152.850000,64142.000000
29749981,2026-07-25T17:01,64145.940000,-0.147100,-0.018163,2026-07-25,221.000000,1.841473,0.615084,64151.320000,64141.200000
29749982,2026-07-25T17:02,64159.010000,0.054700,0.230189,2026-07-25,191.000000,0.600230,0.574713,64159.010000,64143.440000
29749983,2026-07-25T17:03,64172.310000,0.419200,0.149150,2026-07-25,184.000000,0.110820,0.708952,64172.330000,64159.000000
29749984,2026-07-25T17:04,64175.940000,0.069900,0.441243,2026-07-25,186.000000,2.911120,0.885822,64178.350000,64172.320000
29749985,2026-07-25T17:05,64177.070000,0.276100,0.771266,2026-07-25,227.000000,1.404639,0.665560,64178.910000,64174.280000
29749986,2026-07-25T17:06,64163.320000,0.065800,0.332066,2026-07-25,221.000000,1.747576,0.081921,64177.990000,64158.980000
29749987,2026-07-25T17:07,64165.070000,-0.080700,-0.838592,2026-07-25,138.000000,0.107270,0.739557,64165.940000,64163.320000
29749988,2026-07-25T17:08,64158.990000,-0.151100,0.479113,2026-07-25,140.000000,0.202778,0.468894,64165.080000,64158.980000
29749989,2026-07-25T17:09,64159.260000,-0.060900,0.017311,2026-07-25,178.000000,0.715382,0.366264,64163.530000,64156.870000
29749990,2026-07-25T17:10,64161.820000,-0.047800,-0.297043,2026-07-25,211.000000,2.797630,0.824975,64165.290000,64159.260000
29749991,2026-07-25T17:11,64152.100000,-0.182800,0.649938,2026-07-25,186.000000,0.962089,0.562673,64161.820000,64147.280000
29749992,2026-07-25T17:12,64142.850000,0.013400,0.112674,2026-07-25,205.000000,3.224878,0.192798,64152.100000,64133.640000
29749993,2026-07-25T17:13,64141.570000,0.634400,-0.613180,2026-07-25,126.000000,0.657424,0.212468,64142.860000,64140.180000
29749994,2026-07-25T17:14,64149.120000,0.429300,-0.574574,2026-07-25,306.000000,0.757252,0.575815,64149.120000,64141.570000
29749995,2026-07-25T17:15,64155.520000,0.210900,0.151631,2026-07-25,108.000000,0.411845,0.962339,64155.530000,64149.110000
29749996,2026-07-25T17:16,64176.210000,0.367500,0.924677,2026-07-25,182.000000,1.098993,0.647029,64176.210000,64155.520000
29749997,2026-07-25T17:17,64169.990000,0.493300,0.294059,2026-07-25,222.000000,1.172176,0.136017,64176.210000,64160.730000
29749998,2026-07-25T17:18,64171.260000,0.358300,-0.726337,2026-07-25,152.000000,0.717136,0.326924,64174.950000,64169.980000
29749999,2026-07-25T17:19,64161.960000,0.057200,-0.348232,2026-07-25,203.000000,3.793199,0.045938,64173.400000,64158.410000
29750000,2026-07-25T17:20,64158.420000,-0.364700,-0.908236,2026-07-25,153.000000,0.348305,0.836122,64161.970000,64158.410000
29750001,2026-07-25T17:21,64171.960000,0.028000,0.695981,2026-07-25,118.000000,0.379635,0.949481,64171.960000,64158.410000
29750002,2026-07-25T17:22,64174.990000,0.051000,0.898672,2026-07-25,175.000000,0.130392,0.380632,64175.000000,64171.960000
29750003,2026-07-25T17:23,64191.680000,-0.041300,-0.245104,2026-07-25,174.000000,0.670421,0.796176,64191.690000,64174.990000
29750004,2026-07-25T17:24,64192.490000,0.227200,0.595580,2026-07-25,184.000000,1.491744,0.584311,64195.550000,64189.180000
29750005,2026-07-25T17:25,64202.320000,0.011300,0.168797,2026-07-25,251.000000,1.602386,0.536154,64202.320000,64192.490000
29750006,2026-07-25T17:26,64210.880000,0.324900,0.071726,2026-07-25,199.000000,0.349593,0.837216,64211.440000,64202.310000
29750007,2026-07-25T17:27,64222.350000,0.311900,0.678234,2026-07-25,188.000000,0.244628,0.986084,64222.360000,64210.880000
29750008,2026-07-25T17:28,64216.010000,-0.398300,0.972398,2026-07-25,230.000000,4.471187,0.335060,64223.650000,64214.910000
29750009,2026-07-25T17:29,64210.010000,-0.396600,-0.330486,2026-07-25,197.000000,0.740316,0.262186,64214.920000,64206.000000
29750010,2026-07-25T17:30,64199.430000,-0.548400,-0.471094,2026-07-25,223.000000,0.689356,0.343754,64211.010000,64199.440000
29750011,2026-07-25T17:31,64203.290000,-0.327200,-0.314703,2026-07-25,203.000000,0.547821,0.776925,64203.290000,64191.690000
29750012,2026-07-25T17:32,64204.290000,0.003500,0.512060,2026-07-25,161.000000,0.818082,0.037728,64204.290000,64202.000000
29750013,2026-07-25T17:33,64225.320000,-0.137900,-0.922352,2026-07-25,301.000000,3.221188,0.913995,64226.000000,64204.280000
29750014,2026-07-25T17:34,64238.120000,-0.279600,0.825695,2026-07-25,371.000000,1.095696,0.673649,64239.500000,64225.310000
29750015,2026-07-25T17:35,64230.350000,-0.197400,0.448577,2026-07-25,340.000000,4.916391,0.317931,64252.490000,64229.060000
29750016,2026-07-25T17:36,64224.190000,-0.636000,-0.419164,2026-07-25,252.000000,0.816130,0.537113,64235.510000,64222.650000
29750017,2026-07-25T17:37,64211.040000,-0.471500,0.075524,2026-07-25,227.000000,1.196600,0.110530,64226.390000,64211.040000
29750018,2026-07-25T17:38,64211.040000,-0.463800,-0.778850,2026-07-25,176.000000,0.231940,0.443820,64212.340000,64211.040000
29750019,2026-07-25T17:39,64198.540000,-0.454200,-0.109044,2026-07-25,244.000000,1.713074,0.087115,64211.050000,64192.880000
29750020,2026-07-25T17:40,64217.120000,-0.194900,-0.826510,2026-07-25,256.000000,0.437334,0.597951,64221.010000,64198.540000
29750021,2026-07-25T17:41,64223.830000,-0.132600,0.195904,2026-07-25,274.000000,3.603624,0.279386,64234.250000,64217.110000
29750022,2026-07-25T17:42,64223.850000,-0.063300,-0.439436,2026-07-25,193.000000,0.482873,0.200415,64226.000000,64223.830000
29750023,2026-07-25T17:43,64225.790000,-0.485300,-0.617698,2026-07-25,198.000000,0.496795,0.281066,64225.790000,64223.850000
29750024,2026-07-25T17:44,64221.990000,-0.369700,-0.433255,2026-07-25,176.000000,0.224060,0.268681,64225.790000,64221.660000
29750025,2026-07-25T17:45,64227.180000,0.090600,-0.461754,2026-07-25,207.000000,0.527947,0.377414,64232.450000,64221.980000
29750026,2026-07-25T17:46,64229.850000,-0.116000,-0.245283,2026-07-25,199.000000,0.292633,0.230762,64229.860000,64227.180000
29750027,2026-07-25T17:47,64244.990000,-0.062400,-0.538354,2026-07-25,262.000000,2.100867,0.942194,64244.990000,64229.850000
29750028,2026-07-25T17:48,64214.920000,-0.683600,0.900621,2026-07-25,461.000000,4.289534,0.759381,64307.360000,64214.910000
29750029,2026-07-25T17:49,64204.070000,-0.012600,-0.760162,2026-07-25,187.000000,0.375813,0.311346,64214.920000,64204.070000
29750030,2026-07-25T17:50,64234.830000,-0.568900,-0.239884,2026-07-25,388.000000,4.269836,0.868385,64241.980000,64204.070000
29750031,2026-07-25T17:51,64218.560000,-0.272200,0.711156,2026-07-25,278.000000,0.868248,0.278698,64234.830000,64213.510000
29750032,2026-07-25T17:52,64198.570000,-0.115200,-0.398538,2026-07-25,264.000000,2.207882,0.155937,64218.560000,64198.560000
29750033,2026-07-25T17:53,64205.830000,0.000400,-0.688983,2026-07-25,222.000000,0.771997,0.444917,64209.750000,64195.560000
29750034,2026-07-25T17:54,64206.810000,-0.490900,-0.127628,2026-07-25,186.000000,0.412057,0.710299,64207.490000,64203.490000
29750035,2026-07-25T17:55,64203.240000,-0.663700,0.465291,2026-07-25,190.000000,0.322876,0.720092,64207.480000,64201.790000
29750036,2026-07-25T17:56,64199.650000,-0.398600,0.449101,2026-07-25,218.000000,0.426339,0.214678,64203.250000,64198.240000
29750037,2026-07-25T17:57,64192.150000,-0.537300,-0.569858,2026-07-25,195.000000,0.312555,0.185061,64199.650000,64192.140000
29750038,2026-07-25T17:58,64186.290000,-0.455600,-0.620275,2026-07-25,214.000000,2.035283,0.695078,64192.430000,64186.290000
29750039,2026-07-25T17:59,64206.810000,0.085400,0.389741,2026-07-25,227.000000,2.246264,0.986412,64207.990000,64186.290000
29750040,2026-07-25T18:00,64221.990000,-0.422600,0.950951,2026-07-25,277.000000,0.642241,0.186953,64224.650000,64206.140000
29750041,2026-07-25T18:01,64283.900000,0.309600,-0.539298,2026-07-25,384.000000,2.450802,0.536784,64293.250000,64221.990000
29750042,2026-07-25T18:02,64347.010000,-0.496700,0.062995,2026-07-25,661.000000,11.226290,0.672379,64358.970000,64283.900000
29750043,2026-07-25T18:03,64296.180000,-0.632200,0.344709,2026-07-25,428.000000,1.309043,0.298502,64356.000000,64296.180000
29750044,2026-07-25T18:04,64307.010000,-0.549400,-0.428098,2026-07-25,274.000000,0.493905,0.382928,64307.000000,64289.750000
29750045,2026-07-25T18:05,64277.060000,0.316400,-0.162611,2026-07-25,346.000000,1.078407,0.324702,64319.400000,64270.000000
29750046,2026-07-25T18:06,64270.240000,-0.136100,-0.326308,2026-07-25,238.000000,1.148694,0.099988,64287.670000,64270.230000
29750047,2026-07-25T18:07,64305.990000,-0.622800,-0.816991,2026-07-25,359.000000,5.818145,0.107784,64311.650000,64257.020000
29750048,2026-07-25T18:08,64311.340000,-0.543600,-0.780815,2026-07-25,289.000000,0.658169,0.250219,64318.000000,64294.490000
29750049,2026-07-25T18:09,64277.820000,-0.333100,-0.531443,2026-07-25,241.000000,1.899137,0.284604,64311.660000,64274.570000
29750050,2026-07-25T18:10,64296.350000,-0.502700,-0.429930,2026-07-25,240.000000,0.259821,0.676303,64296.360000,64277.820000
29750051,2026-07-25T18:11,64315.980000,0.077300,0.354338,2026-07-25,233.000000,0.255328,0.292234,64317.260000,64296.350000
29750052,2026-07-25T18:12,64316.790000,-0.263200,-0.385464,2026-07-25,222.000000,0.510693,0.671553,64318.480000,64308.010000
29750053,2026-07-25T18:13,64307.790000,-0.491100,0.335900,2026-07-25,165.000000,0.211658,0.506717,64317.970000,64307.800000
29750054,2026-07-25T18:14,64293.730000,-0.860400,0.024171,2026-07-25,197.000000,0.548458,0.213619,64307.800000,64292.690000
29750055,2026-07-25T18:15,64299.210000,0.063600,-0.579461,2026-07-25,200.000000,0.265999,0.551740,64299.540000,64287.490000
29750056,2026-07-25T18:16,64284.570000,-0.510600,0.103577,2026-07-25,194.000000,2.455712,0.111960,64299.560000,64284.570000
29750057,2026-07-25T18:17,64290.070000,-0.755000,-0.774444,2026-07-25,183.000000,0.876888,0.866033,64290.820000,64284.570000
29750058,2026-07-25T18:18,64310.600000,-0.640700,0.728263,2026-07-25,246.000000,1.244431,0.867763,64314.100000,64290.070000
29750059,2026-07-25T18:19,64310.310000,-0.271100,0.728404,2026-07-25,175.000000,0.083411,0.504248,64310.600000,64309.300000
29750060,2026-07-25T18:20,64295.210000,-0.336000,0.055874,2026-07-25,220.000000,0.859531,0.089603,64311.780000,64295.200000
29750061,2026-07-25T18:21,64298.100000,-0.064100,-0.820786,2026-07-25,200.000000,0.369746,0.702969,64308.990000,64295.200000
29750062,2026-07-25T18:22,64298.680000,-0.523900,0.430784,2026-07-25,209.000000,0.701654,0.912018,64301.980000,64298.090000
29750063,2026-07-25T18:23,64307.680000,-0.008200,0.819770,2026-07-25,210.000000,0.239749,0.254907,64307.710000,64298.680000
29750064,2026-07-25T18:24,64303.990000,-0.170400,-0.490057,2026-07-25,211.000000,0.399150,0.728092,64310.000000,64301.000000
29750065,2026-07-25T18:25,64303.600000,-0.182900,0.456180,2026-07-25,250.000000,2.382860,0.243187,64315.520000,64300.620000
29750066,2026-07-25T18:26,64309.990000,0.184200,-0.513628,2026-07-25,195.000000,0.347531,0.772012,64317.200000,64303.590000
29750067,2026-07-25T18:27,64317.620000,-0.800100,0.543220,2026-07-25,193.000000,0.402332,0.833661,64317.640000,64309.990000
29750068,2026-07-25T18:28,64337.990000,0.426300,0.668346,2026-07-25,347.000000,3.738910,0.323424,64338.000000,64317.620000
29750069,2026-07-25T18:29,64357.990000,-0.150900,-0.353219,2026-07-25,265.000000,1.258041,0.254891,64358.000000,64337.990000
29750070,2026-07-25T18:30,64355.990000,-0.142700,-0.498093,2026-07-25,255.000000,0.446855,0.600977,64358.000000,64346.490000
29750071,2026-07-25T18:31,64327.350000,-0.399500,0.067700,2026-07-25,215.000000,2.646726,0.037478,64355.990000,64327.340000
29750072,2026-07-25T18:32,64337.760000,-0.516600,-0.922936,2026-07-25,195.000000,0.223954,0.562605,64340.940000,64327.340000
29750073,2026-07-25T18:33,64383.990000,-0.380600,0.145881,2026-07-25,351.000000,8.513577,0.947771,64385.860000,64337.760000
29750074,2026-07-25T18:34,64368.290000,-0.459300,0.895725,2026-07-25,301.000000,0.522051,0.531727,64376.210000,64361.970000
29750075,2026-07-25T18:35,64346.240000,-0.086300,0.036394,2026-07-25,271.000000,1.324546,0.216943,64368.290000,64346.240000
29750076,2026-07-25T18:36,64331.010000,-0.304100,-0.566175,2026-07-25,253.000000,0.764176,0.330453,64346.380000,64331.010000
29750077,2026-07-25T18:37,64329.620000,-0.722000,-0.339919,2026-07-25,183.000000,0.181014,0.397667,64331.020000,64327.140000
29750078,2026-07-25T18:38,64328.320000,0.064400,-0.201352,2026-07-25,195.000000,0.347607,0.387825,64329.620000,64326.000000
29750079,2026-07-25T18:39,64333.540000,-0.754200,-0.180260,2026-07-25,177.000000,0.166852,0.789082,64333.980000,64328.320000
29750080,2026-07-25T18:40,64329.620000,-0.588500,0.545337,2026-07-25,169.000000,0.311292,0.574001,64337.980000,64329.610000
29750081,2026-07-25T18:41,64321.180000,-0.893200,0.147227,2026-07-25,150.000000,0.678527,0.216912,64329.630000,64321.170000
29750082,2026-07-25T18:42,64319.400000,0.330300,-0.584683,2026-07-25,154.000000,0.331286,0.516255,64321.180000,64319.410000
29750083,2026-07-25T18:43,64334.960000,0.822600,0.124046,2026-07-25,213.000000,1.475999,0.644728,64334.960000,64318.130000
29750084,2026-07-25T18:44,64334.960000,-0.794300,0.289072,2026-07-25,203.000000,0.565005,0.437193,64340.520000,64334.950000
29750085,2026-07-25T18:45,64337.380000,-0.162900,-0.126009,2026-07-25,174.000000,0.133747,0.874852,64337.390000,64334.950000
29750086,2026-07-25T18:46,64351.320000,0.115800,0.749888,2026-07-25,208.000000,0.251717,0.802618,64352.360000,64337.380000
29750087,2026-07-25T18:47,64364.990000,0.127600,0.653964,2026-07-25,194.000000,0.693564,0.316340,64364.990000,64351.320000
29750088,2026-07-25T18:48,64356.490000,-0.048100,-0.444542,2026-07-25,165.000000,0.624698,0.125202,64364.990000,64353.250000
29750089,2026-07-25T18:49,64357.310000,-0.240100,-0.746172,2026-07-25,142.000000,0.135354,0.642994,64357.310000,64356.490000
29750090,2026-07-25T18:50,64349.150000,-0.447600,0.282966,2026-07-25,247.000000,3.375999,0.068001,64357.310000,64346.280000
29750091,2026-07-25T18:51,64361.730000,-0.286600,-0.860870,2026-07-25,228.000000,0.230123,0.725481,64361.730000,64349.140000
29750092,2026-07-25T18:52,64377.460000,-0.530000,0.577041,2026-07-25,316.000000,4.891909,0.734259,64387.430000,64361.720000
29750093,2026-07-25T18:53,64335.870000,-0.650700,0.460205,2026-07-25,221.000000,1.043180,0.086038,64377.460000,64335.860000
29750094,2026-07-25T18:54,64331.060000,-0.455600,-0.827289,2026-07-25,171.000000,0.287949,0.525878,64335.870000,64331.050000
29750095,2026-07-25T18:55,64350.260000,-0.481000,0.693051,2026-07-25,248.000000,1.249480,0.983946,64350.250000,64331.050000
29750096,2026-07-25T18:56,64358.070000,0.469700,0.936176,2026-07-25,225.000000,0.163614,0.445904,64358.900000,64349.250000
29750097,2026-07-25T18:57,64372.510000,-0.287700,0.132389,2026-07-25,247.000000,0.554673,0.756567,64372.510000,64358.080000
29750098,2026-07-25T18:58,64371.210000,0.099000,0.471833,2026-07-25,207.000000,0.441654,0.386296,64372.510000,64370.350000
29750099,2026-07-25T18:59,64353.790000,-0.067100,-0.228700,2026-07-25,196.000000,0.970766,0.384916,64371.210000,64350.570000
29750100,2026-07-25T19:00,64343.270000,-0.498000,-0.131160,2026-07-25,261.000000,1.166566,0.221473,64364.490000,64342.460000
29750101,2026-07-25T19:01,64372.600000,0.007500,-0.741068,2026-07-25,262.000000,2.485859,0.924099,64372.830000,64343.270000
29750102,2026-07-25T19:02,64368.820000,-0.258400,0.848146,2026-07-25,185.000000,0.320155,0.249638,64372.600000,64368.810000
29750103,2026-07-25T19:03,64368.930000,-0.301300,-0.538410,2026-07-25,191.000000,0.400312,0.675755,64368.940000,64360.010000
29750104,2026-07-25T19:04,64377.460000,-0.153400,0.445925,2026-07-25,252.000000,1.700899,0.896000,64380.130000,64366.120000
29750105,2026-07-25T19:05,64375.320000,-0.364800,0.792180,2026-07-25,242.000000,1.428077,0.516516,64379.970000,64372.500000
29750106,2026-07-25T19:06,64361.980000,-0.181400,0.032702,2026-07-25,181.000000,0.796195,0.645981,64378.850000,64361.950000
29750107,2026-07-25T19:07,64354.010000,-0.335700,0.291084,2026-07-25,202.000000,0.409052,0.446196,64361.980000,64354.000000
29750108,2026-07-25T19:08,64358.290000,-0.456100,-0.171452,2026-07-25,239.000000,1.101338,0.856717,64358.290000,64350.360000
29750109,2026-07-25T19:09,64363.620000,-0.094200,0.781579,2026-07-25,244.000000,0.260246,0.751244,64366.120000,64358.280000
29750110,2026-07-25T19:10,64374.380000,0.116200,0.488773,2026-07-25,174.000000,0.133644,0.835568,64374.390000,64363.610000
29750111,2026-07-25T19:11,64382.690000,-0.128200,0.673013,2026-07-25,193.000000,0.234124,0.722972,64382.700000,64374.380000
29750112,2026-07-25T19:12,64377.230000,-0.070500,0.444119,2026-07-25,154.000000,1.676575,0.175551,64382.700000,64377.220000
29750113,2026-07-25T19:13,64372.790000,-0.101100,-0.648898,2026-07-25,183.000000,2.510258,0.245291,64380.250000,64368.390000
29750114,2026-07-25T19:14,64374.930000,-0.583700,-0.509133,2026-07-25,138.000000,1.370751,0.955295,64375.310000,64371.050000
29750115,2026-07-25T19:15,64374.930000,-0.583700,0.914632,2026-07-25,,,,,
29750116,2026-07-25T19:16,64374.930000,-0.583700,0.000000,2026-07-25,,,,,
29750117,2026-07-25T19:17,64374.930000,-0.583700,0.000000,2026-07-25,,,,,
29750118,2026-07-25T19:18,64374.930000,-0.583700,0.000000,2026-07-25,,,,,
29750119,2026-07-25T19:19,64374.930000,-0.583700,0.000000,2026-07-25,,,,,
29750120,2026-07-25T19:20,64374.930000,-0.583700,0.000000,2026-07-25,,,,,
29750121,2026-07-25T19:21,64374.930000,-0.583700,0.000000,2026-07-25,,,,,
29750122,2026-07-25T19:22,64374.930000,-0.583700,0.000000,2026-07-25,,,,,
29750123,2026-07-25T19:23,64362.070000,-0.012600,0.000000,2026-07-25,50.000000,0.507182,0.013266,64362.430000,64361.460000
29750124,2026-07-25T19:24,64362.070000,-0.012600,-0.973468,2026-07-25,,,,,
29750125,2026-07-25T19:25,64364.010000,-0.090600,0.000000,2026-07-25,441.000000,1.492261,0.509059,64369.090000,64350.360000
29750126,2026-07-25T19:26,64364.010000,0.006100,0.018118,2026-07-25,21.000000,0.016191,0.181476,64364.020000,64364.010000
29750127,2026-07-25T19:27,64364.010000,0.006100,-0.637048,2026-07-25,,,,,
29750128,2026-07-25T19:28,64364.010000,0.006100,0.000000,2026-07-25,,,,,
29750129,2026-07-25T19:29,64364.010000,0.006100,0.000000,2026-07-25,,,,,
29750130,2026-07-25T19:30,64364.010000,0.006100,0.000000,2026-07-25,,,,,
29750131,2026-07-25T19:31,64364.010000,0.006100,0.000000,2026-07-25,,,,,
29750132,2026-07-25T19:32,64364.010000,0.006100,0.000000,2026-07-25,,,,,
29750133,2026-07-25T19:33,64364.010000,0.006100,0.000000,2026-07-25,,,,,
29750134,2026-07-25T19:34,64364.010000,0.006100,0.000000,2026-07-25,,,,,
29750135,2026-07-25T19:35,64364.010000,0.006100,0.000000,2026-07-25,,,,,
29750136,2026-07-25T19:36,64364.010000,0.006100,0.000000,2026-07-25,,,,,
29750137,2026-07-25T19:37,64364.010000,0.006100,0.000000,2026-07-25,,,,,
29750138,2026-07-25T19:38,64335.190000,-0.420600,0.000000,2026-07-25,97.000000,3.615746,0.083229,64343.570000,64322.410000
29750139,2026-07-25T19:39,64335.190000,-0.420600,-0.833542,2026-07-25,,,,,
29750140,2026-07-25T19:40,64338.320000,-0.192500,0.000000,2026-07-25,453.000000,3.495197,0.582616,64338.330000,64333.350000
29750141,2026-07-25T19:41,64338.440000,0.060500,0.165233,2026-07-25,113.000000,1.008853,0.739486,64342.010000,64336.410000
29750142,2026-07-25T19:42,64338.440000,0.060500,0.478972,2026-07-25,,,,,
29750143,2026-07-25T19:43,64338.440000,0.060500,0.000000,2026-07-25,,,,,
29750144,2026-07-25T19:44,64338.440000,0.060500,0.000000,2026-07-25,,,,,
29750145,2026-07-25T19:45,64338.440000,0.060500,0.000000,2026-07-25,,,,,
29750146,2026-07-25T19:46,64338.440000,0.060500,0.000000,2026-07-25,,,,,
29750147,2026-07-25T19:47,64338.440000,0.060500,0.000000,2026-07-25,,,,,
29750148,2026-07-25T19:48,64338.440000,0.060700,0.000000,2026-07-25,,,,,
29750149,2026-07-25T19:49,64339.150000,-0.399000,0.000000,2026-07-25,83.000000,0.163121,0.959136,64341.110000,64338.730000
29750150,2026-07-25T19:50,64339.150000,-0.399000,0.918271,2026-07-25,,,,,
29750151,2026-07-25T19:51,64339.150000,-0.399000,0.000000,2026-07-25,,,,,
29750152,2026-07-25T19:52,64339.150000,-0.399000,0.000000,2026-07-25,,,,,
29750153,2026-07-25T19:53,64339.150000,-0.399000,0.000000,2026-07-25,,,,,
29750154,2026-07-25T19:54,64339.150000,-0.399000,0.000000,2026-07-25,,,,,
29750155,2026-07-25T19:55,64339.150000,-0.399000,0.000000,2026-07-25,,,,,
29750156,2026-07-25T19:56,64339.150000,-0.410500,0.000000,2026-07-25,,,,,
29750157,2026-07-25T19:57,64342.620000,-0.372800,0.000000,2026-07-25,52.000000,0.626988,0.808021,64350.370000,64342.620000
29750158,2026-07-25T19:58,64342.620000,-0.372800,0.616043,2026-07-25,,,,,
29750159,2026-07-25T19:59,64342.620000,-0.372800,0.000000,2026-07-25,,,,,
29750160,2026-07-25T20:00,64342.620000,-0.372800,0.000000,2026-07-25,,,,,
29750161,2026-07-25T20:01,64342.620000,-0.372800,0.000000,2026-07-25,,,,,
29750162,2026-07-25T20:02,64342.620000,-0.372800,0.000000,2026-07-25,,,,,
29750163,2026-07-25T20:03,64342.620000,-0.372800,0.000000,2026-07-25,,,,,
29750164,2026-07-25T20:04,64342.620000,-0.372800,0.000000,2026-07-25,,,,,
29750165,2026-07-25T20:05,64342.620000,-0.372800,0.000000,2026-07-25,,,,,
29750166,2026-07-25T20:06,64342.620000,-0.372800,0.000000,2026-07-25,,,,,
29750167,2026-07-25T20:07,64342.620000,-0.372800,0.000000,2026-07-25,,,,,
29750168,2026-07-25T20:08,64342.620000,-0.372800,0.000000,2026-07-25,,,,,
29750169,2026-07-25T20:09,64342.620000,-0.372800,0.000000,2026-07-25,,,,,
29750170,2026-07-25T20:10,64342.620000,-0.372800,0.000000,2026-07-25,,,,,
29750171,2026-07-25T20:11,64342.620000,-0.372800,0.000000,2026-07-25,,,,,
29750172,2026-07-25T20:12,64342.620000,-0.372800,0.000000,2026-07-25,,,,,
29750173,2026-07-25T20:13,64342.620000,-0.372800,0.000000,2026-07-25,,,,,
29750174,2026-07-25T20:14,64342.620000,-0.372800,0.000000,2026-07-25,,,,,
29750175,2026-07-25T20:15,64342.620000,-0.372800,0.000000,2026-07-25,,,,,
29750176,2026-07-25T20:16,64342.620000,-0.372800,0.000000,2026-07-25,,,,,
29750177,2026-07-25T20:17,64295.400000,-0.533000,0.000000,2026-07-25,61.000000,0.165050,0.293924,64297.220000,64295.390000
29750178,2026-07-25T20:18,64295.400000,-0.393100,-0.412151,2026-07-25,73.000000,0.838765,0.987059,64297.090000,64295.390000
29750179,2026-07-25T20:19,64295.400000,-0.393100,0.974118,2026-07-25,,,,,
29750180,2026-07-25T20:20,64295.400000,-0.393100,0.000000,2026-07-25,,,,,
29750181,2026-07-25T20:21,64295.400000,-0.393100,0.000000,2026-07-25,,,,,
29750182,2026-07-25T20:22,64295.400000,-0.393100,0.000000,2026-07-25,,,,,
29750183,2026-07-25T20:23,64295.400000,-0.393100,0.000000,2026-07-25,,,,,
29750184,2026-07-25T20:24,64327.350000,0.516100,0.000000,2026-07-25,1927.000000,75.570989,0.385261,64330.030000,64281.470000
29750185,2026-07-25T20:25,64327.350000,0.516100,-0.229478,2026-07-25,,,,,
29750186,2026-07-25T20:26,64327.350000,0.516100,0.000000,2026-07-25,,,,,
29750187,2026-07-25T20:27,64327.350000,0.516100,0.000000,2026-07-25,,,,,
29750188,2026-07-25T20:28,64327.350000,0.516100,0.000000,2026-07-25,,,,,
29750189,2026-07-25T20:29,64327.350000,0.516100,0.000000,2026-07-25,,,,,
29750190,2026-07-25T20:30,64327.350000,0.516100,0.000000,2026-07-25,,,,,
29750191,2026-07-25T20:31,64327.350000,-0.479600,0.000000,2026-07-25,,,,,
29750192,2026-07-25T20:32,64327.350000,-0.479600,0.000000,2026-07-25,,,,,
29750193,2026-07-25T20:33,64327.350000,-0.479600,0.000000,2026-07-25,,,,,
29750194,2026-07-25T20:34,64327.350000,-0.479600,0.000000,2026-07-25,,,,,
29750195,2026-07-25T20:35,64327.350000,-0.479600,0.000000,2026-07-25,,,,,
29750196,2026-07-25T20:36,64327.350000,-0.479600,0.000000,2026-07-25,,,,,
29750197,2026-07-25T20:37,64327.350000,-0.479600,0.000000,2026-07-25,,,,,
29750198,2026-07-25T20:38,64327.350000,-0.479600,0.000000,2026-07-25,,,,,
29750199,2026-07-25T20:39,64327.350000,-0.479600,0.000000,2026-07-25,,,,,
29750200,2026-07-25T20:40,64327.350000,-0.479600,0.000000,2026-07-25,,,,,
29750201,2026-07-25T20:41,64327.350000,-0.479600,0.000000,2026-07-25,,,,,
29750202,2026-07-25T20:42,64327.350000,-0.479600,0.000000,2026-07-25,,,,,
29750203,2026-07-25T20:43,64327.350000,-0.479600,0.000000,2026-07-25,,,,,
29750204,2026-07-25T20:44,64327.350000,-0.479600,0.000000,2026-07-25,,,,,
29750205,2026-07-25T20:45,64327.350000,-0.479600,0.000000,2026-07-25,,,,,
29750206,2026-07-25T20:46,64327.350000,-0.479600,0.000000,2026-07-25,,,,,
29750207,2026-07-25T20:47,64327.350000,-0.479600,0.000000,2026-07-25,,,,,
29750208,2026-07-25T20:48,64327.350000,-0.479600,0.000000,2026-07-25,,,,,
29750209,2026-07-25T20:49,64327.350000,-0.479600,0.000000,2026-07-25,,,,,
29750210,2026-07-25T20:50,64327.350000,-0.479600,0.000000,2026-07-25,,,,,
29750211,2026-07-25T20:51,64327.350000,-0.479600,0.000000,2026-07-25,,,,,
29750212,2026-07-25T20:52,64327.350000,-0.479600,0.000000,2026-07-25,,,,,
29750213,2026-07-25T20:53,64327.350000,-0.479600,0.000000,2026-07-25,,,,,
29750214,2026-07-25T20:54,64327.350000,-0.479600,0.000000,2026-07-25,,,,,
29750215,2026-07-25T20:55,64327.350000,-0.479600,0.000000,2026-07-25,,,,,
29750216,2026-07-25T20:56,64327.350000,-0.479600,0.000000,2026-07-25,,,,,
29750217,2026-07-25T20:57,64327.350000,-0.479600,0.000000,2026-07-25,,,,,
29750218,2026-07-25T20:58,64327.350000,-0.479600,0.000000,2026-07-25,,,,,
29750219,2026-07-25T20:59,64276.930000,-0.459600,0.000000,2026-07-25,283.000000,5.871579,0.866936,64280.340000,64267.680000
29750220,2026-07-25T21:00,64277.540000,-0.138300,0.622095,2026-07-25,62.000000,3.181495,0.707838,64281.920000,64276.940000
29750221,2026-07-25T21:01,64277.540000,-0.138300,0.567837,2026-07-25,,,,,
29750222,2026-07-25T21:02,64277.540000,-0.138300,0.000000,2026-07-25,,,,,
29750223,2026-07-25T21:03,64277.540000,-0.138300,0.000000,2026-07-25,,,,,
29750224,2026-07-25T21:04,64277.540000,-0.138300,0.000000,2026-07-25,,,,,
29750225,2026-07-25T21:05,64277.540000,-0.138300,0.000000,2026-07-25,,,,,
29750226,2026-07-25T21:06,64277.540000,-0.138300,0.000000,2026-07-25,,,,,
29750227,2026-07-25T21:07,64277.540000,-0.138300,0.000000,2026-07-25,,,,,
29750228,2026-07-25T21:08,64277.540000,0.001000,0.000000,2026-07-25,,,,,
29750229,2026-07-25T21:09,64277.540000,0.001000,0.000000,2026-07-25,,,,,
29750230,2026-07-25T21:10,64250.130000,-0.002900,0.000000,2026-07-25,56.000000,0.451798,0.915132,64250.140000,64249.550000
29750231,2026-07-25T21:11,64237.040000,-0.231700,0.830265,2026-07-25,196.000000,2.236814,0.182357,64251.000000,64229.680000
29750232,2026-07-25T21:12,64230.400000,-0.386900,-0.635285,2026-07-25,48.000000,0.292812,0.339096,64237.040000,64230.400000
29750233,2026-07-25T21:13,64230.400000,-0.386900,-0.321808,2026-07-25,,,,,
29750234,2026-07-25T21:14,64230.400000,-0.386900,0.000000,2026-07-25,,,,,
29750235,2026-07-25T21:15,64230.400000,-0.386900,0.000000,2026-07-25,,,,,
29750236,2026-07-25T21:16,64217.010000,0.547400,0.000000,2026-07-25,490.000000,6.782742,0.307205,64232.630000,64204.240000
29750237,2026-07-25T21:17,64217.010000,0.547400,-0.385591,2026-07-25,,,,,
29750238,2026-07-25T21:18,64217.010000,0.547400,0.000000,2026-07-25,,,,,
29750239,2026-07-25T21:19,64217.010000,0.547400,0.000000,2026-07-25,,,,,
29750240,2026-07-25T21:20,64217.010000,0.547400,0.000000,2026-07-25,,,,,
29750241,2026-07-25T21:21,64217.010000,0.547400,0.000000,2026-07-25,,,,,
29750242,2026-07-25T21:22,64217.010000,0.547400,0.000000,2026-07-25,,,,,
29750243,2026-07-25T21:23,64217.010000,0.547400,0.000000,2026-07-25,,,,,
29750244,2026-07-25T21:24,64217.010000,0.547400,0.000000,2026-07-25,,,,,
29750245,2026-07-25T21:25,64217.010000,0.547400,0.000000,2026-07-25,,,,,
29750246,2026-07-25T21:26,64217.010000,0.547400,0.000000,2026-07-25,,,,,
29750247,2026-07-25T21:27,64217.010000,0.547400,0.000000,2026-07-25,,,,,
29750248,2026-07-25T21:28,64217.010000,0.547400,0.000000,2026-07-25,,,,,
29750249,2026-07-25T21:29,64217.010000,0.547400,0.000000,2026-07-25,,,,,
29750250,2026-07-25T21:30,64217.010000,0.547400,0.000000,2026-07-25,,,,,
29750251,2026-07-25T21:31,64217.010000,0.547400,0.000000,2026-07-25,,,,,
29750252,2026-07-25T21:32,64217.010000,0.547400,0.000000,2026-07-25,,,,,
29750253,2026-07-25T21:33,64217.010000,0.547400,0.000000,2026-07-25,,,,,
29750254,2026-07-25T21:34,64217.010000,0.547400,0.000000,2026-07-25,,,,,
29750255,2026-07-25T21:35,64217.010000,0.547400,0.000000,2026-07-25,,,,,
29750256,2026-07-25T21:36,64217.010000,0.547400,0.000000,2026-07-25,,,,,
29750257,2026-07-25T21:37,64217.010000,0.547400,0.000000,2026-07-25,,,,,
29750258,2026-07-25T21:38,64217.010000,0.547400,0.000000,2026-07-25,,,,,
29750259,2026-07-25T21:39,64217.010000,0.547400,0.000000,2026-07-25,,,,,
29750260,2026-07-25T21:40,64217.010000,0.547400,0.000000,2026-07-25,,,,,
29750261,2026-07-25T21:41,64217.010000,0.547400,0.000000,2026-07-25,,,,,
29750262,2026-07-25T21:42,64217.010000,0.547400,0.000000,2026-07-25,,,,,
29750263,2026-07-25T21:43,64217.010000,0.547400,0.000000,2026-07-25,,,,,
29750264,2026-07-25T21:44,64217.010000,0.547400,0.000000,2026-07-25,,,,,
29750265,2026-07-25T21:45,64217.010000,0.547400,0.000000,2026-07-25,,,,,
29750266,2026-07-25T21:46,64217.010000,0.547400,0.000000,2026-07-25,,,,,
29750267,2026-07-25T21:47,64217.010000,0.547400,0.000000,2026-07-25,,,,,
29750268,2026-07-25T21:48,64217.010000,0.547400,0.000000,2026-07-25,,,,,
29750269,2026-07-25T21:49,64217.010000,0.547400,0.000000,2026-07-25,,,,,
29750270,2026-07-25T21:50,64217.010000,0.547400,0.000000,2026-07-25,,,,,
29750271,2026-07-25T21:51,64217.010000,0.547400,0.000000,2026-07-25,,,,,
29750272,2026-07-25T21:52,64217.010000,0.547400,0.000000,2026-07-25,,,,,
29750273,2026-07-25T21:53,64217.010000,0.547400,0.000000,2026-07-25,,,,,
29750274,2026-07-25T21:54,64217.010000,0.547400,0.000000,2026-07-25,,,,,
29750275,2026-07-25T21:55,64217.010000,0.547400,0.000000,2026-07-25,,,,,
29750276,2026-07-25T21:56,64217.010000,0.547400,0.000000,2026-07-25,,,,,
29750277,2026-07-25T21:57,64217.010000,0.547400,0.000000,2026-07-25,,,,,
29750278,2026-07-25T21:58,64217.010000,0.547400,0.000000,2026-07-25,,,,,
29750279,2026-07-25T21:59,64217.010000,0.547400,0.000000,2026-07-25,,,,,
29750280,2026-07-25T22:00,64217.010000,0.547400,0.000000,2026-07-25,,,,,
29750281,2026-07-25T22:01,64217.010000,0.547400,0.000000,2026-07-25,,,,,
29750282,2026-07-25T22:02,64217.010000,0.547400,0.000000,2026-07-25,,,,,
29750283,2026-07-25T22:03,64217.010000,0.547400,0.000000,2026-07-25,,,,,
29750284,2026-07-25T22:04,64217.010000,0.547400,0.000000,2026-07-25,,,,,
29750285,2026-07-25T22:05,64217.010000,0.547400,0.000000,2026-07-25,,,,,
29750286,2026-07-25T22:06,64217.010000,0.547400,0.000000,2026-07-25,,,,,
29750287,2026-07-25T22:07,64217.010000,0.547400,0.000000,2026-07-25,,,,,
29750288,2026-07-25T22:08,64217.010000,0.547400,0.000000,2026-07-25,,,,,
29750289,2026-07-25T22:09,64217.010000,0.547400,0.000000,2026-07-25,,,,,
29750290,2026-07-25T22:10,64217.010000,0.547400,0.000000,2026-07-25,,,,,
29750291,2026-07-25T22:11,64330.370000,-0.152500,0.000000,2026-07-25,82.000000,0.368394,0.184570,64343.910000,64327.150000
29750292,2026-07-25T22:12,64315.540000,-0.403500,-0.630859,2026-07-25,120.000000,1.100807,0.852993,64330.370000,64315.530000
29750293,2026-07-25T22:13,64306.510000,-0.538000,0.710750,2026-07-25,117.000000,0.237031,0.443080,64315.540000,64306.520000
29750294,2026-07-25T22:14,64344.010000,0.253800,-0.205450,2026-07-25,263.000000,7.780478,0.965179,64348.870000,64306.510000
29750295,2026-07-25T22:15,64347.960000,-0.019600,0.930354,2026-07-25,273.000000,0.311656,0.750899,64348.490000,64344.000000
29750296,2026-07-25T22:16,64334.650000,-0.488000,0.514216,2026-07-25,105.000000,2.175975,0.041685,64347.970000,64334.650000
29750297,2026-07-25T22:17,64334.990000,-0.617000,-0.923634,2026-07-25,98.000000,0.253481,0.421410,64335.300000,64334.650000
29750298,2026-07-25T22:18,64362.680000,-0.501800,-0.157125,2026-07-25,142.000000,1.413840,0.977802,64362.700000,64335.000000
29750299,2026-07-25T22:19,64335.260000,-0.541300,0.955605,2026-07-25,147.000000,1.139578,0.128714,64365.990000,64335.270000
29750300,2026-07-25T22:20,64339.990000,-0.440400,-0.742572,2026-07-25,116.000000,0.405180,0.673694,64342.620000,64332.910000
29750301,2026-07-25T22:21,64332.920000,-0.522200,0.347387,2026-07-25,111.000000,0.249120,0.613840,64340.000000,64332.910000
29750302,2026-07-25T22:22,64333.630000,-0.524600,0.227508,2026-07-25,128.000000,0.330302,0.553447,64333.650000,64331.040000
29750303,2026-07-25T22:23,64334.010000,-0.559600,0.066866,2026-07-25,101.000000,0.256608,0.371590,64334.990000,64332.470000
29750304,2026-07-25T22:24,64328.580000,-0.536400,-0.217168,2026-07-25,116.000000,0.495676,0.686232,64334.020000,64327.910000
29750305,2026-07-25T22:25,64336.490000,-0.151400,0.372741,2026-07-25,107.000000,0.117294,0.688223,64336.490000,64328.580000
29750306,2026-07-25T22:26,64337.010000,-0.538000,0.364671,2026-07-25,45.000000,0.372026,0.908797,64337.010000,64336.480000
29750307,2026-07-25T22:27,64318.020000,-0.405800,0.817594,2026-07-25,147.000000,3.092778,0.416694,64338.300000,64318.020000
29750308,2026-07-25T22:28,64320.010000,-0.534100,-0.166572,2026-07-25,123.000000,0.784369,0.834970,64320.370000,64316.010000
29750309,2026-07-25T22:29,64338.990000,-0.453400,0.667850,2026-07-25,254.000000,7.879982,0.993463,64339.980000,64320.000000
29750310,2026-07-25T22:30,64318.010000,-0.434900,0.987167,2026-07-25,247.000000,3.738144,0.471931,64339.980000,64318.000000
29750311,2026-07-25T22:31,64320.400000,-0.390500,-0.056139,2026-07-25,242.000000,2.963694,0.910088,64322.730000,64300.050000
29750312,2026-07-25T22:32,64299.290000,-0.209400,0.642401,2026-07-25,400.000000,5.233981,0.344200,64322.750000,64294.000000
29750313,2026-07-25T22:33,64293.930000,0.064000,-0.266251,2026-07-25,223.000000,1.845229,0.417476,64300.590000,64291.450000
29750314,2026-07-25T22:34,64297.990000,-0.407000,-0.165841,2026-07-25,181.000000,0.540221,0.976867,64299.290000,64293.920000
29750315,2026-07-25T22:35,64306.400000,-0.689700,0.953709,2026-07-25,163.000000,1.144183,0.908325,64306.400000,64297.990000
29750316,2026-07-25T22:36,64310.580000,-0.510000,0.816705,2026-07-25,77.000000,0.237469,0.797983,64310.580000,64306.390000
29750317,2026-07-25T22:37,64334.130000,-0.292700,0.596804,2026-07-25,146.000000,0.814504,0.862160,64334.160000,64310.580000
29750318,2026-07-25T22:38,64343.520000,-0.508600,0.715247,2026-07-25,235.000000,2.051044,0.866682,64346.370000,64332.720000
29750319,2026-07-25T22:39,64341.760000,-0.720600,0.737089,2026-07-25,132.000000,1.868033,0.930381,64343.530000,64339.750000
29750320,2026-07-25T22:40,64326.290000,-0.219200,0.860649,2026-07-25,102.000000,1.426036,0.926816,64341.770000,64324.010000
29750321,2026-07-25T22:41,64319.400000,-0.239300,0.846855,2026-07-25,67.000000,1.078417,0.840411,64326.580000,64318.460000
29750322,2026-07-25T22:42,64319.400000,-0.084200,0.689018,2026-07-25,71.000000,0.465621,0.436049,64321.290000,64319.390000
29750323,2026-07-25T22:43,64321.290000,-0.369000,-0.127903,2026-07-25,90.000000,0.121394,0.916193,64321.290000,64319.390000
29750324,2026-07-25T22:44,64344.010000,-0.431800,0.832385,2026-07-25,217.000000,4.096961,0.883335,64349.890000,64321.280000
29750325,2026-07-25T22:45,64318.270000,-0.300200,0.767144,2026-07-25,193.000000,2.548300,0.082267,64344.010000,64308.470000
29750326,2026-07-25T22:46,64326.540000,-0.493300,-0.841487,2026-07-25,153.000000,0.327101,0.571040,64326.550000,64316.010000
29750327,2026-07-25T22:47,64322.040000,-0.201900,0.142575,2026-07-25,122.000000,0.365777,0.441867,64326.550000,64322.000000
29750328,2026-07-25T22:48,64324.040000,-0.369200,-0.116267,2026-07-25,92.000000,0.151006,0.790475,64324.050000,64322.030000
29750329,2026-07-25T22:49,64348.740000,0.647000,0.580950,2026-07-25,186.000000,5.542463,0.969510,64348.920000,64324.000000
29750330,2026-07-25T22:50,64369.690000,-0.338500,0.939019,2026-07-25,207.000000,0.556293,0.989564,64369.700000,64348.730000
29750331,2026-07-25T22:51,64357.260000,0.814900,0.979128,2026-07-25,136.000000,0.380194,0.264350,64369.700000,64348.660000
29750332,2026-07-25T22:52,64357.990000,-0.446500,-0.466184,2026-07-25,112.000000,0.184960,0.498255,64359.740000,64357.270000
29750333,2026-07-25T22:53,64356.600000,0.720900,-0.006700,2026-07-25,95.000000,0.219538,0.475978,64357.990000,64352.740000
29750334,2026-07-25T22:54,64340.960000,0.155900,-0.051830,2026-07-25,138.000000,0.749385,0.280668,64359.970000,64340.970000
29750335,2026-07-25T22:55,64351.330000,0.603200,-0.433673,2026-07-25,176.000000,0.526646,0.443450,64358.720000,64340.970000
29750336,2026-07-25T22:56,64354.480000,-0.338200,-0.118593,2026-07-25,143.000000,0.337208,0.431761,64355.990000,64351.350000
29750337,2026-07-25T22:57,64350.370000,-0.682100,-0.136478,2026-07-25,79.000000,0.751279,0.157420,64354.480000,64350.360000
29750338,2026-07-25T22:58,64346.790000,-0.367300,-0.684017,2026-07-25,122.000000,0.280216,0.568683,64350.370000,64346.770000
29750339,2026-07-25T22:59,64352.260000,-0.540700,0.136696,2026-07-25,118.000000,0.328162,0.919451,64352.270000,64346.780000
29750340,2026-07-25T23:00,64348.080000,-0.569600,0.839571,2026-07-25,90.000000,0.425859,0.897110,64352.270000,64347.200000
29750341,2026-07-25T23:01,64358.510000,-0.322700,0.793390,2026-07-25,153.000000,0.289200,0.652262,64358.720000,64348.080000
29750342,2026-07-25T23:02,64340.900000,0.402200,0.304700,2026-07-25,160.000000,1.029384,0.131752,64359.050000,64340.640000
29750343,2026-07-25T23:03,64348.460000,0.292900,-0.733142,2026-07-25,151.000000,0.923731,0.327841,64348.960000,64340.890000
29750344,2026-07-25T23:04,64348.680000,0.158900,-0.244668,2026-07-25,243.000000,7.623207,0.065934,64361.630000,64329.690000
29750345,2026-07-25T23:05,64366.460000,-0.158700,-0.886935,2026-07-25,173.000000,0.315374,0.983960,64366.640000,64348.670000
29750346,2026-07-25T23:06,64358.100000,-0.673300,0.970522,2026-07-25,94.000000,0.658094,0.096358,64366.470000,64358.100000
29750347,2026-07-25T23:07,64353.990000,0.284300,-0.823804,2026-07-25,76.000000,1.049084,0.039861,64358.110000,64351.160000
29750348,2026-07-25T23:08,64347.490000,0.007600,-0.920423,2026-07-25,133.000000,0.294164,0.727033,64354.000000,64347.480000
29750349,2026-07-25T23:09,64355.990000,-0.285000,0.454067,2026-07-25,115.000000,0.476475,0.900473,64355.980000,64347.480000
29750350,2026-07-25T23:10,64347.900000,-0.425200,0.800946,2026-07-25,92.000000,0.444905,0.509390,64355.990000,64346.460000
29750351,2026-07-25T23:11,64357.990000,-0.215600,0.024596,2026-07-25,91.000000,0.448176,0.951373,64357.990000,64347.900000
29750352,2026-07-25T23:12,64357.990000,0.513300,0.904070,2026-07-25,41.000000,0.091120,0.587636,64358.000000,64357.990000
29750353,2026-07-25T23:13,64365.060000,-0.405400,0.086741,2026-07-25,70.000000,0.121509,0.515512,64365.060000,64357.990000
29750354,2026-07-25T23:14,64347.040000,0.068900,0.029321,2026-07-25,93.000000,1.446192,0.003729,64365.050000,64347.040000
29750355,2026-07-25T23:15,64359.120000,-0.461500,-0.992541,2026-07-25,111.000000,0.900939,0.904516,64359.120000,64347.050000
29750356,2026-07-25T23:16,64358.040000,-0.445700,0.809032,2026-07-25,34.000000,0.075087,0.027027,64359.120000,64358.030000
29750357,2026-07-25T23:17,64354.420000,-0.270400,-0.946230,2026-07-25,37.000000,0.190496,0.242649,64358.040000,64354.400000
29750358,2026-07-25T23:18,64354.420000,-0.270400,-0.513691,2026-07-25,,,,,
29750359,2026-07-25T23:19,64354.420000,-0.270400,0.000000,2026-07-25,,,,,
29750360,2026-07-25T23:20,64354.420000,-0.270400,0.000000,2026-07-25,,,,,
29750361,2026-07-25T23:21,64354.420000,-0.270400,0.000000,2026-07-25,,,,,
29750362,2026-07-25T23:22,64354.420000,-0.270400,0.000000,2026-07-25,,,,,
29750363,2026-07-25T23:23,64354.420000,-0.270400,0.000000,2026-07-25,,,,,
29750364,2026-07-25T23:24,64354.420000,-0.270400,0.000000,2026-07-25,,,,,
29750365,2026-07-25T23:25,64354.420000,-0.270400,0.000000,2026-07-25,,,,,
29750366,2026-07-25T23:26,64354.420000,-0.270400,0.000000,2026-07-25,,,,,
29750367,2026-07-25T23:27,64354.420000,-0.270400,0.000000,2026-07-25,,,,,
29750368,2026-07-25T23:28,64354.420000,-0.270400,0.000000,2026-07-25,,,,,
29750369,2026-07-25T23:29,64354.420000,-0.270400,0.000000,2026-07-25,,,,,
29750370,2026-07-25T23:30,64354.420000,-0.270400,0.000000,2026-07-25,,,,,
29750371,2026-07-25T23:31,64354.420000,-0.270400,0.000000,2026-07-25,,,,,
29750372,2026-07-25T23:32,64354.420000,-0.270400,0.000000,2026-07-25,,,,,
29750373,2026-07-25T23:33,64354.420000,-0.270400,0.000000,2026-07-25,,,,,
29750374,2026-07-25T23:34,64354.420000,-0.284400,0.000000,2026-07-25,,,,,
29750375,2026-07-25T23:35,64354.420000,-0.284400,0.000000,2026-07-25,,,,,
29750376,2026-07-25T23:36,64354.420000,-0.284400,0.000000,2026-07-25,,,,,
29750377,2026-07-25T23:37,64354.420000,-0.284400,0.000000,2026-07-25,,,,,
29750378,2026-07-25T23:38,64354.420000,-0.284400,0.000000,2026-07-25,,,,,
29750379,2026-07-25T23:39,64354.420000,-0.284400,0.000000,2026-07-25,,,,,
29750380,2026-07-25T23:40,64354.420000,-0.284400,0.000000,2026-07-25,,,,,
29750381,2026-07-25T23:41,64354.420000,-0.284400,0.000000,2026-07-25,,,,,
29750382,2026-07-25T23:42,64354.420000,-0.284400,0.000000,2026-07-25,,,,,
29750383,2026-07-25T23:43,64354.420000,-0.284400,0.000000,2026-07-25,,,,,
29750384,2026-07-25T23:44,64354.420000,-0.284400,0.000000,2026-07-25,,,,,
29750385,2026-07-25T23:45,64354.420000,-0.284400,0.000000,2026-07-25,,,,,
29750386,2026-07-25T23:46,64354.420000,-0.284400,0.000000,2026-07-25,,,,,
29750387,2026-07-25T23:47,64354.420000,-0.284400,0.000000,2026-07-25,,,,,
29750388,2026-07-25T23:48,64354.420000,-0.284400,0.000000,2026-07-25,,,,,
29750389,2026-07-25T23:49,64354.420000,-0.284400,0.000000,2026-07-25,,,,,
29750390,2026-07-25T23:50,64354.420000,-0.284400,0.000000,2026-07-25,,,,,
29750391,2026-07-25T23:51,64354.420000,-0.284400,0.000000,2026-07-25,,,,,
29750392,2026-07-25T23:52,64331.680000,-0.560800,0.000000,2026-07-25,85.000000,1.443073,0.044955,64334.880000,64325.250000
29750393,2026-07-25T23:53,64312.040000,-0.033400,-0.921034,2026-07-25,63.000000,0.328504,0.130653,64325.250000,64312.030000
29750394,2026-07-25T23:54,64312.040000,-0.033400,-0.332005,2026-07-25,,,,,
29750395,2026-07-25T23:55,64312.040000,-0.033400,0.000000,2026-07-25,,,,,
29750396,2026-07-25T23:56,64312.040000,-0.033400,0.000000,2026-07-25,,,,,
29750397,2026-07-25T23:57,64312.040000,-0.033400,0.000000,2026-07-25,,,,,
29750398,2026-07-25T23:58,64312.040000,-0.033400,0.000000,2026-07-25,,,,,
29750399,2026-07-25T23:59,64312.040000,-0.033400,0.000000,2026-07-25,,,,,
29750400,2026-07-26T00:00,64312.040000,-0.033400,0.000000,2026-07-25,,,,,
29750401,2026-07-26T00:01,64312.040000,-0.033400,0.000000,2026-07-25,,,,,
29750402,2026-07-26T00:02,64312.040000,-0.033400,0.000000,2026-07-25,,,,,
29750403,2026-07-26T00:03,64312.040000,-0.033400,0.000000,2026-07-25,,,,,
29750404,2026-07-26T00:04,64312.040000,-0.033400,0.000000,2026-07-25,,,,,
29750405,2026-07-26T00:05,64312.040000,-0.033400,0.000000,2026-07-25,,,,,
29750406,2026-07-26T00:06,64312.040000,-0.033400,0.000000,2026-07-25,,,,,
29750407,2026-07-26T00:07,64312.040000,-0.033400,0.000000,2026-07-25,,,,,
29750408,2026-07-26T00:08,64312.040000,-0.033400,0.000000,2026-07-25,,,,,
29750409,2026-07-26T00:09,64312.040000,-0.033400,0.000000,2026-07-25,,,,,
29750410,2026-07-26T00:10,64350.370000,-0.405900,0.000000,2026-07-25,2.000000,0.001039,0.999990,64350.370000,64350.360000
29750411,2026-07-26T00:11,64350.370000,-0.405900,0.999981,2026-07-25,,,,,
29750412,2026-07-26T00:12,64350.370000,-0.405900,0.000000,2026-07-25,,,,,
29750413,2026-07-26T00:13,64350.370000,-0.405900,0.000000,2026-07-25,,,,,
29750414,2026-07-26T00:14,64350.370000,-0.405900,0.000000,2026-07-25,,,,,
29750415,2026-07-26T00:15,64350.370000,-0.405900,0.000000,2026-07-25,,,,,
29750416,2026-07-26T00:16,64350.370000,-0.405900,0.000000,2026-07-25,,,,,
29750417,2026-07-26T00:17,64350.370000,-0.405900,0.000000,2026-07-25,,,,,
29750418,2026-07-26T00:18,64350.370000,-0.405900,0.000000,2026-07-25,,,,,
29750419,2026-07-26T00:19,64350.370000,-0.405900,0.000000,2026-07-25,,,,,
29750420,2026-07-26T00:20,64350.370000,-0.405900,0.000000,2026-07-25,,,,,
29750421,2026-07-26T00:21,64350.370000,-0.405900,0.000000,2026-07-25,,,,,
29750422,2026-07-26T00:22,64350.370000,-0.405900,0.000000,2026-07-25,,,,,
29750423,2026-07-26T00:23,64350.370000,-0.405900,0.000000,2026-07-25,,,,,
29750424,2026-07-26T00:24,64350.370000,-0.405900,0.000000,2026-07-25,,,,,
29750425,2026-07-26T00:25,64350.370000,-0.405900,0.000000,2026-07-25,,,,,
29750426,2026-07-26T00:26,64350.370000,-0.415800,0.000000,2026-07-25,,,,,
29750427,2026-07-26T00:27,64408.100000,0.541900,0.000000,2026-07-25,13.000000,0.104231,0.999998,64408.090000,64404.530000
29750428,2026-07-26T00:28,64408.100000,0.541900,0.999995,2026-07-25,,,,,
29750429,2026-07-26T00:29,64408.100000,0.541900,0.000000,2026-07-25,,,,,
29750430,2026-07-26T00:30,64408.100000,0.541900,0.000000,2026-07-25,,,,,
29750431,2026-07-26T00:31,64408.100000,0.541900,0.000000,2026-07-25,,,,,
29750432,2026-07-26T00:32,64408.100000,0.541900,0.000000,2026-07-25,,,,,
29750433,2026-07-26T00:33,64408.100000,0.541900,0.000000,2026-07-25,,,,,
29750434,2026-07-26T00:34,64408.100000,0.541900,0.000000,2026-07-25,,,,,
29750435,2026-07-26T00:35,64408.100000,0.541900,0.000000,2026-07-25,,,,,
29750436,2026-07-26T00:36,64408.100000,0.541900,0.000000,2026-07-25,,,,,
29750437,2026-07-26T00:37,64408.100000,0.541900,0.000000,2026-07-25,,,,,
29750438,2026-07-26T00:38,64408.100000,0.541900,0.000000,2026-07-25,,,,,
29750439,2026-07-26T00:39,64408.100000,0.541900,0.000000,2026-07-25,,,,,
29750440,2026-07-26T00:40,64408.100000,0.541900,0.000000,2026-07-25,,,,,
29750441,2026-07-26T00:41,64354.690000,0.227900,-1.000000,2026-07-25,87.000000,0.559876,0.865996,64354.700000,64354.690000
29750442,2026-07-26T00:42,64354.690000,0.227900,0.732039,2026-07-25,,,,,
29750443,2026-07-26T00:43,64354.690000,0.227900,0.000000,2026-07-25,,,,,
29750444,2026-07-26T00:44,64354.690000,0.227900,0.000000,2026-07-25,,,,,
29750445,2026-07-26T00:45,64354.690000,0.227900,0.000000,2026-07-25,,,,,
29750446,2026-07-26T00:46,64354.690000,0.227900,0.000000,2026-07-25,,,,,
29750447,2026-07-26T00:47,64354.690000,0.227900,0.000000,2026-07-25,,,,,
29750448,2026-07-26T00:48,64354.690000,0.227900,0.000000,2026-07-25,,,,,
29750449,2026-07-26T00:49,64359.740000,-0.096800,0.000000,2026-07-25,1167.000000,7.813956,0.243178,64374.000000,64339.860000
29750450,2026-07-26T00:50,64359.740000,-0.096800,-0.513645,2026-07-25,,,,,
29750451,2026-07-26T00:51,64359.740000,-0.096800,0.000000,2026-07-25,,,,,
29750452,2026-07-26T00:52,64359.740000,-0.096800,0.000000,2026-07-25,,,,,
29750453,2026-07-26T00:53,64359.740000,-0.096800,0.000000,2026-07-25,,,,,
29750454,2026-07-26T00:54,64359.740000,-0.096800,0.000000,2026-07-25,,,,,
29750455,2026-07-26T00:55,64359.740000,-0.096800,0.000000,2026-07-25,,,,,
29750456,2026-07-26T00:56,64359.740000,-0.096800,0.000000,2026-07-25,,,,,
29750457,2026-07-26T00:57,64359.740000,-0.096800,0.000000,2026-07-25,,,,,
29750458,2026-07-26T00:58,64359.740000,-0.096800,0.000000,2026-07-25,,,,,
29750459,2026-07-26T00:59,64359.740000,-0.096800,0.000000,2026-07-25,,,,,
29750460,2026-07-26T01:00,64359.740000,-0.096800,0.000000,2026-07-25,,,,,
29750461,2026-07-26T01:01,64359.740000,-0.096800,0.000000,2026-07-25,,,,,
29750462,2026-07-26T01:02,64359.740000,-0.096800,0.000000,2026-07-25,,,,,
29750463,2026-07-26T01:03,64359.740000,-0.096800,0.000000,2026-07-25,,,,,
29750464,2026-07-26T01:04,64359.740000,-0.096800,0.000000,2026-07-25,,,,,
29750465,2026-07-26T01:05,64359.740000,-0.096800,0.000000,2026-07-25,,,,,
29750466,2026-07-26T01:06,64359.740000,-0.096800,0.000000,2026-07-25,,,,,
29750467,2026-07-26T01:07,64359.740000,-0.096800,0.000000,2026-07-25,,,,,
29750468,2026-07-26T01:08,64359.740000,-0.096800,0.000000,2026-07-25,,,,,
29750469,2026-07-26T01:09,64359.740000,-0.096800,0.000000,2026-07-25,,,,,
29750470,2026-07-26T01:10,64359.740000,-0.096800,0.000000,2026-07-25,,,,,
29750471,2026-07-26T01:11,64359.740000,-0.096800,0.000000,2026-07-25,,,,,
29750472,2026-07-26T01:12,64359.740000,-0.096800,0.000000,2026-07-25,,,,,
29750473,2026-07-26T01:13,64359.740000,-0.096800,0.000000,2026-07-25,,,,,
29750474,2026-07-26T01:14,64359.740000,-0.096800,0.000000,2026-07-25,,,,,
29750475,2026-07-26T01:15,64359.740000,-0.096800,0.000000,2026-07-25,,,,,
29750476,2026-07-26T01:16,64359.740000,-0.096800,0.000000,2026-07-25,,,,,
29750477,2026-07-26T01:17,64359.740000,-0.096800,0.000000,2026-07-25,,,,,
29750478,2026-07-26T01:18,64426.020000,0.106600,0.000000,2026-07-25,26.000000,0.070451,0.189119,64428.040000,64426.010000
29750479,2026-07-26T01:19,64429.510000,-0.147600,-0.621762,2026-07-25,75.000000,0.719081,0.907915,64429.520000,64424.000000
29750480,2026-07-26T01:20,64429.510000,-0.147600,0.815830,2026-07-25,,,,,
29750481,2026-07-26T01:21,64429.510000,-0.147600,0.000000,2026-07-25,,,,,
29750482,2026-07-26T01:22,64419.990000,-0.371800,0.000000,2026-07-25,48.000000,0.057936,0.315087,64420.000000,64419.990000
29750483,2026-07-26T01:23,64415.490000,-0.015100,-0.369828,2026-07-25,60.000000,0.192827,0.135269,64420.000000,64415.490000
29750484,2026-07-26T01:24,64415.490000,-0.015100,-0.729462,2026-07-25,,,,,
29750485,2026-07-26T01:25,64415.490000,-0.015100,0.000000,2026-07-25,,,,,
29750486,2026-07-26T01:26,64415.490000,-0.015100,0.000000,2026-07-25,,,,,
29750487,2026-07-26T01:27,64415.490000,-0.015100,0.000000,2026-07-25,,,,,
29750488,2026-07-26T01:28,64415.490000,-0.015100,0.000000,2026-07-25,,,,,
29750489,2026-07-26T01:29,64415.490000,-0.015100,0.000000,2026-07-25,,,,,
29750490,2026-07-26T01:30,64415.490000,-0.015100,0.000000,2026-07-25,,,,,
29750491,2026-07-26T01:31,64415.490000,-0.015100,0.000000,2026-07-25,,,,,
29750492,2026-07-26T01:32,64415.490000,-0.015100,0.000000,2026-07-25,,,,,
29750493,2026-07-26T01:33,64415.490000,-0.015100,0.000000,2026-07-25,,,,,
29750494,2026-07-26T01:34,64415.490000,-0.015100,0.000000,2026-07-25,,,,,
29750495,2026-07-26T01:35,64415.490000,-0.015100,0.000000,2026-07-25,,,,,
29750496,2026-07-26T01:36,64415.490000,-0.015100,0.000000,2026-07-25,,,,,
29750497,2026-07-26T01:37,64415.490000,-0.015100,0.000000,2026-07-25,,,,,
29750498,2026-07-26T01:38,64415.490000,-0.015100,0.000000,2026-07-25,,,,,
29750499,2026-07-26T01:39,64415.490000,-0.015100,0.000000,2026-07-25,,,,,
29750500,2026-07-26T01:40,64415.490000,-0.015100,0.000000,2026-07-25,,,,,
29750501,2026-07-26T01:41,64415.490000,-0.015100,0.000000,2026-07-25,,,,,
29750502,2026-07-26T01:42,64415.490000,-0.015100,0.000000,2026-07-25,,,,,
29750503,2026-07-26T01:43,64415.490000,-0.015100,0.000000,2026-07-25,,,,,
29750504,2026-07-26T01:44,64415.490000,-0.015100,0.000000,2026-07-25,,,,,
29750505,2026-07-26T01:45,64415.490000,-0.015100,0.000000,2026-07-25,,,,,
29750506,2026-07-26T01:46,64415.490000,-0.015100,0.000000,2026-07-25,,,,,
29750507,2026-07-26T01:47,64415.490000,-0.015100,0.000000,2026-07-25,,,,,
29750508,2026-07-26T01:48,64411.630000,0.037200,0.000000,2026-07-25,45.000000,0.214668,0.017943,64412.930000,64411.480000
29750509,2026-07-26T01:49,64411.630000,0.037200,-0.964114,2026-07-25,,,,,
29750510,2026-07-26T01:50,64411.630000,0.037200,0.000000,2026-07-25,,,,,
29750511,2026-07-26T01:51,64411.630000,0.037200,0.000000,2026-07-25,,,,,
29750512,2026-07-26T01:52,64411.630000,0.037200,0.000000,2026-07-25,,,,,
29750513,2026-07-26T01:53,64411.630000,0.037200,0.000000,2026-07-25,,,,,
29750514,2026-07-26T01:54,64411.630000,0.037200,0.000000,2026-07-25,,,,,
29750515,2026-07-26T01:55,64411.630000,0.037200,0.000000,2026-07-25,,,,,
29750516,2026-07-26T01:56,64411.630000,0.037200,0.000000,2026-07-25,,,,,
29750517,2026-07-26T01:57,64411.630000,0.037200,0.000000,2026-07-25,,,,,
29750518,2026-07-26T01:58,64411.630000,0.037200,0.000000,2026-07-25,,,,,
29750519,2026-07-26T01:59,64411.630000,0.037200,0.000000,2026-07-25,,,,,
29750520,2026-07-26T02:00,64411.630000,0.037200,0.000000,2026-07-25,,,,,
29750521,2026-07-26T02:01,64411.630000,0.037200,0.000000,2026-07-25,,,,,
29750522,2026-07-26T02:02,64411.630000,0.037200,0.000000,2026-07-25,,,,,
29750523,2026-07-26T02:03,64411.630000,0.037200,0.000000,2026-07-25,,,,,
29750524,2026-07-26T02:04,64395.960000,-0.081500,0.000000,2026-07-25,66.000000,0.090834,0.331537,64395.960000,64395.950000
29750525,2026-07-26T02:05,64392.930000,-0.632400,-0.332058,2026-07-25,35.000000,0.261779,0.006286,64395.960000,64391.640000
29750526,2026-07-26T02:06,64392.930000,-0.632400,-0.990114,2026-07-25,,,,,
29750527,2026-07-26T02:07,64392.930000,-0.632400,0.000000,2026-07-25,,,,,
29750528,2026-07-26T02:08,64389.070000,-0.778000,0.000000,2026-07-25,,,,,
29750529,2026-07-26T02:09,64379.990000,0.597900,0.000000,2026-07-25,8.000000,0.000670,0.365581,64379.990000,64379.980000
29750530,2026-07-26T02:10,64392.930000,0.058700,0.193211,2026-07-25,100.000000,0.128406,0.873779,64392.930000,64379.980000
29750531,2026-07-26T02:11,64392.930000,0.058700,0.746802,2026-07-25,,,,,
29750532,2026-07-26T02:12,64392.930000,0.058700,0.000000,2026-07-25,,,,,
29750533,2026-07-26T02:13,64392.930000,0.058700,0.000000,2026-07-25,,,,,
29750534,2026-07-26T02:14,64392.930000,0.058700,0.000000,2026-07-25,,,,,
29750535,2026-07-26T02:15,64392.930000,0.415200,0.000000,2026-07-25,,,,,
29750536,2026-07-26T02:16,64413.900000,-0.291700,0.000000,2026-07-25,599.000000,2.771881,0.119762,64419.950000,64392.920000
29750537,2026-07-26T02:17,64416.790000,-0.378100,-0.759355,2026-07-25,131.000000,0.300398,0.562991,64419.870000,64413.890000
29750538,2026-07-26T02:18,64416.790000,-0.599300,0.126206,2026-07-25,112.000000,0.155637,0.739030,64416.800000,64416.790000
29750539,2026-07-26T02:19,64403.350000,0.423100,0.471802,2026-07-25,110.000000,0.275311,0.482049,64416.800000,64403.340000
29750540,2026-07-26T02:20,64390.010000,-0.419200,-0.035902,2026-07-25,110.000000,0.265633,0.284729,64403.350000,64390.010000
29750541,2026-07-26T02:21,64411.740000,-0.218400,-0.426048,2026-07-25,169.000000,0.347381,0.792492,64411.740000,64390.010000
29750542,2026-07-26T02:22,64417.650000,-0.083500,0.136024,2026-07-25,157.000000,0.379407,0.516315,64418.950000,64411.740000
29750543,2026-07-26T02:23,64392.930000,-0.617500,0.613900,2026-07-25,159.000000,1.523527,0.091316,64417.660000,64392.930000
29750544,2026-07-26T02:24,64384.240000,-0.427200,-0.816569,2026-07-25,125.000000,0.260925,0.405105,64392.940000,64384.230000
29750545,2026-07-26T02:25,64388.080000,-0.435100,-0.190238,2026-07-25,166.000000,1.041586,0.852005,64388.090000,64381.320000
29750546,2026-07-26T02:26,64388.260000,-0.490100,0.703870,2026-07-25,121.000000,0.381896,0.851984,64388.270000,64388.080000
29750547,2026-07-26T02:27,64409.990000,0.031700,0.731119,2026-07-25,231.000000,0.591082,0.524966,64416.150000,64388.260000
29750548,2026-07-26T02:28,64416.580000,0.293900,-0.016536,2026-07-25,157.000000,0.448786,0.276815,64416.590000,64406.010000
29750549,2026-07-26T02:29,64419.070000,0.143700,-0.446371,2026-07-25,123.000000,0.092963,0.340444,64419.080000,64416.580000
29750550,2026-07-26T02:30,64424.990000,-0.606400,-0.308749,2026-07-25,148.000000,0.591977,0.145365,64425.000000,64419.070000
29750551,2026-07-26T02:31,64396.810000,-0.353300,-0.698441,2026-07-25,142.000000,0.293125,0.421928,64425.000000,64396.800000
29750552,2026-07-26T02:32,64385.490000,-0.103600,-0.174150,2026-07-25,161.000000,0.331362,0.541975,64396.810000,64381.350000
29750553,2026-07-26T02:33,64368.040000,-0.246600,0.086663,2026-07-25,140.000000,2.594036,0.024698,64385.500000,64368.030000
29750554,2026-07-26T02:34,64383.990000,-0.528600,-0.949805,2026-07-25,109.000000,0.412785,0.961967,64384.000000,64368.030000
29750555,2026-07-26T02:35,64370.830000,-0.570200,0.923551,2026-07-25,115.000000,0.304484,0.202558,64383.990000,64370.830000
29750556,2026-07-26T02:36,64380.930000,-0.538400,-0.594871,2026-07-25,144.000000,1.266005,0.978256,64382.500000,64369.540000
29750557,2026-07-26T02:37,64387.980000,-0.546200,0.956512,2026-07-25,117.000000,0.102927,0.619876,64387.980000,64385.180000
29750558,2026-07-26T02:38,64384.740000,-0.419200,0.239753,2026-07-25,100.000000,1.781859,0.070724,64387.980000,64378.000000
29750559,2026-07-26T02:39,64384.740000,-0.404500,-0.857675,2026-07-25,107.000000,1.216265,0.992248,64387.490000,64384.740000
29750560,2026-07-26T02:40,64382.120000,-0.453000,0.984523,2026-07-25,109.000000,0.271009,0.610333,64384.750000,64380.890000
29750561,2026-07-26T02:41,64378.740000,-0.504500,0.212331,2026-07-25,128.000000,0.599573,0.289900,64382.700000,64374.820000
29750562,2026-07-26T02:42,64379.880000,-0.357400,-0.418739,2026-07-25,107.000000,0.206180,0.665903,64381.170000,64378.740000
29750563,2026-07-26T02:43,64379.870000,-0.253000,0.335045,2026-07-25,92.000000,0.114642,0.740948,64379.880000,64378.580000
29750564,2026-07-26T02:44,64381.310000,-0.537300,0.489829,2026-07-25,91.000000,0.078492,0.820851,64381.310000,64379.870000
29750565,2026-07-26T02:45,64381.310000,-0.645900,0.626650,2026-07-25,90.000000,0.186732,0.753862,64381.310000,64381.300000
29750566,2026-07-26T02:46,64379.990000,-0.531400,0.508127,2026-07-25,100.000000,0.289269,0.115201,64381.310000,64379.310000
29750567,2026-07-26T02:47,64380.740000,0.152000,-0.769597,2026-07-25,130.000000,0.147591,0.406708,64381.290000,64379.990000
29750568,2026-07-26T02:48,64407.380000,0.042000,0.766752,2026-07-25,216.000000,1.153072,0.874999,64407.390000,64380.730000
29750569,2026-07-26T02:49,64410.260000,-0.207100,0.334368,2026-07-25,274.000000,3.814520,0.381839,64418.810000,64400.230000
29750570,2026-07-26T02:50,64439.990000,0.185800,-0.235994,2026-07-25,195.000000,0.187965,0.656145,64440.000000,64410.250000
29750571,2026-07-26T02:51,64445.100000,-0.640800,0.312291,2026-07-25,172.000000,0.366870,0.522261,64447.990000,64439.990000
29750572,2026-07-26T02:52,64458.710000,-0.639300,0.044963,2026-07-25,168.000000,1.155915,0.986003,64458.710000,64445.090000
29750573,2026-07-26T02:53,64447.380000,0.049700,0.972003,2026-07-25,111.000000,0.897794,0.108837,64458.700000,64447.370000
29750574,2026-07-26T02:54,64464.870000,-0.494400,-0.782325,2026-07-25,174.000000,0.221267,0.769907,64464.870000,64447.380000
29750575,2026-07-26T02:55,64455.460000,-0.497500,0.539814,2026-07-25,68.000000,0.183762,0.129896,64464.860000,64455.460000
29750576,2026-07-26T02:56,64466.430000,-0.088100,-0.740208,2026-07-25,251.000000,2.703457,0.918255,64466.450000,64450.980000
29750577,2026-07-26T02:57,64460.820000,-0.170900,0.836527,2026-07-25,95.000000,0.152293,0.200357,64466.440000,64460.820000
29750578,2026-07-26T02:58,64465.120000,-0.554500,-0.596199,2026-07-25,111.000000,0.243009,0.574175,64465.130000,64460.010000
29750579,2026-07-26T02:59,64460.900000,-0.467200,0.146320,2026-07-25,117.000000,0.331247,0.470637,64465.130000,64457.960000
29750580,2026-07-26T03:00,64481.290000,-0.290700,0.056710,2026-07-25,274.000000,1.647685,0.428878,64481.300000,64460.900000
29750581,2026-07-26T03:01,64460.350000,-0.617300,-0.171054,2026-07-25,174.000000,1.608604,0.539756,64481.290000,64460.340000
29750582,2026-07-26T03:02,64441.070000,-0.260600,-0.037419,2026-07-25,144.000000,0.478495,0.093345,64460.340000,64441.060000
29750583,2026-07-26T03:03,64439.380000,-0.327100,-0.683175,2026-07-25,130.000000,0.212993,0.386151,64441.070000,64434.540000
29750584,2026-07-26T03:04,64439.400000,-0.379400,-0.232022,2026-07-25,163.000000,0.461483,0.522918,64447.100000,64435.730000
29750585,2026-07-26T03:05,64431.260000,-0.141100,0.183946,2026-07-25,151.000000,0.415883,0.575293,64439.410000,64426.800000
29750586,2026-07-26T03:06,64431.260000,-0.544900,-0.039469,2026-07-25,127.000000,0.096517,0.359687,64439.030000,64431.260000
29750587,2026-07-26T03:07,64431.260000,-0.745800,-0.252579,2026-07-25,85.000000,0.095071,0.914921,64431.280000,64431.260000
29750588,2026-07-26T03:08,64436.940000,-0.222800,0.824461,2026-07-25,112.000000,0.411955,0.863493,64436.950000,64431.260000
29750589,2026-07-26T03:09,64450.320000,0.746600,0.726630,2026-07-25,457.000000,55.462751,0.225931,64458.050000,64424.010000
29750590,2026-07-26T03:10,64437.480000,0.025500,-0.550558,2026-07-25,299.000000,0.609463,0.119416,64450.320000,64436.610000
29750591,2026-07-26T03:11,64450.580000,0.269900,-0.531738,2026-07-25,167.000000,0.265939,0.821485,64451.870000,64436.610000
29750592,2026-07-26T03:12,64483.740000,0.443100,0.642972,2026-07-25,186.000000,0.552901,0.874997,64483.740000,64450.000000
29750593,2026-07-26T03:13,64511.350000,0.079200,0.740230,2026-07-25,306.000000,10.950700,0.865841,64515.690000,64483.740000
29750594,2026-07-26T03:14,64517.710000,-0.424000,0.732243,2026-07-25,307.000000,2.678626,0.883873,64524.500000,64505.160000
29750595,2026-07-26T03:15,64484.990000,0.205800,0.765616,2026-07-25,264.000000,4.032528,0.297568,64517.710000,64470.830000
29750596,2026-07-26T03:16,64487.990000,0.468800,-0.339187,2026-07-25,259.000000,10.587501,0.775016,64492.990000,64475.000000
29750597,2026-07-26T03:17,64488.760000,-0.395000,0.542739,2026-07-25,112.000000,0.296164,0.218948,64492.000000,64488.200000
29750598,2026-07-26T03:18,64481.990000,-0.555800,-0.727006,2026-07-25,117.000000,0.237200,0.441398,64488.770000,64477.170000
29750599,2026-07-26T03:19,64482.070000,-0.547100,-0.004311,2026-07-25,106.000000,0.231139,0.808823,64482.080000,64478.200000
29750600,2026-07-26T03:20,64495.990000,-0.083900,0.617354,2026-07-25,158.000000,0.692932,0.871544,64496.000000,64482.070000
29750601,2026-07-26T03:21,64489.990000,-0.031000,0.743238,2026-07-25,119.000000,0.327139,0.296160,64496.000000,64489.990000
29750602,2026-07-26T03:22,64499.680000,0.469200,-0.410024,2026-07-25,189.000000,0.778097,0.994397,64499.680000,64490.000000
29750603,2026-07-26T03:23,64495.570000,-0.158800,0.988801,2026-07-25,93.000000,0.330952,0.729376,64499.680000,64494.000000
29750604,2026-07-26T03:24,64494.010000,-0.664800,0.457651,2026-07-25,68.000000,0.166203,0.808097,64495.570000,64494.010000
29750605,2026-07-26T03:25,64494.010000,-0.573400,0.617746,2026-07-25,120.000000,0.544710,0.919840,64494.020000,64494.010000
29750606,2026-07-26T03:26,64489.990000,-0.590300,0.839742,2026-07-25,151.000000,2.272438,0.417661,64495.570000,64489.990000
29750607,2026-07-26T03:27,64480.320000,-0.303400,-0.164900,2026-07-25,123.000000,0.690290,0.115232,64490.000000,64479.030000
29750608,2026-07-26T03:28,64473.990000,-0.183600,-0.760775,2026-07-25,118.000000,1.071913,0.215804,64480.330000,64467.810000
29750609,2026-07-26T03:29,64495.570000,-0.016200,-0.573960,2026-07-25,302.000000,2.770432,0.780900,64495.570000,64468.030000
29750610,2026-07-26T03:30,64484.520000,-0.228800,0.561889,2026-07-25,118.000000,0.348909,0.147284,64495.570000,64484.520000
29750611,2026-07-26T03:31,64485.770000,-0.416900,-0.708205,2026-07-25,130.000000,1.001101,0.503893,64485.820000,64484.520000
29750612,2026-07-26T03:32,64491.330000,0.234500,0.008165,2026-07-25,98.000000,0.349642,0.945320,64491.340000,64485.770000
29750613,2026-07-26T03:33,64509.020000,0.331200,0.866532,2026-07-25,186.000000,2.124829,0.990887,64509.030000,64491.330000
29750614,2026-07-26T03:34,64513.990000,0.216400,0.953027,2026-07-25,162.000000,0.280007,0.685598,64513.990000,64503.270000
29750615,2026-07-26T03:35,64512.400000,-0.280300,0.567914,2026-07-25,153.000000,1.233495,0.954449,64513.990000,64503.270000
29750616,2026-07-26T03:36,64512.010000,0.083400,0.909866,2026-07-25,108.000000,0.463242,0.224730,64515.970000,64512.000000
29750617,2026-07-26T03:37,64512.010000,0.203300,-0.539247,2026-07-25,85.000000,0.103751,0.446009,64512.010000,64512.000000
29750618,2026-07-26T03:38,64512.010000,-0.008000,-0.108947,2026-07-25,71.000000,0.246664,0.596218,64512.010000,64512.000000
29750619,2026-07-26T03:39,64521.290000,0.232600,0.180220,2026-07-25,171.000000,1.883334,0.998987,64521.300000,64512.000000
29750620,2026-07-26T03:40,64505.170000,0.036000,0.997975,2026-07-25,261.000000,8.242095,0.492203,64521.300000,64505.070000
29750621,2026-07-26T03:41,64507.120000,-0.246400,-0.015649,2026-07-25,145.000000,0.783236,0.204086,64507.240000,64500.710000
29750622,2026-07-26T03:42,64508.020000,-0.296200,-0.592380,2026-07-25,99.000000,0.086474,0.456728,64508.030000,64507.120000
29750623,2026-07-26T03:43,64496.570000,-0.277000,-0.080334,2026-07-25,160.000000,2.279777,0.066432,64508.030000,64487.910000
29750624,2026-07-26T03:44,64481.940000,-0.290600,-0.868040,2026-07-25,88.000000,0.336847,0.267433,64496.570000,64481.950000
29750625,2026-07-26T03:45,64497.980000,-0.006600,-0.451145,2026-07-25,150.000000,0.317475,0.931588,64497.980000,64481.940000
29750626,2026-07-26T03:46,64489.690000,0.395000,0.863338,2026-07-25,107.000000,0.581810,0.109629,64499.240000,64489.680000
29750627,2026-07-26T03:47,64489.690000,-0.330700,-0.780741,2026-07-25,200.000000,0.491699,0.097662,64489.700000,64484.030000
29750628,2026-07-26T03:48,64481.940000,-0.294200,-0.804126,2026-07-25,181.000000,0.154110,0.759030,64485.990000,64481.940000
29750629,2026-07-26T03:49,64481.380000,-0.110100,0.517592,2026-07-25,105.000000,0.232455,0.461112,64481.950000,64478.170000
29750630,2026-07-26T03:50,64480.120000,0.260700,-0.077776,2026-07-25,80.000000,0.203628,0.552643,64481.380000,64480.120000
29750631,2026-07-26T03:51,64484.150000,-0.555300,0.105286,2026-07-25,162.000000,0.346462,0.904958,64485.440000,64481.350000
29750632,2026-07-26T03:52,64481.380000,-0.205600,0.607689,2026-07-25,120.000000,0.318995,0.236922,64484.140000,64480.120000
29750633,2026-07-26T03:53,64483.710000,-0.540000,-0.451176,2026-07-25,155.000000,0.490413,0.221301,64487.930000,64481.370000
29750634,2026-07-26T03:54,64482.790000,-0.247900,-0.556203,2026-07-25,159.000000,1.697724,0.291570,64483.710000,64479.100000
29750635,2026-07-26T03:55,64481.510000,0.014100,-0.417175,2026-07-25,85.000000,0.072068,0.701042,64482.800000,64481.500000
29750636,2026-07-26T03:56,64471.620000,-0.330900,0.402084,2026-07-25,62.000000,0.069062,0.268735,64481.510000,64471.620000
29750637,2026-07-26T03:57,64467.850000,0.242500,-0.462530,2026-07-25,277.000000,4.602564,0.031552,64478.610000,64463.830000
29750638,2026-07-26T03:58,64470.130000,-0.434600,-0.936896,2026-07-25,123.000000,1.275207,0.192854,64470.140000,64463.930000
29750639,2026-07-26T03:59,64490.460000,-0.060600,-0.614292,2026-07-25,202.000000,4.915029,0.733407,64491.580000,64467.560000
29750640,2026-07-26T04:00,64478.070000,-0.587400,0.466836,2026-07-25,230.000000,1.282822,0.519375,64490.470000,64478.070000
29750641,2026-07-26T04:01,64480.150000,-0.639600,0.038714,2026-07-25,173.000000,1.048281,0.710007,64485.370000,64471.630000
29750642,2026-07-26T04:02,64472.350000,-0.635500,0.384568,2026-07-25,124.000000,0.440985,0.209172,64480.140000,64472.000000
29750643,2026-07-26T04:03,64470.510000,-0.132800,-0.554703,2026-07-25,100.000000,0.178454,0.747743,64472.360000,64470.510000
29750644,2026-07-26T04:04,64477.430000,0.114200,0.496148,2026-07-25,176.000000,0.526201,0.290714,64481.940000,64469.550000
29750645,2026-07-26T04:05,64491.490000,0.180700,-0.418489,2026-07-25,174.000000,0.357834,0.476701,64491.500000,64476.130000
29750646,2026-07-26T04:06,64471.570000,-0.623400,-0.052413,2026-07-25,129.000000,0.565434,0.152933,64491.500000,64471.560000
29750647,2026-07-26T04:07,64462.600000,-0.399900,-0.668976,2026-07-25,121.000000,0.215501,0.390491,64471.570000,64462.590000
29750648,2026-07-26T04:08,64453.990000,0.209000,-0.263590,2026-07-25,183.000000,1.300414,0.247674,64462.600000,64446.830000
29750649,2026-07-26T04:09,64450.760000,-0.338600,-0.505045,2026-07-25,94.000000,0.183297,0.444066,64455.290000,64450.750000
29750650,2026-07-26T04:10,64449.880000,-0.649600,-0.108933,2026-07-25,100.000000,0.154331,0.203234,64450.760000,64449.870000
29750651,2026-07-26T04:11,64449.680000,-0.439200,-0.565602,2026-07-25,72.000000,0.321901,0.241897,64449.880000,64449.680000
29750652,2026-07-26T04:12,64447.990000,-0.347000,-0.532353,2026-07-25,87.000000,0.901041,0.084167,64449.690000,64444.290000
29750653,2026-07-26T04:13,64455.820000,-0.150700,-0.831666,2026-07-25,125.000000,0.458905,0.750762,64459.980000,64447.990000
29750654,2026-07-26T04:14,64439.240000,0.457600,0.501524,2026-07-25,156.000000,3.062181,0.010716,64455.830000,64435.110000
29750655,2026-07-26T04:15,64432.580000,0.193900,-0.978579,2026-07-25,209.000000,4.667931,0.032962,64439.240000,64408.410000
29750656,2026-07-26T04:16,64430.010000,0.145200,-0.934053,2026-07-25,67.000000,0.145618,0.317387,64432.590000,64430.000000
29750657,2026-07-26T04:17,64440.520000,0.443300,-0.365226,2026-07-25,142.000000,0.326387,0.839357,64440.530000,64429.680000
29750658,2026-07-26T04:18,64440.650000,0.069400,0.678714,2026-07-25,81.000000,0.396445,0.792100,64440.670000,64439.230000
29750659,2026-07-26T04:19,64438.930000,0.252900,0.584199,2026-07-25,86.000000,0.306002,0.270918,64441.820000,64438.940000
29750660,2026-07-26T04:20,64441.740000,0.423000,-0.436740,2026-07-25,83.000000,0.095723,0.828373,64441.740000,64438.930000
29750661,2026-07-26T04:21,64439.400000,0.756000,0.639564,2026-07-25,89.000000,0.633528,0.067695,64441.740000,64438.670000
29750662,2026-07-26T04:22,64446.290000,0.654600,-0.862143,2026-07-25,99.000000,0.178176,0.503239,64446.300000,64439.390000
29750663,2026-07-26T04:23,64466.380000,0.734200,-0.002836,2026-07-25,186.000000,0.460591,0.957705,64466.380000,64446.290000
29750664,2026-07-26T04:24,64482.980000,-0.030900,0.921822,2026-07-25,114.000000,0.064165,0.550650,64483.010000,64466.370000
29750665,2026-07-26T04:25,64468.790000,0.095300,0.111924,2026-07-25,77.000000,1.451105,0.008142,64482.980000,64467.600000
29750666,2026-07-26T04:26,64489.680000,-0.366300,-0.984464,2026-07-25,145.000000,1.639272,0.138741,64489.670000,64468.790000
29750667,2026-07-26T04:27,64487.960000,0.197900,-0.722750,2026-07-25,70.000000,0.273651,0.165249,64489.680000,64487.950000
29750668,2026-07-26T04:28,64486.490000,0.460100,-0.664919,2026-07-25,61.000000,0.111778,0.287669,64487.960000,64485.800000
29750669,2026-07-26T04:29,64489.570000,0.541200,-0.434330,2026-07-25,105.000000,0.426350,0.116636,64489.580000,64484.620000
29750670,2026-07-26T04:30,64489.990000,0.259700,-0.782684,2026-07-25,169.000000,0.207934,0.413191,64490.000000,64489.570000
29750671,2026-07-26T04:31,64473.990000,0.306700,-0.023998,2026-07-25,155.000000,2.136567,0.054131,64492.510000,64470.140000
29750672,2026-07-26T04:32,64475.290000,0.156300,-0.888813,2026-07-25,71.000000,0.098756,0.723575,64475.290000,64473.990000
29750673,2026-07-26T04:33,64475.930000,0.390000,0.432393,2026-07-25,104.000000,0.267348,0.282539,64475.950000,64474.180000
29750674,2026-07-26T04:34,64477.960000,0.093000,-0.364455,2026-07-25,100.000000,0.069073,0.873634,64477.970000,64475.930000
29750675,2026-07-26T04:35,64487.980000,-0.225200,0.658448,2026-07-25,108.000000,0.143381,0.602187,64487.990000,64477.960000
29750676,2026-07-26T04:36,64477.180000,-0.542900,0.209385,2026-07-25,89.000000,0.486689,0.180273,64487.980000,64477.180000
29750677,2026-07-26T04:37,64487.960000,0.330400,-0.639723,2026-07-25,109.000000,0.733657,0.858624,64487.970000,64475.930000
29750678,2026-07-26T04:38,64495.260000,-0.209400,0.720964,2026-07-25,105.000000,0.066022,0.597468,64495.270000,64487.970000
29750679,2026-07-26T04:39,64495.260000,-0.114300,0.083045,2026-07-25,55.000000,0.166658,0.252307,64495.270000,64495.260000
29750680,2026-07-26T04:40,64493.980000,-0.063400,-0.494045,2026-07-25,54.000000,0.167521,0.321791,64495.270000,64493.970000
29750681,2026-07-26T04:41,64503.870000,-0.254400,-0.172664,2026-07-25,124.000000,0.685568,0.323178,64505.150000,64493.970000
29750682,2026-07-26T04:42,64503.870000,0.005700,-0.401842,2026-07-25,50.000000,0.075976,0.757020,64503.870000,64503.860000
29750683,2026-07-26T04:43,64499.320000,-0.546200,0.486829,2026-07-25,95.000000,0.554780,0.223126,64503.870000,64497.420000
29750684,2026-07-26T04:44,64516.760000,0.144400,-0.553428,2026-07-25,152.000000,0.605851,0.394968,64516.770000,64499.320000
29750685,2026-07-26T04:45,64524.510000,-0.583500,-0.209977,2026-07-25,206.000000,0.824010,0.620374,64538.000000,64516.770000
29750686,2026-07-26T04:46,64499.350000,-0.104600,0.163582,2026-07-25,111.000000,0.561224,0.101700,64524.510000,64499.350000
29750687,2026-07-26T04:47,64497.430000,-0.325900,-0.782453,2026-07-25,79.000000,0.995578,0.094240,64499.350000,64497.420000
29750688,2026-07-26T04:48,64509.790000,-0.156700,-0.811385,2026-07-25,163.000000,0.626791,0.262493,64509.800000,64497.420000
29750689,2026-07-26T04:49,64503.240000,-0.110300,-0.476252,2026-07-25,84.000000,0.298075,0.156924,64512.500000,64500.500000
29750690,2026-07-26T04:50,64503.240000,0.114300,-0.684514,2026-07-25,61.000000,0.161187,0.661001,64503.250000,64503.240000
29750691,2026-07-26T04:51,64490.350000,-0.307300,-0.209674,2026-07-25,111.000000,0.704403,0.120009,64503.250000,64490.350000
29750692,2026-07-26T04:52,64500.650000,0.006100,-0.729349,2026-07-25,123.000000,0.695585,0.315306,64500.650000,64490.350000
29750693,2026-07-26T04:53,64481.940000,-0.343400,-0.368265,2026-07-25,145.000000,3.223686,0.011726,64505.220000,64481.940000
29750694,2026-07-26T04:54,64486.990000,-0.005300,-0.976905,2026-07-25,176.000000,2.768095,0.707424,64497.830000,64481.940000
29750695,2026-07-26T04:55,64474.210000,-0.444600,0.417516,2026-07-25,88.000000,0.307570,0.383074,64487.000000,64474.220000
29750696,2026-07-26T04:56,64468.820000,-0.394300,-0.233853,2026-07-25,77.000000,0.265193,0.294461,64474.220000,64468.790000
29750697,2026-07-26T04:57,64469.940000,-0.148300,-0.411079,2026-07-25,60.000000,0.216266,0.951128,64469.950000,64468.830000
29750698,2026-07-26T04:58,64469.940000,-0.080000,0.903309,2026-07-25,59.000000,0.134118,0.209346,64469.950000,64469.940000
29750699,2026-07-26T04:59,64465.080000,-0.062600,-0.571823,2026-07-25,275.000000,7.697192,0.823977,64487.630000,64458.720000
29750700,2026-07-26T05:00,64450.990000,-0.300600,0.647808,2026-07-25,174.000000,0.238269,0.079083,64465.090000,64450.980000
29750701,2026-07-26T05:01,64450.990000,-0.300600,-0.841834,2026-07-25,,,,,
29750702,2026-07-26T05:02,64450.990000,-0.300600,0.000000,2026-07-25,,,,,
29750703,2026-07-26T05:03,64450.990000,-0.300600,0.000000,2026-07-25,,,,,
29750704,2026-07-26T05:04,64450.990000,-0.300600,0.000000,2026-07-25,,,,,
29750705,2026-07-26T05:05,64450.990000,-0.319200,0.000000,2026-07-25,,,,,
29750706,2026-07-26T05:06,64450.990000,-0.319200,0.000000,2026-07-25,,,,,
29750707,2026-07-26T05:07,64450.990000,-0.319200,0.000000,2026-07-25,,,,,
29750708,2026-07-26T05:08,64450.990000,-0.319200,0.000000,2026-07-25,,,,,
29750709,2026-07-26T05:09,64450.990000,-0.319200,0.000000,2026-07-25,,,,,
29750710,2026-07-26T05:10,64450.990000,-0.319200,0.000000,2026-07-25,,,,,
29750711,2026-07-26T05:11,64451.260000,-0.428900,0.000000,2026-07-25,66.000000,0.347448,0.766496,64451.250000,64447.980000
29750712,2026-07-26T05:12,64456.900000,-0.324500,0.532992,2026-07-25,36.000000,0.196766,0.979857,64456.910000,64451.250000
29750713,2026-07-26T05:13,64456.900000,-0.324500,0.959714,2026-07-25,,,,,
29750714,2026-07-26T05:14,64456.900000,-0.324500,0.000000,2026-07-25,,,,,
29750715,2026-07-26T05:15,64456.900000,-0.324500,0.000000,2026-07-25,,,,,
29750716,2026-07-26T05:16,64456.900000,-0.324500,0.000000,2026-07-25,,,,,
29750717,2026-07-26T05:17,64445.010000,-0.712100,0.000000,2026-07-25,6.000000,0.002688,0.978413,64445.010000,64445.000000
29750718,2026-07-26T05:18,64445.010000,-0.712100,0.956827,2026-07-25,,,,,
29750719,2026-07-26T05:19,64445.010000,-0.712100,0.000000,2026-07-25,,,,,
29750720,2026-07-26T05:20,64445.010000,-0.712100,0.000000,2026-07-25,,,,,
29750721,2026-07-26T05:21,64445.010000,-0.712100,0.000000,2026-07-25,,,,,
29750722,2026-07-26T05:22,64445.010000,-0.712100,0.000000,2026-07-25,,,,,
29750723,2026-07-26T05:23,64445.010000,-0.712100,0.000000,2026-07-25,,,,,
29750724,2026-07-26T05:24,64445.010000,-0.712100,0.000000,2026-07-25,,,,,
29750725,2026-07-26T05:25,64445.010000,-0.712100,0.000000,2026-07-25,,,,,
29750726,2026-07-26T05:26,64445.010000,-0.712100,0.000000,2026-07-25,,,,,
29750727,2026-07-26T05:27,64445.010000,-0.712100,0.000000,2026-07-25,,,,,
29750728,2026-07-26T05:28,64445.010000,-0.712100,0.000000,2026-07-25,,,,,
29750729,2026-07-26T05:29,64445.010000,-0.712100,0.000000,2026-07-25,,,,,
29750730,2026-07-26T05:30,64445.010000,-0.712100,0.000000,2026-07-25,,,,,
29750731,2026-07-26T05:31,64445.010000,-0.712100,0.000000,2026-07-25,,,,,
29750732,2026-07-26T05:32,64445.010000,-0.712100,0.000000,2026-07-25,,,,,
29750733,2026-07-26T05:33,64445.010000,-0.712200,0.000000,2026-07-25,,,,,
29750734,2026-07-26T05:34,64397.810000,0.268700,0.000000,2026-07-25,313.000000,7.208033,0.751512,64408.500000,64365.840000
29750735,2026-07-26T05:35,64412.960000,-0.007000,0.503024,2026-07-25,110.000000,0.147346,0.936969,64412.960000,64397.800000
29750736,2026-07-26T05:36,64400.130000,-0.483500,0.873937,2026-07-25,72.000000,0.796709,0.028791,64412.950000,64400.130000
29750737,2026-07-26T05:37,64410.100000,-0.319700,-0.942419,2026-07-25,105.000000,0.166814,0.875533,64410.100000,64400.130000
29750738,2026-07-26T05:38,64410.100000,-0.357100,0.750240,2026-07-25,57.000000,0.135121,0.434117,64410.100000,64410.090000
29750739,2026-07-26T05:39,64412.960000,-0.205300,-0.131260,2026-07-25,121.000000,0.529920,0.501150,64415.000000,64410.090000
29750740,2026-07-26T05:40,64412.960000,-0.318200,0.005064,2026-07-25,47.000000,0.091292,0.616642,64412.960000,64412.950000
29750741,2026-07-26T05:41,64400.790000,-0.440600,0.224528,2026-07-25,61.000000,0.265829,0.242799,64412.960000,64400.800000
29750742,2026-07-26T05:42,64415.790000,-0.379200,-0.812763,2026-07-25,105.000000,0.556216,0.184255,64415.790000,64396.810000
29750743,2026-07-26T05:43,64416.520000,-0.428900,0.140241,2026-07-25,78.000000,0.092076,0.198536,64416.530000,64415.780000
29750744,2026-07-26T05:44,64416.520000,-0.243500,-0.099186,2026-07-25,73.000000,0.120577,0.458337,64416.530000,64416.520000
29750745,2026-07-26T05:45,64404.540000,0.032800,-0.153772,2026-07-25,100.000000,0.415524,0.228268,64419.990000,64404.540000
29750746,2026-07-26T05:46,64404.540000,-0.527600,-0.543408,2026-07-25,58.000000,0.078758,0.410446,64404.550000,64404.540000
29750747,2026-07-26T05:47,64404.540000,-0.504600,-0.179322,2026-07-25,59.000000,0.135230,0.694724,64404.550000,64404.540000
29750748,2026-07-26T05:48,64399.680000,-0.244500,0.390108,2026-07-25,61.000000,0.240204,0.099493,64404.550000,64398.710000
29750749,2026-07-26T05:49,64396.810000,-0.118100,-0.799433,2026-07-25,62.000000,0.309446,0.111369,64399.690000,64396.800000
29750750,2026-07-26T05:50,64400.850000,0.460600,-0.779316,2026-07-25,80.000000,1.062564,0.230700,64404.390000,64396.800000
29750751,2026-07-26T05:51,64392.930000,-0.329600,-0.538462,2026-07-25,58.000000,0.276505,0.159174,64400.860000,64392.930000
29750752,2026-07-26T05:52,64392.010000,-0.233200,-0.674113,2026-07-25,109.000000,0.501801,0.477624,64393.300000,64385.190000
29750753,2026-07-26T05:53,64380.810000,-0.178400,-0.047550,2026-07-25,119.000000,1.009604,0.102198,64392.010000,64376.180000
29750754,2026-07-26T05:54,64376.440000,-0.624100,-0.795605,2026-07-25,63.000000,0.334260,0.268163,64381.740000,64376.440000
29750755,2026-07-26T05:55,64369.710000,-0.324200,-0.557135,2026-07-25,168.000000,1.416952,0.204836,64377.450000,64369.710000
29750756,2026-07-26T05:56,64364.570000,0.354100,-0.569547,2026-07-25,70.000000,0.578340,0.042311,64369.720000,64364.570000
29750757,2026-07-26T05:57,64361.150000,0.167500,-0.915377,2026-07-25,77.000000,0.409132,0.093318,64364.580000,64361.140000
29750758,2026-07-26T05:58,64365.830000,0.039200,-0.813365,2026-07-25,121.000000,1.945410,0.064305,64365.840000,64355.950000
29750759,2026-07-26T05:59,64352.930000,0.299600,-0.871390,2026-07-25,159.000000,2.558529,0.312249,64365.840000,64347.730000
29750760,2026-07-26T06:00,64352.930000,-0.024800,-0.375616,2026-07-25,96.000000,0.785799,0.271037,64358.000000,64352.930000
29750761,2026-07-26T06:01,64357.190000,-0.298600,-0.452301,2026-07-25,78.000000,0.397184,0.340848,64357.290000,64351.800000
29750762,2026-07-26T06:02,64355.430000,0.062500,-0.344944,2026-07-25,49.000000,0.087993,0.563589,64357.190000,64355.420000
29750763,2026-07-26T06:03,64364.990000,0.620100,0.276016,2026-07-25,129.000000,0.319626,0.506916,64363.960000,64355.430000
29750764,2026-07-26T06:04,64346.490000,-0.080700,0.013832,2026-07-25,295.000000,9.489243,0.243949,64381.320000,64337.750000
29750765,2026-07-26T06:05,64334.880000,0.031700,-0.512120,2026-07-25,100.000000,0.743086,0.018961,64346.500000,64334.890000
29750766,2026-07-26T06:06,64325.480000,0.329000,-0.957931,2026-07-25,187.000000,4.218294,0.033538,64334.880000,64311.660000
29750767,2026-07-26T06:07,64320.010000,0.157500,-0.930296,2026-07-25,139.000000,1.615494,0.170972,64325.480000,64315.540000
29750768,2026-07-26T06:08,64319.400000,0.105100,-0.657980,2026-07-25,107.000000,0.760230,0.240644,64320.020000,64308.850000
29750769,2026-07-26T06:09,64322.990000,0.133100,-0.522442,2026-07-25,89.000000,0.567183,0.336342,64323.000000,64316.010000
29750770,2026-07-26T06:10,64321.710000,0.508600,-0.320485,2026-07-25,35.000000,0.112613,0.066597,64323.000000,64321.700000
29750771,2026-07-26T06:11,64299.170000,-0.102500,-0.857727,2026-07-25,256.000000,8.509947,0.081360,64321.720000,64289.290000
29750772,2026-07-26T06:12,64289.180000,0.484000,-0.837399,2026-07-25,169.000000,1.330483,0.180710,64300.860000,64279.390000
29750773,2026-07-26T06:13,64293.710000,0.031800,-0.599991,2026-07-25,97.000000,0.287741,0.313233,64295.000000,64289.180000
29750774,2026-07-26T06:14,64293.150000,-0.107900,-0.545934,2026-07-25,130.000000,0.742711,0.370245,64293.710000,64285.400000
29750775,2026-07-26T06:15,64291.210000,0.276400,-0.256380,2026-07-25,103.000000,0.818960,0.107085,64293.160000,64287.990000
29750776,2026-07-26T06:16,64299.790000,0.016200,-0.789840,2026-07-25,76.000000,0.182550,0.415935,64300.000000,64291.200000
29750777,2026-07-26T06:17,64299.790000,-0.113700,-0.168229,2026-07-25,36.000000,0.107104,0.260852,64299.800000,64299.790000
29750778,2026-07-26T06:18,64300.460000,0.026500,-0.478295,2026-07-25,66.000000,0.203019,0.338011,64304.620000,64299.790000
29750779,2026-07-26T06:19,64273.270000,-0.081000,-0.324056,2026-07-25,153.000000,2.572976,0.046759,64300.460000,64260.760000
29750780,2026-07-26T06:20,64251.730000,-0.090700,-0.906481,2026-07-25,314.000000,3.330384,0.370485,64273.280000,64251.720000
29750781,2026-07-26T06:21,64259.210000,0.195000,-0.291506,2026-07-25,190.000000,1.382020,0.217864,64259.210000,64242.110000
29750782,2026-07-26T06:22,64237.990000,-0.514400,-0.517966,2026-07-25,207.000000,4.279594,0.032476,64259.210000,64232.040000
29750783,2026-07-26T06:23,64231.210000,0.141600,-0.935047,2026-07-25,172.000000,1.705744,0.287330,64241.990000,64230.390000
29750784,2026-07-26T06:24,64236.930000,-0.030900,-0.425340,2026-07-25,77.000000,0.396140,0.246353,64236.940000,64229.600000
29750785,2026-07-26T06:25,64248.830000,-0.091800,-0.507294,2026-07-25,141.000000,0.962211,0.579441,64249.990000,64234.230000
29750786,2026-07-26T06:26,64248.900000,0.486800,0.158882,2026-07-25,78.000000,0.317573,0.159442,64250.130000,64247.710000
29750787,2026-07-26T06:27,64247.990000,-0.276200,-0.681117,2026-07-25,93.000000,0.432222,0.303383,64248.910000,64235.050000
29750788,2026-07-26T06:28,64240.230000,-0.163200,-0.390621,2026-07-25,64.000000,0.359506,0.116363,64248.000000,64240.220000
29750789,2026-07-26T06:29,64240.230000,-0.232500,-0.771274,2026-07-25,63.000000,0.060288,0.501996,64240.230000,64240.220000
29750790,2026-07-26T06:30,64241.990000,-0.053100,-0.300952,2026-07-25,179.000000,3.465120,0.059472,64246.450000,64240.220000
29750791,2026-07-26T06:31,64247.630000,0.379700,-0.881842,2026-07-25,80.000000,0.145542,0.267495,64247.640000,64238.130000
29750792,2026-07-26T06:32,64252.770000,0.317000,0.591018,2026-07-25,260.000000,2.571164,0.058145,64257.480000,64247.640000
29750793,2026-07-26T06:33,64265.210000,0.473800,-0.883711,2026-07-25,119.000000,0.282312,0.380583,64265.220000,64252.770000
29750794,2026-07-26T06:34,64276.820000,0.376600,-0.235594,2026-07-25,84.000000,0.074634,0.660556,64280.000000,64265.220000
29750795,2026-07-26T06:35,64290.100000,0.239600,0.324582,2026-07-25,150.000000,1.198524,0.395055,64294.750000,64280.700000
29750796,2026-07-26T06:36,64288.010000,0.518700,-0.211025,2026-07-25,56.000000,0.152651,0.214663,64290.100000,64288.000000
29750797,2026-07-26T06:37,64294.740000,0.308600,-0.570675,2026-07-25,69.000000,0.062608,0.697688,64295.070000,64289.290000
29750798,2026-07-26T06:38,64300.060000,-0.191300,0.409303,2026-07-25,255.000000,4.036925,0.457577,64313.980000,64294.750000
29750799,2026-07-26T06:39,64318.900000,-0.124700,-0.085243,2026-07-25,355.000000,5.500335,0.945180,64327.750000,64300.060000
29750800,2026-07-26T06:40,64304.680000,0.025400,0.831776,2026-07-25,97.000000,0.390108,0.083138,64318.890000,64304.680000
29750801,2026-07-26T06:41,64317.330000,-0.275800,-0.675560,2026-07-25,71.000000,0.128927,0.994766,64317.660000,64304.670000
29750802,2026-07-26T06:42,64314.900000,-0.091700,0.989304,2026-07-25,67.000000,0.146454,0.649956,64317.330000,64307.790000
29750803,2026-07-26T06:43,64314.900000,-0.633300,0.299910,2026-07-25,52.000000,0.084117,0.389644,64314.900000,64314.890000
29750804,2026-07-26T06:44,64312.070000,-0.489100,-0.220711,2026-07-25,115.000000,1.400003,0.697261,64323.350000,64312.020000
29750805,2026-07-26T06:45,64326.850000,-0.429100,0.394523,2026-07-25,102.000000,0.304490,0.793300,64327.140000,64312.000000
29750806,2026-07-26T06:46,64328.310000,0.178300,0.586600,2026-07-25,74.000000,0.111077,0.659229,64328.310000,64326.010000
29750807,2026-07-26T06:47,64336.100000,0.331800,0.318459,2026-07-25,125.000000,0.737551,0.206891,64341.410000,64328.310000
29750808,2026-07-26T06:48,64342.010000,-0.078200,-0.586218,2026-07-25,76.000000,0.219228,0.526781,64344.000000,64336.100000
29750809,2026-07-26T06:49,64342.010000,0.074700,0.053562,2026-07-25,46.000000,0.100524,0.654430,64342.010000,64342.000000
29750810,2026-07-26T06:50,64342.010000,-0.519300,0.308860,2026-07-25,38.000000,0.081464,0.866710,64342.010000,64342.000000
29750811,2026-07-26T06:51,64342.010000,-0.104400,0.733420,2026-07-25,49.000000,0.857457,0.989860,64342.010000,64342.000000
29750812,2026-07-26T06:52,64355.270000,-0.355200,0.979719,2026-07-25,160.000000,3.077088,0.966852,64359.740000,64342.000000
29750813,2026-07-26T06:53,64359.600000,-0.786200,0.933704,2026-07-25,70.000000,0.098258,0.625194,64360.850000,64354.580000
29750814,2026-07-26T06:54,64367.190000,0.037900,0.250386,2026-07-25,67.000000,0.832507,0.996686,64368.480000,64359.590000
29750815,2026-07-26T06:55,64372.180000,-0.090700,0.993376,2026-07-25,160.000000,0.791640,0.182562,64388.690000,64369.230000
29750816,2026-07-26T06:56,64372.320000,0.419800,-0.586280,2026-07-25,125.000000,1.008476,0.607911,64375.880000,64359.400000
29750817,2026-07-26T06:57,64373.580000,-0.556700,0.196007,2026-07-25,128.000000,0.434401,0.380575,64391.960000,64372.320000
29750818,2026-07-26T06:58,64375.730000,0.196600,-0.238850,2026-07-25,55.000000,0.039562,0.768646,64375.730000,64371.260000
29750819,2026-07-26T06:59,64375.730000,0.060400,0.537298,2026-07-25,63.000000,0.190124,0.232497,64377.020000,64375.720000
