minute_epoch,minute_utc,close,book_imb,ofi,day,trades,volume,buy_share,high,low
29769540,2026-08-08T07:00,64965.870000,0.027200,1.000000,2026-08-08,74.000000,0.135291,0.612807,64965.860000,64964.570000
29769541,2026-08-08T07:01,64970.130000,-0.087100,0.203600,2026-08-08,99.000000,0.461659,0.981890,64970.480000,64965.860000
29769542,2026-08-08T07:02,64973.560000,0.185700,0.963828,2026-08-08,77.000000,0.245571,0.963330,64973.930000,64970.130000
29769543,2026-08-08T07:03,64968.850000,0.524100,0.926477,2026-08-08,81.000000,0.259024,0.310052,64973.560000,64968.840000
29769544,2026-08-08T07:04,64966.270000,0.305600,-0.379895,2026-08-08,120.000000,1.075077,0.808659,64970.280000,64964.660000
29769545,2026-08-08T07:05,64968.740000,0.468000,0.617503,2026-08-08,59.000000,0.244910,0.935188,64968.740000,64966.270000
29769546,2026-08-08T07:06,64968.740000,0.294600,0.900766,2026-08-08,78.000000,0.133011,0.972942,64968.740000,64968.730000
29769547,2026-08-08T07:07,64968.740000,0.362300,0.874782,2026-08-08,104.000000,0.263802,0.729657,64970.010000,64968.730000
29769548,2026-08-08T07:08,64968.760000,0.305100,0.459315,2026-08-08,83.000000,0.073123,0.547141,64969.850000,64968.730000
29769549,2026-08-08T07:09,64968.760000,0.125400,0.113046,2026-08-08,89.000000,0.315046,0.436050,64968.760000,64968.440000
29769550,2026-08-08T07:10,64968.760000,0.107900,-0.133466,2026-08-08,65.000000,0.072444,0.769247,64968.760000,64968.750000
29769551,2026-08-08T07:11,64968.760000,-0.013100,0.525400,2026-08-08,80.000000,0.251722,0.256962,64968.760000,64968.750000
29769552,2026-08-08T07:12,64957.290000,-0.306600,-0.484802,2026-08-08,104.000000,0.794699,0.769782,64968.760000,64957.280000
29769553,2026-08-08T07:13,64960.900000,0.098300,0.539563,2026-08-08,97.000000,0.481500,0.964968,64962.210000,64957.280000
29769554,2026-08-08T07:14,64955.150000,0.059000,0.929935,2026-08-08,91.000000,0.910998,0.597814,64960.910000,64955.150000
29769555,2026-08-08T07:15,64955.150000,0.338500,0.195627,2026-08-08,72.000000,0.068160,0.766597,64955.160000,64955.150000
29769556,2026-08-08T07:16,64954.370000,0.512900,0.533194,2026-08-08,93.000000,0.361299,0.953562,64955.910000,64954.360000
29769557,2026-08-08T07:17,64955.150000,0.127000,0.907198,2026-08-08,72.000000,0.105464,0.451653,64955.160000,64954.360000
29769558,2026-08-08T07:18,64955.150000,0.328200,-0.099739,2026-08-08,48.000000,0.059881,0.869393,64955.160000,64955.150000
29769559,2026-08-08T07:19,64955.150000,-0.139900,0.738785,2026-08-08,48.000000,0.108525,0.541998,64955.160000,64955.150000
29769560,2026-08-08T07:20,64955.150000,0.041300,0.083997,2026-08-08,43.000000,0.064495,0.484089,64955.160000,64954.950000
29769561,2026-08-08T07:21,64962.080000,-0.078200,-0.031822,2026-08-08,87.000000,0.958115,0.632405,64962.090000,64955.150000
29769562,2026-08-08T07:22,64962.460000,-0.106000,0.265358,2026-08-08,49.000000,0.065327,0.608171,64962.480000,64962.080000
29769563,2026-08-08T07:23,64962.460000,0.131300,0.203628,2026-08-08,48.000000,0.332967,0.054143,64962.470000,64962.100000
29769564,2026-08-08T07:24,64966.870000,-0.348800,-0.891643,2026-08-08,55.000000,0.456484,0.999912,64966.870000,64962.470000
29769565,2026-08-08T07:25,64966.850000,-0.082900,0.999824,2026-08-08,48.000000,0.361038,0.028267,64966.870000,64966.850000
29769566,2026-08-08T07:26,64966.850000,-0.228600,-0.943466,2026-08-08,40.000000,0.025291,0.183694,64966.860000,64966.850000
29769567,2026-08-08T07:27,64966.850000,-0.074600,-0.632613,2026-08-08,42.000000,0.013046,0.776987,64966.850000,64966.840000
29769568,2026-08-08T07:28,64966.850000,0.040100,0.553974,2026-08-08,56.000000,0.219661,0.065556,64966.850000,64965.570000
29769569,2026-08-08T07:29,64965.570000,-0.274300,-0.868888,2026-08-08,69.000000,0.282484,0.184964,64966.850000,64965.570000
29769570,2026-08-08T07:30,64965.570000,-0.219100,-0.630071,2026-08-08,56.000000,0.301462,0.084357,64965.580000,64965.560000
29769571,2026-08-08T07:31,64959.420000,0.010600,-0.829472,2026-08-08,71.000000,0.347193,0.514548,64965.570000,64959.420000
29769572,2026-08-08T07:32,64958.120000,-0.382100,0.028259,2026-08-08,46.000000,0.182900,0.108211,64959.410000,64958.120000
29769573,2026-08-08T07:33,64958.120000,-0.282500,-0.783578,2026-08-08,61.000000,0.073498,0.877053,64958.130000,64958.120000
29769574,2026-08-08T07:34,64958.120000,-0.516000,0.754105,2026-08-08,46.000000,0.018136,0.903503,64958.130000,64958.120000
29769575,2026-08-08T07:35,64957.290000,-0.520000,0.807007,2026-08-08,68.000000,0.654116,0.780839,64958.130000,64957.280000
29769576,2026-08-08T07:36,64954.370000,-0.554900,0.561646,2026-08-08,73.000000,0.249591,0.209248,64957.290000,64954.360000
29769577,2026-08-08T07:37,64950.010000,-0.501800,-0.581598,2026-08-08,68.000000,0.301010,0.255679,64954.370000,64950.010000
29769578,2026-08-08T07:38,64918.990000,-0.362600,-0.662236,2026-08-08,84.000000,0.417255,0.050995,64950.010000,64918.990000
29769579,2026-08-08T07:39,64920.580000,-0.447900,-0.837871,2026-08-08,79.000000,1.131036,0.877129,64920.690000,64918.990000
29769580,2026-08-08T07:40,64910.230000,-0.065600,0.754258,2026-08-08,78.000000,0.415717,0.079908,64920.580000,64910.230000
29769581,2026-08-08T07:41,64918.690000,0.104300,-0.840185,2026-08-08,71.000000,0.307895,0.988429,64918.990000,64910.230000
29769582,2026-08-08T07:42,64915.540000,0.310900,0.976857,2026-08-08,54.000000,0.343436,0.114571,64918.450000,64912.910000
29769583,2026-08-08T07:43,64917.820000,-0.045300,-0.451714,2026-08-08,62.000000,0.508872,0.966854,64917.830000,64915.530000
29769584,2026-08-08T07:44,64910.270000,0.332900,0.922278,2026-08-08,130.000000,5.822564,0.310336,64917.830000,64900.000000
29769585,2026-08-08T07:45,64910.320000,-0.071000,-0.379483,2026-08-08,63.000000,0.230090,0.998039,64910.320000,64910.270000
29769586,2026-08-08T07:46,64910.320000,-0.147100,0.996078,2026-08-08,46.000000,0.271936,0.941528,64910.330000,64910.310000
29769587,2026-08-08T07:47,64913.320000,-0.270700,0.883055,2026-08-08,66.000000,1.002130,0.986878,64913.330000,64910.320000
29769588,2026-08-08T07:48,64913.320000,0.084200,0.973757,2026-08-08,50.000000,0.044575,0.900030,64913.330000,64913.320000
29769589,2026-08-08T07:49,64915.830000,-0.017700,0.801794,2026-08-08,67.000000,0.536105,0.901929,64915.840000,64913.330000
29769590,2026-08-08T07:50,64915.830000,-0.000300,0.803716,2026-08-08,44.000000,0.153648,0.301329,64915.840000,64915.830000
29769591,2026-08-08T07:51,64918.670000,0.019100,-0.397342,2026-08-08,58.000000,0.261507,0.824630,64918.910000,64915.830000
29769592,2026-08-08T07:52,64930.770000,0.179400,0.649065,2026-08-08,191.000000,5.562061,0.996776,64931.740000,64918.660000
29769593,2026-08-08T07:53,64930.770000,-0.003900,0.993564,2026-08-08,50.000000,0.019631,0.038709,64930.780000,64930.770000
29769594,2026-08-08T07:54,64930.760000,0.117400,-0.922582,2026-08-08,49.000000,0.268189,0.179603,64930.780000,64928.170000
29769595,2026-08-08T07:55,64930.760000,0.148600,-0.640794,2026-08-08,39.000000,0.361799,0.001841,64930.770000,64930.750000
29769596,2026-08-08T07:56,64930.710000,0.264100,-0.996318,2026-08-08,34.000000,0.022691,0.648902,64930.760000,64930.700000
29769597,2026-08-08T07:57,64929.420000,0.203100,0.297804,2026-08-08,42.000000,0.187091,0.049383,64930.710000,64929.410000
29769598,2026-08-08T07:58,64929.420000,0.302300,-0.874950,2026-08-08,77.000000,0.665972,0.794830,64929.420000,64929.410000
29769599,2026-08-08T07:59,64928.790000,0.117800,0.609675,2026-08-08,58.000000,0.391538,0.117326,64929.410000,64928.770000
29769600,2026-08-08T08:00,64921.070000,0.310600,-0.751766,2026-08-08,144.000000,1.411256,0.765046,64928.800000,64910.270000
29769601,2026-08-08T08:01,64929.100000,-0.136700,0.529180,2026-08-08,90.000000,0.321609,0.100572,64929.100000,64921.070000
29769602,2026-08-08T08:02,64922.930000,0.265300,-0.800969,2026-08-08,58.000000,0.846699,0.011155,64929.100000,64922.920000
29769603,2026-08-08T08:03,64924.330000,0.288200,-0.977009,2026-08-08,56.000000,0.247293,0.714268,64924.340000,64922.920000
29769604,2026-08-08T08:04,64924.330000,0.196200,0.418976,2026-08-08,63.000000,0.182645,0.306100,64924.340000,64924.250000
29769605,2026-08-08T08:05,64924.290000,0.255300,-0.382559,2026-08-08,62.000000,0.139189,0.810082,64924.340000,64924.260000
29769606,2026-08-08T08:06,64924.290000,0.237600,0.620163,2026-08-08,50.000000,0.040167,0.703123,64924.290000,64924.280000
29769607,2026-08-08T08:07,64924.290000,0.435600,0.406245,2026-08-08,44.000000,0.322854,0.101031,64924.290000,64924.280000
29769608,2026-08-08T08:08,64925.370000,0.338400,-0.775803,2026-08-08,59.000000,0.062977,0.853555,64925.590000,64924.280000
29769609,2026-08-08T08:09,64925.370000,0.333500,0.687115,2026-08-08,59.000000,0.035884,0.870316,64925.370000,64925.360000
29769610,2026-08-08T08:10,64925.370000,0.213400,0.740632,2026-08-08,47.000000,0.155700,0.469320,64925.370000,64925.360000
29769611,2026-08-08T08:11,64925.370000,0.319400,-0.061360,2026-08-08,42.000000,0.040057,0.751497,64925.370000,64925.360000
29769612,2026-08-08T08:12,64933.070000,-0.016900,0.502995,2026-08-08,86.000000,0.330895,0.903257,64933.080000,64925.360000
29769613,2026-08-08T08:13,64933.070000,0.012500,0.806514,2026-08-08,60.000000,0.066246,0.890636,64933.080000,64933.070000
29769614,2026-08-08T08:14,64934.380000,0.439800,0.781272,2026-08-08,55.000000,0.125303,0.991461,64934.380000,64933.070000
29769615,2026-08-08T08:15,64934.380000,0.339500,0.977518,2026-08-08,68.000000,0.063449,0.709002,64934.380000,64934.370000
29769616,2026-08-08T08:16,64933.710000,0.363900,0.376450,2026-08-08,52.000000,0.042150,0.828966,64934.380000,64933.300000
29769617,2026-08-08T08:17,64925.350000,0.099700,0.657951,2026-08-08,77.000000,0.588461,0.182397,64933.710000,64924.140000
29769618,2026-08-08T08:18,64927.740000,0.168500,-0.635212,2026-08-08,57.000000,0.082537,0.888176,64927.740000,64925.350000
29769619,2026-08-08T08:19,64927.740000,0.175200,0.776352,2026-08-08,29.000000,0.017235,0.496223,64927.740000,64927.730000
29769620,2026-08-08T08:20,64927.740000,0.069200,-0.007555,2026-08-08,40.000000,0.019603,0.931984,64927.740000,64927.730000
29769621,2026-08-08T08:21,64927.670000,0.140600,0.863969,2026-08-08,45.000000,0.106242,0.260536,64927.730000,64927.660000
29769622,2026-08-08T08:22,64927.670000,0.249600,-0.478929,2026-08-08,34.000000,0.037033,0.261892,64927.670000,64927.660000
29769623,2026-08-08T08:23,64928.960000,0.152700,-0.476216,2026-08-08,43.000000,0.123924,0.971907,64928.970000,64927.660000
29769624,2026-08-08T08:24,64928.960000,0.322800,0.943815,2026-08-08,43.000000,0.178690,0.377735,64928.970000,64927.910000
29769625,2026-08-08T08:25,64928.930000,0.219700,-0.244530,2026-08-08,40.000000,0.246388,0.057861,64928.970000,64928.920000
29769626,2026-08-08T08:26,64933.070000,0.167200,-0.884089,2026-08-08,50.000000,0.217330,0.848370,64933.070000,64928.920000
29769627,2026-08-08T08:27,64942.790000,0.257600,0.696705,2026-08-08,65.000000,0.635338,0.391370,64942.790000,64933.070000
29769628,2026-08-08T08:28,64945.430000,0.278900,-0.188040,2026-08-08,42.000000,0.069676,0.283217,64945.430000,64942.800000
29769629,2026-08-08T08:29,64945.430000,0.238300,-0.848020,2026-08-08,19.000000,0.177709,0.005149,64945.430000,64945.420000
29769630,2026-08-08T08:30,64945.430000,0.705600,-0.989701,2026-08-08,40.000000,0.697977,0.104659,64945.430000,64945.420000
29769631,2026-08-08T08:31,64950.020000,0.167600,-0.790682,2026-08-08,36.000000,0.392759,0.197235,64950.040000,64945.420000
29769632,2026-08-08T08:32,64950.010000,0.438200,-0.605530,2026-08-08,51.000000,0.098224,0.304078,64950.030000,64950.010000
29769633,2026-08-08T08:33,64960.900000,-0.112600,-0.391844,2026-08-08,129.000000,1.302101,0.726291,64960.900000,64944.110000
29769634,2026-08-08T08:34,64974.230000,0.122200,0.452610,2026-08-08,129.000000,1.575974,0.757330,64975.380000,64960.890000
29769635,2026-08-08T08:35,64968.150000,0.158200,0.514639,2026-08-08,79.000000,1.218135,0.413939,64976.850000,64968.140000
29769636,2026-08-08T08:36,64960.900000,-0.093600,-0.172122,2026-08-08,47.000000,0.341565,0.286028,64968.150000,64960.900000
29769637,2026-08-08T08:37,64960.900000,0.124300,-0.427631,2026-08-08,23.000000,0.028746,0.435324,64960.910000,64960.900000
29769638,2026-08-08T08:38,64963.830000,-0.135400,-0.132281,2026-08-08,72.000000,0.745006,0.992648,64967.240000,64960.900000
29769639,2026-08-08T08:39,64966.650000,-0.067600,0.985297,2026-08-08,56.000000,0.132488,0.690654,64966.650000,64963.830000
29769640,2026-08-08T08:40,64966.650000,-0.063000,0.381309,2026-08-08,34.000000,0.025208,0.992105,64966.650000,64966.640000
29769641,2026-08-08T08:41,64966.650000,-0.108900,0.984210,2026-08-08,64.000000,0.260508,0.934177,64967.450000,64966.640000
29769642,2026-08-08T08:42,64975.900000,0.306900,0.868353,2026-08-08,97.000000,1.887386,0.991577,64975.950000,64966.640000
29769643,2026-08-08T08:43,64978.990000,-0.040000,0.983153,2026-08-08,57.000000,0.135183,0.970840,64979.000000,64975.900000
29769644,2026-08-08T08:44,64978.990000,0.431800,0.941681,2026-08-08,34.000000,0.021179,0.809845,64979.000000,64978.990000
29769645,2026-08-08T08:45,64968.150000,-0.114900,0.619691,2026-08-08,43.000000,0.388314,0.042340,64979.000000,64968.140000
29769646,2026-08-08T08:46,64951.940000,-0.135000,-0.915321,2026-08-08,75.000000,1.402875,0.459282,64968.140000,64951.940000
29769647,2026-08-08T08:47,64951.940000,-0.124200,-0.081435,2026-08-08,48.000000,0.152320,0.794651,64951.950000,64951.940000
29769648,2026-08-08T08:48,64957.070000,0.113100,0.590108,2026-08-08,70.000000,0.674324,0.996996,64957.060000,64951.940000
29769649,2026-08-08T08:49,64957.070000,0.122600,0.962301,2026-08-08,28.000000,0.042159,0.356979,64957.070000,64957.060000
29769650,2026-08-08T08:50,64957.070000,0.392100,-0.037574,2026-08-08,25.000000,0.037394,0.746507,64957.070000,64957.060000
29769651,2026-08-08T08:51,64957.070000,0.164400,0.493014,2026-08-08,41.000000,0.033202,0.341233,64957.070000,64957.060000
29769652,2026-08-08T08:52,64957.070000,0.209300,-0.310316,2026-08-08,36.000000,0.348199,0.088506,64957.070000,64957.060000
29769653,2026-08-08T08:53,64957.070000,0.029200,-0.823947,2026-08-08,41.000000,0.071872,0.703396,64957.070000,64957.060000
29769654,2026-08-08T08:54,64957.070000,0.000300,0.406792,2026-08-08,160.000000,4.819457,0.019730,64957.070000,64957.060000
29769655,2026-08-08T08:55,64947.930000,-0.074800,-0.960539,2026-08-08,45.000000,0.285701,0.174906,64957.060000,64947.930000
29769656,2026-08-08T08:56,64947.930000,-0.035400,-0.650189,2026-08-08,25.000000,0.132915,0.912326,64947.940000,64947.930000
29769657,2026-08-08T08:57,64947.930000,-0.045600,0.824652,2026-08-08,25.000000,0.063091,0.514016,64947.940000,64947.930000
29769658,2026-08-08T08:58,64947.930000,-0.000700,0.028032,2026-08-08,33.000000,0.214081,0.951632,64947.940000,64947.930000
29769659,2026-08-08T08:59,64957.710000,-0.271200,0.948174,2026-08-08,270.000000,10.797147,0.999440,64957.930000,64947.940000
29769660,2026-08-08T09:00,64957.710000,0.536500,0.998861,2026-08-08,33.000000,0.074112,0.317190,64957.720000,64957.710000
29769661,2026-08-08T09:01,64957.710000,0.118100,-0.365619,2026-08-08,45.000000,0.116114,0.315012,64957.720000,64957.710000
29769662,2026-08-08T09:02,64952.350000,0.224000,-0.369977,2026-08-08,99.000000,0.724035,0.015109,64957.720000,64952.340000
29769663,2026-08-08T09:03,64965.690000,0.247900,-0.724831,2026-08-08,101.000000,0.758072,0.981768,64965.690000,64952.340000
29769664,2026-08-08T09:04,64952.070000,0.175700,0.676801,2026-08-08,316.000000,16.401868,0.001297,64965.700000,64950.350000
29769665,2026-08-08T09:05,64957.560000,0.112000,-0.997389,2026-08-08,71.000000,0.292509,0.904459,64957.560000,64952.060000
29769666,2026-08-08T09:06,64957.430000,0.085500,0.250483,2026-08-08,38.000000,0.193161,0.316630,64957.550000,64957.430000
29769667,2026-08-08T09:07,64954.510000,0.167100,0.956094,2026-08-08,43.000000,0.069713,0.295879,64957.430000,64954.510000
29769668,2026-08-08T09:08,64961.180000,0.015200,-0.408242,2026-08-08,119.000000,2.663259,0.999189,64961.660000,64954.510000
29769669,2026-08-08T09:09,64963.490000,-0.135200,0.998473,2026-08-08,258.000000,6.705203,0.996595,64964.630000,64961.170000
29769670,2026-08-08T09:10,64963.190000,-0.158200,0.993019,2026-08-08,51.000000,0.433143,0.059911,64963.490000,64963.190000
29769671,2026-08-08T09:11,64963.190000,0.234500,-0.880179,2026-08-08,50.000000,0.144974,0.142017,64963.200000,64963.190000
29769672,2026-08-08T09:12,64963.190000,0.066800,-0.715965,2026-08-08,52.000000,0.134189,0.200819,64963.200000,64963.190000
29769673,2026-08-08T09:13,64963.190000,0.239300,-0.573971,2026-08-08,80.000000,2.418613,0.012481,64963.200000,64963.190000
29769674,2026-08-08T09:14,64971.520000,0.125300,-0.978173,2026-08-08,411.000000,15.610531,0.878147,64974.150000,64958.400000
29769675,2026-08-08T09:15,64971.520000,0.288700,0.774055,2026-08-08,42.000000,0.017197,0.685404,64971.530000,64971.520000
29769676,2026-08-08T09:16,64978.990000,0.471100,0.605801,2026-08-08,66.000000,0.196843,0.976428,64978.990000,64971.520000
29769677,2026-08-08T09:17,64978.990000,0.839700,0.952856,2026-08-08,26.000000,0.028294,0.971380,64978.990000,64978.980000
29769678,2026-08-08T09:18,64984.240000,0.356800,0.943986,2026-08-08,77.000000,0.222571,0.981315,64984.240000,64978.980000
29769679,2026-08-08T09:19,64983.790000,0.585600,0.962532,2026-08-08,44.000000,0.165310,0.079580,64984.240000,64983.790000
29769680,2026-08-08T09:20,64983.790000,0.232800,-0.841266,2026-08-08,34.000000,0.022211,0.310751,64983.800000,64983.790000
29769681,2026-08-08T09:21,64975.380000,0.395900,-0.378497,2026-08-08,66.000000,1.348232,0.066205,64983.800000,64972.940000
29769682,2026-08-08T09:22,64975.380000,0.346400,-0.867573,2026-08-08,39.000000,0.070895,0.190914,64975.390000,64975.380000
29769683,2026-08-08T09:23,64975.380000,0.334500,-0.618448,2026-08-08,31.000000,0.033439,0.989750,64975.390000,64975.380000
29769684,2026-08-08T09:24,64975.380000,0.187300,0.979499,2026-08-08,32.000000,0.054572,0.987891,64975.390000,64975.380000
29769685,2026-08-08T09:25,64975.380000,0.007800,0.975782,2026-08-08,43.000000,0.071595,0.903398,64975.390000,64975.380000
29769686,2026-08-08T09:26,64979.930000,0.226700,0.806796,2026-08-08,61.000000,0.322489,0.890322,64979.940000,64975.380000
29769687,2026-08-08T09:27,64979.930000,0.190700,0.781584,2026-08-08,46.000000,0.186273,0.906431,64979.940000,64979.930000
29769688,2026-08-08T09:28,64979.930000,0.277900,0.811459,2026-08-08,57.000000,2.050294,0.001129,64979.940000,64979.930000
29769689,2026-08-08T09:29,64974.710000,0.218500,-0.997903,2026-08-08,270.000000,17.602142,0.065668,64979.940000,64969.510000
29769690,2026-08-08T09:30,64997.100000,-0.236700,-0.867475,2026-08-08,303.000000,4.826679,0.764944,65018.540000,64974.710000
29769691,2026-08-08T09:31,64978.180000,-0.045900,0.529888,2026-08-08,88.000000,0.770652,0.189494,64997.110000,64975.430000
29769692,2026-08-08T09:32,64988.760000,0.221300,-0.621012,2026-08-08,96.000000,0.494405,0.964332,64988.770000,64978.180000
29769693,2026-08-08T09:33,64972.490000,0.293400,0.928365,2026-08-08,113.000000,2.974293,0.010091,64988.770000,64972.490000
29769694,2026-08-08T09:34,64965.180000,0.540700,-0.980995,2026-08-08,191.000000,10.771041,0.040888,64972.500000,64960.550000
29769695,2026-08-08T09:35,64965.120000,0.051400,-0.916799,2026-08-08,49.000000,0.413133,0.076742,64965.180000,64965.120000
29769696,2026-08-08T09:36,64965.120000,0.481500,-0.846517,2026-08-08,35.000000,0.065028,0.636310,64965.130000,64965.120000
29769697,2026-08-08T09:37,64964.820000,0.106000,0.272620,2026-08-08,53.000000,0.422975,0.079287,64965.130000,64964.810000
29769698,2026-08-08T09:38,64973.940000,-0.134500,-0.840886,2026-08-08,157.000000,5.163044,0.997626,64976.310000,64964.810000
29769699,2026-08-08T09:39,64974.990000,0.234500,0.995574,2026-08-08,296.000000,17.642222,0.958587,64977.630000,64973.940000
29769700,2026-08-08T09:40,64969.880000,-0.194500,0.901446,2026-08-08,45.000000,0.564032,0.019060,64975.000000,64969.880000
29769701,2026-08-08T09:41,64969.880000,0.247300,-0.917149,2026-08-08,39.000000,0.039643,0.731768,64969.890000,64969.880000
29769702,2026-08-08T09:42,64964.820000,0.102000,0.334343,2026-08-08,42.000000,0.469968,0.213515,64969.890000,64964.810000
29769703,2026-08-08T09:43,64969.880000,0.517700,-0.568341,2026-08-08,70.000000,0.368427,0.180323,64969.890000,64964.820000
29769704,2026-08-08T09:44,64969.880000,0.585500,-0.645550,2026-08-08,42.000000,0.061374,0.431121,64969.890000,64969.880000
29769705,2026-08-08T09:45,64969.880000,0.199000,-0.140257,2026-08-08,49.000000,0.063256,0.771776,64969.890000,64969.880000
29769706,2026-08-08T09:46,64969.880000,0.634000,0.547918,2026-08-08,64.000000,0.235247,0.173976,64969.890000,64969.400000
29769707,2026-08-08T09:47,64973.260000,0.295800,-0.236275,2026-08-08,66.000000,0.123290,0.953106,64973.270000,64969.890000
29769708,2026-08-08T09:48,64964.820000,0.144000,0.738236,2026-08-08,61.000000,0.824828,0.102428,64973.270000,64964.810000
29769709,2026-08-08T09:49,64953.670000,-0.208400,-0.795144,2026-08-08,70.000000,0.776523,0.051158,64964.820000,64953.660000
29769710,2026-08-08T09:50,64953.670000,-0.302900,-0.897685,2026-08-08,30.000000,0.037226,0.859569,64953.670000,64953.660000
29769711,2026-08-08T09:51,64949.740000,0.031500,0.719138,2026-08-08,60.000000,0.581920,0.076635,64953.670000,64949.730000
29769712,2026-08-08T09:52,64949.740000,-0.072800,-0.846192,2026-08-08,40.000000,0.062566,0.286183,64949.740000,64949.640000
29769713,2026-08-08T09:53,64953.670000,0.108000,-0.431513,2026-08-08,45.000000,0.067631,0.998519,64953.670000,64949.730000
29769714,2026-08-08T09:54,64955.010000,-0.180200,-0.731931,2026-08-08,167.000000,5.549061,0.907332,64958.750000,64949.730000
29769715,2026-08-08T09:55,64954.020000,-0.251700,0.974756,2026-08-08,63.000000,1.053873,0.975536,64955.630000,64954.020000
29769716,2026-08-08T09:56,64961.680000,0.898400,0.042876,2026-08-08,102.000000,3.268453,0.500480,64961.680000,64954.020000
29769717,2026-08-08T09:57,64955.290000,0.885500,0.003247,2026-08-08,47.000000,0.299056,0.048564,64961.680000,64955.280000
29769718,2026-08-08T09:58,64955.290000,0.093300,-0.950161,2026-08-08,44.000000,0.483648,0.059538,64955.290000,64955.280000
29769719,2026-08-08T09:59,64955.290000,0.041000,-0.882344,2026-08-08,37.000000,0.029885,0.971191,64955.290000,64955.280000
29769720,2026-08-08T10:00,64955.270000,0.099400,0.970964,2026-08-08,36.000000,0.077625,0.736009,64955.290000,64955.270000
29769721,2026-08-08T10:01,64955.270000,0.016500,0.044471,2026-08-08,36.000000,0.066968,0.589760,64955.290000,64955.270000
29769722,2026-08-08T10:02,64955.270000,0.050500,0.179520,2026-08-08,28.000000,0.032662,0.933041,64955.280000,64955.270000
29769723,2026-08-08T10:03,64955.270000,-0.011700,0.858122,2026-08-08,28.000000,0.456541,0.026465,64955.280000,64955.270000
29769724,2026-08-08T10:04,64955.270000,-0.132100,-0.947053,2026-08-08,35.000000,0.035279,0.878725,64955.280000,64955.270000
29769725,2026-08-08T10:05,64954.850000,0.187400,0.757451,2026-08-08,47.000000,0.249282,0.268707,64955.280000,64954.840000
29769726,2026-08-08T10:06,64953.010000,0.422900,-0.462587,2026-08-08,51.000000,0.653944,0.237316,64954.850000,64953.010000
29769727,2026-08-08T10:07,64953.010000,0.410700,-0.525368,2026-08-08,21.000000,0.057498,0.993575,64953.020000,64953.010000
29769728,2026-08-08T10:08,64964.960000,0.466000,0.987150,2026-08-08,142.000000,1.829292,0.835287,64964.970000,64953.010000
29769729,2026-08-08T10:09,64967.650000,0.496600,0.682183,2026-08-08,52.000000,0.644073,0.692029,64967.900000,64964.970000
29769730,2026-08-08T10:10,64967.670000,0.337500,0.312761,2026-08-08,43.000000,0.426654,0.224886,64968.140000,64967.660000
29769731,2026-08-08T10:11,64971.760000,0.440000,-0.550229,2026-08-08,61.000000,0.481381,0.947496,64971.760000,64967.660000
29769732,2026-08-08T10:12,64971.760000,0.463700,0.894991,2026-08-08,50.000000,0.030225,0.820022,64971.760000,64971.750000
29769733,2026-08-08T10:13,64973.990000,0.285600,0.638622,2026-08-08,116.000000,1.016688,0.582362,64973.990000,64971.750000
29769734,2026-08-08T10:14,64959.100000,0.418900,-0.001547,2026-08-08,424.000000,13.911021,0.025870,64973.900000,64950.050000
29769735,2026-08-08T10:15,64959.990000,0.272300,-0.947623,2026-08-08,106.000000,0.227801,0.930984,64960.000000,64959.100000
29769736,2026-08-08T10:16,64959.990000,0.196500,0.861973,2026-08-08,39.000000,0.036645,0.367633,64960.000000,64959.990000
29769737,2026-08-08T10:17,64959.990000,0.440400,-0.264734,2026-08-08,55.000000,0.074338,0.566457,64960.000000,64959.990000
29769738,2026-08-08T10:18,64959.990000,0.231600,0.132913,2026-08-08,89.000000,0.256777,0.229915,64960.000000,64959.990000
29769739,2026-08-08T10:19,64959.990000,0.515900,-0.540169,2026-08-08,73.000000,0.184920,0.376418,64960.000000,64959.990000
29769740,2026-08-08T10:20,64959.990000,0.576600,-0.247165,2026-08-08,71.000000,0.207719,0.096337,64960.000000,64959.990000
29769741,2026-08-08T10:21,64959.990000,0.278000,-0.807326,2026-08-08,43.000000,0.060289,0.885986,64960.000000,64959.990000
29769742,2026-08-08T10:22,64959.990000,0.413900,0.771973,2026-08-08,68.000000,0.355022,0.037819,64960.000000,64959.670000
29769743,2026-08-08T10:23,64964.510000,0.114800,-0.924362,2026-08-08,175.000000,2.427084,0.796795,64964.510000,64956.300000
29769744,2026-08-08T10:24,64967.480000,0.305700,0.608744,2026-08-08,144.000000,3.740036,0.901129,64968.540000,64964.500000
29769745,2026-08-08T10:25,64976.040000,0.470500,0.797327,2026-08-08,74.000000,0.251114,0.830695,64976.480000,64967.470000
29769746,2026-08-08T10:26,64972.990000,0.302200,0.657307,2026-08-08,22.000000,0.299442,0.022498,64976.030000,64972.990000
29769747,2026-08-08T10:27,64972.990000,0.229400,-0.955004,2026-08-08,23.000000,0.012047,0.049780,64973.000000,64972.550000
29769748,2026-08-08T10:28,64978.430000,0.319400,-0.900439,2026-08-08,64.000000,0.671157,0.754028,64978.440000,64972.880000
29769749,2026-08-08T10:29,64983.900000,0.360100,0.508168,2026-08-08,84.000000,0.599182,0.715099,64983.920000,64978.430000
29769750,2026-08-08T10:30,64983.240000,0.344800,0.430777,2026-08-08,64.000000,0.326347,0.151925,64983.910000,64983.240000
29769751,2026-08-08T10:31,64983.240000,0.373000,-0.700118,2026-08-08,39.000000,0.039329,0.794510,64983.250000,64983.240000
29769752,2026-08-08T10:32,64983.020000,0.338800,0.589020,2026-08-08,51.000000,0.327703,0.034858,64983.250000,64983.020000
29769753,2026-08-08T10:33,64980.060000,-0.005600,-0.930285,2026-08-08,66.000000,0.714760,0.081310,64983.030000,64980.050000
29769754,2026-08-08T10:34,64980.040000,0.009300,-0.837379,2026-08-08,49.000000,0.352140,0.158869,64980.060000,64980.040000
29769755,2026-08-08T10:35,64980.040000,0.221300,-0.682262,2026-08-08,52.000000,0.136222,0.859162,64980.050000,64980.040000
29769756,2026-08-08T10:36,64980.040000,-0.172400,0.718323,2026-08-08,24.000000,0.052544,0.254805,64980.050000,64980.040000
29769757,2026-08-08T10:37,64980.040000,-0.131800,-0.490390,2026-08-08,51.000000,0.542936,0.149204,64980.050000,64971.760000
29769758,2026-08-08T10:38,64974.480000,-0.122200,-0.701593,2026-08-08,137.000000,2.080756,0.997728,64974.480000,64968.140000
29769759,2026-08-08T10:39,64986.680000,-0.367800,0.995880,2026-08-08,424.000000,14.096996,0.914363,64992.050000,64974.480000
29769760,2026-08-08T10:40,64983.760000,0.333300,0.826082,2026-08-08,91.000000,0.680819,0.010047,64986.690000,64983.760000
29769761,2026-08-08T10:41,64968.180000,0.301200,-0.979906,2026-08-08,74.000000,0.499629,0.058213,64983.760000,64968.170000
29769762,2026-08-08T10:42,64968.180000,0.812400,-0.883643,2026-08-08,46.000000,0.068057,0.622500,64968.180000,64968.170000
29769763,2026-08-08T10:43,64976.400000,0.840200,0.250399,2026-08-08,60.000000,0.831843,0.889841,64977.690000,64968.170000
29769764,2026-08-08T10:44,64976.400000,0.385700,0.779683,2026-08-08,27.000000,0.019102,0.091745,64976.410000,64976.400000
29769765,2026-08-08T10:45,64976.400000,0.809800,-0.822238,2026-08-08,22.000000,0.118989,0.044508,64976.410000,64976.400000
29769766,2026-08-08T10:46,64976.400000,0.773000,-0.910521,2026-08-08,35.000000,0.826755,0.437046,64976.410000,64976.400000
29769767,2026-08-08T10:47,64976.400000,0.848400,-0.125909,2026-08-08,18.000000,0.104212,0.069621,64976.410000,64976.400000
29769768,2026-08-08T10:48,64976.400000,0.829000,-0.860759,2026-08-08,20.000000,0.029468,0.591722,64976.410000,64976.400000
29769769,2026-08-08T10:49,64976.400000,0.694600,0.183444,2026-08-08,45.000000,4.331898,0.002388,64976.410000,64976.400000
29769770,2026-08-08T10:50,64976.400000,0.745000,-0.995224,2026-08-08,22.000000,0.554134,0.122164,64976.410000,64976.400000
29769771,2026-08-08T10:51,64976.400000,0.722400,-0.755671,2026-08-08,27.000000,0.087474,0.738629,64976.410000,64976.400000
29769772,2026-08-08T10:52,64976.400000,0.753600,0.475183,2026-08-08,23.000000,0.005938,0.248015,64976.410000,64976.400000
29769773,2026-08-08T10:53,64978.990000,0.826100,-0.493467,2026-08-08,65.000000,1.557911,0.177072,64978.990000,64976.400000
29769774,2026-08-08T10:54,64969.540000,0.275100,-0.668319,2026-08-08,295.000000,19.845423,0.003846,64979.000000,64967.010000
29769775,2026-08-08T10:55,64976.240000,0.214800,-0.973079,2026-08-08,47.000000,0.288930,0.703389,64976.410000,64969.540000
29769776,2026-08-08T10:56,64976.240000,0.151800,-0.772188,2026-08-08,16.000000,0.019219,0.316341,64976.240000,64976.230000
29769777,2026-08-08T10:57,64976.240000,0.060300,-0.367317,2026-08-08,41.000000,0.156501,0.535132,64976.240000,64976.230000
29769778,2026-08-08T10:58,64976.210000,-0.164100,0.070263,2026-08-08,47.000000,0.990376,0.007073,64976.240000,64976.210000
29769779,2026-08-08T10:59,64966.680000,0.303300,-0.987250,2026-08-08,249.000000,9.337945,0.024017,64976.210000,64957.660000
29769780,2026-08-08T11:00,64966.680000,0.406300,-0.951401,2026-08-08,97.000000,1.032556,0.076753,64966.680000,64965.380000
29769781,2026-08-08T11:01,64966.680000,0.597100,-0.843601,2026-08-08,93.000000,0.065267,0.948736,64966.680000,64966.670000
29769782,2026-08-08T11:02,64966.880000,0.031900,0.894904,2026-08-08,110.000000,0.856646,0.967831,64969.500000,64966.670000
29769783,2026-08-08T11:03,64966.680000,-0.112900,0.935660,2026-08-08,132.000000,0.756411,0.585767,64967.860000,64966.680000
29769784,2026-08-08T11:04,64970.510000,0.085700,0.171080,2026-08-08,227.000000,6.982118,0.970743,64970.810000,64966.670000
29769785,2026-08-08T11:05,64970.510000,0.123000,0.941568,2026-08-08,91.000000,0.452493,0.099791,64970.520000,64970.510000
29769786,2026-08-08T11:06,64965.380000,-0.164600,-0.800419,2026-08-08,88.000000,0.600869,0.054410,64970.520000,64965.380000
29769787,2026-08-08T11:07,64964.560000,0.156800,-0.885454,2026-08-08,67.000000,0.378895,0.268856,64965.390000,64964.550000
29769788,2026-08-08T11:08,64966.990000,-0.163500,-0.417214,2026-08-08,145.000000,1.756180,0.998025,64966.990000,64964.550000
29769789,2026-08-08T11:09,64972.350000,-0.114900,0.996350,2026-08-08,375.000000,13.308152,0.934041,64979.000000,64966.980000
29769790,2026-08-08T11:10,64972.320000,0.218800,0.866362,2026-08-08,41.000000,0.165719,0.003520,64972.350000,64972.310000
29769791,2026-08-08T11:11,64979.010000,0.109000,-0.992919,2026-08-08,133.000000,1.540706,0.641270,64992.000000,64972.310000
29769792,2026-08-08T11:12,64973.010000,0.320200,0.282539,2026-08-08,84.000000,0.476655,0.326018,64979.010000,64970.010000
29769793,2026-08-08T11:13,64974.620000,0.226300,-0.347966,2026-08-08,64.000000,0.445971,0.936025,64974.620000,64973.000000
29769794,2026-08-08T11:14,64974.570000,0.191500,0.872051,2026-08-08,63.000000,0.067741,0.839831,64974.620000,64974.230000
29769795,2026-08-08T11:15,64974.010000,0.273000,0.679663,2026-08-08,51.000000,0.056003,0.654540,64974.570000,64974.000000
29769796,2026-08-08T11:16,64954.380000,0.149400,0.309080,2026-08-08,101.000000,0.858987,0.769156,64974.010000,64953.660000
29769797,2026-08-08T11:17,64954.380000,0.025000,0.538313,2026-08-08,69.000000,0.121897,0.598591,64954.390000,64953.080000
29769798,2026-08-08T11:18,64954.380000,0.003700,0.197181,2026-08-08,58.000000,0.120087,0.178675,64954.380000,64954.370000
29769799,2026-08-08T11:19,64951.650000,0.017200,-0.639529,2026-08-08,69.000000,0.135750,0.842647,64954.380000,64951.650000
29769800,2026-08-08T11:20,64946.650000,0.130300,0.687123,2026-08-08,84.000000,0.343140,0.364176,64951.660000,64946.650000
29769801,2026-08-08T11:21,64946.540000,0.047100,-0.275448,2026-08-08,45.000000,0.084180,0.812846,64946.660000,64946.640000
29769802,2026-08-08T11:22,64945.740000,0.057800,0.625692,2026-08-08,50.000000,0.009060,0.816932,64946.550000,64945.740000
29769803,2026-08-08T11:23,64939.180000,-0.011700,0.633863,2026-08-08,107.000000,1.247617,0.385743,64945.750000,64939.180000
29769804,2026-08-08T11:24,64937.880000,-0.088900,-0.227632,2026-08-08,95.000000,0.388550,0.735708,64940.490000,64937.880000
29769805,2026-08-08T11:25,64936.580000,0.052200,0.470194,2026-08-08,57.000000,0.211864,0.505663,64937.890000,64936.580000
29769806,2026-08-08T11:26,64936.580000,0.085900,0.012025,2026-08-08,57.000000,0.197583,0.142125,64936.590000,64936.580000
29769807,2026-08-08T11:27,64936.580000,0.157300,-0.717421,2026-08-08,52.000000,0.635869,0.392708,64936.590000,64935.280000
29769808,2026-08-08T11:28,64932.690000,0.302800,-0.214264,2026-08-08,71.000000,0.118581,0.254025,64936.590000,64930.650000
29769809,2026-08-08T11:29,64934.960000,0.126300,-0.489077,2026-08-08,100.000000,0.576423,0.731238,64936.590000,64932.690000
29769810,2026-08-08T11:30,64934.960000,-0.139800,0.462262,2026-08-08,77.000000,0.461175,0.062046,64934.970000,64933.940000
29769811,2026-08-08T11:31,64934.070000,0.043200,-0.875908,2026-08-08,106.000000,1.311390,0.725515,64936.580000,64930.650000
29769812,2026-08-08T11:32,64934.070000,0.386600,0.451029,2026-08-08,42.000000,0.111070,0.913262,64934.080000,64934.070000
29769813,2026-08-08T11:33,64932.370000,0.040200,0.825535,2026-08-08,105.000000,1.506340,0.655460,64939.490000,64932.360000
29769814,2026-08-08T11:34,64936.580000,0.234200,0.313266,2026-08-08,57.000000,0.487101,0.839479,64936.590000,64932.360000
29769815,2026-08-08T11:35,64936.430000,-0.005600,0.675608,2026-08-08,47.000000,0.237496,0.047870,64936.590000,64936.430000
29769816,2026-08-08T11:36,64932.600000,0.202700,-0.904261,2026-08-08,85.000000,0.098507,0.567187,64936.440000,64931.470000
29769817,2026-08-08T11:37,64931.400000,-0.026100,0.111792,2026-08-08,60.000000,0.046962,0.354914,64932.610000,64931.340000
29769818,2026-08-08T11:38,64930.930000,0.264700,-0.326838,2026-08-08,61.000000,0.098991,0.932167,64931.390000,64930.930000
29769819,2026-08-08T11:39,64930.930000,0.140600,0.954723,2026-08-08,61.000000,0.047092,0.880155,64930.940000,64930.930000
29769820,2026-08-08T11:40,64930.710000,0.242900,0.756631,2026-08-08,111.000000,0.967446,0.164845,64930.940000,64927.670000
29769821,2026-08-08T11:41,64930.930000,0.218500,-0.670468,2026-08-08,97.000000,0.662899,0.622042,64930.940000,64928.680000
29769822,2026-08-08T11:42,64929.070000,0.092900,0.244085,2026-08-08,161.000000,3.797324,0.021875,64931.400000,64926.270000
29769823,2026-08-08T11:43,64929.070000,-0.093600,-0.956251,2026-08-08,49.000000,0.054679,0.772276,64929.070000,64929.060000
29769824,2026-08-08T11:44,64928.400000,0.318200,0.551737,2026-08-08,91.000000,0.270092,0.671454,64929.070000,64928.400000
29769825,2026-08-08T11:45,64919.580000,-0.378300,0.336737,2026-08-08,88.000000,0.596242,0.812361,64928.410000,64919.580000
29769826,2026-08-08T11:46,64917.210000,-0.221300,0.626937,2026-08-08,78.000000,0.127393,0.677045,64919.590000,64917.200000
29769827,2026-08-08T11:47,64917.210000,-0.143800,0.354091,2026-08-08,73.000000,0.064074,0.774909,64917.210000,64917.200000
29769828,2026-08-08T11:48,64917.210000,0.148100,0.549818,2026-08-08,57.000000,0.057313,0.847202,64917.210000,64917.200000
29769829,2026-08-08T11:49,64914.710000,0.170000,0.694404,2026-08-08,103.000000,0.892869,0.112189,64917.210000,64912.020000
29769830,2026-08-08T11:50,64921.180000,0.081300,-0.775621,2026-08-08,100.000000,0.752443,0.974476,64921.190000,64914.700000
29769831,2026-08-08T11:51,64921.180000,-0.127500,0.948953,2026-08-08,30.000000,0.014304,0.153419,64921.190000,64921.180000
29769832,2026-08-08T11:52,64928.320000,0.020800,-0.693162,2026-08-08,84.000000,1.034844,0.986466,64928.320000,64919.890000
29769833,2026-08-08T11:53,64928.320000,-0.053100,0.972931,2026-08-08,37.000000,0.091932,0.219733,64928.320000,64928.310000
29769834,2026-08-08T11:54,64928.460000,0.299400,-0.586071,2026-08-08,54.000000,0.527061,0.530393,64929.070000,64928.310000
29769835,2026-08-08T11:55,64928.460000,0.222000,0.076575,2026-08-08,41.000000,0.049367,0.339319,64928.470000,64928.460000
29769836,2026-08-08T11:56,64928.460000,0.299100,-0.388883,2026-08-08,26.000000,0.070169,0.029331,64928.470000,64928.460000
29769837,2026-08-08T11:57,64928.460000,0.219200,-0.941338,2026-08-08,80.000000,0.411815,0.848515,64928.470000,64926.740000
29769838,2026-08-08T11:58,64928.460000,0.412800,0.697030,2026-08-08,81.000000,0.373139,0.199990,64928.470000,64928.460000
29769839,2026-08-08T11:59,64922.830000,0.194700,-0.593760,2026-08-08,120.000000,0.452069,0.794835,64931.940000,64921.540000
29769840,2026-08-08T12:00,64918.010000,0.066300,0.588335,2026-08-08,111.000000,0.266201,0.223424,64921.870000,64917.430000
29769841,2026-08-08T12:01,64915.690000,-0.049900,-0.546909,2026-08-08,79.000000,0.123565,0.402245,64918.010000,64914.960000
29769842,2026-08-08T12:02,64915.690000,-0.170400,-0.205995,2026-08-08,79.000000,0.106309,0.606098,64915.700000,64915.690000
29769843,2026-08-08T12:03,64914.420000,-0.303300,0.220499,2026-08-08,110.000000,0.152531,0.418234,64915.700000,64914.410000
29769844,2026-08-08T12:04,64911.460000,-0.381600,-0.172217,2026-08-08,125.000000,1.179589,0.214621,64914.420000,64909.090000
29769845,2026-08-08T12:05,64910.260000,0.025200,-0.570761,2026-08-08,113.000000,0.514841,0.698064,64911.470000,64908.960000
29769846,2026-08-08T12:06,64911.880000,-0.105200,0.396127,2026-08-08,100.000000,0.498231,0.939639,64911.890000,64910.260000
29769847,2026-08-08T12:07,64885.520000,-0.096900,0.880521,2026-08-08,209.000000,1.401157,0.566882,64911.890000,64885.520000
29769848,2026-08-08T12:08,64891.460000,-0.299700,0.129675,2026-08-08,160.000000,1.301934,0.934872,64893.880000,64881.260000
29769849,2026-08-08T12:09,64882.100000,0.214300,0.869894,2026-08-08,116.000000,0.965114,0.175572,64891.470000,64880.000000
29769850,2026-08-08T12:10,64887.480000,0.316200,-0.652864,2026-08-08,113.000000,0.895145,0.530074,64890.850000,64882.100000
29769851,2026-08-08T12:11,64892.120000,0.404900,0.060148,2026-08-08,81.000000,0.372998,0.943798,64892.120000,64887.480000
29769852,2026-08-08T12:12,64899.350000,0.494600,0.887984,2026-08-08,97.000000,0.578780,0.714049,64899.360000,64892.110000
29769853,2026-08-08T12:13,64913.230000,0.112100,0.493084,2026-08-08,174.000000,3.332197,0.122186,64916.090000,64899.360000
29769854,2026-08-08T12:14,64967.710000,0.378800,-0.808229,2026-08-08,316.000000,3.814621,0.780249,64970.000000,64911.480000
29769855,2026-08-08T12:15,64989.650000,0.450100,0.649425,2026-08-08,212.000000,2.389686,0.400752,64992.870000,64968.130000
29769856,2026-08-08T12:16,64995.260000,0.640300,-0.204992,2026-08-08,231.000000,2.055224,0.846805,65010.110000,64979.000000
29769857,2026-08-08T12:17,64989.670000,-0.053400,0.710069,2026-08-08,106.000000,0.653309,0.571478,64997.100000,64989.670000
29769858,2026-08-08T12:18,64988.740000,0.116900,0.142621,2026-08-08,83.000000,0.139562,0.760334,64989.670000,64988.160000
29769859,2026-08-08T12:19,64979.010000,0.016600,0.516441,2026-08-08,88.000000,0.209690,0.749853,64988.730000,64979.000000
29769860,2026-08-08T12:20,64956.540000,0.044200,0.500069,2026-08-08,125.000000,0.602043,0.327122,64979.010000,64955.520000
29769861,2026-08-08T12:21,64946.430000,-0.283300,-0.346095,2026-08-08,118.000000,0.481716,0.319821,64956.910000,64946.420000
29769862,2026-08-08T12:22,64945.130000,-0.042900,-0.360352,2026-08-08,52.000000,0.125539,0.386177,64946.430000,64945.130000
29769863,2026-08-08T12:23,64941.680000,0.294900,-0.270503,2026-08-08,75.000000,0.183820,0.782983,64945.140000,64941.680000
29769864,2026-08-08T12:24,64941.680000,0.247300,0.631384,2026-08-08,66.000000,0.048824,0.624473,64941.690000,64941.680000
29769865,2026-08-08T12:25,64940.400000,0.361900,0.249535,2026-08-08,81.000000,0.217376,0.123127,64941.690000,64939.090000
29769866,2026-08-08T12:26,64935.570000,0.036600,-0.754054,2026-08-08,57.000000,0.156463,0.060646,64938.310000,64935.560000
29769867,2026-08-08T12:27,64932.570000,0.339200,-0.878708,2026-08-08,66.000000,0.134554,0.280129,64935.570000,64932.560000
29769868,2026-08-08T12:28,64932.570000,0.347100,-0.439741,2026-08-08,65.000000,0.043195,0.980262,64932.570000,64932.560000
29769869,2026-08-08T12:29,64932.570000,0.466400,0.945700,2026-08-08,109.000000,0.091512,0.779172,64932.570000,64932.560000
29769870,2026-08-08T12:30,64947.380000,0.394600,0.969036,2026-08-08,249.000000,2.454358,0.883915,64953.660000,64932.570000
29769871,2026-08-08T12:31,64944.740000,-0.035400,0.548320,2026-08-08,103.000000,0.636354,0.382330,64949.380000,64943.460000
29769872,2026-08-08T12:32,64944.740000,0.117600,-0.235341,2026-08-08,57.000000,0.084878,0.850215,64944.750000,64944.740000
29769873,2026-08-08T12:33,64944.740000,0.549500,0.903875,2026-08-08,77.000000,0.229912,0.937174,64944.750000,64944.740000
29769874,2026-08-08T12:34,64945.600000,0.584400,0.425392,2026-08-08,82.000000,0.096214,0.767379,64945.600000,64944.740000
29769875,2026-08-08T12:35,64956.920000,-0.118800,0.534745,2026-08-08,154.000000,1.272574,0.882161,64956.920000,64945.590000
29769876,2026-08-08T12:36,64956.920000,-0.172200,0.732878,2026-08-08,59.000000,0.389534,0.170248,64956.920000,64956.910000
29769877,2026-08-08T12:37,64959.150000,-0.231900,-0.638047,2026-08-08,91.000000,0.224265,0.924731,64960.900000,64956.910000
29769878,2026-08-08T12:38,64964.990000,0.419300,0.850321,2026-08-08,100.000000,0.371416,0.971304,64964.990000,64959.140000
29769879,2026-08-08T12:39,64978.990000,0.177500,0.942495,2026-08-08,169.000000,1.141258,0.206521,64979.000000,64964.990000
29769880,2026-08-08T12:40,64978.990000,0.398000,-0.584882,2026-08-08,95.000000,0.087030,0.647215,64979.000000,64976.760000
29769881,2026-08-08T12:41,64983.370000,0.359800,0.282094,2026-08-08,122.000000,0.312143,0.673960,64983.530000,64978.990000
29769882,2026-08-08T12:42,64977.990000,0.505400,0.371242,2026-08-08,111.000000,0.237785,0.271114,64983.370000,64974.410000
29769883,2026-08-08T12:43,64973.020000,0.217200,-0.521044,2026-08-08,175.000000,2.036796,0.088600,64979.000000,64972.720000
29769884,2026-08-08T12:44,64956.070000,0.516200,-0.836845,2026-08-08,198.000000,3.270391,0.035370,64972.730000,64955.460000
29769885,2026-08-08T12:45,64959.290000,0.644200,-0.925710,2026-08-08,88.000000,0.403171,0.596919,64959.290000,64956.070000
29769886,2026-08-08T12:46,64962.430000,0.299300,0.193839,2026-08-08,91.000000,0.123827,0.988321,64962.440000,64959.280000
29769887,2026-08-08T12:47,64961.670000,0.405900,0.971098,2026-08-08,72.000000,0.100373,0.609208,64962.440000,64961.660000
29769888,2026-08-08T12:48,64960.650000,0.329100,0.222659,2026-08-08,145.000000,1.105000,0.495146,64962.930000,64960.390000
29769889,2026-08-08T12:49,64965.240000,-0.203000,-0.009346,2026-08-08,300.000000,6.604578,0.983696,64970.940000,64960.640000
29769890,2026-08-08T12:50,64978.990000,0.133000,0.967391,2026-08-08,124.000000,0.720530,0.793094,64980.030000,64965.230000
29769891,2026-08-08T12:51,64978.990000,0.217400,0.587958,2026-08-08,73.000000,0.039757,0.848266,64979.000000,64978.990000
29769892,2026-08-08T12:52,64981.490000,0.117700,0.721686,2026-08-08,102.000000,0.246316,0.517511,64981.490000,64977.700000
29769893,2026-08-08T12:53,64983.620000,0.415100,0.012358,2026-08-08,112.000000,0.217764,0.681990,64983.620000,64981.480000
29769894,2026-08-08T12:54,64981.490000,0.065400,0.353603,2026-08-08,84.000000,0.169506,0.226980,64983.620000,64981.480000
29769895,2026-08-08T12:55,64971.760000,0.149600,-0.546040,2026-08-08,91.000000,0.213461,0.498580,64981.490000,64971.760000
29769896,2026-08-08T12:56,64968.150000,-0.485200,0.006935,2026-08-08,103.000000,0.259549,0.384847,64971.770000,64968.140000
29769897,2026-08-08T12:57,64960.900000,0.042400,-0.240348,2026-08-08,86.000000,0.067075,0.712496,64968.150000,64960.910000
29769898,2026-08-08T12:58,64955.880000,0.352800,0.475253,2026-08-08,115.000000,2.058205,0.032429,64960.910000,64950.000000
29769899,2026-08-08T12:59,64960.900000,0.231500,-0.941060,2026-08-08,110.000000,0.240136,0.959934,64960.910000,64955.890000
29769900,2026-08-08T13:00,64960.900000,0.378000,0.913441,2026-08-08,103.000000,0.284065,0.964333,64960.910000,64960.890000
29769901,2026-08-08T13:01,64963.120000,0.613000,0.934785,2026-08-08,127.000000,0.905488,0.224914,64963.740000,64958.150000
29769902,2026-08-08T13:02,64961.620000,0.258600,-0.555183,2026-08-08,126.000000,0.312347,0.265516,64964.770000,64961.610000
29769903,2026-08-08T13:03,64963.490000,0.079300,-0.469547,2026-08-08,164.000000,1.301197,0.214704,64966.060000,64961.610000
29769904,2026-08-08T13:04,64954.680000,0.299600,-0.591295,2026-08-08,446.000000,19.359310,0.004621,64963.500000,64952.320000
29769905,2026-08-08T13:05,64968.620000,0.333300,-0.991466,2026-08-08,178.000000,0.994498,0.981805,64969.860000,64954.670000
29769906,2026-08-08T13:06,64968.080000,0.522100,0.963611,2026-08-08,75.000000,0.130083,0.871741,64968.630000,64968.080000
29769907,2026-08-08T13:07,64976.980000,0.098900,0.743482,2026-08-08,133.000000,0.896681,0.307439,64980.730000,64968.080000
29769908,2026-08-08T13:08,64966.820000,0.192600,-0.398020,2026-08-08,102.000000,0.151961,0.622943,64973.510000,64966.820000
29769909,2026-08-08T13:09,64960.460000,0.115700,0.426559,2026-08-08,164.000000,1.163289,0.194705,64966.830000,64956.140000
29769910,2026-08-08T13:10,64962.130000,0.323900,-0.609791,2026-08-08,79.000000,0.363521,0.975255,64962.140000,64960.460000
29769911,2026-08-08T13:11,64962.130000,0.549100,0.950531,2026-08-08,107.000000,0.490197,0.466557,64962.140000,64962.030000
29769912,2026-08-08T13:12,64966.510000,0.302100,-0.052320,2026-08-08,160.000000,1.250108,0.946058,64969.130000,64962.130000
29769913,2026-08-08T13:13,64967.190000,0.223900,0.891700,2026-08-08,80.000000,0.577987,0.637977,64971.400000,64966.510000
29769914,2026-08-08T13:14,64957.520000,0.234900,0.291787,2026-08-08,274.000000,11.407229,0.103105,64967.200000,64954.500000
29769915,2026-08-08T13:15,64963.520000,0.144100,-0.795949,2026-08-08,123.000000,0.493918,0.935547,64963.800000,64957.530000
29769916,2026-08-08T13:16,64962.460000,0.208800,0.871094,2026-08-08,124.000000,2.467474,0.187859,64963.530000,64954.830000
29769917,2026-08-08T13:17,64979.120000,0.261200,-0.624282,2026-08-08,166.000000,1.354881,0.996558,64981.000000,64962.460000
29769918,2026-08-08T13:18,64979.540000,0.178700,0.993115,2026-08-08,119.000000,0.399469,0.983692,64982.820000,64979.110000
29769919,2026-08-08T13:19,64970.760000,0.126900,0.967444,2026-08-08,101.000000,0.719571,0.733399,64979.540000,64969.210000
29769920,2026-08-08T13:20,64968.150000,-0.611900,0.466260,2026-08-08,114.000000,0.415629,0.530001,64970.760000,64970.610000
29769921,2026-08-08T13:21,64967.480000,0.231600,0.059992,2026-08-08,97.000000,0.423619,0.734727,64968.150000,64967.470000
29769922,2026-08-08T13:22,64970.600000,-0.314100,0.496615,2026-08-08,123.000000,0.954753,0.791152,64970.600000,64967.480000
29769923,2026-08-08T13:23,64970.600000,0.167300,0.576478,2026-08-08,108.000000,0.373058,0.966097,64970.620000,64970.590000
29769924,2026-08-08T13:24,64970.020000,0.011400,0.930505,2026-08-08,108.000000,0.723819,0.726781,64970.610000,64970.020000
29769925,2026-08-08T13:25,64970.020000,0.164000,0.453065,2026-08-08,86.000000,0.666079,0.637098,64970.030000,64970.020000
29769926,2026-08-08T13:26,64970.790000,0.502400,0.336726,2026-08-08,124.000000,2.531409,0.995749,64971.900000,64970.030000
29769927,2026-08-08T13:27,64973.650000,0.522700,0.991298,2026-08-08,89.000000,0.181652,0.724238,64974.800000,64970.800000
29769928,2026-08-08T13:28,64979.330000,-0.312000,0.435223,2026-08-08,139.000000,0.249969,0.659231,64980.770000,64973.650000
29769929,2026-08-08T13:29,64979.330000,-0.385600,0.318055,2026-08-08,92.000000,0.283680,0.835600,64979.340000,64979.330000
29769930,2026-08-08T13:30,64973.210000,-0.562400,0.673632,2026-08-08,118.000000,0.574014,0.147057,64979.340000,64973.210000
29769931,2026-08-08T13:31,64968.150000,-0.592800,-0.711522,2026-08-08,123.000000,0.715117,0.255157,64973.220000,64968.150000
29769932,2026-08-08T13:32,64968.150000,-0.461600,-0.489706,2026-08-08,115.000000,0.604820,0.527752,64968.160000,64968.150000
29769933,2026-08-08T13:33,64957.290000,0.061300,0.050556,2026-08-08,104.000000,0.690589,0.185328,64968.160000,64957.280000
29769934,2026-08-08T13:34,64960.620000,-0.196300,-0.625213,2026-08-08,125.000000,0.306467,0.778122,64960.910000,64957.280000
29769935,2026-08-08T13:35,64960.620000,-0.149000,0.557905,2026-08-08,86.000000,0.943080,0.977419,64960.630000,64960.620000
29769936,2026-08-08T13:36,64962.270000,-0.328400,0.954698,2026-08-08,113.000000,0.419387,0.889698,64962.510000,64960.620000
29769937,2026-08-08T13:37,64959.510000,0.057100,0.779796,2026-08-08,117.000000,2.746498,0.255263,64962.280000,64954.400000
29769938,2026-08-08T13:38,64967.490000,-0.421700,-0.489888,2026-08-08,177.000000,3.125635,0.937926,64968.130000,64959.340000
29769939,2026-08-08T13:39,64960.620000,-0.183900,0.887340,2026-08-08,261.000000,8.893731,0.848958,64967.980000,64960.280000
29769940,2026-08-08T13:40,64966.060000,-0.292900,0.686687,2026-08-08,95.000000,0.721920,0.741793,64966.060000,64960.600000
29769941,2026-08-08T13:41,64965.990000,-0.165200,0.483586,2026-08-08,90.000000,0.269795,0.647594,64966.060000,64965.990000
29769942,2026-08-08T13:42,64965.990000,-0.124800,0.297569,2026-08-08,84.000000,0.158817,0.890508,64966.000000,64965.990000
29769943,2026-08-08T13:43,64967.190000,-0.297600,0.779749,2026-08-08,168.000000,3.849677,0.961330,64968.160000,64965.990000
29769944,2026-08-08T13:44,64965.990000,-0.193500,0.927170,2026-08-08,256.000000,10.867077,0.961405,64971.310000,64965.990000
29769945,2026-08-08T13:45,64964.880000,-0.243800,0.919422,2026-08-08,101.000000,0.201587,0.755595,64965.990000,64963.570000
29769946,2026-08-08T13:46,64957.290000,-0.264000,0.583211,2026-08-08,103.000000,0.587404,0.176211,64964.880000,64955.990000
29769947,2026-08-08T13:47,64962.560000,-0.067800,-0.647578,2026-08-08,124.000000,0.956560,0.659288,64963.510000,64957.270000
29769948,2026-08-08T13:48,64962.540000,-0.076400,0.318575,2026-08-08,93.000000,2.092038,0.976149,64962.560000,64962.050000
29769949,2026-08-08T13:49,64973.040000,-0.042000,0.956371,2026-08-08,310.000000,10.165406,0.942610,64976.040000,64962.540000
29769950,2026-08-08T13:50,64973.040000,-0.225000,0.882972,2026-08-08,86.000000,0.397919,0.668708,64973.040000,64973.030000
29769951,2026-08-08T13:51,64972.740000,-0.270200,0.337415,2026-08-08,86.000000,0.377675,0.722933,64973.040000,64971.990000
29769952,2026-08-08T13:52,64972.070000,-0.297100,0.449060,2026-08-08,64.000000,0.138806,0.748321,64972.740000,64972.070000
29769953,2026-08-08T13:53,64972.080000,0.192800,0.488575,2026-08-08,90.000000,1.389643,0.935703,64972.510000,64972.070000
29769954,2026-08-08T13:54,64972.810000,-0.000700,0.875799,2026-08-08,142.000000,2.649861,0.985854,64972.810000,64972.080000
29769955,2026-08-08T13:55,64978.600000,0.004200,0.965302,2026-08-08,87.000000,0.321741,0.884916,64978.610000,64972.800000
29769956,2026-08-08T13:56,64974.120000,-0.144600,0.813564,2026-08-08,73.000000,0.233574,0.180381,64978.610000,64974.120000
29769957,2026-08-08T13:57,64978.600000,0.237600,-0.636626,2026-08-08,93.000000,0.334833,0.958505,64978.610000,64972.830000
29769958,2026-08-08T13:58,64973.350000,0.109900,0.916917,2026-08-08,143.000000,2.427300,0.056056,64978.610000,64970.520000
29769959,2026-08-08T13:59,64973.600000,0.144200,-0.896055,2026-08-08,283.000000,10.730196,0.034344,64974.320000,64964.680000
29769960,2026-08-08T14:00,64973.600000,0.191000,-0.929360,2026-08-08,115.000000,0.905820,0.183345,64973.610000,64968.430000
29769961,2026-08-08T14:01,64976.020000,-0.015000,-0.637563,2026-08-08,94.000000,0.561409,0.949938,64976.030000,64973.590000
29769962,2026-08-08T14:02,64975.680000,-0.046500,0.883891,2026-08-08,111.000000,0.416694,0.822127,64976.030000,64975.350000
29769963,2026-08-08T14:03,64975.630000,-0.181400,0.662815,2026-08-08,93.000000,0.409584,0.347879,64975.680000,64975.630000
29769964,2026-08-08T14:04,64975.680000,0.246200,-0.178558,2026-08-08,103.000000,0.307173,0.894142,64975.680000,64975.630000
29769965,2026-08-08T14:05,64985.630000,0.079000,0.754523,2026-08-08,114.000000,0.579618,0.619482,64994.300000,64975.670000
29769966,2026-08-08T14:06,64988.760000,0.366100,0.236996,2026-08-08,122.000000,0.273097,0.844199,64988.770000,64985.170000
29769967,2026-08-08T14:07,64988.270000,0.039800,0.687477,2026-08-08,120.000000,0.610542,0.531694,64989.060000,64988.230000
29769968,2026-08-08T14:08,64989.900000,0.103900,0.334788,2026-08-08,123.000000,0.648232,0.814680,64989.910000,64988.280000
29769969,2026-08-08T14:09,64989.900000,0.476800,0.398052,2026-08-08,88.000000,0.301029,0.594989,64989.910000,64989.590000
29769970,2026-08-08T14:10,64991.880000,-0.064400,0.189977,2026-08-08,110.000000,0.555729,0.962546,64991.880000,64989.890000
29769971,2026-08-08T14:11,65004.190000,0.152300,0.943195,2026-08-08,130.000000,1.030618,0.927685,65004.200000,64991.870000
29769972,2026-08-08T14:12,65007.040000,-0.092500,0.804227,2026-08-08,139.000000,0.303756,0.623179,65007.050000,65004.190000
29769973,2026-08-08T14:13,65018.680000,0.070800,0.288772,2026-08-08,105.000000,0.387410,0.496965,65018.810000,65007.030000
29769974,2026-08-08T14:14,65019.350000,0.163900,-0.029977,2026-08-08,111.000000,0.774974,0.346564,65019.380000,65012.660000
29769975,2026-08-08T14:15,65009.510000,0.011900,-0.298248,2026-08-08,181.000000,1.895234,0.281118,65022.990000,64998.160000
29769976,2026-08-08T14:16,65009.510000,-0.095000,-0.437745,2026-08-08,94.000000,0.112720,0.693955,65009.520000,65009.510000
29769977,2026-08-08T14:17,65009.510000,-0.136300,0.387827,2026-08-08,123.000000,0.205470,0.603705,65009.520000,65009.510000
29769978,2026-08-08T14:18,65011.570000,0.315400,0.207704,2026-08-08,109.000000,0.883882,0.994774,65013.490000,65009.510000
29769979,2026-08-08T14:19,65012.920000,-0.051100,0.981027,2026-08-08,385.000000,14.983291,0.892586,65022.750000,65008.940000
29769980,2026-08-08T14:20,65008.170000,0.032500,0.783868,2026-08-08,121.000000,1.635525,0.068611,65012.920000,65006.920000
29769981,2026-08-08T14:21,65012.920000,-0.224000,-0.862777,2026-08-08,143.000000,0.788777,0.734741,65012.920000,65008.680000
29769982,2026-08-08T14:22,65021.460000,0.301600,0.469481,2026-08-08,138.000000,0.914076,0.338751,65021.460000,65012.910000
29769983,2026-08-08T14:23,65076.740000,0.237700,-0.322436,2026-08-08,423.000000,7.991661,0.929502,65076.740000,65021.460000
29769984,2026-08-08T14:24,65076.880000,0.210700,0.844495,2026-08-08,256.000000,1.493160,0.448350,65081.430000,65072.960000
29769985,2026-08-08T14:25,65066.990000,-0.127700,-0.476649,2026-08-08,139.000000,1.445882,0.514955,65080.930000,65065.520000
29769986,2026-08-08T14:26,65078.380000,0.012400,0.006047,2026-08-08,288.000000,2.934686,0.698604,65078.520000,65037.750000
29769987,2026-08-08T14:27,65066.510000,-0.277600,0.397236,2026-08-08,129.000000,0.698448,0.323927,65078.390000,65062.850000
29769988,2026-08-08T14:28,65091.230000,-0.586100,-0.347437,2026-08-08,379.000000,10.634640,0.968529,65106.010000,65066.500000
29769989,2026-08-08T14:29,65087.600000,-0.048400,0.937045,2026-08-08,228.000000,0.314403,0.247464,65091.230000,65087.600000
29769990,2026-08-08T14:30,65094.830000,-0.129200,0.718263,2026-08-08,423.000000,3.540433,0.733074,65130.590000,65083.440000
29769991,2026-08-08T14:31,65127.430000,0.170400,0.136984,2026-08-08,375.000000,3.160549,0.811963,65150.160000,65094.830000
29769992,2026-08-08T14:32,65118.880000,-0.008400,0.622199,2026-08-08,210.000000,1.181772,0.508062,65127.430000,65109.320000
29769993,2026-08-08T14:33,65114.440000,0.197700,0.015706,2026-08-08,106.000000,0.488367,0.230194,65124.000000,65114.440000
29769994,2026-08-08T14:34,65121.920000,0.358300,-0.538655,2026-08-08,138.000000,0.879177,0.682099,65121.910000,65107.880000
29769995,2026-08-08T14:35,65128.350000,-0.238700,0.363703,2026-08-08,182.000000,1.243103,0.208579,65148.930000,65121.910000
29769996,2026-08-08T14:36,65125.760000,0.185000,-0.582783,2026-08-08,172.000000,0.640742,0.184942,65130.520000,65125.230000
29769997,2026-08-08T14:37,65135.010000,0.249700,-0.630116,2026-08-08,154.000000,7.093217,0.834350,65135.010000,65125.750000
29769998,2026-08-08T14:38,65114.010000,-0.161000,0.668700,2026-08-08,207.000000,3.995884,0.183028,65140.450000,65114.000000
29769999,2026-08-08T14:39,65099.620000,-0.236300,-0.633944,2026-08-08,157.000000,2.205293,0.675367,65119.750000,65099.610000
29770000,2026-08-08T14:40,65082.790000,-0.082300,0.450578,2026-08-08,189.000000,3.829117,0.117055,65099.620000,65072.750000
29770001,2026-08-08T14:41,65070.260000,-0.509200,-0.972315,2026-08-08,122.000000,0.975203,0.164615,65082.790000,65070.250000
29770002,2026-08-08T14:42,65070.020000,-0.766500,-0.673362,2026-08-08,103.000000,0.296709,0.250114,65070.260000,65070.020000
29770003,2026-08-08T14:43,65068.960000,-0.336200,-0.486373,2026-08-08,105.000000,0.328605,0.194669,65070.030000,65068.950000
29770004,2026-08-08T14:44,65067.650000,-0.679400,-0.610663,2026-08-08,50.000000,0.260455,0.505171,65068.960000,65067.650000
29770005,2026-08-08T14:45,65078.940000,0.578800,0.010343,2026-08-08,121.000000,0.654819,0.972852,65078.950000,65067.650000
29770006,2026-08-08T14:46,65086.130000,-0.069500,0.945704,2026-08-08,62.000000,0.049490,0.948445,65086.140000,65078.950000
29770007,2026-08-08T14:47,65098.460000,0.074300,0.896890,2026-08-08,99.000000,0.803359,0.987872,65098.460000,65086.130000
29770008,2026-08-08T14:48,65105.690000,0.144600,0.975744,2026-08-08,174.000000,2.185946,0.981014,65107.970000,65098.460000
29770009,2026-08-08T14:49,65112.930000,0.643900,0.962131,2026-08-08,142.000000,0.311843,0.429085,65112.930000,65105.700000
29770010,2026-08-08T14:50,65108.790000,-0.188400,-0.164118,2026-08-08,112.000000,0.412977,0.215576,65112.940000,65108.780000
29770011,2026-08-08T14:51,65112.930000,0.205400,-0.568927,2026-08-08,127.000000,0.503231,0.833877,65112.940000,65108.780000
29770012,2026-08-08T14:52,65108.130000,0.032300,0.668008,2026-08-08,113.000000,0.644076,0.269372,65112.940000,65106.910000
29770013,2026-08-08T14:53,65107.350000,-0.242500,-0.461091,2026-08-08,155.000000,0.671380,0.440410,65108.140000,65106.830000
29770014,2026-08-08T14:54,65111.650000,-0.115800,-0.118058,2026-08-08,177.000000,0.680931,0.843118,65111.660000,65107.350000
29770015,2026-08-08T14:55,65111.650000,0.052700,0.686866,2026-08-08,116.000000,0.182373,0.479270,65111.650000,65111.640000
29770016,2026-08-08T14:56,65132.100000,0.117300,0.640765,2026-08-08,110.000000,0.647742,0.988262,65132.110000,65111.650000
29770017,2026-08-08T14:57,65109.760000,-0.041700,0.949191,2026-08-08,178.000000,1.290310,0.095361,65134.650000,65105.000000
29770018,2026-08-08T14:58,65083.990000,-0.501400,-0.809299,2026-08-08,144.000000,2.238647,0.022206,65109.760000,65083.980000
29770019,2026-08-08T14:59,65082.740000,0.130700,-0.955587,2026-08-08,79.000000,0.327518,0.705083,65083.990000,65082.730000
29770020,2026-08-08T15:00,65109.320000,0.197000,0.418525,2026-08-08,161.000000,0.697122,0.885190,65109.320000,65082.730000
29770021,2026-08-08T15:01,65098.440000,0.116600,0.769152,2026-08-08,150.000000,1.178533,0.099213,65109.720000,65093.400000
29770022,2026-08-08T15:02,65077.060000,-0.058900,-0.800567,2026-08-08,134.000000,1.036806,0.090652,65098.450000,65077.050000
29770023,2026-08-08T15:03,65070.010000,0.210800,-0.820126,2026-08-08,113.000000,1.037571,0.412201,65079.480000,65070.000000
29770024,2026-08-08T15:04,65071.830000,-0.287500,-0.175120,2026-08-08,119.000000,0.524481,0.272930,65074.030000,65070.000000
29770025,2026-08-08T15:05,65071.990000,-0.390700,-0.455353,2026-08-08,62.000000,0.136294,0.609647,65071.990000,65071.980000
29770026,2026-08-08T15:06,65058.880000,0.194000,0.223859,2026-08-08,129.000000,1.067817,0.451680,65071.990000,65058.870000
29770027,2026-08-08T15:07,65056.710000,0.142800,-0.097463,2026-08-08,149.000000,0.962577,0.473430,65058.880000,65051.400000
29770028,2026-08-08T15:08,65057.350000,0.359900,-0.048454,2026-08-08,112.000000,0.786296,0.952885,65057.350000,65056.390000
29770029,2026-08-08T15:09,65056.710000,-0.069300,0.905251,2026-08-08,113.000000,0.701915,0.467232,65057.940000,65056.710000
29770030,2026-08-08T15:10,65056.710000,-0.041300,-0.065574,2026-08-08,100.000000,0.446112,0.538830,65056.720000,65056.710000
29770031,2026-08-08T15:11,65066.930000,0.081800,0.270710,2026-08-08,108.000000,0.639277,0.828916,65066.940000,65056.720000
29770032,2026-08-08T15:12,65066.920000,0.018000,0.580581,2026-08-08,43.000000,0.083499,0.297181,65066.940000,65066.910000
29770033,2026-08-08T15:13,65056.400000,-0.081600,-0.427493,2026-08-08,115.000000,1.273432,0.162066,65066.920000,65056.390000
29770034,2026-08-08T15:14,65053.790000,0.135100,-0.706385,2026-08-08,321.000000,11.811279,0.022307,65056.390000,65048.770000
29770035,2026-08-08T15:15,65058.650000,0.372600,-0.954883,2026-08-08,181.000000,4.074437,0.174717,65065.340000,65053.730000
29770036,2026-08-08T15:16,65050.350000,-0.459100,-0.650435,2026-08-08,150.000000,2.487431,0.050159,65058.650000,65049.500000
29770037,2026-08-08T15:17,65043.170000,0.184100,-0.900119,2026-08-08,150.000000,1.210411,0.182360,65049.330000,65040.270000
29770038,2026-08-08T15:18,65044.480000,-0.056800,-0.629097,2026-08-08,97.000000,0.149935,0.941608,65044.480000,65043.160000
29770039,2026-08-08T15:19,65039.460000,-0.030900,0.900262,2026-08-08,118.000000,0.518376,0.251702,65044.480000,65039.450000
29770040,2026-08-08T15:20,65032.420000,-0.386600,-0.496596,2026-08-08,110.000000,1.249674,0.123398,65039.460000,65032.410000
29770041,2026-08-08T15:21,65032.420000,-0.106900,-0.752999,2026-08-08,96.000000,0.501276,0.870363,65034.050000,65032.410000
29770042,2026-08-08T15:22,65037.810000,-0.371800,0.740651,2026-08-08,68.000000,0.535322,0.902402,65037.810000,65032.410000
29770043,2026-08-08T15:23,65038.100000,-0.244100,0.804804,2026-08-08,62.000000,1.139039,0.949266,65038.540000,65037.800000
29770044,2026-08-08T15:24,65058.350000,-0.461700,0.915420,2026-08-08,405.000000,18.402058,0.983769,65061.930000,65038.100000
29770045,2026-08-08T15:25,65058.040000,0.025600,0.967133,2026-08-08,173.000000,0.474651,0.028443,65058.350000,65058.040000
29770046,2026-08-08T15:26,65045.010000,-0.315500,-0.943114,2026-08-08,111.000000,1.086708,0.116910,65058.050000,65045.000000
29770047,2026-08-08T15:27,65042.070000,-0.046400,-0.766181,2026-08-08,111.000000,1.224916,0.069521,65045.010000,65038.900000
29770048,2026-08-08T15:28,65046.430000,-0.114000,-0.861437,2026-08-08,114.000000,0.449435,0.516618,65046.630000,65042.060000
29770049,2026-08-08T15:29,65046.620000,0.072300,0.044004,2026-08-08,128.000000,1.226549,0.342738,65046.630000,65042.190000
29770050,2026-08-08T15:30,65042.070000,0.071500,-0.314503,2026-08-08,115.000000,0.628603,0.581927,65047.460000,65042.060000
29770051,2026-08-08T15:31,65042.070000,0.374000,0.172353,2026-08-08,66.000000,0.088009,0.868123,65042.070000,65042.060000
29770052,2026-08-08T15:32,65040.150000,-0.041100,0.716047,2026-08-08,121.000000,0.740973,0.746376,65042.070000,65040.130000
29770053,2026-08-08T15:33,65033.310000,-0.226200,0.492827,2026-08-08,69.000000,0.344824,0.243039,65040.150000,65033.300000
29770054,2026-08-08T15:34,65032.430000,-0.069200,-0.527652,2026-08-08,39.000000,0.064926,0.223962,65033.310000,65032.420000
29770055,2026-08-08T15:35,65032.430000,0.007900,-0.493031,2026-08-08,67.000000,0.427934,0.927009,65032.430000,65032.420000
29770056,2026-08-08T15:36,65032.430000,-0.129900,0.854017,2026-08-08,41.000000,0.175836,0.979708,65032.430000,65032.420000
29770057,2026-08-08T15:37,65026.070000,0.088400,0.959416,2026-08-08,93.000000,1.090843,0.532380,65032.450000,65026.060000
29770058,2026-08-08T15:38,65026.070000,0.005600,0.064571,2026-08-08,81.000000,0.109613,0.789736,65026.070000,65026.060000
29770059,2026-08-08T15:39,65021.930000,-0.010200,0.582262,2026-08-08,139.000000,1.416630,0.661278,65026.070000,65015.350000
29770060,2026-08-08T15:40,65021.930000,-0.092100,0.322556,2026-08-08,90.000000,0.291346,0.311835,65021.940000,65021.930000
29770061,2026-08-08T15:41,65021.930000,-0.134300,-0.376378,2026-08-08,122.000000,2.441163,0.101100,65021.940000,65015.410000
29770062,2026-08-08T15:42,65021.490000,0.207300,-0.797798,2026-08-08,114.000000,1.004982,0.130762,65021.940000,65017.420000
29770063,2026-08-08T15:43,65021.490000,0.243300,-0.738073,2026-08-08,83.000000,0.318330,0.887624,65021.500000,65021.490000
29770064,2026-08-08T15:44,65015.330000,0.043700,0.777289,2026-08-08,96.000000,0.390069,0.367547,65021.500000,65010.020000
29770065,2026-08-08T15:45,65014.380000,-0.271600,-0.275108,2026-08-08,100.000000,0.267611,0.193293,65015.340000,65014.380000
29770066,2026-08-08T15:46,65015.330000,0.150000,-0.613590,2026-08-08,85.000000,0.548592,0.581213,65015.340000,65014.380000
29770067,2026-08-08T15:47,65015.330000,0.185100,0.163935,2026-08-08,95.000000,0.662400,0.205010,65015.340000,65015.330000
29770068,2026-08-08T15:48,65013.850000,0.176800,-0.590069,2026-08-08,136.000000,1.284470,0.045701,65015.340000,65012.820000
29770069,2026-08-08T15:49,65026.990000,0.455100,-0.922304,2026-08-08,241.000000,10.883844,0.031899,65027.000000,65012.550000
29770070,2026-08-08T15:50,65029.710000,0.339100,-0.919204,2026-08-08,71.000000,0.734333,0.604408,65030.550000,65027.000000
29770071,2026-08-08T15:51,65033.990000,0.482800,0.101384,2026-08-08,112.000000,0.417219,0.887816,65034.570000,65029.710000
29770072,2026-08-08T15:52,65033.990000,0.116300,0.775631,2026-08-08,85.000000,0.122945,0.828656,65033.990000,65033.980000
29770073,2026-08-08T15:53,65040.540000,0.072000,0.657719,2026-08-08,245.000000,0.628996,0.707275,65040.540000,65033.920000
29770074,2026-08-08T15:54,65048.400000,0.108600,0.414413,2026-08-08,131.000000,1.148810,0.054700,65049.810000,65040.530000
29770075,2026-08-08T15:55,65049.820000,0.419600,-0.890596,2026-08-08,100.000000,1.489760,0.512822,65049.970000,65046.010000
29770076,2026-08-08T15:56,65049.990000,0.267900,0.025882,2026-08-08,100.000000,0.903338,0.519490,65050.000000,65049.820000
29770077,2026-08-08T15:57,65049.990000,0.216400,0.038592,2026-08-08,74.000000,0.115694,0.868702,65050.000000,65049.990000
29770078,2026-08-08T15:58,65049.990000,0.442200,0.737404,2026-08-08,97.000000,0.642920,0.087279,65050.000000,65048.170000
29770079,2026-08-08T15:59,65029.670000,0.196000,-0.825443,2026-08-08,146.000000,0.840159,0.261652,65047.440000,65028.380000
29770080,2026-08-08T16:00,65048.650000,0.255600,-0.476696,2026-08-08,162.000000,1.302661,0.789541,65049.630000,65029.670000
29770081,2026-08-08T16:01,65044.830000,-0.040300,0.578331,2026-08-08,88.000000,0.542265,0.543444,65049.500000,65044.830000
29770082,2026-08-08T16:02,65046.130000,0.531900,0.089769,2026-08-08,85.000000,0.155791,0.849490,65046.140000,65044.830000
29770083,2026-08-08T16:03,65048.990000,0.123100,0.707515,2026-08-08,118.000000,0.258455,0.793513,65048.990000,65046.130000
29770084,2026-08-08T16:04,65042.380000,0.237700,0.578606,2026-08-08,56.000000,0.275799,0.130816,65048.990000,65042.380000
29770085,2026-08-08T16:05,65049.990000,-0.186200,-0.699178,2026-08-08,134.000000,0.479183,0.920688,65049.990000,65042.380000
29770086,2026-08-08T16:06,65047.430000,0.525900,0.840130,2026-08-08,101.000000,0.337015,0.233135,65049.990000,65047.420000
29770087,2026-08-08T16:07,65047.570000,0.317400,-0.545282,2026-08-08,151.000000,1.388222,0.267063,65049.000000,65046.010000
29770088,2026-08-08T16:08,65066.990000,0.047900,-0.466373,2026-08-08,205.000000,1.189769,0.791671,65074.500000,65047.570000
29770089,2026-08-08T16:09,65046.490000,-0.206800,0.583362,2026-08-08,131.000000,0.564076,0.214204,65067.000000,65046.480000
29770090,2026-08-08T16:10,65044.180000,-0.070400,-0.571592,2026-08-08,112.000000,0.291132,0.416156,65046.490000,65044.170000
29770091,2026-08-08T16:11,65046.460000,-0.133700,-0.169004,2026-08-08,134.000000,0.309128,0.752849,65046.470000,65044.170000
29770092,2026-08-08T16:12,65046.670000,-0.423500,0.530144,2026-08-08,119.000000,0.752828,0.834636,65047.150000,65046.460000
29770093,2026-08-08T16:13,65038.930000,-0.308100,0.662616,2026-08-08,79.000000,0.231942,0.387108,65046.670000,65038.740000
29770094,2026-08-08T16:14,65038.870000,-0.431600,-0.167337,2026-08-08,96.000000,0.459895,0.808736,65038.930000,65038.860000
29770095,2026-08-08T16:15,65033.540000,-0.449300,0.607516,2026-08-08,114.000000,0.566462,0.564186,65038.870000,65033.310000
29770096,2026-08-08T16:16,65033.540000,-0.214700,0.220860,2026-08-08,108.000000,0.297208,0.679628,65033.540000,65033.530000
29770097,2026-08-08T16:17,65039.790000,-0.422000,0.171901,2026-08-08,145.000000,1.063044,0.647012,65040.000000,65033.530000
29770098,2026-08-08T16:18,65036.230000,-0.281500,0.302535,2026-08-08,179.000000,1.569805,0.796333,65039.790000,65030.000000
29770099,2026-08-08T16:19,65047.680000,-0.045700,0.634908,2026-08-08,399.000000,14.551040,0.930288,65049.070000,65030.020000
29770100,2026-08-08T16:20,65040.510000,0.202000,0.820871,2026-08-08,140.000000,0.849170,0.284379,65047.670000,65034.100000
29770101,2026-08-08T16:21,65044.790000,0.088500,-0.123501,2026-08-08,183.000000,6.097377,0.043648,65047.900000,65030.070000
29770102,2026-08-08T16:22,65044.570000,-0.178800,-0.912711,2026-08-08,90.000000,0.105936,0.459552,65044.800000,65044.560000
29770103,2026-08-08T16:23,65040.540000,-0.282000,-0.076735,2026-08-08,92.000000,0.483355,0.488836,65044.570000,65040.540000
29770104,2026-08-08T16:24,65034.930000,-0.239900,-0.022329,2026-08-08,192.000000,1.025293,0.555581,65040.550000,65032.000000
29770105,2026-08-08T16:25,65028.670000,-0.141400,0.111162,2026-08-08,142.000000,0.412797,0.252065,65034.940000,65028.660000
29770106,2026-08-08T16:26,65028.060000,-0.340800,-0.487503,2026-08-08,168.000000,0.785393,0.816009,65028.670000,65027.420000
29770107,2026-08-08T16:27,65030.290000,-0.031200,0.630927,2026-08-08,126.000000,0.709803,0.501155,65030.550000,65028.050000
29770108,2026-08-08T16:28,65030.570000,-0.009200,0.002310,2026-08-08,100.000000,0.501687,0.906036,65030.590000,65030.280000
29770109,2026-08-08T16:29,65026.990000,-0.140900,0.811863,2026-08-08,106.000000,0.352301,0.288901,65030.580000,65026.990000
29770110,2026-08-08T16:30,65006.010000,0.783200,-0.420597,2026-08-08,166.000000,1.688144,0.043870,65027.000000,65006.000000
29770111,2026-08-08T16:31,65012.180000,0.235000,-0.896596,2026-08-08,150.000000,1.286109,0.360157,65014.490000,65006.000000
29770112,2026-08-08T16:32,65012.180000,0.194400,-0.281721,2026-08-08,71.000000,0.099273,0.858996,65012.180000,65012.170000
29770113,2026-08-08T16:33,65006.010000,0.544400,0.787467,2026-08-08,89.000000,0.374975,0.397549,65012.180000,65006.000000
29770114,2026-08-08T16:34,65004.710000,0.760400,-0.211762,2026-08-08,86.000000,0.291923,0.389755,65006.010000,65004.700000
29770115,2026-08-08T16:35,64996.510000,0.007100,-0.176000,2026-08-08,178.000000,13.998921,0.089608,65004.710000,64996.500000
29770116,2026-08-08T16:36,64991.680000,-0.077900,-0.823151,2026-08-08,149.000000,2.404377,0.679476,64996.510000,64990.390000
29770117,2026-08-08T16:37,64999.010000,0.081000,0.358782,2026-08-08,153.000000,1.355340,0.757390,64999.010000,64991.420000
29770118,2026-08-08T16:38,65004.850000,0.016500,0.515939,2026-08-08,125.000000,1.491678,0.936490,65006.360000,64999.000000
29770119,2026-08-08T16:39,65003.330000,0.178200,0.872786,2026-08-08,168.000000,7.204022,0.080373,65004.850000,64999.510000
29770120,2026-08-08T16:40,65019.990000,-0.166600,-0.824752,2026-08-08,198.000000,1.585712,0.920752,65020.000000,65003.340000
29770121,2026-08-08T16:41,65020.060000,-0.258600,0.835872,2026-08-08,137.000000,0.547934,0.437488,65022.440000,65019.990000
29770122,2026-08-08T16:42,65012.210000,-0.150000,-0.130578,2026-08-08,231.000000,5.201440,0.643107,65020.060000,65012.210000
29770123,2026-08-08T16:43,65014.670000,-0.177300,0.286193,2026-08-08,151.000000,1.206909,0.950999,65016.270000,65012.210000
29770124,2026-08-08T16:44,65015.670000,0.011900,0.902351,2026-08-08,155.000000,1.623707,0.782334,65016.960000,65014.660000
29770125,2026-08-08T16:45,65013.790000,-0.157400,0.555148,2026-08-08,161.000000,0.969094,0.685689,65015.670000,65012.130000
29770126,2026-08-08T16:46,65014.680000,-0.248900,0.383387,2026-08-08,158.000000,1.432679,0.977851,65016.890000,65013.790000
29770127,2026-08-08T16:47,65015.820000,-0.159800,0.955914,2026-08-08,173.000000,1.581621,0.775746,65018.130000,65014.660000
29770128,2026-08-08T16:48,65015.820000,-0.235100,0.551410,2026-08-08,117.000000,1.034584,0.923329,65015.820000,65015.810000
29770129,2026-08-08T16:49,65015.240000,0.209200,0.859785,2026-08-08,388.000000,10.642360,0.172512,65016.770000,65009.530000
29770130,2026-08-08T16:50,65018.510000,-0.016800,-0.670267,2026-08-08,153.000000,0.720673,0.953112,65018.510000,65015.230000
29770131,2026-08-08T16:51,65021.900000,0.249300,0.906323,2026-08-08,129.000000,1.100509,0.300847,65021.370000,65015.990000
29770132,2026-08-08T16:52,65023.210000,0.207000,-0.397339,2026-08-08,73.000000,0.484250,0.006272,65023.210000,65021.900000
29770133,2026-08-08T16:53,65023.210000,0.237300,-0.978298,2026-08-08,64.000000,0.046238,0.369841,65023.210000,65023.200000
29770134,2026-08-08T16:54,65036.920000,0.411100,-0.372015,2026-08-08,102.000000,0.057504,0.578157,65036.920000,65023.200000
29770135,2026-08-08T16:55,65036.920000,-0.058500,0.156314,2026-08-08,51.000000,0.539695,0.005014,65036.920000,65036.910000
29770136,2026-08-08T16:56,65039.990000,0.103600,-0.989972,2026-08-08,63.000000,0.249353,0.756496,65040.000000,65036.910000
29770137,2026-08-08T16:57,65039.990000,0.434600,0.510745,2026-08-08,57.000000,0.056070,0.618724,65040.000000,65039.990000
29770138,2026-08-08T16:58,65040.210000,-0.030800,0.183076,2026-08-08,102.000000,0.175599,0.884748,65040.220000,65039.990000
29770139,2026-08-08T16:59,65039.990000,-0.215200,0.771214,2026-08-08,163.000000,0.851908,0.644235,65046.390000,65039.990000
29770140,2026-08-08T17:00,65044.460000,-0.165200,0.292685,2026-08-08,169.000000,1.774268,0.974520,65047.750000,65039.990000
29770141,2026-08-08T17:01,65044.440000,-0.284800,0.949040,2026-08-08,107.000000,0.364660,0.651356,65044.460000,65044.440000
29770142,2026-08-08T17:02,65048.420000,0.467400,0.302711,2026-08-08,129.000000,1.687536,0.868716,65048.420000,65039.310000
29770143,2026-08-08T17:03,65041.670000,0.188300,0.737432,2026-08-08,130.000000,2.137882,0.292552,65050.000000,65041.650000
29770144,2026-08-08T17:04,65039.440000,0.239600,-0.465420,2026-08-08,408.000000,21.518830,0.019177,65046.760000,65029.180000
29770145,2026-08-08T17:05,65039.900000,-0.001600,-0.961322,2026-08-08,67.000000,0.907634,0.530918,65040.790000,65035.510000
29770146,2026-08-08T17:06,65029.680000,-0.256100,0.061837,2026-08-08,131.000000,1.997892,0.674283,65039.910000,65029.050000
29770147,2026-08-08T17:07,65029.370000,-0.210300,0.348666,2026-08-08,138.000000,1.497680,0.827365,65032.630000,65029.060000
29770148,2026-08-08T17:08,65051.790000,0.206700,0.654743,2026-08-08,237.000000,5.313778,0.874154,65051.620000,65028.050000
29770149,2026-08-08T17:09,65060.900000,0.416700,0.764320,2026-08-08,297.000000,5.645776,0.897395,65062.150000,65051.440000
29770150,2026-08-08T17:10,65056.990000,0.127000,0.780772,2026-08-08,71.000000,0.458769,0.037200,65060.910000,65057.480000
29770151,2026-08-08T17:11,65069.490000,-0.072700,-0.916162,2026-08-08,76.000000,0.203543,0.946628,65069.500000,65056.980000
29770152,2026-08-08T17:12,65059.510000,-0.461900,0.892057,2026-08-08,131.000000,2.252128,0.601455,65069.500000,65056.860000
29770153,2026-08-08T17:13,65073.990000,0.163100,0.040482,2026-08-08,220.000000,3.629851,0.872103,65075.210000,65051.410000
29770154,2026-08-08T17:14,65070.190000,-0.064500,0.931264,2026-08-08,270.000000,1.436926,0.539819,65092.490000,65070.190000
29770155,2026-08-08T17:15,65080.240000,0.007500,0.079638,2026-08-08,132.000000,1.233837,0.832393,65081.250000,65070.190000
29770156,2026-08-08T17:16,65080.490000,-0.035100,0.664165,2026-08-08,86.000000,0.683845,0.861001,65081.770000,65080.240000
29770157,2026-08-08T17:17,65062.690000,0.107900,0.723163,2026-08-08,130.000000,0.670183,0.203220,65080.490000,65062.120000
29770158,2026-08-08T17:18,65075.940000,-0.078800,-0.593561,2026-08-08,117.000000,1.348178,0.894182,65075.950000,65062.690000
29770159,2026-08-08T17:19,65065.690000,-0.354000,0.788313,2026-08-08,113.000000,1.048990,0.676853,65075.940000,65063.450000
29770160,2026-08-08T17:20,65065.520000,0.048600,0.353757,2026-08-08,114.000000,1.275810,0.588762,65065.700000,65065.090000
29770161,2026-08-08T17:21,65063.460000,-0.625300,0.177526,2026-08-08,126.000000,1.739773,0.654406,65067.960000,65063.460000
29770162,2026-08-08T17:22,65060.120000,-0.101900,0.308811,2026-08-08,177.000000,1.293986,0.590971,65063.460000,65053.260000
29770163,2026-08-08T17:23,65064.930000,0.214100,0.182492,2026-08-08,205.000000,3.252919,0.963285,65064.930000,65060.110000
29770164,2026-08-08T17:24,65063.020000,-0.244600,0.931243,2026-08-08,321.000000,10.518677,0.909358,65071.490000,65063.020000
29770165,2026-08-08T17:25,65066.520000,0.048800,0.814820,2026-08-08,133.000000,0.906524,0.625430,65066.530000,65063.020000
29770166,2026-08-08T17:26,65066.520000,-0.071100,0.250305,2026-08-08,100.000000,1.243191,0.932432,65069.880000,65066.520000
29770167,2026-08-08T17:27,65070.900000,0.153100,0.864858,2026-08-08,108.000000,1.839225,0.545649,65070.900000,65063.770000
29770168,2026-08-08T17:28,65070.900000,0.049600,0.091306,2026-08-08,67.000000,1.718329,0.949651,65070.900000,65070.890000
29770169,2026-08-08T17:29,65072.020000,-0.036500,0.904823,2026-08-08,142.000000,5.234405,0.992786,65072.040000,65070.890000
29770170,2026-08-08T17:30,65066.820000,0.130300,0.985291,2026-08-08,113.000000,2.354922,0.341039,65072.020000,65059.300000
29770171,2026-08-08T17:31,65066.150000,-0.098100,-0.317922,2026-08-08,111.000000,2.237849,0.730738,65066.810000,65060.540000
29770172,2026-08-08T17:32,65076.740000,0.148200,0.461476,2026-08-08,80.000000,0.676582,0.904025,65076.740000,65066.140000
29770173,2026-08-08T17:33,65086.680000,0.240900,0.808050,2026-08-08,123.000000,1.023855,0.828672,65087.520000,65076.730000
29770174,2026-08-08T17:34,65093.990000,0.528200,0.657344,2026-08-08,81.000000,0.683388,0.699868,65093.990000,65086.670000
29770175,2026-08-08T17:35,65089.980000,-0.006000,0.399735,2026-08-08,218.000000,3.242026,0.750717,65107.980000,65089.960000
29770176,2026-08-08T17:36,65097.320000,0.093700,0.501220,2026-08-08,109.000000,1.313350,0.794063,65097.400000,65089.960000
29770177,2026-08-08T17:37,65095.650000,0.133300,0.587826,2026-08-08,99.000000,0.649927,0.105888,65098.460000,65087.610000
29770178,2026-08-08T17:38,65093.880000,-0.034000,-0.787994,2026-08-08,119.000000,0.872573,0.791176,65095.640000,65092.380000
29770179,2026-08-08T17:39,65087.350000,-0.210400,0.582352,2026-08-08,54.000000,0.277950,0.182841,65093.880000,65087.350000
29770180,2026-08-08T17:40,65076.760000,0.198200,-0.634318,2026-08-08,84.000000,0.459563,0.174938,65087.350000,65076.740000
29770181,2026-08-08T17:41,65081.680000,0.043500,-0.650124,2026-08-08,121.000000,0.956691,0.946242,65083.670000,65076.750000
29770182,2026-08-08T17:42,65083.210000,-0.137500,0.892483,2026-08-08,52.000000,0.486635,0.962949,65085.600000,65081.680000
29770183,2026-08-08T17:43,65084.680000,-0.433900,0.925898,2026-08-08,147.000000,1.736606,0.686911,65084.680000,65076.750000
29770184,2026-08-08T17:44,65084.710000,0.074600,0.373821,2026-08-08,51.000000,0.731470,0.890857,65084.980000,65084.670000
29770185,2026-08-08T17:45,65084.690000,0.465500,0.781077,2026-08-08,101.000000,1.480857,0.007214,65084.710000,65080.010000
29770186,2026-08-08T17:46,65083.570000,0.388900,-0.986804,2026-08-08,92.000000,0.996141,0.623199,65084.720000,65081.960000
29770187,2026-08-08T17:47,65082.940000,0.450600,0.450047,2026-08-08,162.000000,1.837424,0.848438,65085.140000,65080.010000
29770188,2026-08-08T17:48,65082.830000,0.320300,0.696654,2026-08-08,108.000000,1.326873,0.968300,65084.560000,65082.750000
29770189,2026-08-08T17:49,65081.690000,-0.308000,0.938285,2026-08-08,81.000000,0.204024,0.043399,65083.160000,65081.690000
29770190,2026-08-08T17:50,65083.150000,-0.315600,-0.913202,2026-08-08,107.000000,0.899845,0.640958,65083.160000,65081.680000
29770191,2026-08-08T17:51,65083.150000,0.010600,0.281815,2026-08-08,82.000000,1.268976,0.942206,65083.160000,65083.090000
29770192,2026-08-08T17:52,65085.680000,-0.206800,0.884541,2026-08-08,180.000000,3.889712,0.839140,65088.400000,65082.000000
29770193,2026-08-08T17:53,65073.120000,-0.085700,0.674605,2026-08-08,145.000000,1.548299,0.008908,65085.670000,65073.120000
29770194,2026-08-08T17:54,65075.100000,0.100200,-0.982086,2026-08-08,397.000000,12.765180,0.933507,65083.150000,65070.450000
29770195,2026-08-08T17:55,65071.810000,0.049900,0.867025,2026-08-08,171.000000,1.337648,0.038225,65075.100000,65070.470000
29770196,2026-08-08T17:56,65073.120000,0.029100,-0.923555,2026-08-08,78.000000,0.335398,0.886842,65073.790000,65071.800000
29770197,2026-08-08T17:57,65075.690000,0.057100,0.774100,2026-08-08,139.000000,1.743565,0.720169,65077.330000,65073.110000
29770198,2026-08-08T17:58,65076.210000,-0.364700,0.440334,2026-08-08,89.000000,1.490360,0.768736,65076.380000,65075.660000
29770199,2026-08-08T17:59,65073.150000,-0.186200,0.433008,2026-08-08,120.000000,1.044145,0.681975,65076.210000,65071.800000
29770200,2026-08-08T18:00,65073.120000,-0.348900,0.522353,2026-08-08,116.000000,1.024148,0.866659,65076.320000,65073.120000
29770201,2026-08-08T18:01,65083.150000,0.434000,0.733319,2026-08-08,169.000000,4.496222,0.967400,65083.150000,65073.120000
29770202,2026-08-08T18:02,65082.650000,0.359700,0.934800,2026-08-08,64.000000,0.220623,0.087509,65083.150000,65082.650000
29770203,2026-08-08T18:03,65080.520000,0.399300,-0.824981,2026-08-08,87.000000,2.067443,0.003949,65082.660000,65073.550000
29770204,2026-08-08T18:04,65068.510000,-0.054700,-0.990376,2026-08-08,379.000000,9.116835,0.131924,65073.550000,65066.770000
29770205,2026-08-08T18:05,65071.120000,0.217400,-0.736065,2026-08-08,165.000000,0.703927,0.863719,65071.130000,65068.500000
29770206,2026-08-08T18:06,65071.430000,0.019000,0.726882,2026-08-08,85.000000,0.408735,0.879608,65071.430000,65071.120000
29770207,2026-08-08T18:07,65071.430000,0.036000,0.755463,2026-08-08,95.000000,0.596356,0.489507,65071.430000,65067.140000
29770208,2026-08-08T18:08,65071.260000,-0.114200,-0.019736,2026-08-08,53.000000,0.064108,0.780432,65071.430000,65071.250000
29770209,2026-08-08T18:09,65057.680000,0.152900,0.560864,2026-08-08,250.000000,4.482297,0.127419,65071.250000,65053.880000
29770210,2026-08-08T18:10,65057.680000,0.194800,-0.745162,2026-08-08,123.000000,0.663295,0.187106,65057.680000,65057.670000
29770211,2026-08-08T18:11,65052.070000,-0.353300,-0.604625,2026-08-08,129.000000,1.345520,0.686106,65057.680000,65052.060000
29770212,2026-08-08T18:12,65054.490000,-0.389900,0.368159,2026-08-08,151.000000,1.353321,0.982097,65056.270000,65052.060000
29770213,2026-08-08T18:13,65056.730000,-0.117900,0.964179,2026-08-08,120.000000,2.147313,0.979144,65056.730000,65053.890000
29770214,2026-08-08T18:14,65062.190000,-0.184700,0.961809,2026-08-08,599.000000,23.684965,0.967596,65071.420000,65056.720000
29770215,2026-08-08T18:15,65046.710000,0.166600,0.934610,2026-08-08,274.000000,0.530401,0.063113,65062.200000,65046.710000
29770216,2026-08-08T18:16,65048.790000,0.311800,-0.873665,2026-08-08,244.000000,2.757600,0.915609,65051.470000,65046.710000
29770217,2026-08-08T18:17,65046.760000,-0.079300,0.830743,2026-08-08,124.000000,1.854095,0.481566,65048.800000,65044.760000
29770218,2026-08-08T18:18,65043.440000,0.321200,-0.037680,2026-08-08,102.000000,1.403683,0.158833,65046.770000,65043.440000
29770219,2026-08-08T18:19,65026.010000,-0.155100,-0.682338,2026-08-08,134.000000,0.771122,0.476632,65044.170000,65026.000000
29770220,2026-08-08T18:20,65026.010000,0.739600,-0.043626,2026-08-08,152.000000,1.549425,0.426054,65029.650000,65026.000000
29770221,2026-08-08T18:21,65031.190000,0.485800,-0.149586,2026-08-08,123.000000,1.618470,0.997788,65031.210000,65026.000000
29770222,2026-08-08T18:22,65026.040000,0.090500,0.995577,2026-08-08,162.000000,2.593089,0.390944,65031.200000,65026.000000
29770223,2026-08-08T18:23,65007.980000,-0.165900,-0.218112,2026-08-08,165.000000,1.888713,0.008600,65026.030000,65007.970000
29770224,2026-08-08T18:24,64997.100000,-0.595000,-0.982801,2026-08-08,179.000000,4.148542,0.247269,65007.980000,64992.950000
29770225,2026-08-08T18:25,64989.620000,0.188300,-0.505216,2026-08-08,222.000000,3.932225,0.829610,64997.110000,64979.000000
29770226,2026-08-08T18:26,64993.820000,-0.332700,0.659257,2026-08-08,70.000000,0.304370,0.846169,64993.820000,64989.620000
29770227,2026-08-08T18:27,65009.330000,0.108000,0.692339,2026-08-08,134.000000,1.512110,0.857117,65009.340000,64993.810000
29770228,2026-08-08T18:28,64995.870000,0.322900,0.714233,2026-08-08,164.000000,3.048852,0.357415,65009.340000,64995.470000
29770229,2026-08-08T18:29,64990.570000,0.083200,-0.332921,2026-08-08,398.000000,10.351566,0.104882,64995.860000,64988.710000
29770230,2026-08-08T18:30,64992.990000,0.089500,-0.787802,2026-08-08,182.000000,1.026151,0.687086,64998.370000,64989.260000
29770231,2026-08-08T18:31,64991.820000,0.160400,0.378909,2026-08-08,157.000000,1.533201,0.805765,64997.330000,64991.810000
29770232,2026-08-08T18:32,64993.790000,-0.260400,0.610592,2026-08-08,150.000000,0.921780,0.800274,64994.810000,64991.810000
29770233,2026-08-08T18:33,64994.960000,-0.241900,0.600278,2026-08-08,118.000000,1.020276,0.943367,64995.760000,64993.780000
29770234,2026-08-08T18:34,65010.170000,0.098200,0.887022,2026-08-08,293.000000,3.114577,0.647776,65014.170000,64994.960000
29770235,2026-08-08T18:35,65008.820000,0.163200,0.295551,2026-08-08,145.000000,0.375174,0.524055,65010.180000,65007.430000
29770236,2026-08-08T18:36,65017.400000,-0.064200,0.048303,2026-08-08,99.000000,0.278984,0.782350,65018.550000,65008.820000
29770237,2026-08-08T18:37,65017.430000,0.265700,0.563670,2026-08-08,53.000000,0.136805,0.078693,65017.540000,65017.400000
29770238,2026-08-08T18:38,65009.180000,0.302200,-0.840142,2026-08-08,119.000000,1.308343,0.100943,65018.550000,65009.180000
29770239,2026-08-08T18:39,64996.940000,0.269000,-0.828177,2026-08-08,190.000000,2.821487,0.026964,65009.170000,64992.740000
29770240,2026-08-08T18:40,65007.430000,0.286100,-0.942246,2026-08-08,145.000000,1.184596,0.984151,65007.430000,64996.940000
29770241,2026-08-08T18:41,65010.270000,-0.179200,0.968276,2026-08-08,96.000000,0.999141,0.859560,65010.470000,65007.430000
29770242,2026-08-08T18:42,65010.260000,-0.092600,0.719113,2026-08-08,79.000000,0.684030,0.398469,65013.110000,65010.260000
29770243,2026-08-08T18:43,65010.210000,0.215000,-0.203063,2026-08-08,103.000000,3.580372,0.934455,65013.480000,65010.200000
29770244,2026-08-08T18:44,65010.490000,0.088900,0.868505,2026-08-08,99.000000,0.719232,0.950724,65011.930000,65010.200000
29770245,2026-08-08T18:45,65010.230000,0.258800,0.902824,2026-08-08,101.000000,1.504840,0.832801,65011.910000,65010.200000
29770246,2026-08-08T18:46,65011.150000,-0.178200,0.665886,2026-08-08,87.000000,1.237028,0.960356,65011.830000,65010.220000
29770247,2026-08-08T18:47,65010.260000,-0.126700,0.920882,2026-08-08,79.000000,1.356045,0.874023,65011.160000,65010.250000
29770248,2026-08-08T18:48,65010.010000,0.275500,0.747355,2026-08-08,63.000000,2.039135,0.925236,65010.250000,65010.000000
29770249,2026-08-08T18:49,65015.080000,0.463300,0.858688,2026-08-08,344.000000,10.411466,0.904892,65017.030000,65007.230000
29770250,2026-08-08T18:50,65013.790000,0.067900,0.807594,2026-08-08,129.000000,1.536184,0.400630,65015.080000,65013.050000
29770251,2026-08-08T18:51,65000.730000,-0.089900,-0.198741,2026-08-08,79.000000,0.659199,0.007219,65013.780000,65000.720000
29770252,2026-08-08T18:52,65000.460000,0.402300,-0.985561,2026-08-08,91.000000,0.772475,0.150217,65000.730000,64999.150000
29770253,2026-08-08T18:53,64999.010000,0.000300,-0.699588,2026-08-08,64.000000,0.167506,0.084208,65000.460000,64999.000000
29770254,2026-08-08T18:54,64999.010000,-0.038900,-0.831528,2026-08-08,64.000000,0.846774,0.972623,64999.010000,64997.710000
29770255,2026-08-08T18:55,65000.430000,0.600900,0.945211,2026-08-08,81.000000,0.635220,0.781273,65000.440000,64999.000000
29770256,2026-08-08T18:56,65000.350000,0.147600,0.562394,2026-08-08,85.000000,0.734902,0.443531,65000.440000,64997.110000
29770257,2026-08-08T18:57,65000.570000,0.723300,-0.122666,2026-08-08,126.000000,0.994265,0.803684,65001.060000,64997.230000
29770258,2026-08-08T18:58,64999.560000,0.529100,0.620775,2026-08-08,96.000000,1.233580,0.463134,65001.880000,64998.270000
29770259,2026-08-08T18:59,64992.850000,-0.176700,-0.230471,2026-08-08,357.000000,8.023512,0.140380,64998.270000,64986.860000
29770260,2026-08-08T19:00,64995.460000,-0.306900,-0.712112,2026-08-08,184.000000,1.259456,0.929169,64995.460000,64992.840000
29770261,2026-08-08T19:01,64992.830000,-0.004000,0.886266,2026-08-08,150.000000,0.904172,0.678757,64995.860000,64992.830000
29770262,2026-08-08T19:02,64999.990000,0.406800,0.358973,2026-08-08,160.000000,1.005789,0.955292,65000.000000,64992.830000
29770263,2026-08-08T19:03,64997.030000,0.466800,0.910400,2026-08-08,145.000000,2.297005,0.570342,65000.980000,64995.750000
29770264,2026-08-08T19:04,64990.650000,-0.104400,0.035368,2026-08-08,442.000000,10.416794,0.132522,64997.020000,64987.010000
29770265,2026-08-08T19:05,64991.380000,-0.040400,-0.728874,2026-08-08,183.000000,1.955392,0.464812,64991.970000,64989.250000
29770266,2026-08-08T19:06,64991.990000,-0.490500,-0.070376,2026-08-08,143.000000,1.206562,0.933585,64992.000000,64991.380000
29770267,2026-08-08T19:07,64991.570000,0.278900,0.867170,2026-08-08,122.000000,0.304168,0.258700,64992.000000,64991.570000
29770268,2026-08-08T19:08,64989.760000,0.140800,-0.482599,2026-08-08,176.000000,2.493526,0.518248,64997.800000,64989.750000
29770269,2026-08-08T19:09,64979.210000,-0.047800,-0.051162,2026-08-08,189.000000,1.633070,0.343860,64989.750000,64975.010000
29770270,2026-08-08T19:10,64977.630000,0.548900,-0.199338,2026-08-08,115.000000,1.655715,0.359049,64979.220000,64975.570000
29770271,2026-08-08T19:11,64973.520000,-0.532400,-0.281902,2026-08-08,115.000000,0.886285,0.563435,64977.640000,64973.520000
29770272,2026-08-08T19:12,64973.760000,-0.105600,0.126657,2026-08-08,139.000000,3.218505,0.308385,64975.060000,64970.670000
29770273,2026-08-08T19:13,64969.400000,0.162800,-0.393317,2026-08-08,73.000000,0.922814,0.703684,64972.880000,64969.390000
29770274,2026-08-08T19:14,64975.060000,0.395000,0.493508,2026-08-08,109.000000,0.977434,0.940905,64975.060000,64969.390000
29770275,2026-08-08T19:15,64971.320000,-0.119200,0.882893,2026-08-08,134.000000,5.703275,0.107466,64975.060000,64965.090000
29770276,2026-08-08T19:16,64974.150000,0.421200,-0.785526,2026-08-08,148.000000,1.728956,0.868699,64978.560000,64971.310000
29770277,2026-08-08T19:17,64978.070000,-0.068700,0.738023,2026-08-08,130.000000,1.635128,0.771578,64980.170000,64974.150000
29770278,2026-08-08T19:18,64975.180000,0.198300,0.543155,2026-08-08,83.000000,2.175116,0.574922,64980.150000,64975.170000
29770279,2026-08-08T19:19,64964.870000,0.271000,0.057070,2026-08-08,384.000000,17.059977,0.066546,64980.160000,64963.510000
29770280,2026-08-08T19:20,64969.620000,0.002100,-0.866067,2026-08-08,182.000000,2.257124,0.829220,64971.590000,64964.860000
29770281,2026-08-08T19:21,64969.880000,-0.066600,0.722383,2026-08-08,109.000000,1.005100,0.926132,64970.390000,64969.610000
29770282,2026-08-08T19:22,64970.010000,-0.180900,0.852263,2026-08-08,110.000000,0.432481,0.395750,64975.380000,64969.880000
29770283,2026-08-08T19:23,64970.010000,0.718800,-0.203622,2026-08-08,103.000000,0.776512,0.835697,64971.310000,64970.000000
29770284,2026-08-08T19:24,64972.830000,0.162100,0.672041,2026-08-08,135.000000,0.657709,0.957988,64972.840000,64970.000000
29770285,2026-08-08T19:25,64972.540000,0.152600,0.917030,2026-08-08,138.000000,0.576864,0.942006,64972.920000,64972.520000
29770286,2026-08-08T19:26,64972.960000,0.049100,0.881954,2026-08-08,189.000000,1.749991,0.595289,64973.830000,64965.070000
29770287,2026-08-08T19:27,64972.960000,0.208100,0.178132,2026-08-08,112.000000,0.323989,0.489913,64972.960000,64972.510000
29770288,2026-08-08T19:28,64974.040000,0.358700,0.037071,2026-08-08,160.000000,0.683053,0.646701,64976.710000,64972.950000
29770289,2026-08-08T19:29,64967.490000,-0.053800,0.257129,2026-08-08,129.000000,0.722748,0.346046,64974.040000,64967.490000
29770290,2026-08-08T19:30,64967.290000,-0.396100,-0.287971,2026-08-08,137.000000,0.145511,0.765770,64967.500000,64967.280000
29770291,2026-08-08T19:31,64966.760000,0.021300,0.529052,2026-08-08,191.000000,8.015492,0.940264,64974.380000,64963.930000
29770292,2026-08-08T19:32,64970.490000,0.387500,0.880530,2026-08-08,166.000000,0.545492,0.581228,64972.210000,64966.680000
29770293,2026-08-08T19:33,64973.400000,0.749700,0.162228,2026-08-08,120.000000,0.703494,0.986518,64973.410000,64970.480000
29770294,2026-08-08T19:34,64985.170000,-0.137700,0.977457,2026-08-08,458.000000,10.135714,0.869398,64991.330000,64973.410000
29770295,2026-08-08T19:35,64984.570000,0.300400,0.735211,2026-08-08,121.000000,0.406725,0.822402,64985.170000,64984.560000
29770296,2026-08-08T19:36,64984.570000,0.299100,0.656834,2026-08-08,100.000000,0.165842,0.488689,64984.570000,64984.560000
29770297,2026-08-08T19:37,64984.650000,0.240800,-0.125223,2026-08-08,151.000000,0.743178,0.643257,64985.250000,64982.750000
29770298,2026-08-08T19:38,64985.260000,0.120700,0.286786,2026-08-08,115.000000,0.844290,0.993515,64985.320000,64984.650000
29770299,2026-08-08T19:39,64995.710000,0.274900,0.988964,2026-08-08,382.000000,10.154066,0.962253,64998.670000,64984.660000
29770300,2026-08-08T19:40,64992.170000,0.352300,0.923319,2026-08-08,79.000000,0.337122,0.076156,64995.710000,64992.160000
29770301,2026-08-08T19:41,64992.650000,0.445100,-0.847520,2026-08-08,110.000000,0.509944,0.481928,64992.820000,64992.160000
29770302,2026-08-08T19:42,64992.670000,0.325300,-0.033151,2026-08-08,116.000000,0.227506,0.533769,64992.670000,64992.640000
29770303,2026-08-08T19:43,64992.290000,0.284800,0.061460,2026-08-08,64.000000,0.181634,0.177922,64992.670000,64992.290000
29770304,2026-08-08T19:44,64996.370000,0.444400,-0.644155,2026-08-08,212.000000,1.761953,0.247223,64998.880000,64992.290000
29770305,2026-08-08T19:45,64993.600000,0.266500,-0.504605,2026-08-08,114.000000,0.226563,0.371930,64996.370000,64992.290000
29770306,2026-08-08T19:46,64995.010000,0.731900,-0.261675,2026-08-08,150.000000,0.421160,0.346430,64995.220000,64993.000000
29770307,2026-08-08T19:47,64994.770000,0.168400,-0.307140,2026-08-08,147.000000,0.758114,0.366080,64996.370000,64993.000000
29770308,2026-08-08T19:48,64995.070000,0.286000,-0.266652,2026-08-08,151.000000,1.109435,0.731285,64995.140000,64993.000000
29770309,2026-08-08T19:49,65011.570000,0.476300,0.529073,2026-08-08,441.000000,10.543058,0.991873,65011.570000,64995.070000
29770310,2026-08-08T19:50,65011.570000,0.836300,0.983499,2026-08-08,100.000000,0.164765,0.037506,65011.570000,65011.560000
29770311,2026-08-08T19:51,65012.760000,0.929700,-0.924988,2026-08-08,95.000000,0.148653,0.689255,65013.050000,65011.150000
29770312,2026-08-08T19:52,65014.010000,0.595000,0.379120,2026-08-08,116.000000,0.299411,0.748219,65014.010000,65012.750000
29770313,2026-08-08T19:53,65019.240000,0.920200,0.496192,2026-08-08,147.000000,0.464719,0.194972,65019.250000,65014.000000
29770314,2026-08-08T19:54,65032.880000,0.787100,-0.663069,2026-08-08,342.000000,8.316452,0.644911,65034.270000,65014.600000
29770315,2026-08-08T19:55,65034.420000,0.911800,0.301297,2026-08-08,154.000000,0.643923,0.466831,65034.500000,65030.860000
29770316,2026-08-08T19:56,65036.330000,0.069700,-0.868089,2026-08-08,393.000000,6.933095,0.359758,65047.400000,65016.020000
29770317,2026-08-08T19:57,65036.900000,0.324200,0.652177,2026-08-08,90.000000,0.262015,0.930522,65036.940000,65035.380000
29770318,2026-08-08T19:58,65032.990000,0.296700,0.861045,2026-08-08,62.000000,0.193936,0.035844,65036.910000,65032.980000
29770319,2026-08-08T19:59,65025.420000,0.283700,-0.924491,2026-08-08,103.000000,1.180875,0.049515,65032.990000,65025.000000
29770320,2026-08-08T20:00,65020.010000,-0.034500,-0.901839,2026-08-08,62.000000,0.758286,0.014527,65025.420000,65020.000000
29770321,2026-08-08T20:01,65024.930000,0.225800,-0.968200,2026-08-08,107.000000,2.423756,0.981458,65025.210000,65020.010000
29770322,2026-08-08T20:02,65024.930000,0.280700,0.962900,2026-08-08,60.000000,0.103035,0.077176,65024.940000,65024.920000
29770323,2026-08-08T20:03,65024.930000,0.042400,-0.845649,2026-08-08,52.000000,0.258948,0.077014,65024.940000,65024.930000
29770324,2026-08-08T20:04,65031.400000,0.270000,-0.845972,2026-08-08,326.000000,5.949738,0.862399,65036.890000,65021.840000
29770325,2026-08-08T20:05,65027.350000,0.205100,0.435791,2026-08-08,193.000000,2.311782,0.005321,65031.390000,65027.350000
29770326,2026-08-08T20:06,65027.540000,0.341500,-0.977925,2026-08-08,56.000000,0.417516,0.718285,65027.540000,65027.350000
29770327,2026-08-08T20:07,65027.540000,0.189900,0.522878,2026-08-08,64.000000,0.448453,0.207589,65027.540000,65027.530000
29770328,2026-08-08T20:08,65027.370000,0.153800,-0.902168,2026-08-08,53.000000,0.073285,0.053610,65027.530000,65027.360000
29770329,2026-08-08T20:09,65027.370000,0.192300,-0.895080,2026-08-08,63.000000,0.212754,0.030408,65027.370000,65027.360000
29770330,2026-08-08T20:10,65027.370000,0.176700,-0.938729,2026-08-08,57.000000,0.164213,0.950553,65027.370000,65027.360000
29770331,2026-08-08T20:11,65027.370000,0.167500,0.901425,2026-08-08,50.000000,0.029271,0.658027,65027.370000,65027.360000
29770332,2026-08-08T20:12,65023.880000,0.208100,0.316055,2026-08-08,68.000000,0.431271,0.013325,65027.370000,65023.870000
29770333,2026-08-08T20:13,65025.150000,0.194400,-0.973350,2026-08-08,103.000000,1.698517,0.581309,65025.590000,65021.290000
29770334,2026-08-08T20:14,65033.930000,0.171900,0.248675,2026-08-08,365.000000,8.271104,0.954931,65038.000000,65024.960000
29770335,2026-08-08T20:15,65037.920000,0.057300,0.907670,2026-08-08,70.000000,0.364185,0.887745,65037.920000,65033.920000
29770336,2026-08-08T20:16,65037.920000,0.309000,0.775901,2026-08-08,62.000000,0.289542,0.017653,65037.920000,65037.910000
29770337,2026-08-08T20:17,65037.920000,0.280500,-0.964695,2026-08-08,38.000000,0.037225,0.673506,65037.920000,65037.910000
29770338,2026-08-08T20:18,65025.180000,0.091100,0.347011,2026-08-08,57.000000,1.051619,0.022670,65037.920000,65025.180000
29770339,2026-08-08T20:19,65025.180000,-0.195900,-0.948160,2026-08-08,47.000000,0.066124,0.710429,65025.190000,65025.180000
29770340,2026-08-08T20:20,65025.180000,-0.389900,0.388409,2026-08-08,84.000000,1.523889,0.988192,65027.570000,65025.180000
29770341,2026-08-08T20:21,65025.180000,-0.016800,0.976384,2026-08-08,62.000000,0.242827,0.109359,65025.190000,65025.180000
29770342,2026-08-08T20:22,65018.990000,-0.113200,-0.781281,2026-08-08,124.000000,0.842565,0.170407,65025.190000,65018.990000
29770343,2026-08-08T20:23,65011.690000,-0.115900,-0.659186,2026-08-08,110.000000,0.641459,0.009551,65018.990000,65011.690000
29770344,2026-08-08T20:24,65011.600000,-0.115100,-0.980898,2026-08-08,54.000000,0.322983,0.010955,65011.700000,65011.590000
29770345,2026-08-08T20:25,65016.010000,0.013000,-0.748090,2026-08-08,65.000000,0.397508,0.820706,65016.020000,65011.590000
29770346,2026-08-08T20:26,65015.380000,0.147200,0.598488,2026-08-08,90.000000,0.290978,0.086842,65016.020000,65015.370000
29770347,2026-08-08T20:27,65014.070000,-0.004300,-0.826316,2026-08-08,63.000000,0.063248,0.244842,65015.380000,65014.070000
29770348,2026-08-08T20:28,65016.010000,0.288800,-0.510316,2026-08-08,76.000000,1.000529,0.606148,65016.010000,65011.590000
29770349,2026-08-08T20:29,65016.010000,0.608100,0.190336,2026-08-08,42.000000,0.340016,0.741903,65016.010000,65015.350000
29770350,2026-08-08T20:30,65016.010000,0.460600,0.569070,2026-08-08,30.000000,0.288471,0.567071,65016.020000,65016.010000
29770351,2026-08-08T20:31,65020.150000,0.400100,0.133933,2026-08-08,66.000000,0.677544,0.776029,65020.160000,65016.010000
29770352,2026-08-08T20:32,65036.920000,0.643100,0.552057,2026-08-08,96.000000,0.369083,0.811141,65036.920000,65020.150000
29770353,2026-08-08T20:33,65036.920000,0.482100,0.622281,2026-08-08,52.000000,0.182465,0.484008,65036.920000,65036.910000
29770354,2026-08-08T20:34,65036.920000,0.358100,-0.031984,2026-08-08,58.000000,2.606746,0.006970,65036.920000,65036.910000
29770355,2026-08-08T20:35,65036.920000,0.350500,-0.986061,2026-08-08,33.000000,0.068422,0.917553,65036.920000,65036.910000
29770356,2026-08-08T20:36,65032.310000,-0.253700,0.835105,2026-08-08,57.000000,1.180563,0.048644,65036.920000,65032.300000
29770357,2026-08-08T20:37,65022.440000,-0.264000,-0.902712,2026-08-08,63.000000,0.428590,0.037343,65032.310000,65022.440000
29770358,2026-08-08T20:38,65023.100000,0.223200,-0.925442,2026-08-08,173.000000,5.456351,0.915995,65028.820000,65020.150000
29770359,2026-08-08T20:39,65021.810000,0.160400,0.832239,2026-08-08,46.000000,0.149027,0.040150,65023.110000,65021.800000
29770360,2026-08-08T20:40,65024.670000,0.052600,-0.919700,2026-08-08,106.000000,2.565672,0.972125,65026.090000,65021.800000
29770361,2026-08-08T20:41,65023.370000,-0.119100,0.944188,2026-08-08,68.000000,0.357023,0.024341,65024.670000,65023.360000
29770362,2026-08-08T20:42,65022.070000,0.120300,-0.951165,2026-08-08,39.000000,0.243899,0.012597,65023.370000,65022.070000
29770363,2026-08-08T20:43,65022.070000,0.120300,-0.976106,2026-08-08,,,,,
29770364,2026-08-08T20:44,65022.070000,0.120300,0.000000,2026-08-08,,,,,
29770365,2026-08-08T20:45,65022.070000,0.120300,0.000000,2026-08-08,,,,,
29770366,2026-08-08T20:46,65022.070000,0.120300,0.000000,2026-08-08,,,,,
29770367,2026-08-08T20:47,65022.070000,0.120300,0.000000,2026-08-08,,,,,
29770368,2026-08-08T20:48,65022.070000,0.120300,0.000000,2026-08-08,,,,,
29770369,2026-08-08T20:49,65022.070000,0.120300,0.000000,2026-08-08,,,,,
29770370,2026-08-08T20:50,65022.070000,0.120300,0.000000,2026-08-08,,,,,
29770371,2026-08-08T20:51,65022.070000,0.120300,0.000000,2026-08-08,,,,,
29770372,2026-08-08T20:52,65022.070000,0.120300,0.000000,2026-08-08,,,,,
29770373,2026-08-08T20:53,65022.070000,0.120300,0.000000,2026-08-08,,,,,
29770374,2026-08-08T20:54,65022.070000,0.120300,0.000000,2026-08-08,,,,,
29770375,2026-08-08T20:55,65022.070000,0.120300,0.000000,2026-08-08,,,,,
29770376,2026-08-08T20:56,65022.070000,0.120300,0.000000,2026-08-08,,,,,
29770377,2026-08-08T20:57,65022.070000,0.120300,0.000000,2026-08-08,,,,,
29770378,2026-08-08T20:58,65022.070000,0.120300,0.000000,2026-08-08,,,,,
29770379,2026-08-08T20:59,65022.070000,0.120300,0.000000,2026-08-08,,,,,
29770380,2026-08-08T21:00,65022.070000,0.120300,0.000000,2026-08-08,,,,,
29770381,2026-08-08T21:01,65022.070000,0.120300,0.000000,2026-08-08,,,,,
29770382,2026-08-08T21:02,65022.070000,0.120300,0.000000,2026-08-08,,,,,
29770383,2026-08-08T21:03,65022.070000,0.120300,0.000000,2026-08-08,,,,,
29770384,2026-08-08T21:04,65022.070000,0.120300,0.000000,2026-08-08,,,,,
29770385,2026-08-08T21:05,65022.070000,0.120300,0.000000,2026-08-08,,,,,
29770386,2026-08-08T21:06,65022.070000,0.120300,0.000000,2026-08-08,,,,,
29770387,2026-08-08T21:07,65022.070000,0.120300,0.000000,2026-08-08,,,,,
29770388,2026-08-08T21:08,65022.070000,0.120300,0.000000,2026-08-08,,,,,
29770389,2026-08-08T21:09,65022.070000,0.120300,0.000000,2026-08-08,,,,,
29770390,2026-08-08T21:10,65022.070000,0.120300,0.000000,2026-08-08,,,,,
29770391,2026-08-08T21:11,65022.070000,0.120300,0.000000,2026-08-08,,,,,
29770392,2026-08-08T21:12,65022.070000,0.120300,0.000000,2026-08-08,,,,,
29770393,2026-08-08T21:13,65022.070000,0.120300,0.000000,2026-08-08,,,,,
29770394,2026-08-08T21:14,65022.070000,0.120300,0.000000,2026-08-08,,,,,
29770395,2026-08-08T21:15,65022.070000,0.120300,0.000000,2026-08-08,,,,,
29770396,2026-08-08T21:16,65022.070000,0.120300,0.000000,2026-08-08,,,,,
29770397,2026-08-08T21:17,65022.070000,0.120300,0.000000,2026-08-08,,,,,
29770398,2026-08-08T21:18,65022.070000,0.120300,0.000000,2026-08-08,,,,,
29770399,2026-08-08T21:19,65022.070000,0.120300,0.000000,2026-08-08,,,,,
29770400,2026-08-08T21:20,65022.070000,0.120300,0.000000,2026-08-08,,,,,
29770401,2026-08-08T21:21,65022.070000,0.120300,0.000000,2026-08-08,,,,,
29770402,2026-08-08T21:22,65022.070000,0.120300,0.000000,2026-08-08,,,,,
29770403,2026-08-08T21:23,65022.070000,0.120300,0.000000,2026-08-08,,,,,
29770404,2026-08-08T21:24,65022.070000,0.120300,0.000000,2026-08-08,,,,,
29770405,2026-08-08T21:25,64995.960000,0.347000,0.000000,2026-08-08,65.000000,0.180773,0.854150,64995.960000,64995.950000
29770406,2026-08-08T21:26,64995.960000,-0.087800,0.708300,2026-08-08,12.000000,0.012418,0.243250,64995.960000,64995.950000
29770407,2026-08-08T21:27,64995.820000,0.359100,-0.495182,2026-08-08,138.000000,0.340910,0.363635,64995.920000,64994.530000
29770408,2026-08-08T21:28,65003.350000,-0.084300,0.155295,2026-08-08,103.000000,5.205095,0.190258,65004.340000,64995.820000
29770409,2026-08-08T21:29,64980.120000,0.175400,-0.636541,2026-08-08,310.000000,23.233013,0.008677,65003.340000,64978.160000
29770410,2026-08-08T21:30,64980.120000,0.054400,-0.982418,2026-08-08,58.000000,0.153695,0.418926,64980.120000,64980.110000
29770411,2026-08-08T21:31,64980.120000,-0.648200,-0.166739,2026-08-08,86.000000,0.388991,0.372841,64980.120000,64980.110000
29770412,2026-08-08T21:32,64980.120000,-0.419600,-0.254066,2026-08-08,70.000000,0.078029,0.938959,64980.120000,64980.110000
29770413,2026-08-08T21:33,64980.040000,-0.364900,0.877919,2026-08-08,96.000000,0.183295,0.885926,64980.120000,64980.040000
29770414,2026-08-08T21:34,64981.810000,0.244500,0.771852,2026-08-08,61.000000,1.327979,0.997586,64986.450000,64980.040000
29770415,2026-08-08T21:35,64981.810000,0.244500,0.995173,2026-08-08,,,,,
29770416,2026-08-08T21:36,64981.810000,0.244500,0.000000,2026-08-08,,,,,
29770417,2026-08-08T21:37,64981.810000,0.244500,0.000000,2026-08-08,,,,,
29770418,2026-08-08T21:38,64981.810000,0.244500,0.000000,2026-08-08,,,,,
29770419,2026-08-08T21:39,64981.810000,0.244500,0.000000,2026-08-08,,,,,
29770420,2026-08-08T21:40,64981.810000,0.244500,0.000000,2026-08-08,,,,,
29770421,2026-08-08T21:41,64981.810000,0.244500,0.000000,2026-08-08,,,,,
29770422,2026-08-08T21:42,64981.810000,0.244500,0.000000,2026-08-08,,,,,
29770423,2026-08-08T21:43,64981.810000,0.244500,0.000000,2026-08-08,,,,,
29770424,2026-08-08T21:44,64981.810000,0.244500,0.000000,2026-08-08,,,,,
29770425,2026-08-08T21:45,64981.810000,0.244500,0.000000,2026-08-08,,,,,
29770426,2026-08-08T21:46,64981.810000,0.244500,0.000000,2026-08-08,,,,,
29770427,2026-08-08T21:47,64981.810000,0.244500,0.000000,2026-08-08,,,,,
29770428,2026-08-08T21:48,64981.810000,0.244500,0.000000,2026-08-08,,,,,
29770429,2026-08-08T21:49,64981.810000,0.244500,0.000000,2026-08-08,,,,,
29770430,2026-08-08T21:50,64981.810000,0.244500,0.000000,2026-08-08,,,,,
29770431,2026-08-08T21:51,64984.740000,0.862900,0.000000,2026-08-08,2.000000,0.000626,1.000000,64984.750000,64984.750000
29770432,2026-08-08T21:52,64984.740000,0.862900,1.000000,2026-08-08,,,,,
29770433,2026-08-08T21:53,64984.740000,0.862900,0.000000,2026-08-08,,,,,
29770434,2026-08-08T21:54,64984.740000,0.862900,0.000000,2026-08-08,,,,,
29770435,2026-08-08T21:55,64984.740000,0.862900,0.000000,2026-08-08,,,,,
29770436,2026-08-08T21:56,64984.740000,0.862900,0.000000,2026-08-08,,,,,
29770437,2026-08-08T21:57,64984.740000,0.862900,0.000000,2026-08-08,,,,,
29770438,2026-08-08T21:58,64984.740000,0.862900,0.000000,2026-08-08,,,,,
29770439,2026-08-08T21:59,64984.740000,0.862900,0.000000,2026-08-08,,,,,
29770440,2026-08-08T22:00,64984.740000,0.862900,0.000000,2026-08-08,,,,,
29770441,2026-08-08T22:01,64984.740000,0.862900,0.000000,2026-08-08,,,,,
29770442,2026-08-08T22:02,64984.740000,0.862900,0.000000,2026-08-08,,,,,
29770443,2026-08-08T22:03,64984.740000,0.862900,0.000000,2026-08-08,,,,,
29770444,2026-08-08T22:04,64984.740000,0.862900,0.000000,2026-08-08,,,,,
29770445,2026-08-08T22:05,64984.740000,0.862900,0.000000,2026-08-08,,,,,
29770446,2026-08-08T22:06,64984.740000,0.862900,0.000000,2026-08-08,,,,,
29770447,2026-08-08T22:07,64984.740000,0.862900,0.000000,2026-08-08,,,,,
29770448,2026-08-08T22:08,64984.740000,0.862900,0.000000,2026-08-08,,,,,
29770449,2026-08-08T22:09,64984.740000,0.862900,0.000000,2026-08-08,,,,,
29770450,2026-08-08T22:10,64984.740000,0.862900,0.000000,2026-08-08,,,,,
29770451,2026-08-08T22:11,64984.740000,0.862900,0.000000,2026-08-08,,,,,
29770452,2026-08-08T22:12,64984.740000,0.862900,0.000000,2026-08-08,,,,,
29770453,2026-08-08T22:13,64984.740000,0.862900,0.000000,2026-08-08,,,,,
29770454,2026-08-08T22:14,64984.740000,0.862900,0.000000,2026-08-08,,,,,
29770455,2026-08-08T22:15,64984.740000,0.862900,0.000000,2026-08-08,,,,,
29770456,2026-08-08T22:16,64984.740000,0.862900,0.000000,2026-08-08,,,,,
29770457,2026-08-08T22:17,64984.740000,0.862900,0.000000,2026-08-08,,,,,
29770458,2026-08-08T22:18,64984.740000,0.862900,0.000000,2026-08-08,,,,,
29770459,2026-08-08T22:19,64984.740000,0.862900,0.000000,2026-08-08,,,,,
29770460,2026-08-08T22:20,64984.740000,0.862900,0.000000,2026-08-08,,,,,
29770461,2026-08-08T22:21,64984.740000,0.862900,0.000000,2026-08-08,,,,,
29770462,2026-08-08T22:22,64984.740000,0.862900,0.000000,2026-08-08,,,,,
29770463,2026-08-08T22:23,64984.740000,0.862900,0.000000,2026-08-08,,,,,
29770464,2026-08-08T22:24,64984.740000,0.862900,0.000000,2026-08-08,,,,,
29770465,2026-08-08T22:25,64984.740000,0.862900,0.000000,2026-08-08,,,,,
29770466,2026-08-08T22:26,64984.740000,0.862900,0.000000,2026-08-08,,,,,
29770467,2026-08-08T22:27,64984.740000,0.862900,0.000000,2026-08-08,,,,,
29770468,2026-08-08T22:28,64984.740000,0.862900,0.000000,2026-08-08,,,,,
29770469,2026-08-08T22:29,64984.740000,0.862900,0.000000,2026-08-08,,,,,
29770470,2026-08-08T22:30,64984.740000,0.862900,0.000000,2026-08-08,,,,,
29770471,2026-08-08T22:31,64984.740000,0.862900,0.000000,2026-08-08,,,,,
29770472,2026-08-08T22:32,64984.740000,0.862900,0.000000,2026-08-08,,,,,
29770473,2026-08-08T22:33,64984.740000,0.862900,0.000000,2026-08-08,,,,,
29770474,2026-08-08T22:34,64984.740000,0.862900,0.000000,2026-08-08,,,,,
29770475,2026-08-08T22:35,64984.740000,0.862900,0.000000,2026-08-08,,,,,
29770476,2026-08-08T22:36,64984.740000,0.862900,0.000000,2026-08-08,,,,,
29770477,2026-08-08T22:37,64984.740000,0.862900,0.000000,2026-08-08,,,,,
29770478,2026-08-08T22:38,64984.740000,0.862900,0.000000,2026-08-08,,,,,
29770479,2026-08-08T22:39,64984.740000,0.862900,0.000000,2026-08-08,,,,,
29770480,2026-08-08T22:40,64984.740000,0.862900,0.000000,2026-08-08,,,,,
29770481,2026-08-08T22:41,64984.740000,0.862900,0.000000,2026-08-08,,,,,
29770482,2026-08-08T22:42,64984.740000,0.862900,0.000000,2026-08-08,,,,,
29770483,2026-08-08T22:43,64984.740000,0.862900,0.000000,2026-08-08,,,,,
29770484,2026-08-08T22:44,64984.740000,0.862900,0.000000,2026-08-08,,,,,
29770485,2026-08-08T22:45,64984.740000,0.862900,0.000000,2026-08-08,,,,,
29770486,2026-08-08T22:46,64984.740000,0.862900,0.000000,2026-08-08,,,,,
29770487,2026-08-08T22:47,64984.740000,0.862900,0.000000,2026-08-08,,,,,
29770488,2026-08-08T22:48,64984.740000,0.862900,0.000000,2026-08-08,,,,,
29770489,2026-08-08T22:49,64984.740000,0.862900,0.000000,2026-08-08,,,,,
29770490,2026-08-08T22:50,64984.740000,0.862900,0.000000,2026-08-08,,,,,
29770491,2026-08-08T22:51,64984.740000,0.862900,0.000000,2026-08-08,,,,,
29770492,2026-08-08T22:52,64984.740000,0.862900,0.000000,2026-08-08,,,,,
29770493,2026-08-08T22:53,64984.740000,0.862900,0.000000,2026-08-08,,,,,
29770494,2026-08-08T22:54,64984.740000,0.862900,0.000000,2026-08-08,,,,,
29770495,2026-08-08T22:55,64984.740000,0.862900,0.000000,2026-08-08,,,,,
29770496,2026-08-08T22:56,64907.350000,0.110600,0.000000,2026-08-08,28.000000,0.167147,0.627118,64909.320000,64907.350000
29770497,2026-08-08T22:57,64907.350000,0.110600,0.254237,2026-08-08,,,,,
29770498,2026-08-08T22:58,64907.350000,0.110600,0.000000,2026-08-08,,,,,
29770499,2026-08-08T22:59,64907.350000,0.110600,0.000000,2026-08-08,,,,,
29770500,2026-08-08T23:00,64907.350000,0.110600,0.000000,2026-08-08,,,,,
29770501,2026-08-08T23:01,64907.350000,0.110600,0.000000,2026-08-08,,,,,
29770502,2026-08-08T23:02,64907.350000,0.110600,0.000000,2026-08-08,,,,,
29770503,2026-08-08T23:03,64907.350000,0.110600,0.000000,2026-08-08,,,,,
29770504,2026-08-08T23:04,64907.350000,0.110600,0.000000,2026-08-08,,,,,
29770505,2026-08-08T23:05,64907.350000,0.110600,0.000000,2026-08-08,,,,,
29770506,2026-08-08T23:06,64907.350000,0.110600,0.000000,2026-08-08,,,,,
29770507,2026-08-08T23:07,64907.350000,0.110600,0.000000,2026-08-08,,,,,
29770508,2026-08-08T23:08,64907.350000,0.110600,0.000000,2026-08-08,,,,,
29770509,2026-08-08T23:09,64907.350000,0.110600,0.000000,2026-08-08,,,,,
29770510,2026-08-08T23:10,64907.350000,0.110600,0.000000,2026-08-08,,,,,
29770511,2026-08-08T23:11,64907.350000,0.110600,0.000000,2026-08-08,,,,,
29770512,2026-08-08T23:12,64907.350000,0.110600,0.000000,2026-08-08,,,,,
29770513,2026-08-08T23:13,64907.350000,0.110600,0.000000,2026-08-08,,,,,
29770514,2026-08-08T23:14,64907.350000,0.110600,0.000000,2026-08-08,,,,,
29770515,2026-08-08T23:15,64907.350000,0.110600,0.000000,2026-08-08,,,,,
29770516,2026-08-08T23:16,64907.350000,0.110600,0.000000,2026-08-08,,,,,
29770517,2026-08-08T23:17,64907.350000,0.110600,0.000000,2026-08-08,,,,,
29770518,2026-08-08T23:18,64907.350000,0.110600,0.000000,2026-08-08,,,,,
29770519,2026-08-08T23:19,64907.350000,0.110600,0.000000,2026-08-08,,,,,
29770520,2026-08-08T23:20,64907.350000,0.110600,0.000000,2026-08-08,,,,,
29770521,2026-08-08T23:21,64907.350000,0.110600,0.000000,2026-08-08,,,,,
29770522,2026-08-08T23:22,64907.350000,0.110600,0.000000,2026-08-08,,,,,
29770523,2026-08-08T23:23,64907.350000,0.110600,0.000000,2026-08-08,,,,,
29770524,2026-08-08T23:24,64907.350000,0.110600,0.000000,2026-08-08,,,,,
29770525,2026-08-08T23:25,64912.920000,-0.044200,0.000000,2026-08-08,29.000000,0.850012,0.017835,64912.920000,64908.000000
29770526,2026-08-08T23:26,64912.920000,-0.044200,-0.964330,2026-08-08,,,,,
29770527,2026-08-08T23:27,64912.920000,-0.044200,0.000000,2026-08-08,,,,,
29770528,2026-08-08T23:28,64912.920000,-0.044200,0.000000,2026-08-08,,,,,
29770529,2026-08-08T23:29,64912.920000,-0.044200,0.000000,2026-08-08,,,,,
29770530,2026-08-08T23:30,64912.920000,-0.044200,0.000000,2026-08-08,,,,,
29770531,2026-08-08T23:31,64912.920000,-0.044200,0.000000,2026-08-08,,,,,
29770532,2026-08-08T23:32,64912.920000,-0.044200,0.000000,2026-08-08,,,,,
29770533,2026-08-08T23:33,64912.920000,-0.044200,0.000000,2026-08-08,,,,,
29770534,2026-08-08T23:34,64912.920000,-0.044200,0.000000,2026-08-08,,,,,
29770535,2026-08-08T23:35,64912.900000,0.050600,0.000000,2026-08-08,,,,,
29770536,2026-08-08T23:36,64912.900000,0.050600,0.000000,2026-08-08,,,,,
29770537,2026-08-08T23:37,64916.710000,-0.390100,0.000000,2026-08-08,1648.000000,19.045114,0.765843,64922.460000,64881.890000
29770538,2026-08-08T23:38,64916.710000,-0.390100,0.531685,2026-08-08,,,,,
29770539,2026-08-08T23:39,64916.710000,-0.390100,0.000000,2026-08-08,,,,,
29770540,2026-08-08T23:40,64916.710000,-0.390100,0.000000,2026-08-08,,,,,
29770541,2026-08-08T23:41,64916.710000,-0.390100,0.000000,2026-08-08,,,,,
29770542,2026-08-08T23:42,64916.710000,-0.390100,0.000000,2026-08-08,,,,,
29770543,2026-08-08T23:43,64915.490000,-0.663000,0.000000,2026-08-08,21.000000,0.092294,0.960413,64915.500000,64915.490000
29770544,2026-08-08T23:44,64908.960000,0.000500,0.867715,2026-08-08,308.000000,10.527148,0.034137,64915.500000,64902.000000
29770545,2026-08-08T23:45,64908.150000,-0.160600,-0.931631,2026-08-08,74.000000,0.230472,0.632219,64908.970000,64908.140000
29770546,2026-08-08T23:46,64910.990000,-0.524000,0.262050,2026-08-08,107.000000,0.215371,0.931231,64913.130000,64908.150000
29770547,2026-08-08T23:47,64910.730000,-0.567500,0.862680,2026-08-08,93.000000,0.132534,0.507912,64911.000000,64910.720000
29770548,2026-08-08T23:48,64916.100000,-0.319600,0.013691,2026-08-08,122.000000,1.136582,0.994986,64918.600000,64910.730000
29770549,2026-08-08T23:49,64919.210000,-0.277800,0.991068,2026-08-08,355.000000,10.562257,0.974742,64928.210000,64915.320000
29770550,2026-08-08T23:50,64919.210000,-0.583100,0.948495,2026-08-08,75.000000,0.238193,0.795167,64919.210000,64919.200000
29770551,2026-08-08T23:51,64904.350000,-0.011100,-0.551239,2026-08-08,178.000000,1.675911,0.094636,64919.200000,64901.680000
29770552,2026-08-08T23:52,64904.350000,0.166300,-0.701773,2026-08-08,86.000000,0.134985,0.691354,64904.350000,64904.340000
29770553,2026-08-08T23:53,64905.270000,-0.109600,0.441814,2026-08-08,84.000000,0.110512,0.704346,64906.200000,64904.350000
29770554,2026-08-08T23:54,64914.790000,-0.179600,0.312899,2026-08-08,131.000000,0.328284,0.987225,64914.790000,64905.270000
29770555,2026-08-08T23:55,64913.850000,-0.095400,0.974449,2026-08-08,90.000000,0.173131,0.621744,64914.790000,64913.850000
29770556,2026-08-08T23:56,64915.100000,0.204700,0.243490,2026-08-08,102.000000,0.185721,0.814968,64915.110000,64913.850000
29770557,2026-08-08T23:57,64900.010000,-0.446900,0.631436,2026-08-08,116.000000,0.530736,0.167613,64915.110000,64900.000000
29770558,2026-08-08T23:58,64903.680000,-0.592300,-0.665733,2026-08-08,140.000000,1.815518,0.983164,64904.340000,64900.000000
29770559,2026-08-08T23:59,64908.710000,-0.216900,0.969689,2026-08-08,376.000000,20.337047,0.981595,64914.310000,64905.620000
29770560,2026-08-09T00:00,64907.710000,-0.297800,0.962787,2026-08-08,51.000000,0.188040,0.181029,64908.720000,64907.710000
29770561,2026-08-09T00:01,64907.100000,-0.383300,-0.637582,2026-08-08,36.000000,0.042117,0.300651,64907.720000,64907.090000
29770562,2026-08-09T00:02,64907.100000,-0.156700,-0.398698,2026-08-08,32.000000,0.113512,0.906484,64907.100000,64907.090000
29770563,2026-08-09T00:03,64910.100000,-0.021400,0.798177,2026-08-08,159.000000,2.293663,0.995221,64911.890000,64907.090000
29770564,2026-08-09T00:04,64910.680000,-0.013100,0.992038,2026-08-08,247.000000,16.194486,0.977611,64915.100000,64910.100000
29770565,2026-08-09T00:05,64911.990000,-0.311000,0.952693,2026-08-08,125.000000,0.661172,0.701951,64912.300000,64910.670000
29770566,2026-08-09T00:06,64904.510000,-0.276800,0.437493,2026-08-08,91.000000,1.849200,0.108738,64912.000000,64904.510000
29770567,2026-08-09T00:07,64904.440000,-0.295400,-0.782584,2026-08-08,89.000000,0.331320,0.268064,64904.520000,64902.400000
29770568,2026-08-09T00:08,64904.880000,0.096800,-0.473065,2026-08-08,103.000000,0.436293,0.808430,64904.880000,64903.140000
29770569,2026-08-09T00:09,64903.260000,-0.324300,0.637859,2026-08-08,126.000000,4.235049,0.012245,64904.880000,64895.300000
29770570,2026-08-09T00:10,64913.480000,-0.500300,-0.974560,2026-08-08,180.000000,1.237743,0.679007,64915.110000,64903.250000
29770571,2026-08-09T00:11,64911.330000,-0.115800,0.356823,2026-08-08,91.000000,0.439052,0.134434,64913.480000,64911.320000
29770572,2026-08-09T00:12,64911.330000,-0.436700,-0.714877,2026-08-08,105.000000,0.206175,0.583858,64911.340000,64911.330000
29770573,2026-08-09T00:13,64911.190000,0.013400,0.203311,2026-08-08,177.000000,2.379040,0.206728,64915.890000,64908.830000
29770574,2026-08-09T00:14,64902.600000,0.612700,-0.639318,2026-08-08,533.000000,28.381401,0.015784,64911.190000,64899.010000
29770575,2026-08-09T00:15,64902.600000,0.332400,-0.967599,2026-08-08,81.000000,0.285740,0.272573,64902.610000,64902.600000
29770576,2026-08-09T00:16,64905.180000,0.324600,-0.496005,2026-08-08,78.000000,0.238626,0.953371,64907.410000,64902.600000
29770577,2026-08-09T00:17,64903.920000,0.190200,0.911059,2026-08-08,85.000000,0.078733,0.850784,64905.190000,64903.910000
29770578,2026-08-09T00:18,64907.400000,0.215900,0.663785,2026-08-08,123.000000,1.113895,0.974777,64907.410000,64903.910000
29770579,2026-08-09T00:19,64915.650000,-0.009600,0.953437,2026-08-08,266.000000,6.313922,0.948999,64917.320000,64907.410000
29770580,2026-08-09T00:20,64914.350000,0.073100,0.896482,2026-08-08,93.000000,0.551754,0.875289,64915.660000,64914.350000
29770581,2026-08-09T00:21,64910.150000,0.001000,0.746850,2026-08-08,119.000000,0.465422,0.431628,64914.360000,64907.960000
29770582,2026-08-09T00:22,64908.880000,0.134200,-0.136236,2026-08-08,87.000000,0.158737,0.378985,64910.140000,64908.010000
29770583,2026-08-09T00:23,64907.570000,0.060800,-0.234890,2026-08-08,85.000000,0.181252,0.664224,64908.880000,64907.570000
29770584,2026-08-09T00:24,64919.260000,-0.191800,0.325663,2026-08-08,390.000000,15.205214,0.983321,64923.340000,64907.570000
29770585,2026-08-09T00:25,64915.060000,-0.164500,0.960400,2026-08-08,106.000000,0.222019,0.627284,64919.250000,64915.050000
29770586,2026-08-09T00:26,64913.850000,0.187900,0.604452,2026-08-08,97.000000,0.139072,0.875909,64915.060000,64913.840000
29770587,2026-08-09T00:27,64913.850000,-0.077400,0.751818,2026-08-08,81.000000,0.109833,0.913701,64913.850000,64913.840000
29770588,2026-08-09T00:28,64911.690000,0.281300,0.827402,2026-08-08,119.000000,0.148599,0.525414,64913.850000,64911.690000
29770589,2026-08-09T00:29,64913.820000,0.273300,0.050829,2026-08-08,117.000000,0.385943,0.868214,64913.840000,64911.690000
29770590,2026-08-09T00:30,64915.460000,-0.190400,0.736428,2026-08-08,106.000000,0.630558,0.622412,64915.570000,64913.820000
29770591,2026-08-09T00:31,64914.150000,0.005700,0.459078,2026-08-08,99.000000,0.323272,0.948776,64915.460000,64914.150000
29770592,2026-08-09T00:32,64914.150000,-0.026700,0.550019,2026-08-08,105.000000,0.170909,0.681364,64914.160000,64914.150000
29770593,2026-08-09T00:33,64914.150000,0.264800,0.362729,2026-08-08,102.000000,0.082969,0.944845,64914.160000,64914.150000
29770594,2026-08-09T00:34,64914.150000,0.081700,0.896949,2026-08-08,13.000000,0.129715,0.063823,64914.160000,64914.150000
29770595,2026-08-09T00:35,64919.930000,0.112600,-0.960697,2026-08-08,342.000000,5.833479,0.801872,64923.100000,64914.150000
29770596,2026-08-09T00:36,64926.150000,0.309600,0.603679,2026-08-08,136.000000,0.693529,0.826218,64926.150000,64919.930000
29770597,2026-08-09T00:37,64928.320000,0.241900,0.653121,2026-08-08,136.000000,0.487400,0.985823,64928.320000,64926.140000
29770598,2026-08-09T00:38,64939.080000,-0.394600,0.929979,2026-08-08,158.000000,1.378008,0.232213,64939.180000,64928.310000
29770599,2026-08-09T00:39,64928.320000,-0.010200,-0.704083,2026-08-08,115.000000,0.151022,0.510130,64939.090000,64928.320000
29770600,2026-08-09T00:40,64926.740000,-0.126700,0.033293,2026-08-08,98.000000,0.054302,0.805721,64928.330000,64926.740000
29770601,2026-08-09T00:41,64926.740000,-0.439400,0.596941,2026-08-08,153.000000,0.810193,0.941378,64926.750000,64926.740000
29770602,2026-08-09T00:42,64916.130000,-0.055900,0.882741,2026-08-08,136.000000,0.461985,0.295308,64926.740000,64916.130000
29770603,2026-08-09T00:43,64916.130000,-0.023700,-0.415083,2026-08-08,109.000000,0.418255,0.972697,64916.140000,64916.130000
29770604,2026-08-09T00:44,64917.430000,-0.140100,0.945594,2026-08-08,107.000000,0.298171,0.753286,64917.440000,64916.130000
29770605,2026-08-09T00:45,64927.930000,0.507600,0.506105,2026-08-08,193.000000,13.573847,0.994628,64930.000000,64917.430000
29770606,2026-08-09T00:46,64924.680000,0.211500,0.989257,2026-08-08,89.000000,0.364766,0.078700,64927.940000,64924.670000
29770607,2026-08-09T00:47,64924.130000,0.091300,-0.842748,2026-08-08,106.000000,0.123324,0.523323,64924.680000,64924.130000
29770608,2026-08-09T00:48,64921.290000,0.490200,0.046646,2026-08-08,148.000000,0.924894,0.406853,64924.140000,64915.130000
29770609,2026-08-09T00:49,64909.760000,-0.087100,-0.186294,2026-08-08,170.000000,2.325450,0.192443,64921.290000,64907.580000
29770610,2026-08-09T00:50,64909.760000,0.099200,-0.615113,2026-08-08,112.000000,0.105823,0.870026,64909.770000,64909.760000
29770611,2026-08-09T00:51,64911.480000,0.272900,0.740051,2026-08-08,100.000000,0.266022,0.496452,64911.480000,64909.760000
29770612,2026-08-09T00:52,64908.710000,-0.353800,-0.047497,2026-08-08,160.000000,0.477642,0.633479,64911.470000,64908.700000
29770613,2026-08-09T00:53,64908.710000,0.082500,0.297612,2026-08-08,94.000000,0.131657,0.284054,64908.710000,64907.580000
29770614,2026-08-09T00:54,64920.440000,-0.201200,-0.431727,2026-08-08,333.000000,9.881310,0.992454,64922.850000,64908.700000
29770615,2026-08-09T00:55,64921.710000,0.275300,0.984908,2026-08-08,120.000000,0.866090,0.610913,64922.240000,64918.400000
29770616,2026-08-09T00:56,64924.990000,0.318100,0.221569,2026-08-08,68.000000,0.219316,0.003353,64925.000000,64921.700000
29770617,2026-08-09T00:57,64924.900000,0.217100,-0.993294,2026-08-08,120.000000,0.845389,0.410742,64925.490000,64923.030000
29770618,2026-08-09T00:58,64923.390000,0.230500,-0.177241,2026-08-08,150.000000,0.650275,0.442259,64924.910000,64920.550000
29770619,2026-08-09T00:59,64922.710000,0.094500,-0.331531,2026-08-08,627.000000,30.159753,0.084749,64927.930000,64908.860000
29770620,2026-08-09T01:00,64916.940000,0.220700,-0.829300,2026-08-08,229.000000,0.337314,0.469384,64922.710000,64913.840000
29770621,2026-08-09T01:01,64934.400000,0.146400,-0.069325,2026-08-08,166.000000,0.438674,0.991523,64934.410000,64916.940000
29770622,2026-08-09T01:02,64950.010000,0.332800,0.983029,2026-08-08,170.000000,1.451380,0.882292,64950.010000,64934.400000
29770623,2026-08-09T01:03,64938.490000,0.535500,0.764564,2026-08-08,180.000000,1.537158,0.161125,64957.620000,64935.560000
29770624,2026-08-09T01:04,64941.510000,0.436100,-0.676169,2026-08-08,112.000000,0.343195,0.511874,64941.510000,64938.490000
29770625,2026-08-09T01:05,64941.510000,0.154900,0.019296,2026-08-08,112.000000,1.357018,0.048618,64941.510000,64941.500000
29770626,2026-08-09T01:06,64931.940000,-0.107600,-0.926179,2026-08-08,117.000000,2.073447,0.043586,64941.510000,64931.940000
29770627,2026-08-09T01:07,64929.650000,-0.100200,-0.889552,2026-08-08,94.000000,0.299031,0.463255,64931.950000,64929.640000
29770628,2026-08-09T01:08,64929.650000,-0.240600,-0.073490,2026-08-08,88.000000,0.120930,0.845860,64929.650000,64929.640000
29770629,2026-08-09T01:09,64929.650000,-0.154200,0.603052,2026-08-08,58.000000,0.096071,0.060319,64929.650000,64929.640000
29770630,2026-08-09T01:10,64928.320000,-0.166300,-0.870334,2026-08-08,49.000000,0.104263,0.008718,64929.650000,64928.320000
29770631,2026-08-09T01:11,64928.320000,-0.108600,-0.640996,2026-08-08,109.000000,0.476487,0.709263,64928.330000,64925.120000
29770632,2026-08-09T01:12,64928.650000,-0.351700,0.390778,2026-08-08,177.000000,7.123443,0.648462,64938.320000,64928.320000
29770633,2026-08-09T01:13,64928.650000,-0.153500,0.296925,2026-08-08,71.000000,0.173297,0.299748,64928.650000,64928.640000
29770634,2026-08-09T01:14,64924.270000,0.255500,-0.381866,2026-08-08,199.000000,6.970481,0.048806,64928.650000,64923.020000
29770635,2026-08-09T01:15,64928.650000,0.234000,-0.903027,2026-08-08,110.000000,1.938031,0.732390,64928.650000,64924.270000
29770636,2026-08-09T01:16,64928.650000,0.083300,0.464779,2026-08-08,82.000000,0.130059,0.727381,64928.650000,64928.640000
29770637,2026-08-09T01:17,64928.650000,0.124800,0.409178,2026-08-08,91.000000,0.071842,0.708119,64928.650000,64928.640000
29770638,2026-08-09T01:18,64924.270000,-0.021000,0.464339,2026-08-08,149.000000,1.767942,0.035620,64928.650000,64924.270000
29770639,2026-08-09T01:19,64936.320000,0.172600,-0.930460,2026-08-08,308.000000,8.594465,0.995199,64937.680000,64924.270000
29770640,2026-08-09T01:20,64924.270000,-0.036400,0.990399,2026-08-08,68.000000,2.023440,0.005746,64936.320000,64924.270000
29770641,2026-08-09T01:21,64915.940000,-0.177600,-0.985964,2026-08-08,117.000000,1.645595,0.146779,64924.280000,64910.790000
29770642,2026-08-09T01:22,64884.880000,0.658200,-0.709133,2026-08-08,195.000000,5.119169,0.791597,64910.230000,64880.000000
29770643,2026-08-09T01:23,64889.960000,0.042900,0.583219,2026-08-08,116.000000,0.875881,0.707850,64890.150000,64884.870000
29770644,2026-08-09T01:24,64889.960000,0.093300,0.415572,2026-08-08,100.000000,0.188272,0.404103,64889.970000,64889.960000
29770645,2026-08-09T01:25,64833.680000,-0.080000,-0.178252,2026-08-08,389.000000,7.049400,0.184109,64889.970000,64821.790000
29770646,2026-08-09T01:26,64825.180000,0.256900,-0.632478,2026-08-08,224.000000,2.533055,0.570306,64833.690000,64820.000000
29770647,2026-08-09T01:27,64837.820000,0.211800,0.140603,2026-08-08,97.000000,0.413175,0.963924,64837.820000,64825.170000
29770648,2026-08-09T01:28,64811.570000,0.146000,0.954617,2026-08-08,270.000000,11.640225,0.059932,64848.420000,64805.240000
29770649,2026-08-09T01:29,64811.850000,-0.285700,-0.880997,2026-08-08,238.000000,3.735307,0.128685,64820.830000,64811.560000
29770650,2026-08-09T01:30,64823.330000,0.121100,-0.861441,2026-08-08,163.000000,1.084263,0.752456,64823.340000,64805.240000
29770651,2026-08-09T01:31,64830.570000,0.235000,0.505417,2026-08-08,113.000000,1.052775,0.777972,64830.580000,64823.330000
29770652,2026-08-09T01:32,64824.540000,0.006600,0.555945,2026-08-08,169.000000,0.856311,0.220584,64831.550000,64823.900000
29770653,2026-08-09T01:33,64831.540000,0.104000,-0.558832,2026-08-08,107.000000,0.378697,0.532531,64831.550000,64824.540000
29770654,2026-08-09T01:34,64834.210000,0.172000,0.065720,2026-08-08,120.000000,2.253640,0.993908,64839.130000,64831.540000
29770655,2026-08-09T01:35,64834.210000,0.160300,0.988304,2026-08-08,5.000000,0.001664,0.000733,64834.220000,64834.210000
29770656,2026-08-09T01:36,64839.260000,0.091000,-0.998534,2026-08-08,295.000000,1.109820,0.783595,64840.740000,64834.070000
29770657,2026-08-09T01:37,64830.580000,-0.230400,0.568673,2026-08-08,189.000000,8.157897,0.019504,64839.260000,64824.000000
29770658,2026-08-09T01:38,64830.580000,-0.318100,-0.948681,2026-08-08,122.000000,0.912318,0.128825,64830.590000,64830.580000
29770659,2026-08-09T01:39,64830.580000,-0.231100,-0.854903,2026-08-08,89.000000,0.111583,0.781268,64830.590000,64830.580000
29770660,2026-08-09T01:40,64823.350000,-0.117500,0.567432,2026-08-08,164.000000,1.445341,0.159374,64830.590000,64823.340000
29770661,2026-08-09T01:41,64821.870000,-0.336000,-0.682943,2026-08-08,150.000000,0.488673,0.513823,64823.350000,64821.900000
29770662,2026-08-09T01:42,64828.790000,-0.085000,-0.093223,2026-08-08,115.000000,0.535779,0.820217,64828.800000,64821.190000
29770663,2026-08-09T01:43,64832.240000,0.165700,0.867949,2026-08-08,94.000000,0.212045,0.879130,64832.240000,64828.790000
29770664,2026-08-09T01:44,64838.740000,0.129900,0.756344,2026-08-08,193.000000,4.610355,0.990786,64841.860000,64831.940000
29770665,2026-08-09T01:45,64838.740000,0.313100,0.981572,2026-08-08,74.000000,0.056046,0.825501,64838.750000,64838.740000
29770666,2026-08-09T01:46,64838.740000,0.246100,0.651001,2026-08-08,105.000000,0.179318,0.587723,64838.750000,64838.740000
29770667,2026-08-09T01:47,64838.740000,0.324900,0.177258,2026-08-08,91.000000,0.299632,0.957271,64838.750000,64838.740000
29770668,2026-08-09T01:48,64837.380000,0.209600,0.914430,2026-08-08,134.000000,1.159231,0.081696,64838.750000,64835.400000
29770669,2026-08-09T01:49,64828.430000,0.145900,-0.832986,2026-08-08,247.000000,12.374823,0.026381,64837.380000,64822.500000
29770670,2026-08-09T01:50,64803.010000,0.442300,-0.947586,2026-08-08,223.000000,7.290698,0.038606,64832.380000,64803.010000
29770671,2026-08-09T01:51,64790.930000,-0.467900,-0.921100,2026-08-08,236.000000,4.469596,0.099021,64803.020000,64791.880000
29770672,2026-08-09T01:52,64800.150000,0.071900,-0.803950,2026-08-08,223.000000,4.654708,0.886661,64805.980000,64787.870000
29770673,2026-08-09T01:53,64806.010000,0.239900,0.773246,2026-08-08,75.000000,0.117559,0.671558,64806.490000,64800.140000
29770674,2026-08-09T01:54,64814.510000,0.376700,0.343116,2026-08-08,152.000000,1.297290,0.853465,64814.500000,64806.000000
29770675,2026-08-09T01:55,64818.740000,-0.008100,0.709814,2026-08-08,143.000000,2.508732,0.910103,64820.130000,64814.500000
29770676,2026-08-09T01:56,64820.910000,0.332200,0.819278,2026-08-08,105.000000,0.294728,0.583873,64822.640000,64816.830000
29770677,2026-08-09T01:57,64820.510000,-0.012900,0.167746,2026-08-08,80.000000,0.345817,0.011981,64820.520000,64818.980000
29770678,2026-08-09T01:58,64816.010000,0.326900,-0.976039,2026-08-08,162.000000,0.530838,0.894199,64820.510000,64815.670000
29770679,2026-08-09T01:59,64806.150000,-0.286100,0.788429,2026-08-08,354.000000,16.211599,0.021202,64816.010000,64803.130000
29770680,2026-08-09T02:00,64800.150000,-0.237400,-0.957606,2026-08-08,105.000000,0.287408,0.284140,64809.220000,64800.150000
29770681,2026-08-09T02:01,64802.240000,0.115400,-0.430962,2026-08-08,76.000000,0.225480,0.991160,64802.980000,64800.150000
29770682,2026-08-09T02:02,64803.900000,-0.008700,0.982307,2026-08-08,148.000000,3.754451,0.565847,64806.130000,64794.380000
29770683,2026-08-09T02:03,64802.320000,0.301200,0.131697,2026-08-08,89.000000,0.152112,0.362979,64803.900000,64802.310000
29770684,2026-08-09T02:04,64804.270000,0.390400,-0.271113,2026-08-08,112.000000,0.331695,0.943571,64804.280000,64802.310000
29770685,2026-08-09T02:05,64804.270000,0.244100,0.888428,2026-08-08,108.000000,0.262391,0.263583,64804.280000,64804.270000
29770686,2026-08-09T02:06,64762.760000,0.306400,-0.495858,2026-08-08,226.000000,3.605631,0.156311,64804.280000,64761.850000
29770687,2026-08-09T02:07,64783.540000,0.055000,-0.683524,2026-08-08,203.000000,1.496397,0.862799,64784.900000,64762.760000
29770688,2026-08-09T02:08,64780.520000,0.134800,0.724048,2026-08-08,143.000000,1.023222,0.365714,64783.890000,64779.900000
29770689,2026-08-09T02:09,64787.130000,0.102500,0.058722,2026-08-08,146.000000,0.723162,0.921391,64787.140000,64780.530000
29770690,2026-08-09T02:10,64797.990000,-0.025200,0.690281,2026-08-08,133.000000,1.164107,0.437583,64798.000000,64787.130000
29770691,2026-08-09T02:11,64808.770000,0.160700,-0.124794,2026-08-08,176.000000,1.873039,0.922245,64808.860000,64795.100000
29770692,2026-08-09T02:12,64807.010000,0.032300,0.843730,2026-08-08,123.000000,0.851385,0.161938,64808.780000,64807.000000
29770693,2026-08-09T02:13,64799.070000,-0.253900,-0.675831,2026-08-08,149.000000,3.211170,0.037649,64807.010000,64797.840000
29770694,2026-08-09T02:14,64799.040000,-0.284900,-0.924702,2026-08-08,90.000000,0.856456,0.062467,64799.070000,64796.260000
29770695,2026-08-09T02:15,64783.520000,-0.714800,-0.875066,2026-08-08,126.000000,1.192446,0.105649,64799.040000,64783.520000
29770696,2026-08-09T02:16,64778.460000,-0.178500,-0.788702,2026-08-08,105.000000,0.295690,0.290215,64783.530000,64778.460000
29770697,2026-08-09T02:17,64782.260000,-0.213100,-0.414274,2026-08-08,121.000000,0.604702,0.845186,64782.270000,64778.450000
29770698,2026-08-09T02:18,64782.260000,-0.088000,0.690192,2026-08-08,103.000000,0.144463,0.546104,64782.270000,64782.260000
29770699,2026-08-09T02:19,64782.320000,0.054500,0.087890,2026-08-08,140.000000,2.073999,0.206321,64783.530000,64776.010000
29770700,2026-08-09T02:20,64782.320000,-0.018600,-0.586946,2026-08-08,88.000000,0.079595,0.994787,64782.330000,64782.320000
29770701,2026-08-09T02:21,64782.320000,-0.072300,0.989494,2026-08-08,100.000000,0.130233,0.999172,64782.330000,64782.320000
29770702,2026-08-09T02:22,64780.180000,0.102900,0.628083,2026-08-08,117.000000,0.138998,0.282490,64782.330000,64780.180000
29770703,2026-08-09T02:23,64780.990000,0.130700,-0.266479,2026-08-08,125.000000,2.839905,0.999994,64781.000000,64780.190000
29770704,2026-08-09T02:24,64791.880000,-0.249600,0.999989,2026-08-08,314.000000,10.719099,0.986196,64791.890000,64780.990000
29770705,2026-08-09T02:25,64788.960000,-0.430600,0.971871,2026-08-08,113.000000,0.204244,0.343195,64791.890000,64788.950000
29770706,2026-08-09T02:26,64791.880000,0.247700,-0.313580,2026-08-08,107.000000,0.306058,0.983114,64791.890000,64788.950000
29770707,2026-08-09T02:27,64793.460000,0.596500,0.966310,2026-08-08,147.000000,0.913109,0.260470,64793.460000,64790.180000
29770708,2026-08-09T02:28,64797.980000,0.196000,-0.552911,2026-08-08,151.000000,0.507136,0.568400,64797.980000,64793.130000
29770709,2026-08-09T02:29,64786.120000,-0.231700,-0.026373,2026-08-08,424.000000,24.046986,0.028911,64797.970000,64781.840000
29770710,2026-08-09T02:30,64780.510000,-0.155600,-0.940231,2026-08-08,124.000000,1.000658,0.670700,64786.130000,64780.510000
29770711,2026-08-09T02:31,64780.510000,-0.174000,0.330098,2026-08-08,75.000000,0.072371,0.488405,64780.520000,64780.510000
29770712,2026-08-09T02:32,64780.510000,-0.300900,-0.023190,2026-08-08,103.000000,0.171143,0.233431,64780.520000,64780.510000
29770713,2026-08-09T02:33,64784.230000,-0.181400,-0.529919,2026-08-08,142.000000,3.045105,0.999170,64784.230000,64780.510000
29770714,2026-08-09T02:34,64787.850000,0.167200,0.998595,2026-08-08,671.000000,39.310085,0.944449,64798.400000,64784.220000
29770715,2026-08-09T02:35,64783.010000,-0.091000,0.887310,2026-08-08,349.000000,4.689942,0.950614,64787.850000,64780.510000
29770716,2026-08-09T02:36,64783.010000,-0.147400,0.901211,2026-08-08,7.000000,0.000765,0.999294,64783.020000,64783.010000
29770717,2026-08-09T02:37,64783.010000,0.297600,0.998980,2026-08-08,198.000000,0.467567,0.626409,64783.020000,64783.010000
29770718,2026-08-09T02:38,64780.510000,0.183800,0.252818,2026-08-08,112.000000,1.245822,0.072201,64783.020000,64780.500000
29770719,2026-08-09T02:39,64775.650000,0.055500,-0.868914,2026-08-08,315.000000,10.359632,0.081256,64784.170000,64774.900000
29770720,2026-08-09T02:40,64775.650000,-0.096400,-0.835301,2026-08-08,97.000000,0.309343,0.540147,64775.650000,64775.640000
29770721,2026-08-09T02:41,64780.510000,-0.217700,0.114070,2026-08-08,174.000000,1.417118,0.275749,64780.520000,64775.640000
29770722,2026-08-09T02:42,64778.420000,0.136200,-0.453856,2026-08-08,108.000000,0.120051,0.337784,64780.520000,64776.730000
29770723,2026-08-09T02:43,64747.320000,-0.258800,-0.233042,2026-08-08,239.000000,4.221324,0.011450,64778.420000,64747.320000
29770724,2026-08-09T02:44,64730.510000,-0.232700,-0.931438,2026-08-08,264.000000,11.818917,0.401885,64747.330000,64723.500000
29770725,2026-08-09T02:45,64745.580000,0.009600,-0.200872,2026-08-08,254.000000,2.055096,0.673007,64747.530000,64723.490000
29770726,2026-08-09T02:46,64735.430000,0.391300,0.326486,2026-08-08,148.000000,0.341467,0.082768,64746.170000,64735.200000
29770727,2026-08-09T02:47,64728.350000,0.242800,-0.833030,2026-08-08,198.000000,1.938560,0.772403,64735.430000,64728.290000
29770728,2026-08-09T02:48,64734.010000,-0.045400,0.544806,2026-08-08,244.000000,0.841269,0.935535,64734.010000,64728.340000
29770729,2026-08-09T02:49,64731.630000,0.287000,0.871070,2026-08-08,136.000000,0.189517,0.347477,64734.010000,64731.630000
29770730,2026-08-09T02:50,64727.260000,-0.233200,-0.305046,2026-08-08,103.000000,0.666543,0.089156,64731.640000,64727.250000
29770731,2026-08-09T02:51,64737.430000,-0.067000,-0.819683,2026-08-08,348.000000,1.361184,0.855590,64737.530000,64727.250000
29770732,2026-08-09T02:52,64739.010000,0.262700,0.711954,2026-08-08,126.000000,0.383065,0.568947,64741.130000,64737.220000
29770733,2026-08-09T02:53,64751.880000,-0.318900,0.127886,2026-08-08,184.000000,0.437721,0.228808,64751.890000,64739.000000
29770734,2026-08-09T02:54,64758.430000,-0.014400,-0.542384,2026-08-08,123.000000,0.744574,0.714817,64759.270000,64750.940000
29770735,2026-08-09T02:55,64768.150000,0.319700,0.429701,2026-08-08,108.000000,0.719471,0.822652,64768.150000,64758.520000
29770736,2026-08-09T02:56,64769.440000,-0.150300,0.645261,2026-08-08,128.000000,3.272649,0.939246,64773.330000,64768.140000
29770737,2026-08-09T02:57,64769.100000,-0.031500,0.878492,2026-08-08,112.000000,0.201498,0.914920,64769.450000,64767.820000
29770738,2026-08-09T02:58,64769.440000,-0.063900,0.831372,2026-08-08,94.000000,0.207177,0.667964,64769.450000,64767.710000
29770739,2026-08-09T02:59,64767.510000,-0.202500,0.330007,2026-08-08,100.000000,1.457891,0.306025,64773.340000,64767.510000
29770740,2026-08-09T03:00,64760.510000,-0.091800,-0.387735,2026-08-08,116.000000,0.143442,0.242673,64767.520000,64760.510000
29770741,2026-08-09T03:01,64758.180000,-0.268500,-0.507062,2026-08-08,198.000000,0.240511,0.536660,64760.520000,64758.190000
29770742,2026-08-09T03:02,64754.570000,-0.049400,-0.029779,2026-08-08,109.000000,0.184447,0.447929,64758.190000,64754.560000
29770743,2026-08-09T03:03,64760.460000,-0.222900,0.036541,2026-08-08,136.000000,1.206184,0.736771,64760.470000,64754.560000
29770744,2026-08-09T03:04,64762.430000,-0.056700,0.473477,2026-08-08,159.000000,2.591417,0.992587,64762.690000,64760.460000
29770745,2026-08-09T03:05,64765.490000,-0.163100,0.986478,2026-08-08,147.000000,2.330647,0.982337,64766.080000,64762.420000
29770746,2026-08-09T03:06,64765.490000,-0.263200,0.964682,2026-08-08,81.000000,0.352263,0.946699,64765.490000,64765.480000
29770747,2026-08-09T03:07,64760.380000,-0.335200,0.685101,2026-08-08,103.000000,0.477858,0.586234,64765.490000,64760.370000
29770748,2026-08-09T03:08,64757.940000,0.159200,0.142673,2026-08-08,88.000000,0.162343,0.356836,64760.380000,64758.180000
29770749,2026-08-09T03:09,64745.010000,-0.027700,-0.290637,2026-08-08,130.000000,0.812534,0.641478,64757.950000,64745.000000
29770750,2026-08-09T03:10,64744.510000,0.053200,0.276383,2026-08-08,126.000000,0.718342,0.094734,64745.020000,64741.550000
29770751,2026-08-09T03:11,64742.650000,-0.095000,-0.810515,2026-08-08,86.000000,0.178484,0.709232,64742.910000,64742.640000
29770752,2026-08-09T03:12,64742.400000,-0.021600,0.418464,2026-08-08,136.000000,0.965088,0.506379,64745.010000,64741.500000
29770753,2026-08-09T03:13,64701.760000,0.115100,-0.096538,2026-08-08,265.000000,3.726378,0.157985,64742.400000,64701.750000
29770754,2026-08-09T03:14,64690.330000,-0.453900,-0.581723,2026-08-08,208.000000,2.379644,0.370387,64710.000000,64689.000000
29770755,2026-08-09T03:15,64677.400000,-0.040000,-0.559737,2026-08-08,239.000000,5.214122,0.721530,64690.330000,64677.390000
29770756,2026-08-09T03:16,64677.400000,-0.289200,0.811789,2026-08-08,104.000000,0.752158,0.969237,64677.710000,64675.220000
29770757,2026-08-09T03:17,64690.320000,0.465000,0.938336,2026-08-08,147.000000,2.675361,0.932161,64693.020000,64677.390000
29770758,2026-08-09T03:18,64703.460000,0.149500,0.864372,2026-08-08,160.000000,0.608696,0.794571,64703.490000,64693.010000
29770759,2026-08-09T03:19,64702.210000,0.206000,0.588469,2026-08-08,116.000000,0.504359,0.091373,64703.470000,64701.140000
29770760,2026-08-09T03:20,64718.350000,0.133300,-0.817281,2026-08-08,156.000000,1.031604,0.973746,64718.360000,64702.040000
29770761,2026-08-09T03:21,64721.980000,0.415000,0.947648,2026-08-08,84.000000,0.267926,0.913929,64721.980000,64718.350000
29770762,2026-08-09T03:22,64729.990000,0.180500,0.827717,2026-08-08,85.000000,0.184324,0.921728,64730.000000,64721.970000
29770763,2026-08-09T03:23,64729.990000,0.291500,0.843455,2026-08-08,24.000000,0.270432,0.616577,64730.000000,64729.990000
29770764,2026-08-09T03:24,64735.290000,0.397300,0.232793,2026-08-08,92.000000,0.559467,0.542999,64735.300000,64729.990000
29770765,2026-08-09T03:25,64721.990000,-0.046800,0.087348,2026-08-08,107.000000,1.350182,0.069253,64735.300000,64721.980000
29770766,2026-08-09T03:26,64724.260000,0.105900,-0.860625,2026-08-08,88.000000,0.764464,0.965751,64724.270000,64721.980000
29770767,2026-08-09T03:27,64724.260000,-0.057600,0.931369,2026-08-08,77.000000,0.190495,0.679655,64724.270000,64724.260000
29770768,2026-08-09T03:28,64728.620000,0.127400,0.359340,2026-08-08,165.000000,2.069573,0.957115,64729.770000,64724.260000
29770769,2026-08-09T03:29,64728.620000,0.173000,0.914260,2026-08-08,55.000000,0.112895,0.818760,64728.630000,64728.620000
29770770,2026-08-09T03:30,64724.230000,-0.038200,-0.846341,2026-08-08,96.000000,1.363876,0.173032,64728.620000,64724.010000
29770771,2026-08-09T03:31,64724.230000,0.043100,0.670957,2026-08-08,82.000000,0.230100,0.598303,64724.230000,64724.220000
29770772,2026-08-09T03:32,64743.240000,-0.144300,0.196605,2026-08-08,154.000000,1.561968,0.923083,64744.490000,64724.220000
29770773,2026-08-09T03:33,64737.460000,0.064800,0.846163,2026-08-08,91.000000,0.450142,0.157069,64743.250000,64737.460000
29770774,2026-08-09T03:34,64735.940000,-0.064900,-0.685860,2026-08-08,106.000000,0.410673,0.865698,64737.920000,64730.840000
29770775,2026-08-09T03:35,64722.710000,0.230800,0.731395,2026-08-08,294.000000,9.125876,0.596213,64735.950000,64716.560000
29770776,2026-08-09T03:36,64722.710000,0.330400,0.193315,2026-08-08,68.000000,0.182126,0.684554,64722.720000,64722.710000
29770777,2026-08-09T03:37,64722.710000,0.335900,0.333755,2026-08-08,2.000000,0.000384,0.996976,64722.720000,64722.710000
29770778,2026-08-09T03:38,64722.710000,0.511100,0.000000,2026-08-08,160.000000,0.581430,0.836112,64722.740000,64722.710000
29770779,2026-08-09T03:39,64744.940000,-0.119000,0.675009,2026-08-08,159.000000,1.146073,0.973664,64744.940000,64722.710000
29770780,2026-08-09T03:40,64743.650000,-0.020000,0.947097,2026-08-08,51.000000,0.890944,0.020702,64744.950000,64743.650000
29770781,2026-08-09T03:41,64743.650000,-0.243100,-0.955241,2026-08-08,100.000000,1.488500,0.221721,64747.320000,64743.650000
29770782,2026-08-09T03:42,64743.010000,-0.203000,-0.504054,2026-08-08,93.000000,0.196534,0.908574,64744.630000,64743.000000
29770783,2026-08-09T03:43,64739.960000,-0.152000,0.591062,2026-08-08,117.000000,3.216679,0.011557,64743.010000,64733.090000
29770784,2026-08-09T03:44,64751.880000,-0.387600,-0.971873,2026-08-08,173.000000,1.758466,0.989384,64755.000000,64739.950000
29770785,2026-08-09T03:45,64751.880000,-0.335500,0.978627,2026-08-08,43.000000,0.039758,0.984755,64751.890000,64751.880000
29770786,2026-08-09T03:46,64740.080000,0.098400,0.665418,2026-08-08,145.000000,1.174197,0.224022,64751.890000,64740.080000
29770787,2026-08-09T03:47,64740.080000,-0.142000,-0.553936,2026-08-08,121.000000,0.181179,0.587920,64740.090000,64740.080000
29770788,2026-08-09T03:48,64740.080000,-0.104200,0.179572,2026-08-08,168.000000,0.131183,0.521663,64740.090000,64740.080000
29770789,2026-08-09T03:49,64738.310000,-0.848500,-0.153983,2026-08-08,176.000000,2.589895,0.677995,64740.090000,64736.780000
29770790,2026-08-09T03:50,64738.310000,-0.833600,0.372293,2026-08-08,67.000000,0.411931,0.416082,64738.310000,64738.300000
29770791,2026-08-09T03:51,64738.310000,-0.843200,-0.165733,2026-08-08,63.000000,0.121169,0.588794,64738.310000,64738.300000
29770792,2026-08-09T03:52,64738.310000,-0.859700,0.178538,2026-08-08,198.000000,4.415396,0.952480,64740.100000,64738.300000
29770793,2026-08-09T03:53,64736.460000,-0.895300,0.905205,2026-08-08,81.000000,0.466965,0.119266,64738.310000,64736.460000
29770794,2026-08-09T03:54,64732.850000,-0.849400,-0.809155,2026-08-08,61.000000,0.258519,0.239171,64736.470000,64732.850000
29770795,2026-08-09T03:55,64729.230000,-0.239500,-0.521658,2026-08-08,72.000000,0.512866,0.931765,64732.850000,64729.220000
29770796,2026-08-09T03:56,64729.230000,-0.398000,0.863530,2026-08-08,48.000000,0.078743,0.999339,64729.230000,64729.220000
29770797,2026-08-09T03:57,64729.230000,-0.127800,0.998754,2026-08-08,77.000000,0.446559,0.999958,64729.230000,64729.220000
29770798,2026-08-09T03:58,64729.230000,-0.121700,0.999917,2026-08-08,79.000000,0.307875,0.807725,64729.230000,64729.220000
29770799,2026-08-09T03:59,64734.960000,-0.844200,0.423933,2026-08-08,106.000000,1.167811,0.910384,64734.970000,64729.220000
29770800,2026-08-09T04:00,64734.960000,-0.805700,0.882860,2026-08-08,77.000000,0.179323,0.571773,64734.970000,64734.960000
29770801,2026-08-09T04:01,64734.960000,0.319000,0.146757,2026-08-08,107.000000,0.714589,0.702885,64735.630000,64734.960000
29770802,2026-08-09T04:02,64736.460000,0.037200,0.405689,2026-08-08,86.000000,0.144438,0.461413,64736.470000,64734.970000
29770803,2026-08-09T04:03,64736.460000,-0.012800,-0.082801,2026-08-08,55.000000,0.192572,0.334238,64736.470000,64736.460000
29770804,2026-08-09T04:04,64737.740000,0.183000,-0.331523,2026-08-08,97.000000,0.186340,0.532098,64737.750000,64736.460000
29770805,2026-08-09T04:05,64737.740000,0.155600,0.083009,2026-08-08,66.000000,0.273320,0.338927,64737.750000,64737.740000
29770806,2026-08-09T04:06,64743.690000,-0.080900,-0.340901,2026-08-08,105.000000,0.567795,0.961921,64743.700000,64737.740000
29770807,2026-08-09T04:07,64747.790000,-0.100700,0.923841,2026-08-08,98.000000,0.194223,0.510757,64748.320000,64743.700000
29770808,2026-08-09T04:08,64748.900000,-0.422400,0.021514,2026-08-08,92.000000,0.810312,0.163552,64750.940000,64747.780000
29770809,2026-08-09T04:09,64748.790000,-0.204900,-0.672896,2026-08-08,89.000000,0.145360,0.705535,64748.910000,64748.790000
29770810,2026-08-09T04:10,64747.310000,-0.032800,0.414094,2026-08-08,91.000000,0.380145,0.291740,64748.800000,64747.250000
29770811,2026-08-09T04:11,64762.920000,-0.537700,-0.419323,2026-08-08,138.000000,1.135382,0.976724,64770.000000,64747.300000
29770812,2026-08-09T04:12,64761.620000,-0.208600,0.953448,2026-08-08,123.000000,0.392314,0.891617,64762.920000,64761.610000
29770813,2026-08-09T04:13,64762.900000,0.043200,0.828399,2026-08-08,108.000000,0.420893,0.981862,64762.910000,64761.610000
29770814,2026-08-09T04:14,64768.760000,-0.049400,0.951932,2026-08-08,116.000000,0.630700,0.862226,64769.030000,64762.900000
29770815,2026-08-09T04:15,64772.900000,-0.246200,0.724453,2026-08-08,153.000000,1.273523,0.591421,64780.010000,64768.750000
29770816,2026-08-09T04:16,64756.210000,-0.033000,0.183440,2026-08-08,140.000000,0.374971,0.206819,64772.910000,64755.780000
29770817,2026-08-09T04:17,64755.790000,0.089900,-0.592117,2026-08-08,93.000000,0.184753,0.979518,64755.800000,64755.780000
29770818,2026-08-09T04:18,64757.100000,-0.402400,0.976709,2026-08-08,120.000000,0.484713,0.708494,64759.090000,64755.790000
29770819,2026-08-09T04:19,64753.600000,-0.029700,0.416988,2026-08-08,129.000000,0.161509,0.460121,64757.100000,64753.600000
29770820,2026-08-09T04:20,64753.350000,0.038400,-0.078072,2026-08-08,120.000000,0.162514,0.319366,64753.610000,64752.760000
29770821,2026-08-09T04:21,64753.350000,-0.007200,-0.363386,2026-08-08,124.000000,0.499874,0.845628,64755.810000,64752.050000
29770822,2026-08-09T04:22,64753.350000,0.028100,0.691255,2026-08-08,92.000000,0.189539,0.545815,64753.360000,64753.350000
29770823,2026-08-09T04:23,64759.160000,0.256100,0.091630,2026-08-08,121.000000,1.042372,0.946529,64759.510000,64753.350000
29770824,2026-08-09T04:24,64758.150000,-0.191900,0.909633,2026-08-08,344.000000,9.323269,0.957913,64767.600000,64757.360000
29770825,2026-08-09T04:25,64757.260000,-0.047400,0.914063,2026-08-08,123.000000,0.131398,0.594120,64758.150000,64756.760000
29770826,2026-08-09T04:26,64756.260000,-0.097300,0.188241,2026-08-08,95.000000,0.314494,0.753591,64757.270000,64756.230000
29770827,2026-08-09T04:27,64756.260000,-0.148200,0.557657,2026-08-08,81.000000,0.125151,0.706611,64756.260000,64756.250000
29770828,2026-08-09T04:28,64772.650000,-0.248000,0.189590,2026-08-08,213.000000,4.037054,0.999522,64772.970000,64756.250000
29770829,2026-08-09T04:29,64779.380000,-0.017500,0.999043,2026-08-08,89.000000,0.773688,0.985551,64779.390000,64772.650000
29770830,2026-08-09T04:30,64773.210000,-0.044500,0.971090,2026-08-08,106.000000,0.699748,0.225126,64779.380000,64773.210000
29770831,2026-08-09T04:31,64766.620000,-0.038900,-0.548850,2026-08-08,175.000000,0.895075,0.373232,64773.220000,64764.270000
29770832,2026-08-09T04:32,64764.350000,-0.106900,-0.254040,2026-08-08,120.000000,0.089038,0.806832,64766.620000,64764.340000
29770833,2026-08-09T04:33,64764.350000,-0.037900,0.628687,2026-08-08,78.000000,0.153550,0.665515,64764.350000,64764.340000
29770834,2026-08-09T04:34,64755.760000,-0.217200,0.320813,2026-08-08,116.000000,0.250977,0.531497,64764.350000,64755.750000
29770835,2026-08-09T04:35,64753.370000,-0.010300,-0.141956,2026-08-08,92.000000,0.227614,0.691016,64755.750000,64753.260000
29770836,2026-08-09T04:36,64753.370000,-0.084200,0.856438,2026-08-08,95.000000,0.346229,0.928958,64753.370000,64753.360000
29770837,2026-08-09T04:37,64758.540000,0.114800,0.884761,2026-08-08,135.000000,0.902801,0.985988,64758.550000,64753.360000
29770838,2026-08-09T04:38,64758.540000,0.098300,0.969228,2026-08-08,6.000000,0.001528,0.999993,64758.550000,64758.540000
29770839,2026-08-09T04:39,64758.540000,0.276700,0.999987,2026-08-08,182.000000,0.262808,0.773733,64758.550000,64758.540000
29770840,2026-08-09T04:40,64758.540000,0.016000,0.589770,2026-08-08,92.000000,0.108617,0.893297,64758.550000,64758.540000
29770841,2026-08-09T04:41,64758.540000,0.168400,0.726925,2026-08-08,95.000000,0.202676,0.556092,64758.550000,64756.930000
29770842,2026-08-09T04:42,64758.540000,0.142800,0.097177,2026-08-08,84.000000,0.353710,0.985164,64758.550000,64758.540000
29770843,2026-08-09T04:43,64758.260000,-0.053300,0.970367,2026-08-08,93.000000,0.156611,0.480827,64758.550000,64757.250000
29770844,2026-08-09T04:44,64750.440000,-0.049600,-0.041405,2026-08-08,124.000000,0.208991,0.200089,64758.260000,64750.360000
29770845,2026-08-09T04:45,64749.990000,-0.110900,-0.599822,2026-08-08,105.000000,0.654933,0.453559,64750.450000,64749.690000
29770846,2026-08-09T04:46,64749.990000,-0.056600,-0.092881,2026-08-08,73.000000,0.051656,0.667969,64750.000000,64749.990000
29770847,2026-08-09T04:47,64749.990000,-0.095100,0.335539,2026-08-08,91.000000,0.343506,0.972979,64750.000000,64749.990000
29770848,2026-08-09T04:48,64749.990000,-0.037200,0.950384,2026-08-08,106.000000,0.464804,0.595928,64750.000000,64749.990000
29770849,2026-08-09T04:49,64747.630000,0.358900,0.136035,2026-08-08,193.000000,3.955504,0.014147,64750.000000,64747.620000
29770850,2026-08-09T04:50,64726.940000,0.265600,-0.971705,2026-08-08,352.000000,41.931977,0.009314,64747.640000,64676.690000
29770851,2026-08-09T04:51,64736.440000,0.362600,-0.981347,2026-08-08,126.000000,1.141392,0.817338,64736.450000,64726.940000
29770852,2026-08-09T04:52,64731.920000,0.317500,0.637048,2026-08-08,76.000000,0.184299,0.421075,64736.450000,64731.910000
29770853,2026-08-09T04:53,64728.490000,0.182300,-0.210321,2026-08-08,113.000000,0.692350,0.072281,64731.920000,64728.480000
29770854,2026-08-09T04:54,64728.490000,0.618000,-0.855743,2026-08-08,89.000000,0.097098,0.947525,64728.490000,64728.480000
29770855,2026-08-09T04:55,64727.980000,0.391000,0.923825,2026-08-08,120.000000,1.083202,0.131135,64728.490000,64725.330000
29770856,2026-08-09T04:56,64727.980000,0.485400,-0.737730,2026-08-08,79.000000,0.111657,0.873563,64727.980000,64727.970000
29770857,2026-08-09T04:57,64729.520000,0.468700,0.747125,2026-08-08,101.000000,0.372428,0.885330,64729.530000,64727.970000
29770858,2026-08-09T04:58,64731.920000,0.789600,0.770660,2026-08-08,122.000000,1.612465,0.962882,64731.920000,64729.520000
29770859,2026-08-09T04:59,64735.330000,-0.846600,0.932987,2026-08-08,277.000000,8.083129,0.968140,64739.590000,64731.910000
29770860,2026-08-09T05:00,64731.870000,-0.621300,0.934871,2026-08-08,114.000000,0.333511,0.184329,64735.340000,64731.860000
29770861,2026-08-09T05:01,64731.850000,0.572200,-0.640603,2026-08-08,108.000000,0.111539,0.625125,64731.870000,64731.040000
29770862,2026-08-09T05:02,64739.120000,0.343500,0.251724,2026-08-08,120.000000,0.303872,0.969003,64739.130000,64731.840000
29770863,2026-08-09T05:03,64737.320000,0.664000,0.937960,2026-08-08,80.000000,0.231610,0.042335,64739.130000,64736.740000
29770864,2026-08-09T05:04,64726.320000,0.269700,-0.951074,2026-08-08,412.000000,11.697340,0.018510,64737.190000,64725.010000
29770865,2026-08-09T05:05,64726.320000,0.376700,-0.962418,2026-08-08,100.000000,0.513568,0.805130,64726.330000,64726.320000
29770866,2026-08-09T05:06,64729.490000,0.652000,0.610708,2026-08-08,119.000000,0.340454,0.969719,64729.490000,64726.320000
29770867,2026-08-09T05:07,64730.790000,0.556000,0.939287,2026-08-08,76.000000,0.179146,0.814330,64730.790000,64729.480000
29770868,2026-08-09T05:08,64732.830000,0.698500,0.630292,2026-08-08,82.000000,1.338983,0.573651,64732.840000,64730.780000
29770869,2026-08-09T05:09,64727.520000,0.279600,0.016239,2026-08-08,309.000000,19.472820,0.004046,64732.840000,64725.410000
29770870,2026-08-09T05:10,64727.520000,0.420800,-0.991836,2026-08-08,68.000000,0.132173,0.263404,64727.530000,64727.520000
29770871,2026-08-09T05:11,64727.520000,0.167800,-0.465071,2026-08-08,86.000000,0.084124,0.735538,64727.530000,64727.520000
29770872,2026-08-09T05:12,64727.520000,-0.042800,0.059733,2026-08-08,127.000000,1.261777,0.968723,64730.930000,64725.180000
29770873,2026-08-09T05:13,64727.510000,-0.076800,0.988513,2026-08-08,129.000000,0.869728,0.801399,64730.990000,64724.990000
29770874,2026-08-09T05:14,64733.980000,0.006000,0.684705,2026-08-08,701.000000,17.887761,0.992936,64741.440000,64730.980000
29770875,2026-08-09T05:15,64733.980000,-0.027900,0.985665,2026-08-08,192.000000,0.073032,0.541556,64733.980000,64733.970000
29770876,2026-08-09T05:16,64733.980000,0.259900,0.086594,2026-08-08,77.000000,0.068755,0.406225,64733.980000,64733.970000
29770877,2026-08-09T05:17,64733.980000,0.800900,-0.187550,2026-08-08,126.000000,0.334834,0.165378,64733.980000,64733.860000
29770878,2026-08-09T05:18,64733.980000,0.445200,-0.670684,2026-08-08,58.000000,0.216203,0.551953,64733.980000,64733.970000
29770879,2026-08-09T05:19,64726.460000,0.253800,-0.474871,2026-08-08,215.000000,8.800549,0.014999,64733.980000,64725.140000
29770880,2026-08-09T05:20,64726.460000,0.462300,-0.969331,2026-08-08,71.000000,0.202335,0.491638,64726.470000,64726.460000
29770881,2026-08-09T05:21,64726.460000,0.714300,-0.015711,2026-08-08,67.000000,0.140394,0.288063,64726.470000,64726.460000
29770882,2026-08-09T05:22,64726.460000,0.148200,-0.444714,2026-08-08,65.000000,0.449383,0.418565,64726.470000,64726.460000
29770883,2026-08-09T05:23,64730.690000,0.408500,-0.165087,2026-08-08,102.000000,0.732259,0.838249,64731.320000,64725.920000
29770884,2026-08-09T05:24,64734.170000,-0.706200,0.755780,2026-08-08,619.000000,14.320600,0.984751,64739.130000,64730.270000
29770885,2026-08-09T05:25,64734.170000,-0.917300,0.969008,2026-08-08,148.000000,0.050079,0.774090,64734.170000,64734.160000
29770886,2026-08-09T05:26,64733.680000,0.675400,0.544180,2026-08-08,139.000000,1.196650,0.024713,64734.170000,64732.290000
29770887,2026-08-09T05:27,64732.850000,0.450100,-0.950573,2026-08-08,113.000000,0.105489,0.686717,64733.690000,64732.490000
29770888,2026-08-09T05:28,64732.330000,0.289000,0.373433,2026-08-08,87.000000,0.077798,0.884786,64732.850000,64731.540000
29770889,2026-08-09T05:29,64729.580000,-0.015100,0.774249,2026-08-08,52.000000,0.115506,0.553499,64732.340000,64729.580000
29770890,2026-08-09T05:30,64729.230000,-0.016400,0.095695,2026-08-08,78.000000,0.167554,0.334099,64729.590000,64728.010000
29770891,2026-08-09T05:31,64729.230000,-0.042000,-0.073518,2026-08-08,75.000000,0.317780,0.984940,64729.230000,64729.220000
29770892,2026-08-09T05:32,64729.230000,0.246700,0.965555,2026-08-08,69.000000,0.597343,0.998285,64729.230000,64729.220000
29770893,2026-08-09T05:33,64730.880000,0.214000,0.996595,2026-08-08,98.000000,0.276529,0.956489,64733.450000,64729.220000
29770894,2026-08-09T05:34,64734.650000,-0.030700,0.806756,2026-08-08,339.000000,10.727728,0.973526,64735.970000,64729.500000
29770895,2026-08-09T05:35,64735.060000,0.850100,0.949910,2026-08-08,108.000000,0.302356,0.976539,64735.490000,64734.570000
29770896,2026-08-09T05:36,64735.060000,-0.081500,0.953203,2026-08-08,97.000000,0.101934,0.469621,64735.960000,64735.050000
29770897,2026-08-09T05:37,64735.060000,-0.305100,-0.064935,2026-08-08,74.000000,0.075519,0.846869,64735.060000,64735.050000
29770898,2026-08-09T05:38,64732.290000,0.386200,0.696311,2026-08-08,95.000000,0.399886,0.456775,64735.080000,64732.290000
29770899,2026-08-09T05:39,64728.120000,0.218400,-0.089270,2026-08-08,106.000000,3.348296,0.004960,64732.300000,64728.020000
29770900,2026-08-09T05:40,64729.990000,0.065100,-0.990079,2026-08-08,196.000000,3.617300,0.020514,64730.000000,64726.750000
29770901,2026-08-09T05:41,64729.990000,0.173900,-0.958971,2026-08-08,83.000000,0.080604,0.503856,64730.000000,64729.990000
29770902,2026-08-09T05:42,64733.820000,-0.130000,0.044198,2026-08-08,110.000000,0.068277,0.390283,64733.830000,64730.000000
29770903,2026-08-09T05:43,64729.630000,0.270300,-0.276985,2026-08-08,85.000000,0.716357,0.042115,64733.830000,64729.620000
29770904,2026-08-09T05:44,64727.290000,0.092400,-0.936013,2026-08-08,198.000000,6.874799,0.006494,64729.640000,64725.000000
29770905,2026-08-09T05:45,64731.040000,-0.251000,-0.986570,2026-08-08,112.000000,0.098986,0.982273,64731.510000,64727.290000
29770906,2026-08-09T05:46,64717.510000,0.045900,0.964546,2026-08-08,124.000000,2.926311,0.111430,64731.050000,64717.510000
29770907,2026-08-09T05:47,64717.510000,0.093200,-0.777121,2026-08-08,114.000000,0.115456,0.460435,64717.520000,64717.510000
29770908,2026-08-09T05:48,64724.730000,0.095600,-0.079410,2026-08-08,122.000000,0.468159,0.995837,64727.070000,64717.510000
29770909,2026-08-09T05:49,64724.730000,0.146800,0.991674,2026-08-08,60.000000,0.108914,0.810090,64724.730000,64724.720000
29770910,2026-08-09T05:50,64724.730000,0.153700,0.622112,2026-08-08,67.000000,0.122527,0.969479,64724.730000,64724.720000
29770911,2026-08-09T05:51,64730.260000,0.136400,0.938680,2026-08-08,111.000000,0.345098,0.927181,64730.270000,64724.720000
29770912,2026-08-09T05:52,64731.120000,0.370500,0.853948,2026-08-08,73.000000,0.148881,0.973926,64731.120000,64730.260000
29770913,2026-08-09T05:53,64734.370000,-0.183700,0.948860,2026-08-08,138.000000,0.321360,0.423349,64734.370000,64731.110000
29770914,2026-08-09T05:54,64738.620000,0.138900,-0.153303,2026-08-08,133.000000,0.174910,0.365709,64739.910000,64734.360000
29770915,2026-08-09T05:55,64739.620000,0.165100,-0.268545,2026-08-08,137.000000,0.395996,0.460943,64742.390000,64738.620000
29770916,2026-08-09T05:56,64736.070000,-0.154800,-0.078129,2026-08-08,129.000000,2.157589,0.150973,64739.630000,64731.390000
29770917,2026-08-09T05:57,64736.070000,0.090000,-0.698054,2026-08-08,76.000000,0.171063,0.517050,64736.080000,64736.070000
29770918,2026-08-09T05:58,64736.070000,0.071900,0.034525,2026-08-08,71.000000,0.026751,0.672714,64736.080000,64736.070000
29770919,2026-08-09T05:59,64754.320000,-0.220000,0.343581,2026-08-08,298.000000,7.033920,0.998786,64755.850000,64736.070000
29770920,2026-08-09T06:00,64752.150000,0.514500,0.997572,2026-08-08,149.000000,0.262575,0.222628,64754.330000,64748.910000
29770921,2026-08-09T06:01,64752.900000,0.176500,-0.554743,2026-08-08,134.000000,0.360258,0.075810,64753.460000,64747.610000
29770922,2026-08-09T06:02,64750.060000,0.005900,-0.848378,2026-08-08,89.000000,0.091717,0.517278,64752.900000,64750.050000
29770923,2026-08-09T06:03,64752.900000,0.592200,0.034554,2026-08-08,90.000000,0.084047,0.984356,64752.900000,64750.050000
29770924,2026-08-09T06:04,64743.070000,0.510900,0.968810,2026-08-08,464.000000,26.115477,0.026421,64752.900000,64741.780000
29770925,2026-08-09T06:05,64744.490000,0.331000,-0.939799,2026-08-08,244.000000,0.716357,0.949335,64744.490000,64743.070000
29770926,2026-08-09T06:06,64752.010000,0.679400,0.882969,2026-08-08,88.000000,0.754648,0.797282,64752.310000,64744.480000
29770927,2026-08-09T06:07,64752.010000,0.370300,0.443301,2026-08-08,37.000000,0.129043,0.094210,64752.010000,64752.000000
29770928,2026-08-09T06:08,64744.530000,0.057100,-0.525099,2026-08-08,138.000000,3.922920,0.249815,64752.270000,64743.700000
29770929,2026-08-09T06:09,64754.580000,0.283100,-0.430199,2026-08-08,553.000000,12.046797,0.990325,64757.720000,64743.710000
29770930,2026-08-09T06:10,64754.580000,0.372800,0.980335,2026-08-08,13.000000,0.003566,0.999919,64754.590000,64754.580000
29770931,2026-08-09T06:11,64754.580000,0.372800,0.999865,2026-08-08,,,,,
29770932,2026-08-09T06:12,64754.580000,0.372800,0.000000,2026-08-08,,,,,
29770933,2026-08-09T06:13,64754.580000,0.372800,0.000000,2026-08-08,,,,,
29770934,2026-08-09T06:14,64754.580000,0.372800,0.000000,2026-08-08,,,,,
29770935,2026-08-09T06:15,64754.580000,0.372800,0.000000,2026-08-08,,,,,
29770936,2026-08-09T06:16,64754.580000,0.372800,0.000000,2026-08-08,,,,,
29770937,2026-08-09T06:17,64754.580000,0.372800,0.000000,2026-08-08,,,,,
29770938,2026-08-09T06:18,64754.580000,0.372800,0.000000,2026-08-08,,,,,
29770939,2026-08-09T06:19,64754.580000,0.372800,0.000000,2026-08-08,,,,,
29770940,2026-08-09T06:20,64754.580000,0.372800,0.000000,2026-08-08,,,,,
29770941,2026-08-09T06:21,64754.580000,0.372800,0.000000,2026-08-08,,,,,
29770942,2026-08-09T06:22,64754.580000,0.372800,0.000000,2026-08-08,,,,,
29770943,2026-08-09T06:23,64754.580000,0.372800,0.000000,2026-08-08,,,,,
29770944,2026-08-09T06:24,64754.580000,0.372800,0.000000,2026-08-08,,,,,
29770945,2026-08-09T06:25,64754.580000,0.372800,0.000000,2026-08-08,,,,,
29770946,2026-08-09T06:26,64754.580000,0.372800,0.000000,2026-08-08,,,,,
29770947,2026-08-09T06:27,64754.580000,0.372800,0.000000,2026-08-08,,,,,
29770948,2026-08-09T06:28,64754.580000,0.372800,0.000000,2026-08-08,,,,,
29770949,2026-08-09T06:29,64754.580000,0.372800,0.000000,2026-08-08,,,,,
29770950,2026-08-09T06:30,64754.580000,0.372800,0.000000,2026-08-08,,,,,
29770951,2026-08-09T06:31,64754.580000,0.372800,0.000000,2026-08-08,,,,,
29770952,2026-08-09T06:32,64754.580000,0.372800,0.000000,2026-08-08,,,,,
29770953,2026-08-09T06:33,64754.580000,0.372800,0.000000,2026-08-08,,,,,
29770954,2026-08-09T06:34,64754.580000,0.372800,0.000000,2026-08-08,,,,,
29770955,2026-08-09T06:35,64754.580000,0.372800,0.000000,2026-08-08,,,,,
29770956,2026-08-09T06:36,64754.580000,0.372800,0.000000,2026-08-08,,,,,
29770957,2026-08-09T06:37,64754.580000,0.372800,0.000000,2026-08-08,,,,,
29770958,2026-08-09T06:38,64754.580000,0.372800,0.000000,2026-08-08,,,,,
29770959,2026-08-09T06:39,64754.580000,0.372800,0.000000,2026-08-08,,,,,
29770960,2026-08-09T06:40,64754.580000,0.372800,0.000000,2026-08-08,,,,,
29770961,2026-08-09T06:41,64754.580000,0.372800,0.000000,2026-08-08,,,,,
29770962,2026-08-09T06:42,64754.580000,0.372800,0.000000,2026-08-08,,,,,
29770963,2026-08-09T06:43,64754.580000,0.372800,0.000000,2026-08-08,,,,,
29770964,2026-08-09T06:44,64754.580000,0.372800,0.000000,2026-08-08,,,,,
29770965,2026-08-09T06:45,64754.580000,0.372800,0.000000,2026-08-08,,,,,
29770966,2026-08-09T06:46,64754.580000,0.372800,0.000000,2026-08-08,,,,,
29770967,2026-08-09T06:47,64754.580000,0.372800,0.000000,2026-08-08,,,,,
29770968,2026-08-09T06:48,64754.580000,0.372800,0.000000,2026-08-08,,,,,
29770969,2026-08-09T06:49,64754.580000,0.372800,0.000000,2026-08-08,,,,,
29770970,2026-08-09T06:50,64754.580000,0.372800,0.000000,2026-08-08,,,,,
29770971,2026-08-09T06:51,64754.580000,0.372800,0.000000,2026-08-08,,,,,
29770972,2026-08-09T06:52,64754.580000,0.372800,0.000000,2026-08-08,,,,,
29770973,2026-08-09T06:53,64754.580000,0.372800,0.000000,2026-08-08,,,,,
29770974,2026-08-09T06:54,64754.580000,0.372800,0.000000,2026-08-08,,,,,
29770975,2026-08-09T06:55,64754.580000,0.372800,0.000000,2026-08-08,,,,,
29770976,2026-08-09T06:56,64754.580000,0.372800,0.000000,2026-08-08,,,,,
29770977,2026-08-09T06:57,64754.580000,0.372800,0.000000,2026-08-08,,,,,
