minute_epoch,minute_utc,close,book_imb,ofi,day,trades,volume,buy_share,high,low
29845440,2026-09-30T00:00,83648.240000,-0.416600,0.999984,2026-09-30,328.000000,3.110681,0.614566,83666.500000,83638.410000
29845441,2026-09-30T00:01,83671.170000,-0.549000,0.223828,2026-09-30,173.000000,0.513236,0.489713,83671.180000,83643.300000
29845442,2026-09-30T00:02,83689.260000,-0.058200,0.000113,2026-09-30,245.000000,0.672079,0.406084,83700.000000,83663.990000
29845443,2026-09-30T00:03,83680.210000,-0.059900,-0.187259,2026-09-30,266.000000,1.256457,0.340202,83695.000000,83657.950000
29845444,2026-09-30T00:04,83642.990000,-0.122500,-0.319702,2026-09-30,253.000000,1.937349,0.743332,83680.200000,83607.560000
29845445,2026-09-30T00:05,83673.420000,-0.042700,0.486258,2026-09-30,351.000000,2.794641,0.709753,83683.840000,83628.100000
29845446,2026-09-30T00:06,83653.080000,-0.274000,0.419862,2026-09-30,267.000000,1.120510,0.489252,83683.830000,83648.420000
29845447,2026-09-30T00:07,83641.670000,-0.134000,-0.021475,2026-09-30,214.000000,0.270181,0.533717,83658.440000,83635.770000
29845448,2026-09-30T00:08,83584.290000,-0.174900,0.067434,2026-09-30,225.000000,1.118372,0.643382,83641.620000,83582.560000
29845449,2026-09-30T00:09,83555.180000,-0.483000,0.286764,2026-09-30,270.000000,6.163095,0.035589,83596.260000,83548.510000
29845450,2026-09-30T00:10,83527.800000,0.028900,-0.928792,2026-09-30,324.000000,5.463460,0.243802,83552.300000,83520.570000
29845451,2026-09-30T00:11,83481.880000,-0.319300,-0.511580,2026-09-30,321.000000,6.894329,0.274520,83540.530000,83465.360000
29845452,2026-09-30T00:12,83505.680000,-0.161700,-0.450818,2026-09-30,288.000000,2.029920,0.723320,83511.220000,83472.970000
29845453,2026-09-30T00:13,83518.700000,-0.379700,0.449618,2026-09-30,206.000000,0.903656,0.772542,83531.670000,83506.700000
29845454,2026-09-30T00:14,83500.010000,-0.152400,0.538640,2026-09-30,180.000000,1.530463,0.255171,83518.700000,83496.000000
29845455,2026-09-30T00:15,83500.010000,-0.114800,-0.488025,2026-09-30,176.000000,0.499213,0.298625,83507.200000,83489.490000
29845456,2026-09-30T00:16,83514.890000,-0.106300,-0.407468,2026-09-30,178.000000,0.933103,0.935750,83514.900000,83500.000000
29845457,2026-09-30T00:17,83472.960000,-0.581100,0.871500,2026-09-30,230.000000,4.526624,0.086364,83514.890000,83472.960000
29845458,2026-09-30T00:18,83424.420000,-0.348600,-0.827156,2026-09-30,254.000000,2.965270,0.226914,83465.220000,83424.420000
29845459,2026-09-30T00:19,83399.080000,-0.586700,-0.545688,2026-09-30,178.000000,1.455906,0.042913,83424.430000,83399.040000
29845460,2026-09-30T00:20,83408.890000,-0.525400,-0.912696,2026-09-30,334.000000,6.167459,0.210978,83411.570000,83348.110000
29845461,2026-09-30T00:21,83413.820000,-0.184000,-0.593256,2026-09-30,316.000000,1.760763,0.247125,83415.560000,83371.860000
29845462,2026-09-30T00:22,83400.710000,-0.256600,-0.433143,2026-09-30,261.000000,0.894074,0.507599,83425.390000,83400.710000
29845463,2026-09-30T00:23,83414.830000,-0.278700,0.016229,2026-09-30,228.000000,0.436825,0.636733,83417.380000,83386.960000
29845464,2026-09-30T00:24,83435.740000,-0.423000,0.310639,2026-09-30,273.000000,0.903238,0.449573,83466.170000,83414.830000
29845465,2026-09-30T00:25,83502.760000,0.265000,-0.136181,2026-09-30,356.000000,5.686223,0.710168,83512.700000,83427.980000
29845466,2026-09-30T00:26,83486.790000,-0.163500,0.327741,2026-09-30,299.000000,2.236925,0.145925,83493.850000,83423.190000
29845467,2026-09-30T00:27,83487.760000,0.347500,-0.650819,2026-09-30,358.000000,5.015591,0.807594,83522.620000,83455.480000
29845468,2026-09-30T00:28,83552.600000,-0.258500,0.615695,2026-09-30,285.000000,1.152311,0.418989,83552.600000,83487.760000
29845469,2026-09-30T00:29,83536.790000,-0.226100,-0.168344,2026-09-30,239.000000,1.104556,0.352133,83557.090000,83536.780000
29845470,2026-09-30T00:30,83543.060000,-0.070500,-0.293533,2026-09-30,267.000000,1.388476,0.693319,83573.150000,83527.500000
29845471,2026-09-30T00:31,83541.290000,-0.387200,0.386429,2026-09-30,240.000000,0.929014,0.277545,83551.550000,83506.500000
29845472,2026-09-30T00:32,83541.290000,0.361400,-0.444691,2026-09-30,295.000000,1.602397,0.595947,83553.130000,83507.570000
29845473,2026-09-30T00:33,83556.770000,0.067400,0.192923,2026-09-30,192.000000,0.523987,0.465020,83560.860000,83546.630000
29845474,2026-09-30T00:34,83584.420000,0.443200,-0.079457,2026-09-30,245.000000,0.634941,0.299411,83584.430000,83549.040000
29845475,2026-09-30T00:35,83544.240000,0.277200,-0.400986,2026-09-30,248.000000,1.371599,0.133547,83595.830000,83527.500000
29845476,2026-09-30T00:36,83478.990000,0.084000,-0.741227,2026-09-30,246.000000,1.209861,0.064117,83552.750000,83478.190000
29845477,2026-09-30T00:37,83464.740000,0.235900,-0.867282,2026-09-30,248.000000,1.208427,0.468607,83476.740000,83445.680000
29845478,2026-09-30T00:38,83464.740000,0.061700,-0.056450,2026-09-30,268.000000,2.636677,0.952802,83497.180000,83454.160000
29845479,2026-09-30T00:39,83470.360000,0.021600,0.905748,2026-09-30,210.000000,0.569165,0.683670,83474.020000,83448.900000
29845480,2026-09-30T00:40,83485.140000,-0.203700,0.114479,2026-09-30,232.000000,1.191659,0.209027,83506.490000,83451.130000
29845481,2026-09-30T00:41,83507.540000,-0.181500,-0.532785,2026-09-30,253.000000,0.742215,0.359932,83520.060000,83485.130000
29845482,2026-09-30T00:42,83487.240000,-0.127700,-0.280669,2026-09-30,245.000000,1.116796,0.496158,83508.580000,83465.130000
29845483,2026-09-30T00:43,83425.900000,-0.382700,-0.006306,2026-09-30,230.000000,1.573106,0.053126,83490.000000,83414.990000
29845484,2026-09-30T00:44,83450.010000,0.000600,-0.897909,2026-09-30,250.000000,1.230329,0.253618,83461.190000,83425.900000
29845485,2026-09-30T00:45,83398.990000,-0.460100,-0.492765,2026-09-30,186.000000,2.436074,0.046478,83450.010000,83398.990000
29845486,2026-09-30T00:46,83431.990000,-0.503500,-0.906869,2026-09-30,255.000000,1.436012,0.613796,83432.350000,83382.710000
29845487,2026-09-30T00:47,83401.510000,-0.263500,0.221291,2026-09-30,278.000000,0.802332,0.214431,83453.650000,83401.500000
29845488,2026-09-30T00:48,83370.210000,-0.322000,-0.572265,2026-09-30,200.000000,0.878482,0.212287,83401.500000,83365.950000
29845489,2026-09-30T00:49,83389.790000,-0.426600,-0.574236,2026-09-30,223.000000,1.446174,0.566626,83392.890000,83370.210000
29845490,2026-09-30T00:50,83327.990000,0.410600,0.133174,2026-09-30,257.000000,2.878679,0.232923,83389.790000,83319.160000
29845491,2026-09-30T00:51,83342.610000,-0.378700,-0.534144,2026-09-30,231.000000,2.632889,0.778057,83345.930000,83325.140000
29845492,2026-09-30T00:52,83342.610000,-0.514800,0.628629,2026-09-30,289.000000,1.889240,0.716324,83387.550000,83342.610000
29845493,2026-09-30T00:53,83342.830000,0.014600,0.139734,2026-09-30,235.000000,2.164277,0.714572,83362.320000,83332.130000
29845494,2026-09-30T00:54,83321.170000,-0.207300,0.495540,2026-09-30,234.000000,1.891925,0.185209,83349.850000,83318.010000
29845495,2026-09-30T00:55,83335.740000,-0.032400,-0.629587,2026-09-30,297.000000,1.594835,0.305213,83350.020000,83307.010000
29845496,2026-09-30T00:56,83341.670000,0.239600,-0.389566,2026-09-30,226.000000,2.012486,0.149458,83354.990000,83322.820000
29845497,2026-09-30T00:57,83395.800000,-0.191800,-0.701083,2026-09-30,321.000000,2.313315,0.144870,83400.670000,83322.980000
29845498,2026-09-30T00:58,83390.950000,-0.421000,-0.710261,2026-09-30,244.000000,1.403903,0.364713,83398.980000,83358.140000
29845499,2026-09-30T00:59,83418.290000,0.128100,-0.270459,2026-09-30,276.000000,1.810595,0.283262,83430.390000,83389.820000
29845500,2026-09-30T01:00,83379.930000,0.086200,-0.452729,2026-09-30,326.000000,3.026763,0.538209,83420.800000,83359.500000
29845501,2026-09-30T01:01,83397.790000,-0.337600,0.100797,2026-09-30,333.000000,2.548235,0.352175,83404.000000,83365.980000
29845502,2026-09-30T01:02,83439.400000,0.134200,-0.294871,2026-09-30,296.000000,0.773747,0.553525,83443.490000,83388.640000
29845503,2026-09-30T01:03,83432.790000,-0.474700,0.052556,2026-09-30,292.000000,1.179006,0.171711,83439.740000,83395.000000
29845504,2026-09-30T01:04,83366.730000,0.054800,-0.673501,2026-09-30,383.000000,6.129302,0.169009,83424.510000,83363.500000
29845505,2026-09-30T01:05,83411.490000,-0.435100,-0.660903,2026-09-30,272.000000,0.963097,0.346872,83412.660000,83366.720000
29845506,2026-09-30T01:06,83390.420000,-0.183500,-0.311677,2026-09-30,255.000000,1.431334,0.299495,83411.500000,83390.410000
29845507,2026-09-30T01:07,83383.170000,-0.502400,-0.478335,2026-09-30,322.000000,2.321169,0.452714,83390.420000,83356.760000
29845508,2026-09-30T01:08,83389.600000,-0.316600,-0.029962,2026-09-30,242.000000,0.472828,0.380934,83391.000000,83363.980000
29845509,2026-09-30T01:09,83434.390000,-0.266200,0.015663,2026-09-30,248.000000,0.888639,0.306642,83449.520000,83389.600000
29845510,2026-09-30T01:10,83381.510000,-0.403900,-0.489413,2026-09-30,272.000000,1.474848,0.469203,83435.040000,83362.320000
29845511,2026-09-30T01:11,83412.010000,-0.184300,-0.060546,2026-09-30,280.000000,1.534082,0.207692,83442.740000,83378.400000
29845512,2026-09-30T01:12,83360.550000,-0.399200,-0.584895,2026-09-30,292.000000,3.611952,0.187756,83425.630000,83360.550000
29845513,2026-09-30T01:13,83363.920000,-0.400200,-0.624290,2026-09-30,307.000000,2.369887,0.586874,83381.500000,83346.000000
29845514,2026-09-30T01:14,83393.170000,-0.327100,0.251418,2026-09-30,268.000000,1.219520,0.393808,83395.770000,83363.920000
29845515,2026-09-30T01:15,83401.490000,-0.452400,-0.467900,2026-09-30,279.000000,1.378572,0.377570,83407.600000,83372.020000
29845516,2026-09-30T01:16,83407.540000,0.195000,-0.343859,2026-09-30,279.000000,1.930009,0.218676,83422.490000,83397.050000
29845517,2026-09-30T01:17,83410.170000,0.291200,-0.529032,2026-09-30,253.000000,0.949283,0.318171,83432.990000,83391.070000
29845518,2026-09-30T01:18,83384.170000,-0.363500,-0.364557,2026-09-30,240.000000,1.215309,0.448435,83414.300000,83384.160000
29845519,2026-09-30T01:19,83361.950000,-0.233800,-0.121843,2026-09-30,223.000000,1.278896,0.500703,83388.020000,83355.190000
29845520,2026-09-30T01:20,83374.430000,-0.221100,0.022683,2026-09-30,233.000000,1.582432,0.952791,83374.440000,83359.550000
29845521,2026-09-30T01:21,83373.740000,-0.289700,0.923262,2026-09-30,404.000000,3.805728,0.737624,83405.870000,83370.430000
29845522,2026-09-30T01:22,83384.460000,-0.333300,0.419592,2026-09-30,213.000000,1.271768,0.556615,83389.340000,83371.800000
29845523,2026-09-30T01:23,83448.140000,-0.591800,0.113287,2026-09-30,275.000000,1.103644,0.534855,83453.980000,83377.560000
29845524,2026-09-30T01:24,83491.100000,0.121600,0.071526,2026-09-30,289.000000,1.366023,0.295412,83492.300000,83437.150000
29845525,2026-09-30T01:25,83503.260000,-0.125100,-0.411408,2026-09-30,239.000000,1.084054,0.179732,83523.040000,83488.110000
29845526,2026-09-30T01:26,83466.890000,-0.407100,-0.640351,2026-09-30,203.000000,1.057664,0.299845,83512.250000,83466.890000
29845527,2026-09-30T01:27,83427.670000,-0.007300,-0.400070,2026-09-30,217.000000,0.938299,0.399151,83466.900000,83422.280000
29845528,2026-09-30T01:28,83423.270000,-0.027900,-0.185850,2026-09-30,222.000000,0.744374,0.578308,83430.980000,83412.230000
29845529,2026-09-30T01:29,83392.210000,-0.086700,0.141844,2026-09-30,222.000000,1.588991,0.190630,83428.030000,83384.380000
29845530,2026-09-30T01:30,83368.200000,0.125900,-0.687322,2026-09-30,440.000000,7.637722,0.538858,83392.220000,83289.000000
29845531,2026-09-30T01:31,83314.460000,0.044200,0.129843,2026-09-30,335.000000,1.825196,0.529239,83384.570000,83314.450000
29845532,2026-09-30T01:32,83329.260000,-0.111700,0.066751,2026-09-30,289.000000,0.821293,0.301820,83329.270000,83296.500000
29845533,2026-09-30T01:33,83327.710000,0.182400,-0.517168,2026-09-30,287.000000,1.090443,0.313098,83339.490000,83296.510000
29845534,2026-09-30T01:34,83303.610000,0.117600,-0.187082,2026-09-30,331.000000,2.078567,0.505559,83357.920000,83303.600000
29845535,2026-09-30T01:35,83318.550000,-0.256600,-0.005085,2026-09-30,259.000000,1.118763,0.460019,83338.500000,83300.490000
29845536,2026-09-30T01:36,83349.960000,0.002300,-0.082083,2026-09-30,287.000000,1.232994,0.400308,83354.100000,83301.220000
29845537,2026-09-30T01:37,83326.040000,0.268000,-0.182722,2026-09-30,298.000000,1.774619,0.478660,83359.500000,83314.600000
29845538,2026-09-30T01:38,83301.230000,0.389000,-0.050719,2026-09-30,271.000000,1.030018,0.413265,83339.130000,83301.220000
29845539,2026-09-30T01:39,83323.960000,0.186400,-0.133894,2026-09-30,190.000000,0.942224,0.562194,83324.020000,83303.920000
29845540,2026-09-30T01:40,83308.930000,0.037600,0.086275,2026-09-30,289.000000,1.612585,0.414395,83336.070000,83308.930000
29845541,2026-09-30T01:41,83329.510000,0.023400,-0.144221,2026-09-30,298.000000,2.116470,0.418702,83335.380000,83305.490000
29845542,2026-09-30T01:42,83353.880000,-0.119200,-0.183517,2026-09-30,300.000000,2.066490,0.581142,83367.040000,83320.950000
29845543,2026-09-30T01:43,83389.990000,0.023100,0.161984,2026-09-30,250.000000,0.613311,0.371264,83390.000000,83349.520000
29845544,2026-09-30T01:44,83403.570000,-0.006100,0.282553,2026-09-30,219.000000,1.197922,0.562234,83414.840000,83383.960000
29845545,2026-09-30T01:45,83366.200000,0.069400,-0.424485,2026-09-30,285.000000,1.398454,0.359670,83420.020000,83366.190000
29845546,2026-09-30T01:46,83417.140000,0.488100,-0.278731,2026-09-30,303.000000,1.448211,0.444855,83433.000000,83375.680000
29845547,2026-09-30T01:47,83411.990000,0.020700,-0.108934,2026-09-30,223.000000,0.590720,0.354035,83427.990000,83384.100000
29845548,2026-09-30T01:48,83372.650000,0.043800,-0.274467,2026-09-30,228.000000,1.149601,0.212594,83411.990000,83357.690000
29845549,2026-09-30T01:49,83415.200000,-0.042200,-0.591433,2026-09-30,266.000000,0.735179,0.442024,83420.610000,83366.600000
29845550,2026-09-30T01:50,83432.320000,0.102200,-0.115802,2026-09-30,254.000000,0.779743,0.331151,83432.840000,83401.690000
29845551,2026-09-30T01:51,83465.110000,-0.399300,-0.337586,2026-09-30,301.000000,2.016898,0.682758,83467.470000,83409.150000
29845552,2026-09-30T01:52,83417.510000,0.305800,0.365414,2026-09-30,257.000000,1.608990,0.326162,83471.490000,83417.010000
29845553,2026-09-30T01:53,83399.860000,0.008600,-0.347529,2026-09-30,201.000000,0.469723,0.265269,83417.220000,83396.830000
29845554,2026-09-30T01:54,83417.050000,0.021000,-0.468597,2026-09-30,245.000000,1.709654,0.583133,83434.750000,83390.070000
29845555,2026-09-30T01:55,83386.760000,-0.372800,0.148093,2026-09-30,209.000000,0.968561,0.339128,83417.060000,83380.500000
29845556,2026-09-30T01:56,83382.390000,0.486400,-0.303286,2026-09-30,204.000000,1.107721,0.335340,83405.830000,83375.090000
29845557,2026-09-30T01:57,83429.360000,-0.496300,-0.327006,2026-09-30,298.000000,2.970351,0.873287,83429.360000,83370.010000
29845558,2026-09-30T01:58,83392.040000,0.148700,0.719320,2026-09-30,215.000000,0.626428,0.125552,83429.350000,83392.030000
29845559,2026-09-30T01:59,83404.760000,0.289400,-0.730000,2026-09-30,187.000000,1.000576,0.629513,83419.180000,83392.030000
29845560,2026-09-30T02:00,83422.300000,-0.252300,0.283134,2026-09-30,282.000000,1.466192,0.236532,83439.330000,83391.010000
29845561,2026-09-30T02:01,83460.580000,0.156700,-0.562803,2026-09-30,299.000000,1.090134,0.628790,83469.280000,83416.660000
29845562,2026-09-30T02:02,83424.800000,-0.254700,0.257581,2026-09-30,226.000000,1.052313,0.389717,83462.460000,83419.470000
29845563,2026-09-30T02:03,83424.040000,-0.032300,-0.220566,2026-09-30,282.000000,1.699880,0.712132,83453.990000,83404.490000
29845564,2026-09-30T02:04,83475.740000,-0.318900,0.424650,2026-09-30,287.000000,0.995563,0.657176,83480.430000,83435.430000
29845565,2026-09-30T02:05,83492.300000,0.093500,0.324954,2026-09-30,257.000000,1.971126,0.311085,83509.690000,83475.740000
29845566,2026-09-30T02:06,83520.130000,-0.272600,-0.389653,2026-09-30,237.000000,1.087679,0.250476,83529.570000,83492.300000
29845567,2026-09-30T02:07,83572.010000,0.144200,-0.476059,2026-09-30,271.000000,1.131292,0.389689,83584.000000,83527.500000
29845568,2026-09-30T02:08,83527.510000,-0.236900,-0.239177,2026-09-30,333.000000,2.419654,0.568323,83584.010000,83527.500000
29845569,2026-09-30T02:09,83484.400000,-0.472100,0.136635,2026-09-30,265.000000,1.403538,0.354891,83527.500000,83469.040000
29845570,2026-09-30T02:10,83459.760000,-0.318300,-0.290207,2026-09-30,264.000000,1.797477,0.354845,83488.400000,83441.980000
29845571,2026-09-30T02:11,83457.670000,-0.313500,-0.290309,2026-09-30,252.000000,2.117230,0.689219,83479.840000,83445.830000
29845572,2026-09-30T02:12,83424.800000,-0.376600,0.378439,2026-09-30,267.000000,2.014436,0.140788,83464.010000,83424.800000
29845573,2026-09-30T02:13,83487.170000,-0.127700,-0.718424,2026-09-30,278.000000,2.221767,0.526387,83499.840000,83415.130000
29845574,2026-09-30T02:14,83441.230000,-0.036600,0.052766,2026-09-30,198.000000,1.311457,0.746213,83464.500000,83433.010000
29845575,2026-09-30T02:15,83459.070000,-0.159300,0.494746,2026-09-30,242.000000,1.075873,0.416823,83462.530000,83401.500000
29845576,2026-09-30T02:16,83380.510000,-0.159200,-0.331071,2026-09-30,271.000000,1.784969,0.148601,83459.060000,83380.500000
29845577,2026-09-30T02:17,83386.110000,-0.099100,-0.654287,2026-09-30,231.000000,0.537094,0.616090,83412.960000,83380.500000
29845578,2026-09-30T02:18,83376.920000,-0.251000,0.484014,2026-09-30,253.000000,1.026116,0.445608,83422.490000,83372.030000
29845579,2026-09-30T02:19,83349.010000,-0.166500,0.069396,2026-09-30,263.000000,3.193643,0.305526,83388.540000,83349.000000
29845580,2026-09-30T02:20,83346.390000,-0.405200,-0.604483,2026-09-30,313.000000,2.412070,0.467234,83366.350000,83335.140000
29845581,2026-09-30T02:21,83430.710000,-0.415300,-0.065512,2026-09-30,279.000000,1.631489,0.540308,83433.990000,83338.520000
29845582,2026-09-30T02:22,83466.170000,-0.417800,0.080682,2026-09-30,255.000000,1.197224,0.252509,83466.180000,83429.650000
29845583,2026-09-30T02:23,83450.580000,-0.295300,-0.487538,2026-09-30,278.000000,1.275794,0.222120,83521.730000,83444.250000
29845584,2026-09-30T02:24,83425.490000,-0.327000,-0.469935,2026-09-30,227.000000,0.837215,0.292986,83471.840000,83425.480000
29845585,2026-09-30T02:25,83428.240000,-0.355500,-0.568572,2026-09-30,244.000000,1.919924,0.556330,83458.250000,83401.250000
29845586,2026-09-30T02:26,83416.010000,-0.120300,0.112730,2026-09-30,279.000000,1.051489,0.255331,83448.650000,83416.000000
29845587,2026-09-30T02:27,83398.390000,-0.259800,-0.476869,2026-09-30,208.000000,1.501059,0.426202,83416.010000,83381.510000
29845588,2026-09-30T02:28,83387.540000,0.056600,-0.153943,2026-09-30,214.000000,0.833492,0.227448,83397.490000,83381.510000
29845589,2026-09-30T02:29,83383.200000,0.063400,-0.671996,2026-09-30,197.000000,1.014536,0.477855,83388.800000,83364.770000
29845590,2026-09-30T02:30,83355.080000,-0.421400,0.524927,2026-09-30,301.000000,2.274001,0.395213,83401.500000,83351.560000
29845591,2026-09-30T02:31,83391.010000,-0.054300,-0.326168,2026-09-30,318.000000,1.702316,0.305882,83407.810000,83354.080000
29845592,2026-09-30T02:32,83323.450000,-0.099100,-0.388236,2026-09-30,266.000000,2.245493,0.435306,83394.010000,83320.490000
29845593,2026-09-30T02:33,83316.330000,-0.132600,-0.140980,2026-09-30,283.000000,1.751560,0.287286,83330.850000,83309.850000
29845594,2026-09-30T02:34,83293.260000,-0.277400,-0.416845,2026-09-30,347.000000,5.066929,0.253733,83328.120000,83289.010000
29845595,2026-09-30T02:35,83277.830000,-0.430700,-0.489634,2026-09-30,341.000000,3.862567,0.234422,83308.510000,83270.000000
29845596,2026-09-30T02:36,83283.480000,-0.121700,-0.535025,2026-09-30,410.000000,5.095583,0.318355,83302.970000,83240.020000
29845597,2026-09-30T02:37,83284.990000,-0.663400,-0.367790,2026-09-30,368.000000,3.389064,0.230101,83333.310000,83263.960000
29845598,2026-09-30T02:38,83275.140000,-0.556700,-0.534461,2026-09-30,291.000000,1.923997,0.298463,83285.000000,83261.000000
29845599,2026-09-30T02:39,83284.990000,-0.466700,-0.404273,2026-09-30,305.000000,4.830317,0.889796,83328.960000,83261.000000
29845600,2026-09-30T02:40,83402.300000,-0.465900,0.779606,2026-09-30,311.000000,1.329192,0.301244,83403.010000,83316.350000
29845601,2026-09-30T02:41,83402.760000,-0.301400,-0.477304,2026-09-30,309.000000,1.455818,0.267783,83411.990000,83378.290000
29845602,2026-09-30T02:42,83300.890000,-0.065700,-0.374633,2026-09-30,327.000000,3.086509,0.179471,83402.770000,83299.110000
29845603,2026-09-30T02:43,83320.420000,-0.449000,-0.520855,2026-09-30,319.000000,3.195300,0.278247,83327.810000,83279.480000
29845604,2026-09-30T02:44,83338.360000,0.067400,-0.542239,2026-09-30,287.000000,1.588670,0.411744,83354.700000,83320.430000
29845605,2026-09-30T02:45,83348.210000,-0.473900,-0.254412,2026-09-30,309.000000,2.783050,0.299486,83348.210000,83313.950000
29845606,2026-09-30T02:46,83362.570000,-0.234700,-0.379063,2026-09-30,239.000000,0.735735,0.296042,83374.920000,83346.450000
29845607,2026-09-30T02:47,83432.990000,-0.470200,-0.387479,2026-09-30,326.000000,1.755059,0.266536,83432.990000,83362.560000
29845608,2026-09-30T02:48,83424.350000,-0.386600,-0.475414,2026-09-30,244.000000,1.813376,0.244351,83454.210000,83406.380000
29845609,2026-09-30T02:49,83386.980000,-0.399100,-0.512340,2026-09-30,286.000000,1.559983,0.525380,83433.180000,83386.070000
29845610,2026-09-30T02:50,83393.170000,-0.499800,0.050733,2026-09-30,204.000000,0.701653,0.724153,83393.200000,83383.110000
29845611,2026-09-30T02:51,83405.540000,-0.456100,0.687273,2026-09-30,261.000000,2.359693,0.296906,83413.970000,83393.170000
29845612,2026-09-30T02:52,83392.550000,-0.492300,-0.815523,2026-09-30,338.000000,3.455864,0.710927,83432.620000,83383.000000
29845613,2026-09-30T02:53,83382.110000,-0.536400,0.421169,2026-09-30,246.000000,1.805325,0.290788,83397.530000,83378.290000
29845614,2026-09-30T02:54,83382.480000,-0.493800,-0.418278,2026-09-30,174.000000,0.485005,0.514405,83385.280000,83374.670000
29845615,2026-09-30T02:55,83382.400000,-0.545800,0.028673,2026-09-30,208.000000,0.814429,0.269110,83394.590000,83374.670000
29845616,2026-09-30T02:56,83332.300000,-0.323500,-0.461988,2026-09-30,215.000000,4.206390,0.016195,83384.980000,83329.110000
29845617,2026-09-30T02:57,83335.760000,-0.460800,-0.967451,2026-09-30,202.000000,0.678180,0.520256,83338.830000,83332.300000
29845618,2026-09-30T02:58,83310.920000,-0.378200,0.040029,2026-09-30,285.000000,1.922006,0.535117,83349.960000,83310.910000
29845619,2026-09-30T02:59,83347.670000,-0.563100,0.065197,2026-09-30,311.000000,2.990348,0.467255,83347.690000,83310.910000
29845620,2026-09-30T03:00,83340.210000,-0.589200,-0.050498,2026-09-30,260.000000,1.250193,0.397132,83385.150000,83340.210000
29845621,2026-09-30T03:01,83286.010000,-0.305200,-0.239972,2026-09-30,252.000000,6.147756,0.888449,83349.990000,83286.000000
29845622,2026-09-30T03:02,83306.490000,-0.413000,0.776956,2026-09-30,283.000000,1.934475,0.788689,83345.860000,83286.000000
29845623,2026-09-30T03:03,83327.990000,-0.114600,0.577227,2026-09-30,210.000000,0.637293,0.575636,83328.000000,83306.150000
29845624,2026-09-30T03:04,83364.300000,0.068300,0.145725,2026-09-30,233.000000,1.192593,0.083608,83382.060000,83327.990000
29845625,2026-09-30T03:05,83390.360000,-0.513300,-0.835653,2026-09-30,216.000000,1.690445,0.490214,83390.360000,83357.800000
29845626,2026-09-30T03:06,83360.040000,-0.318000,-0.019572,2026-09-30,192.000000,1.846722,0.067500,83390.350000,83350.000000
29845627,2026-09-30T03:07,83349.170000,-0.639200,-0.865031,2026-09-30,278.000000,2.511708,0.298702,83360.040000,83328.670000
29845628,2026-09-30T03:08,83336.790000,-0.287400,-0.402494,2026-09-30,218.000000,0.489693,0.277986,83341.810000,83308.710000
29845629,2026-09-30T03:09,83344.930000,-0.289500,-0.444028,2026-09-30,239.000000,1.172792,0.718920,83365.540000,83336.780000
29845630,2026-09-30T03:10,83312.100000,-0.343000,0.400550,2026-09-30,217.000000,0.734757,0.260922,83349.080000,83312.090000
29845631,2026-09-30T03:11,83301.580000,-0.681000,-0.460057,2026-09-30,138.000000,0.439759,0.225099,83312.100000,83301.570000
29845632,2026-09-30T03:12,83305.550000,-0.398700,-0.542948,2026-09-30,193.000000,0.711335,0.688850,83314.380000,83301.570000
29845633,2026-09-30T03:13,83290.930000,-0.337400,0.377707,2026-09-30,176.000000,0.333485,0.828380,83305.560000,83290.140000
29845634,2026-09-30T03:14,83285.640000,-0.151800,0.656751,2026-09-30,163.000000,0.505917,0.260723,83291.690000,83285.630000
29845635,2026-09-30T03:15,83292.030000,-0.261100,-0.473364,2026-09-30,234.000000,0.803053,0.406380,83292.000000,83277.320000
29845636,2026-09-30T03:16,83202.830000,-0.108600,-0.109945,2026-09-30,365.000000,5.789173,0.162694,83292.870000,83189.680000
29845637,2026-09-30T03:17,83194.180000,-0.464300,-0.603098,2026-09-30,379.000000,5.082692,0.357666,83219.000000,83174.010000
29845638,2026-09-30T03:18,83146.820000,-0.405500,-0.373400,2026-09-30,289.000000,2.152936,0.223241,83194.180000,83146.810000
29845639,2026-09-30T03:19,83130.760000,-0.536300,-0.421343,2026-09-30,342.000000,3.596069,0.340820,83167.510000,83120.230000
29845640,2026-09-30T03:20,83180.990000,0.167800,-0.391295,2026-09-30,266.000000,1.017942,0.506834,83191.490000,83121.340000
29845641,2026-09-30T03:21,83212.490000,-0.344800,0.013057,2026-09-30,187.000000,0.771111,0.472875,83212.500000,83180.990000
29845642,2026-09-30T03:22,83270.740000,-0.562100,-0.023978,2026-09-30,274.000000,1.100385,0.360080,83272.280000,83215.260000
29845643,2026-09-30T03:23,83254.510000,0.061700,-0.307001,2026-09-30,219.000000,1.084970,0.127729,83286.000000,83254.500000
29845644,2026-09-30T03:24,83233.320000,-0.374800,-0.742636,2026-09-30,203.000000,1.371284,0.340539,83254.510000,83223.670000
29845645,2026-09-30T03:25,83217.140000,-0.666700,-0.228813,2026-09-30,222.000000,0.979969,0.565209,83245.780000,83217.120000
29845646,2026-09-30T03:26,83227.860000,-0.508600,0.030101,2026-09-30,215.000000,1.205437,0.429052,83230.940000,83191.500000
29845647,2026-09-30T03:27,83243.990000,-0.396600,-0.140957,2026-09-30,203.000000,0.688355,0.467969,83251.160000,83211.730000
29845648,2026-09-30T03:28,83280.990000,-0.304200,0.069532,2026-09-30,230.000000,0.501718,0.637303,83285.280000,83246.460000
29845649,2026-09-30T03:29,83278.140000,-0.184200,0.094034,2026-09-30,168.000000,0.304293,0.436625,83291.550000,83273.950000
29845650,2026-09-30T03:30,83248.950000,-0.654400,-0.115946,2026-09-30,212.000000,0.646679,0.286450,83280.600000,83248.940000
29845651,2026-09-30T03:31,83231.730000,-0.568000,-0.432986,2026-09-30,152.000000,0.193435,0.225627,83248.950000,83227.310000
29845652,2026-09-30T03:32,83219.760000,-0.230800,-0.545648,2026-09-30,169.000000,1.140708,0.537782,83231.730000,83212.500000
29845653,2026-09-30T03:33,83258.710000,-0.214300,0.071580,2026-09-30,245.000000,1.070553,0.495971,83261.580000,83218.560000
29845654,2026-09-30T03:34,83264.990000,-0.034500,0.003635,2026-09-30,237.000000,2.140168,0.142711,83265.000000,83252.160000
29845655,2026-09-30T03:35,83243.430000,-0.426300,-0.721847,2026-09-30,256.000000,3.401160,0.083757,83278.560000,83224.170000
29845656,2026-09-30T03:36,83283.790000,-0.326000,-0.833331,2026-09-30,266.000000,0.923241,0.660028,83283.780000,83218.590000
29845657,2026-09-30T03:37,83308.640000,-0.126700,0.345728,2026-09-30,228.000000,2.171724,0.857856,83317.000000,83281.580000
29845658,2026-09-30T03:38,83323.820000,-0.245300,0.715712,2026-09-30,212.000000,1.189786,0.334015,83328.890000,83302.190000
29845659,2026-09-30T03:39,83333.990000,-0.300200,-0.331970,2026-09-30,324.000000,2.384885,0.339521,83352.230000,83323.820000
29845660,2026-09-30T03:40,83357.920000,-0.408300,-0.336435,2026-09-30,237.000000,1.319331,0.407872,83357.930000,83331.520000
29845661,2026-09-30T03:41,83375.080000,-0.478200,-0.158759,2026-09-30,216.000000,1.027832,0.494940,83391.000000,83354.600000
29845662,2026-09-30T03:42,83357.010000,-0.301200,0.005513,2026-09-30,159.000000,0.462873,0.377172,83378.040000,83352.190000
29845663,2026-09-30T03:43,83376.710000,-0.428600,-0.246592,2026-09-30,223.000000,0.546163,0.577392,83380.870000,83349.000000
29845664,2026-09-30T03:44,83317.990000,-0.288900,0.154783,2026-09-30,216.000000,5.229392,0.356750,83376.720000,83311.130000
29845665,2026-09-30T03:45,83279.360000,0.081500,-0.285948,2026-09-30,189.000000,1.248652,0.116094,83317.400000,83270.970000
29845666,2026-09-30T03:46,83271.300000,-0.255200,-0.770730,2026-09-30,150.000000,0.407915,0.156844,83281.040000,83257.870000
29845667,2026-09-30T03:47,83287.920000,-0.271100,-0.680009,2026-09-30,229.000000,0.376969,0.795585,83301.600000,83270.250000
29845668,2026-09-30T03:48,83269.950000,-0.241800,0.615274,2026-09-30,173.000000,0.400300,0.269184,83290.500000,83269.940000
29845669,2026-09-30T03:49,83274.460000,-0.455400,-0.459539,2026-09-30,211.000000,0.418159,0.390983,83295.850000,83269.940000
29845670,2026-09-30T03:50,83295.300000,0.254200,-0.219507,2026-09-30,227.000000,1.072028,0.511562,83297.730000,83253.280000
29845671,2026-09-30T03:51,83258.390000,-0.129200,-0.260647,2026-09-30,241.000000,0.967502,0.359619,83295.300000,83257.970000
29845672,2026-09-30T03:52,83255.560000,-0.276700,0.251536,2026-09-30,129.000000,0.135775,0.561307,83258.390000,83246.570000
29845673,2026-09-30T03:53,83254.330000,-0.422800,-0.321047,2026-09-30,314.000000,2.957088,0.575901,83271.400000,83235.750000
29845674,2026-09-30T03:54,83282.120000,-0.043900,0.189674,2026-09-30,237.000000,1.338717,0.346854,83282.130000,83254.320000
29845675,2026-09-30T03:55,83248.150000,-0.023400,-0.305182,2026-09-30,203.000000,1.877331,0.374290,83286.000000,83241.800000
29845676,2026-09-30T03:56,83236.230000,0.020500,-0.239696,2026-09-30,202.000000,0.938273,0.365166,83259.520000,83236.220000
29845677,2026-09-30T03:57,83236.290000,-0.097300,-0.295866,2026-09-30,202.000000,1.836691,0.669071,83250.540000,83228.740000
29845678,2026-09-30T03:58,83258.740000,-0.154700,0.338530,2026-09-30,143.000000,0.342137,0.483139,83265.740000,83236.280000
29845679,2026-09-30T03:59,83269.170000,-0.457200,-0.033721,2026-09-30,226.000000,2.055406,0.555645,83276.990000,83250.910000
29845680,2026-09-30T04:00,83293.510000,0.026600,0.106920,2026-09-30,335.000000,2.447675,0.672674,83309.010000,83255.590000
29845681,2026-09-30T04:01,83302.960000,-0.344800,0.350292,2026-09-30,262.000000,1.228163,0.228404,83306.980000,83277.870000
29845682,2026-09-30T04:02,83355.790000,-0.310900,-0.542651,2026-09-30,366.000000,4.661019,0.859129,83355.380000,83300.660000
29845683,2026-09-30T04:03,83364.300000,-0.254700,0.718226,2026-09-30,193.000000,0.774859,0.101225,83368.540000,83353.990000
29845684,2026-09-30T04:04,83374.960000,-0.423700,-0.842493,2026-09-30,239.000000,1.223748,0.383690,83382.720000,83344.190000
29845685,2026-09-30T04:05,83349.010000,-0.272600,-0.209762,2026-09-30,180.000000,0.670634,0.082568,83380.490000,83349.000000
29845686,2026-09-30T04:06,83324.150000,-0.457600,-0.771075,2026-09-30,163.000000,1.051843,0.186734,83373.230000,83318.750000
29845687,2026-09-30T04:07,83323.260000,-0.471500,-0.626766,2026-09-30,175.000000,0.463379,0.319210,83331.280000,83311.980000
29845688,2026-09-30T04:08,83293.390000,-0.314400,-0.361580,2026-09-30,174.000000,0.375378,0.251786,83323.260000,83291.710000
29845689,2026-09-30T04:09,83286.110000,-0.244800,-0.496481,2026-09-30,214.000000,0.745276,0.505500,83296.330000,83266.750000
29845690,2026-09-30T04:10,83285.360000,-0.398700,0.010744,2026-09-30,201.000000,0.499697,0.429487,83305.000000,83284.000000
29845691,2026-09-30T04:11,83319.510000,-0.296700,-0.127140,2026-09-30,202.000000,0.513695,0.505769,83322.610000,83285.350000
29845692,2026-09-30T04:12,83318.170000,-0.559300,0.001518,2026-09-30,144.000000,0.490252,0.370887,83328.000000,83318.160000
29845693,2026-09-30T04:13,83334.300000,-0.286200,-0.268036,2026-09-30,222.000000,1.105496,0.430627,83340.000000,83317.170000
29845694,2026-09-30T04:14,83320.260000,-0.300300,-0.133841,2026-09-30,190.000000,0.699140,0.528174,83340.000000,83318.170000
29845695,2026-09-30T04:15,83352.460000,-0.367200,0.115587,2026-09-30,176.000000,0.283246,0.550484,83353.480000,83320.400000
29845696,2026-09-30T04:16,83350.100000,-0.498300,-0.048727,2026-09-30,133.000000,0.565762,0.272090,83360.000000,83350.080000
29845697,2026-09-30T04:17,83370.170000,-0.230900,-0.330839,2026-09-30,157.000000,0.802879,0.757395,83375.340000,83349.010000
29845698,2026-09-30T04:18,83386.650000,-0.112400,0.470320,2026-09-30,168.000000,0.431072,0.632429,83386.960000,83370.170000
29845699,2026-09-30T04:19,83343.320000,0.116900,0.261334,2026-09-30,190.000000,3.236694,0.119142,83386.660000,83343.310000
29845700,2026-09-30T04:20,83337.960000,-0.127800,-0.758821,2026-09-30,185.000000,0.618384,0.700366,83353.640000,83337.090000
29845701,2026-09-30T04:21,83369.990000,-0.304500,0.395960,2026-09-30,187.000000,0.231508,0.479857,83374.540000,83329.230000
29845702,2026-09-30T04:22,83351.760000,0.155200,-0.044254,2026-09-30,155.000000,0.375385,0.117684,83373.540000,83351.750000
29845703,2026-09-30T04:23,83342.990000,-0.292800,-0.508824,2026-09-30,187.000000,0.578714,0.277423,83358.170000,83337.950000
29845704,2026-09-30T04:24,83319.510000,-0.467500,-0.630181,2026-09-30,133.000000,0.449785,0.390896,83348.730000,83319.510000
29845705,2026-09-30T04:25,83382.790000,-0.220300,-0.372846,2026-09-30,271.000000,2.059994,0.719424,83386.640000,83312.090000
29845706,2026-09-30T04:26,83376.360000,-0.543800,0.532359,2026-09-30,178.000000,0.228762,0.533949,83382.790000,83363.800000
29845707,2026-09-30T04:27,83362.890000,0.120100,0.058077,2026-09-30,198.000000,0.737695,0.781135,83376.360000,83354.290000
29845708,2026-09-30T04:28,83328.010000,-0.367400,0.562280,2026-09-30,168.000000,0.173129,0.356623,83368.300000,83328.000000
29845709,2026-09-30T04:29,83334.040000,-0.251200,-0.282537,2026-09-30,167.000000,1.343870,0.340822,83335.910000,83316.550000
29845710,2026-09-30T04:30,83333.700000,-0.419400,-0.305580,2026-09-30,171.000000,0.356262,0.363865,83341.120000,83327.900000
29845711,2026-09-30T04:31,83310.260000,-0.397500,-0.429495,2026-09-30,190.000000,0.629574,0.647080,83333.690000,83289.810000
29845712,2026-09-30T04:32,83285.360000,-0.462100,0.413807,2026-09-30,281.000000,3.458691,0.174815,83310.260000,83273.740000
29845713,2026-09-30T04:33,83275.490000,-0.416900,-0.649323,2026-09-30,111.000000,0.169473,0.355950,83282.030000,83275.490000
29845714,2026-09-30T04:34,83275.490000,-0.387300,-0.264308,2026-09-30,187.000000,0.768547,0.236571,83287.030000,83275.490000
29845715,2026-09-30T04:35,83254.510000,-0.408400,-0.533221,2026-09-30,281.000000,7.400963,0.919450,83300.870000,83252.830000
29845716,2026-09-30T04:36,83351.860000,-0.416600,0.739806,2026-09-30,318.000000,3.487920,0.484137,83372.830000,83291.150000
29845717,2026-09-30T04:37,83333.100000,-0.314600,-0.886808,2026-09-30,214.000000,0.429893,0.709930,83352.900000,83328.000000
29845718,2026-09-30T04:38,83330.760000,-0.353800,0.404729,2026-09-30,172.000000,1.354779,0.792041,83357.370000,83328.000000
29845719,2026-09-30T04:39,83321.770000,-0.407900,0.589515,2026-09-30,161.000000,0.401154,0.373109,83330.760000,83307.400000
29845720,2026-09-30T04:40,83292.910000,-0.265200,-0.234511,2026-09-30,206.000000,1.282356,0.153285,83326.890000,83275.500000
29845721,2026-09-30T04:41,83296.170000,-0.241800,-0.701662,2026-09-30,202.000000,0.707143,0.710175,83296.180000,83275.500000
29845722,2026-09-30T04:42,83285.390000,-0.421500,0.420302,2026-09-30,149.000000,0.874874,0.048022,83296.170000,83277.490000
29845723,2026-09-30T04:43,83279.580000,-0.552400,-0.851003,2026-09-30,152.000000,0.364286,0.342157,83296.180000,83279.570000
29845724,2026-09-30T04:44,83276.290000,0.076100,-0.409320,2026-09-30,169.000000,0.753422,0.675315,83279.580000,83270.950000
29845725,2026-09-30T04:45,83286.650000,0.162200,0.351023,2026-09-30,175.000000,1.029245,0.651547,83292.500000,83276.290000
29845726,2026-09-30T04:46,83274.050000,-0.257400,0.302779,2026-09-30,135.000000,0.496734,0.097506,83286.660000,83273.090000
29845727,2026-09-30T04:47,83260.150000,0.117800,-0.804988,2026-09-30,117.000000,0.403483,0.520134,83274.050000,83260.150000
29845728,2026-09-30T04:48,83258.670000,-0.459500,0.040268,2026-09-30,118.000000,0.127814,0.277833,83260.160000,83258.670000
29845729,2026-09-30T04:49,83216.670000,-0.066300,-0.444334,2026-09-30,151.000000,0.928270,0.105793,83258.680000,83216.670000
29845730,2026-09-30T04:50,83216.700000,0.136200,-0.788419,2026-09-30,188.000000,0.481866,0.433591,83228.730000,83202.150000
29845731,2026-09-30T04:51,83190.860000,-0.040700,-0.130964,2026-09-30,152.000000,0.797503,0.053034,83216.700000,83185.200000
29845732,2026-09-30T04:52,83192.290000,0.054400,-0.886126,2026-09-30,140.000000,0.276785,0.415512,83198.990000,83181.000000
29845733,2026-09-30T04:53,83182.300000,0.051500,-0.183601,2026-09-30,121.000000,0.425819,0.096707,83193.970000,83182.300000
29845734,2026-09-30T04:54,83168.920000,0.432500,-0.806587,2026-09-30,123.000000,0.512898,0.083143,83182.320000,83164.680000
29845735,2026-09-30T04:55,83183.230000,0.201400,-0.835477,2026-09-30,140.000000,0.269984,0.408941,83188.140000,83169.240000
29845736,2026-09-30T04:56,83183.930000,0.429600,-0.157546,2026-09-30,122.000000,0.085509,0.937812,83185.560000,83180.000000
29845737,2026-09-30T04:57,83181.670000,0.208300,0.875959,2026-09-30,113.000000,0.124861,0.428681,83188.110000,83180.000000
29845738,2026-09-30T04:58,83191.490000,0.141200,-0.144817,2026-09-30,129.000000,0.148972,0.637250,83191.490000,83181.670000
29845739,2026-09-30T04:59,83174.050000,0.162300,-0.009898,2026-09-30,168.000000,1.931822,0.056139,83191.490000,83162.950000
29845740,2026-09-30T05:00,83300.830000,-0.304100,-0.879954,2026-09-30,259.000000,1.097472,0.536445,83306.990000,83174.050000
29845741,2026-09-30T05:01,83314.240000,0.094800,-0.049667,2026-09-30,266.000000,1.445765,0.443983,83314.660000,83275.820000
29845742,2026-09-30T05:02,83264.380000,0.033500,-0.019469,2026-09-30,246.000000,0.736245,0.242810,83322.660000,83262.720000
29845743,2026-09-30T05:03,83255.080000,-0.028000,-0.511190,2026-09-30,226.000000,1.330021,0.372018,83279.770000,83239.620000
29845744,2026-09-30T05:04,83254.990000,0.054900,-0.258120,2026-09-30,147.000000,0.249208,0.376636,83264.230000,83233.590000
29845745,2026-09-30T05:05,83254.990000,-0.154600,-0.292198,2026-09-30,182.000000,0.248630,0.312239,83255.000000,83225.920000
29845746,2026-09-30T05:06,83281.240000,-0.146500,-0.332880,2026-09-30,151.000000,0.265243,0.096574,83292.240000,83254.990000
29845747,2026-09-30T05:07,83240.380000,-0.042200,-0.806851,2026-09-30,172.000000,0.797807,0.293002,83282.120000,83239.830000
29845748,2026-09-30T05:08,83244.610000,0.184300,-0.413997,2026-09-30,120.000000,0.342110,0.457845,83244.620000,83233.470000
29845749,2026-09-30T05:09,83271.730000,-0.284300,-0.082490,2026-09-30,202.000000,1.929784,0.883223,83279.040000,83233.490000
29845750,2026-09-30T05:10,83242.490000,-0.259300,0.766556,2026-09-30,160.000000,0.490257,0.364709,83271.730000,83233.500000
29845751,2026-09-30T05:11,83253.670000,0.156100,-0.267940,2026-09-30,183.000000,0.426668,0.223078,83264.990000,83242.490000
29845752,2026-09-30T05:12,83223.010000,0.098400,-0.404062,2026-09-30,212.000000,3.348998,0.176430,83269.190000,83223.000000
29845753,2026-09-30T05:13,83210.960000,-0.317800,-0.671697,2026-09-30,188.000000,0.735013,0.367802,83233.100000,83207.170000
29845754,2026-09-30T05:14,83189.880000,-0.211400,-0.250729,2026-09-30,128.000000,0.269791,0.159874,83210.960000,83189.840000
29845755,2026-09-30T05:15,83158.010000,0.568500,-0.681113,2026-09-30,173.000000,0.881563,0.322100,83189.870000,83158.000000
29845756,2026-09-30T05:16,83162.460000,-0.323000,-0.355747,2026-09-30,230.000000,4.634867,0.286343,83164.570000,83149.510000
29845757,2026-09-30T05:17,83185.430000,-0.615400,-0.427315,2026-09-30,175.000000,0.314233,0.445904,83185.440000,83162.460000
29845758,2026-09-30T05:18,83216.740000,-0.128700,-0.009869,2026-09-30,224.000000,0.668448,0.670240,83225.730000,83185.430000
29845759,2026-09-30T05:19,83242.820000,-0.179200,0.254562,2026-09-30,243.000000,2.066037,0.183527,83254.490000,83205.840000
29845760,2026-09-30T05:20,83260.390000,0.001100,-0.634445,2026-09-30,280.000000,2.248036,0.364315,83275.500000,83218.080000
29845761,2026-09-30T05:21,83239.830000,0.153900,-0.271292,2026-09-30,143.000000,0.491457,0.310097,83260.400000,83230.150000
29845762,2026-09-30T05:22,83241.080000,-0.313900,-0.379297,2026-09-30,186.000000,0.483130,0.437335,83257.820000,83224.240000
29845763,2026-09-30T05:23,83272.510000,-0.557300,-0.126600,2026-09-30,210.000000,0.902499,0.325817,83272.510000,83241.070000
29845764,2026-09-30T05:24,83325.380000,-0.297600,-0.347835,2026-09-30,228.000000,1.276761,0.316882,83326.870000,83260.770000
29845765,2026-09-30T05:25,83271.110000,-0.204500,-0.366236,2026-09-30,290.000000,3.807633,0.159251,83340.170000,83267.060000
29845766,2026-09-30T05:26,83258.040000,-0.041600,-0.681442,2026-09-30,153.000000,0.910527,0.327920,83271.180000,83254.510000
29845767,2026-09-30T05:27,83288.010000,0.430300,-0.343345,2026-09-30,246.000000,2.433619,0.353526,83314.820000,83254.590000
29845768,2026-09-30T05:28,83327.990000,0.010300,-0.163301,2026-09-30,172.000000,0.894821,0.470836,83328.000000,83288.010000
29845769,2026-09-30T05:29,83347.790000,0.104600,-0.520325,2026-09-30,159.000000,1.122472,0.042348,83350.000000,83327.990000
29845770,2026-09-30T05:30,83411.650000,0.006300,-0.911054,2026-09-30,308.000000,2.786422,0.444424,83413.050000,83340.270000
29845771,2026-09-30T05:31,83456.990000,-0.300400,-0.112148,2026-09-30,350.000000,3.396493,0.523386,83459.770000,83411.650000
29845772,2026-09-30T05:32,83404.610000,-0.127500,0.046817,2026-09-30,350.000000,3.869042,0.383170,83484.660000,83392.270000
29845773,2026-09-30T05:33,83390.990000,-0.037700,-0.233722,2026-09-30,297.000000,2.400948,0.646529,83409.890000,83349.010000
29845774,2026-09-30T05:34,83416.320000,-0.202100,0.293234,2026-09-30,289.000000,2.112043,0.423837,83424.380000,83390.990000
29845775,2026-09-30T05:35,83437.110000,-0.130900,-0.152656,2026-09-30,366.000000,6.577697,0.834031,83475.700000,83388.840000
29845776,2026-09-30T05:36,83432.880000,-0.184100,0.668106,2026-09-30,281.000000,1.553122,0.249132,83450.830000,83393.600000
29845777,2026-09-30T05:37,83402.900000,-0.107600,-0.501735,2026-09-30,252.000000,0.918624,0.280986,83427.120000,83393.800000
29845778,2026-09-30T05:38,83413.980000,-0.331600,-0.438011,2026-09-30,247.000000,0.804648,0.328686,83413.980000,83391.000000
29845779,2026-09-30T05:39,83428.860000,-0.001200,-0.342018,2026-09-30,223.000000,0.873987,0.490962,83446.910000,83413.970000
29845780,2026-09-30T05:40,83408.790000,0.061500,-0.018514,2026-09-30,247.000000,0.502760,0.109320,83428.870000,83404.790000
29845781,2026-09-30T05:41,83416.260000,-0.250900,-0.781360,2026-09-30,144.000000,0.287497,0.577391,83421.690000,83408.790000
29845782,2026-09-30T05:42,83411.260000,-0.311600,0.154701,2026-09-30,124.000000,0.324357,0.064339,83420.860000,83410.520000
29845783,2026-09-30T05:43,83429.360000,-0.286300,-0.871315,2026-09-30,183.000000,0.621527,0.539246,83434.180000,83411.250000
29845784,2026-09-30T05:44,83424.380000,0.241800,0.060645,2026-09-30,237.000000,1.758246,0.078897,83453.980000,83424.370000
29845785,2026-09-30T05:45,83422.510000,0.199300,-0.841343,2026-09-30,183.000000,0.582827,0.403632,83453.120000,83422.520000
29845786,2026-09-30T05:46,83412.010000,-0.148500,-0.191481,2026-09-30,234.000000,1.316239,0.573333,83459.060000,83412.000000
29845787,2026-09-30T05:47,83404.890000,-0.299700,0.146668,2026-09-30,166.000000,0.810239,0.547337,83415.870000,83404.420000
29845788,2026-09-30T05:48,83391.860000,-0.014800,0.096114,2026-09-30,155.000000,0.656732,0.428525,83404.890000,83380.500000
29845789,2026-09-30T05:49,83396.640000,-0.289700,-0.145225,2026-09-30,118.000000,0.243470,0.826348,83399.190000,83380.040000
29845790,2026-09-30T05:50,83399.110000,0.185700,0.652939,2026-09-30,154.000000,0.229440,0.313513,83409.770000,83386.830000
29845791,2026-09-30T05:51,83362.880000,-0.447300,-0.373994,2026-09-30,156.000000,0.459402,0.166111,83399.110000,83362.870000
29845792,2026-09-30T05:52,83334.790000,-0.431400,-0.667774,2026-09-30,137.000000,0.479928,0.221870,83362.880000,83334.780000
29845793,2026-09-30T05:53,83332.430000,-0.499500,-0.556264,2026-09-30,175.000000,0.889564,0.271064,83340.330000,83320.420000
29845794,2026-09-30T05:54,83320.520000,-0.616200,-0.463755,2026-09-30,118.000000,0.370983,0.126572,83332.430000,83320.520000
29845795,2026-09-30T05:55,83303.150000,-0.178900,-0.790883,2026-09-30,146.000000,0.513953,0.331084,83320.520000,83303.150000
29845796,2026-09-30T05:56,83304.120000,-0.245200,-0.193467,2026-09-30,108.000000,0.398431,0.416355,83305.000000,83301.480000
29845797,2026-09-30T05:57,83266.960000,-0.352300,-0.167290,2026-09-30,169.000000,1.230219,0.082686,83308.420000,83266.270000
29845798,2026-09-30T05:58,83380.980000,-0.393300,-0.832797,2026-09-30,357.000000,4.951718,0.771426,83385.980000,83248.060000
29845799,2026-09-30T05:59,83351.600000,-0.300200,0.483609,2026-09-30,261.000000,1.775453,0.345514,83386.530000,83336.560000
29845800,2026-09-30T06:00,83373.180000,-0.483400,-0.220679,2026-09-30,250.000000,1.613736,0.209383,83373.710000,83308.120000
29845801,2026-09-30T06:01,83380.300000,-0.631900,-0.582970,2026-09-30,216.000000,2.801349,0.947156,83380.990000,83351.950000
29845802,2026-09-30T06:02,83388.860000,-0.237800,0.894293,2026-09-30,281.000000,1.119482,0.449555,83400.000000,83333.550000
29845803,2026-09-30T06:03,83356.240000,-0.251300,-0.099822,2026-09-30,250.000000,0.785429,0.299801,83388.860000,83334.010000
29845804,2026-09-30T06:04,83352.710000,-0.129400,-0.524189,2026-09-30,226.000000,0.879345,0.619523,83366.800000,83334.020000
29845805,2026-09-30T06:05,83382.180000,-0.181200,0.607495,2026-09-30,225.000000,0.344718,0.216892,83390.830000,83352.700000
29845806,2026-09-30T06:06,83331.040000,-0.399800,-0.562486,2026-09-30,156.000000,0.319997,0.063808,83382.190000,83331.030000
29845807,2026-09-30T06:07,83282.070000,-0.396100,-0.908742,2026-09-30,185.000000,0.937249,0.268503,83331.040000,83275.500000
29845808,2026-09-30T06:08,83264.270000,-0.375100,-0.463112,2026-09-30,146.000000,0.308966,0.381859,83293.770000,83264.270000
29845809,2026-09-30T06:09,83226.950000,-0.110900,-0.236282,2026-09-30,210.000000,1.753783,0.233256,83271.280000,83224.050000
29845810,2026-09-30T06:10,83243.960000,-0.400300,-0.510640,2026-09-30,195.000000,0.516730,0.650069,83257.210000,83226.950000
29845811,2026-09-30T06:11,83204.610000,-0.422100,0.262269,2026-09-30,174.000000,1.876664,0.203163,83243.960000,83204.580000
29845812,2026-09-30T06:12,83173.850000,-0.537200,-0.593675,2026-09-30,161.000000,0.549776,0.558222,83204.620000,83173.710000
29845813,2026-09-30T06:13,83145.990000,-0.457300,0.116444,2026-09-30,210.000000,1.351153,0.720094,83173.750000,83141.240000
29845814,2026-09-30T06:14,83102.290000,-0.257100,0.642675,2026-09-30,394.000000,6.385629,0.268409,83176.580000,83063.960000
29845815,2026-09-30T06:15,83089.600000,-0.034300,-0.666216,2026-09-30,300.000000,1.194202,0.157840,83132.910000,83087.890000
29845816,2026-09-30T06:16,83108.510000,-0.501700,-0.664450,2026-09-30,339.000000,3.500285,0.358938,83112.540000,83074.450000
29845817,2026-09-30T06:17,83108.610000,-0.200100,-0.282779,2026-09-30,274.000000,1.541860,0.559702,83133.990000,83102.050000
29845818,2026-09-30T06:18,83134.960000,-0.011500,0.119628,2026-09-30,276.000000,0.962130,0.594281,83136.990000,83088.420000
29845819,2026-09-30T06:19,83114.010000,0.118300,0.192611,2026-09-30,214.000000,0.716604,0.035757,83144.200000,83107.900000
29845820,2026-09-30T06:20,83109.710000,-0.243600,-0.140850,2026-09-30,281.000000,1.235950,0.684114,83127.120000,83080.000000
29845821,2026-09-30T06:21,83120.320000,-0.122700,-0.061031,2026-09-30,210.000000,0.526053,0.377657,83128.500000,83101.980000
29845822,2026-09-30T06:22,83094.540000,0.076200,-0.236536,2026-09-30,297.000000,3.027585,0.157989,83127.370000,83069.420000
29845823,2026-09-30T06:23,83094.540000,-0.394800,-0.685926,2026-09-30,219.000000,0.934633,0.373729,83119.000000,83094.540000
29845824,2026-09-30T06:24,83058.420000,0.074800,-0.247350,2026-09-30,217.000000,1.362066,0.606835,83096.220000,83056.790000
29845825,2026-09-30T06:25,83048.610000,-0.688500,0.211301,2026-09-30,191.000000,2.480086,0.279542,83057.000000,83047.000000
29845826,2026-09-30T06:26,83038.990000,-0.329000,-0.440887,2026-09-30,203.000000,2.091432,0.524868,83049.000000,83022.190000
29845827,2026-09-30T06:27,83057.480000,-0.201400,0.049737,2026-09-30,323.000000,4.893331,0.481506,83066.630000,83012.860000
29845828,2026-09-30T06:28,83123.640000,-0.431300,-0.036988,2026-09-30,336.000000,5.753777,0.676711,83151.800000,83048.430000
29845829,2026-09-30T06:29,83128.490000,-0.478000,0.353460,2026-09-30,277.000000,4.186152,0.100998,83135.830000,83097.000000
29845830,2026-09-30T06:30,83097.040000,-0.222200,-0.798561,2026-09-30,256.000000,3.890894,0.169457,83128.860000,83069.000000
29845831,2026-09-30T06:31,83115.200000,-0.119700,-0.660768,2026-09-30,207.000000,0.596513,0.425814,83117.670000,83075.690000
29845832,2026-09-30T06:32,83092.390000,-0.254200,-0.124465,2026-09-30,188.000000,0.866244,0.417136,83115.200000,83069.000000
29845833,2026-09-30T06:33,83046.760000,0.105600,-0.245888,2026-09-30,236.000000,2.265015,0.513279,83115.200000,83046.760000
29845834,2026-09-30T06:34,83071.110000,-0.238300,0.066217,2026-09-30,268.000000,2.512664,0.389967,83075.990000,83043.950000
29845835,2026-09-30T06:35,83048.490000,0.103500,-0.217015,2026-09-30,241.000000,0.895529,0.293645,83089.720000,83046.590000
29845836,2026-09-30T06:36,83086.490000,-0.410000,-0.416495,2026-09-30,244.000000,1.028621,0.875678,83086.500000,83048.480000
29845837,2026-09-30T06:37,83033.600000,0.101100,0.751357,2026-09-30,320.000000,2.675536,0.165658,83086.500000,83021.410000
29845838,2026-09-30T06:38,83079.890000,-0.229100,-0.668683,2026-09-30,295.000000,2.178738,0.812523,83084.960000,83033.590000
29845839,2026-09-30T06:39,83013.010000,0.329500,0.625033,2026-09-30,364.000000,7.399898,0.374928,83080.760000,83005.610000
29845840,2026-09-30T06:40,83062.900000,-0.570300,-0.250154,2026-09-30,519.000000,12.478762,0.429770,83072.830000,82989.890000
29845841,2026-09-30T06:41,83009.990000,-0.280400,-0.140453,2026-09-30,248.000000,1.133575,0.326876,83066.990000,83005.970000
29845842,2026-09-30T06:42,83091.460000,-0.425800,-0.346248,2026-09-30,236.000000,0.675794,0.567184,83092.270000,83009.990000
29845843,2026-09-30T06:43,83061.040000,-0.261500,-0.089185,2026-09-30,226.000000,1.227843,0.130008,83095.990000,83056.210000
29845844,2026-09-30T06:44,83073.270000,-0.431300,-0.698824,2026-09-30,230.000000,1.135700,0.497683,83089.310000,83056.210000
29845845,2026-09-30T06:45,83010.670000,-0.344800,-0.004948,2026-09-30,389.000000,5.655714,0.211370,83073.280000,82964.000000
29845846,2026-09-30T06:46,82990.240000,-0.694900,-0.583245,2026-09-30,260.000000,1.341962,0.376023,83013.520000,82982.490000
29845847,2026-09-30T06:47,82958.580000,-0.570500,-0.199507,2026-09-30,275.000000,4.357729,0.573770,83003.960000,82958.570000
29845848,2026-09-30T06:48,82948.600000,-0.525600,0.165538,2026-09-30,349.000000,3.549772,0.543491,82969.940000,82945.000000
29845849,2026-09-30T06:49,82966.790000,-0.514800,0.088299,2026-09-30,214.000000,1.693356,0.884989,82966.780000,82943.690000
29845850,2026-09-30T06:50,82935.510000,-0.032400,0.755415,2026-09-30,305.000000,3.724829,0.185229,82973.160000,82923.960000
29845851,2026-09-30T06:51,82961.120000,-0.522000,-0.629656,2026-09-30,247.000000,1.154663,0.330562,82962.150000,82929.990000
29845852,2026-09-30T06:52,83031.450000,-0.455800,-0.336137,2026-09-30,272.000000,1.268275,0.569290,83034.240000,82961.130000
29845853,2026-09-30T06:53,83035.700000,-0.461600,0.014631,2026-09-30,209.000000,1.010292,0.433254,83040.550000,83010.730000
29845854,2026-09-30T06:54,83053.830000,-0.480200,0.019660,2026-09-30,158.000000,0.455759,0.342074,83055.510000,83029.140000
29845855,2026-09-30T06:55,83159.010000,-0.502200,-0.313813,2026-09-30,278.000000,1.185294,0.769559,83163.800000,83054.990000
29845856,2026-09-30T06:56,83096.010000,-0.284100,0.539274,2026-09-30,314.000000,6.096642,0.070859,83159.020000,83091.760000
29845857,2026-09-30T06:57,83098.640000,-0.430000,-0.857775,2026-09-30,153.000000,0.687011,0.396815,83116.930000,83096.000000
29845858,2026-09-30T06:58,83098.270000,-0.442500,-0.210391,2026-09-30,180.000000,0.365611,0.229464,83130.350000,83088.180000
29845859,2026-09-30T06:59,83005.890000,-0.275700,-0.541071,2026-09-30,338.000000,10.062411,0.091349,83098.280000,82969.900000
29845860,2026-09-30T07:00,82925.540000,0.679000,-0.807559,2026-09-30,555.000000,9.058085,0.309360,83013.360000,82911.860000
29845861,2026-09-30T07:01,82978.860000,-0.291500,-0.392921,2026-09-30,388.000000,3.075708,0.503905,82999.990000,82911.870000
29845862,2026-09-30T07:02,83047.890000,-0.137800,0.055813,2026-09-30,266.000000,2.440194,0.855436,83052.640000,82976.740000
29845863,2026-09-30T07:03,83030.650000,-0.067600,0.714262,2026-09-30,251.000000,0.898577,0.100614,83071.940000,83030.100000
29845864,2026-09-30T07:04,83004.290000,-0.163600,-0.854518,2026-09-30,259.000000,0.832009,0.255972,83034.150000,82998.250000
29845865,2026-09-30T07:05,83012.210000,-0.230800,-0.491852,2026-09-30,238.000000,0.765289,0.730651,83012.940000,82979.250000
29845866,2026-09-30T07:06,82974.710000,-0.116200,0.310292,2026-09-30,215.000000,0.719852,0.183918,83012.200000,82950.840000
29845867,2026-09-30T07:07,82975.600000,-0.308300,-0.580816,2026-09-30,164.000000,0.382965,0.677737,82992.000000,82960.500000
29845868,2026-09-30T07:08,83012.990000,-0.344200,0.374235,2026-09-30,181.000000,0.301876,0.504015,83012.980000,82975.590000
29845869,2026-09-30T07:09,83012.290000,-0.302800,-0.031207,2026-09-30,185.000000,0.892640,0.322231,83016.340000,82977.230000
29845870,2026-09-30T07:10,83016.770000,-0.388600,-0.355560,2026-09-30,221.000000,0.984773,0.357432,83020.850000,82989.510000
29845871,2026-09-30T07:11,82975.600000,-0.380800,-0.284743,2026-09-30,156.000000,0.397703,0.102529,83018.680000,82975.590000
29845872,2026-09-30T07:12,82953.610000,-0.298100,-0.807691,2026-09-30,166.000000,0.287881,0.237467,82976.760000,82953.610000
29845873,2026-09-30T07:13,82984.540000,-0.613900,-0.477156,2026-09-30,199.000000,0.691371,0.556892,82983.760000,82953.610000
29845874,2026-09-30T07:14,82984.360000,-0.276300,0.113784,2026-09-30,177.000000,0.699466,0.302642,83001.530000,82969.040000
29845875,2026-09-30T07:15,83027.380000,-0.113700,-0.394768,2026-09-30,185.000000,0.246377,0.905853,83030.210000,82984.350000
29845876,2026-09-30T07:16,83073.770000,-0.396300,0.064190,2026-09-30,238.000000,1.260890,0.237526,83073.770000,83027.370000
29845877,2026-09-30T07:17,83076.670000,-0.528100,-0.470446,2026-09-30,170.000000,0.478570,0.404976,83078.830000,83058.710000
29845878,2026-09-30T07:18,83123.010000,-0.156000,-0.195807,2026-09-30,257.000000,1.075993,0.398059,83125.790000,83072.700000
29845879,2026-09-30T07:19,83208.160000,0.064200,-0.201338,2026-09-30,397.000000,6.551892,0.849364,83218.490000,83123.010000
29845880,2026-09-30T07:20,83214.570000,-0.202800,0.699346,2026-09-30,285.000000,2.420697,0.374808,83222.990000,83186.350000
29845881,2026-09-30T07:21,83212.520000,-0.006100,-0.261982,2026-09-30,259.000000,4.165418,0.850686,83219.680000,83191.710000
29845882,2026-09-30T07:22,83221.420000,-0.129100,0.707527,2026-09-30,379.000000,9.537281,0.726445,83270.680000,83204.590000
29845883,2026-09-30T07:23,83309.460000,-0.050900,0.446406,2026-09-30,262.000000,1.200880,0.670902,83316.450000,83222.140000
29845884,2026-09-30T07:24,83314.090000,0.275200,0.683162,2026-09-30,320.000000,3.283004,0.809665,83338.270000,83272.720000
29845885,2026-09-30T07:25,83312.990000,0.123800,0.436119,2026-09-30,334.000000,5.802606,0.172994,83358.710000,83296.500000
29845886,2026-09-30T07:26,83338.490000,0.299200,-0.639663,2026-09-30,285.000000,1.224288,0.592011,83358.700000,83303.170000
29845887,2026-09-30T07:27,83296.510000,-0.061700,0.148570,2026-09-30,248.000000,3.438023,0.405604,83359.490000,83296.500000
29845888,2026-09-30T07:28,83258.400000,0.342300,-0.188788,2026-09-30,221.000000,0.436242,0.230276,83298.190000,83258.400000
29845889,2026-09-30T07:29,83272.790000,-0.037100,-0.539587,2026-09-30,236.000000,1.277082,0.226157,83274.940000,83235.550000
29845890,2026-09-30T07:30,83262.260000,-0.141700,-0.549368,2026-09-30,201.000000,0.950228,0.496937,83271.540000,83223.000000
29845891,2026-09-30T07:31,83296.490000,-0.290900,0.005502,2026-09-30,253.000000,1.125047,0.438979,83301.100000,83252.670000
29845892,2026-09-30T07:32,83277.790000,0.137300,-0.122054,2026-09-30,177.000000,0.398417,0.150569,83296.500000,83269.230000
29845893,2026-09-30T07:33,83297.790000,0.179100,-0.698861,2026-09-30,219.000000,0.774248,0.341807,83305.930000,83269.230000
29845894,2026-09-30T07:34,83304.040000,-0.225500,-0.316183,2026-09-30,228.000000,1.383860,0.251272,83305.920000,83280.670000
29845895,2026-09-30T07:35,83358.230000,-0.204000,-0.497584,2026-09-30,212.000000,0.601988,0.199632,83362.950000,83304.030000
29845896,2026-09-30T07:36,83368.040000,0.314500,-0.787857,2026-09-30,338.000000,5.290466,0.288124,83404.250000,83348.100000
29845897,2026-09-30T07:37,83372.360000,0.198700,-0.359460,2026-09-30,263.000000,4.420448,0.255540,83397.630000,83359.500000
29845898,2026-09-30T07:38,83362.960000,0.082000,-0.488928,2026-09-30,200.000000,2.203396,0.087107,83386.010000,83341.930000
29845899,2026-09-30T07:39,83356.460000,-0.209900,-0.825782,2026-09-30,185.000000,2.348341,0.270016,83378.830000,83354.010000
29845900,2026-09-30T07:40,83367.210000,-0.241600,-0.459679,2026-09-30,149.000000,0.612863,0.726765,83369.900000,83349.000000
29845901,2026-09-30T07:41,83360.520000,-0.412800,0.453280,2026-09-30,105.000000,0.395865,0.370060,83367.220000,83355.730000
29845902,2026-09-30T07:42,83371.900000,-0.073800,-0.260466,2026-09-30,185.000000,0.910059,0.897881,83372.350000,83345.330000
29845903,2026-09-30T07:43,83372.080000,0.014100,0.795993,2026-09-30,141.000000,2.362003,0.044631,83379.520000,83367.890000
29845904,2026-09-30T07:44,83394.120000,-0.216700,-0.911570,2026-09-30,270.000000,4.199209,0.465231,83398.500000,83371.180000
29845905,2026-09-30T07:45,83399.200000,-0.175000,-0.069538,2026-09-30,148.000000,1.621393,0.116555,83399.210000,83389.940000
29845906,2026-09-30T07:46,83368.270000,-0.333600,-0.766889,2026-09-30,229.000000,4.205937,0.107395,83399.200000,83338.500000
29845907,2026-09-30T07:47,83361.110000,-0.019300,-0.775565,2026-09-30,214.000000,4.485163,0.139867,83373.780000,83329.870000
29845908,2026-09-30T07:48,83365.710000,-0.038200,-0.729055,2026-09-30,135.000000,0.933520,0.162188,83365.720000,83352.230000
29845909,2026-09-30T07:49,83397.520000,-0.365700,-0.675645,2026-09-30,200.000000,1.283386,0.744496,83399.060000,83350.460000
29845910,2026-09-30T07:50,83430.420000,-0.244300,0.488992,2026-09-30,235.000000,1.722983,0.383244,83430.640000,83395.120000
29845911,2026-09-30T07:51,83392.990000,0.052100,-0.233511,2026-09-30,230.000000,1.555359,0.294420,83434.320000,83389.800000
29845912,2026-09-30T07:52,83387.040000,0.101800,-0.411140,2026-09-30,169.000000,0.686384,0.330595,83405.250000,83385.800000
29845913,2026-09-30T07:53,83388.460000,-0.373300,-0.338854,2026-09-30,197.000000,2.992397,0.750743,83401.810000,83380.500000
29845914,2026-09-30T07:54,83355.390000,-0.144300,0.502815,2026-09-30,236.000000,5.040760,0.455929,83404.950000,83349.000000
29845915,2026-09-30T07:55,83349.460000,-0.283000,-0.089871,2026-09-30,237.000000,4.435278,0.397847,83375.430000,83349.460000
29845916,2026-09-30T07:56,83306.140000,-0.111500,-0.210535,2026-09-30,209.000000,0.779629,0.332447,83349.470000,83306.130000
29845917,2026-09-30T07:57,83293.550000,-0.210800,-0.105659,2026-09-30,192.000000,2.599051,0.502689,83323.540000,83282.390000
29845918,2026-09-30T07:58,83306.510000,-0.222600,-0.048468,2026-09-30,142.000000,0.776965,0.854416,83317.490000,83293.540000
29845919,2026-09-30T07:59,83259.850000,-0.367200,0.708833,2026-09-30,265.000000,5.233809,0.384807,83313.280000,83229.080000
29845920,2026-09-30T08:00,83245.970000,-0.196300,-0.235364,2026-09-30,247.000000,3.035008,0.782491,83271.380000,83235.740000
29845921,2026-09-30T08:01,83226.040000,-0.447700,0.584541,2026-09-30,266.000000,2.454798,0.324331,83264.990000,83194.330000
29845922,2026-09-30T08:02,83229.450000,-0.287500,-0.351337,2026-09-30,197.000000,0.616582,0.454138,83229.450000,83196.350000
29845923,2026-09-30T08:03,83284.980000,-0.178700,-0.091676,2026-09-30,192.000000,0.217924,0.898914,83284.980000,83229.440000
29845924,2026-09-30T08:04,83257.880000,0.022500,0.797884,2026-09-30,254.000000,2.819985,0.905922,83310.800000,83236.470000
29845925,2026-09-30T08:05,83222.960000,0.294800,0.812166,2026-09-30,324.000000,7.200518,0.124433,83269.650000,83183.490000
29845926,2026-09-30T08:06,83227.080000,-0.465000,-0.741894,2026-09-30,200.000000,0.832934,0.462620,83245.000000,83222.950000
29845927,2026-09-30T08:07,83181.570000,-0.086700,-0.132842,2026-09-30,198.000000,1.344448,0.181988,83236.270000,83173.710000
29845928,2026-09-30T08:08,83197.710000,-0.348000,-0.636167,2026-09-30,187.000000,0.958262,0.216098,83210.810000,83181.690000
29845929,2026-09-30T08:09,83173.710000,-0.177400,-0.607581,2026-09-30,160.000000,0.703450,0.173038,83204.770000,83173.710000
29845930,2026-09-30T08:10,83185.230000,-0.165300,-0.598480,2026-09-30,249.000000,1.144994,0.329914,83188.070000,83151.750000
29845931,2026-09-30T08:11,83127.460000,-0.251400,-0.350564,2026-09-30,348.000000,3.516469,0.480393,83185.220000,83109.580000
29845932,2026-09-30T08:12,83128.390000,-0.539900,-0.036864,2026-09-30,243.000000,0.541948,0.743936,83141.090000,83116.070000
29845933,2026-09-30T08:13,83108.960000,0.198100,0.499836,2026-09-30,171.000000,1.801547,0.250734,83128.390000,83094.630000
29845934,2026-09-30T08:14,83080.660000,-0.089100,-0.496769,2026-09-30,240.000000,0.587320,0.621635,83108.820000,83078.120000
29845935,2026-09-30T08:15,83123.170000,-0.492000,0.243270,2026-09-30,296.000000,1.688222,0.530877,83130.990000,83068.520000
29845936,2026-09-30T08:16,83138.990000,0.348600,0.061123,2026-09-30,219.000000,0.676522,0.312331,83141.340000,83111.790000
29845937,2026-09-30T08:17,83185.170000,-0.574300,-0.284619,2026-09-30,284.000000,1.224993,0.764366,83186.140000,83138.990000
29845938,2026-09-30T08:18,83242.570000,-0.237700,0.504812,2026-09-30,286.000000,2.046698,0.855966,83249.520000,83178.930000
29845939,2026-09-30T08:19,83166.990000,-0.083400,0.715231,2026-09-30,228.000000,0.729492,0.680899,83249.510000,83166.990000
29845940,2026-09-30T08:20,83207.740000,-0.301800,0.361782,2026-09-30,329.000000,2.102322,0.766048,83212.500000,83146.560000
29845941,2026-09-30T08:21,83232.360000,-0.401100,0.532096,2026-09-30,247.000000,1.241791,0.589401,83233.490000,83191.990000
29845942,2026-09-30T08:22,83193.790000,-0.387600,0.178737,2026-09-30,158.000000,0.251175,0.338919,83233.490000,83193.780000
29845943,2026-09-30T08:23,83179.180000,-0.290800,-0.321972,2026-09-30,199.000000,0.773313,0.598041,83212.510000,83181.000000
29845944,2026-09-30T08:24,83165.760000,-0.634600,0.196081,2026-09-30,362.000000,5.885807,0.174676,83183.610000,83115.170000
29845945,2026-09-30T08:25,83122.760000,-0.342100,-0.650649,2026-09-30,228.000000,0.811744,0.449182,83165.760000,83122.750000
29845946,2026-09-30T08:26,83119.150000,-0.500200,-0.113129,2026-09-30,180.000000,1.118053,0.845576,83135.660000,83100.000000
29845947,2026-09-30T08:27,83135.670000,-0.418900,0.707186,2026-09-30,234.000000,2.816905,0.603584,83135.670000,83100.980000
29845948,2026-09-30T08:28,83118.990000,0.062600,0.207181,2026-09-30,402.000000,12.496994,0.579098,83152.000000,83095.850000
29845949,2026-09-30T08:29,83086.510000,-0.100000,0.158844,2026-09-30,294.000000,3.538608,0.539288,83134.310000,83086.500000
29845950,2026-09-30T08:30,83014.790000,0.152000,0.076717,2026-09-30,285.000000,4.593652,0.231348,83086.510000,83014.780000
29845951,2026-09-30T08:31,83004.760000,-0.251600,-0.535015,2026-09-30,270.000000,3.314726,0.257546,83044.490000,83000.000000
29845952,2026-09-30T08:32,83009.040000,-0.188900,-0.489094,2026-09-30,315.000000,5.400185,0.426311,83032.900000,82974.250000
29845953,2026-09-30T08:33,82993.510000,-0.156000,-0.147371,2026-09-30,350.000000,3.059599,0.697237,83031.410000,82983.700000
29845954,2026-09-30T08:34,83029.990000,-0.271100,0.396082,2026-09-30,282.000000,2.803511,0.864791,83051.330000,82993.520000
29845955,2026-09-30T08:35,83023.490000,-0.300900,0.729018,2026-09-30,196.000000,1.701985,0.241762,83031.350000,82984.710000
29845956,2026-09-30T08:36,83005.860000,-0.336900,-0.518600,2026-09-30,197.000000,1.420264,0.254415,83044.500000,83004.300000
29845957,2026-09-30T08:37,83041.110000,-0.232800,-0.491061,2026-09-30,164.000000,0.400427,0.642450,83045.640000,83005.860000
29845958,2026-09-30T08:38,83090.490000,-0.352800,0.285416,2026-09-30,224.000000,0.884327,0.416589,83103.990000,83041.100000
29845959,2026-09-30T08:39,83096.730000,0.032400,-0.166433,2026-09-30,176.000000,0.546579,0.348476,83110.930000,83089.200000
29845960,2026-09-30T08:40,83086.510000,-0.327500,-0.303592,2026-09-30,140.000000,1.008591,0.404042,83109.180000,83076.000000
29845961,2026-09-30T08:41,83069.490000,0.015500,-0.192456,2026-09-30,248.000000,0.601203,0.477553,83108.000000,83055.000000
29845962,2026-09-30T08:42,83052.230000,-0.512900,-0.039959,2026-09-30,157.000000,0.457146,0.660001,83069.500000,83037.330000
29845963,2026-09-30T08:43,83025.330000,-0.595800,0.314615,2026-09-30,228.000000,3.258928,0.077468,83052.230000,83016.350000
29845964,2026-09-30T08:44,83035.640000,-0.508600,-0.845140,2026-09-30,222.000000,1.932810,0.106948,83044.500000,83003.050000
29845965,2026-09-30T08:45,83027.990000,-0.171400,-0.678599,2026-09-30,183.000000,1.215033,0.857716,83051.470000,83022.520000
29845966,2026-09-30T08:46,83067.140000,-0.281000,0.683222,2026-09-30,202.000000,0.432363,0.519273,83067.150000,83027.990000
29845967,2026-09-30T08:47,83078.070000,-0.440700,0.038150,2026-09-30,215.000000,0.654983,0.326668,83107.490000,83067.140000
29845968,2026-09-30T08:48,83116.620000,-0.098900,-0.345381,2026-09-30,314.000000,5.691917,0.908319,83124.880000,83070.320000
29845969,2026-09-30T08:49,83104.170000,0.045700,0.816461,2026-09-30,319.000000,7.433485,0.590101,83136.330000,83096.970000
29845970,2026-09-30T08:50,83085.480000,0.237000,0.180317,2026-09-30,254.000000,4.808928,0.509601,83125.970000,83060.640000
29845971,2026-09-30T08:51,83026.990000,-0.100900,0.019161,2026-09-30,422.000000,22.937074,0.309902,83092.250000,82978.010000
29845972,2026-09-30T08:52,83013.010000,0.040700,-0.380182,2026-09-30,284.000000,1.229570,0.563717,83054.990000,83005.480000
29845973,2026-09-30T08:53,83009.070000,-0.262600,0.127271,2026-09-30,147.000000,0.136396,0.378267,83022.980000,83009.060000
29845974,2026-09-30T08:54,82997.930000,-0.029500,-0.243465,2026-09-30,219.000000,2.374074,0.478603,83022.990000,82993.250000
29845975,2026-09-30T08:55,83004.300000,-0.226100,-0.042793,2026-09-30,180.000000,1.582917,0.192271,83004.310000,82984.630000
29845976,2026-09-30T08:56,83019.920000,-0.039300,-0.615463,2026-09-30,206.000000,0.883260,0.905629,83025.650000,82995.940000
29845977,2026-09-30T08:57,83035.010000,-0.425000,0.811294,2026-09-30,135.000000,0.375895,0.565739,83036.990000,83033.100000
29845978,2026-09-30T08:58,83042.460000,-0.229100,0.134308,2026-09-30,215.000000,1.943539,0.127369,83044.500000,83011.920000
29845979,2026-09-30T08:59,83023.150000,-0.224700,-0.746206,2026-09-30,166.000000,1.495437,0.071396,83042.470000,83016.210000
29845980,2026-09-30T09:00,83045.920000,0.189000,-0.854324,2026-09-30,258.000000,1.157734,0.582901,83046.000000,83008.440000
29845981,2026-09-30T09:01,83053.510000,-0.124200,0.165464,2026-09-30,145.000000,0.455454,0.768758,83055.000000,83045.920000
29845982,2026-09-30T09:02,83123.510000,0.194100,-0.583077,2026-09-30,342.000000,3.828250,0.498208,83124.990000,83027.430000
29845983,2026-09-30T09:03,83130.260000,-0.347400,0.473138,2026-09-30,273.000000,2.658273,0.194779,83139.000000,83102.410000
29845984,2026-09-30T09:04,83159.990000,0.112200,-0.610442,2026-09-30,133.000000,0.123286,0.929668,83160.000000,83128.570000
29845985,2026-09-30T09:05,83212.490000,0.033300,0.859337,2026-09-30,234.000000,1.299044,0.699489,83212.490000,83155.110000
29845986,2026-09-30T09:06,83224.760000,-0.153500,0.313330,2026-09-30,296.000000,4.790888,0.708020,83225.640000,83196.700000
29845987,2026-09-30T09:07,83188.890000,-0.230900,0.444751,2026-09-30,233.000000,2.905200,0.124982,83221.010000,83171.010000
29845988,2026-09-30T09:08,83191.510000,-0.119600,-0.750704,2026-09-30,301.000000,4.377586,0.394818,83243.990000,83182.110000
29845989,2026-09-30T09:09,83204.240000,0.313700,-0.210360,2026-09-30,310.000000,2.394836,0.758628,83212.220000,83175.670000
29845990,2026-09-30T09:10,83224.260000,-0.251500,0.517253,2026-09-30,317.000000,1.659175,0.375675,83239.420000,83209.140000
29845991,2026-09-30T09:11,83220.890000,-0.504400,-0.248680,2026-09-30,208.000000,1.026407,0.536084,83224.270000,83202.000000
29845992,2026-09-30T09:12,83220.650000,-0.091100,0.072237,2026-09-30,230.000000,1.708662,0.572403,83252.790000,83202.000000
29845993,2026-09-30T09:13,83233.490000,-0.457300,0.145057,2026-09-30,188.000000,0.941328,0.815558,83234.800000,83220.620000
29845994,2026-09-30T09:14,83254.490000,0.231900,0.630498,2026-09-30,166.000000,0.557207,0.896880,83254.500000,83233.490000
29845995,2026-09-30T09:15,83259.010000,-0.287100,0.795380,2026-09-30,141.000000,0.487110,0.649612,83259.010000,83254.490000
29845996,2026-09-30T09:16,83242.990000,-0.149700,0.296261,2026-09-30,203.000000,1.267820,0.466884,83259.010000,83233.570000
29845997,2026-09-30T09:17,83245.210000,-0.065200,-0.066424,2026-09-30,262.000000,8.663251,0.126475,83286.500000,83225.160000
29845998,2026-09-30T09:18,83275.490000,0.063700,-0.737539,2026-09-30,246.000000,0.697791,0.720095,83275.500000,83227.610000
29845999,2026-09-30T09:19,83257.390000,0.308100,0.399940,2026-09-30,283.000000,7.347806,0.101198,83281.710000,83244.360000
29846000,2026-09-30T09:20,83296.490000,-0.052100,-0.797755,2026-09-30,271.000000,1.322400,0.780584,83296.500000,83233.510000
29846001,2026-09-30T09:21,83313.430000,0.052100,0.561168,2026-09-30,388.000000,8.556576,0.135428,83333.130000,83253.790000
29846002,2026-09-30T09:22,83301.490000,-0.063100,-0.729144,2026-09-30,296.000000,6.173834,0.133002,83325.590000,83259.150000
29846003,2026-09-30T09:23,83316.460000,-0.150500,-0.736012,2026-09-30,266.000000,6.501586,0.103294,83322.050000,83287.360000
29846004,2026-09-30T09:24,83356.540000,-0.068300,-0.818215,2026-09-30,267.000000,2.313815,0.301213,83355.540000,83296.250000
29846005,2026-09-30T09:25,83358.080000,0.195300,0.051550,2026-09-30,296.000000,7.203897,0.094922,83382.770000,83331.350000
29846006,2026-09-30T09:26,83375.290000,0.078200,-0.825342,2026-09-30,230.000000,1.494447,0.389482,83387.060000,83358.070000
29846007,2026-09-30T09:27,83398.270000,-0.268900,-0.221036,2026-09-30,272.000000,3.998253,0.751950,83398.280000,83375.280000
29846008,2026-09-30T09:28,83368.710000,0.051600,0.503973,2026-09-30,205.000000,1.550309,0.400026,83398.280000,83367.240000
29846009,2026-09-30T09:29,83385.170000,0.163000,-0.200371,2026-09-30,162.000000,0.887833,0.876692,83385.180000,83368.700000
29846010,2026-09-30T09:30,83399.080000,0.071000,0.762179,2026-09-30,617.000000,19.022082,0.449395,83481.890000,83378.850000
29846011,2026-09-30T09:31,83478.330000,-0.637400,-0.103113,2026-09-30,324.000000,3.732937,0.277839,83490.000000,83399.070000
29846012,2026-09-30T09:32,83736.860000,0.192600,-0.444092,2026-09-30,730.000000,31.878197,0.620935,83757.130000,83478.330000
29846013,2026-09-30T09:33,83726.990000,-0.099400,0.241436,2026-09-30,575.000000,15.669440,0.269922,83779.010000,83666.120000
29846014,2026-09-30T09:34,83652.710000,0.340300,-0.459783,2026-09-30,554.000000,24.668626,0.427235,83757.980000,83630.400000
29846015,2026-09-30T09:35,83660.580000,-0.109300,-0.192763,2026-09-30,743.000000,15.064110,0.279782,83681.000000,83580.030000
29846016,2026-09-30T09:36,83607.330000,-0.074200,-0.381274,2026-09-30,358.000000,2.898276,0.673785,83693.940000,83607.330000
29846017,2026-09-30T09:37,83573.960000,-0.355600,0.348958,2026-09-30,307.000000,1.976021,0.395048,83611.500000,83559.000000
29846018,2026-09-30T09:38,83579.990000,-0.353400,-0.166508,2026-09-30,311.000000,2.003207,0.320587,83589.290000,83524.010000
29846019,2026-09-30T09:39,83532.420000,-0.474300,-0.417454,2026-09-30,269.000000,1.113782,0.722837,83584.310000,83530.020000
29846020,2026-09-30T09:40,83511.450000,0.251900,0.448527,2026-09-30,285.000000,1.193783,0.547432,83536.370000,83503.780000
29846021,2026-09-30T09:41,83514.120000,-0.339000,0.090475,2026-09-30,241.000000,0.833394,0.621340,83514.140000,83478.540000
29846022,2026-09-30T09:42,83514.120000,-0.285000,0.242679,2026-09-30,242.000000,0.722056,0.250150,83529.260000,83503.760000
29846023,2026-09-30T09:43,83489.540000,-0.209400,-0.558689,2026-09-30,251.000000,0.714353,0.363611,83514.120000,83488.790000
29846024,2026-09-30T09:44,83529.150000,0.183200,-0.159174,2026-09-30,233.000000,0.439066,0.875151,83529.170000,83489.530000
29846025,2026-09-30T09:45,83534.830000,-0.512000,0.750304,2026-09-30,320.000000,4.080179,0.549341,83547.020000,83491.010000
29846026,2026-09-30T09:46,83547.520000,0.020900,0.096737,2026-09-30,220.000000,0.796721,0.268918,83547.530000,83523.280000
29846027,2026-09-30T09:47,83547.520000,0.126000,-0.457299,2026-09-30,228.000000,0.394255,0.217032,83547.530000,83523.280000
29846028,2026-09-30T09:48,83558.600000,0.081600,-0.565833,2026-09-30,241.000000,0.472555,0.705222,83562.680000,83541.840000
29846029,2026-09-30T09:49,83571.170000,0.371200,0.410654,2026-09-30,240.000000,0.484884,0.474977,83571.180000,83538.000000
29846030,2026-09-30T09:50,83575.240000,-0.060300,-0.050711,2026-09-30,261.000000,0.825674,0.462440,83591.910000,83560.460000
29846031,2026-09-30T09:51,83584.790000,0.234300,-0.075121,2026-09-30,246.000000,1.935783,0.333051,83605.690000,83575.240000
29846032,2026-09-30T09:52,83554.170000,-0.535100,-0.329302,2026-09-30,267.000000,1.356169,0.365491,83588.210000,83538.000000
29846033,2026-09-30T09:53,83553.050000,0.311300,-0.148110,2026-09-30,248.000000,1.272162,0.539788,83555.860000,83527.500000
29846034,2026-09-30T09:54,83590.490000,0.029700,-0.029190,2026-09-30,238.000000,1.151943,0.594176,83596.750000,83530.010000
29846035,2026-09-30T09:55,83593.150000,0.398900,0.190674,2026-09-30,226.000000,1.723766,0.185086,83622.000000,83590.490000
29846036,2026-09-30T09:56,83569.320000,-0.073300,-0.631827,2026-09-30,173.000000,0.739959,0.908926,83593.160000,83559.800000
29846037,2026-09-30T09:57,83611.490000,-0.203200,0.818444,2026-09-30,261.000000,3.864033,0.998788,83617.080000,83569.310000
29846038,2026-09-30T09:58,83600.110000,0.170800,0.997640,2026-09-30,139.000000,0.808705,0.557632,83612.000000,83598.320000
29846039,2026-09-30T09:59,83598.180000,0.011800,0.361075,2026-09-30,180.000000,1.576594,0.498455,83605.880000,83580.000000
29846040,2026-09-30T10:00,83685.270000,0.245600,-0.304054,2026-09-30,590.000000,22.626582,0.881717,83726.800000,83598.180000
29846041,2026-09-30T10:01,83653.510000,0.622800,0.762904,2026-09-30,359.000000,2.423092,0.626248,83713.520000,83653.500000
29846042,2026-09-30T10:02,83703.900000,0.427400,0.260887,2026-09-30,485.000000,18.938845,0.633830,83713.960000,83628.440000
29846043,2026-09-30T10:03,83678.670000,0.193800,0.263268,2026-09-30,335.000000,4.829830,0.210805,83703.160000,83674.500000
29846044,2026-09-30T10:04,83719.180000,0.283100,-0.573997,2026-09-30,487.000000,14.991300,0.793129,83763.820000,83675.510000
29846045,2026-09-30T10:05,83718.490000,0.617000,0.586240,2026-09-30,318.000000,3.194322,0.435277,83724.390000,83706.000000
29846046,2026-09-30T10:06,83713.330000,-0.020600,-0.129401,2026-09-30,258.000000,0.722740,0.420773,83727.620000,83710.410000
29846047,2026-09-30T10:07,83697.240000,0.422700,-0.278553,2026-09-30,359.000000,3.931545,0.439588,83722.630000,83686.990000
29846048,2026-09-30T10:08,83724.740000,-0.118300,-0.091123,2026-09-30,277.000000,2.293148,0.640791,83737.320000,83697.240000
29846049,2026-09-30T10:09,83698.510000,0.370100,0.279555,2026-09-30,324.000000,2.532965,0.432228,83729.510000,83682.000000
29846050,2026-09-30T10:10,83692.290000,0.293100,-0.156868,2026-09-30,212.000000,0.414632,0.330591,83703.880000,83688.300000
29846051,2026-09-30T10:11,83714.650000,0.320600,-0.210906,2026-09-30,255.000000,1.808767,0.839842,83720.550000,83692.280000
29846052,2026-09-30T10:12,83718.610000,0.356800,0.684774,2026-09-30,285.000000,2.114456,0.592557,83721.590000,83701.140000
29846053,2026-09-30T10:13,83715.290000,-0.358300,0.172999,2026-09-30,263.000000,1.057496,0.726915,83734.810000,83712.200000
29846054,2026-09-30T10:14,83674.510000,0.105800,0.453524,2026-09-30,323.000000,2.644603,0.549874,83733.550000,83668.830000
29846055,2026-09-30T10:15,83669.820000,0.426700,0.124335,2026-09-30,311.000000,2.265166,0.326741,83692.590000,83650.320000
29846056,2026-09-30T10:16,83645.120000,0.033900,-0.426214,2026-09-30,283.000000,3.264122,0.260518,83669.820000,83632.500000
29846057,2026-09-30T10:17,83685.640000,0.118300,-0.479025,2026-09-30,304.000000,1.578421,0.586014,83692.190000,83646.910000
29846058,2026-09-30T10:18,83655.580000,0.413100,0.171927,2026-09-30,230.000000,0.855485,0.578680,83693.840000,83649.370000
29846059,2026-09-30T10:19,83707.390000,0.070200,0.163494,2026-09-30,238.000000,0.755817,0.792588,83707.400000,83665.470000
29846060,2026-09-30T10:20,83766.490000,0.414400,0.582133,2026-09-30,252.000000,0.805201,0.866868,83768.520000,83705.320000
29846061,2026-09-30T10:21,83779.510000,0.056000,0.732919,2026-09-30,343.000000,2.867105,0.547774,83815.760000,83766.490000
29846062,2026-09-30T10:22,83718.360000,-0.150200,0.095648,2026-09-30,331.000000,2.194815,0.359473,83790.160000,83716.690000
29846063,2026-09-30T10:23,83706.010000,0.051400,-0.300301,2026-09-30,313.000000,2.571082,0.864744,83739.010000,83700.920000
29846064,2026-09-30T10:24,83767.320000,-0.202500,0.769770,2026-09-30,340.000000,1.899472,0.537769,83771.700000,83700.920000
29846065,2026-09-30T10:25,83828.100000,-0.114200,0.076131,2026-09-30,373.000000,4.775749,0.849619,83829.920000,83765.530000
29846066,2026-09-30T10:26,83824.960000,0.388100,0.676176,2026-09-30,259.000000,1.729976,0.445694,83828.400000,83808.410000
29846067,2026-09-30T10:27,83759.490000,0.125600,-0.232661,2026-09-30,472.000000,20.550912,0.316159,83824.950000,83758.510000
29846068,2026-09-30T10:28,83774.830000,0.009200,-0.356856,2026-09-30,299.000000,3.256359,0.351831,83774.830000,83748.000000
29846069,2026-09-30T10:29,83760.010000,0.169000,-0.296255,2026-09-30,439.000000,7.140597,0.197740,83777.590000,83760.000000
29846070,2026-09-30T10:30,83799.990000,0.610800,-0.604016,2026-09-30,223.000000,1.129859,0.805641,83809.860000,83760.000000
29846071,2026-09-30T10:31,83827.080000,0.064400,0.610419,2026-09-30,215.000000,1.072424,0.855368,83829.370000,83811.000000
29846072,2026-09-30T10:32,83841.990000,0.283300,0.710828,2026-09-30,223.000000,1.790727,0.715601,83843.260000,83821.460000
29846073,2026-09-30T10:33,83836.420000,-0.076200,-0.148065,2026-09-30,313.000000,9.701735,0.373681,83852.990000,83826.430000
29846074,2026-09-30T10:34,83841.330000,0.022300,-0.145388,2026-09-30,268.000000,4.467034,0.506507,83842.000000,83821.500000
29846075,2026-09-30T10:35,83830.760000,-0.318600,0.022260,2026-09-30,280.000000,3.036509,0.802907,83852.970000,83823.810000
29846076,2026-09-30T10:36,83845.480000,-0.179400,0.372996,2026-09-30,248.000000,3.542848,0.404396,83847.590000,83829.440000
29846077,2026-09-30T10:37,83880.650000,0.136500,-0.305506,2026-09-30,576.000000,36.123028,0.820994,83900.000000,83845.470000
29846078,2026-09-30T10:38,83883.550000,0.036200,0.641995,2026-09-30,,,,,
29846079,2026-09-30T10:39,83829.170000,-0.147600,0.000000,2026-09-30,160.000000,5.864740,0.663315,83852.990000,83821.530000
29846080,2026-09-30T10:40,83828.210000,-0.178600,0.326638,2026-09-30,258.000000,3.138821,0.314885,83835.470000,83821.540000
29846081,2026-09-30T10:41,83855.510000,-0.073400,-0.375648,2026-09-30,400.000000,10.903405,0.592784,83855.540000,83804.340000
29846082,2026-09-30T10:42,83868.490000,0.644000,0.188503,2026-09-30,270.000000,3.693410,0.278652,83880.790000,83848.240000
29846083,2026-09-30T10:43,83873.990000,-0.038800,-0.442706,2026-09-30,374.000000,18.801298,0.149358,83874.000000,83823.800000
29846084,2026-09-30T10:44,83868.320000,-0.248800,-0.701247,2026-09-30,204.000000,1.998534,0.924936,83877.600000,83859.320000
29846085,2026-09-30T10:45,83840.990000,-0.135200,0.849849,2026-09-30,315.000000,5.637911,0.500050,83881.160000,83836.050000
29846086,2026-09-30T10:46,83838.670000,0.065900,0.000083,2026-09-30,251.000000,4.878305,0.546551,83845.610000,83827.910000
29846087,2026-09-30T10:47,83873.460000,-0.270300,0.093090,2026-09-30,342.000000,5.495419,0.682385,83883.240000,83829.640000
29846088,2026-09-30T10:48,83881.350000,-0.042800,0.364407,2026-09-30,317.000000,7.936512,0.378066,83881.360000,83857.280000
29846089,2026-09-30T10:49,83880.180000,0.501900,-0.229008,2026-09-30,727.000000,9.462073,0.340496,83910.990000,83872.610000
29846090,2026-09-30T10:50,83896.200000,0.385800,-0.332587,2026-09-30,218.000000,1.290429,0.607154,83904.000000,83880.180000
29846091,2026-09-30T10:51,83891.350000,0.162000,0.214309,2026-09-30,624.000000,7.656661,0.277574,83896.200000,83876.310000
29846092,2026-09-30T10:52,83911.520000,-0.035400,-0.429923,2026-09-30,291.000000,4.552577,0.680743,83916.990000,83891.340000
29846093,2026-09-30T10:53,83907.360000,-0.229100,0.350103,2026-09-30,214.000000,4.018153,0.445498,83911.530000,83901.930000
29846094,2026-09-30T10:54,83924.890000,0.758800,-0.109003,2026-09-30,312.000000,3.699580,0.694788,83930.980000,83907.350000
29846095,2026-09-30T10:55,83904.880000,0.114600,0.392229,2026-09-30,304.000000,7.857414,0.507659,83924.890000,83902.760000
29846096,2026-09-30T10:56,83904.300000,-0.432300,0.013165,2026-09-30,345.000000,5.813035,0.509995,83912.270000,83853.000000
29846097,2026-09-30T10:57,83902.140000,-0.347400,0.018575,2026-09-30,175.000000,0.381397,0.552938,83904.310000,83887.710000
29846098,2026-09-30T10:58,83887.040000,-0.180400,0.129684,2026-09-30,213.000000,2.105139,0.338360,83902.200000,83880.000000
29846099,2026-09-30T10:59,83883.360000,-0.145400,-0.319717,2026-09-30,153.000000,0.707756,0.312947,83891.560000,83875.040000
29846100,2026-09-30T11:00,83813.290000,-0.472400,-0.473714,2026-09-30,363.000000,4.401628,0.316647,83883.360000,83808.170000
29846101,2026-09-30T11:01,83745.640000,0.197100,-0.357594,2026-09-30,335.000000,3.422003,0.345459,83813.290000,83734.670000
29846102,2026-09-30T11:02,83732.790000,-0.368600,-0.266747,2026-09-30,276.000000,1.800124,0.300211,83755.130000,83720.910000
29846103,2026-09-30T11:03,83768.850000,-0.209200,-0.454758,2026-09-30,320.000000,3.843612,0.759680,83786.940000,83722.220000
29846104,2026-09-30T11:04,83730.920000,0.321100,0.518764,2026-09-30,260.000000,1.409952,0.352017,83768.850000,83730.020000
29846105,2026-09-30T11:05,83717.330000,-0.244300,-0.295089,2026-09-30,252.000000,1.250739,0.284724,83747.920000,83717.330000
29846106,2026-09-30T11:06,83688.350000,-0.030400,-0.431557,2026-09-30,255.000000,0.923447,0.501750,83717.340000,83678.070000
29846107,2026-09-30T11:07,83676.980000,-0.625500,0.004500,2026-09-30,275.000000,1.296369,0.228418,83688.350000,83654.460000
29846108,2026-09-30T11:08,83716.510000,-0.263800,-0.539336,2026-09-30,392.000000,4.246355,0.870967,83739.510000,83675.290000
29846109,2026-09-30T11:09,83666.420000,-0.124700,0.741688,2026-09-30,224.000000,0.552246,0.524616,83743.940000,83664.120000
29846110,2026-09-30T11:10,83701.290000,-0.310100,0.083850,2026-09-30,225.000000,1.469012,0.764642,83701.300000,83666.420000
29846111,2026-09-30T11:11,83698.260000,-0.608700,0.522493,2026-09-30,244.000000,3.722785,0.760692,83705.990000,83671.980000
29846112,2026-09-30T11:12,83802.360000,-0.342500,0.521385,2026-09-30,282.000000,1.978916,0.863955,83804.390000,83694.970000
29846113,2026-09-30T11:13,83790.010000,-0.387300,0.728336,2026-09-30,312.000000,1.593175,0.731570,83846.000000,83790.000000
29846114,2026-09-30T11:14,83821.490000,0.133300,0.723779,2026-09-30,303.000000,2.436529,0.890189,83821.500000,83778.880000
29846115,2026-09-30T11:15,83800.510000,-0.356700,0.238928,2026-09-30,286.000000,1.766671,0.695414,83832.000000,83800.510000
29846116,2026-09-30T11:16,83798.260000,-0.343800,0.510101,2026-09-30,158.000000,0.348736,0.619512,83805.980000,83795.560000
29846117,2026-09-30T11:17,83765.670000,0.334700,0.238377,2026-09-30,276.000000,2.613768,0.463858,83797.550000,83751.260000
29846118,2026-09-30T11:18,83799.110000,-0.224000,-0.072284,2026-09-30,233.000000,0.729225,0.270542,83799.120000,83769.010000
29846119,2026-09-30T11:19,83704.790000,-0.393100,-0.438154,2026-09-30,353.000000,6.394280,0.083286,83811.000000,83699.230000
29846120,2026-09-30T11:20,83695.620000,0.034900,-0.836262,2026-09-30,308.000000,2.505497,0.337376,83714.720000,83667.040000
29846121,2026-09-30T11:21,83699.860000,-0.237200,-0.325664,2026-09-30,257.000000,1.022703,0.136398,83705.970000,83695.620000
29846122,2026-09-30T11:22,83756.920000,-0.479600,-0.743736,2026-09-30,251.000000,1.051978,0.545880,83756.930000,83698.160000
29846123,2026-09-30T11:23,83842.490000,-0.020000,0.176417,2026-09-30,299.000000,1.237285,0.608035,83839.430000,83753.690000
29846124,2026-09-30T11:24,83811.170000,-0.259000,0.214697,2026-09-30,217.000000,1.331172,0.072236,83858.140000,83811.160000
29846125,2026-09-30T11:25,83832.360000,-0.158800,-0.861646,2026-09-30,231.000000,1.086541,0.739652,83840.990000,83800.510000
29846126,2026-09-30T11:26,83821.510000,-0.360500,0.676895,2026-09-30,182.000000,0.905801,0.789741,83850.000000,83821.500000
29846127,2026-09-30T11:27,83807.640000,-0.615800,0.187628,2026-09-30,178.000000,0.872249,0.503020,83828.100000,83801.030000
29846128,2026-09-30T11:28,83819.240000,-0.368800,0.076461,2026-09-30,223.000000,0.658941,0.730707,83822.390000,83802.310000
29846129,2026-09-30T11:29,83815.140000,-0.443000,0.350287,2026-09-30,191.000000,0.413955,0.198496,83837.990000,83811.070000
29846130,2026-09-30T11:30,83788.990000,-0.563800,-0.534087,2026-09-30,218.000000,2.412622,0.313084,83815.150000,83784.000000
29846131,2026-09-30T11:31,83727.010000,-0.506000,-0.375128,2026-09-30,427.000000,11.558533,0.175341,83789.000000,83706.010000
29846132,2026-09-30T11:32,83727.080000,-0.519800,-0.649316,2026-09-30,337.000000,4.493492,0.386934,83733.720000,83707.030000
29846133,2026-09-30T11:33,83752.990000,-0.389200,-0.226132,2026-09-30,237.000000,3.237186,0.987681,83757.980000,83727.080000
29846134,2026-09-30T11:34,83778.080000,-0.156500,0.974802,2026-09-30,182.000000,0.791540,0.262291,83789.320000,83752.980000
29846135,2026-09-30T11:35,83796.350000,-0.327400,-0.474903,2026-09-30,158.000000,0.300848,0.752004,83796.350000,83778.080000
29846136,2026-09-30T11:36,83780.860000,-0.299200,0.505060,2026-09-30,330.000000,2.507529,0.295981,83799.970000,83756.000000
29846137,2026-09-30T11:37,83805.210000,-0.190600,-0.403750,2026-09-30,333.000000,2.638026,0.254168,83813.540000,83776.340000
29846138,2026-09-30T11:38,83841.490000,-0.457700,-0.496137,2026-09-30,224.000000,1.460371,0.885872,83852.330000,83805.200000
29846139,2026-09-30T11:39,83872.020000,-0.276300,0.770754,2026-09-30,328.000000,3.592750,0.217480,83872.020000,83820.340000
29846140,2026-09-30T11:40,83913.700000,-0.479600,-0.590619,2026-09-30,363.000000,7.537573,0.851823,83913.700000,83854.040000
29846141,2026-09-30T11:41,83899.510000,-0.210000,0.671069,2026-09-30,345.000000,5.878157,0.377585,83954.310000,83895.180000
29846142,2026-09-30T11:42,83896.420000,-0.423600,-0.193492,2026-09-30,378.000000,4.048904,0.596502,83902.690000,83868.440000
29846143,2026-09-30T11:43,83934.620000,-0.567000,0.193004,2026-09-30,308.000000,1.835591,0.600852,83945.670000,83897.510000
29846144,2026-09-30T11:44,83905.480000,0.075000,0.201704,2026-09-30,342.000000,2.101731,0.541531,83934.630000,83887.930000
29846145,2026-09-30T11:45,83884.400000,-0.265900,0.083061,2026-09-30,298.000000,2.291368,0.295255,83913.350000,83879.060000
29846146,2026-09-30T11:46,83908.860000,-0.488800,-0.409414,2026-09-30,434.000000,9.754144,0.661140,83949.990000,83852.090000
29846147,2026-09-30T11:47,83873.100000,-0.055100,0.322471,2026-09-30,485.000000,9.111587,0.213946,83908.860000,83819.220000
29846148,2026-09-30T11:48,83854.490000,-0.605900,-0.572602,2026-09-30,302.000000,1.840739,0.628515,83871.450000,83840.070000
29846149,2026-09-30T11:49,83872.730000,-0.432600,0.259298,2026-09-30,280.000000,0.827519,0.788294,83875.140000,83834.850000
29846150,2026-09-30T11:50,83833.580000,-0.379900,0.531868,2026-09-30,290.000000,1.163669,0.630320,83872.130000,83830.730000
29846151,2026-09-30T11:51,83821.210000,-0.348300,0.284055,2026-09-30,281.000000,1.565282,0.268526,83846.280000,83805.450000
29846152,2026-09-30T11:52,83804.420000,-0.176300,-0.462947,2026-09-30,218.000000,1.410144,0.306609,83821.220000,83800.030000
29846153,2026-09-30T11:53,83808.570000,-0.327500,-0.383838,2026-09-30,208.000000,0.624419,0.753521,83832.970000,83804.420000
29846154,2026-09-30T11:54,83797.820000,-0.306200,0.458071,2026-09-30,60.000000,0.503372,0.838652,83800.010000,83788.710000
29846155,2026-09-30T11:55,83793.540000,-0.258900,0.770582,2026-09-30,160.000000,0.373057,0.274068,83803.120000,83787.600000
29846156,2026-09-30T11:56,83815.510000,-0.233000,-0.451864,2026-09-30,214.000000,0.993139,0.593474,83830.530000,83794.340000
29846157,2026-09-30T11:57,83828.800000,-0.261400,0.186824,2026-09-30,168.000000,0.398782,0.450879,83832.710000,83815.500000
29846158,2026-09-30T11:58,83836.020000,-0.035500,-0.099253,2026-09-30,211.000000,1.423328,0.121823,83836.580000,83804.200000
29846159,2026-09-30T11:59,83879.170000,-0.349700,-0.333703,2026-09-30,294.000000,6.333257,0.862305,83890.220000,83836.020000
29846160,2026-09-30T12:00,83908.980000,-0.181400,0.696689,2026-09-30,336.000000,2.214629,0.379095,83920.310000,83863.100000
29846161,2026-09-30T12:01,83870.350000,-0.092000,-0.234873,2026-09-30,317.000000,2.749910,0.107440,83912.740000,83858.100000
29846162,2026-09-30T12:02,83819.040000,-0.510800,-0.777955,2026-09-30,350.000000,3.817395,0.116692,83871.900000,83815.600000
29846163,2026-09-30T12:03,83802.150000,-0.147100,-0.760495,2026-09-30,264.000000,1.837430,0.403153,83838.550000,83797.030000
29846164,2026-09-30T12:04,83802.320000,0.446900,-0.202924,2026-09-30,206.000000,0.810027,0.202619,83829.250000,83798.080000
29846165,2026-09-30T12:05,83780.400000,-0.489900,-0.536458,2026-09-30,241.000000,0.740013,0.452202,83812.910000,83777.340000
29846166,2026-09-30T12:06,83745.020000,-0.104700,-0.142761,2026-09-30,193.000000,1.020005,0.136228,83780.410000,83741.150000
29846167,2026-09-30T12:07,83774.490000,-0.475400,-0.746471,2026-09-30,313.000000,2.247184,0.290785,83774.500000,83722.630000
29846168,2026-09-30T12:08,83765.860000,-0.113000,-0.399274,2026-09-30,250.000000,1.033876,0.688819,83774.500000,83748.960000
29846169,2026-09-30T12:09,83768.490000,-0.046600,0.377034,2026-09-30,230.000000,0.642516,0.446396,83776.450000,83752.980000
29846170,2026-09-30T12:10,83789.710000,0.203200,-0.097582,2026-09-30,278.000000,0.784567,0.380932,83793.000000,83768.490000
29846171,2026-09-30T12:11,83794.700000,-0.217500,-0.247005,2026-09-30,260.000000,0.834417,0.344573,83798.430000,83777.860000
29846172,2026-09-30T12:12,83813.610000,0.117100,-0.338335,2026-09-30,246.000000,0.793505,0.377882,83812.260000,83790.000000
29846173,2026-09-30T12:13,83808.520000,0.260900,-0.206161,2026-09-30,313.000000,0.833679,0.435835,83843.330000,83805.440000
29846174,2026-09-30T12:14,83848.930000,0.201600,-0.131676,2026-09-30,328.000000,1.895837,0.663759,83849.020000,83803.730000
29846175,2026-09-30T12:15,83777.010000,-0.050800,0.327513,2026-09-30,373.000000,4.673031,0.097872,83848.940000,83759.330000
29846176,2026-09-30T12:16,83749.480000,-0.198800,-0.804257,2026-09-30,362.000000,2.436631,0.263799,83777.010000,83719.000000
29846177,2026-09-30T12:17,83764.490000,0.009500,-0.472401,2026-09-30,308.000000,1.512633,0.582883,83776.080000,83724.720000
29846178,2026-09-30T12:18,83776.120000,0.002400,0.179369,2026-09-30,252.000000,1.182519,0.573174,83782.370000,83758.940000
29846179,2026-09-30T12:19,83756.170000,0.611300,0.060377,2026-09-30,277.000000,1.081577,0.362450,83787.600000,83756.160000
29846180,2026-09-30T12:20,83734.120000,0.063200,0.010724,2026-09-30,319.000000,4.448951,0.118409,83778.710000,83716.430000
29846181,2026-09-30T12:21,83799.580000,0.105200,-0.771352,2026-09-30,279.000000,1.376708,0.805305,83799.590000,83734.130000
29846182,2026-09-30T12:22,83881.920000,-0.147900,0.537638,2026-09-30,383.000000,2.876630,0.522958,83886.240000,83795.490000
29846183,2026-09-30T12:23,83812.400000,-0.424000,0.045916,2026-09-30,453.000000,2.602433,0.691229,83892.400000,83812.400000
29846184,2026-09-30T12:24,83866.920000,0.168400,0.382623,2026-09-30,364.000000,2.914425,0.774482,83877.860000,83811.380000
29846185,2026-09-30T12:25,83876.230000,-0.041400,0.552053,2026-09-30,386.000000,3.267466,0.685392,83906.890000,83851.730000
29846186,2026-09-30T12:26,83853.860000,0.091300,0.369158,2026-09-30,311.000000,2.145886,0.107274,83897.750000,83853.860000
29846187,2026-09-30T12:27,83863.700000,0.476400,-0.798140,2026-09-30,331.000000,1.497065,0.611568,83874.760000,83846.940000
29846188,2026-09-30T12:28,83895.860000,0.450300,0.223135,2026-09-30,307.000000,0.938506,0.388453,83902.980000,83843.460000
29846189,2026-09-30T12:29,83902.880000,-0.151600,-0.165151,2026-09-30,442.000000,3.181690,0.627182,83942.180000,83842.070000
29846190,2026-09-30T12:30,84230.520000,0.234900,0.078996,2026-09-30,1357.000000,46.931326,0.602817,84238.230000,83850.480000
29846191,2026-09-30T12:31,84438.120000,-0.059000,0.218206,2026-09-30,1113.000000,44.180454,0.711523,84482.140000,84204.190000
29846192,2026-09-30T12:32,84384.960000,0.081100,0.425537,2026-09-30,635.000000,10.899199,0.531100,84455.420000,84364.000000
29846193,2026-09-30T12:33,84253.930000,0.127900,0.053665,2026-09-30,569.000000,7.647739,0.389249,84384.960000,84250.320000
29846194,2026-09-30T12:34,84457.350000,0.156800,-0.217358,2026-09-30,504.000000,9.830641,0.377599,84467.020000,84238.240000
29846195,2026-09-30T12:35,84714.330000,-0.092000,-0.251966,2026-09-30,1504.000000,58.740049,0.710362,84810.000000,84445.800000
29846196,2026-09-30T12:36,84553.860000,-0.123700,0.422251,2026-09-30,550.000000,6.330391,0.281979,84730.760000,84552.660000
29846197,2026-09-30T12:37,84594.570000,-0.261600,-0.425965,2026-09-30,505.000000,6.768530,0.494556,84633.100000,84501.000000
29846198,2026-09-30T12:38,84712.510000,-0.116400,-0.015232,2026-09-30,574.000000,14.053857,0.565391,84776.370000,84587.790000
29846199,2026-09-30T12:39,84804.150000,0.051200,0.165241,2026-09-30,535.000000,9.599166,0.540464,84848.840000,84683.760000
29846200,2026-09-30T12:40,85020.860000,0.073000,0.029859,2026-09-30,1894.000000,119.879552,0.639296,85040.540000,84804.160000
29846201,2026-09-30T12:41,84878.620000,0.058200,0.253493,2026-09-30,1013.000000,35.389293,0.493213,85007.010000,84847.500000
29846202,2026-09-30T12:42,84787.900000,0.113200,0.071723,2026-09-30,739.000000,23.790858,0.409151,84908.960000,84762.240000
29846203,2026-09-30T12:43,84893.490000,-0.058200,-0.209038,2026-09-30,585.000000,11.207919,0.704303,84898.480000,84787.900000
29846204,2026-09-30T12:44,84788.670000,0.076000,0.424591,2026-09-30,454.000000,7.508226,0.585608,84894.770000,84785.640000
29846205,2026-09-30T12:45,84940.400000,0.225500,0.176550,2026-09-30,581.000000,22.156640,0.865301,84971.820000,84786.000000
29846206,2026-09-30T12:46,84867.040000,-0.032500,0.737753,2026-09-30,594.000000,13.426434,0.511282,84966.060000,84867.040000
29846207,2026-09-30T12:47,84861.620000,0.191200,-0.061146,2026-09-30,715.000000,13.965883,0.701215,84914.820000,84702.000000
29846208,2026-09-30T12:48,85056.100000,-0.187400,0.422242,2026-09-30,876.000000,41.101006,0.847726,85087.950000,84862.550000
29846209,2026-09-30T12:49,85102.760000,-0.083300,0.682229,2026-09-30,1048.000000,32.546583,0.537437,85186.300000,85022.820000
29846210,2026-09-30T12:50,85405.820000,-0.032000,0.094974,2026-09-30,1632.000000,46.531187,0.718027,85421.090000,85098.150000
29846211,2026-09-30T12:51,85426.400000,0.200400,0.427555,2026-09-30,922.000000,37.674543,0.692345,85453.510000,85265.280000
29846212,2026-09-30T12:52,85404.210000,0.050500,0.385496,2026-09-30,848.000000,43.244509,0.499398,85458.290000,85359.600000
29846213,2026-09-30T12:53,85368.390000,0.025500,0.018074,2026-09-30,646.000000,26.573064,0.562483,85444.260000,85348.030000
29846214,2026-09-30T12:54,85451.990000,-0.271900,0.097038,2026-09-30,835.000000,34.918619,0.568990,85512.920000,85365.530000
29846215,2026-09-30T12:55,85472.010000,-0.068400,0.137977,2026-09-30,550.000000,15.936726,0.598553,85493.000000,85401.520000
29846216,2026-09-30T12:56,85416.230000,0.044300,0.194649,2026-09-30,646.000000,19.957248,0.734859,85488.790000,85350.490000
29846217,2026-09-30T12:57,85421.800000,0.354700,0.471767,2026-09-30,605.000000,28.114881,0.507936,85461.310000,85401.450000
29846218,2026-09-30T12:58,85290.460000,0.214100,0.016209,2026-09-30,535.000000,13.523052,0.387705,85430.000000,85282.390000
29846219,2026-09-30T12:59,85258.290000,0.177400,-0.224590,2026-09-30,489.000000,17.125075,0.547705,85314.550000,85254.800000
29846220,2026-09-30T13:00,85219.980000,0.392000,0.152957,2026-09-30,614.000000,18.541256,0.327167,85303.780000,85208.560000
29846221,2026-09-30T13:01,85123.830000,0.161500,-0.483510,2026-09-30,643.000000,8.097419,0.656035,85246.570000,85113.000000
29846222,2026-09-30T13:02,85140.070000,-0.067300,0.319981,2026-09-30,575.000000,15.450471,0.403164,85163.740000,85065.250000
29846223,2026-09-30T13:03,85211.830000,-0.094600,-0.200988,2026-09-30,525.000000,19.887180,0.708509,85216.450000,85084.560000
29846224,2026-09-30T13:04,85208.420000,0.111200,0.418059,2026-09-30,506.000000,8.953466,0.747159,85224.930000,85170.960000
29846225,2026-09-30T13:05,85225.200000,0.154800,0.494286,2026-09-30,462.000000,5.979114,0.403177,85240.100000,85170.960000
29846226,2026-09-30T13:06,85276.350000,0.050900,-0.193619,2026-09-30,573.000000,15.202318,0.615659,85384.000000,85207.010000
29846227,2026-09-30T13:07,85244.330000,-0.095700,0.222220,2026-09-30,434.000000,3.482643,0.354551,85338.590000,85242.340000
29846228,2026-09-30T13:08,85337.260000,0.036300,-0.267349,2026-09-30,487.000000,8.065133,0.730044,85376.130000,85245.100000
29846229,2026-09-30T13:09,85571.150000,-0.151000,0.459827,2026-09-30,1132.000000,36.867736,0.638710,85613.720000,85335.310000
29846230,2026-09-30T13:10,85477.400000,0.417000,0.277357,2026-09-30,590.000000,14.825203,0.611508,85561.810000,85434.550000
29846231,2026-09-30T13:11,85549.530000,0.226800,0.192041,2026-09-30,490.000000,8.720329,0.626968,85592.950000,85443.440000
29846232,2026-09-30T13:12,85475.790000,-0.208300,0.322176,2026-09-30,400.000000,5.504465,0.444426,85562.420000,85457.560000
29846233,2026-09-30T13:13,85387.180000,0.218500,-0.135831,2026-09-30,535.000000,9.518603,0.552593,85471.650000,85384.010000
29846234,2026-09-30T13:14,85366.790000,0.298000,-0.014680,2026-09-30,507.000000,10.908251,0.549191,85397.370000,85345.280000
29846235,2026-09-30T13:15,85403.510000,0.139900,0.241652,2026-09-30,650.000000,22.860501,0.462846,85426.210000,85355.040000
29846236,2026-09-30T13:16,85456.010000,0.566800,-0.075264,2026-09-30,667.000000,25.699165,0.453801,85479.610000,85369.180000
29846237,2026-09-30T13:17,85421.370000,0.141200,-0.091460,2026-09-30,620.000000,15.907927,0.560364,85508.400000,85378.250000
29846238,2026-09-30T13:18,85381.290000,0.088400,0.117514,2026-09-30,375.000000,7.015299,0.354941,85422.070000,85380.560000
29846239,2026-09-30T13:19,85280.850000,0.344500,-0.284925,2026-09-30,579.000000,27.126975,0.141898,85381.290000,85242.830000
29846240,2026-09-30T13:20,85320.760000,-0.109200,-0.716581,2026-09-30,396.000000,2.791277,0.700133,85325.360000,85265.590000
29846241,2026-09-30T13:21,85306.610000,-0.554400,0.426382,2026-09-30,377.000000,8.000280,0.305324,85349.110000,85266.340000
29846242,2026-09-30T13:22,85274.860000,0.676000,-0.389152,2026-09-30,441.000000,5.919823,0.586244,85353.580000,85273.440000
29846243,2026-09-30T13:23,85277.420000,0.244600,0.155023,2026-09-30,514.000000,8.885535,0.636585,85316.670000,85269.060000
29846244,2026-09-30T13:24,85300.010000,0.059500,0.272484,2026-09-30,472.000000,6.365053,0.751023,85322.290000,85267.820000
29846245,2026-09-30T13:25,85273.860000,0.155500,0.031106,2026-09-30,417.000000,6.610482,0.385900,85307.200000,85262.420000
29846246,2026-09-30T13:26,85321.070000,-0.260600,0.318484,2026-09-30,353.000000,2.451912,0.733625,85325.200000,85273.870000
29846247,2026-09-30T13:27,85283.520000,-0.495800,0.633818,2026-09-30,361.000000,4.140655,0.536525,85326.610000,85260.120000
29846248,2026-09-30T13:28,85142.010000,0.167100,0.070850,2026-09-30,599.000000,25.078364,0.072767,85281.380000,85134.990000
29846249,2026-09-30T13:29,85162.670000,-0.450200,-0.830454,2026-09-30,510.000000,11.557286,0.287494,85171.030000,85129.040000
29846250,2026-09-30T13:30,85320.330000,-0.061500,-0.472606,2026-09-30,565.000000,11.831331,0.468386,85322.990000,85125.000000
29846251,2026-09-30T13:31,85498.810000,-0.114700,0.016183,2026-09-30,702.000000,14.639253,0.372524,85506.310000,85309.330000
29846252,2026-09-30T13:32,85342.420000,-0.448400,-0.264520,2026-09-30,640.000000,16.111599,0.499728,85536.230000,85317.950000
29846253,2026-09-30T13:33,85231.760000,-0.192400,0.005291,2026-09-30,550.000000,11.684961,0.270046,85355.540000,85222.950000
29846254,2026-09-30T13:34,85195.320000,-0.126400,-0.456265,2026-09-30,569.000000,17.052548,0.664005,85296.720000,85186.410000
29846255,2026-09-30T13:35,84806.690000,-0.166100,0.268701,2026-09-30,927.000000,32.207860,0.274707,85197.980000,84725.610000
29846256,2026-09-30T13:36,84738.240000,-0.052300,-0.434971,2026-09-30,1096.000000,37.637969,0.449101,84805.200000,84590.430000
29846257,2026-09-30T13:37,84595.140000,-0.461900,-0.102502,2026-09-30,1155.000000,38.157169,0.680366,84779.060000,84538.730000
29846258,2026-09-30T13:38,84381.290000,-0.280900,0.353052,2026-09-30,1396.000000,63.253340,0.354503,84615.510000,84261.640000
29846259,2026-09-30T13:39,84217.290000,0.016100,-0.296174,2026-09-30,1505.000000,51.326720,0.659148,84395.440000,84146.400000
29846260,2026-09-30T13:40,84048.240000,-0.534400,0.333844,2026-09-30,1114.000000,28.960049,0.436831,84350.990000,83974.750000
29846261,2026-09-30T13:41,84214.930000,0.336300,-0.129860,2026-09-30,977.000000,22.309335,0.559220,84238.240000,84008.680000
29846262,2026-09-30T13:42,84445.210000,-0.502100,0.108640,2026-09-30,567.000000,11.935963,0.436239,84448.210000,84206.590000
29846263,2026-09-30T13:43,84417.850000,0.007300,-0.106959,2026-09-30,1024.000000,41.135916,0.652206,84563.840000,84405.920000
29846264,2026-09-30T13:44,84482.880000,-0.163600,0.304446,2026-09-30,525.000000,10.045163,0.262356,84486.200000,84372.000000
29846265,2026-09-30T13:45,84377.330000,-0.203700,-0.485039,2026-09-30,511.000000,5.703877,0.328214,84531.670000,84349.990000
29846266,2026-09-30T13:46,84567.370000,-0.194200,-0.315002,2026-09-30,478.000000,7.260612,0.473318,84569.930000,84364.000000
29846267,2026-09-30T13:47,84625.990000,-0.668800,-0.058123,2026-09-30,571.000000,11.671378,0.428392,84650.800000,84521.200000
29846268,2026-09-30T13:48,84479.380000,0.238100,-0.143593,2026-09-30,650.000000,14.719318,0.273941,84637.070000,84470.000000
29846269,2026-09-30T13:49,84578.770000,0.130500,-0.451815,2026-09-30,517.000000,11.323955,0.337386,84649.830000,84442.380000
29846270,2026-09-30T13:50,84547.310000,-0.349200,-0.325237,2026-09-30,507.000000,9.477140,0.399888,84620.990000,84500.380000
29846271,2026-09-30T13:51,84662.720000,-0.423000,-0.200163,2026-09-30,513.000000,7.670369,0.292195,84714.310000,84546.600000
29846272,2026-09-30T13:52,84551.140000,-0.602900,-0.418557,2026-09-30,543.000000,6.346543,0.253111,84658.630000,84537.550000
29846273,2026-09-30T13:53,84644.040000,-0.145000,-0.490739,2026-09-30,484.000000,7.636749,0.499942,84646.960000,84477.010000
29846274,2026-09-30T13:54,84552.770000,-0.565700,0.000191,2026-09-30,484.000000,8.062866,0.226525,84644.610000,84531.680000
29846275,2026-09-30T13:55,84552.640000,-0.644000,-0.340930,2026-09-30,552.000000,11.305815,0.485811,84641.420000,84521.500000
29846276,2026-09-30T13:56,84516.820000,-0.460100,-0.155184,2026-09-30,491.000000,10.054424,0.638589,84583.290000,84485.260000
29846277,2026-09-30T13:57,84483.760000,-0.345200,0.284703,2026-09-30,471.000000,4.389140,0.513771,84563.110000,84433.670000
29846278,2026-09-30T13:58,84498.390000,-0.395200,0.062397,2026-09-30,440.000000,4.094237,0.327946,84502.580000,84427.520000
29846279,2026-09-30T13:59,84608.180000,-0.192800,-0.424216,2026-09-30,520.000000,13.244395,0.750788,84614.290000,84489.760000
29846280,2026-09-30T14:00,84437.390000,-0.422100,0.503683,2026-09-30,541.000000,11.193278,0.366293,84612.250000,84409.950000
29846281,2026-09-30T14:01,84335.140000,-0.616400,-0.270893,2026-09-30,515.000000,8.163510,0.222908,84534.780000,84291.620000
29846282,2026-09-30T14:02,84364.010000,-0.449900,-0.514189,2026-09-30,602.000000,10.057914,0.480400,84405.480000,84250.000000
29846283,2026-09-30T14:03,84420.900000,-0.366400,-0.057838,2026-09-30,440.000000,7.115453,0.669814,84427.300000,84338.770000
29846284,2026-09-30T14:04,84536.860000,-0.493100,0.338096,2026-09-30,521.000000,5.683792,0.676423,84592.100000,84421.800000
29846285,2026-09-30T14:05,84536.790000,-0.411600,0.301900,2026-09-30,514.000000,10.711797,0.743186,84541.110000,84473.920000
29846286,2026-09-30T14:06,84506.200000,-0.603100,0.517935,2026-09-30,491.000000,7.109421,0.427403,84611.560000,84500.240000
29846287,2026-09-30T14:07,84318.400000,-0.555000,-0.147174,2026-09-30,549.000000,10.170603,0.414943,84504.160000,84311.600000
29846288,2026-09-30T14:08,84347.820000,-0.108200,-0.173309,2026-09-30,577.000000,10.834016,0.626308,84353.510000,84227.760000
29846289,2026-09-30T14:09,84350.270000,-0.586100,0.231071,2026-09-30,458.000000,15.138074,0.636176,84371.610000,84280.160000
29846290,2026-09-30T14:10,84262.860000,-0.406700,0.290081,2026-09-30,512.000000,23.501547,0.658884,84371.990000,84230.340000
29846291,2026-09-30T14:11,84207.880000,0.179000,0.278314,2026-09-30,706.000000,33.158535,0.580210,84262.860000,84091.520000
29846292,2026-09-30T14:12,84348.020000,0.109100,0.174434,2026-09-30,645.000000,27.390048,0.843821,84405.250000,84204.760000
29846293,2026-09-30T14:13,84324.800000,-0.256800,0.703512,2026-09-30,762.000000,31.652718,0.692023,84483.110000,84298.780000
29846294,2026-09-30T14:14,84302.240000,-0.536400,0.269388,2026-09-30,498.000000,20.266098,0.357054,84357.370000,84295.880000
29846295,2026-09-30T14:15,84260.230000,-0.514600,-0.168594,2026-09-30,572.000000,18.767726,0.795776,84322.080000,84206.780000
29846296,2026-09-30T14:16,84166.080000,-0.763700,0.591551,2026-09-30,538.000000,22.295704,0.681445,84264.580000,84113.920000
29846297,2026-09-30T14:17,84077.040000,-0.764800,0.363227,2026-09-30,533.000000,15.516557,0.636404,84215.700000,84071.420000
29846298,2026-09-30T14:18,84054.570000,-0.537400,0.272253,2026-09-30,707.000000,30.178417,0.213747,84114.440000,83945.260000
29846299,2026-09-30T14:19,84076.290000,-0.516000,-0.572896,2026-09-30,554.000000,8.361480,0.273965,84084.000000,83965.200000
29846300,2026-09-30T14:20,84094.020000,-0.622200,-0.454017,2026-09-30,554.000000,9.984578,0.498530,84094.500000,84010.500000
29846301,2026-09-30T14:21,84042.010000,-0.230200,0.029907,2026-09-30,543.000000,12.669964,0.585440,84140.050000,84026.510000
29846302,2026-09-30T14:22,83811.230000,-0.121700,0.151934,2026-09-30,803.000000,22.414964,0.275232,84035.990000,83801.050000
29846303,2026-09-30T14:23,83829.890000,-0.580600,-0.446410,2026-09-30,922.000000,27.123877,0.362555,83829.890000,83603.420000
29846304,2026-09-30T14:24,83844.140000,-0.612900,-0.270761,2026-09-30,584.000000,9.667350,0.525621,83859.830000,83779.500000
29846305,2026-09-30T14:25,83911.450000,-0.561100,0.037988,2026-09-30,439.000000,4.541777,0.407414,83930.300000,83844.150000
29846306,2026-09-30T14:26,83901.240000,-0.593400,-0.189528,2026-09-30,462.000000,7.422390,0.297127,83960.960000,83859.950000
29846307,2026-09-30T14:27,83708.110000,-0.320200,-0.406107,2026-09-30,596.000000,9.276132,0.415843,83901.240000,83685.370000
29846308,2026-09-30T14:28,83646.950000,-0.802100,-0.144570,2026-09-30,764.000000,12.718239,0.467887,83756.160000,83630.400000
29846309,2026-09-30T14:29,83724.860000,-0.610700,-0.083798,2026-09-30,604.000000,14.619116,0.738327,83727.690000,83609.450000
29846310,2026-09-30T14:30,83754.100000,-0.840700,0.462494,2026-09-30,536.000000,8.145013,0.609886,83792.870000,83669.630000
29846311,2026-09-30T14:31,83692.020000,-0.572200,0.249324,2026-09-30,556.000000,10.541588,0.496098,83787.590000,83681.380000
29846312,2026-09-30T14:32,83406.490000,-0.156400,-0.046998,2026-09-30,1349.000000,47.884905,0.233091,83699.990000,83308.560000
29846313,2026-09-30T14:33,83510.460000,0.417900,-0.531501,2026-09-30,1017.000000,26.656295,0.537608,83516.650000,83326.480000
29846314,2026-09-30T14:34,83401.930000,-0.330100,0.069848,2026-09-30,731.000000,16.803222,0.513097,83552.990000,83379.890000
29846315,2026-09-30T14:35,83407.720000,-0.525500,-0.003516,2026-09-30,704.000000,15.282101,0.450717,83469.920000,83317.500000
29846316,2026-09-30T14:36,83407.290000,0.236100,-0.056337,2026-09-30,617.000000,9.380350,0.364901,83530.940000,83390.150000
29846317,2026-09-30T14:37,83606.260000,-0.423800,-0.263097,2026-09-30,629.000000,12.516667,0.607971,83636.140000,83401.310000
29846318,2026-09-30T14:38,83684.290000,-0.682000,0.222613,2026-09-30,656.000000,11.830722,0.520193,83687.630000,83570.010000
29846319,2026-09-30T14:39,83576.210000,0.149800,0.014903,2026-09-30,527.000000,4.808047,0.343010,83682.620000,83567.540000
29846320,2026-09-30T14:40,83563.080000,-0.026500,-0.515162,2026-09-30,579.000000,13.656851,0.468725,83578.000000,83452.240000
29846321,2026-09-30T14:41,83618.240000,-0.412600,0.105076,2026-09-30,480.000000,6.903120,0.625142,83609.440000,83462.720000
29846322,2026-09-30T14:42,83651.360000,-0.358800,0.262054,2026-09-30,373.000000,5.012281,0.592374,83684.260000,83588.480000
29846323,2026-09-30T14:43,83570.260000,0.221500,0.182967,2026-09-30,474.000000,6.430229,0.368626,83711.850000,83537.580000
29846324,2026-09-30T14:44,83504.570000,-0.319300,-0.262429,2026-09-30,404.000000,3.835487,0.567918,83567.520000,83489.280000
29846325,2026-09-30T14:45,83560.110000,-0.337200,0.098378,2026-09-30,426.000000,6.307686,0.578525,83603.420000,83489.280000
29846326,2026-09-30T14:46,83601.710000,-0.082200,0.181496,2026-09-30,410.000000,6.072731,0.621214,83605.600000,83526.690000
29846327,2026-09-30T14:47,83671.170000,0.299900,0.242632,2026-09-30,518.000000,13.942709,0.823796,83687.050000,83561.860000
29846328,2026-09-30T14:48,83676.120000,-0.588300,0.647339,2026-09-30,516.000000,12.294726,0.393221,83771.050000,83661.840000
29846329,2026-09-30T14:49,83693.270000,-0.437200,-0.213129,2026-09-30,390.000000,2.648752,0.343417,83700.080000,83625.090000
29846330,2026-09-30T14:50,83693.200000,-0.096000,-0.314981,2026-09-30,486.000000,16.259502,0.209838,83719.450000,83625.080000
29846331,2026-09-30T14:51,83694.210000,-0.863900,-0.574422,2026-09-30,572.000000,17.965842,0.748801,83790.080000,83663.510000
29846332,2026-09-30T14:52,83760.420000,-0.521800,0.495894,2026-09-30,529.000000,14.597644,0.796516,83848.390000,83689.440000
29846333,2026-09-30T14:53,83766.640000,-0.563400,0.593111,2026-09-30,464.000000,7.789033,0.325799,83836.470000,83749.830000
29846334,2026-09-30T14:54,83817.580000,-0.376200,-0.335054,2026-09-30,753.000000,23.200442,0.762120,83854.310000,83716.040000
29846335,2026-09-30T14:55,83919.740000,-0.233700,0.522510,2026-09-30,1007.000000,21.885250,0.739377,83944.000000,83817.290000
29846336,2026-09-30T14:56,83840.790000,-0.557600,0.435101,2026-09-30,701.000000,27.252320,0.652616,83967.600000,83837.060000
29846337,2026-09-30T14:57,83837.380000,-0.598400,0.340903,2026-09-30,365.000000,4.545929,0.650001,83887.800000,83830.710000
29846338,2026-09-30T14:58,83766.640000,-0.348700,0.281285,2026-09-30,331.000000,4.902835,0.195435,83841.490000,83766.640000
29846339,2026-09-30T14:59,83754.460000,-0.386700,-0.609031,2026-09-30,323.000000,2.574277,0.353399,83800.000000,83745.830000
29846340,2026-09-30T15:00,83785.960000,0.468300,-0.706759,2026-09-30,467.000000,6.504381,0.287212,83798.080000,83695.040000
29846341,2026-09-30T15:01,83791.960000,-0.471800,0.403444,2026-09-30,488.000000,15.465974,0.077631,83801.500000,83672.320000
29846342,2026-09-30T15:02,83723.150000,-0.514700,-0.844738,2026-09-30,398.000000,3.528149,0.410401,83797.160000,83698.150000
29846343,2026-09-30T15:03,83873.740000,-0.704800,-0.187789,2026-09-30,596.000000,23.306825,0.354374,83891.870000,83696.350000
29846344,2026-09-30T15:04,83850.510000,-0.304100,-0.303358,2026-09-30,530.000000,9.814911,0.417519,83876.430000,83785.830000
29846345,2026-09-30T15:05,83860.960000,-0.539700,-0.180820,2026-09-30,386.000000,2.851731,0.257093,83905.990000,83837.360000
29846346,2026-09-30T15:06,83868.740000,-0.400700,-0.338892,2026-09-30,543.000000,20.657123,0.668448,83868.740000,83784.560000
29846347,2026-09-30T15:07,83848.580000,0.274800,0.329286,2026-09-30,368.000000,2.141949,0.231960,83881.920000,83827.380000
29846348,2026-09-30T15:08,83833.760000,-0.521000,-0.749426,2026-09-30,408.000000,6.844718,0.284091,83857.930000,83810.980000
29846349,2026-09-30T15:09,83884.700000,-0.560300,-0.127487,2026-09-30,461.000000,8.993123,0.434992,83902.880000,83829.520000
29846350,2026-09-30T15:10,83892.760000,-0.579900,-0.129709,2026-09-30,509.000000,5.970795,0.566947,83942.990000,83872.510000
29846351,2026-09-30T15:11,83881.930000,-0.387300,0.126571,2026-09-30,444.000000,7.263674,0.231797,83959.990000,83881.920000
29846352,2026-09-30T15:12,83879.040000,-0.373300,-0.483689,2026-09-30,605.000000,14.741642,0.157257,83909.440000,83783.860000
29846353,2026-09-30T15:13,83902.890000,-0.526600,-0.712443,2026-09-30,389.000000,3.163305,0.331323,83949.510000,83879.040000
29846354,2026-09-30T15:14,83894.420000,-0.456200,-0.345811,2026-09-30,387.000000,3.017263,0.442268,83955.270000,83881.920000
29846355,2026-09-30T15:15,83927.710000,-0.228400,-0.111387,2026-09-30,425.000000,5.006756,0.588392,83944.800000,83873.840000
29846356,2026-09-30T15:16,83974.080000,0.209700,0.166649,2026-09-30,448.000000,5.938408,0.588311,83977.000000,83895.590000
29846357,2026-09-30T15:17,83836.460000,-0.170600,0.153133,2026-09-30,457.000000,3.921617,0.227849,83974.080000,83829.350000
29846358,2026-09-30T15:18,83726.440000,-0.154400,-0.553095,2026-09-30,355.000000,3.263777,0.177011,83836.470000,83724.720000
29846359,2026-09-30T15:19,83762.330000,0.126500,-0.591613,2026-09-30,536.000000,10.935831,0.636165,83787.590000,83696.690000
29846360,2026-09-30T15:20,83818.760000,-0.443900,0.265895,2026-09-30,400.000000,2.691911,0.463724,83833.690000,83731.160000
29846361,2026-09-30T15:21,83860.960000,0.009800,-0.058814,2026-09-30,326.000000,2.795611,0.712870,83860.950000,83793.030000
29846362,2026-09-30T15:22,83821.490000,-0.591400,0.425852,2026-09-30,388.000000,4.276452,0.106977,83939.690000,83819.040000
29846363,2026-09-30T15:23,83856.380000,-0.720200,-0.780431,2026-09-30,560.000000,12.582786,0.159371,83860.960000,83771.980000
29846364,2026-09-30T15:24,83658.420000,-0.805700,-0.675128,2026-09-30,593.000000,7.333572,0.605786,83793.350000,83658.420000
29846365,2026-09-30T15:25,83635.600000,-0.490800,0.289432,2026-09-30,422.000000,8.385662,0.368474,83707.270000,83631.700000
29846366,2026-09-30T15:26,83677.880000,-0.729600,-0.270297,2026-09-30,386.000000,2.301196,0.513938,83699.600000,83624.630000
29846367,2026-09-30T15:27,83708.860000,-0.568100,0.029408,2026-09-30,465.000000,10.004613,0.624970,83708.870000,83623.020000
29846368,2026-09-30T15:28,83773.080000,-0.374100,0.248433,2026-09-30,384.000000,2.163047,0.448912,83783.980000,83684.260000
29846369,2026-09-30T15:29,83843.050000,-0.526300,-0.054614,2026-09-30,340.000000,4.173251,0.595822,83847.870000,83771.550000
29846370,2026-09-30T15:30,83961.140000,-0.700700,0.193961,2026-09-30,383.000000,2.314565,0.709087,83962.210000,83843.600000
29846371,2026-09-30T15:31,84176.330000,-0.337700,0.354224,2026-09-30,617.000000,15.026759,0.761092,84227.760000,83955.380000
29846372,2026-09-30T15:32,84113.300000,-0.520900,0.483577,2026-09-30,594.000000,9.838669,0.399533,84235.150000,84087.050000
29846373,2026-09-30T15:33,84085.860000,-0.135100,-0.161625,2026-09-30,435.000000,5.825164,0.356769,84112.480000,84045.080000
29846374,2026-09-30T15:34,84067.140000,-0.317500,-0.287739,2026-09-30,413.000000,3.908151,0.142046,84102.000000,84040.710000
29846375,2026-09-30T15:35,84063.760000,-0.384000,-0.715909,2026-09-30,352.000000,1.838381,0.614632,84094.430000,84060.160000
29846376,2026-09-30T15:36,84049.860000,-0.236500,0.231938,2026-09-30,317.000000,2.250789,0.285171,84081.030000,84041.830000
29846377,2026-09-30T15:37,84158.820000,-0.695900,-0.433758,2026-09-30,450.000000,6.411837,0.545068,84163.000000,84007.680000
29846378,2026-09-30T15:38,84118.740000,-0.570900,0.082578,2026-09-30,431.000000,8.236167,0.622195,84188.000000,84102.770000
29846379,2026-09-30T15:39,84174.260000,-0.685000,0.251327,2026-09-30,363.000000,1.911834,0.297004,84183.890000,84102.000000
29846380,2026-09-30T15:40,84151.420000,-0.688100,-0.393529,2026-09-30,371.000000,3.755619,0.210498,84225.590000,84135.620000
29846381,2026-09-30T15:41,84100.010000,-0.546100,-0.586577,2026-09-30,321.000000,1.715321,0.215103,84175.360000,84100.000000
29846382,2026-09-30T15:42,84148.830000,-0.602900,-0.570058,2026-09-30,333.000000,3.215928,0.732732,84174.830000,84108.490000
29846383,2026-09-30T15:43,84125.260000,-0.529300,0.465463,2026-09-30,333.000000,2.450640,0.308623,84147.830000,84077.070000
29846384,2026-09-30T15:44,84048.270000,-0.594000,-0.382754,2026-09-30,379.000000,2.204550,0.232617,84125.420000,84022.310000
29846385,2026-09-30T15:45,84084.890000,-0.705200,-0.533037,2026-09-30,331.000000,1.164613,0.401242,84104.060000,84032.360000
29846386,2026-09-30T15:46,84126.260000,-0.765700,-0.199212,2026-09-30,371.000000,2.771414,0.681256,84137.710000,84073.170000
29846387,2026-09-30T15:47,84158.570000,-0.656500,0.362383,2026-09-30,350.000000,1.974120,0.590679,84158.570000,84112.480000
29846388,2026-09-30T15:48,84233.400000,0.352000,0.171374,2026-09-30,421.000000,6.593523,0.715157,84233.990000,84158.510000
29846389,2026-09-30T15:49,84222.540000,-0.679800,0.434075,2026-09-30,346.000000,3.439918,0.489881,84233.740000,84178.250000
29846390,2026-09-30T15:50,84199.980000,-0.707200,-0.020401,2026-09-30,326.000000,1.321807,0.696288,84235.150000,84196.320000
29846391,2026-09-30T15:51,84185.850000,-0.583000,0.407850,2026-09-30,509.000000,29.975694,0.935751,84265.960000,84185.840000
29846392,2026-09-30T15:52,84169.120000,-0.610900,0.871525,2026-09-30,340.000000,1.841533,0.682024,84204.030000,84164.880000
29846393,2026-09-30T15:53,84202.080000,-0.555900,0.350314,2026-09-30,299.000000,1.047283,0.342084,84202.590000,84164.880000
29846394,2026-09-30T15:54,84144.990000,-0.424900,-0.315816,2026-09-30,357.000000,1.982104,0.426642,84212.150000,84136.590000
29846395,2026-09-30T15:55,84061.760000,-0.201800,-0.162550,2026-09-30,459.000000,31.419146,0.423787,84136.580000,84049.820000
29846396,2026-09-30T15:56,84098.880000,0.106900,-0.151412,2026-09-30,323.000000,1.350906,0.463640,84112.480000,84061.700000
29846397,2026-09-30T15:57,84071.050000,-0.618600,-0.166335,2026-09-30,314.000000,1.606127,0.523117,84107.990000,84065.380000
29846398,2026-09-30T15:58,84082.820000,-0.459900,0.157046,2026-09-30,329.000000,2.015257,0.412316,84090.450000,84062.010000
29846399,2026-09-30T15:59,84084.670000,0.530600,-0.176973,2026-09-30,371.000000,4.499956,0.207205,84090.450000,84058.020000
29846400,2026-09-30T16:00,84095.610000,-0.099500,-0.568365,2026-09-30,428.000000,6.157460,0.218911,84109.470000,84066.040000
29846401,2026-09-30T16:01,84111.540000,-0.385900,-0.579461,2026-09-30,337.000000,4.473424,0.147518,84118.260000,84076.020000
29846402,2026-09-30T16:02,84186.290000,0.252900,-0.700455,2026-09-30,342.000000,3.117787,0.677135,84208.500000,84109.350000
29846403,2026-09-30T16:03,84224.210000,-0.058200,0.350562,2026-09-30,373.000000,2.888110,0.738909,84226.900000,84164.860000
29846404,2026-09-30T16:04,84232.650000,-0.645300,0.423277,2026-09-30,403.000000,3.328328,0.700755,84240.340000,84206.800000
29846405,2026-09-30T16:05,84270.480000,0.190900,0.454221,2026-09-30,564.000000,33.042984,0.960541,84284.470000,84218.000000
29846406,2026-09-30T16:06,84291.990000,-0.161900,0.921378,2026-09-30,321.000000,1.843386,0.733471,84292.000000,84270.460000
29846407,2026-09-30T16:07,84260.050000,0.230700,0.388559,2026-09-30,299.000000,2.220347,0.175705,84292.000000,84259.560000
29846408,2026-09-30T16:08,84287.580000,-0.630000,-0.648735,2026-09-30,333.000000,1.344108,0.508684,84287.590000,84244.280000
29846409,2026-09-30T16:09,84326.290000,0.069700,0.017368,2026-09-30,425.000000,5.991561,0.598021,84335.040000,84275.820000
29846410,2026-09-30T16:10,84269.680000,-0.061400,0.190941,2026-09-30,374.000000,2.787561,0.603204,84334.980000,84269.680000
29846411,2026-09-30T16:11,84278.080000,-0.270300,0.216765,2026-09-30,448.000000,4.896429,0.512634,84294.460000,84237.260000
29846412,2026-09-30T16:12,84210.110000,0.189200,-0.129057,2026-09-30,372.000000,3.999025,0.152339,84284.140000,84192.760000
29846413,2026-09-30T16:13,84286.360000,-0.573800,-0.610691,2026-09-30,363.000000,1.500308,0.839922,84288.180000,84207.550000
29846414,2026-09-30T16:14,84315.290000,-0.132500,0.680218,2026-09-30,313.000000,1.363054,0.383394,84315.290000,84276.260000
29846415,2026-09-30T16:15,84289.080000,-0.097900,-0.168554,2026-09-30,389.000000,4.812353,0.467458,84343.000000,84248.640000
29846416,2026-09-30T16:16,84297.760000,0.113700,-0.082417,2026-09-30,327.000000,1.206300,0.485687,84309.710000,84278.610000
29846417,2026-09-30T16:17,84276.980000,-0.259500,-0.028372,2026-09-30,384.000000,3.987050,0.099010,84301.480000,84253.230000
29846418,2026-09-30T16:18,84331.150000,-0.372800,-0.796921,2026-09-30,363.000000,2.635895,0.493768,84331.230000,84241.740000
29846419,2026-09-30T16:19,84333.010000,0.214000,-0.012261,2026-09-30,428.000000,6.016281,0.183709,84370.360000,84331.210000
29846420,2026-09-30T16:20,84357.210000,0.226300,-0.611976,2026-09-30,355.000000,1.526938,0.580281,84360.660000,84308.680000
29846421,2026-09-30T16:21,84367.110000,-0.106900,0.108903,2026-09-30,442.000000,8.922374,0.148289,84379.230000,84334.120000
29846422,2026-09-30T16:22,84379.990000,0.041800,-0.686849,2026-09-30,421.000000,3.337279,0.619721,84418.820000,84367.100000
29846423,2026-09-30T16:23,84414.290000,0.143300,0.320510,2026-09-30,331.000000,1.860518,0.729736,84416.400000,84377.880000
29846424,2026-09-30T16:24,84403.790000,-0.308900,0.265679,2026-09-30,348.000000,1.450028,0.507427,84446.210000,84400.260000
29846425,2026-09-30T16:25,84412.540000,-0.528800,0.009819,2026-09-30,316.000000,1.092466,0.605024,84437.350000,84400.260000
29846426,2026-09-30T16:26,84353.080000,-0.060400,0.183178,2026-09-30,390.000000,3.364197,0.274478,84422.250000,84312.700000
29846427,2026-09-30T16:27,84324.140000,-0.553600,-0.450327,2026-09-30,346.000000,1.578465,0.474104,84353.090000,84301.120000
29846428,2026-09-30T16:28,84311.170000,-0.312400,-0.042748,2026-09-30,322.000000,1.343182,0.593552,84351.870000,84304.910000
29846429,2026-09-30T16:29,84238.040000,-0.306200,0.129979,2026-09-30,616.000000,27.868471,0.229033,84315.360000,84227.600000
29846430,2026-09-30T16:30,84204.820000,-0.113100,-0.543044,2026-09-30,406.000000,5.324063,0.841322,84259.200000,84200.000000
29846431,2026-09-30T16:31,84211.420000,0.207600,0.689477,2026-09-30,388.000000,6.481219,0.933363,84250.800000,84203.250000
29846432,2026-09-30T16:32,84226.960000,-0.320200,0.864007,2026-09-30,330.000000,3.401540,0.765678,84238.870000,84200.000000
29846433,2026-09-30T16:33,84262.460000,0.267600,0.531730,2026-09-30,449.000000,9.813110,0.467722,84291.800000,84226.960000
29846434,2026-09-30T16:34,84284.170000,0.148600,-0.064493,2026-09-30,367.000000,7.932316,0.913551,84317.030000,84262.460000
29846435,2026-09-30T16:35,84202.040000,0.634200,0.817704,2026-09-30,315.000000,3.376306,0.204563,84270.740000,84200.000000
29846436,2026-09-30T16:36,84157.890000,0.289300,-0.585788,2026-09-30,357.000000,5.248667,0.219887,84202.040000,84148.760000
29846437,2026-09-30T16:37,84204.020000,-0.004800,-0.558069,2026-09-30,344.000000,4.651875,0.873546,84243.250000,84157.900000
29846438,2026-09-30T16:38,84239.080000,-0.280500,0.746696,2026-09-30,253.000000,0.421648,0.558345,84240.110000,84196.320000
29846439,2026-09-30T16:39,84232.960000,0.275300,0.115430,2026-09-30,412.000000,7.280395,0.289768,84259.870000,84196.320000
29846440,2026-09-30T16:40,84248.710000,0.322000,-0.420375,2026-09-30,325.000000,1.261681,0.709164,84256.350000,84217.280000
29846441,2026-09-30T16:41,84223.600000,-0.036400,0.419212,2026-09-30,383.000000,10.811619,0.235854,84271.580000,84203.010000
29846442,2026-09-30T16:42,84249.990000,0.341600,-0.509900,2026-09-30,314.000000,1.060003,0.712241,84250.000000,84210.710000
29846443,2026-09-30T16:43,84291.110000,0.089100,0.341238,2026-09-30,321.000000,1.819974,0.479156,84301.120000,84239.570000
29846444,2026-09-30T16:44,84312.050000,0.084100,-0.041092,2026-09-30,186.000000,3.242214,0.095729,84315.580000,84291.110000
29846445,2026-09-30T16:45,84313.380000,0.384300,-0.809306,2026-09-30,582.000000,5.108583,0.377572,84322.680000,84280.160000
29846446,2026-09-30T16:46,84373.620000,-0.679500,-0.243778,2026-09-30,457.000000,9.570944,0.891011,84377.650000,84298.480000
29846447,2026-09-30T16:47,84386.030000,0.336800,0.781939,2026-09-30,349.000000,2.223905,0.549823,84430.800000,84373.620000
29846448,2026-09-30T16:48,84322.040000,-0.250800,0.070559,2026-09-30,281.000000,1.194300,0.188575,84385.970000,84310.520000
29846449,2026-09-30T16:49,84322.080000,-0.144400,-0.602953,2026-09-30,277.000000,0.915146,0.456061,84339.160000,84298.400000
29846450,2026-09-30T16:50,84339.540000,0.052400,-0.086655,2026-09-30,290.000000,0.899289,0.528883,84367.850000,84322.080000
29846451,2026-09-30T16:51,84296.640000,-0.072600,-0.036940,2026-09-30,313.000000,2.109370,0.270089,84343.950000,84296.630000
29846452,2026-09-30T16:52,84312.610000,0.376600,-0.451718,2026-09-30,311.000000,4.235286,0.064010,84344.460000,84283.190000
29846453,2026-09-30T16:53,84306.050000,0.502600,-0.868521,2026-09-30,272.000000,0.790521,0.404764,84324.000000,84293.300000
29846454,2026-09-30T16:54,84299.390000,0.103200,-0.196896,2026-09-30,295.000000,1.128159,0.710658,84322.060000,84295.400000
29846455,2026-09-30T16:55,84287.580000,-0.233300,0.421432,2026-09-30,373.000000,14.955598,0.066189,84320.020000,84270.680000
29846456,2026-09-30T16:56,84256.070000,-0.103600,-0.857586,2026-09-30,280.000000,2.535362,0.115406,84300.000000,84250.000000
29846457,2026-09-30T16:57,84276.920000,0.149500,-0.825018,2026-09-30,279.000000,1.279710,0.769896,84276.920000,84253.820000
29846458,2026-09-30T16:58,84276.140000,0.322100,0.539501,2026-09-30,314.000000,1.712863,0.648256,84301.120000,84262.580000
29846459,2026-09-30T16:59,84309.350000,0.454100,0.292300,2026-09-30,301.000000,3.078483,0.971831,84309.870000,84276.130000
29846460,2026-09-30T17:00,84268.260000,0.164200,0.943708,2026-09-30,388.000000,8.118801,0.166319,84309.870000,84250.430000
29846461,2026-09-30T17:01,84268.680000,0.427300,-0.667867,2026-09-30,310.000000,2.949606,0.146046,84279.640000,84248.030000
29846462,2026-09-30T17:02,84267.210000,-0.470100,-0.707915,2026-09-30,366.000000,7.250486,0.090725,84278.660000,84244.390000
29846463,2026-09-30T17:03,84283.520000,-0.291300,-0.818562,2026-09-30,321.000000,2.291760,0.617381,84283.530000,84229.900000
29846464,2026-09-30T17:04,84223.800000,0.291100,0.166285,2026-09-30,441.000000,10.621145,0.348518,84300.000000,84213.600000
29846465,2026-09-30T17:05,84251.730000,0.165100,-0.294458,2026-09-30,341.000000,2.680195,0.595881,84287.810000,84221.480000
29846466,2026-09-30T17:06,84271.360000,-0.084200,0.196932,2026-09-30,300.000000,2.684973,0.388016,84280.150000,84248.360000
29846467,2026-09-30T17:07,84292.650000,-0.151100,-0.223381,2026-09-30,373.000000,5.627358,0.499102,84309.100000,84270.290000
29846468,2026-09-30T17:08,84361.150000,-0.071100,-0.001987,2026-09-30,506.000000,17.015090,0.476958,84390.180000,84292.650000
29846469,2026-09-30T17:09,84274.610000,-0.406800,-0.046087,2026-09-30,589.000000,21.507836,0.174495,84372.310000,84255.160000
29846470,2026-09-30T17:10,84291.200000,-0.440000,-0.651053,2026-09-30,324.000000,3.164246,0.533680,84309.460000,84274.600000
29846471,2026-09-30T17:11,84242.270000,-0.682100,0.199155,2026-09-30,348.000000,5.607025,0.337420,84311.440000,84242.200000
29846472,2026-09-30T17:12,84245.860000,-0.490500,-0.459996,2026-09-30,407.000000,7.328497,0.322795,84264.530000,84229.010000
29846473,2026-09-30T17:13,84238.830000,0.386600,-0.361455,2026-09-30,485.000000,15.332587,0.729507,84283.850000,84222.230000
29846474,2026-09-30T17:14,84238.860000,0.199600,0.466117,2026-09-30,346.000000,4.486849,0.574500,84289.610000,84238.390000
29846475,2026-09-30T17:15,84122.960000,-0.186400,0.148385,2026-09-30,407.000000,3.907356,0.228633,84238.400000,84122.970000
29846476,2026-09-30T17:16,84124.510000,-0.294600,-0.542434,2026-09-30,345.000000,5.374135,0.169402,84143.910000,84114.430000
29846477,2026-09-30T17:17,84124.240000,-0.175200,-0.644021,2026-09-30,442.000000,6.368487,0.219025,84149.970000,84097.050000
29846478,2026-09-30T17:18,84190.670000,-0.094000,-0.573653,2026-09-30,585.000000,27.248582,0.755664,84214.990000,84127.280000
29846479,2026-09-30T17:19,84094.520000,0.385900,0.511182,2026-09-30,430.000000,24.490717,0.035611,84197.830000,84096.910000
29846480,2026-09-30T17:20,84078.270000,-0.522100,-0.928828,2026-09-30,477.000000,23.149882,0.102071,84119.450000,84049.420000
29846481,2026-09-30T17:21,84128.400000,0.012500,-0.795877,2026-09-30,405.000000,12.741480,0.714141,84151.900000,84087.940000
29846482,2026-09-30T17:22,84059.430000,-0.334600,0.428512,2026-09-30,354.000000,4.928706,0.156792,84134.560000,84057.610000
29846483,2026-09-30T17:23,84051.010000,0.145300,-0.686418,2026-09-30,491.000000,11.719490,0.167543,84070.560000,84011.600000
29846484,2026-09-30T17:24,84084.670000,0.334500,-0.627351,2026-09-30,334.000000,3.212753,0.286732,84095.070000,84050.910000
29846485,2026-09-30T17:25,84034.100000,-0.240400,-0.556852,2026-09-30,365.000000,6.315597,0.104045,84084.670000,84022.170000
29846486,2026-09-30T17:26,83962.040000,-0.627200,-0.792317,2026-09-30,549.000000,13.999446,0.127479,84034.100000,83947.020000
29846487,2026-09-30T17:27,84082.430000,-0.638000,-0.744298,2026-09-30,323.000000,6.663347,0.926798,84084.970000,83956.320000
29846488,2026-09-30T17:28,84085.050000,-0.382200,0.851803,2026-09-30,318.000000,3.706471,0.368252,84100.550000,84060.080000
29846489,2026-09-30T17:29,84173.040000,-0.571600,-0.225073,2026-09-30,372.000000,4.046458,0.309980,84173.050000,84085.050000
29846490,2026-09-30T17:30,84108.850000,-0.445500,-0.437541,2026-09-30,398.000000,7.532441,0.356883,84173.040000,84103.260000
29846491,2026-09-30T17:31,84047.160000,-0.177800,-0.203413,2026-09-30,434.000000,10.680547,0.478935,84121.960000,84039.120000
29846492,2026-09-30T17:32,84053.700000,-0.201300,-0.077831,2026-09-30,485.000000,14.427052,0.540566,84091.520000,84025.250000
29846493,2026-09-30T17:33,84036.960000,-0.585200,0.078987,2026-09-30,393.000000,10.207137,0.264394,84058.410000,84027.030000
29846494,2026-09-30T17:34,83986.730000,-0.643600,-0.473263,2026-09-30,576.000000,24.734874,0.470843,84041.000000,83986.720000
29846495,2026-09-30T17:35,83992.210000,-0.339300,-0.052174,2026-09-30,437.000000,17.226451,0.381506,84018.150000,83968.810000
29846496,2026-09-30T17:36,83978.210000,-0.620800,-0.240941,2026-09-30,438.000000,10.316972,0.414575,84027.920000,83971.160000
29846497,2026-09-30T17:37,83875.290000,-0.227400,-0.166804,2026-09-30,793.000000,30.901413,0.240315,83988.910000,83860.960000
29846498,2026-09-30T17:38,83976.240000,0.126700,-0.520227,2026-09-30,341.000000,5.797599,0.751630,83976.240000,83875.280000
29846499,2026-09-30T17:39,83956.920000,0.291100,0.464801,2026-09-30,325.000000,2.126936,0.689396,83999.000000,83956.830000
29846500,2026-09-30T17:40,83957.140000,0.300400,0.455847,2026-09-30,351.000000,3.061892,0.343124,83965.090000,83926.000000
29846501,2026-09-30T17:41,83981.300000,0.282300,-0.313747,2026-09-30,292.000000,1.409502,0.297685,83982.980000,83946.630000
29846502,2026-09-30T17:42,83994.100000,-0.509900,-0.404850,2026-09-30,323.000000,5.292850,0.257705,83995.430000,83951.380000
29846503,2026-09-30T17:43,83986.730000,-0.421400,-0.218343,2026-09-30,305.000000,2.374496,0.632480,84012.150000,83986.720000
29846504,2026-09-30T17:44,83945.330000,-0.362800,-0.433601,2026-09-30,335.000000,5.711332,0.226301,83986.730000,83944.800000
29846505,2026-09-30T17:45,83959.740000,-0.009300,-0.556032,2026-09-30,449.000000,7.928258,0.593446,83971.430000,83915.100000
29846506,2026-09-30T17:46,84001.040000,0.291200,0.204429,2026-09-30,406.000000,3.698984,0.651132,84010.580000,83959.730000
29846507,2026-09-30T17:47,83997.210000,-0.653200,0.472472,2026-09-30,407.000000,5.955883,0.591480,84110.510000,83997.200000
29846508,2026-09-30T17:48,84059.170000,-0.470800,-0.012195,2026-09-30,327.000000,1.259836,0.464584,84070.530000,83997.200000
29846509,2026-09-30T17:49,84058.860000,-0.441300,-0.105370,2026-09-30,345.000000,4.611645,0.337321,84059.320000,84020.230000
29846510,2026-09-30T17:50,84073.760000,-0.486600,-0.326787,2026-09-30,380.000000,6.170346,0.479756,84096.970000,84058.860000
29846511,2026-09-30T17:51,84036.490000,-0.465300,-0.040444,2026-09-30,316.000000,3.020235,0.232624,84071.640000,84036.480000
29846512,2026-09-30T17:52,83988.420000,-0.632300,-0.538820,2026-09-30,328.000000,3.529754,0.106893,84038.170000,83988.410000
29846513,2026-09-30T17:53,83995.900000,-0.369400,-0.785090,2026-09-30,303.000000,1.889129,0.511789,83997.990000,83977.580000
29846514,2026-09-30T17:54,83978.010000,-0.680000,0.023937,2026-09-30,421.000000,4.150460,0.540141,83999.990000,83978.000000
29846515,2026-09-30T17:55,83986.710000,-0.565400,0.080129,2026-09-30,444.000000,9.341445,0.386330,83986.710000,83941.760000
29846516,2026-09-30T17:56,83967.490000,-0.517100,-0.229782,2026-09-30,318.000000,4.274616,0.394346,83986.720000,83953.170000
29846517,2026-09-30T17:57,83954.710000,-0.558300,-0.072619,2026-09-30,274.000000,1.545991,0.375289,83979.080000,83954.700000
29846518,2026-09-30T17:58,83996.980000,-0.553000,-0.895774,2026-09-30,333.000000,4.274852,0.781315,83996.990000,83954.700000
29846519,2026-09-30T17:59,83976.320000,0.525800,0.561334,2026-09-30,349.000000,7.369019,0.024312,84009.380000,83963.530000
29846520,2026-09-30T18:00,83988.210000,-0.388200,-0.951215,2026-09-30,396.000000,9.168183,0.171249,84045.000000,83959.020000
29846521,2026-09-30T18:01,83943.490000,-0.334800,-0.657551,2026-09-30,261.000000,1.545722,0.080780,84009.370000,83932.380000
29846522,2026-09-30T18:02,83918.080000,-0.297900,-0.840439,2026-09-30,470.000000,13.376213,0.253747,83953.260000,83890.450000
29846523,2026-09-30T18:03,83929.450000,0.152700,-0.491897,2026-09-30,341.000000,3.423767,0.507587,83974.590000,83918.070000
29846524,2026-09-30T18:04,83993.070000,-0.499600,0.037389,2026-09-30,660.000000,17.174678,0.612009,84000.620000,83914.450000
29846525,2026-09-30T18:05,83946.930000,-0.471700,0.207503,2026-09-30,367.000000,3.355455,0.213304,83993.060000,83937.550000
29846526,2026-09-30T18:06,83913.350000,-0.156700,-0.580711,2026-09-30,448.000000,2.692868,0.195403,83942.000000,83885.800000
29846527,2026-09-30T18:07,83965.140000,-0.108200,-0.595596,2026-09-30,325.000000,2.228828,0.605055,83965.150000,83905.680000
29846528,2026-09-30T18:08,83984.290000,-0.159400,0.254941,2026-09-30,364.000000,9.908211,0.194030,83991.380000,83923.880000
29846529,2026-09-30T18:09,84024.400000,-0.442100,-0.611940,2026-09-30,410.000000,3.659269,0.732863,84038.400000,83965.760000
29846530,2026-09-30T18:10,83992.510000,-0.201000,0.117197,2026-09-30,381.000000,5.386160,0.348537,84029.480000,83979.570000
29846531,2026-09-30T18:11,84024.820000,-0.493400,-0.115480,2026-09-30,385.000000,2.556923,0.570569,84042.930000,83992.500000
29846532,2026-09-30T18:12,84033.760000,-0.484600,0.141313,2026-09-30,336.000000,2.749307,0.552298,84038.870000,84007.680000
29846533,2026-09-30T18:13,84006.010000,-0.317400,0.050655,2026-09-30,309.000000,1.124836,0.335918,84033.750000,84006.000000
29846534,2026-09-30T18:14,83963.300000,-0.492200,-0.232482,2026-09-30,437.000000,9.533767,0.156497,84028.600000,83957.040000
29846535,2026-09-30T18:15,83970.830000,-0.571100,-0.686987,2026-09-30,341.000000,4.373372,0.268844,83991.550000,83949.810000
29846536,2026-09-30T18:16,83955.290000,-0.427300,-0.462309,2026-09-30,343.000000,4.464488,0.120994,83986.490000,83955.280000
29846537,2026-09-30T18:17,83936.760000,-0.801700,-0.768472,2026-09-30,276.000000,1.692310,0.474488,83962.360000,83935.660000
29846538,2026-09-30T18:18,83973.040000,-0.404700,0.074863,2026-09-30,440.000000,5.574813,0.591548,83975.960000,83902.880000
29846539,2026-09-30T18:19,83947.620000,0.096200,0.178775,2026-09-30,339.000000,5.158042,0.131684,83973.060000,83927.120000
29846540,2026-09-30T18:20,83962.620000,-0.689000,-0.725271,2026-09-30,308.000000,2.173517,0.207692,83964.630000,83947.620000
29846541,2026-09-30T18:21,83905.180000,-0.376500,-0.616463,2026-09-30,468.000000,8.164388,0.259771,83962.630000,83867.410000
29846542,2026-09-30T18:22,83916.550000,0.002600,-0.437365,2026-09-30,267.000000,0.765744,0.661171,83927.880000,83904.600000
29846543,2026-09-30T18:23,83868.270000,-0.100700,0.045249,2026-09-30,331.000000,3.356995,0.093655,83918.660000,83865.220000
29846544,2026-09-30T18:24,83861.430000,-0.648700,-0.812878,2026-09-30,312.000000,3.149806,0.519312,83892.400000,83858.260000
29846545,2026-09-30T18:25,83846.290000,-0.623500,0.038647,2026-09-30,375.000000,3.377352,0.128844,83861.440000,83834.000000
29846546,2026-09-30T18:26,83861.260000,-0.240900,-0.742743,2026-09-30,327.000000,3.898769,0.122443,83881.320000,83845.020000
29846547,2026-09-30T18:27,83857.050000,-0.448100,-0.752530,2026-09-30,303.000000,2.864683,0.403127,83872.590000,83851.700000
29846548,2026-09-30T18:28,83864.110000,-0.683400,-0.196067,2026-09-30,324.000000,4.284257,0.155326,83881.920000,83849.040000
29846549,2026-09-30T18:29,83888.380000,-0.404800,-0.689353,2026-09-30,320.000000,2.198713,0.272144,83892.260000,83862.740000
29846550,2026-09-30T18:30,83912.850000,-0.315400,-0.462869,2026-09-30,535.000000,9.107411,0.855317,83913.340000,83862.740000
29846551,2026-09-30T18:31,83841.640000,-0.355000,0.717390,2026-09-30,322.000000,2.163329,0.112659,83913.270000,83841.630000
29846552,2026-09-30T18:32,83833.020000,-0.698800,-0.777141,2026-09-30,294.000000,1.813200,0.717171,83851.100000,83833.020000
29846553,2026-09-30T18:33,83839.430000,-0.681300,0.481460,2026-09-30,380.000000,5.151790,0.370154,83860.650000,83808.560000
29846554,2026-09-30T18:34,83828.210000,-0.548900,-0.259851,2026-09-30,285.000000,4.172898,0.838416,83838.980000,83819.040000
29846555,2026-09-30T18:35,83787.610000,-0.697600,0.678033,2026-09-30,340.000000,3.659240,0.090169,83828.220000,83787.370000
29846556,2026-09-30T18:36,83780.010000,0.131100,-0.788927,2026-09-30,364.000000,1.868877,0.601850,83799.990000,83780.000000
29846557,2026-09-30T18:37,83777.790000,-0.258400,0.171655,2026-09-30,260.000000,2.726497,0.121125,83780.010000,83771.940000
29846558,2026-09-30T18:38,83793.350000,-0.569300,-0.755562,2026-09-30,266.000000,1.432915,0.816266,83793.350000,83764.470000
29846559,2026-09-30T18:39,83777.260000,-0.299600,0.631513,2026-09-30,302.000000,1.831753,0.328121,83800.000000,83777.260000
29846560,2026-09-30T18:40,83827.170000,-0.557500,-0.163189,2026-09-30,435.000000,10.117825,0.730527,83838.540000,83776.870000
29846561,2026-09-30T18:41,83809.240000,-0.340800,0.445476,2026-09-30,323.000000,1.638193,0.413986,83822.970000,83798.080000
29846562,2026-09-30T18:42,83819.990000,-0.332900,-0.172108,2026-09-30,269.000000,1.026620,0.611926,83819.990000,83798.940000
29846563,2026-09-30T18:43,83836.170000,-0.408200,0.195552,2026-09-30,365.000000,2.100919,0.659962,83843.200000,83813.290000
29846564,2026-09-30T18:44,83820.180000,-0.224500,0.346448,2026-09-30,385.000000,9.408624,0.142717,83849.990000,83815.000000
29846565,2026-09-30T18:45,83798.080000,-0.513400,-0.720596,2026-09-30,262.000000,2.641535,0.182175,83820.190000,83780.090000
29846566,2026-09-30T18:46,83786.260000,-0.485000,-0.635647,2026-09-30,345.000000,2.220412,0.457523,83808.530000,83780.030000
29846567,2026-09-30T18:47,83792.200000,-0.219000,-0.082993,2026-09-30,315.000000,1.404390,0.581081,83803.930000,83780.010000
29846568,2026-09-30T18:48,83755.010000,-0.416300,0.159757,2026-09-30,287.000000,1.312255,0.303934,83788.890000,83755.000000
29846569,2026-09-30T18:49,83801.400000,-0.663000,-0.392139,2026-09-30,397.000000,6.591261,0.820406,83839.790000,83755.000000
29846570,2026-09-30T18:50,83868.080000,-0.449000,0.640864,2026-09-30,378.000000,4.654722,0.205337,83902.340000,83839.780000
29846571,2026-09-30T18:51,83892.170000,-0.081400,-0.589774,2026-09-30,375.000000,8.488579,0.111622,83892.190000,83854.010000
29846572,2026-09-30T18:52,83902.960000,-0.146500,-0.714755,2026-09-30,406.000000,4.138140,0.484951,83910.600000,83841.580000
29846573,2026-09-30T18:53,83861.920000,-0.477800,-0.112537,2026-09-30,314.000000,1.591968,0.145833,83923.820000,83856.860000
29846574,2026-09-30T18:54,83891.640000,-0.500600,-0.720297,2026-09-30,279.000000,1.342838,0.290102,83899.990000,83861.910000
29846575,2026-09-30T18:55,83913.110000,-0.613800,-0.361114,2026-09-30,242.000000,0.860722,0.770323,83913.110000,83880.100000
29846576,2026-09-30T18:56,83920.600000,-0.254200,0.525284,2026-09-30,298.000000,3.626631,0.647080,83930.980000,83896.260000
29846577,2026-09-30T18:57,83914.730000,-0.253300,0.294662,2026-09-30,266.000000,2.760389,0.412184,83937.910000,83901.170000
29846578,2026-09-30T18:58,83948.380000,-0.365400,-0.175563,2026-09-30,287.000000,4.824463,0.136963,83950.400000,83914.620000
29846579,2026-09-30T18:59,83911.920000,-0.639700,-0.725635,2026-09-30,331.000000,5.485165,0.046781,83948.380000,83878.190000
29846580,2026-09-30T19:00,83858.460000,-0.213100,-0.616428,2026-09-30,318.000000,3.293072,0.420840,83932.080000,83855.140000
29846581,2026-09-30T19:01,83847.110000,-0.691600,-0.658497,2026-09-30,384.000000,7.777671,0.287578,83897.710000,83841.170000
29846582,2026-09-30T19:02,83886.580000,0.166600,-0.421994,2026-09-30,347.000000,2.727651,0.442537,83886.580000,83829.520000
29846583,2026-09-30T19:03,83874.830000,0.443700,-0.114918,2026-09-30,353.000000,4.725137,0.611278,83897.710000,83870.130000
29846584,2026-09-30T19:04,83874.100000,-0.158400,0.222614,2026-09-30,364.000000,4.774188,0.447490,83887.740000,83863.000000
29846585,2026-09-30T19:05,83850.480000,-0.283300,-0.014042,2026-09-30,402.000000,6.729427,0.529100,83909.450000,83843.160000
29846586,2026-09-30T19:06,83840.140000,-0.712400,-0.005717,2026-09-30,307.000000,1.631195,0.461582,83858.450000,83831.210000
29846587,2026-09-30T19:07,83849.290000,-0.229200,-0.149619,2026-09-30,421.000000,5.647650,0.560674,83849.980000,83833.600000
29846588,2026-09-30T19:08,83798.080000,-0.719500,0.126329,2026-09-30,532.000000,10.954112,0.436057,83849.300000,83798.080000
29846589,2026-09-30T19:09,83780.010000,0.187900,-0.135025,2026-09-30,302.000000,2.093788,0.322539,83798.080000,83780.000000
29846590,2026-09-30T19:10,83745.680000,-0.448500,-0.296421,2026-09-30,347.000000,4.275744,0.374982,83780.010000,83745.680000
29846591,2026-09-30T19:11,83727.420000,-0.296900,-0.244683,2026-09-30,387.000000,7.522423,0.587171,83745.690000,83727.010000
29846592,2026-09-30T19:12,83724.710000,-0.455300,0.174366,2026-09-30,493.000000,8.481718,0.205288,83727.430000,83674.500000
29846593,2026-09-30T19:13,83724.790000,-0.126200,-0.594094,2026-09-30,449.000000,6.619212,0.458247,83735.070000,83700.000000
29846594,2026-09-30T19:14,83705.980000,-0.219900,-0.068996,2026-09-30,382.000000,4.890022,0.432604,83742.600000,83705.160000
29846595,2026-09-30T19:15,83671.200000,-0.350000,-0.135769,2026-09-30,380.000000,6.987080,0.622414,83703.760000,83670.640000
29846596,2026-09-30T19:16,83653.260000,-0.462600,0.245082,2026-09-30,428.000000,10.171600,0.514088,83674.520000,83653.260000
29846597,2026-09-30T19:17,83619.920000,-0.475300,0.027954,2026-09-30,566.000000,11.243018,0.373256,83653.270000,83557.070000
29846598,2026-09-30T19:18,83659.600000,-0.319700,-0.272694,2026-09-30,574.000000,7.832547,0.503185,83661.830000,83593.120000
29846599,2026-09-30T19:19,83703.760000,-0.240000,0.041012,2026-09-30,348.000000,4.203858,0.479073,83703.750000,83657.930000
29846600,2026-09-30T19:20,83688.960000,-0.210300,-0.033046,2026-09-30,354.000000,6.593610,0.649600,83703.760000,83672.320000
29846601,2026-09-30T19:21,83690.930000,-0.216400,0.299959,2026-09-30,372.000000,4.699619,0.206906,83733.030000,83688.520000
29846602,2026-09-30T19:22,83687.480000,-0.410600,-0.586184,2026-09-30,329.000000,3.171506,0.398894,83694.800000,83665.330000
29846603,2026-09-30T19:23,83653.550000,0.003600,-0.233077,2026-09-30,370.000000,6.902200,0.412231,83687.480000,83649.420000
29846604,2026-09-30T19:24,83655.730000,-0.375900,-0.159995,2026-09-30,302.000000,2.925088,0.182215,83661.850000,83640.880000
29846605,2026-09-30T19:25,83698.990000,0.245200,-0.635571,2026-09-30,422.000000,7.868021,0.587011,83699.280000,83646.700000
29846606,2026-09-30T19:26,83688.170000,-0.580500,0.174579,2026-09-30,351.000000,4.060672,0.523818,83745.660000,83683.970000
29846607,2026-09-30T19:27,83710.740000,0.174300,0.046325,2026-09-30,332.000000,5.500217,0.440636,83710.750000,83684.090000
29846608,2026-09-30T19:28,83735.640000,0.159100,-0.136477,2026-09-30,335.000000,5.610487,0.348057,83735.640000,83707.430000
29846609,2026-09-30T19:29,83699.290000,-0.286600,-0.170581,2026-09-30,375.000000,7.856439,0.207454,83742.520000,83696.900000
29846610,2026-09-30T19:30,83764.170000,0.305600,-0.744355,2026-09-30,516.000000,9.980006,0.602273,83764.170000,83696.450000
29846611,2026-09-30T19:31,83781.830000,0.463400,0.360199,2026-09-30,447.000000,12.300527,0.342374,83794.760000,83747.670000
29846612,2026-09-30T19:32,83793.510000,0.579200,-0.309654,2026-09-30,399.000000,11.471497,0.545585,83793.630000,83767.170000
29846613,2026-09-30T19:33,83810.850000,0.279400,-0.099549,2026-09-30,524.000000,26.269686,0.164018,83825.120000,83788.110000
29846614,2026-09-30T19:34,83799.110000,0.111400,-0.652471,2026-09-30,393.000000,6.353122,0.614349,83834.000000,83778.550000
29846615,2026-09-30T19:35,83809.450000,0.304600,0.228871,2026-09-30,459.000000,6.521730,0.353563,83836.850000,83794.310000
29846616,2026-09-30T19:36,83805.740000,0.599500,-0.293338,2026-09-30,362.000000,6.770916,0.588309,83822.180000,83801.010000
29846617,2026-09-30T19:37,83860.960000,0.613500,0.130223,2026-09-30,644.000000,32.416832,0.580034,83866.840000,83802.060000
29846618,2026-09-30T19:38,83889.020000,0.659400,0.170534,2026-09-30,402.000000,8.274029,0.815700,83908.990000,83858.260000
29846619,2026-09-30T19:39,83866.320000,0.577800,0.603575,2026-09-30,386.000000,7.301648,0.689939,83889.030000,83837.010000
29846620,2026-09-30T19:40,83800.010000,0.068500,0.376771,2026-09-30,337.000000,4.375065,0.374356,83866.310000,83800.000000
29846621,2026-09-30T19:41,83798.080000,-0.038100,-0.262484,2026-09-30,382.000000,7.103550,0.570247,83840.900000,83790.530000
29846622,2026-09-30T19:42,83783.860000,0.420400,0.181025,2026-09-30,314.000000,3.080476,0.291267,83824.610000,83777.120000
29846623,2026-09-30T19:43,83774.760000,0.467400,-0.418524,2026-09-30,367.000000,3.765191,0.311938,83788.390000,83764.970000
29846624,2026-09-30T19:44,83777.290000,-0.038400,-0.386080,2026-09-30,322.000000,4.309007,0.543966,83787.590000,83764.970000
29846625,2026-09-30T19:45,83758.070000,0.643800,0.050824,2026-09-30,331.000000,3.177415,0.563176,83780.080000,83756.160000
29846626,2026-09-30T19:46,83766.020000,0.598400,0.187094,2026-09-30,224.000000,3.892368,0.415533,83774.520000,83752.790000
29846627,2026-09-30T19:47,83675.290000,0.750500,-0.156857,2026-09-30,727.000000,25.608560,0.291666,83795.980000,83661.840000
29846628,2026-09-30T19:48,83651.530000,0.405200,-0.416869,2026-09-30,728.000000,35.648800,0.414638,83754.180000,83640.880000
29846629,2026-09-30T19:49,83652.640000,0.312100,-0.170441,2026-09-30,488.000000,11.655527,0.665001,83671.420000,83633.140000
29846630,2026-09-30T19:50,83593.230000,0.169800,0.465174,2026-09-30,619.000000,22.160660,0.615041,83684.660000,83593.220000
29846631,2026-09-30T19:51,83513.270000,0.186600,-0.056349,2026-09-30,749.000000,28.962702,0.163067,83593.230000,83481.490000
29846632,2026-09-30T19:52,83497.830000,0.635300,-0.674717,2026-09-30,523.000000,13.170794,0.239886,83556.980000,83471.530000
29846633,2026-09-30T19:53,83460.010000,0.705800,-0.520860,2026-09-30,620.000000,21.597454,0.269273,83568.410000,83460.000000
29846634,2026-09-30T19:54,83459.010000,0.503100,-0.571556,2026-09-30,464.000000,12.307623,0.434701,83511.650000,83452.320000
29846635,2026-09-30T19:55,83549.010000,0.651700,0.527392,2026-09-30,564.000000,9.436872,0.405987,83555.090000,83445.000000
29846636,2026-09-30T19:56,83526.990000,0.627500,-0.070334,2026-09-30,741.000000,21.047279,0.640004,83585.300000,83504.640000
29846637,2026-09-30T19:57,83516.450000,0.649200,0.252620,2026-09-30,438.000000,12.411085,0.584760,83540.890000,83498.350000
29846638,2026-09-30T19:58,83540.010000,0.701100,0.165785,2026-09-30,449.000000,15.109728,0.459339,83544.980000,83508.090000
29846639,2026-09-30T19:59,83549.240000,0.525600,-0.079045,2026-09-30,697.000000,17.652526,0.584704,83589.250000,83531.760000
29846640,2026-09-30T20:00,83579.000000,-0.265800,0.118553,2026-09-30,621.000000,13.229598,0.464002,83619.790000,83541.680000
29846641,2026-09-30T20:01,83534.740000,0.256500,-0.031323,2026-09-30,372.000000,3.961366,0.313072,83576.890000,83488.340000
29846642,2026-09-30T20:02,83519.330000,0.094900,-0.329321,2026-09-30,325.000000,2.000670,0.277894,83567.010000,83497.120000
29846643,2026-09-30T20:03,83554.340000,0.261000,-0.423213,2026-09-30,384.000000,3.765511,0.474521,83555.580000,83500.210000
29846644,2026-09-30T20:04,83534.240000,-0.536600,-0.072951,2026-09-30,619.000000,37.798146,0.270472,83573.390000,83497.160000
29846645,2026-09-30T20:05,83546.800000,-0.466400,-0.459061,2026-09-30,435.000000,7.331345,0.841343,83571.670000,83527.120000
29846646,2026-09-30T20:06,83536.050000,0.021300,0.682274,2026-09-30,514.000000,12.735969,0.333224,83571.110000,83473.200000
29846647,2026-09-30T20:07,83559.730000,-0.402600,-0.331498,2026-09-30,372.000000,3.993247,0.642761,83561.230000,83524.710000
29846648,2026-09-30T20:08,83540.800000,-0.524700,0.260754,2026-09-30,338.000000,2.874987,0.298585,83559.720000,83533.110000
29846649,2026-09-30T20:09,83534.730000,0.254200,-0.321720,2026-09-30,509.000000,12.199080,0.179800,83571.970000,83523.980000
29846650,2026-09-30T20:10,83581.980000,0.818600,-0.623963,2026-09-30,420.000000,4.106746,0.889787,83581.980000,83534.720000
29846651,2026-09-30T20:11,83567.390000,0.225600,0.763888,2026-09-30,416.000000,3.893306,0.622774,83618.810000,83562.900000
29846652,2026-09-30T20:12,83566.570000,0.028800,0.246166,2026-09-30,253.000000,0.860418,0.299845,83576.750000,83563.590000
29846653,2026-09-30T20:13,83569.300000,0.314300,-0.407235,2026-09-30,335.000000,2.330360,0.372149,83579.340000,83549.110000
29846654,2026-09-30T20:14,83599.830000,0.645400,-0.254346,2026-09-30,965.000000,17.249027,0.186088,83603.510000,83569.300000
29846655,2026-09-30T20:15,83583.080000,-0.037300,-0.627952,2026-09-30,307.000000,2.716001,0.082037,83603.490000,83579.100000
29846656,2026-09-30T20:16,83555.920000,0.368500,-0.836431,2026-09-30,297.000000,1.209921,0.264516,83583.080000,83552.750000
29846657,2026-09-30T20:17,83556.990000,-0.176600,-0.471676,2026-09-30,424.000000,3.468178,0.437417,83561.360000,83532.880000
29846658,2026-09-30T20:18,83558.300000,-0.219700,-0.124601,2026-09-30,406.000000,5.600434,0.224506,83574.970000,83540.400000
29846659,2026-09-30T20:19,83596.970000,0.807800,-0.529322,2026-09-30,483.000000,9.245581,0.416474,83603.500000,83551.070000
29846660,2026-09-30T20:20,83600.990000,-0.046700,-0.229153,2026-09-30,714.000000,11.250290,0.163383,83623.930000,83578.650000
29846661,2026-09-30T20:21,83630.880000,0.447700,-0.653702,2026-09-30,413.000000,3.479501,0.401833,83634.450000,83600.990000
29846662,2026-09-30T20:22,83656.490000,0.561800,-0.275502,2026-09-30,1175.000000,16.917793,0.275863,83659.680000,83629.280000
29846663,2026-09-30T20:23,83677.920000,0.169200,-0.443273,2026-09-30,517.000000,2.146630,0.739503,83677.930000,83656.480000
29846664,2026-09-30T20:24,83676.670000,-0.204200,0.480009,2026-09-30,324.000000,2.309069,0.704882,83701.840000,83651.370000
29846665,2026-09-30T20:25,83697.430000,0.190900,0.487716,2026-09-30,493.000000,1.560499,0.952388,83697.440000,83676.660000
29846666,2026-09-30T20:26,83690.050000,0.566400,0.876942,2026-09-30,276.000000,2.325060,0.178032,83697.440000,83672.230000
29846667,2026-09-30T20:27,83707.420000,0.131100,-0.654726,2026-09-30,623.000000,7.113047,0.752209,83724.040000,83694.070000
29846668,2026-09-30T20:28,83697.850000,-0.049700,0.504274,2026-09-30,578.000000,5.598190,0.426039,83716.410000,83680.800000
29846669,2026-09-30T20:29,83672.330000,0.105500,-0.147900,2026-09-30,324.000000,3.451772,0.236039,83718.910000,83672.320000
29846670,2026-09-30T20:30,83642.230000,-0.111900,-0.526868,2026-09-30,286.000000,1.785601,0.465598,83672.330000,83635.670000
29846671,2026-09-30T20:31,83604.550000,-0.360800,-0.018052,2026-09-30,533.000000,5.156877,0.442161,83642.230000,83598.970000
29846672,2026-09-30T20:32,83599.990000,-0.131100,-0.166004,2026-09-30,629.000000,6.226148,0.471536,83612.940000,83588.480000
29846673,2026-09-30T20:33,83604.880000,-0.051800,0.006234,2026-09-30,787.000000,10.922014,0.423445,83621.370000,83582.190000
29846674,2026-09-30T20:34,83604.390000,0.112600,-0.187584,2026-09-30,667.000000,11.960946,0.269789,83619.910000,83568.200000
29846675,2026-09-30T20:35,83613.200000,0.115300,-0.458201,2026-09-30,345.000000,3.358018,0.343544,83647.530000,83604.390000
29846676,2026-09-30T20:36,83611.860000,-0.056700,-0.296073,2026-09-30,317.000000,2.046754,0.442753,83628.840000,83602.560000
29846677,2026-09-30T20:37,83640.860000,0.003200,-0.108315,2026-09-30,361.000000,2.056653,0.842208,83640.860000,83587.930000
29846678,2026-09-30T20:38,83641.710000,-0.114300,0.685669,2026-09-30,266.000000,0.950736,0.443067,83656.010000,83636.250000
29846679,2026-09-30T20:39,83675.300000,0.044100,-0.124823,2026-09-30,317.000000,1.777550,0.631929,83682.800000,83641.060000
29846680,2026-09-30T20:40,83682.790000,0.439400,0.264208,2026-09-30,230.000000,0.468156,0.533029,83682.800000,83673.650000
29846681,2026-09-30T20:41,83677.360000,0.001900,0.064369,2026-09-30,321.000000,3.859552,0.111579,83682.800000,83659.600000
29846682,2026-09-30T20:42,83637.480000,-0.596000,-0.776842,2026-09-30,276.000000,1.115309,0.278054,83677.360000,83635.070000
29846683,2026-09-30T20:43,83644.760000,-0.005400,-0.443434,2026-09-30,274.000000,0.707855,0.564859,83646.020000,83630.490000
29846684,2026-09-30T20:44,83642.290000,-0.168300,0.131684,2026-09-30,257.000000,0.355059,0.559477,83644.760000,83642.280000
29846685,2026-09-30T20:45,83651.670000,0.024500,0.116007,2026-09-30,266.000000,0.747979,0.710052,83658.770000,83635.290000
29846686,2026-09-30T20:46,83626.870000,-0.168900,0.419333,2026-09-30,273.000000,1.320187,0.354107,83651.680000,83625.040000
29846687,2026-09-30T20:47,83625.450000,-0.517300,-0.285840,2026-09-30,93.000000,0.347425,0.209775,83626.530000,83623.760000
29846688,2026-09-30T20:48,83617.820000,-0.223100,-0.608117,2026-09-30,474.000000,1.679457,0.691703,83650.690000,83617.710000
29846689,2026-09-30T20:49,83619.890000,0.355300,0.384469,2026-09-30,300.000000,0.775665,0.461819,83619.900000,83588.480000
29846690,2026-09-30T20:50,83614.380000,0.422600,-0.069212,2026-09-30,304.000000,1.000037,0.300219,83623.490000,83594.840000
29846691,2026-09-30T20:51,83650.040000,0.331500,-0.409119,2026-09-30,354.000000,0.769980,0.564646,83653.110000,83614.370000
29846692,2026-09-30T20:52,83676.960000,0.460300,0.127854,2026-09-30,331.000000,0.333813,0.945804,83677.910000,83650.040000
29846693,2026-09-30T20:53,83664.010000,-0.175200,0.892164,2026-09-30,326.000000,1.504204,0.437794,83680.130000,83664.000000
29846694,2026-09-30T20:54,83649.180000,-0.569200,-0.122560,2026-09-30,291.000000,0.693737,0.226457,83664.870000,83648.570000
29846695,2026-09-30T20:55,83616.110000,-0.114600,-0.558243,2026-09-30,302.000000,1.094499,0.266955,83649.190000,83608.640000
29846696,2026-09-30T20:56,83591.580000,0.112400,-0.465093,2026-09-30,270.000000,0.357614,0.380267,83616.120000,83589.460000
29846697,2026-09-30T20:57,83595.670000,0.684200,-0.241527,2026-09-30,294.000000,0.594511,0.491585,83596.350000,83580.010000
29846698,2026-09-30T20:58,83604.610000,0.605100,-0.015749,2026-09-30,346.000000,1.180552,0.323448,83607.910000,83590.540000
29846699,2026-09-30T20:59,83617.760000,0.413700,-0.354216,2026-09-30,404.000000,1.407012,0.728342,83629.570000,83600.800000
29846700,2026-09-30T21:00,83666.930000,0.261600,0.483429,2026-09-30,371.000000,0.643592,0.481627,83666.950000,83622.820000
29846701,2026-09-30T21:01,83653.610000,-0.553300,-0.160405,2026-09-30,404.000000,2.391025,0.685059,83697.720000,83653.610000
29846702,2026-09-30T21:02,83661.070000,0.603000,0.369820,2026-09-30,321.000000,0.880264,0.581090,83661.940000,83637.740000
29846703,2026-09-30T21:03,83689.700000,-0.142500,0.162242,2026-09-30,436.000000,6.043105,0.057344,83705.680000,83661.060000
29846704,2026-09-30T21:04,83696.930000,-0.413500,-0.885310,2026-09-30,337.000000,1.036079,0.442682,83712.870000,83689.560000
29846705,2026-09-30T21:05,83685.260000,-0.155500,-0.114635,2026-09-30,306.000000,0.503080,0.286781,83696.930000,83677.900000
29846706,2026-09-30T21:06,83696.260000,0.262300,-0.442423,2026-09-30,320.000000,0.675860,0.427396,83698.270000,83676.010000
29846707,2026-09-30T21:07,83681.320000,-0.173400,-0.125311,2026-09-30,381.000000,0.500139,0.264534,83701.880000,83674.550000
29846708,2026-09-30T21:08,83686.790000,0.067000,-0.473141,2026-09-30,402.000000,0.801933,0.892361,83688.450000,83665.620000
29846709,2026-09-30T21:09,83700.010000,-0.001500,0.735293,2026-09-30,342.000000,1.073797,0.806477,83700.510000,83677.310000
29846710,2026-09-30T21:10,83680.920000,0.137200,0.648047,2026-09-30,538.000000,7.093714,0.108701,83725.560000,83677.010000
29846711,2026-09-30T21:11,83709.320000,0.205000,-0.758992,2026-09-30,343.000000,2.110170,0.238204,83709.970000,83675.240000
29846712,2026-09-30T21:12,83723.040000,-0.373900,-0.590724,2026-09-30,512.000000,7.421053,0.515928,83751.010000,83709.310000
29846713,2026-09-30T21:13,83704.820000,0.070500,0.033270,2026-09-30,347.000000,1.322612,0.288323,83728.470000,83700.010000
29846714,2026-09-30T21:14,83707.740000,0.009400,-0.447834,2026-09-30,287.000000,0.499967,0.586378,83733.160000,83704.810000
29846715,2026-09-30T21:15,83690.010000,0.193800,0.019104,2026-09-30,300.000000,1.679543,0.149202,83712.820000,83690.000000
29846716,2026-09-30T21:16,83732.010000,0.197300,-0.893862,2026-09-30,483.000000,7.585442,0.316668,83732.010000,83665.820000
29846717,2026-09-30T21:17,83745.670000,0.243000,0.073659,2026-09-30,369.000000,1.165002,0.467649,83745.680000,83724.670000
29846718,2026-09-30T21:18,83760.180000,0.306900,-0.064465,2026-09-30,333.000000,3.277086,0.807425,83776.960000,83745.670000
29846719,2026-09-30T21:19,83737.320000,-0.653700,0.467704,2026-09-30,335.000000,2.189248,0.552627,83775.130000,83737.310000
29846720,2026-09-30T21:20,83745.460000,-0.338400,0.358221,2026-09-30,281.000000,0.797201,0.552935,83746.320000,83737.310000
29846721,2026-09-30T21:21,83737.330000,-0.351600,-0.127469,2026-09-30,291.000000,1.019242,0.836336,83752.850000,83737.310000
29846722,2026-09-30T21:22,83729.980000,0.002600,0.525096,2026-09-30,274.000000,0.585830,0.369683,83737.320000,83728.940000
29846723,2026-09-30T21:23,83725.080000,-0.401400,-0.110100,2026-09-30,279.000000,0.893773,0.200391,83729.980000,83723.770000
29846724,2026-09-30T21:24,83677.010000,0.702400,-0.601142,2026-09-30,420.000000,4.559889,0.036220,83727.100000,83677.000000
29846725,2026-09-30T21:25,83677.010000,0.712800,-0.922299,2026-09-30,292.000000,1.503420,0.472322,83697.960000,83677.000000
29846726,2026-09-30T21:26,83701.020000,0.998800,-0.061872,2026-09-30,343.000000,1.142767,0.206814,83707.600000,83677.000000
29846727,2026-09-30T21:27,83700.020000,-0.086600,-0.587440,2026-09-30,235.000000,0.432885,0.268561,83707.390000,83698.600000
29846728,2026-09-30T21:28,83693.960000,-0.080300,-0.466111,2026-09-30,270.000000,0.707840,0.372440,83699.490000,83690.730000
29846729,2026-09-30T21:29,83678.010000,0.805000,-0.248913,2026-09-30,302.000000,2.030449,0.235219,83709.800000,83677.000000
29846730,2026-09-30T21:30,83681.990000,0.398800,-0.527871,2026-09-30,489.000000,10.262125,0.162575,83681.990000,83667.470000
29846731,2026-09-30T21:31,83699.790000,0.769600,-0.673550,2026-09-30,314.000000,0.907860,0.779611,83699.780000,83681.980000
29846732,2026-09-30T21:32,83703.300000,-0.169300,0.559785,2026-09-30,508.000000,3.708868,0.875588,83741.480000,83699.330000
29846733,2026-09-30T21:33,83730.170000,0.368600,0.750472,2026-09-30,337.000000,0.678576,0.513316,83730.170000,83703.300000
29846734,2026-09-30T21:34,83738.540000,0.345600,0.024110,2026-09-30,292.000000,0.730163,0.543347,83738.550000,83724.110000
29846735,2026-09-30T21:35,83742.540000,1.000000,0.087626,2026-09-30,282.000000,0.420911,0.340607,83745.530000,83728.820000
29846736,2026-09-30T21:36,83753.920000,-0.200000,-0.312937,2026-09-30,373.000000,1.022286,0.414992,83772.250000,83745.540000
29846737,2026-09-30T21:37,83732.800000,0.254400,-0.172219,2026-09-30,313.000000,1.138022,0.212163,83759.130000,83730.400000
29846738,2026-09-30T21:38,83735.760000,-0.773500,0.173955,2026-09-30,325.000000,1.533626,0.809181,83749.940000,83732.280000
29846739,2026-09-30T21:39,83705.380000,-0.574400,-0.177629,2026-09-30,289.000000,0.433008,0.412791,83735.760000,83704.770000
29846740,2026-09-30T21:40,83710.930000,0.369500,-0.223370,2026-09-30,304.000000,0.841351,0.639873,83719.300000,83688.240000
29846741,2026-09-30T21:41,83692.850000,-0.239300,0.323035,2026-09-30,296.000000,0.955545,0.452575,83710.940000,83690.350000
29846742,2026-09-30T21:42,83689.330000,-0.512000,-0.091645,2026-09-30,291.000000,0.866035,0.591067,83708.360000,83689.330000
29846743,2026-09-30T21:43,83685.860000,-0.561300,0.181733,2026-09-30,322.000000,2.343974,0.494492,83703.850000,83682.750000
29846744,2026-09-30T21:44,83661.800000,-0.640400,-0.011998,2026-09-30,283.000000,1.157005,0.177939,83684.860000,83661.800000
29846745,2026-09-30T21:45,83671.290000,0.517600,-0.644122,2026-09-30,287.000000,1.068350,0.815494,83672.330000,83657.760000
29846746,2026-09-30T21:46,83690.990000,0.958200,0.630989,2026-09-30,329.000000,0.639101,0.728897,83690.990000,83670.670000
29846747,2026-09-30T21:47,83702.210000,0.547300,0.457795,2026-09-30,308.000000,0.358377,0.441017,83702.220000,83690.980000
29846748,2026-09-30T21:48,83702.210000,0.707300,-0.117995,2026-09-30,53.000000,0.055871,0.994177,83704.970000,83702.210000
29846749,2026-09-30T21:49,83676.770000,-0.575200,0.988782,2026-09-30,578.000000,1.770860,0.549836,83714.030000,83676.010000
29846750,2026-09-30T21:50,83705.020000,0.244300,0.099730,2026-09-30,323.000000,1.045472,0.831370,83713.100000,83676.770000
29846751,2026-09-30T21:51,83672.760000,0.188100,0.662579,2026-09-30,340.000000,0.875579,0.452254,83705.260000,83670.720000
29846752,2026-09-30T21:52,83687.610000,0.060400,-0.093290,2026-09-30,375.000000,1.283795,0.584581,83708.690000,83666.860000
29846753,2026-09-30T21:53,83676.790000,-0.114900,0.168444,2026-09-30,275.000000,0.873429,0.167455,83695.090000,83675.040000
29846754,2026-09-30T21:54,83695.800000,-0.283400,-0.666217,2026-09-30,309.000000,1.505105,0.634912,83706.210000,83676.970000
29846755,2026-09-30T21:55,83693.370000,-0.040300,0.269823,2026-09-30,280.000000,1.263675,0.906576,83702.010000,83692.360000
29846756,2026-09-30T21:56,83705.170000,0.130200,0.816038,2026-09-30,283.000000,0.567704,0.786616,83707.420000,83687.530000
29846757,2026-09-30T21:57,83711.850000,0.174900,0.576494,2026-09-30,346.000000,1.588120,0.588385,83717.650000,83703.460000
29846758,2026-09-30T21:58,83712.580000,0.235200,0.164002,2026-09-30,280.000000,0.619808,0.741536,83713.620000,83706.810000
29846759,2026-09-30T21:59,83712.580000,0.206800,0.482710,2026-09-30,258.000000,0.448335,0.803541,83712.590000,83703.620000
29846760,2026-09-30T22:00,83714.950000,0.737800,0.715049,2026-09-30,327.000000,0.818321,0.755278,83736.340000,83710.890000
29846761,2026-09-30T22:01,83704.870000,-0.243000,0.265621,2026-09-30,340.000000,2.678592,0.781798,83730.950000,83690.850000
29846762,2026-09-30T22:02,83703.550000,-0.145500,0.599621,2026-09-30,312.000000,1.555081,0.759628,83706.220000,83695.430000
29846763,2026-09-30T22:03,83655.270000,-0.489500,0.536275,2026-09-30,456.000000,14.749061,0.258999,83702.560000,83625.850000
29846764,2026-09-30T22:04,83657.610000,-0.237600,-0.468558,2026-09-30,410.000000,4.330589,0.450439,83674.470000,83655.280000
29846765,2026-09-30T22:05,83674.290000,0.691200,-0.207503,2026-09-30,389.000000,1.802997,0.478055,83674.290000,83655.410000
29846766,2026-09-30T22:06,83601.010000,-0.471600,0.037498,2026-09-30,345.000000,3.600275,0.033648,83674.290000,83601.010000
29846767,2026-09-30T22:07,83546.640000,-0.360800,-0.929399,2026-09-30,486.000000,14.459352,0.372697,83601.020000,83538.020000
29846768,2026-09-30T22:08,83572.150000,0.673200,-0.254710,2026-09-30,346.000000,1.003110,0.563923,83572.160000,83543.390000
29846769,2026-09-30T22:09,83569.710000,0.646100,0.122081,2026-09-30,283.000000,1.235039,0.703790,83572.150000,83551.790000
29846770,2026-09-30T22:10,83594.120000,-0.016300,0.412010,2026-09-30,491.000000,5.192941,0.435079,83605.730000,83564.740000
29846771,2026-09-30T22:11,83611.740000,0.189800,-0.129382,2026-09-30,302.000000,1.037412,0.863417,83611.740000,83591.250000
29846772,2026-09-30T22:12,83623.740000,0.813900,0.727794,2026-09-30,361.000000,0.820156,0.529321,83623.740000,83603.820000
29846773,2026-09-30T22:13,83658.360000,0.433700,0.058380,2026-09-30,437.000000,1.888579,0.099473,83659.890000,83623.730000
29846774,2026-09-30T22:14,83678.010000,0.835500,-0.807723,2026-09-30,422.000000,4.032097,0.710913,83678.010000,83647.630000
29846775,2026-09-30T22:15,83692.540000,0.337800,0.450498,2026-09-30,289.000000,1.007472,0.555006,83696.960000,83678.010000
29846776,2026-09-30T22:16,83694.700000,-0.310800,0.075626,2026-09-30,326.000000,1.609079,0.661315,83698.360000,83687.560000
29846777,2026-09-30T22:17,83700.170000,0.284000,0.302473,2026-09-30,378.000000,2.271362,0.514241,83701.050000,83693.020000
29846778,2026-09-30T22:18,83692.520000,0.182500,-0.041088,2026-09-30,381.000000,2.593213,0.677662,83713.110000,83653.930000
29846779,2026-09-30T22:19,83682.890000,-0.258600,0.355789,2026-09-30,281.000000,1.180437,0.842651,83697.700000,83679.230000
29846780,2026-09-30T22:20,83674.760000,-0.479900,0.573745,2026-09-30,317.000000,1.596953,0.686333,83690.000000,83673.490000
29846781,2026-09-30T22:21,83679.670000,-0.044000,0.448195,2026-09-30,269.000000,2.102457,0.396233,83687.970000,83673.140000
29846782,2026-09-30T22:22,83697.680000,0.524600,-0.241787,2026-09-30,349.000000,2.980905,0.109275,83697.690000,83677.080000
29846783,2026-09-30T22:23,83715.760000,0.312100,-0.776201,2026-09-30,392.000000,1.685170,0.220311,83721.330000,83696.010000
29846784,2026-09-30T22:24,83721.520000,0.395700,-0.552743,2026-09-30,307.000000,2.220641,0.205005,83721.530000,83711.490000
29846785,2026-09-30T22:25,83753.860000,0.099800,-0.586675,2026-09-30,406.000000,3.351932,0.888474,83757.040000,83721.520000
29846786,2026-09-30T22:26,83761.890000,-0.099800,0.776839,2026-09-30,259.000000,0.660860,0.509744,83761.890000,83751.890000
29846787,2026-09-30T22:27,83761.700000,0.088500,0.020552,2026-09-30,299.000000,0.387192,0.578914,83764.150000,83743.440000
29846788,2026-09-30T22:28,83756.710000,0.248200,0.170687,2026-09-30,288.000000,0.870010,0.306597,83766.630000,83756.710000
29846789,2026-09-30T22:29,83773.730000,-0.291600,-0.398084,2026-09-30,289.000000,2.037011,0.217130,83773.720000,83756.710000
29846790,2026-09-30T22:30,83776.990000,-0.194900,-0.554725,2026-09-30,301.000000,0.652284,0.251665,83776.990000,83756.420000
29846791,2026-09-30T22:31,83780.140000,0.547800,-0.492414,2026-09-30,305.000000,1.783954,0.786129,83794.570000,83776.660000
29846792,2026-09-30T22:32,83769.210000,-0.413000,0.568415,2026-09-30,254.000000,2.803706,0.041051,83780.150000,83766.640000
29846793,2026-09-30T22:33,83781.380000,0.398700,-0.913295,2026-09-30,301.000000,1.113101,0.169269,83786.510000,83766.000000
29846794,2026-09-30T22:34,83780.830000,-0.587800,-0.671593,2026-09-30,290.000000,1.053419,0.145268,83793.590000,83779.790000
29846795,2026-09-30T22:35,83769.010000,-0.270000,-0.709464,2026-09-30,319.000000,2.746179,0.059286,83782.220000,83762.270000
29846796,2026-09-30T22:36,83778.580000,0.325900,-0.881428,2026-09-30,280.000000,1.404447,0.268861,83779.900000,83769.000000
29846797,2026-09-30T22:37,83779.950000,0.072200,-0.462277,2026-09-30,284.000000,1.082696,0.273111,83782.900000,83769.000000
29846798,2026-09-30T22:38,83780.550000,0.314600,-0.453777,2026-09-30,292.000000,1.433839,0.090544,83782.690000,83778.060000
29846799,2026-09-30T22:39,83758.960000,-0.122200,-0.829530,2026-09-30,357.000000,2.358920,0.194992,83780.550000,83751.280000
29846800,2026-09-30T22:40,83775.210000,0.627400,-0.593912,2026-09-30,319.000000,1.516318,0.175417,83778.060000,83756.870000
29846801,2026-09-30T22:41,83779.330000,0.479600,-0.638619,2026-09-30,299.000000,1.929577,0.152582,83782.830000,83774.000000
29846802,2026-09-30T22:42,83779.730000,0.434600,-0.703451,2026-09-30,268.000000,1.207117,0.140599,83782.690000,83777.230000
29846803,2026-09-30T22:43,83741.920000,0.298800,-0.709048,2026-09-30,398.000000,3.477559,0.184601,83781.220000,83739.020000
29846804,2026-09-30T22:44,83757.260000,0.572400,-0.633432,2026-09-30,321.000000,2.343843,0.136598,83761.320000,83741.920000
29846805,2026-09-30T22:45,83746.650000,0.265200,-0.726788,2026-09-30,237.000000,1.098331,0.245505,83757.270000,83746.650000
29846806,2026-09-30T22:46,83738.010000,-0.275200,-0.510370,2026-09-30,314.000000,1.369147,0.097390,83754.190000,83738.000000
29846807,2026-09-30T22:47,83732.040000,-0.226600,-0.834426,2026-09-30,261.000000,0.767151,0.275825,83738.010000,83731.350000
29846808,2026-09-30T22:48,83719.270000,-0.081100,-0.173293,2026-09-30,371.000000,2.860538,0.111362,83732.040000,83704.620000
29846809,2026-09-30T22:49,83707.510000,0.610700,-0.776828,2026-09-30,320.000000,1.882365,0.194742,83719.940000,83689.040000
29846810,2026-09-30T22:50,83688.020000,-0.491700,-0.468114,2026-09-30,324.000000,3.176783,0.105098,83726.450000,83688.010000
29846811,2026-09-30T22:51,83661.370000,0.389900,-0.898944,2026-09-30,351.000000,1.632261,0.393800,83688.030000,83651.360000
29846812,2026-09-30T22:52,83698.740000,0.576300,-0.213544,2026-09-30,340.000000,0.948620,0.181828,83702.340000,83660.500000
29846813,2026-09-30T22:53,83667.770000,-0.012900,-0.734164,2026-09-30,286.000000,1.405157,0.149751,83698.680000,83661.840000
29846814,2026-09-30T22:54,83668.670000,-0.159800,-0.604155,2026-09-30,310.000000,1.143735,0.155481,83691.120000,83662.040000
29846815,2026-09-30T22:55,83649.790000,-0.159500,-0.654516,2026-09-30,369.000000,1.954569,0.188076,83703.110000,83648.110000
29846816,2026-09-30T22:56,83675.110000,0.933000,-0.674134,2026-09-30,313.000000,1.432083,0.129916,83676.950000,83647.570000
29846817,2026-09-30T22:57,83642.140000,-0.374200,-0.705379,2026-09-30,399.000000,3.118871,0.229133,83685.300000,83642.130000
29846818,2026-09-30T22:58,83644.110000,-0.016400,-0.541357,2026-09-30,330.000000,2.192017,0.166543,83662.880000,83632.320000
29846819,2026-09-30T22:59,83627.010000,-0.227700,-0.667511,2026-09-30,300.000000,1.193562,0.271751,83644.110000,83619.920000
29846820,2026-09-30T23:00,83657.290000,0.459000,-0.538126,2026-09-30,595.000000,6.035932,0.268662,83663.240000,83610.940000
29846821,2026-09-30T23:01,83653.290000,-0.072300,-0.442978,2026-09-30,444.000000,3.442148,0.203236,83686.670000,83652.730000
29846822,2026-09-30T23:02,83693.890000,0.135800,-0.589836,2026-09-30,453.000000,4.322619,0.163032,83699.070000,83653.290000
29846823,2026-09-30T23:03,83697.010000,0.182800,-0.677671,2026-09-30,397.000000,5.367956,0.105550,83724.710000,83653.760000
29846824,2026-09-30T23:04,83669.200000,-0.234600,-0.788123,2026-09-30,331.000000,1.107312,0.150434,83710.330000,83669.110000
29846825,2026-09-30T23:05,83651.460000,-0.230400,-0.701125,2026-09-30,355.000000,2.334439,0.128281,83689.930000,83651.450000
29846826,2026-09-30T23:06,83643.860000,0.258100,-0.743349,2026-09-30,359.000000,4.799372,0.246098,83679.230000,83638.020000
29846827,2026-09-30T23:07,83628.830000,0.085600,-0.510224,2026-09-30,388.000000,2.997509,0.196530,83655.590000,83618.250000
29846828,2026-09-30T23:08,83587.040000,-0.625800,-0.617544,2026-09-30,443.000000,3.768186,0.224891,83628.820000,83583.810000
29846829,2026-09-30T23:09,83612.040000,1.000000,-0.553581,2026-09-30,395.000000,2.688252,0.176049,83612.030000,83581.910000
29846830,2026-09-30T23:10,83590.890000,0.367500,-0.648191,2026-09-30,291.000000,2.788079,0.095791,83612.040000,83588.480000
29846831,2026-09-30T23:11,83574.010000,-0.828900,-0.795612,2026-09-30,372.000000,4.244622,0.062412,83597.360000,83574.010000
29846832,2026-09-30T23:12,83595.680000,-0.191300,-0.866940,2026-09-30,398.000000,2.936123,0.149622,83611.870000,83573.810000
29846833,2026-09-30T23:13,83650.610000,0.706500,-0.702174,2026-09-30,575.000000,5.094387,0.485380,83650.800000,83597.550000
29846834,2026-09-30T23:14,83630.420000,0.020700,-0.029403,2026-09-30,384.000000,2.203419,0.239762,83675.930000,83630.400000
29846835,2026-09-30T23:15,83622.010000,-0.602300,-0.520450,2026-09-30,364.000000,0.865559,0.292422,83650.290000,83622.010000
29846836,2026-09-30T23:16,83660.380000,0.032600,-0.394736,2026-09-30,537.000000,3.955131,0.656056,83703.130000,83606.290000
29846837,2026-09-30T23:17,83648.040000,-0.160400,0.309006,2026-09-30,444.000000,19.314970,0.502977,83687.790000,83646.270000
29846838,2026-09-30T23:18,83651.580000,-0.607100,0.006905,2026-09-30,660.000000,19.897477,0.151328,83674.960000,83606.230000
29846839,2026-09-30T23:19,83662.040000,-0.114700,-0.697783,2026-09-30,340.000000,1.306937,0.467314,83673.890000,83643.210000
29846840,2026-09-30T23:20,83661.580000,-0.157300,-0.012065,2026-09-30,266.000000,1.032101,0.116528,83662.040000,83642.950000
29846841,2026-09-30T23:21,83693.290000,-0.492200,-0.766924,2026-09-30,527.000000,5.949250,0.186252,83784.030000,83661.580000
29846842,2026-09-30T23:22,83676.480000,-0.263900,-0.627500,2026-09-30,296.000000,1.733279,0.275285,83693.280000,83667.480000
29846843,2026-09-30T23:23,83694.960000,-0.023500,-0.448370,2026-09-30,383.000000,1.953713,0.333866,83707.580000,83669.770000
29846844,2026-09-30T23:24,83701.650000,0.204200,-0.332455,2026-09-30,438.000000,2.815720,0.532064,83704.340000,83677.880000
29846845,2026-09-30T23:25,83695.350000,-0.213900,0.063952,2026-09-30,290.000000,1.530614,0.201957,83719.390000,83690.810000
29846846,2026-09-30T23:26,83701.170000,0.081500,-0.596575,2026-09-30,349.000000,2.356883,0.663752,83723.830000,83688.070000
29846847,2026-09-30T23:27,83693.170000,-0.214500,0.327735,2026-09-30,303.000000,1.733607,0.165992,83701.180000,83688.880000
29846848,2026-09-30T23:28,83619.570000,0.044800,-0.662779,2026-09-30,431.000000,5.739189,0.297104,83696.220000,83617.120000
29846849,2026-09-30T23:29,83604.540000,-0.531400,-0.373667,2026-09-30,330.000000,2.231686,0.338206,83625.080000,83598.960000
29846850,2026-09-30T23:30,83630.990000,0.838800,-0.410404,2026-09-30,389.000000,1.458393,0.431883,83630.990000,83604.530000
29846851,2026-09-30T23:31,83579.330000,-0.495700,-0.138667,2026-09-30,382.000000,1.978330,0.191913,83632.680000,83576.330000
29846852,2026-09-30T23:32,83556.640000,-0.318200,-0.614437,2026-09-30,294.000000,1.251355,0.568955,83579.330000,83556.630000
29846853,2026-09-30T23:33,83501.040000,0.138000,0.135754,2026-09-30,541.000000,8.033886,0.256784,83556.630000,83463.330000
29846854,2026-09-30T23:34,83553.450000,0.524500,-0.486409,2026-09-30,503.000000,4.670200,0.653806,83557.600000,83502.900000
29846855,2026-09-30T23:35,83554.760000,0.471500,0.307737,2026-09-30,367.000000,1.013031,0.466719,83577.940000,83533.690000
29846856,2026-09-30T23:36,83577.490000,0.161200,-0.064307,2026-09-30,472.000000,4.399367,0.683232,83640.870000,83554.750000
29846857,2026-09-30T23:37,83609.110000,0.152400,0.366016,2026-09-30,378.000000,1.848350,0.350278,83615.270000,83565.010000
29846858,2026-09-30T23:38,83593.740000,0.467200,-0.299435,2026-09-30,335.000000,1.643604,0.274357,83619.920000,83592.900000
29846859,2026-09-30T23:39,83580.260000,0.025100,-0.454588,2026-09-30,289.000000,0.729987,0.443808,83593.750000,83580.260000
29846860,2026-09-30T23:40,83593.080000,-0.134600,-0.156214,2026-09-30,321.000000,1.267803,0.398571,83597.000000,83567.530000
29846861,2026-09-30T23:41,83586.270000,-0.465500,-0.168238,2026-09-30,336.000000,1.485097,0.566790,83613.030000,83586.000000
29846862,2026-09-30T23:42,83566.460000,0.087300,0.130777,2026-09-30,356.000000,1.189825,0.529648,83586.280000,83554.460000
29846863,2026-09-30T23:43,83563.900000,0.193200,0.055649,2026-09-30,251.000000,0.879579,0.100240,83568.690000,83549.900000
29846864,2026-09-30T23:44,83564.980000,0.272900,-0.794403,2026-09-30,258.000000,2.231049,0.079287,83567.420000,83555.120000
29846865,2026-09-30T23:45,83523.330000,-0.382100,-0.844348,2026-09-30,369.000000,2.168442,0.190219,83564.980000,83523.320000
29846866,2026-09-30T23:46,83521.790000,0.847400,-0.684852,2026-09-30,351.000000,1.644034,0.288645,83523.330000,83502.900000
29846867,2026-09-30T23:47,83505.390000,-0.227700,-0.191555,2026-09-30,409.000000,1.869812,0.608760,83546.010000,83505.390000
29846868,2026-09-30T23:48,83511.740000,0.975300,0.218300,2026-09-30,356.000000,1.821943,0.312925,83513.430000,83485.350000
29846869,2026-09-30T23:49,83523.730000,0.725900,-0.384960,2026-09-30,337.000000,1.440987,0.594796,83526.650000,83503.700000
29846870,2026-09-30T23:50,83519.990000,0.128000,0.189593,2026-09-30,645.000000,5.935385,0.496980,83553.080000,83489.880000
29846871,2026-09-30T23:51,83525.610000,0.028100,0.010958,2026-09-30,734.000000,13.824455,0.449231,83604.850000,83506.650000
29846872,2026-09-30T23:52,83552.760000,0.342400,0.004974,2026-09-30,664.000000,17.223514,0.537016,83570.220000,83515.550000
29846873,2026-09-30T23:53,83568.450000,0.011300,-0.019655,2026-09-30,538.000000,7.119642,0.497625,83598.950000,83551.920000
29846874,2026-09-30T23:54,83539.010000,-0.142100,-0.004413,2026-09-30,545.000000,10.605457,0.613165,83586.240000,83537.670000
29846875,2026-09-30T23:55,83530.830000,-0.355700,0.228796,2026-09-30,309.000000,0.954105,0.374120,83544.900000,83530.830000
29846876,2026-09-30T23:56,83536.210000,0.508700,-0.296875,2026-09-30,303.000000,0.988968,0.506934,83537.530000,83525.720000
29846877,2026-09-30T23:57,83536.010000,0.250200,0.011970,2026-09-30,443.000000,3.819860,0.245202,83540.690000,83509.990000
29846878,2026-09-30T23:58,83551.010000,0.202600,-0.510267,2026-09-30,317.000000,1.117003,0.122513,83554.950000,83528.690000
29846879,2026-09-30T23:59,83556.140000,0.026700,-0.771042,2026-09-30,310.000000,1.566390,0.146500,83568.440000,83548.440000
