minute_epoch,minute_utc,close,book_imb,ofi,day,trades,volume,buy_share,high,low
29766660,2026-08-06T07:00,64772.710000,-0.041900,-1.000000,2026-08-06,131.000000,1.452256,0.658215,64793.950000,64772.710000
29766661,2026-08-06T07:01,64759.510000,-0.184300,0.316434,2026-08-06,135.000000,1.335933,0.735779,64773.210000,64757.810000
29766662,2026-08-06T07:02,64782.210000,-0.180600,0.471557,2026-08-06,169.000000,1.535175,0.883504,64782.220000,64757.870000
29766663,2026-08-06T07:03,64759.150000,0.262700,0.767007,2026-08-06,109.000000,1.392011,0.794874,64782.220000,64759.150000
29766664,2026-08-06T07:04,64759.690000,-0.142000,0.589970,2026-08-06,98.000000,1.142818,0.994281,64759.700000,64759.150000
29766665,2026-08-06T07:05,64785.930000,0.000600,0.989812,2026-08-06,254.000000,3.529934,0.813197,64798.000000,64759.700000
29766666,2026-08-06T07:06,64796.930000,-0.248400,0.610850,2026-08-06,106.000000,1.624609,0.919126,64796.930000,64781.500000
29766667,2026-08-06T07:07,64776.080000,-0.012200,0.838251,2026-08-06,88.000000,0.453322,0.332810,64796.930000,64773.150000
29766668,2026-08-06T07:08,64776.080000,0.202700,-0.318249,2026-08-06,42.000000,0.101299,0.629080,64776.090000,64776.080000
29766669,2026-08-06T07:09,64785.710000,-0.051800,0.215185,2026-08-06,91.000000,0.888042,0.707530,64798.900000,64776.080000
29766670,2026-08-06T07:10,64789.990000,0.103700,0.415059,2026-08-06,101.000000,0.933102,0.702814,64790.000000,64776.080000
29766671,2026-08-06T07:11,64807.260000,0.296000,0.405629,2026-08-06,167.000000,2.231452,0.908529,64813.900000,64789.990000
29766672,2026-08-06T07:12,64811.630000,0.379700,0.804094,2026-08-06,125.000000,1.877483,0.588492,64813.900000,64807.250000
29766673,2026-08-06T07:13,64824.190000,-0.045400,0.184460,2026-08-06,121.000000,0.934925,0.496203,64824.200000,64807.290000
29766674,2026-08-06T07:14,64871.490000,0.405500,-0.007594,2026-08-06,268.000000,3.399667,0.858188,64873.600000,64819.610000
29766675,2026-08-06T07:15,64857.010000,0.146800,0.714417,2026-08-06,228.000000,4.351991,0.887266,64871.490000,64839.400000
29766676,2026-08-06T07:16,64850.810000,0.168600,0.780599,2026-08-06,192.000000,1.500288,0.123212,64866.000000,64850.810000
29766677,2026-08-06T07:17,64828.040000,0.315800,-0.863877,2026-08-06,115.000000,1.039727,0.417077,64854.770000,64828.090000
29766678,2026-08-06T07:18,64861.070000,-0.105900,-0.165846,2026-08-06,204.000000,3.252671,0.480517,64861.070000,64820.410000
29766679,2026-08-06T07:19,64857.460000,0.588700,-0.038966,2026-08-06,105.000000,0.508228,0.460656,64861.060000,64850.800000
29766680,2026-08-06T07:20,64865.960000,0.140800,-0.078688,2026-08-06,167.000000,1.087967,0.560523,64865.960000,64844.660000
29766681,2026-08-06T07:21,64873.980000,0.298600,0.121047,2026-08-06,122.000000,0.440226,0.292743,64884.990000,64865.960000
29766682,2026-08-06T07:22,64880.580000,0.256400,-0.414514,2026-08-06,141.000000,0.655520,0.692978,64880.580000,64866.470000
29766683,2026-08-06T07:23,64874.930000,0.172200,0.385954,2026-08-06,237.000000,3.080038,0.333976,64900.390000,64869.800000
29766684,2026-08-06T07:24,64876.920000,0.261700,-0.332049,2026-08-06,111.000000,0.333729,0.572823,64881.810000,64869.810000
29766685,2026-08-06T07:25,64858.040000,-0.101500,0.168228,2026-08-06,130.000000,0.662418,0.325695,64876.920000,64854.610000
29766686,2026-08-06T07:26,64847.010000,-0.040600,-0.365570,2026-08-06,138.000000,2.244528,0.829858,64864.060000,64847.000000
29766687,2026-08-06T07:27,64859.510000,0.212600,0.659590,2026-08-06,141.000000,0.666189,0.561837,64862.450000,64847.000000
29766688,2026-08-06T07:28,64839.400000,0.501500,0.123674,2026-08-06,77.000000,0.273107,0.304132,64859.520000,64839.400000
29766689,2026-08-06T07:29,64830.440000,0.098900,-0.390565,2026-08-06,78.000000,0.148687,0.487366,64839.410000,64830.440000
29766690,2026-08-06T07:30,64824.210000,-0.008000,-0.026857,2026-08-06,84.000000,0.283104,0.219818,64831.750000,64824.200000
29766691,2026-08-06T07:31,64826.650000,0.478700,-0.560363,2026-08-06,66.000000,0.419497,0.951028,64826.650000,64824.200000
29766692,2026-08-06T07:32,64807.540000,0.165300,0.902349,2026-08-06,175.000000,0.971132,0.483372,64826.650000,64801.400000
29766693,2026-08-06T07:33,64805.650000,0.243000,-0.034601,2026-08-06,169.000000,1.327573,0.740481,64810.870000,64802.540000
29766694,2026-08-06T07:34,64816.600000,0.442700,0.480962,2026-08-06,157.000000,0.322707,0.984622,64818.340000,64805.640000
29766695,2026-08-06T07:35,64822.820000,-0.148000,0.709599,2026-08-06,126.000000,0.555755,0.384031,64828.000000,64811.510000
29766696,2026-08-06T07:36,64820.580000,0.142100,-0.157188,2026-08-06,60.000000,0.070473,0.614336,64824.900000,64818.920000
29766697,2026-08-06T07:37,64822.510000,0.077000,0.273853,2026-08-06,102.000000,0.561832,0.766805,64841.510000,64820.580000
29766698,2026-08-06T07:38,64802.900000,0.178600,0.529129,2026-08-06,100.000000,0.777369,0.448999,64822.520000,64800.110000
29766699,2026-08-06T07:39,64791.690000,-0.236700,-0.102002,2026-08-06,96.000000,2.140192,0.064457,64802.900000,64790.000000
29766700,2026-08-06T07:40,64789.730000,-0.009500,-0.873359,2026-08-06,288.000000,4.787508,0.919167,64794.570000,64786.200000
29766701,2026-08-06T07:41,64759.380000,0.166700,0.855352,2026-08-06,173.000000,0.733251,0.201131,64788.110000,64759.380000
29766702,2026-08-06T07:42,64740.600000,0.115300,-0.597738,2026-08-06,278.000000,1.831125,0.339725,64759.390000,64707.130000
29766703,2026-08-06T07:43,64743.010000,0.083700,-0.335345,2026-08-06,141.000000,0.996478,0.371387,64744.400000,64736.990000
29766704,2026-08-06T07:44,64749.080000,0.222800,-0.225450,2026-08-06,81.000000,0.250660,0.808139,64749.090000,64741.380000
29766705,2026-08-06T07:45,64763.070000,-0.179700,0.611974,2026-08-06,94.000000,0.188518,0.787984,64763.060000,64749.080000
29766706,2026-08-06T07:46,64774.790000,0.092900,0.581462,2026-08-06,94.000000,0.162347,0.465432,64774.800000,64763.060000
29766707,2026-08-06T07:47,64759.630000,-0.095000,-0.130004,2026-08-06,66.000000,0.099304,0.444611,64770.990000,64759.630000
29766708,2026-08-06T07:48,64773.180000,0.429900,0.003848,2026-08-06,79.000000,0.711458,0.222436,64774.800000,64759.630000
29766709,2026-08-06T07:49,64774.490000,0.343800,-0.555128,2026-08-06,59.000000,0.149953,0.857174,64774.490000,64770.850000
29766710,2026-08-06T07:50,64765.240000,0.103900,0.714348,2026-08-06,75.000000,2.139829,0.148141,64774.800000,64763.410000
29766711,2026-08-06T07:51,64740.600000,-0.019000,-0.565095,2026-08-06,95.000000,1.629321,0.169479,64768.500000,64740.600000
29766712,2026-08-06T07:52,64721.600000,0.135700,-0.879694,2026-08-06,66.000000,0.185269,0.421367,64737.290000,64721.600000
29766713,2026-08-06T07:53,64738.540000,-0.055400,-0.157267,2026-08-06,168.000000,1.198770,0.952217,64741.390000,64721.610000
29766714,2026-08-06T07:54,64748.190000,0.214600,0.904435,2026-08-06,105.000000,0.837869,0.919501,64748.190000,64736.470000
29766715,2026-08-06T07:55,64767.190000,0.854300,0.839001,2026-08-06,159.000000,1.042970,0.787048,64767.190000,64748.190000
29766716,2026-08-06T07:56,64756.940000,0.442700,0.574457,2026-08-06,126.000000,0.189477,0.664875,64774.490000,64755.000000
29766717,2026-08-06T07:57,64759.290000,-0.473600,0.326605,2026-08-06,144.000000,0.551045,0.806637,64768.270000,64751.990000
29766718,2026-08-06T07:58,64755.040000,0.256900,0.478942,2026-08-06,110.000000,0.890866,0.677472,64759.280000,64741.720000
29766719,2026-08-06T07:59,64743.100000,0.186900,0.048238,2026-08-06,76.000000,0.640860,0.363808,64755.030000,64743.100000
29766720,2026-08-06T08:00,64774.790000,0.164600,0.510719,2026-08-06,220.000000,1.016524,0.893152,64774.800000,64743.110000
29766721,2026-08-06T08:01,64767.190000,0.101200,0.775624,2026-08-06,122.000000,0.497799,0.428651,64774.790000,64749.000000
29766722,2026-08-06T08:02,64758.940000,0.461700,-0.142698,2026-08-06,133.000000,0.894495,0.875934,64767.190000,64745.000000
29766723,2026-08-06T08:03,64767.210000,-0.521300,0.631210,2026-08-06,439.000000,3.345508,0.580944,64796.020000,64758.940000
29766724,2026-08-06T08:04,64774.990000,-0.265900,0.166497,2026-08-06,275.000000,2.232506,0.782415,64781.000000,64743.770000
29766725,2026-08-06T08:05,64762.740000,-0.196600,0.564830,2026-08-06,155.000000,1.328690,0.513622,64774.980000,64755.810000
29766726,2026-08-06T08:06,64764.010000,-0.577800,0.027244,2026-08-06,104.000000,0.729199,0.622547,64774.780000,64762.730000
29766727,2026-08-06T08:07,64749.850000,-0.033500,0.245093,2026-08-06,102.000000,0.701512,0.470964,64764.000000,64740.600000
29766728,2026-08-06T08:08,64769.760000,0.148300,-0.058072,2026-08-06,137.000000,1.301188,0.904072,64772.400000,64749.850000
29766729,2026-08-06T08:09,64724.560000,-0.699800,0.808199,2026-08-06,167.000000,1.254578,0.564972,64769.770000,64721.690000
29766730,2026-08-06T08:10,64720.710000,0.233100,0.130903,2026-08-06,217.000000,2.049564,0.507468,64731.650000,64717.800000
29766731,2026-08-06T08:11,64727.570000,-0.290300,0.014091,2026-08-06,112.000000,0.932181,0.476730,64729.190000,64715.230000
29766732,2026-08-06T08:12,64704.900000,-0.186100,-0.046541,2026-08-06,185.000000,1.662915,0.468780,64727.580000,64700.020000
29766733,2026-08-06T08:13,64699.180000,-0.507400,-0.074873,2026-08-06,126.000000,2.374918,0.898187,64704.900000,64695.000000
29766734,2026-08-06T08:14,64704.170000,0.040700,0.813439,2026-08-06,168.000000,2.906288,0.863761,64710.200000,64696.900000
29766735,2026-08-06T08:15,64688.440000,-0.350400,0.596670,2026-08-06,128.000000,1.435379,0.049195,64704.170000,64685.370000
29766736,2026-08-06T08:16,64724.460000,-0.504500,-0.882035,2026-08-06,350.000000,4.657292,0.847173,64726.510000,64688.450000
29766737,2026-08-06T08:17,64723.900000,0.127200,0.621153,2026-08-06,246.000000,2.043092,0.642830,64732.430000,64707.010000
29766738,2026-08-06T08:18,64717.810000,-0.231600,0.433742,2026-08-06,124.000000,0.541354,0.316364,64729.050000,64717.800000
29766739,2026-08-06T08:19,64715.020000,-0.316300,-0.372340,2026-08-06,89.000000,0.635791,0.666006,64724.710000,64715.000000
29766740,2026-08-06T08:20,64741.510000,-0.064500,0.689375,2026-08-06,221.000000,3.999918,0.866616,64747.480000,64715.030000
29766741,2026-08-06T08:21,64752.010000,-0.124400,0.673533,2026-08-06,205.000000,1.787192,0.705292,64774.790000,64741.510000
29766742,2026-08-06T08:22,64755.210000,-0.206000,0.410584,2026-08-06,87.000000,0.423539,0.442484,64757.750000,64748.200000
29766743,2026-08-06T08:23,64733.100000,-0.176700,-0.115032,2026-08-06,124.000000,2.038302,0.936371,64760.670000,64733.090000
29766744,2026-08-06T08:24,64768.400000,0.124900,0.872751,2026-08-06,217.000000,2.058219,0.745072,64768.410000,64733.090000
29766745,2026-08-06T08:25,64767.210000,-0.059700,0.490105,2026-08-06,70.000000,0.103053,0.400666,64778.590000,64767.200000
29766746,2026-08-06T08:26,64793.790000,-0.057300,-0.198665,2026-08-06,124.000000,0.478419,0.944604,64793.800000,64767.200000
29766747,2026-08-06T08:27,64808.980000,-0.069900,0.889206,2026-08-06,107.000000,0.489246,0.868715,64808.980000,64793.790000
29766748,2026-08-06T08:28,64790.570000,-0.192600,0.737432,2026-08-06,109.000000,0.917016,0.521511,64808.970000,64782.620000
29766749,2026-08-06T08:29,64838.900000,0.169100,0.045445,2026-08-06,289.000000,3.204121,0.750287,64838.890000,64790.570000
29766750,2026-08-06T08:30,64857.070000,0.336800,0.500328,2026-08-06,205.000000,1.460628,0.236699,64861.620000,64835.550000
29766751,2026-08-06T08:31,64834.400000,0.239100,-0.527391,2026-08-06,106.000000,1.097063,0.142045,64857.060000,64831.860000
29766752,2026-08-06T08:32,64828.010000,0.066200,-0.715910,2026-08-06,65.000000,0.256600,0.677873,64835.120000,64824.220000
29766753,2026-08-06T08:33,64828.070000,0.120600,0.171780,2026-08-06,120.000000,1.077385,0.586680,64828.510000,64816.670000
29766754,2026-08-06T08:34,64837.320000,-0.198800,0.218937,2026-08-06,137.000000,1.280745,0.748474,64837.520000,64826.770000
29766755,2026-08-06T08:35,64816.650000,0.188400,0.496668,2026-08-06,78.000000,0.425024,0.452840,64834.190000,64816.600000
29766756,2026-08-06T08:36,64813.290000,0.088900,-0.093809,2026-08-06,62.000000,0.306546,0.693685,64816.680000,64812.800000
29766757,2026-08-06T08:37,64815.570000,-0.065200,0.387370,2026-08-06,115.000000,1.125640,0.859017,64815.560000,64800.000000
29766758,2026-08-06T08:38,64804.010000,-0.059400,0.446289,2026-08-06,60.000000,0.300719,0.031298,64815.560000,64804.000000
29766759,2026-08-06T08:39,64811.540000,-0.085300,-0.791948,2026-08-06,94.000000,0.370716,0.803807,64812.800000,64800.000000
29766760,2026-08-06T08:40,64820.430000,0.148000,0.607614,2026-08-06,64.000000,0.257766,0.565748,64820.430000,64812.790000
29766761,2026-08-06T08:41,64837.730000,-0.090700,0.131496,2026-08-06,93.000000,0.571529,0.370637,64837.730000,64820.420000
29766762,2026-08-06T08:42,64813.710000,-0.037100,-0.257048,2026-08-06,120.000000,0.918287,0.129218,64837.730000,64813.580000
29766763,2026-08-06T08:43,64812.810000,-0.000000,-0.743013,2026-08-06,50.000000,0.087496,0.339475,64812.810000,64811.500000
29766764,2026-08-06T08:44,64813.760000,0.251700,-0.321050,2026-08-06,62.000000,0.586250,0.775060,64815.390000,64809.010000
29766765,2026-08-06T08:45,64815.770000,-0.104600,0.550120,2026-08-06,51.000000,0.062433,0.882846,64815.780000,64813.770000
29766766,2026-08-06T08:46,64830.490000,0.045100,0.765692,2026-08-06,192.000000,1.620123,0.752858,64833.760000,64809.020000
29766767,2026-08-06T08:47,64824.210000,0.580200,0.505717,2026-08-06,164.000000,1.580457,0.481678,64839.400000,64824.200000
29766768,2026-08-06T08:48,64824.210000,0.606800,-0.036644,2026-08-06,4.000000,0.020217,0.010712,64824.210000,64824.200000
29766769,2026-08-06T08:49,64824.210000,0.606800,-0.978577,2026-08-06,,,,,
29766770,2026-08-06T08:50,64824.210000,0.606800,0.000000,2026-08-06,,,,,
29766771,2026-08-06T08:51,64824.210000,0.606800,0.000000,2026-08-06,,,,,
29766772,2026-08-06T08:52,64824.210000,0.606800,0.000000,2026-08-06,,,,,
29766773,2026-08-06T08:53,64824.210000,0.606800,0.000000,2026-08-06,,,,,
29766774,2026-08-06T08:54,64824.210000,0.606800,0.000000,2026-08-06,,,,,
29766775,2026-08-06T08:55,64824.210000,0.606800,0.000000,2026-08-06,,,,,
29766776,2026-08-06T08:56,64824.210000,0.606800,0.000000,2026-08-06,,,,,
29766777,2026-08-06T08:57,64824.210000,0.606800,0.000000,2026-08-06,,,,,
29766778,2026-08-06T08:58,64824.210000,0.606800,0.000000,2026-08-06,,,,,
29766779,2026-08-06T08:59,64824.210000,0.606800,0.000000,2026-08-06,,,,,
29766780,2026-08-06T09:00,64824.210000,0.606800,0.000000,2026-08-06,,,,,
29766781,2026-08-06T09:01,64824.210000,0.606800,0.000000,2026-08-06,,,,,
29766782,2026-08-06T09:02,64824.210000,0.606800,0.000000,2026-08-06,,,,,
29766783,2026-08-06T09:03,64824.210000,0.622300,0.000000,2026-08-06,,,,,
29766784,2026-08-06T09:04,64824.210000,0.622300,0.000000,2026-08-06,,,,,
29766785,2026-08-06T09:05,64824.210000,0.622300,0.000000,2026-08-06,,,,,
29766786,2026-08-06T09:06,64824.210000,0.622300,0.000000,2026-08-06,,,,,
29766787,2026-08-06T09:07,64824.210000,0.622300,0.000000,2026-08-06,,,,,
29766788,2026-08-06T09:08,64824.210000,0.622300,0.000000,2026-08-06,,,,,
29766789,2026-08-06T09:09,64824.210000,0.622300,0.000000,2026-08-06,,,,,
29766790,2026-08-06T09:10,64824.210000,0.622300,0.000000,2026-08-06,,,,,
29766791,2026-08-06T09:11,64824.210000,0.622300,0.000000,2026-08-06,,,,,
29766792,2026-08-06T09:12,64824.210000,0.622300,0.000000,2026-08-06,,,,,
29766793,2026-08-06T09:13,64824.210000,0.622300,0.000000,2026-08-06,,,,,
29766794,2026-08-06T09:14,64824.210000,0.622300,0.000000,2026-08-06,,,,,
29766795,2026-08-06T09:15,64824.210000,0.622300,0.000000,2026-08-06,,,,,
29766796,2026-08-06T09:16,64824.210000,0.622300,0.000000,2026-08-06,,,,,
29766797,2026-08-06T09:17,64824.210000,0.622300,0.000000,2026-08-06,,,,,
29766798,2026-08-06T09:18,64824.210000,0.622300,0.000000,2026-08-06,,,,,
29766799,2026-08-06T09:19,64744.010000,0.287900,0.000000,2026-08-06,1.000000,0.000456,0.000000,64744.000000,64744.000000
29766800,2026-08-06T09:20,64744.010000,0.287900,-1.000000,2026-08-06,,,,,
29766801,2026-08-06T09:21,64744.010000,0.287900,0.000000,2026-08-06,,,,,
29766802,2026-08-06T09:22,64744.010000,0.287900,0.000000,2026-08-06,,,,,
29766803,2026-08-06T09:23,64744.010000,0.287900,0.000000,2026-08-06,,,,,
29766804,2026-08-06T09:24,64744.010000,0.287900,0.000000,2026-08-06,,,,,
29766805,2026-08-06T09:25,64744.010000,0.287900,0.000000,2026-08-06,,,,,
29766806,2026-08-06T09:26,64744.010000,0.287900,0.000000,2026-08-06,,,,,
29766807,2026-08-06T09:27,64744.010000,0.287900,0.000000,2026-08-06,,,,,
29766808,2026-08-06T09:28,64744.010000,0.287900,0.000000,2026-08-06,,,,,
29766809,2026-08-06T09:29,64744.010000,0.287900,0.000000,2026-08-06,,,,,
29766810,2026-08-06T09:30,64744.010000,0.287900,0.000000,2026-08-06,,,,,
29766811,2026-08-06T09:31,64744.010000,0.287900,0.000000,2026-08-06,,,,,
29766812,2026-08-06T09:32,64744.010000,0.287900,0.000000,2026-08-06,,,,,
29766813,2026-08-06T09:33,64744.010000,0.287900,0.000000,2026-08-06,,,,,
29766814,2026-08-06T09:34,64744.010000,0.287900,0.000000,2026-08-06,,,,,
29766815,2026-08-06T09:35,64634.180000,0.568100,0.000000,2026-08-06,1.000000,0.000015,0.000000,64634.180000,64634.180000
29766816,2026-08-06T09:36,64634.180000,0.568100,-1.000000,2026-08-06,,,,,
29766817,2026-08-06T09:37,64634.180000,0.568100,0.000000,2026-08-06,,,,,
29766818,2026-08-06T09:38,64634.180000,0.568100,0.000000,2026-08-06,,,,,
29766819,2026-08-06T09:39,64634.180000,0.568100,0.000000,2026-08-06,,,,,
29766820,2026-08-06T09:40,64634.180000,0.568100,0.000000,2026-08-06,,,,,
29766821,2026-08-06T09:41,64634.180000,0.568100,0.000000,2026-08-06,,,,,
29766822,2026-08-06T09:42,64634.180000,0.568100,0.000000,2026-08-06,,,,,
29766823,2026-08-06T09:43,64634.180000,0.568100,0.000000,2026-08-06,,,,,
29766824,2026-08-06T09:44,64634.180000,0.568100,0.000000,2026-08-06,,,,,
29766825,2026-08-06T09:45,64634.180000,0.568100,0.000000,2026-08-06,,,,,
29766826,2026-08-06T09:46,64634.180000,0.568100,0.000000,2026-08-06,,,,,
29766827,2026-08-06T09:47,64634.180000,0.568100,0.000000,2026-08-06,,,,,
29766828,2026-08-06T09:48,64634.180000,0.568100,0.000000,2026-08-06,,,,,
29766829,2026-08-06T09:49,64634.180000,0.568100,0.000000,2026-08-06,,,,,
29766830,2026-08-06T09:50,64634.180000,0.568100,0.000000,2026-08-06,,,,,
29766831,2026-08-06T09:51,64634.180000,0.568100,0.000000,2026-08-06,,,,,
29766832,2026-08-06T09:52,64634.180000,0.568100,0.000000,2026-08-06,,,,,
29766833,2026-08-06T09:53,64623.680000,0.309300,0.000000,2026-08-06,1.000000,0.001513,0.000000,64625.300000,64625.300000
29766834,2026-08-06T09:54,64623.680000,0.309300,-1.000000,2026-08-06,,,,,
29766835,2026-08-06T09:55,64623.680000,0.309300,0.000000,2026-08-06,,,,,
29766836,2026-08-06T09:56,64623.680000,0.309300,0.000000,2026-08-06,,,,,
29766837,2026-08-06T09:57,64623.680000,0.309300,0.000000,2026-08-06,,,,,
29766838,2026-08-06T09:58,64623.680000,0.309300,0.000000,2026-08-06,,,,,
29766839,2026-08-06T09:59,64623.680000,0.309300,0.000000,2026-08-06,,,,,
29766840,2026-08-06T10:00,64623.680000,0.309300,0.000000,2026-08-06,,,,,
29766841,2026-08-06T10:01,64623.680000,0.309300,0.000000,2026-08-06,,,,,
29766842,2026-08-06T10:02,64623.680000,0.309300,0.000000,2026-08-06,,,,,
29766843,2026-08-06T10:03,64623.680000,0.309300,0.000000,2026-08-06,,,,,
29766844,2026-08-06T10:04,64623.680000,0.309300,0.000000,2026-08-06,,,,,
29766845,2026-08-06T10:05,64623.680000,0.309300,0.000000,2026-08-06,,,,,
29766846,2026-08-06T10:06,64623.680000,0.309300,0.000000,2026-08-06,,,,,
29766847,2026-08-06T10:07,64623.680000,0.309300,0.000000,2026-08-06,,,,,
29766848,2026-08-06T10:08,64623.680000,0.309300,0.000000,2026-08-06,,,,,
29766849,2026-08-06T10:09,64623.680000,0.309300,0.000000,2026-08-06,,,,,
29766850,2026-08-06T10:10,64623.680000,0.309300,0.000000,2026-08-06,,,,,
29766851,2026-08-06T10:11,64623.680000,0.309300,0.000000,2026-08-06,,,,,
29766852,2026-08-06T10:12,64623.680000,0.309300,0.000000,2026-08-06,,,,,
29766853,2026-08-06T10:13,64623.680000,0.309300,0.000000,2026-08-06,,,,,
29766854,2026-08-06T10:14,64623.680000,0.309300,0.000000,2026-08-06,,,,,
29766855,2026-08-06T10:15,64623.680000,0.309300,0.000000,2026-08-06,,,,,
29766856,2026-08-06T10:16,64623.680000,0.309300,0.000000,2026-08-06,,,,,
29766857,2026-08-06T10:17,64623.680000,0.309300,0.000000,2026-08-06,,,,,
29766858,2026-08-06T10:18,64623.680000,0.309300,0.000000,2026-08-06,,,,,
29766859,2026-08-06T10:19,64623.680000,0.309300,0.000000,2026-08-06,,,,,
29766860,2026-08-06T10:20,64623.680000,0.309300,0.000000,2026-08-06,,,,,
29766861,2026-08-06T10:21,64623.680000,0.309300,0.000000,2026-08-06,,,,,
29766862,2026-08-06T10:22,64623.680000,0.309300,0.000000,2026-08-06,,,,,
29766863,2026-08-06T10:23,64623.680000,0.309300,0.000000,2026-08-06,,,,,
29766864,2026-08-06T10:24,64623.680000,0.309300,0.000000,2026-08-06,,,,,
29766865,2026-08-06T10:25,64623.680000,0.309300,0.000000,2026-08-06,,,,,
29766866,2026-08-06T10:26,64623.680000,0.309300,0.000000,2026-08-06,,,,,
29766867,2026-08-06T10:27,64623.680000,0.309300,0.000000,2026-08-06,,,,,
29766868,2026-08-06T10:28,64623.680000,0.309300,0.000000,2026-08-06,,,,,
29766869,2026-08-06T10:29,64623.680000,0.309300,0.000000,2026-08-06,,,,,
29766870,2026-08-06T10:30,64623.680000,0.309300,0.000000,2026-08-06,,,,,
29766871,2026-08-06T10:31,64623.680000,0.309300,0.000000,2026-08-06,,,,,
29766872,2026-08-06T10:32,64623.680000,0.309300,0.000000,2026-08-06,,,,,
29766873,2026-08-06T10:33,64623.680000,0.309300,0.000000,2026-08-06,,,,,
29766874,2026-08-06T10:34,64623.680000,0.309300,0.000000,2026-08-06,,,,,
29766875,2026-08-06T10:35,64623.680000,0.309300,0.000000,2026-08-06,,,,,
29766876,2026-08-06T10:36,64623.680000,0.309300,0.000000,2026-08-06,,,,,
29766877,2026-08-06T10:37,64623.680000,0.309300,0.000000,2026-08-06,,,,,
29766878,2026-08-06T10:38,64623.680000,0.309300,0.000000,2026-08-06,,,,,
29766879,2026-08-06T10:39,64623.680000,0.309300,0.000000,2026-08-06,,,,,
29766880,2026-08-06T10:40,64623.680000,0.309300,0.000000,2026-08-06,,,,,
29766881,2026-08-06T10:41,64623.680000,0.309300,0.000000,2026-08-06,,,,,
29766882,2026-08-06T10:42,64623.680000,0.309300,0.000000,2026-08-06,,,,,
29766883,2026-08-06T10:43,64623.680000,0.309300,0.000000,2026-08-06,,,,,
29766884,2026-08-06T10:44,64623.680000,0.309300,0.000000,2026-08-06,,,,,
29766885,2026-08-06T10:45,64623.680000,0.309300,0.000000,2026-08-06,,,,,
29766886,2026-08-06T10:46,64623.680000,0.309300,0.000000,2026-08-06,,,,,
29766887,2026-08-06T10:47,64623.680000,0.309300,0.000000,2026-08-06,,,,,
29766888,2026-08-06T10:48,64623.680000,0.309300,0.000000,2026-08-06,,,,,
29766889,2026-08-06T10:49,64583.020000,-0.255700,0.000000,2026-08-06,19.000000,0.052171,0.018912,64584.410000,64580.990000
29766890,2026-08-06T10:50,64583.020000,-0.255700,-0.962176,2026-08-06,,,,,
29766891,2026-08-06T10:51,64583.020000,-0.255700,0.000000,2026-08-06,,,,,
29766892,2026-08-06T10:52,64583.020000,-0.255700,0.000000,2026-08-06,,,,,
29766893,2026-08-06T10:53,64583.020000,-0.255700,0.000000,2026-08-06,,,,,
29766894,2026-08-06T10:54,64583.020000,-0.255700,0.000000,2026-08-06,,,,,
29766895,2026-08-06T10:55,64583.020000,-0.255700,0.000000,2026-08-06,,,,,
29766896,2026-08-06T10:56,64583.020000,-0.255700,0.000000,2026-08-06,,,,,
29766897,2026-08-06T10:57,64583.020000,-0.255700,0.000000,2026-08-06,,,,,
29766898,2026-08-06T10:58,64583.020000,-0.255700,0.000000,2026-08-06,,,,,
29766899,2026-08-06T10:59,64583.020000,-0.255700,0.000000,2026-08-06,,,,,
29766900,2026-08-06T11:00,64583.020000,-0.255700,0.000000,2026-08-06,,,,,
29766901,2026-08-06T11:01,64583.020000,-0.255700,0.000000,2026-08-06,,,,,
29766902,2026-08-06T11:02,64583.020000,-0.255700,0.000000,2026-08-06,,,,,
29766903,2026-08-06T11:03,64583.020000,-0.255700,0.000000,2026-08-06,,,,,
29766904,2026-08-06T11:04,64580.990000,-0.374300,0.000000,2026-08-06,,,,,
29766905,2026-08-06T11:05,64580.990000,-0.374300,0.000000,2026-08-06,,,,,
29766906,2026-08-06T11:06,64580.990000,-0.374300,0.000000,2026-08-06,,,,,
29766907,2026-08-06T11:07,64580.990000,-0.374300,0.000000,2026-08-06,,,,,
29766908,2026-08-06T11:08,64580.990000,-0.374300,0.000000,2026-08-06,,,,,
29766909,2026-08-06T11:09,64580.990000,-0.374300,0.000000,2026-08-06,,,,,
29766910,2026-08-06T11:10,64580.990000,-0.374300,0.000000,2026-08-06,,,,,
29766911,2026-08-06T11:11,64580.990000,-0.374300,0.000000,2026-08-06,,,,,
29766912,2026-08-06T11:12,64580.990000,-0.374300,0.000000,2026-08-06,,,,,
29766913,2026-08-06T11:13,64580.990000,-0.374300,0.000000,2026-08-06,,,,,
29766914,2026-08-06T11:14,64580.990000,-0.374300,0.000000,2026-08-06,,,,,
29766915,2026-08-06T11:15,64580.990000,-0.374300,0.000000,2026-08-06,,,,,
29766916,2026-08-06T11:16,64580.990000,-0.374300,0.000000,2026-08-06,,,,,
29766917,2026-08-06T11:17,64580.990000,-0.374300,0.000000,2026-08-06,,,,,
29766918,2026-08-06T11:18,64580.990000,-0.374300,0.000000,2026-08-06,,,,,
29766919,2026-08-06T11:19,64580.990000,-0.374300,0.000000,2026-08-06,,,,,
29766920,2026-08-06T11:20,64580.990000,-0.374300,0.000000,2026-08-06,,,,,
29766921,2026-08-06T11:21,64580.990000,-0.374300,0.000000,2026-08-06,,,,,
29766922,2026-08-06T11:22,64580.990000,-0.374300,0.000000,2026-08-06,,,,,
29766923,2026-08-06T11:23,64580.990000,-0.374300,0.000000,2026-08-06,,,,,
29766924,2026-08-06T11:24,64580.990000,-0.374300,0.000000,2026-08-06,,,,,
29766925,2026-08-06T11:25,64580.990000,-0.374300,0.000000,2026-08-06,,,,,
29766926,2026-08-06T11:26,64580.990000,-0.374300,0.000000,2026-08-06,,,,,
29766927,2026-08-06T11:27,64580.990000,-0.374300,0.000000,2026-08-06,,,,,
29766928,2026-08-06T11:28,64580.990000,-0.374300,0.000000,2026-08-06,,,,,
29766929,2026-08-06T11:29,64580.990000,-0.374300,0.000000,2026-08-06,,,,,
29766930,2026-08-06T11:30,64580.990000,-0.374300,0.000000,2026-08-06,,,,,
29766931,2026-08-06T11:31,64580.990000,-0.374300,0.000000,2026-08-06,,,,,
29766932,2026-08-06T11:32,64580.990000,-0.374300,0.000000,2026-08-06,,,,,
29766933,2026-08-06T11:33,64580.990000,-0.374300,0.000000,2026-08-06,,,,,
29766934,2026-08-06T11:34,64580.990000,-0.374300,0.000000,2026-08-06,,,,,
29766935,2026-08-06T11:35,64580.990000,-0.374300,0.000000,2026-08-06,,,,,
29766936,2026-08-06T11:36,64580.990000,-0.374300,0.000000,2026-08-06,,,,,
29766937,2026-08-06T11:37,64580.990000,-0.374300,0.000000,2026-08-06,,,,,
29766938,2026-08-06T11:38,64580.990000,-0.374300,0.000000,2026-08-06,,,,,
29766939,2026-08-06T11:39,64580.990000,-0.374300,0.000000,2026-08-06,,,,,
29766940,2026-08-06T11:40,64580.990000,-0.374300,0.000000,2026-08-06,,,,,
29766941,2026-08-06T11:41,64580.990000,-0.374300,0.000000,2026-08-06,,,,,
29766942,2026-08-06T11:42,64580.990000,-0.374300,0.000000,2026-08-06,,,,,
29766943,2026-08-06T11:43,64580.990000,-0.374300,0.000000,2026-08-06,,,,,
29766944,2026-08-06T11:44,64580.990000,-0.374300,0.000000,2026-08-06,,,,,
29766945,2026-08-06T11:45,64580.990000,-0.374300,0.000000,2026-08-06,,,,,
29766946,2026-08-06T11:46,64580.990000,-0.374300,0.000000,2026-08-06,,,,,
29766947,2026-08-06T11:47,64580.990000,-0.374300,0.000000,2026-08-06,,,,,
29766948,2026-08-06T11:48,64580.990000,-0.374300,0.000000,2026-08-06,,,,,
29766949,2026-08-06T11:49,64580.990000,-0.374300,0.000000,2026-08-06,,,,,
29766950,2026-08-06T11:50,64550.870000,-0.295600,0.000000,2026-08-06,23.000000,0.468908,0.999934,64552.480000,64550.860000
29766951,2026-08-06T11:51,64550.870000,-0.295600,0.999868,2026-08-06,,,,,
29766952,2026-08-06T11:52,64550.870000,-0.295600,0.000000,2026-08-06,,,,,
29766953,2026-08-06T11:53,64550.870000,-0.295600,0.000000,2026-08-06,,,,,
29766954,2026-08-06T11:54,64550.870000,-0.295600,0.000000,2026-08-06,,,,,
29766955,2026-08-06T11:55,64550.870000,-0.295600,0.000000,2026-08-06,,,,,
29766956,2026-08-06T11:56,64550.870000,-0.295600,0.000000,2026-08-06,,,,,
29766957,2026-08-06T11:57,64550.870000,-0.295600,0.000000,2026-08-06,,,,,
29766958,2026-08-06T11:58,64550.870000,-0.295600,0.000000,2026-08-06,,,,,
29766959,2026-08-06T11:59,64550.870000,-0.295600,0.000000,2026-08-06,,,,,
29766960,2026-08-06T12:00,64550.870000,-0.295600,0.000000,2026-08-06,,,,,
29766961,2026-08-06T12:01,64550.870000,-0.295600,0.000000,2026-08-06,,,,,
29766962,2026-08-06T12:02,64550.870000,-0.295600,0.000000,2026-08-06,,,,,
29766963,2026-08-06T12:03,64550.870000,-0.295600,0.000000,2026-08-06,,,,,
29766964,2026-08-06T12:04,64550.870000,-0.295600,0.000000,2026-08-06,,,,,
29766965,2026-08-06T12:05,64550.870000,-0.295600,0.000000,2026-08-06,,,,,
29766966,2026-08-06T12:06,64453.100000,0.197200,0.000000,2026-08-06,5.000000,0.006384,1.000000,64453.100000,64453.100000
29766967,2026-08-06T12:07,64453.100000,0.197200,1.000000,2026-08-06,,,,,
29766968,2026-08-06T12:08,64453.100000,0.197200,0.000000,2026-08-06,,,,,
29766969,2026-08-06T12:09,64453.100000,0.197200,0.000000,2026-08-06,,,,,
29766970,2026-08-06T12:10,64453.100000,0.197200,0.000000,2026-08-06,,,,,
29766971,2026-08-06T12:11,64453.100000,0.197200,0.000000,2026-08-06,,,,,
29766972,2026-08-06T12:12,64453.100000,0.197200,0.000000,2026-08-06,,,,,
29766973,2026-08-06T12:13,64453.100000,0.197200,0.000000,2026-08-06,,,,,
29766974,2026-08-06T12:14,64453.100000,0.197200,0.000000,2026-08-06,,,,,
29766975,2026-08-06T12:15,64453.100000,0.197200,0.000000,2026-08-06,,,,,
29766976,2026-08-06T12:16,64453.100000,0.197200,0.000000,2026-08-06,,,,,
29766977,2026-08-06T12:17,64453.100000,0.197200,0.000000,2026-08-06,,,,,
29766978,2026-08-06T12:18,64453.100000,0.197200,0.000000,2026-08-06,,,,,
29766979,2026-08-06T12:19,64453.100000,0.197200,0.000000,2026-08-06,,,,,
29766980,2026-08-06T12:20,64453.100000,0.197200,0.000000,2026-08-06,,,,,
29766981,2026-08-06T12:21,64453.100000,0.197200,0.000000,2026-08-06,,,,,
29766982,2026-08-06T12:22,64453.100000,0.197200,0.000000,2026-08-06,,,,,
29766983,2026-08-06T12:23,64470.790000,0.212000,0.000000,2026-08-06,4.000000,0.015074,0.999985,64470.800000,64470.790000
29766984,2026-08-06T12:24,64470.790000,0.212000,0.999971,2026-08-06,,,,,
29766985,2026-08-06T12:25,64470.790000,0.212000,0.000000,2026-08-06,,,,,
29766986,2026-08-06T12:26,64470.790000,0.212000,0.000000,2026-08-06,,,,,
29766987,2026-08-06T12:27,64470.790000,0.212000,0.000000,2026-08-06,,,,,
29766988,2026-08-06T12:28,64470.790000,0.212000,0.000000,2026-08-06,,,,,
29766989,2026-08-06T12:29,64470.790000,0.212000,0.000000,2026-08-06,,,,,
29766990,2026-08-06T12:30,64470.790000,0.212000,0.000000,2026-08-06,,,,,
29766991,2026-08-06T12:31,64470.790000,0.212000,0.000000,2026-08-06,,,,,
29766992,2026-08-06T12:32,64470.790000,0.212000,0.000000,2026-08-06,,,,,
29766993,2026-08-06T12:33,64470.790000,0.212000,0.000000,2026-08-06,,,,,
29766994,2026-08-06T12:34,64470.790000,0.212000,0.000000,2026-08-06,,,,,
29766995,2026-08-06T12:35,64470.790000,0.212000,0.000000,2026-08-06,,,,,
29766996,2026-08-06T12:36,64470.790000,0.212000,0.000000,2026-08-06,,,,,
29766997,2026-08-06T12:37,64470.790000,0.212000,0.000000,2026-08-06,,,,,
29766998,2026-08-06T12:38,64470.790000,0.194300,0.000000,2026-08-06,,,,,
29766999,2026-08-06T12:39,64470.790000,0.194300,0.000000,2026-08-06,,,,,
29767000,2026-08-06T12:40,64470.790000,0.194300,0.000000,2026-08-06,,,,,
29767001,2026-08-06T12:41,64470.790000,0.194300,0.000000,2026-08-06,,,,,
29767002,2026-08-06T12:42,64470.790000,0.194300,0.000000,2026-08-06,,,,,
29767003,2026-08-06T12:43,64470.790000,0.194300,0.000000,2026-08-06,,,,,
29767004,2026-08-06T12:44,64470.790000,0.194300,0.000000,2026-08-06,,,,,
29767005,2026-08-06T12:45,64470.790000,0.194300,0.000000,2026-08-06,,,,,
29767006,2026-08-06T12:46,64470.790000,0.194300,0.000000,2026-08-06,,,,,
29767007,2026-08-06T12:47,64470.790000,0.194300,0.000000,2026-08-06,,,,,
29767008,2026-08-06T12:48,64470.790000,0.194300,0.000000,2026-08-06,,,,,
29767009,2026-08-06T12:49,64470.790000,0.194300,0.000000,2026-08-06,,,,,
29767010,2026-08-06T12:50,64470.790000,0.194300,0.000000,2026-08-06,,,,,
29767011,2026-08-06T12:51,64470.790000,0.194300,0.000000,2026-08-06,,,,,
29767012,2026-08-06T12:52,64470.790000,0.194300,0.000000,2026-08-06,,,,,
29767013,2026-08-06T12:53,64470.790000,0.194300,0.000000,2026-08-06,,,,,
29767014,2026-08-06T12:54,64470.790000,0.194300,0.000000,2026-08-06,,,,,
29767015,2026-08-06T12:55,64470.790000,0.194300,0.000000,2026-08-06,,,,,
29767016,2026-08-06T12:56,64470.790000,0.194300,0.000000,2026-08-06,,,,,
29767017,2026-08-06T12:57,64470.790000,0.194300,0.000000,2026-08-06,,,,,
29767018,2026-08-06T12:58,64470.790000,0.194300,0.000000,2026-08-06,,,,,
29767019,2026-08-06T12:59,64470.790000,0.194300,0.000000,2026-08-06,,,,,
29767020,2026-08-06T13:00,64470.790000,0.194300,0.000000,2026-08-06,,,,,
29767021,2026-08-06T13:01,64470.790000,0.194300,0.000000,2026-08-06,,,,,
29767022,2026-08-06T13:02,64470.790000,0.194300,0.000000,2026-08-06,,,,,
29767023,2026-08-06T13:03,64470.790000,0.194300,0.000000,2026-08-06,,,,,
29767024,2026-08-06T13:04,64470.790000,0.194300,0.000000,2026-08-06,,,,,
29767025,2026-08-06T13:05,64470.790000,0.194300,0.000000,2026-08-06,,,,,
29767026,2026-08-06T13:06,64470.790000,0.194300,0.000000,2026-08-06,,,,,
29767027,2026-08-06T13:07,64470.790000,0.194300,0.000000,2026-08-06,,,,,
29767028,2026-08-06T13:08,64470.790000,0.194300,0.000000,2026-08-06,,,,,
29767029,2026-08-06T13:09,64470.790000,0.194300,0.000000,2026-08-06,,,,,
29767030,2026-08-06T13:10,64470.790000,0.194300,0.000000,2026-08-06,,,,,
29767031,2026-08-06T13:11,64470.790000,0.194300,0.000000,2026-08-06,,,,,
29767032,2026-08-06T13:12,64470.790000,0.194300,0.000000,2026-08-06,,,,,
29767033,2026-08-06T13:13,64470.790000,0.194300,0.000000,2026-08-06,,,,,
29767034,2026-08-06T13:14,64470.790000,0.194300,0.000000,2026-08-06,,,,,
29767035,2026-08-06T13:15,64470.790000,0.194300,0.000000,2026-08-06,,,,,
29767036,2026-08-06T13:16,64470.790000,0.194300,0.000000,2026-08-06,,,,,
29767037,2026-08-06T13:17,64470.790000,0.194300,0.000000,2026-08-06,,,,,
29767038,2026-08-06T13:18,64470.790000,0.194300,0.000000,2026-08-06,,,,,
29767039,2026-08-06T13:19,64470.790000,0.194300,0.000000,2026-08-06,,,,,
29767040,2026-08-06T13:20,64470.790000,0.194300,0.000000,2026-08-06,,,,,
29767041,2026-08-06T13:21,64470.790000,0.194300,0.000000,2026-08-06,,,,,
29767042,2026-08-06T13:22,64470.790000,0.194300,0.000000,2026-08-06,,,,,
29767043,2026-08-06T13:23,64470.790000,0.194300,0.000000,2026-08-06,,,,,
29767044,2026-08-06T13:24,64139.010000,0.151900,0.000000,2026-08-06,8.000000,0.220000,0.000000,64139.000000,64136.670000
29767045,2026-08-06T13:25,64139.010000,0.151900,-1.000000,2026-08-06,,,,,
29767046,2026-08-06T13:26,64139.010000,0.151900,0.000000,2026-08-06,,,,,
29767047,2026-08-06T13:27,64139.010000,0.151900,0.000000,2026-08-06,,,,,
29767048,2026-08-06T13:28,64139.010000,0.151900,0.000000,2026-08-06,,,,,
29767049,2026-08-06T13:29,64139.010000,0.151900,0.000000,2026-08-06,,,,,
29767050,2026-08-06T13:30,64139.010000,0.151900,0.000000,2026-08-06,,,,,
29767051,2026-08-06T13:31,64139.010000,0.151900,0.000000,2026-08-06,,,,,
29767052,2026-08-06T13:32,64139.010000,0.151900,0.000000,2026-08-06,,,,,
29767053,2026-08-06T13:33,64139.010000,0.151900,0.000000,2026-08-06,,,,,
29767054,2026-08-06T13:34,64139.010000,0.151900,0.000000,2026-08-06,,,,,
29767055,2026-08-06T13:35,64139.010000,0.151900,0.000000,2026-08-06,,,,,
29767056,2026-08-06T13:36,64139.010000,0.151900,0.000000,2026-08-06,,,,,
29767057,2026-08-06T13:37,64139.010000,0.151900,0.000000,2026-08-06,,,,,
29767058,2026-08-06T13:38,64139.010000,0.151900,0.000000,2026-08-06,,,,,
29767059,2026-08-06T13:39,64139.010000,0.138200,0.000000,2026-08-06,,,,,
29767060,2026-08-06T13:40,64139.010000,0.138200,0.000000,2026-08-06,,,,,
29767061,2026-08-06T13:41,64139.010000,0.138200,0.000000,2026-08-06,,,,,
29767062,2026-08-06T13:42,64139.010000,0.138200,0.000000,2026-08-06,,,,,
29767063,2026-08-06T13:43,64139.010000,0.138200,0.000000,2026-08-06,,,,,
29767064,2026-08-06T13:44,64139.010000,0.138200,0.000000,2026-08-06,,,,,
29767065,2026-08-06T13:45,64139.010000,0.138200,0.000000,2026-08-06,,,,,
29767066,2026-08-06T13:46,64139.010000,0.138200,0.000000,2026-08-06,,,,,
29767067,2026-08-06T13:47,64139.010000,0.138200,0.000000,2026-08-06,,,,,
29767068,2026-08-06T13:48,64139.010000,0.138200,0.000000,2026-08-06,,,,,
29767069,2026-08-06T13:49,64139.010000,0.138200,0.000000,2026-08-06,,,,,
29767070,2026-08-06T13:50,64139.010000,0.138200,0.000000,2026-08-06,,,,,
29767071,2026-08-06T13:51,64139.010000,0.138200,0.000000,2026-08-06,,,,,
29767072,2026-08-06T13:52,64139.010000,0.138200,0.000000,2026-08-06,,,,,
29767073,2026-08-06T13:53,64139.010000,0.138200,0.000000,2026-08-06,,,,,
29767074,2026-08-06T13:54,64139.010000,0.138200,0.000000,2026-08-06,,,,,
29767075,2026-08-06T13:55,64139.010000,0.138200,0.000000,2026-08-06,,,,,
29767076,2026-08-06T13:56,64139.010000,0.138200,0.000000,2026-08-06,,,,,
29767077,2026-08-06T13:57,64139.010000,0.138200,0.000000,2026-08-06,,,,,
29767078,2026-08-06T13:58,64139.010000,0.138200,0.000000,2026-08-06,,,,,
29767079,2026-08-06T13:59,64139.010000,0.138200,0.000000,2026-08-06,,,,,
29767080,2026-08-06T14:00,64139.010000,0.138200,0.000000,2026-08-06,,,,,
29767081,2026-08-06T14:01,64139.010000,0.138200,0.000000,2026-08-06,,,,,
29767082,2026-08-06T14:02,64139.010000,0.138200,0.000000,2026-08-06,,,,,
29767083,2026-08-06T14:03,64139.010000,0.138200,0.000000,2026-08-06,,,,,
29767084,2026-08-06T14:04,64139.010000,0.138200,0.000000,2026-08-06,,,,,
29767085,2026-08-06T14:05,64394.260000,0.610000,0.000000,2026-08-06,15.000000,0.169146,0.236769,64394.250000,64390.470000
29767086,2026-08-06T14:06,64394.260000,0.610000,-0.526461,2026-08-06,,,,,
29767087,2026-08-06T14:07,64394.260000,0.610000,0.000000,2026-08-06,,,,,
29767088,2026-08-06T14:08,64394.260000,0.610000,0.000000,2026-08-06,,,,,
29767089,2026-08-06T14:09,64394.260000,0.610000,0.000000,2026-08-06,,,,,
29767090,2026-08-06T14:10,64394.260000,0.610000,0.000000,2026-08-06,,,,,
29767091,2026-08-06T14:11,64394.260000,0.610000,0.000000,2026-08-06,,,,,
29767092,2026-08-06T14:12,64394.260000,0.610000,0.000000,2026-08-06,,,,,
29767093,2026-08-06T14:13,64394.260000,0.610000,0.000000,2026-08-06,,,,,
29767094,2026-08-06T14:14,64394.260000,0.610000,0.000000,2026-08-06,,,,,
29767095,2026-08-06T14:15,64394.260000,0.610000,0.000000,2026-08-06,,,,,
29767096,2026-08-06T14:16,64394.260000,0.610000,0.000000,2026-08-06,,,,,
29767097,2026-08-06T14:17,64394.260000,0.610000,0.000000,2026-08-06,,,,,
29767098,2026-08-06T14:18,64394.260000,0.610000,0.000000,2026-08-06,,,,,
29767099,2026-08-06T14:19,64394.260000,0.610000,0.000000,2026-08-06,,,,,
29767100,2026-08-06T14:20,64394.260000,0.610000,0.000000,2026-08-06,,,,,
29767101,2026-08-06T14:21,64394.260000,0.610000,0.000000,2026-08-06,,,,,
29767102,2026-08-06T14:22,64394.260000,0.610000,0.000000,2026-08-06,,,,,
29767103,2026-08-06T14:23,64449.690000,0.118800,0.000000,2026-08-06,12.000000,0.224675,0.006959,64453.600000,64447.240000
29767104,2026-08-06T14:24,64449.690000,0.118800,-0.986081,2026-08-06,,,,,
29767105,2026-08-06T14:25,64449.690000,0.118800,0.000000,2026-08-06,,,,,
29767106,2026-08-06T14:26,64449.690000,0.118800,0.000000,2026-08-06,,,,,
29767107,2026-08-06T14:27,64449.690000,0.118800,0.000000,2026-08-06,,,,,
29767108,2026-08-06T14:28,64449.690000,0.118800,0.000000,2026-08-06,,,,,
29767109,2026-08-06T14:29,64449.690000,0.118800,0.000000,2026-08-06,,,,,
29767110,2026-08-06T14:30,64449.690000,0.118800,0.000000,2026-08-06,,,,,
29767111,2026-08-06T14:31,64449.690000,0.118800,0.000000,2026-08-06,,,,,
29767112,2026-08-06T14:32,64449.690000,0.118800,0.000000,2026-08-06,,,,,
29767113,2026-08-06T14:33,64483.960000,0.474400,0.000000,2026-08-06,4488.000000,54.617382,0.535900,64485.420000,64285.820000
29767114,2026-08-06T14:34,64504.940000,0.294400,0.071172,2026-08-06,411.000000,5.756805,0.815027,64504.940000,64440.750000
29767115,2026-08-06T14:35,64514.990000,0.646500,0.639397,2026-08-06,517.000000,12.338752,0.720892,64541.520000,64498.530000
29767116,2026-08-06T14:36,64546.680000,0.633700,0.452313,2026-08-06,433.000000,9.863454,0.866514,64585.570000,64514.990000
29767117,2026-08-06T14:37,64526.430000,-0.012100,0.724098,2026-08-06,408.000000,3.926698,0.711694,64553.970000,64488.900000
29767118,2026-08-06T14:38,64495.320000,-0.124300,0.419293,2026-08-06,338.000000,1.179983,0.383180,64538.510000,64495.320000
29767119,2026-08-06T14:39,64508.810000,0.271700,-0.207846,2026-08-06,283.000000,0.916220,0.530308,64514.580000,64488.900000
29767120,2026-08-06T14:40,64507.190000,0.307800,0.055739,2026-08-06,424.000000,7.376379,0.692365,64531.160000,64495.320000
29767121,2026-08-06T14:41,64565.930000,0.461000,0.385090,2026-08-06,349.000000,3.311569,0.778312,64565.930000,64504.950000
29767122,2026-08-06T14:42,64741.170000,0.057900,0.500009,2026-08-06,697.000000,23.378471,0.818495,64761.870000,64565.930000
29767123,2026-08-06T14:43,64752.120000,0.742500,0.629196,2026-08-06,508.000000,7.098053,0.717149,64773.210000,64706.000000
29767124,2026-08-06T14:44,64743.400000,0.380300,0.476975,2026-08-06,444.000000,6.322411,0.750849,64766.130000,64716.000000
29767125,2026-08-06T14:45,64727.880000,0.146300,0.509352,2026-08-06,441.000000,4.317193,0.541641,64785.450000,64710.390000
29767126,2026-08-06T14:46,64712.380000,0.309900,0.083433,2026-08-06,340.000000,2.479493,0.581865,64736.060000,64691.130000
29767127,2026-08-06T14:47,64732.850000,0.360300,0.131098,2026-08-06,336.000000,3.204695,0.488570,64748.990000,64697.550000
29767128,2026-08-06T14:48,64698.630000,0.211000,0.655211,2026-08-06,428.000000,15.584705,0.746128,64750.000000,64700.660000
29767129,2026-08-06T14:49,64641.760000,0.355200,-0.145560,2026-08-06,327.000000,3.380591,0.094439,64702.060000,64636.560000
29767130,2026-08-06T14:50,64620.510000,0.151600,-0.812009,2026-08-06,330.000000,1.533468,0.449799,64649.400000,64608.940000
29767131,2026-08-06T14:51,64636.560000,-0.520400,-0.097508,2026-08-06,378.000000,3.715650,0.753487,64657.510000,64615.090000
29767132,2026-08-06T14:52,64674.380000,0.136500,0.506825,2026-08-06,414.000000,4.937806,0.350332,64675.070000,64620.000000
29767133,2026-08-06T14:53,64622.430000,0.181500,-0.302196,2026-08-06,390.000000,2.252030,0.099089,64667.120000,64617.300000
29767134,2026-08-06T14:54,64650.010000,0.085700,-0.818351,2026-08-06,441.000000,8.170995,0.700441,64668.180000,64616.700000
29767135,2026-08-06T14:55,64647.850000,0.051100,0.427287,2026-08-06,426.000000,6.199884,0.432197,64668.650000,64646.300000
29767136,2026-08-06T14:56,64676.990000,0.317300,-0.144592,2026-08-06,416.000000,5.292094,0.478783,64687.010000,64646.820000
29767137,2026-08-06T14:57,64709.350000,0.452000,-0.008011,2026-08-06,533.000000,13.266388,0.782546,64731.740000,64651.100000
29767138,2026-08-06T14:58,64736.770000,-0.182100,0.558725,2026-08-06,511.000000,6.156501,0.292442,64748.910000,64700.170000
29767139,2026-08-06T14:59,64709.540000,0.144000,-0.415040,2026-08-06,404.000000,5.360716,0.179047,64742.480000,64707.180000
29767140,2026-08-06T15:00,64742.790000,0.041500,-0.621206,2026-08-06,469.000000,5.872957,0.459667,64750.000000,64709.540000
29767141,2026-08-06T15:01,64734.790000,0.071400,-0.093380,2026-08-06,496.000000,19.003152,0.819899,64748.500000,64699.570000
29767142,2026-08-06T15:02,64758.540000,0.090700,0.624001,2026-08-06,525.000000,10.845278,0.643059,64775.400000,64702.630000
29767143,2026-08-06T15:03,64713.600000,0.374300,0.308437,2026-08-06,609.000000,13.190872,0.765812,64769.800000,64713.600000
29767144,2026-08-06T15:04,64734.070000,0.037100,0.526967,2026-08-06,364.000000,5.926183,0.430813,64745.540000,64705.980000
29767145,2026-08-06T15:05,64730.650000,0.307000,-0.129922,2026-08-06,556.000000,20.190404,0.502009,64759.680000,64695.120000
29767146,2026-08-06T15:06,64806.710000,-0.024200,-0.000065,2026-08-06,482.000000,11.891282,0.561959,64819.520000,64730.650000
29767147,2026-08-06T15:07,64870.620000,0.492600,0.142220,2026-08-06,607.000000,14.671507,0.418277,64876.350000,64803.480000
29767148,2026-08-06T15:08,64869.540000,0.291600,-0.137823,2026-08-06,380.000000,10.935940,0.339310,64874.720000,64846.340000
29767149,2026-08-06T15:09,64864.040000,0.481100,-0.436699,2026-08-06,328.000000,4.003306,0.717325,64870.680000,64835.580000
29767150,2026-08-06T15:10,64901.490000,-0.325300,0.609190,2026-08-06,439.000000,13.587025,0.847978,64925.460000,64864.040000
29767151,2026-08-06T15:11,64895.040000,-0.108700,0.695955,2026-08-06,771.000000,29.069052,0.813137,64932.110000,64880.630000
29767152,2026-08-06T15:12,64848.990000,-0.417000,0.621971,2026-08-06,723.000000,14.642338,0.622608,64893.360000,64845.330000
29767153,2026-08-06T15:13,64834.810000,0.099600,0.419101,2026-08-06,336.000000,7.291784,0.849138,64865.320000,64816.320000
29767154,2026-08-06T15:14,64789.350000,-0.404200,0.261038,2026-08-06,339.000000,4.472443,0.681919,64834.800000,64789.340000
29767155,2026-08-06T15:15,64802.710000,0.093400,0.328071,2026-08-06,334.000000,8.525018,0.826160,64817.770000,64778.510000
29767156,2026-08-06T15:16,64833.760000,-0.189400,0.661954,2026-08-06,377.000000,6.182255,0.830577,64840.290000,64798.300000
29767157,2026-08-06T15:17,64761.760000,-0.044900,0.694062,2026-08-06,420.000000,5.219980,0.259388,64833.750000,64761.750000
29767158,2026-08-06T15:18,64760.650000,-0.220100,-0.481214,2026-08-06,368.000000,2.325710,0.488339,64775.450000,64747.470000
29767159,2026-08-06T15:19,64678.290000,-0.319400,-0.031341,2026-08-06,418.000000,2.933594,0.354211,64756.910000,64666.600000
29767160,2026-08-06T15:20,64693.810000,0.018300,-0.261267,2026-08-06,406.000000,5.725225,0.378815,64703.960000,64656.410000
29767161,2026-08-06T15:21,64681.510000,-0.215200,-0.255471,2026-08-06,414.000000,5.280447,0.294358,64692.620000,64640.000000
29767162,2026-08-06T15:22,64667.240000,-0.109900,-0.415461,2026-08-06,405.000000,3.150777,0.310056,64689.590000,64658.780000
29767163,2026-08-06T15:23,64699.990000,0.134800,-0.372089,2026-08-06,391.000000,2.540901,0.371101,64700.000000,64646.190000
29767164,2026-08-06T15:24,64739.540000,0.296100,-0.272155,2026-08-06,522.000000,6.413584,0.513677,64758.840000,64692.770000
29767165,2026-08-06T15:25,64713.520000,0.188200,0.036160,2026-08-06,380.000000,2.299379,0.269728,64747.970000,64707.180000
29767166,2026-08-06T15:26,64716.900000,0.058400,-0.454963,2026-08-06,452.000000,5.625667,0.433836,64752.120000,64713.520000
29767167,2026-08-06T15:27,64713.600000,0.456900,-0.133781,2026-08-06,331.000000,0.844815,0.599792,64736.070000,64700.000000
29767168,2026-08-06T15:28,64766.470000,0.103700,0.199143,2026-08-06,350.000000,2.338184,0.831044,64769.600000,64705.000000
29767169,2026-08-06T15:29,64759.520000,0.343800,0.662072,2026-08-06,321.000000,1.305200,0.359615,64781.880000,64753.030000
29767170,2026-08-06T15:30,64776.650000,-0.118600,-0.072138,2026-08-06,444.000000,3.492372,0.648062,64791.790000,64760.010000
29767171,2026-08-06T15:31,64786.350000,0.212500,0.241932,2026-08-06,390.000000,1.846093,0.391520,64812.570000,64774.600000
29767172,2026-08-06T15:32,64753.310000,-0.073300,-0.260579,2026-08-06,374.000000,2.548704,0.386422,64787.430000,64753.300000
29767173,2026-08-06T15:33,64739.290000,-0.191900,0.062258,2026-08-06,373.000000,3.381686,0.781540,64758.530000,64726.540000
29767174,2026-08-06T15:34,64692.110000,-0.118100,0.492954,2026-08-06,391.000000,2.207359,0.377119,64745.570000,64690.070000
29767175,2026-08-06T15:35,64675.510000,-0.170300,-0.292612,2026-08-06,416.000000,4.165975,0.244808,64691.430000,64637.790000
29767176,2026-08-06T15:36,64697.490000,-0.120800,-0.507264,2026-08-06,345.000000,2.515711,0.585283,64707.150000,64663.500000
29767177,2026-08-06T15:37,64720.460000,-0.133700,0.170571,2026-08-06,399.000000,3.338924,0.483387,64726.100000,64675.080000
29767178,2026-08-06T15:38,64725.180000,-0.121100,-0.030765,2026-08-06,403.000000,4.913363,0.263934,64758.530000,64708.990000
29767179,2026-08-06T15:39,64720.180000,0.798700,-0.475171,2026-08-06,366.000000,3.350258,0.506714,64745.660000,64704.290000
29767180,2026-08-06T15:40,64720.020000,-0.240800,0.020485,2026-08-06,418.000000,4.429611,0.525166,64728.690000,64700.170000
29767181,2026-08-06T15:41,64715.390000,0.228400,0.048996,2026-08-06,333.000000,2.359720,0.304771,64742.120000,64706.420000
29767182,2026-08-06T15:42,64717.240000,0.740900,-0.395959,2026-08-06,334.000000,3.815780,0.282774,64727.240000,64712.730000
29767183,2026-08-06T15:43,64687.870000,0.065500,-0.450772,2026-08-06,309.000000,2.220014,0.155568,64717.230000,64676.380000
29767184,2026-08-06T15:44,64688.710000,0.327300,-0.668969,2026-08-06,383.000000,2.641414,0.151217,64721.860000,64685.800000
29767185,2026-08-06T15:45,64692.380000,-0.248300,-0.701268,2026-08-06,494.000000,4.702795,0.219804,64716.570000,64684.590000
29767186,2026-08-06T15:46,64781.440000,-0.036800,-0.539525,2026-08-06,513.000000,6.790949,0.523381,64782.400000,64690.480000
29767187,2026-08-06T15:47,64753.540000,0.704500,0.052866,2026-08-06,453.000000,5.973372,0.484014,64813.440000,64751.810000
29767188,2026-08-06T15:48,64779.430000,-0.099900,-0.065315,2026-08-06,394.000000,3.215385,0.476807,64784.100000,64750.000000
29767189,2026-08-06T15:49,64776.960000,0.525700,-0.029059,2026-08-06,474.000000,5.256855,0.642956,64786.650000,64772.240000
29767190,2026-08-06T15:50,64778.490000,0.250500,0.305762,2026-08-06,400.000000,4.098501,0.474769,64800.260000,64772.120000
29767191,2026-08-06T15:51,64754.530000,0.183400,-0.064262,2026-08-06,388.000000,3.229220,0.495387,64773.010000,64738.890000
29767192,2026-08-06T15:52,64723.620000,0.025000,-0.020655,2026-08-06,435.000000,2.818709,0.168332,64755.030000,64721.440000
29767193,2026-08-06T15:53,64683.980000,-0.053200,-0.651271,2026-08-06,479.000000,4.286688,0.391595,64739.200000,64661.550000
29767194,2026-08-06T15:54,64619.380000,0.014100,-0.245039,2026-08-06,372.000000,1.611942,0.110480,64683.980000,64616.700000
29767195,2026-08-06T15:55,64592.130000,-0.110900,-0.793406,2026-08-06,524.000000,7.461711,0.448916,64616.710000,64570.930000
29767196,2026-08-06T15:56,64603.320000,-0.353000,-0.070529,2026-08-06,676.000000,9.629614,0.529439,64611.910000,64567.700000
29767197,2026-08-06T15:57,64604.180000,-0.364000,0.046018,2026-08-06,552.000000,5.739317,0.384032,64629.060000,64583.890000
29767198,2026-08-06T15:58,64625.580000,0.009300,-0.233597,2026-08-06,443.000000,6.471409,0.482434,64626.280000,64599.420000
29767199,2026-08-06T15:59,64570.930000,0.797500,-0.012301,2026-08-06,422.000000,3.880535,0.231755,64627.640000,64561.930000
29767200,2026-08-06T16:00,64554.790000,-0.244900,-0.483417,2026-08-06,486.000000,3.665383,0.257748,64590.800000,64535.300000
29767201,2026-08-06T16:01,64593.540000,0.748300,-0.555835,2026-08-06,428.000000,2.421449,0.412202,64594.760000,64535.400000
29767202,2026-08-06T16:02,64576.760000,0.816100,-0.139067,2026-08-06,416.000000,2.164182,0.428277,64617.020000,64575.000000
29767203,2026-08-06T16:03,64558.010000,-0.035800,-0.146976,2026-08-06,379.000000,2.641154,0.289247,64606.410000,64558.010000
29767204,2026-08-06T16:04,64618.270000,-0.213000,-0.429649,2026-08-06,628.000000,10.656339,0.782001,64622.600000,64540.010000
29767205,2026-08-06T16:05,64626.380000,-0.539200,0.490285,2026-08-06,711.000000,11.755041,0.705654,64635.530000,64587.250000
29767206,2026-08-06T16:06,64589.150000,-0.046800,0.468657,2026-08-06,578.000000,5.826156,0.363131,64628.330000,64581.210000
29767207,2026-08-06T16:07,64636.830000,-0.340800,-0.237045,2026-08-06,527.000000,5.056105,0.582935,64652.840000,64589.200000
29767208,2026-08-06T16:08,64616.320000,0.066000,0.146562,2026-08-06,447.000000,2.899461,0.534882,64654.900000,64601.950000
29767209,2026-08-06T16:09,64644.980000,0.028800,0.069724,2026-08-06,376.000000,2.623806,0.825145,64644.980000,64605.000000
29767210,2026-08-06T16:10,64655.230000,-0.030900,0.586037,2026-08-06,348.000000,1.444729,0.713296,64655.550000,64636.530000
29767211,2026-08-06T16:11,64638.600000,-0.193200,0.539991,2026-08-06,420.000000,3.426212,0.730031,64655.230000,64632.300000
29767212,2026-08-06T16:12,64635.520000,-0.047600,0.460208,2026-08-06,424.000000,3.445891,0.708749,64641.980000,64619.390000
29767213,2026-08-06T16:13,64596.770000,-0.198700,0.091085,2026-08-06,374.000000,2.356778,0.249065,64635.520000,64593.540000
29767214,2026-08-06T16:14,64574.150000,0.247000,-0.151395,2026-08-06,383.000000,4.386382,0.389163,64593.540000,64544.640000
29767215,2026-08-06T16:15,64567.710000,0.083800,-0.211107,2026-08-06,338.000000,1.493864,0.562026,64593.530000,64567.710000
29767216,2026-08-06T16:16,64583.490000,0.362500,0.039665,2026-08-06,444.000000,4.640884,0.810248,64583.480000,64531.250000
29767217,2026-08-06T16:17,64577.430000,-0.031500,0.684975,2026-08-06,406.000000,2.308090,0.464035,64594.190000,64546.600000
29767218,2026-08-06T16:18,64622.240000,0.080300,-0.234326,2026-08-06,389.000000,2.612458,0.790677,64622.250000,64570.000000
29767219,2026-08-06T16:19,64616.150000,0.387800,0.489581,2026-08-06,406.000000,2.222303,0.399367,64632.290000,64613.040000
29767220,2026-08-06T16:20,64558.010000,-0.028900,-0.143116,2026-08-06,379.000000,2.337655,0.408426,64622.530000,64548.320000
29767221,2026-08-06T16:21,64589.930000,0.693600,-0.149670,2026-08-06,290.000000,1.774402,0.413937,64589.930000,64558.000000
29767222,2026-08-06T16:22,64570.930000,-0.281600,-0.267564,2026-08-06,406.000000,5.251327,0.676444,64589.920000,64548.330000
29767223,2026-08-06T16:23,64567.710000,0.413200,0.367833,2026-08-06,487.000000,5.882257,0.578720,64579.120000,64541.860000
29767224,2026-08-06T16:24,64574.150000,0.108400,0.171188,2026-08-06,471.000000,3.324601,0.614470,64574.640000,64545.090000
29767225,2026-08-06T16:25,64551.610000,-0.091000,0.234674,2026-08-06,328.000000,1.626417,0.411668,64577.380000,64538.640000
29767226,2026-08-06T16:26,64542.150000,-0.150300,-0.193952,2026-08-06,345.000000,5.620922,0.209957,64568.990000,64535.400000
29767227,2026-08-06T16:27,64579.120000,0.746800,-0.568328,2026-08-06,346.000000,2.923520,0.610643,64579.130000,64535.750000
29767228,2026-08-06T16:28,64593.490000,-0.179400,0.204800,2026-08-06,329.000000,3.378222,0.765461,64600.000000,64567.710000
29767229,2026-08-06T16:29,64587.080000,0.780300,0.536468,2026-08-06,309.000000,1.196546,0.291487,64602.600000,64586.010000
29767230,2026-08-06T16:30,64638.790000,-0.221600,-0.400240,2026-08-06,428.000000,6.551622,0.769635,64641.980000,64587.080000
29767231,2026-08-06T16:31,64596.770000,0.243400,0.538501,2026-08-06,287.000000,1.490033,0.188897,64639.450000,64596.770000
29767232,2026-08-06T16:32,64575.710000,0.053100,-0.621140,2026-08-06,331.000000,4.867165,0.178229,64599.100000,64574.160000
29767233,2026-08-06T16:33,64570.930000,0.876400,-0.643874,2026-08-06,328.000000,1.358797,0.284599,64577.380000,64551.550000
29767234,2026-08-06T16:34,64598.350000,0.089700,-0.474327,2026-08-06,324.000000,1.497577,0.550495,64600.000000,64565.170000
29767235,2026-08-06T16:35,64568.620000,0.120700,0.191520,2026-08-06,316.000000,5.992003,0.035037,64598.350000,64567.700000
29767236,2026-08-06T16:36,64592.240000,-0.035700,-0.929925,2026-08-06,375.000000,2.995721,0.725410,64609.510000,64565.380000
29767237,2026-08-06T16:37,64613.540000,0.138600,0.451020,2026-08-06,371.000000,1.932990,0.440143,64642.020000,64596.770000
29767238,2026-08-06T16:38,64612.080000,-0.010100,-0.149996,2026-08-06,321.000000,1.505134,0.643965,64619.380000,64603.230000
29767239,2026-08-06T16:39,64635.520000,0.240800,0.374033,2026-08-06,273.000000,0.656330,0.606925,64635.520000,64609.730000
29767240,2026-08-06T16:40,64663.930000,0.021000,0.139025,2026-08-06,371.000000,4.992294,0.797493,64676.850000,64635.520000
29767241,2026-08-06T16:41,64664.600000,0.436700,0.604880,2026-08-06,323.000000,1.451913,0.590864,64693.700000,64632.300000
29767242,2026-08-06T16:42,64688.230000,0.125400,0.104737,2026-08-06,266.000000,0.973814,0.533278,64688.800000,64664.590000
29767243,2026-08-06T16:43,64664.600000,0.095400,0.066781,2026-08-06,357.000000,2.151632,0.661717,64693.660000,64664.600000
29767244,2026-08-06T16:44,64650.010000,-0.289700,0.311772,2026-08-06,308.000000,1.164247,0.445438,64664.610000,64650.000000
29767245,2026-08-06T16:45,64622.620000,0.192500,-0.145717,2026-08-06,377.000000,1.637320,0.399900,64667.830000,64622.610000
29767246,2026-08-06T16:46,64606.460000,-0.156900,0.032373,2026-08-06,313.000000,1.902405,0.654948,64622.620000,64606.460000
29767247,2026-08-06T16:47,64599.320000,0.209100,0.099533,2026-08-06,280.000000,2.078426,0.816519,64612.910000,64598.030000
29767248,2026-08-06T16:48,64632.400000,0.228900,0.715322,2026-08-06,310.000000,1.369755,0.625157,64635.300000,64599.320000
29767249,2026-08-06T16:49,64654.850000,0.685800,0.250314,2026-08-06,264.000000,1.608293,0.314191,64654.850000,64622.610000
29767250,2026-08-06T16:50,64661.380000,-0.043000,-0.342742,2026-08-06,345.000000,1.994153,0.274054,64674.290000,64650.000000
29767251,2026-08-06T16:51,64680.540000,0.277200,-0.476451,2026-08-06,401.000000,4.954687,0.864873,64687.450000,64658.140000
29767252,2026-08-06T16:52,64709.330000,0.381600,0.729542,2026-08-06,341.000000,3.022517,0.723705,64716.000000,64680.530000
29767253,2026-08-06T16:53,64677.620000,0.059200,0.447563,2026-08-06,319.000000,3.353749,0.577673,64713.860000,64677.620000
29767254,2026-08-06T16:54,64656.810000,-0.057500,0.154968,2026-08-06,314.000000,1.541203,0.651143,64679.650000,64648.470000
29767255,2026-08-06T16:55,64674.290000,0.283400,0.313134,2026-08-06,267.000000,0.969719,0.301434,64677.400000,64654.910000
29767256,2026-08-06T16:56,64677.510000,0.477300,-0.428749,2026-08-06,279.000000,2.065407,0.166323,64687.200000,64658.140000
29767257,2026-08-06T16:57,64677.520000,0.226400,-0.667994,2026-08-06,254.000000,1.164210,0.743616,64686.450000,64677.510000
29767258,2026-08-06T16:58,64687.960000,0.047900,0.487233,2026-08-06,282.000000,0.836189,0.661424,64691.040000,64663.380000
29767259,2026-08-06T16:59,64690.130000,0.175800,0.322848,2026-08-06,286.000000,2.278195,0.179901,64699.990000,64682.720000
29767260,2026-08-06T17:00,64741.710000,0.774000,-0.592451,2026-08-06,375.000000,4.905707,0.482704,64741.700000,64690.130000
29767261,2026-08-06T17:01,64746.490000,0.279800,-0.044196,2026-08-06,526.000000,6.602510,0.656851,64771.920000,64732.440000
29767262,2026-08-06T17:02,64759.670000,0.471800,0.311283,2026-08-06,293.000000,2.788057,0.575520,64764.720000,64740.920000
29767263,2026-08-06T17:03,64737.520000,-0.212200,0.149739,2026-08-06,346.000000,1.440693,0.129280,64771.180000,64735.660000
29767264,2026-08-06T17:04,64753.880000,0.492400,-0.782075,2026-08-06,315.000000,1.900539,0.471689,64758.260000,64734.370000
29767265,2026-08-06T17:05,64768.820000,-0.060200,-0.056159,2026-08-06,310.000000,2.412050,0.802560,64773.070000,64753.880000
29767266,2026-08-06T17:06,64717.230000,0.096400,0.605224,2026-08-06,696.000000,10.937061,0.656276,64787.110000,64717.220000
29767267,2026-08-06T17:07,64705.620000,0.538300,0.371147,2026-08-06,380.000000,3.311604,0.749007,64717.220000,64690.130000
29767268,2026-08-06T17:08,64694.920000,0.005400,0.310819,2026-08-06,275.000000,1.065073,0.342678,64712.810000,64691.120000
29767269,2026-08-06T17:09,64677.710000,0.080000,-0.497395,2026-08-06,252.000000,1.614923,0.081418,64694.920000,64677.710000
29767270,2026-08-06T17:10,64674.990000,-0.116200,-0.836774,2026-08-06,296.000000,1.885533,0.492666,64693.660000,64671.060000
29767271,2026-08-06T17:11,64685.080000,0.499100,-0.010692,2026-08-06,485.000000,4.189426,0.509953,64686.120000,64664.600000
29767272,2026-08-06T17:12,64692.930000,0.424700,0.019907,2026-08-06,243.000000,0.924899,0.316079,64694.910000,64680.540000
29767273,2026-08-06T17:13,64672.620000,0.176500,-0.389939,2026-08-06,253.000000,0.765731,0.087279,64696.400000,64667.890000
29767274,2026-08-06T17:14,64660.540000,-0.120700,-0.810227,2026-08-06,530.000000,5.322171,0.652485,64678.530000,64660.070000
29767275,2026-08-06T17:15,64625.850000,0.192600,0.252287,2026-08-06,316.000000,2.409321,0.189757,64660.530000,64625.840000
29767276,2026-08-06T17:16,64654.900000,0.167000,-0.584992,2026-08-06,254.000000,0.713834,0.669170,64654.910000,64625.840000
29767277,2026-08-06T17:17,64667.060000,0.191400,0.337457,2026-08-06,376.000000,5.088661,0.145990,64675.260000,64648.820000
29767278,2026-08-06T17:18,64668.190000,0.174900,-0.708075,2026-08-06,270.000000,1.096379,0.230646,64673.820000,64663.150000
29767279,2026-08-06T17:19,64658.240000,0.116800,-0.537243,2026-08-06,341.000000,2.408632,0.234570,64669.620000,64651.790000
29767280,2026-08-06T17:20,64680.760000,0.724900,-0.530859,2026-08-06,278.000000,0.882708,0.242617,64683.230000,64658.230000
29767281,2026-08-06T17:21,64655.100000,-0.100000,-0.514766,2026-08-06,438.000000,1.718058,0.185309,64683.970000,64644.270000
29767282,2026-08-06T17:22,64647.070000,0.327000,-0.629611,2026-08-06,352.000000,2.848413,0.194991,64655.510000,64640.090000
29767283,2026-08-06T17:23,64622.960000,0.081200,-0.609872,2026-08-06,423.000000,2.977782,0.032394,64660.240000,64622.650000
29767284,2026-08-06T17:24,64625.760000,0.243500,-0.935212,2026-08-06,246.000000,0.994375,0.368045,64625.760000,64609.690000
29767285,2026-08-06T17:25,64648.440000,0.490000,-0.224365,2026-08-06,333.000000,2.561189,0.069261,64648.440000,64625.750000
29767286,2026-08-06T17:26,64653.580000,0.268100,-0.861527,2026-08-06,333.000000,1.461089,0.601849,64660.230000,64643.970000
29767287,2026-08-06T17:27,64641.960000,0.092700,0.185834,2026-08-06,318.000000,0.794313,0.549834,64653.580000,64637.110000
29767288,2026-08-06T17:28,64624.240000,0.083000,0.108942,2026-08-06,317.000000,0.896794,0.310787,64641.960000,64624.230000
29767289,2026-08-06T17:29,64624.370000,-0.204700,-0.391239,2026-08-06,323.000000,0.979433,0.346714,64632.300000,64622.080000
29767290,2026-08-06T17:30,64630.130000,0.187200,-0.345526,2026-08-06,405.000000,3.269762,0.776643,64645.870000,64613.020000
29767291,2026-08-06T17:31,64625.690000,-0.187600,0.586579,2026-08-06,302.000000,1.062486,0.172729,64651.670000,64622.620000
29767292,2026-08-06T17:32,64603.240000,-0.168500,-0.655675,2026-08-06,327.000000,0.944421,0.412342,64654.910000,64603.230000
29767293,2026-08-06T17:33,64596.980000,-0.204600,-0.176931,2026-08-06,295.000000,0.988061,0.545904,64619.370000,64596.770000
29767294,2026-08-06T17:34,64601.320000,0.159000,0.090390,2026-08-06,266.000000,0.648881,0.255727,64603.470000,64588.500000
29767295,2026-08-06T17:35,64592.350000,0.070000,-0.490289,2026-08-06,311.000000,0.779439,0.378024,64613.510000,64592.350000
29767296,2026-08-06T17:36,64584.500000,0.238600,-0.186666,2026-08-06,377.000000,2.032403,0.532911,64600.460000,64584.760000
29767297,2026-08-06T17:37,64541.480000,0.315800,0.048271,2026-08-06,409.000000,1.539865,0.193807,64586.760000,64538.710000
29767298,2026-08-06T17:38,64548.320000,0.159500,-0.612948,2026-08-06,358.000000,1.362130,0.334392,64574.150000,64538.710000
29767299,2026-08-06T17:39,64518.060000,0.268400,-0.326589,2026-08-06,388.000000,1.233315,0.205822,64560.930000,64516.820000
29767300,2026-08-06T17:40,64500.010000,0.657500,-0.502477,2026-08-06,395.000000,4.476771,0.099371,64538.160000,64500.000000
29767301,2026-08-06T17:41,64488.270000,0.167300,-0.829407,2026-08-06,474.000000,13.195202,0.489437,64525.670000,64481.590000
29767302,2026-08-06T17:42,64522.480000,0.278800,-0.021250,2026-08-06,315.000000,1.263984,0.903414,64522.480000,64486.520000
29767303,2026-08-06T17:43,64518.960000,-0.059700,0.806828,2026-08-06,331.000000,0.866078,0.753726,64522.480000,64511.830000
29767304,2026-08-06T17:44,64543.430000,-0.070800,0.507452,2026-08-06,545.000000,8.141934,0.918879,64551.080000,64516.040000
29767305,2026-08-06T17:45,64548.230000,0.230000,0.838710,2026-08-06,370.000000,3.491715,0.747103,64560.920000,64543.430000
29767306,2026-08-06T17:46,64569.520000,0.090600,0.487117,2026-08-06,391.000000,4.108988,0.592238,64572.230000,64542.390000
29767307,2026-08-06T17:47,64527.150000,0.125600,0.184459,2026-08-06,406.000000,1.681564,0.178837,64570.730000,64522.480000
29767308,2026-08-06T17:48,64546.380000,0.221400,-0.650653,2026-08-06,689.000000,7.651785,0.661751,64556.870000,64519.250000
29767309,2026-08-06T17:49,64532.180000,0.263200,0.330471,2026-08-06,470.000000,5.806025,0.678639,64559.990000,64528.940000
29767310,2026-08-06T17:50,64537.370000,-0.078300,0.357250,2026-08-06,291.000000,0.729794,0.383789,64538.630000,64528.980000
29767311,2026-08-06T17:51,64564.560000,-0.007600,-0.232298,2026-08-06,271.000000,0.732517,0.139077,64567.660000,64537.360000
29767312,2026-08-06T17:52,64588.830000,-0.016700,-0.722741,2026-08-06,327.000000,3.693235,0.510275,64596.800000,64564.550000
29767313,2026-08-06T17:53,64583.010000,0.113100,0.021203,2026-08-06,336.000000,1.664703,0.137820,64593.540000,64575.000000
29767314,2026-08-06T17:54,64587.620000,-0.248100,-0.724205,2026-08-06,359.000000,1.040753,0.504293,64598.320000,64583.000000
29767315,2026-08-06T17:55,64579.070000,0.072500,0.008560,2026-08-06,381.000000,1.322229,0.382719,64587.620000,64567.030000
29767316,2026-08-06T17:56,64580.680000,-0.038700,-0.231020,2026-08-06,331.000000,1.549335,0.759732,64592.290000,64567.700000
29767317,2026-08-06T17:57,64585.850000,0.047500,0.519464,2026-08-06,294.000000,1.389560,0.093296,64587.080000,64576.520000
29767318,2026-08-06T17:58,64570.930000,-0.049800,-0.813408,2026-08-06,369.000000,0.567957,0.247369,64591.600000,64570.930000
29767319,2026-08-06T17:59,64557.150000,0.162000,-0.515823,2026-08-06,269.000000,0.384449,0.385064,64570.930000,64556.760000
29767320,2026-08-06T18:00,64549.380000,0.213400,0.098608,2026-08-06,325.000000,1.875640,0.177537,64559.630000,64541.860000
29767321,2026-08-06T18:01,64496.650000,-0.036500,-0.762377,2026-08-06,442.000000,3.630514,0.256605,64550.680000,64496.650000
29767322,2026-08-06T18:02,64475.100000,0.072000,-0.486790,2026-08-06,347.000000,1.529082,0.543226,64499.130000,64474.030000
29767323,2026-08-06T18:03,64455.920000,-0.114200,0.087105,2026-08-06,325.000000,1.807787,0.375724,64478.690000,64441.900000
29767324,2026-08-06T18:04,64470.790000,0.149100,0.203231,2026-08-06,288.000000,3.582795,0.638217,64474.020000,64455.910000
29767325,2026-08-06T18:05,64441.740000,-0.003000,-0.014406,2026-08-06,256.000000,0.901644,0.155176,64474.030000,64441.730000
29767326,2026-08-06T18:06,64434.070000,-0.021500,-0.688653,2026-08-06,389.000000,3.530902,0.421599,64461.100000,64434.060000
29767327,2026-08-06T18:07,64448.180000,0.170700,-0.180898,2026-08-06,308.000000,1.448812,0.584643,64448.190000,64413.360000
29767328,2026-08-06T18:08,64433.270000,0.044700,0.259080,2026-08-06,334.000000,1.466357,0.568643,64449.510000,64420.290000
29767329,2026-08-06T18:09,64441.730000,0.515600,0.137285,2026-08-06,404.000000,7.678166,0.514827,64441.730000,64415.890000
29767330,2026-08-06T18:10,64441.770000,-0.439800,0.037680,2026-08-06,311.000000,1.649331,0.405391,64450.010000,64438.180000
29767331,2026-08-06T18:11,64444.960000,-0.202100,-0.237258,2026-08-06,340.000000,2.126025,0.307853,64444.960000,64424.680000
29767332,2026-08-06T18:12,64463.070000,0.443400,-0.384294,2026-08-06,326.000000,4.363722,0.767316,64464.830000,64441.920000
29767333,2026-08-06T18:13,64472.690000,0.510600,0.542229,2026-08-06,315.000000,1.416664,0.620533,64472.700000,64464.330000
29767334,2026-08-06T18:14,64481.730000,0.488300,0.198489,2026-08-06,341.000000,2.751590,0.878009,64496.610000,64464.340000
29767335,2026-08-06T18:15,64506.320000,0.473400,0.865529,2026-08-06,313.000000,6.029196,0.474468,64506.330000,64481.730000
29767336,2026-08-06T18:16,64503.100000,0.178200,-0.677519,2026-08-06,514.000000,8.068079,0.334322,64509.550000,64441.730000
29767337,2026-08-06T18:17,64480.930000,0.267900,-0.331356,2026-08-06,329.000000,4.527366,0.121999,64510.830000,64467.580000
29767338,2026-08-06T18:18,64506.260000,0.378400,-0.756002,2026-08-06,314.000000,1.108966,0.688128,64509.560000,64480.620000
29767339,2026-08-06T18:19,64493.400000,0.179600,0.376256,2026-08-06,346.000000,2.446798,0.163006,64508.890000,64493.400000
29767340,2026-08-06T18:20,64509.440000,0.181100,-0.673998,2026-08-06,296.000000,0.657290,0.391238,64509.450000,64493.400000
29767341,2026-08-06T18:21,64528.930000,0.066300,-0.217436,2026-08-06,305.000000,0.312989,0.490969,64542.190000,64509.440000
29767342,2026-08-06T18:22,64509.570000,0.053400,-0.138497,2026-08-06,349.000000,0.871698,0.351221,64528.930000,64509.560000
29767343,2026-08-06T18:23,64490.180000,0.057400,-0.260641,2026-08-06,285.000000,0.824734,0.286849,64520.180000,64490.180000
29767344,2026-08-06T18:24,64477.260000,0.166700,-0.426142,2026-08-06,285.000000,0.690457,0.155451,64490.190000,64477.260000
29767345,2026-08-06T18:25,64451.430000,0.300500,-0.685169,2026-08-06,341.000000,5.286846,0.498083,64479.380000,64451.420000
29767346,2026-08-06T18:26,64452.440000,0.002400,-0.003228,2026-08-06,270.000000,1.186764,0.072931,64460.010000,64444.960000
29767347,2026-08-06T18:27,64462.180000,0.470200,-0.796128,2026-08-06,280.000000,0.532984,0.547415,64468.860000,64452.440000
29767348,2026-08-06T18:28,64474.020000,0.029300,0.012397,2026-08-06,320.000000,0.847880,0.521588,64479.180000,64462.180000
29767349,2026-08-06T18:29,64458.730000,0.152200,-0.521350,2026-08-06,358.000000,4.966849,0.080500,64478.690000,64445.060000
29767350,2026-08-06T18:30,64438.510000,0.137900,-0.798415,2026-08-06,306.000000,1.944025,0.575292,64465.510000,64438.500000
29767351,2026-08-06T18:31,64425.740000,0.240900,0.152261,2026-08-06,384.000000,3.626803,0.682586,64460.790000,64421.830000
29767352,2026-08-06T18:32,64423.740000,-0.600200,0.364903,2026-08-06,254.000000,0.416089,0.572319,64427.320000,64422.680000
29767353,2026-08-06T18:33,64398.900000,-0.506900,-0.087658,2026-08-06,407.000000,4.235049,0.050238,64423.740000,64393.510000
29767354,2026-08-06T18:34,64382.260000,-0.018900,-0.902222,2026-08-06,323.000000,1.164173,0.249799,64398.910000,64378.630000
29767355,2026-08-06T18:35,64392.810000,-0.001500,-0.501381,2026-08-06,355.000000,1.909428,0.455932,64405.560000,64377.130000
29767356,2026-08-06T18:36,64395.650000,-0.468700,-0.088144,2026-08-06,294.000000,1.289232,0.564076,64399.730000,64388.620000
29767357,2026-08-06T18:37,64402.570000,0.299600,0.128151,2026-08-06,349.000000,7.020479,0.887466,64412.660000,64395.650000
29767358,2026-08-06T18:38,64395.650000,-0.369100,0.776403,2026-08-06,290.000000,1.216781,0.159931,64412.660000,64395.650000
29767359,2026-08-06T18:39,64379.570000,-0.413400,-0.762511,2026-08-06,351.000000,1.308686,0.457508,64395.650000,64376.430000
29767360,2026-08-06T18:40,64373.620000,-0.243600,-0.025243,2026-08-06,360.000000,1.864436,0.425186,64380.200000,64367.520000
29767361,2026-08-06T18:41,64373.980000,-0.403200,-0.145431,2026-08-06,275.000000,0.731789,0.428748,64385.410000,64370.000000
29767362,2026-08-06T18:42,64369.210000,-0.234200,-0.187438,2026-08-06,312.000000,1.209252,0.240037,64374.470000,64367.520000
29767363,2026-08-06T18:43,64369.230000,-0.333700,-0.508011,2026-08-06,324.000000,0.959988,0.449012,64375.000000,64367.000000
29767364,2026-08-06T18:44,64353.520000,-0.101700,-0.101975,2026-08-06,461.000000,8.623946,0.283310,64369.230000,64346.000000
29767365,2026-08-06T18:45,64375.010000,-0.170200,-0.433402,2026-08-06,311.000000,0.883132,0.582402,64375.010000,64356.520000
29767366,2026-08-06T18:46,64380.420000,-0.149800,0.165251,2026-08-06,302.000000,2.132232,0.323320,64389.380000,64373.900000
29767367,2026-08-06T18:47,64380.370000,-0.146800,-0.348029,2026-08-06,267.000000,0.795756,0.231428,64393.520000,64377.130000
29767368,2026-08-06T18:48,64354.520000,-0.333800,-0.298023,2026-08-06,342.000000,1.555386,0.284605,64390.050000,64354.520000
29767369,2026-08-06T18:49,64350.370000,-0.125700,-0.588825,2026-08-06,299.000000,1.189113,0.111336,64354.540000,64340.040000
29767370,2026-08-06T18:50,64348.060000,0.105400,-0.777558,2026-08-06,289.000000,0.844332,0.215405,64351.300000,64338.370000
29767371,2026-08-06T18:51,64337.100000,0.078100,-0.567618,2026-08-06,361.000000,1.333878,0.351956,64362.800000,64337.090000
29767372,2026-08-06T18:52,64335.580000,-0.026200,-0.283131,2026-08-06,326.000000,2.422775,0.148333,64344.090000,64331.910000
29767373,2026-08-06T18:53,64327.370000,-0.168700,-0.713251,2026-08-06,323.000000,2.819512,0.308952,64344.090000,64322.390000
29767374,2026-08-06T18:54,64323.120000,-0.019800,-0.216226,2026-08-06,320.000000,2.351720,0.239166,64335.450000,64321.600000
29767375,2026-08-06T18:55,64339.390000,0.143500,-0.735147,2026-08-06,310.000000,1.908845,0.390367,64344.830000,64314.000000
29767376,2026-08-06T18:56,64351.290000,0.110400,-0.283504,2026-08-06,294.000000,3.497506,0.698901,64365.130000,64335.150000
29767377,2026-08-06T18:57,64360.420000,0.247600,0.397929,2026-08-06,320.000000,2.921417,0.403004,64360.420000,64344.830000
29767378,2026-08-06T18:58,64359.210000,-0.319400,-0.192549,2026-08-06,296.000000,0.499605,0.674701,64370.770000,64359.210000
29767379,2026-08-06T18:59,64357.010000,-0.132700,0.500302,2026-08-06,276.000000,3.208556,0.922170,64360.090000,64351.290000
29767380,2026-08-06T19:00,64369.830000,0.105500,0.836503,2026-08-06,399.000000,3.033336,0.628825,64372.170000,64350.910000
29767381,2026-08-06T19:01,64400.010000,0.069700,0.274890,2026-08-06,361.000000,5.320694,0.920134,64403.540000,64369.840000
29767382,2026-08-06T19:02,64368.040000,0.137600,0.840450,2026-08-06,508.000000,5.851022,0.836426,64407.920000,64367.240000
29767383,2026-08-06T19:03,64371.240000,0.249700,0.668205,2026-08-06,417.000000,3.593609,0.695430,64376.390000,64367.410000
29767384,2026-08-06T19:04,64383.580000,-0.026000,0.405237,2026-08-06,411.000000,5.411829,0.850425,64388.350000,64369.720000
29767385,2026-08-06T19:05,64369.290000,0.080000,0.698437,2026-08-06,363.000000,2.739209,0.719025,64383.590000,64367.240000
29767386,2026-08-06T19:06,64364.400000,0.040100,0.473526,2026-08-06,406.000000,5.210005,0.779270,64382.020000,64362.000000
29767387,2026-08-06T19:07,64368.210000,-0.038400,0.542501,2026-08-06,349.000000,5.934559,0.527575,64368.940000,64351.920000
29767388,2026-08-06T19:08,64393.620000,-0.274200,0.071780,2026-08-06,270.000000,6.019293,0.934570,64402.290000,64368.220000
29767389,2026-08-06T19:09,64387.430000,0.044500,0.866910,2026-08-06,338.000000,6.325075,0.714818,64394.240000,64380.350000
29767390,2026-08-06T19:10,64386.850000,-0.079800,0.429064,2026-08-06,298.000000,3.604247,0.676462,64393.570000,64383.850000
29767391,2026-08-06T19:11,64389.740000,-0.131500,0.353088,2026-08-06,445.000000,3.096493,0.717125,64394.900000,64383.900000
29767392,2026-08-06T19:12,64385.650000,-0.398000,0.434116,2026-08-06,566.000000,4.473962,0.696282,64394.760000,64379.430000
29767393,2026-08-06T19:13,64387.900000,-0.546000,0.408679,2026-08-06,422.000000,4.216055,0.848310,64388.080000,64385.660000
29767394,2026-08-06T19:14,64376.430000,-0.066700,0.687584,2026-08-06,554.000000,6.021052,0.768681,64399.800000,64373.800000
29767395,2026-08-06T19:15,64368.790000,-0.074500,0.536964,2026-08-06,419.000000,3.244868,0.889966,64376.430000,64360.000000
29767396,2026-08-06T19:16,64380.040000,0.013700,0.788167,2026-08-06,396.000000,4.588646,0.851007,64383.590000,64368.780000
29767397,2026-08-06T19:17,64381.010000,-0.000700,0.696160,2026-08-06,395.000000,3.230938,0.762655,64382.070000,64367.440000
29767398,2026-08-06T19:18,64369.570000,-0.190000,0.515439,2026-08-06,444.000000,5.776459,0.533778,64385.290000,64349.090000
29767399,2026-08-06T19:19,64362.620000,0.203800,0.079309,2026-08-06,460.000000,11.494356,0.350257,64387.580000,64363.950000
29767400,2026-08-06T19:20,64390.990000,-0.453700,-0.109743,2026-08-06,311.000000,6.350467,0.939606,64392.260000,64362.610000
29767401,2026-08-06T19:21,64386.830000,0.037000,0.905537,2026-08-06,500.000000,4.090044,0.708630,64403.510000,64386.820000
29767402,2026-08-06T19:22,64399.460000,-0.140100,0.415656,2026-08-06,381.000000,3.554127,0.922194,64399.490000,64386.830000
29767403,2026-08-06T19:23,64399.960000,0.159800,0.848050,2026-08-06,497.000000,5.246386,0.671734,64406.480000,64389.470000
29767404,2026-08-06T19:24,64375.960000,-0.621300,0.384675,2026-08-06,604.000000,22.794517,0.271865,64402.780000,64366.150000
29767405,2026-08-06T19:25,64376.680000,0.325700,-0.484842,2026-08-06,378.000000,4.280802,0.520534,64376.240000,64344.830000
29767406,2026-08-06T19:26,64339.700000,-0.036900,0.057819,2026-08-06,416.000000,4.492630,0.818182,64377.130000,64328.680000
29767407,2026-08-06T19:27,64350.110000,-0.166100,0.639542,2026-08-06,412.000000,5.188261,0.855848,64357.740000,64339.870000
29767408,2026-08-06T19:28,64363.240000,0.136800,0.710323,2026-08-06,290.000000,2.942448,0.922809,64364.130000,64349.940000
29767409,2026-08-06T19:29,64339.490000,0.124700,0.749625,2026-08-06,623.000000,14.153669,0.325843,64366.870000,64335.140000
29767410,2026-08-06T19:30,64336.180000,0.080200,-0.351651,2026-08-06,374.000000,3.278905,0.487087,64348.950000,64320.540000
29767411,2026-08-06T19:31,64335.820000,-0.144600,-0.026791,2026-08-06,370.000000,5.355502,0.845498,64348.590000,64333.860000
29767412,2026-08-06T19:32,64338.710000,-0.182300,0.670181,2026-08-06,369.000000,3.809973,0.769696,64346.710000,64331.910000
29767413,2026-08-06T19:33,64312.840000,-0.194500,0.577163,2026-08-06,428.000000,6.085688,0.814370,64338.710000,64304.500000
29767414,2026-08-06T19:34,64355.650000,0.088200,0.656024,2026-08-06,363.000000,5.929784,0.900436,64355.650000,64312.970000
29767415,2026-08-06T19:35,64348.960000,0.013900,0.779560,2026-08-06,395.000000,3.294100,0.716110,64361.500000,64335.140000
29767416,2026-08-06T19:36,64369.130000,0.058200,0.432041,2026-08-06,386.000000,4.509796,0.749143,64369.140000,64341.630000
29767417,2026-08-06T19:37,64387.380000,-0.259700,0.559762,2026-08-06,525.000000,6.170200,0.758530,64388.430000,64369.140000
29767418,2026-08-06T19:38,64371.520000,-0.164000,0.472328,2026-08-06,565.000000,8.059501,0.668760,64401.010000,64370.670000
29767419,2026-08-06T19:39,64368.630000,-0.136700,0.317957,2026-08-06,443.000000,5.545501,0.851833,64376.050000,64365.830000
29767420,2026-08-06T19:40,64373.480000,0.140600,0.755356,2026-08-06,343.000000,2.552705,0.610178,64383.590000,64368.640000
29767421,2026-08-06T19:41,64372.630000,-0.079800,0.090375,2026-08-06,457.000000,4.256964,0.704105,64376.930000,64370.670000
29767422,2026-08-06T19:42,64360.930000,0.148700,0.420199,2026-08-06,446.000000,4.209139,0.677472,64372.750000,64351.310000
29767423,2026-08-06T19:43,64354.520000,0.194400,0.358492,2026-08-06,440.000000,4.556200,0.695788,64380.140000,64354.520000
29767424,2026-08-06T19:44,64376.020000,-0.527500,0.376340,2026-08-06,424.000000,5.179714,0.920655,64379.570000,64354.520000
29767425,2026-08-06T19:45,64386.980000,-0.341700,0.832089,2026-08-06,361.000000,3.306655,0.695277,64390.020000,64375.610000
29767426,2026-08-06T19:46,64373.740000,-0.388500,0.377661,2026-08-06,427.000000,4.820963,0.816462,64388.270000,64367.440000
29767427,2026-08-06T19:47,64373.050000,-0.181600,0.632916,2026-08-06,414.000000,4.305002,0.797329,64377.120000,64364.210000
29767428,2026-08-06T19:48,64360.350000,0.010500,0.594667,2026-08-06,544.000000,4.294896,0.606938,64378.130000,64357.050000
29767429,2026-08-06T19:49,64361.290000,-0.566500,0.214299,2026-08-06,394.000000,4.554909,0.788101,64372.580000,64360.350000
29767430,2026-08-06T19:50,64361.790000,-0.295200,0.298333,2026-08-06,498.000000,6.580967,0.634442,64364.640000,64341.130000
29767431,2026-08-06T19:51,64357.880000,-0.217500,0.496315,2026-08-06,441.000000,6.355080,0.784242,64361.790000,64349.640000
29767432,2026-08-06T19:52,64382.790000,-0.394500,0.564134,2026-08-06,411.000000,5.490446,0.682858,64382.780000,64357.820000
29767433,2026-08-06T19:53,64401.920000,-0.977600,0.365716,2026-08-06,724.000000,23.377643,0.584648,64427.210000,64374.670000
29767434,2026-08-06T19:54,64402.430000,-0.977400,0.174078,2026-08-06,376.000000,17.522659,0.924410,64402.430000,64395.000000
29767435,2026-08-06T19:55,64402.430000,-0.971800,0.819225,2026-08-06,324.000000,4.288061,0.790204,64402.430000,64394.280000
29767436,2026-08-06T19:56,64402.430000,-0.971200,0.694604,2026-08-06,293.000000,10.196699,0.937506,64404.100000,64402.420000
29767437,2026-08-06T19:57,64392.820000,-0.254600,0.874584,2026-08-06,417.000000,4.115878,0.638251,64402.430000,64387.280000
29767438,2026-08-06T19:58,64405.010000,0.150200,0.272313,2026-08-06,556.000000,112.934089,0.975929,64425.540000,64392.810000
29767439,2026-08-06T19:59,64403.960000,-0.053800,0.951924,2026-08-06,592.000000,13.815439,0.663703,64406.200000,64384.670000
29767440,2026-08-06T20:00,64444.260000,-0.276700,0.336749,2026-08-06,515.000000,11.740816,0.844169,64460.150000,64390.050000
29767441,2026-08-06T20:01,64452.680000,0.045000,0.675960,2026-08-06,447.000000,8.963029,0.579523,64466.820000,64439.020000
29767442,2026-08-06T20:02,64450.680000,-0.001500,0.193043,2026-08-06,425.000000,6.442158,0.871356,64467.570000,64444.960000
29767443,2026-08-06T20:03,64460.580000,0.389000,0.734554,2026-08-06,329.000000,3.409352,0.856386,64470.950000,64450.680000
29767444,2026-08-06T20:04,64474.740000,0.084500,0.714502,2026-08-06,334.000000,4.295163,0.860763,64478.130000,64460.580000
29767445,2026-08-06T20:05,64461.100000,0.203600,0.722641,2026-08-06,323.000000,3.258432,0.512153,64477.250000,64460.710000
29767446,2026-08-06T20:06,64476.070000,-0.044900,0.021191,2026-08-06,279.000000,2.236708,0.964066,64477.580000,64456.010000
29767447,2026-08-06T20:07,64472.790000,0.145800,0.927834,2026-08-06,264.000000,1.895262,0.524684,64476.080000,64464.370000
29767448,2026-08-06T20:08,64473.540000,0.071000,0.107781,2026-08-06,240.000000,1.828817,0.873740,64483.720000,64472.080000
29767449,2026-08-06T20:09,64463.490000,0.033000,0.729099,2026-08-06,308.000000,3.606795,0.813517,64476.310000,64457.880000
29767450,2026-08-06T20:10,64472.040000,-0.027900,0.627035,2026-08-06,238.000000,2.992784,0.812532,64472.030000,64463.260000
29767451,2026-08-06T20:11,64456.420000,0.875800,0.625063,2026-08-06,167.000000,2.811790,0.935809,64472.040000,64456.000000
29767452,2026-08-06T20:12,64466.710000,0.099100,0.871617,2026-08-06,107.000000,0.651145,0.837475,64469.830000,64456.410000
29767453,2026-08-06T20:13,64470.810000,-0.109600,0.674950,2026-08-06,150.000000,0.969849,0.373656,64480.350000,64466.710000
29767454,2026-08-06T20:14,64471.990000,0.026300,-0.252115,2026-08-06,156.000000,2.052195,0.673514,64473.020000,64469.190000
29767455,2026-08-06T20:15,64470.460000,0.047500,0.345154,2026-08-06,183.000000,1.024843,0.859140,64471.990000,64461.110000
29767456,2026-08-06T20:16,64464.980000,-0.590700,0.723101,2026-08-06,189.000000,0.759545,0.671401,64470.620000,64458.880000
29767457,2026-08-06T20:17,64451.380000,0.875500,0.342254,2026-08-06,405.000000,9.045357,0.154299,64464.970000,64450.010000
29767458,2026-08-06T20:18,64423.680000,0.094500,-0.691392,2026-08-06,298.000000,27.158292,0.055319,64451.390000,64422.690000
29767459,2026-08-06T20:19,64434.430000,-0.141100,-0.889307,2026-08-06,222.000000,1.178474,0.553611,64441.730000,64430.340000
29767460,2026-08-06T20:20,64427.820000,-0.395000,0.108328,2026-08-06,156.000000,0.991434,0.858843,64434.680000,64423.680000
29767461,2026-08-06T20:21,64403.430000,0.244600,0.717155,2026-08-06,427.000000,4.792609,0.500222,64432.040000,64386.820000
29767462,2026-08-06T20:22,64440.150000,-0.072500,0.000365,2026-08-06,252.000000,1.748007,0.787331,64441.200000,64403.430000
29767463,2026-08-06T20:23,64437.180000,0.033000,0.575112,2026-08-06,156.000000,0.562560,0.645735,64445.140000,64432.230000
29767464,2026-08-06T20:24,64431.350000,0.314600,0.289127,2026-08-06,130.000000,0.460460,0.872240,64437.190000,64430.760000
29767465,2026-08-06T20:25,64435.710000,0.117100,0.764352,2026-08-06,264.000000,3.223421,0.941112,64443.940000,64430.000000
29767466,2026-08-06T20:26,64423.520000,-0.272800,0.872953,2026-08-06,183.000000,2.709366,0.489707,64436.220000,64423.520000
29767467,2026-08-06T20:27,64422.100000,-0.018200,-0.015746,2026-08-06,134.000000,1.977730,0.920824,64424.240000,64419.120000
29767468,2026-08-06T20:28,64418.320000,0.161600,0.841648,2026-08-06,154.000000,0.498505,0.255056,64422.090000,64416.360000
29767469,2026-08-06T20:29,64432.020000,0.175800,-0.502985,2026-08-06,170.000000,0.546393,0.747213,64432.020000,64418.320000
29767470,2026-08-06T20:30,64410.010000,-0.173300,0.572257,2026-08-06,162.000000,1.004292,0.300480,64432.030000,64403.220000
29767471,2026-08-06T20:31,64402.520000,0.175200,-0.060113,2026-08-06,181.000000,2.345363,0.294616,64416.020000,64400.010000
29767472,2026-08-06T20:32,64429.920000,0.528700,-0.644321,2026-08-06,159.000000,2.043557,0.074329,64430.850000,64402.520000
29767473,2026-08-06T20:33,64434.480000,-0.168400,-0.851343,2026-08-06,59.000000,0.173093,0.013373,64435.260000,64429.910000
29767474,2026-08-06T20:34,64418.680000,-0.213900,-0.973254,2026-08-06,135.000000,0.308213,0.260744,64434.470000,64418.670000
29767475,2026-08-06T20:35,64406.460000,0.271200,-0.460309,2026-08-06,205.000000,0.861337,0.288576,64418.680000,64402.050000
29767476,2026-08-06T20:36,64407.190000,0.311000,-0.424331,2026-08-06,178.000000,0.646459,0.287156,64409.430000,64403.230000
29767477,2026-08-06T20:37,64428.820000,-0.265800,0.279078,2026-08-06,260.000000,1.812986,0.478602,64441.460000,64407.920000
29767478,2026-08-06T20:38,64413.040000,-0.080700,-0.596311,2026-08-06,174.000000,0.408889,0.472366,64427.870000,64412.660000
29767479,2026-08-06T20:39,64419.940000,-0.095400,-0.068522,2026-08-06,137.000000,0.246399,0.627000,64422.340000,64413.050000
29767480,2026-08-06T20:40,64424.350000,0.240600,0.252232,2026-08-06,237.000000,0.394538,0.625501,64431.350000,64419.950000
29767481,2026-08-06T20:41,64435.260000,0.205200,0.264225,2026-08-06,166.000000,0.909247,0.784047,64439.790000,64424.350000
29767482,2026-08-06T20:42,64431.880000,0.077300,0.565848,2026-08-06,119.000000,0.436821,0.385450,64436.920000,64430.000000
29767483,2026-08-06T20:43,64412.670000,0.205900,-0.260414,2026-08-06,174.000000,0.740194,0.350631,64431.870000,64410.000000
29767484,2026-08-06T20:44,64411.240000,0.268100,-0.267370,2026-08-06,197.000000,1.113149,0.426578,64412.670000,64404.840000
29767485,2026-08-06T20:45,64398.460000,-0.188800,-0.157795,2026-08-06,143.000000,1.347877,0.731662,64411.250000,64398.450000
29767486,2026-08-06T20:46,64411.240000,0.321600,0.463383,2026-08-06,112.000000,0.735100,0.429282,64411.250000,64398.460000
29767487,2026-08-06T20:47,64411.740000,0.397400,-0.139397,2026-08-06,99.000000,0.453934,0.559077,64412.660000,64406.400000
29767488,2026-08-06T20:48,64410.070000,0.258200,0.119323,2026-08-06,127.000000,1.186172,0.145825,64412.660000,64408.560000
29767489,2026-08-06T20:49,64412.650000,0.306700,-0.708986,2026-08-06,138.000000,0.724828,0.398665,64412.660000,64408.830000
29767490,2026-08-06T20:50,64412.670000,0.059500,-0.201085,2026-08-06,210.000000,0.839977,0.810150,64428.800000,64412.650000
29767491,2026-08-06T20:51,64420.820000,0.268300,0.619866,2026-08-06,140.000000,0.366268,0.364162,64423.120000,64411.380000
29767492,2026-08-06T20:52,64409.430000,0.197900,-0.272299,2026-08-06,160.000000,1.385436,0.133371,64420.830000,64403.900000
29767493,2026-08-06T20:53,64411.820000,0.234600,-0.733041,2026-08-06,115.000000,0.502895,0.414453,64413.100000,64408.640000
29767494,2026-08-06T20:54,64388.330000,-0.039500,-0.170535,2026-08-06,203.000000,0.615120,0.203111,64411.820000,64388.330000
29767495,2026-08-06T20:55,64390.880000,-0.103700,-0.592718,2026-08-06,169.000000,1.410339,0.828073,64394.930000,64388.330000
29767496,2026-08-06T20:56,64392.100000,0.309400,0.656185,2026-08-06,172.000000,0.830054,0.283500,64392.110000,64387.430000
29767497,2026-08-06T20:57,64386.820000,0.084600,-0.434632,2026-08-06,152.000000,0.692220,0.927177,64395.510000,64386.220000
29767498,2026-08-06T20:58,64391.630000,0.176600,0.854416,2026-08-06,157.000000,0.764259,0.832787,64391.680000,64386.820000
29767499,2026-08-06T20:59,64383.930000,-0.843000,0.665655,2026-08-06,186.000000,1.188052,0.492313,64394.830000,64378.430000
29767500,2026-08-06T21:00,64414.130000,-0.194700,-0.015756,2026-08-06,342.000000,30.380300,0.994413,64414.420000,64383.920000
29767501,2026-08-06T21:01,64435.940000,-0.028500,0.988822,2026-08-06,173.000000,2.180167,0.659882,64435.950000,64409.420000
29767502,2026-08-06T21:02,64432.560000,-0.314100,0.198786,2026-08-06,311.000000,4.389209,0.562623,64451.740000,64432.550000
29767503,2026-08-06T21:03,64396.510000,0.146700,0.160229,2026-08-06,181.000000,0.913006,0.604036,64432.560000,64396.510000
29767504,2026-08-06T21:04,64401.870000,0.032200,0.208391,2026-08-06,271.000000,3.271734,0.813943,64410.330000,64396.510000
29767505,2026-08-06T21:05,64428.810000,-0.256800,0.573474,2026-08-06,281.000000,4.896684,0.689443,64428.810000,64399.740000
29767506,2026-08-06T21:06,64444.940000,0.121100,0.411469,2026-08-06,186.000000,3.874683,0.386822,64444.950000,64425.660000
29767507,2026-08-06T21:07,64442.060000,0.033200,-0.226356,2026-08-06,113.000000,0.520422,0.820184,64444.950000,64442.050000
29767508,2026-08-06T21:08,64445.190000,0.005900,0.654739,2026-08-06,181.000000,1.364527,0.730256,64448.120000,64435.280000
29767509,2026-08-06T21:09,64413.070000,-0.057600,0.505870,2026-08-06,207.000000,7.536624,0.118819,64445.250000,64394.520000
29767510,2026-08-06T21:10,64422.350000,0.061200,-0.801238,2026-08-06,117.000000,0.950983,0.543513,64422.350000,64412.940000
29767511,2026-08-06T21:11,64421.210000,-0.152800,0.086995,2026-08-06,180.000000,2.701192,0.494504,64422.350000,64415.440000
29767512,2026-08-06T21:12,64419.140000,-0.162300,-0.011532,2026-08-06,101.000000,1.762109,0.720636,64424.400000,64419.000000
29767513,2026-08-06T21:13,64406.010000,0.183900,0.441271,2026-08-06,286.000000,4.405732,0.792180,64418.330000,64393.290000
29767514,2026-08-06T21:14,64432.880000,0.069000,0.584304,2026-08-06,250.000000,0.864773,0.858993,64433.030000,64405.930000
29767515,2026-08-06T21:15,64448.190000,-0.506500,0.720297,2026-08-06,220.000000,4.503402,0.841893,64461.110000,64432.870000
29767516,2026-08-06T21:16,64420.010000,0.110600,0.682151,2026-08-06,155.000000,1.287672,0.167970,64445.250000,64416.250000
29767517,2026-08-06T21:17,64409.430000,-0.080000,-0.664230,2026-08-06,181.000000,1.395768,0.594132,64422.350000,64408.150000
29767518,2026-08-06T21:18,64399.990000,-0.137800,0.184998,2026-08-06,126.000000,0.244263,0.356939,64409.430000,64399.740000
29767519,2026-08-06T21:19,64422.350000,0.319600,-0.249069,2026-08-06,164.000000,2.245976,0.951530,64422.350000,64399.990000
29767520,2026-08-06T21:20,64423.350000,0.091800,0.902846,2026-08-06,139.000000,0.576038,0.489512,64435.270000,64422.350000
29767521,2026-08-06T21:21,64418.880000,-0.155000,-0.019673,2026-08-06,150.000000,1.334339,0.880882,64424.820000,64418.880000
29767522,2026-08-06T21:22,64403.630000,0.211300,0.762550,2026-08-06,123.000000,0.507711,0.227271,64419.120000,64403.630000
29767523,2026-08-06T21:23,64415.290000,0.285600,-0.556724,2026-08-06,135.000000,0.798188,0.936790,64414.270000,64404.910000
29767524,2026-08-06T21:24,64417.460000,-0.147800,0.879288,2026-08-06,199.000000,0.893691,0.865483,64418.080000,64412.120000
29767525,2026-08-06T21:25,64404.930000,0.222500,0.719416,2026-08-06,151.000000,0.963528,0.770433,64418.000000,64404.920000
29767526,2026-08-06T21:26,64401.010000,0.273700,0.539909,2026-08-06,118.000000,1.364350,0.840341,64404.930000,64401.000000
29767527,2026-08-06T21:27,64401.010000,0.057800,0.677028,2026-08-06,134.000000,0.537753,0.632429,64407.200000,64401.000000
29767528,2026-08-06T21:28,64396.510000,-0.369300,0.270697,2026-08-06,114.000000,0.610566,0.646501,64401.010000,64396.510000
29767529,2026-08-06T21:29,64392.040000,-0.249100,0.289663,2026-08-06,100.000000,0.234703,0.729086,64396.520000,64392.030000
29767530,2026-08-06T21:30,64413.040000,-0.039100,-0.556212,2026-08-06,224.000000,3.058349,0.794239,64413.040000,64391.090000
29767531,2026-08-06T21:31,64408.900000,0.281300,0.928083,2026-08-06,159.000000,0.578053,0.745140,64413.040000,64405.450000
29767532,2026-08-06T21:32,64419.120000,0.309300,0.490240,2026-08-06,139.000000,0.378664,0.780869,64419.120000,64408.910000
29767533,2026-08-06T21:33,64414.070000,0.075600,0.562078,2026-08-06,139.000000,0.559635,0.586886,64419.120000,64410.520000
29767534,2026-08-06T21:34,64407.010000,-0.202100,0.175177,2026-08-06,123.000000,0.590411,0.539935,64414.070000,64407.000000
29767535,2026-08-06T21:35,64401.940000,-0.011200,0.024700,2026-08-06,159.000000,0.949480,0.839199,64409.430000,64396.900000
29767536,2026-08-06T21:36,64387.380000,0.221900,0.737275,2026-08-06,225.000000,3.941277,0.334348,64401.950000,64370.760000
29767537,2026-08-06T21:37,64343.180000,0.151900,-0.334840,2026-08-06,527.000000,87.974873,0.039370,64387.380000,64245.850000
29767538,2026-08-06T21:38,64364.730000,-0.214700,-0.919798,2026-08-06,240.000000,0.898669,0.864029,64368.740000,64343.180000
29767539,2026-08-06T21:39,64364.210000,0.085800,0.706007,2026-08-06,104.000000,0.850448,0.526537,64364.730000,64356.410000
29767540,2026-08-06T21:40,64363.740000,0.144900,0.194220,2026-08-06,290.000000,4.533605,0.830892,64390.620000,64354.520000
29767541,2026-08-06T21:41,64370.670000,0.045700,0.650468,2026-08-06,171.000000,3.455934,0.233254,64370.670000,64349.860000
29767542,2026-08-06T21:42,64389.010000,-0.006000,-0.533557,2026-08-06,212.000000,1.616299,0.422436,64395.480000,64370.660000
29767543,2026-08-06T21:43,64410.060000,0.133600,-0.152302,2026-08-06,255.000000,1.490403,0.620999,64422.350000,64386.820000
29767544,2026-08-06T21:44,64393.290000,-0.235600,0.110601,2026-08-06,396.000000,2.911235,0.423985,64423.180000,64377.290000
29767545,2026-08-06T21:45,64386.820000,-0.470500,-0.098952,2026-08-06,274.000000,1.065562,0.219677,64402.970000,64377.340000
29767546,2026-08-06T21:46,64394.850000,0.006400,-0.561753,2026-08-06,133.000000,1.298988,0.838245,64395.010000,64380.530000
29767547,2026-08-06T21:47,64387.820000,-0.426600,0.676817,2026-08-06,144.000000,0.419870,0.741852,64402.440000,64387.830000
29767548,2026-08-06T21:48,64394.330000,0.118900,0.482223,2026-08-06,184.000000,0.905631,0.852343,64395.490000,64383.600000
29767549,2026-08-06T21:49,64386.820000,-0.259800,0.704754,2026-08-06,189.000000,0.296542,0.603673,64397.800000,64383.280000
29767550,2026-08-06T21:50,64401.170000,0.207300,0.197219,2026-08-06,118.000000,0.251175,0.830099,64402.850000,64386.820000
29767551,2026-08-06T21:51,64400.740000,-0.439600,0.676928,2026-08-06,148.000000,0.538102,0.937951,64401.650000,64400.020000
29767552,2026-08-06T21:52,64412.540000,0.019100,0.875696,2026-08-06,119.000000,0.476278,0.951857,64412.660000,64400.740000
29767553,2026-08-06T21:53,64411.990000,0.173100,0.903599,2026-08-06,158.000000,1.805112,0.110208,64412.550000,64405.900000
29767554,2026-08-06T21:54,64392.560000,-0.002500,-0.770975,2026-08-06,243.000000,0.479298,0.653933,64426.220000,64390.050000
29767555,2026-08-06T21:55,64392.180000,-0.122200,0.300343,2026-08-06,182.000000,0.718247,0.878972,64395.650000,64391.140000
29767556,2026-08-06T21:56,64385.710000,-0.435500,0.768496,2026-08-06,202.000000,0.957597,0.537789,64393.220000,64385.530000
29767557,2026-08-06T21:57,64390.060000,-0.167300,0.039013,2026-08-06,150.000000,0.453009,0.506086,64397.470000,64385.700000
29767558,2026-08-06T21:58,64376.620000,0.533100,0.012175,2026-08-06,195.000000,1.109746,0.318428,64390.060000,64374.540000
29767559,2026-08-06T21:59,64388.370000,0.593200,-0.363144,2026-08-06,122.000000,0.654969,0.909227,64388.370000,64376.620000
29767560,2026-08-06T22:00,64328.680000,-0.043100,0.715862,2026-08-06,414.000000,3.605372,0.420910,64397.410000,64328.680000
29767561,2026-08-06T22:01,64339.380000,0.166900,-0.338253,2026-08-06,214.000000,0.966633,0.305132,64357.750000,64323.980000
29767562,2026-08-06T22:02,64337.440000,-0.019900,-0.451250,2026-08-06,228.000000,2.468790,0.141841,64339.440000,64324.130000
29767563,2026-08-06T22:03,64344.490000,-0.207100,-0.689468,2026-08-06,376.000000,3.799580,0.239426,64367.430000,64335.140000
29767564,2026-08-06T22:04,64341.600000,0.029800,-0.528731,2026-08-06,231.000000,1.282357,0.764524,64351.070000,64336.310000
29767565,2026-08-06T22:05,64373.290000,0.134700,0.552178,2026-08-06,233.000000,0.719899,0.555835,64375.420000,64341.600000
29767566,2026-08-06T22:06,64382.820000,0.298000,0.020752,2026-08-06,176.000000,0.579420,0.836258,64383.590000,64368.750000
29767567,2026-08-06T22:07,64354.540000,0.312700,0.676790,2026-08-06,160.000000,0.532705,0.276550,64382.820000,64353.260000
29767568,2026-08-06T22:08,64346.820000,0.373200,-0.468022,2026-08-06,140.000000,0.599369,0.703032,64354.540000,64340.310000
29767569,2026-08-06T22:09,64357.400000,0.585600,0.406444,2026-08-06,172.000000,0.951528,0.893345,64364.210000,64346.820000
29767570,2026-08-06T22:10,64361.920000,0.024900,0.786602,2026-08-06,189.000000,0.928471,0.160957,64371.100000,64360.130000
29767571,2026-08-06T22:11,64370.960000,0.471200,-0.678085,2026-08-06,203.000000,0.690182,0.676394,64370.980000,64361.920000
29767572,2026-08-06T22:12,64374.600000,0.046900,0.357938,2026-08-06,200.000000,2.809759,0.359037,64382.920000,64366.720000
29767573,2026-08-06T22:13,64385.180000,0.280000,-0.284457,2026-08-06,162.000000,0.403977,0.160390,64388.970000,64376.800000
29767574,2026-08-06T22:14,64379.600000,0.381300,-0.679508,2026-08-06,156.000000,0.732382,0.561449,64387.140000,64376.570000
29767575,2026-08-06T22:15,64376.540000,0.313900,0.127099,2026-08-06,200.000000,1.578339,0.147675,64380.990000,64362.210000
29767576,2026-08-06T22:16,64364.210000,-0.179900,-0.707958,2026-08-06,184.000000,0.982042,0.857509,64382.510000,64364.210000
29767577,2026-08-06T22:17,64370.380000,0.660400,0.716213,2026-08-06,144.000000,0.227596,0.720390,64370.390000,64364.210000
29767578,2026-08-06T22:18,64344.830000,-0.449100,0.436525,2026-08-06,168.000000,1.696744,0.107048,64370.390000,64343.540000
29767579,2026-08-06T22:19,64350.310000,-0.121100,-0.794576,2026-08-06,181.000000,0.907607,0.770776,64350.310000,64342.120000
29767580,2026-08-06T22:20,64338.380000,-0.294100,0.671149,2026-08-06,151.000000,1.358035,0.524737,64354.520000,64338.370000
29767581,2026-08-06T22:21,64309.770000,0.148000,0.047512,2026-08-06,279.000000,2.155195,0.795485,64335.150000,64308.560000
29767582,2026-08-06T22:22,64292.210000,-0.272500,0.591272,2026-08-06,326.000000,2.371843,0.777456,64310.980000,64289.930000
29767583,2026-08-06T22:23,64291.510000,-0.012700,0.554805,2026-08-06,327.000000,1.688032,0.327896,64292.090000,64266.990000
29767584,2026-08-06T22:24,64296.380000,-0.319600,-0.344208,2026-08-06,113.000000,0.586375,0.922583,64296.380000,64290.650000
29767585,2026-08-06T22:25,64303.190000,-0.243100,0.845167,2026-08-06,152.000000,0.879150,0.792025,64303.200000,64290.650000
29767586,2026-08-06T22:26,64299.240000,0.568200,0.584049,2026-08-06,97.000000,0.172329,0.411312,64303.190000,64294.090000
29767587,2026-08-06T22:27,64315.460000,-0.101100,0.282439,2026-08-06,156.000000,0.619932,0.947759,64315.480000,64299.250000
29767588,2026-08-06T22:28,64302.150000,0.288400,0.873065,2026-08-06,134.000000,0.494433,0.246525,64315.470000,64296.380000
29767589,2026-08-06T22:29,64309.710000,0.128600,-0.510300,2026-08-06,91.000000,0.290861,0.660233,64311.160000,64300.850000
29767590,2026-08-06T22:30,64317.920000,0.040900,0.327738,2026-08-06,176.000000,0.366231,0.260544,64322.850000,64309.930000
29767591,2026-08-06T22:31,64305.210000,-0.111500,-0.478524,2026-08-06,150.000000,0.644399,0.215248,64319.200000,64305.210000
29767592,2026-08-06T22:32,64292.080000,-0.130600,-0.569740,2026-08-06,145.000000,0.618003,0.684791,64305.220000,64290.650000
29767593,2026-08-06T22:33,64310.670000,0.054800,0.445636,2026-08-06,205.000000,2.340118,0.813394,64310.670000,64292.080000
29767594,2026-08-06T22:34,64312.540000,-0.153200,0.619263,2026-08-06,306.000000,3.347584,0.815174,64338.360000,64310.670000
29767595,2026-08-06T22:35,64313.980000,-0.060200,0.626110,2026-08-06,188.000000,0.444812,0.644842,64313.980000,64305.450000
29767596,2026-08-06T22:36,64310.180000,-0.483700,0.221021,2026-08-06,122.000000,0.386248,0.268802,64313.970000,64306.720000
29767597,2026-08-06T22:37,64318.070000,-0.113900,-0.305130,2026-08-06,188.000000,1.879926,0.313923,64318.990000,64302.900000
29767598,2026-08-06T22:38,64309.230000,-0.081000,-0.397080,2026-08-06,139.000000,0.718010,0.188260,64323.500000,64307.520000
29767599,2026-08-06T22:39,64323.490000,-0.226800,-0.623341,2026-08-06,236.000000,1.611063,0.861489,64323.500000,64296.390000
29767600,2026-08-06T22:40,64312.130000,-0.073200,0.722984,2026-08-06,173.000000,0.716467,0.581155,64323.500000,64306.070000
29767601,2026-08-06T22:41,64312.510000,0.004900,0.164583,2026-08-06,99.000000,1.173548,0.294950,64317.170000,64305.590000
29767602,2026-08-06T22:42,64292.150000,-0.045800,-0.415091,2026-08-06,161.000000,0.388030,0.305966,64323.500000,64292.150000
29767603,2026-08-06T22:43,64280.240000,-0.324100,-0.387037,2026-08-06,186.000000,0.801470,0.519553,64292.160000,64275.010000
29767604,2026-08-06T22:44,64288.820000,0.103700,0.038976,2026-08-06,239.000000,1.279439,0.891998,64288.830000,64273.770000
29767605,2026-08-06T22:45,64315.900000,-0.074000,0.798283,2026-08-06,207.000000,0.951089,0.932382,64316.390000,64284.560000
29767606,2026-08-06T22:46,64298.600000,-0.103000,0.659735,2026-08-06,216.000000,1.151054,0.807069,64315.900000,64293.150000
29767607,2026-08-06T22:47,64297.290000,-0.001700,0.762466,2026-08-06,100.000000,0.521608,0.980992,64298.790000,64296.430000
29767608,2026-08-06T22:48,64309.310000,-0.680400,0.969775,2026-08-06,142.000000,0.434782,0.746177,64318.180000,64297.280000
29767609,2026-08-06T22:49,64313.820000,-0.451900,0.490219,2026-08-06,180.000000,1.667904,0.928496,64315.770000,64300.000000
29767610,2026-08-06T22:50,64318.990000,-0.329200,0.856986,2026-08-06,207.000000,0.618606,0.583792,64318.990000,64302.850000
29767611,2026-08-06T22:51,64320.180000,0.060700,0.186974,2026-08-06,80.000000,0.279573,0.749454,64322.320000,64315.760000
29767612,2026-08-06T22:52,64299.920000,-0.378700,0.471006,2026-08-06,110.000000,0.209930,0.498779,64320.190000,64298.660000
29767613,2026-08-06T22:53,64302.650000,-0.193200,0.009365,2026-08-06,206.000000,1.502259,0.518083,64303.960000,64297.290000
29767614,2026-08-06T22:54,64299.380000,-0.199500,0.037675,2026-08-06,164.000000,1.009621,0.844472,64303.290000,64295.120000
29767615,2026-08-06T22:55,64302.620000,-0.114100,0.687583,2026-08-06,127.000000,0.848488,0.949492,64304.010000,64296.610000
29767616,2026-08-06T22:56,64302.620000,-0.126000,0.898931,2026-08-06,170.000000,1.198559,0.927642,64303.730000,64295.240000
29767617,2026-08-06T22:57,64294.070000,-0.069200,0.855284,2026-08-06,140.000000,0.887805,0.730673,64302.620000,64293.940000
29767618,2026-08-06T22:58,64300.850000,0.087400,0.456668,2026-08-06,210.000000,0.857232,0.833640,64300.860000,64292.670000
29767619,2026-08-06T22:59,64294.740000,-0.231800,0.677345,2026-08-06,141.000000,1.192441,0.414822,64303.900000,64294.740000
29767620,2026-08-06T23:00,64282.040000,-0.080500,-0.167018,2026-08-06,204.000000,0.660100,0.858108,64294.740000,64276.510000
29767621,2026-08-06T23:01,64275.650000,-0.349000,0.719641,2026-08-06,296.000000,1.068595,0.513735,64283.070000,64271.880000
29767622,2026-08-06T23:02,64297.180000,-0.239300,0.069465,2026-08-06,281.000000,1.431112,0.591628,64306.070000,64275.650000
29767623,2026-08-06T23:03,64302.790000,-0.093200,0.153884,2026-08-06,143.000000,0.954543,0.853982,64308.380000,64297.180000
29767624,2026-08-06T23:04,64306.070000,0.110000,0.709132,2026-08-06,121.000000,1.491579,0.419592,64306.060000,64296.220000
29767625,2026-08-06T23:05,64304.420000,0.330600,-0.163808,2026-08-06,108.000000,0.153216,0.312323,64306.070000,64301.800000
29767626,2026-08-06T23:06,64287.960000,-0.080600,-0.375353,2026-08-06,187.000000,0.644590,0.694376,64304.420000,64287.080000
29767627,2026-08-06T23:07,64308.070000,-0.321400,0.392229,2026-08-06,202.000000,1.247654,0.718875,64310.860000,64285.410000
29767628,2026-08-06T23:08,64309.270000,-0.058900,0.436082,2026-08-06,127.000000,0.098401,0.750773,64309.300000,64304.400000
29767629,2026-08-06T23:09,64307.350000,0.014700,0.501549,2026-08-06,144.000000,1.087290,0.937123,64312.810000,64307.290000
29767630,2026-08-06T23:10,64300.430000,0.022900,0.874267,2026-08-06,127.000000,2.189768,0.039398,64310.350000,64296.450000
29767631,2026-08-06T23:11,64309.240000,-0.543200,-0.916844,2026-08-06,172.000000,0.813594,0.904771,64310.980000,64300.430000
29767632,2026-08-06T23:12,64307.120000,-0.432900,0.808403,2026-08-06,118.000000,1.675400,0.751997,64310.990000,64305.960000
29767633,2026-08-06T23:13,64291.830000,-0.794000,0.503902,2026-08-06,82.000000,0.340977,0.544304,64307.130000,64289.920000
29767634,2026-08-06T23:14,64281.960000,-0.347600,0.088568,2026-08-06,250.000000,1.886910,0.814774,64294.240000,64276.030000
29767635,2026-08-06T23:15,64283.790000,-0.312600,0.735363,2026-08-06,134.000000,1.227350,0.889978,64285.290000,64277.770000
29767636,2026-08-06T23:16,64277.430000,-0.139900,0.429792,2026-08-06,201.000000,0.760576,0.769277,64284.530000,64275.000000
29767637,2026-08-06T23:17,64277.430000,0.034400,0.538191,2026-08-06,180.000000,0.657116,0.848490,64289.970000,64277.420000
29767638,2026-08-06T23:18,64244.710000,-0.575600,0.696906,2026-08-06,168.000000,2.022369,0.282041,64277.430000,64244.710000
29767639,2026-08-06T23:19,64222.080000,-0.315900,-0.448016,2026-08-06,205.000000,3.929423,0.682817,64244.700000,64212.410000
29767640,2026-08-06T23:20,64227.360000,-0.170600,0.381301,2026-08-06,146.000000,1.058266,0.498424,64233.820000,64218.860000
29767641,2026-08-06T23:21,64202.730000,-0.690600,-0.003768,2026-08-06,250.000000,0.840086,0.333262,64226.650000,64200.520000
29767642,2026-08-06T23:22,64184.790000,-0.657700,-0.430178,2026-08-06,172.000000,2.313616,0.145595,64202.720000,64183.330000
29767643,2026-08-06T23:23,64177.240000,-0.569100,-0.685456,2026-08-06,234.000000,1.495928,0.222317,64187.430000,64175.000000
29767644,2026-08-06T23:24,64217.690000,0.127200,-0.521371,2026-08-06,263.000000,2.233379,0.909834,64219.370000,64177.240000
29767645,2026-08-06T23:25,64214.100000,-0.368700,0.816461,2026-08-06,108.000000,0.213135,0.356591,64220.000000,64214.090000
29767646,2026-08-06T23:26,64195.490000,0.015700,-0.283626,2026-08-06,162.000000,1.074253,0.616369,64214.100000,64191.690000
29767647,2026-08-06T23:27,64172.070000,-0.823800,0.232366,2026-08-06,175.000000,1.600844,0.754999,64195.660000,64167.510000
29767648,2026-08-06T23:28,64189.320000,0.144000,0.511662,2026-08-06,279.000000,1.719965,0.618109,64199.470000,64160.450000
29767649,2026-08-06T23:29,64191.960000,-0.059200,0.233821,2026-08-06,160.000000,0.799783,0.879614,64191.950000,64189.310000
29767650,2026-08-06T23:30,64196.190000,-0.144200,0.107500,2026-08-06,246.000000,9.098993,0.888997,64199.160000,64176.870000
29767651,2026-08-06T23:31,64197.760000,-0.004200,0.881668,2026-08-06,161.000000,1.900022,0.785717,64199.160000,64187.070000
29767652,2026-08-06T23:32,64194.320000,0.039800,0.571435,2026-08-06,107.000000,0.249383,0.526266,64200.000000,64193.020000
29767653,2026-08-06T23:33,64199.770000,0.048000,0.052533,2026-08-06,66.000000,0.141670,0.773383,64200.000000,64194.330000
29767654,2026-08-06T23:34,64193.350000,-0.026700,0.552829,2026-08-06,82.000000,0.206840,0.724957,64200.000000,64193.030000
29767655,2026-08-06T23:35,64189.790000,-0.185100,0.197568,2026-08-06,122.000000,0.381710,0.320530,64193.360000,64186.570000
29767656,2026-08-06T23:36,64186.560000,-0.066000,-0.276005,2026-08-06,134.000000,0.244176,0.562252,64189.800000,64186.220000
29767657,2026-08-06T23:37,64177.820000,-0.190400,0.104215,2026-08-06,111.000000,0.160352,0.490743,64186.560000,64176.440000
29767658,2026-08-06T23:38,64159.380000,-0.184500,0.001803,2026-08-06,295.000000,5.653016,0.320446,64176.450000,64144.570000
29767659,2026-08-06T23:39,64159.460000,-0.060000,-0.361888,2026-08-06,182.000000,0.953199,0.351734,64162.470000,64154.610000
29767660,2026-08-06T23:40,64149.680000,0.162900,-0.276185,2026-08-06,167.000000,0.928070,0.518297,64159.650000,64147.800000
29767661,2026-08-06T23:41,64164.010000,-0.299800,0.036978,2026-08-06,249.000000,3.513108,0.801574,64170.400000,64144.580000
29767662,2026-08-06T23:42,64170.100000,-0.109900,0.602968,2026-08-06,166.000000,0.844666,0.509122,64170.100000,64155.040000
29767663,2026-08-06T23:43,64161.990000,0.266900,0.011064,2026-08-06,149.000000,1.608797,0.459909,64170.090000,64161.400000
29767664,2026-08-06T23:44,64165.570000,0.341600,-0.073787,2026-08-06,117.000000,0.415609,0.631159,64166.920000,64161.990000
29767665,2026-08-06T23:45,64155.960000,0.186600,0.254637,2026-08-06,100.000000,0.294784,0.376046,64165.580000,64151.110000
29767666,2026-08-06T23:46,64132.240000,-0.770600,-0.247909,2026-08-06,158.000000,1.191558,0.093981,64158.620000,64130.090000
29767667,2026-08-06T23:47,64193.010000,-0.274000,-0.810937,2026-08-06,316.000000,2.741560,0.791801,64193.020000,64132.240000
29767668,2026-08-06T23:48,64190.010000,-0.000400,0.583491,2026-08-06,84.000000,0.172523,0.554179,64193.020000,64190.000000
29767669,2026-08-06T23:49,64170.440000,-0.216300,0.109884,2026-08-06,204.000000,2.437932,0.707072,64190.010000,64167.180000
29767670,2026-08-06T23:50,64184.570000,0.234200,0.414090,2026-08-06,190.000000,1.785196,0.801106,64189.790000,64167.010000
29767671,2026-08-06T23:51,64213.430000,-0.030900,0.576024,2026-08-06,212.000000,0.948096,0.300273,64220.030000,64184.580000
29767672,2026-08-06T23:52,64224.060000,0.052800,-0.386272,2026-08-06,240.000000,3.202589,0.741047,64229.170000,64210.400000
29767673,2026-08-06T23:53,64253.900000,0.842300,0.481753,2026-08-06,194.000000,0.892280,0.739165,64254.170000,64222.500000
29767674,2026-08-06T23:54,64254.060000,0.295500,0.478958,2026-08-06,212.000000,3.915022,0.482510,64257.270000,64246.590000
29767675,2026-08-06T23:55,64270.460000,-0.176100,-0.044753,2026-08-06,145.000000,0.648439,0.647432,64270.530000,64254.050000
29767676,2026-08-06T23:56,64273.760000,0.373500,0.380041,2026-08-06,100.000000,0.286422,0.532009,64273.760000,64263.270000
29767677,2026-08-06T23:57,64255.260000,0.396700,-0.784969,2026-08-06,128.000000,2.172932,0.390324,64273.000000,64255.000000
29767678,2026-08-06T23:58,64254.960000,0.342100,0.598378,2026-08-06,243.000000,0.808693,0.795505,64257.870000,64254.070000
29767679,2026-08-06T23:59,64267.310000,0.350100,0.591010,2026-08-06,180.000000,1.120476,0.173870,64267.300000,64254.060000
29767680,2026-08-07T00:00,64261.880000,0.015800,-0.652375,2026-08-06,272.000000,1.069179,0.521788,64275.620000,64254.390000
29767681,2026-08-07T00:01,64289.920000,0.005600,0.050780,2026-08-06,221.000000,3.730129,0.268929,64289.910000,64251.870000
29767682,2026-08-07T00:02,64297.990000,0.230500,-0.478587,2026-08-06,280.000000,3.077969,0.904580,64299.600000,64280.230000
29767683,2026-08-07T00:03,64291.850000,0.078100,0.867279,2026-08-06,127.000000,0.457081,0.746001,64298.000000,64283.460000
29767684,2026-08-07T00:04,64301.930000,0.024200,0.492004,2026-08-06,186.000000,0.556633,0.897842,64302.120000,64290.560000
29767685,2026-08-07T00:05,64334.260000,-0.054600,0.798772,2026-08-06,260.000000,1.614417,0.660286,64340.950000,64301.850000
29767686,2026-08-07T00:06,64349.020000,0.011600,0.316776,2026-08-06,218.000000,2.180607,0.875573,64349.990000,64325.450000
29767687,2026-08-07T00:07,64341.620000,0.099700,0.494947,2026-08-06,297.000000,3.340780,0.735249,64357.740000,64335.000000
29767688,2026-08-07T00:08,64338.380000,-0.068400,0.682230,2026-08-06,185.000000,1.287590,0.694152,64345.170000,64338.380000
29767689,2026-08-07T00:09,64315.760000,0.006100,0.388348,2026-08-06,224.000000,2.098916,0.829944,64347.360000,64315.760000
29767690,2026-08-07T00:10,64316.070000,0.371100,0.659841,2026-08-06,184.000000,1.104849,0.863802,64325.450000,64310.210000
29767691,2026-08-07T00:11,64290.210000,-0.115500,0.727669,2026-08-06,172.000000,0.357819,0.443677,64317.390000,64285.830000
29767692,2026-08-07T00:12,64265.870000,-0.067900,-0.112646,2026-08-06,203.000000,2.456283,0.037244,64291.210000,64261.000000
29767693,2026-08-07T00:13,64228.560000,0.187200,-0.927808,2026-08-06,222.000000,2.034940,0.724366,64265.860000,64228.550000
29767694,2026-08-07T00:14,64233.930000,-0.054200,0.506574,2026-08-06,217.000000,1.179523,0.686522,64236.030000,64222.360000
29767695,2026-08-07T00:15,64183.920000,-0.778400,0.377918,2026-08-06,226.000000,1.350780,0.672049,64235.420000,64180.010000
29767696,2026-08-07T00:16,64198.180000,0.121400,0.282228,2026-08-06,274.000000,2.722575,0.921886,64202.700000,64175.000000
29767697,2026-08-07T00:17,64238.240000,0.048900,0.874301,2026-08-06,349.000000,3.318430,0.924145,64254.210000,64198.180000
29767698,2026-08-07T00:18,64231.790000,-0.018200,0.857068,2026-08-06,158.000000,0.855956,0.477038,64241.440000,64225.000000
29767699,2026-08-07T00:19,64222.980000,-0.166200,-0.046713,2026-08-06,166.000000,2.347588,0.050956,64233.080000,64206.080000
29767700,2026-08-07T00:20,64189.790000,-0.010500,-0.896991,2026-08-06,234.000000,1.651939,0.818916,64222.980000,64170.410000
29767701,2026-08-07T00:21,64206.940000,0.037500,0.637209,2026-08-06,187.000000,0.432741,0.531762,64215.180000,64188.790000
29767702,2026-08-07T00:22,64211.540000,-0.023400,0.067061,2026-08-06,179.000000,0.475660,0.472067,64220.130000,64199.490000
29767703,2026-08-07T00:23,64205.740000,0.390300,-0.057782,2026-08-06,155.000000,2.417127,0.055698,64213.050000,64203.220000
29767704,2026-08-07T00:24,64205.830000,-0.158200,-0.889229,2026-08-06,119.000000,0.522398,0.644873,64211.120000,64205.730000
29767705,2026-08-07T00:25,64237.620000,0.113200,0.291810,2026-08-06,260.000000,0.790621,0.736851,64240.490000,64195.020000
29767706,2026-08-07T00:26,64241.480000,-0.242100,0.473124,2026-08-06,217.000000,0.728193,0.587991,64260.580000,64237.610000
29767707,2026-08-07T00:27,64234.330000,0.166000,0.182052,2026-08-06,182.000000,0.184117,0.411024,64241.480000,64232.900000
29767708,2026-08-07T00:28,64219.320000,0.121000,-0.211576,2026-08-06,138.000000,0.417290,0.259189,64236.150000,64219.310000
29767709,2026-08-07T00:29,64215.810000,0.354500,-0.474890,2026-08-06,239.000000,1.767168,0.291949,64225.680000,64212.190000
29767710,2026-08-07T00:30,64185.570000,0.117600,-0.417868,2026-08-06,194.000000,2.800876,0.582092,64215.810000,64176.880000
29767711,2026-08-07T00:31,64193.010000,-0.241100,0.164184,2026-08-06,161.000000,0.686484,0.490590,64193.020000,64176.870000
29767712,2026-08-07T00:32,64222.080000,0.134400,-0.018840,2026-08-06,180.000000,0.814795,0.936437,64226.500000,64191.720000
29767713,2026-08-07T00:33,64264.070000,0.599300,0.872907,2026-08-06,225.000000,0.512926,0.466112,64264.070000,64226.490000
29767714,2026-08-07T00:34,64280.270000,0.236900,-0.067776,2026-08-06,173.000000,0.594127,0.743888,64281.660000,64264.070000
29767715,2026-08-07T00:35,64277.130000,-0.259100,0.489555,2026-08-06,156.000000,1.128147,0.926483,64285.020000,64277.240000
29767716,2026-08-07T00:36,64257.210000,0.281000,0.852764,2026-08-06,196.000000,1.232306,0.584100,64277.240000,64252.410000
29767717,2026-08-07T00:37,64258.400000,0.055100,0.168381,2026-08-06,261.000000,4.517945,0.873788,64277.240000,64257.210000
29767718,2026-08-07T00:38,64201.870000,-0.135400,0.747673,2026-08-06,247.000000,1.172958,0.483051,64258.410000,64196.250000
29767719,2026-08-07T00:39,64227.630000,-0.003700,0.447877,2026-08-06,166.000000,1.220129,0.906154,64227.640000,64201.870000
29767720,2026-08-07T00:40,64199.490000,-0.434300,-0.209403,2026-08-06,162.000000,0.607061,0.391043,64227.680000,64199.490000
29767721,2026-08-07T00:41,64200.680000,-0.226300,-0.207408,2026-08-06,174.000000,1.103079,0.591499,64202.610000,64188.000000
29767722,2026-08-07T00:42,64231.490000,0.534800,0.182997,2026-08-06,246.000000,0.927367,0.262593,64235.210000,64195.800000
29767723,2026-08-07T00:43,64251.100000,0.288300,-0.477500,2026-08-06,201.000000,0.506342,0.651266,64253.050000,64231.480000
29767724,2026-08-07T00:44,64268.490000,-0.256900,0.314912,2026-08-06,204.000000,0.434988,0.259008,64269.110000,64247.930000
29767725,2026-08-07T00:45,64273.770000,0.354900,-0.482908,2026-08-06,253.000000,0.658338,0.559058,64284.120000,64268.490000
29767726,2026-08-07T00:46,64269.170000,0.392500,0.119640,2026-08-06,178.000000,0.204659,0.643688,64283.260000,64267.310000
29767727,2026-08-07T00:47,64225.620000,-0.141700,0.286854,2026-08-06,206.000000,0.970333,0.810961,64269.850000,64225.610000
29767728,2026-08-07T00:48,64217.350000,0.051800,0.652299,2026-08-06,181.000000,0.941644,0.596902,64227.600000,64214.780000
29767729,2026-08-07T00:49,64208.990000,0.527700,0.091302,2026-08-06,255.000000,1.678083,0.402318,64216.880000,64198.530000
29767730,2026-08-07T00:50,64220.210000,0.026200,-0.185656,2026-08-06,287.000000,1.425718,0.693571,64228.550000,64206.860000
29767731,2026-08-07T00:51,64252.240000,0.098400,0.386509,2026-08-06,165.000000,0.362676,0.110674,64254.860000,64224.140000
29767732,2026-08-07T00:52,64270.540000,0.222000,-0.778653,2026-08-06,229.000000,1.223563,0.281158,64270.530000,64252.580000
29767733,2026-08-07T00:53,64245.730000,0.235400,-0.306197,2026-08-06,165.000000,0.541318,0.512295,64277.000000,64243.750000
29767734,2026-08-07T00:54,64235.010000,-0.069700,-0.256889,2026-08-06,136.000000,0.597260,0.882902,64247.740000,64235.000000
29767735,2026-08-07T00:55,64213.840000,0.065000,0.765041,2026-08-06,248.000000,1.940458,0.958834,64250.990000,64207.660000
29767736,2026-08-07T00:56,64260.850000,0.111000,0.917708,2026-08-06,320.000000,3.816297,0.183251,64260.850000,64211.800000
29767737,2026-08-07T00:57,64260.490000,0.157200,-0.620004,2026-08-06,151.000000,0.221572,0.562635,64267.780000,64252.780000
29767738,2026-08-07T00:58,64244.460000,-0.694300,-0.015433,2026-08-06,207.000000,2.769513,0.899744,64260.490000,64238.360000
29767739,2026-08-07T00:59,64263.180000,0.160800,0.799343,2026-08-06,213.000000,1.952968,0.844150,64263.180000,64237.420000
29767740,2026-08-07T01:00,64338.370000,0.102900,0.688749,2026-08-06,393.000000,3.368925,0.863212,64338.360000,64263.180000
29767741,2026-08-07T01:01,64317.400000,0.370700,0.702227,2026-08-06,297.000000,1.448740,0.930574,64338.360000,64315.000000
29767742,2026-08-07T01:02,64351.790000,0.524400,0.924255,2026-08-06,326.000000,1.583730,0.595114,64354.510000,64317.400000
29767743,2026-08-07T01:03,64386.320000,0.542100,0.190040,2026-08-06,340.000000,4.042806,0.634717,64391.350000,64346.650000
29767744,2026-08-07T01:04,64354.520000,-0.883700,0.255179,2026-08-06,329.000000,3.008917,0.764200,64388.280000,64349.990000
29767745,2026-08-07T01:05,64348.070000,0.231400,0.507664,2026-08-06,329.000000,4.327916,0.335785,64370.040000,64337.320000
29767746,2026-08-07T01:06,64312.540000,-0.546500,-0.311073,2026-08-06,166.000000,2.133585,0.562914,64348.070000,64312.530000
29767747,2026-08-07T01:07,64332.350000,0.063900,0.118971,2026-08-06,257.000000,0.851978,0.717257,64344.830000,64312.530000
29767748,2026-08-07T01:08,64325.460000,0.364400,0.237633,2026-08-06,224.000000,0.496859,0.284495,64341.960000,64318.990000
29767749,2026-08-07T01:09,64312.540000,-0.152500,-0.204209,2026-08-06,153.000000,0.412627,0.259794,64325.460000,64312.530000
29767750,2026-08-07T01:10,64293.150000,-0.626700,-0.482689,2026-08-06,125.000000,0.391878,0.406425,64320.020000,64293.150000
29767751,2026-08-07T01:11,64289.930000,-0.217000,-0.188491,2026-08-06,200.000000,0.590345,0.762492,64297.400000,64284.990000
29767752,2026-08-07T01:12,64325.850000,-0.014800,0.525732,2026-08-06,284.000000,0.784362,0.587052,64327.950000,64289.920000
29767753,2026-08-07T01:13,64299.620000,-0.515100,0.173122,2026-08-06,116.000000,0.243048,0.433870,64325.240000,64299.610000
29767754,2026-08-07T01:14,64300.620000,-0.048500,-0.132259,2026-08-06,116.000000,0.530426,0.701362,64309.300000,64299.610000
29767755,2026-08-07T01:15,64277.010000,-0.234400,0.402723,2026-08-06,225.000000,2.003395,0.226260,64306.410000,64277.000000
29767756,2026-08-07T01:16,64264.080000,-0.252400,-0.546838,2026-08-06,162.000000,0.468042,0.376554,64277.010000,64264.080000
29767757,2026-08-07T01:17,64283.460000,-0.191100,-0.249111,2026-08-06,242.000000,0.955147,0.594414,64299.000000,64254.390000
29767758,2026-08-07T01:18,64286.680000,-0.289300,0.189128,2026-08-06,186.000000,0.461256,0.675207,64286.690000,64272.010000
29767759,2026-08-07T01:19,64293.600000,0.106600,0.176802,2026-08-06,253.000000,1.899196,0.380694,64300.000000,64258.510000
29767760,2026-08-07T01:20,64257.770000,0.202500,-0.210552,2026-08-06,173.000000,1.012348,0.451881,64293.600000,64252.390000
29767761,2026-08-07T01:21,64297.380000,0.170700,-0.095972,2026-08-06,291.000000,3.548997,0.933224,64297.670000,64257.770000
29767762,2026-08-07T01:22,64283.440000,0.075700,0.866447,2026-08-06,125.000000,1.286549,0.089726,64297.380000,64274.050000
29767763,2026-08-07T01:23,64283.460000,0.344100,-0.820234,2026-08-06,167.000000,0.447550,0.245336,64289.910000,64270.510000
29767764,2026-08-07T01:24,64275.420000,0.112000,-0.497458,2026-08-06,147.000000,0.410452,0.355271,64289.920000,64275.410000
29767765,2026-08-07T01:25,64294.070000,0.001200,-0.301386,2026-08-06,301.000000,2.007202,0.782394,64307.990000,64275.410000
29767766,2026-08-07T01:26,64325.150000,0.460600,0.564788,2026-08-06,303.000000,4.220520,0.573636,64329.010000,64283.460000
29767767,2026-08-07T01:27,64335.130000,-0.434800,0.147271,2026-08-06,204.000000,2.931486,0.132661,64335.140000,64322.220000
29767768,2026-08-07T01:28,64367.440000,-0.207700,-0.734949,2026-08-06,375.000000,5.109220,0.805205,64375.840000,64335.130000
29767769,2026-08-07T01:29,64364.210000,0.209500,0.611352,2026-08-06,195.000000,0.400721,0.357343,64370.750000,64364.210000
29767770,2026-08-07T01:30,64373.900000,-0.009500,0.288470,2026-08-06,315.000000,3.238714,0.638239,64390.040000,64364.210000
29767771,2026-08-07T01:31,64359.830000,-0.246300,0.196591,2026-08-06,193.000000,0.805263,0.429560,64373.910000,64357.750000
29767772,2026-08-07T01:32,64406.370000,-0.062300,-0.140728,2026-08-06,231.000000,1.182864,0.927666,64409.430000,64370.000000
29767773,2026-08-07T01:33,64375.190000,0.180700,0.855183,2026-08-06,240.000000,1.282487,0.465059,64425.570000,64373.900000
29767774,2026-08-07T01:34,64397.830000,0.036600,-0.068719,2026-08-06,252.000000,0.463196,0.413441,64408.030000,64375.190000
29767775,2026-08-07T01:35,64370.880000,0.098200,-0.176286,2026-08-06,204.000000,0.530775,0.128649,64393.290000,64360.000000
29767776,2026-08-07T01:36,64364.210000,0.611100,-0.744530,2026-08-06,184.000000,0.707048,0.354059,64386.820000,64354.690000
29767777,2026-08-07T01:37,64370.880000,0.013700,-0.284264,2026-08-06,208.000000,0.534838,0.525062,64384.280000,64360.990000
29767778,2026-08-07T01:38,64333.510000,-0.424900,0.045934,2026-08-06,136.000000,0.436641,0.215295,64372.240000,64333.510000
29767779,2026-08-07T01:39,64281.850000,-0.029000,-0.579747,2026-08-06,196.000000,2.768492,0.123897,64333.510000,64280.010000
29767780,2026-08-07T01:40,64255.510000,0.022400,-0.746836,2026-08-06,247.000000,1.357371,0.380032,64281.850000,64241.470000
29767781,2026-08-07T01:41,64289.170000,-0.235900,-0.208093,2026-08-06,238.000000,0.305494,0.520401,64296.170000,64255.510000
29767782,2026-08-07T01:42,64294.510000,0.302900,-0.113817,2026-08-06,190.000000,1.129128,0.325590,64294.510000,64277.000000
29767783,2026-08-07T01:43,64316.820000,-0.125300,-0.347901,2026-08-06,264.000000,0.321116,0.581261,64318.100000,64295.930000
29767784,2026-08-07T01:44,64321.180000,-0.309100,0.181432,2026-08-06,351.000000,3.815869,0.206073,64326.690000,64275.240000
29767785,2026-08-07T01:45,64361.510000,0.244100,-0.591021,2026-08-06,371.000000,3.377955,0.771197,64363.980000,64315.760000
29767786,2026-08-07T01:46,64357.760000,0.077300,0.542093,2026-08-06,315.000000,0.513405,0.639754,64373.900000,64354.520000
29767787,2026-08-07T01:47,64331.900000,0.421000,0.269677,2026-08-06,209.000000,0.342940,0.470006,64360.000000,64322.230000
29767788,2026-08-07T01:48,64344.490000,0.233800,-0.049849,2026-08-06,148.000000,0.137271,0.526104,64344.830000,64331.910000
29767789,2026-08-07T01:49,64372.010000,0.258100,0.052207,2026-08-06,211.000000,0.642152,0.829339,64372.000000,64338.990000
29767790,2026-08-07T01:50,64357.120000,0.110000,0.658678,2026-08-06,231.000000,1.089625,0.423272,64385.000000,64352.030000
29767791,2026-08-07T01:51,64360.560000,0.221600,-0.153253,2026-08-06,165.000000,2.506842,0.028607,64365.010000,64354.520000
29767792,2026-08-07T01:52,64341.600000,-0.212900,-0.942793,2026-08-06,136.000000,0.584089,0.475528,64367.440000,64341.600000
29767793,2026-08-07T01:53,64338.370000,0.360000,-0.047755,2026-08-06,131.000000,0.229730,0.432921,64341.600000,64328.690000
29767794,2026-08-07T01:54,64364.760000,0.092500,-0.134842,2026-08-06,332.000000,6.780426,0.937269,64381.070000,64341.600000
29767795,2026-08-07T01:55,64351.290000,-0.092000,0.874540,2026-08-06,179.000000,0.445925,0.702992,64367.450000,64351.290000
29767796,2026-08-07T01:56,64345.240000,0.096900,0.408129,2026-08-06,166.000000,0.355722,0.567030,64352.890000,64331.250000
29767797,2026-08-07T01:57,64373.270000,0.285400,0.134145,2026-08-06,303.000000,1.187149,0.373685,64373.890000,64345.230000
29767798,2026-08-07T01:58,64358.120000,0.229200,-0.254371,2026-08-06,261.000000,1.633463,0.371553,64394.990000,64357.750000
29767799,2026-08-07T01:59,64364.260000,0.017000,-0.187219,2026-08-06,177.000000,0.924783,0.761029,64367.840000,64358.120000
29767800,2026-08-07T02:00,64354.770000,0.308600,0.469250,2026-08-06,337.000000,3.464528,0.244103,64380.510000,64338.370000
29767801,2026-08-07T02:01,64344.830000,-0.437500,-0.511705,2026-08-06,237.000000,0.345424,0.412836,64375.860000,64344.830000
29767802,2026-08-07T02:02,64357.740000,-0.018600,-0.225315,2026-08-06,235.000000,0.508699,0.686934,64357.750000,64331.920000
29767803,2026-08-07T02:03,64364.760000,0.075600,0.346912,2026-08-06,166.000000,0.506514,0.402213,64371.410000,64344.830000
29767804,2026-08-07T02:04,64360.990000,-0.457500,-0.150373,2026-08-06,218.000000,1.061042,0.379039,64377.440000,64357.750000
29767805,2026-08-07T02:05,64343.340000,0.161200,-0.241954,2026-08-06,177.000000,0.792947,0.145672,64357.750000,64322.780000
29767806,2026-08-07T02:06,64354.520000,-0.584200,-0.708684,2026-08-06,252.000000,4.507365,0.039984,64362.980000,64331.910000
29767807,2026-08-07T02:07,64351.290000,-0.334200,-0.921643,2026-08-06,198.000000,0.572438,0.704564,64357.150000,64351.280000
29767808,2026-08-07T02:08,64306.070000,-0.593300,0.681660,2026-08-06,161.000000,1.046503,0.285269,64351.290000,64306.080000
29767809,2026-08-07T02:09,64280.760000,-0.044700,-0.455116,2026-08-06,248.000000,4.057083,0.303760,64306.080000,64267.320000
29767810,2026-08-07T02:10,64255.350000,-0.417500,-0.384956,2026-08-06,213.000000,2.420504,0.404721,64277.370000,64250.000000
29767811,2026-08-07T02:11,64251.150000,0.910500,-0.256233,2026-08-06,374.000000,4.814819,0.231388,64255.360000,64192.300000
29767812,2026-08-07T02:12,64310.430000,-0.502600,-0.515884,2026-08-06,372.000000,1.591434,0.290568,64312.480000,64247.930000
29767813,2026-08-07T02:13,64340.680000,0.938100,-0.414576,2026-08-06,311.000000,0.968021,0.732489,64340.690000,64302.840000
29767814,2026-08-07T02:14,64340.680000,0.232200,0.463103,2026-08-06,240.000000,2.933427,0.079028,64350.680000,64331.910000
29767815,2026-08-07T02:15,64452.340000,-0.051000,-0.842913,2026-08-06,651.000000,24.235829,0.916201,64474.060000,64340.670000
29767816,2026-08-07T02:16,64443.960000,-0.412100,0.832428,2026-08-06,407.000000,3.117880,0.172671,64489.000000,64432.050000
29767817,2026-08-07T02:17,64460.570000,-0.114500,-0.645320,2026-08-06,296.000000,1.695516,0.846802,64460.580000,64437.890000
29767818,2026-08-07T02:18,64428.820000,0.000400,0.551275,2026-08-06,309.000000,1.613357,0.388550,64460.570000,64428.810000
29767819,2026-08-07T02:19,64402.980000,0.258200,-0.379110,2026-08-06,264.000000,1.078848,0.361168,64428.820000,64402.970000
29767820,2026-08-07T02:20,64348.560000,-0.401100,-0.287874,2026-08-06,288.000000,3.713748,0.061318,64403.570000,64349.050000
29767821,2026-08-07T02:21,64302.850000,-0.590700,-0.881022,2026-08-06,203.000000,1.288279,0.423474,64348.070000,64302.840000
29767822,2026-08-07T02:22,64278.620000,-0.013000,-0.069967,2026-08-06,345.000000,6.248656,0.191778,64306.990000,64264.080000
29767823,2026-08-07T02:23,64309.290000,-0.343500,-0.616368,2026-08-06,310.000000,1.605693,0.771770,64309.290000,64265.090000
29767824,2026-08-07T02:24,64309.290000,0.006000,0.543737,2026-08-06,320.000000,0.984629,0.701110,64309.300000,64267.510000
29767825,2026-08-07T02:25,64264.080000,0.158100,0.402221,2026-08-06,144.000000,0.403975,0.114242,64309.300000,64264.080000
29767826,2026-08-07T02:26,64286.690000,-0.239900,-0.286312,2026-08-06,282.000000,2.996450,0.831310,64295.350000,64264.090000
29767827,2026-08-07T02:27,64251.180000,-0.446000,0.644489,2026-08-06,212.000000,3.346255,0.052217,64286.700000,64247.930000
29767828,2026-08-07T02:28,64270.310000,-0.074200,-0.895062,2026-08-06,288.000000,3.678786,0.869022,64280.230000,64251.170000
29767829,2026-08-07T02:29,64260.850000,0.065200,0.737980,2026-08-06,192.000000,1.475244,0.630748,64270.330000,64251.160000
29767830,2026-08-07T02:30,64263.010000,0.103500,0.276157,2026-08-06,310.000000,1.575496,0.311127,64277.000000,64260.010000
29767831,2026-08-07T02:31,64277.010000,-0.258400,-0.404381,2026-08-06,168.000000,0.298245,0.654259,64291.950000,64260.020000
29767832,2026-08-07T02:32,64262.130000,0.408300,-0.227643,2026-08-06,159.000000,1.356591,0.147672,64277.010000,64251.160000
29767833,2026-08-07T02:33,64278.400000,0.074600,-0.653525,2026-08-06,236.000000,0.893867,0.157302,64283.440000,64256.710000
29767834,2026-08-07T02:34,64258.510000,-0.883500,-0.528249,2026-08-06,215.000000,0.877539,0.350362,64290.280000,64259.990000
29767835,2026-08-07T02:35,64280.790000,-0.030500,-0.451367,2026-08-06,236.000000,1.250615,0.900531,64286.690000,64258.510000
29767836,2026-08-07T02:36,64299.740000,0.307800,0.801307,2026-08-06,207.000000,0.964641,0.855672,64314.840000,64279.500000
29767837,2026-08-07T02:37,64276.490000,0.586100,0.722464,2026-08-06,231.000000,3.134499,0.044559,64308.270000,64264.090000
29767838,2026-08-07T02:38,64264.080000,0.079400,-0.935706,2026-08-06,153.000000,0.555394,0.516081,64277.490000,64263.110000
29767839,2026-08-07T02:39,64247.650000,-0.418300,0.029349,2026-08-06,148.000000,0.388709,0.255117,64264.090000,64240.000000
29767840,2026-08-07T02:40,64235.010000,0.160300,-0.487944,2026-08-06,230.000000,2.725192,0.923073,64245.010000,64215.630000
29767841,2026-08-07T02:41,64339.740000,-0.004700,0.846239,2026-08-06,481.000000,8.206181,0.805186,64344.830000,64235.000000
29767842,2026-08-07T02:42,64322.100000,-0.197800,0.589966,2026-08-06,265.000000,1.140065,0.812134,64339.740000,64318.990000
29767843,2026-08-07T02:43,64339.990000,0.020000,0.789885,2026-08-06,201.000000,0.337327,0.404589,64350.670000,64323.660000
29767844,2026-08-07T02:44,64354.320000,-0.033800,-0.097974,2026-08-06,187.000000,1.434042,0.868239,64360.970000,64347.050000
29767845,2026-08-07T02:45,64360.510000,0.773500,0.730608,2026-08-06,199.000000,1.182647,0.354900,64360.510000,64344.830000
29767846,2026-08-07T02:46,64370.670000,0.025800,-0.290125,2026-08-06,333.000000,3.024449,0.874637,64370.660000,64350.010000
29767847,2026-08-07T02:47,64384.990000,0.725600,0.749311,2026-08-06,165.000000,1.302977,0.391462,64385.000000,64360.980000
29767848,2026-08-07T02:48,64375.410000,0.550100,-0.216621,2026-08-06,308.000000,2.385122,0.237747,64391.720000,64360.980000
29767849,2026-08-07T02:49,64370.670000,0.194300,-0.542911,2026-08-06,188.000000,0.995056,0.496023,64379.040000,64357.860000
29767850,2026-08-07T02:50,64417.330000,0.062200,0.101950,2026-08-06,239.000000,0.794801,0.908647,64417.340000,64370.660000
29767851,2026-08-07T02:51,64385.420000,0.571800,0.817302,2026-08-06,228.000000,1.070069,0.628025,64417.340000,64380.750000
29767852,2026-08-07T02:52,64380.240000,0.383500,0.257519,2026-08-06,233.000000,1.412877,0.586753,64393.280000,64370.670000
29767853,2026-08-07T02:53,64376.070000,0.282400,0.172311,2026-08-06,176.000000,0.795517,0.734940,64383.620000,64372.610000
29767854,2026-08-07T02:54,64368.570000,0.323600,0.480340,2026-08-06,136.000000,1.312897,0.910269,64376.070000,64368.540000
29767855,2026-08-07T02:55,64366.790000,-0.555800,0.818203,2026-08-06,141.000000,1.325719,0.931051,64377.240000,64366.790000
29767856,2026-08-07T02:56,64362.120000,-0.668900,0.861869,2026-08-06,148.000000,0.599150,0.608385,64370.070000,64353.680000
29767857,2026-08-07T02:57,64357.940000,-0.009700,0.217108,2026-08-06,124.000000,0.656687,0.045353,64365.990000,64355.000000
29767858,2026-08-07T02:58,64344.080000,-0.070900,-0.909294,2026-08-06,188.000000,2.416607,0.060373,64357.950000,64332.520000
29767859,2026-08-07T02:59,64337.980000,-0.127200,-0.879255,2026-08-06,135.000000,0.214133,0.419281,64344.400000,64333.190000
29767860,2026-08-07T03:00,64255.010000,0.459600,-0.161686,2026-08-06,448.000000,12.318513,0.074164,64352.220000,64251.800000
29767861,2026-08-07T03:01,64273.540000,0.031400,-0.846990,2026-08-06,181.000000,0.765918,0.916131,64273.770000,64255.010000
29767862,2026-08-07T03:02,64289.920000,0.618900,0.825134,2026-08-06,268.000000,1.460623,0.470074,64296.850000,64268.530000
29767863,2026-08-07T03:03,64299.320000,0.119000,-0.059853,2026-08-06,157.000000,0.916439,0.700166,64299.580000,64289.910000
29767864,2026-08-07T03:04,64296.510000,0.232600,0.400457,2026-08-06,152.000000,0.060705,0.849498,64304.710000,64289.910000
29767865,2026-08-07T03:05,64305.060000,0.187000,0.698054,2026-08-06,119.000000,0.399584,0.461994,64305.060000,64296.500000
29767866,2026-08-07T03:06,64315.760000,0.779500,-0.165524,2026-08-06,192.000000,1.727719,0.074072,64315.760000,64289.870000
29767867,2026-08-07T03:07,64327.440000,0.036800,-0.848006,2026-08-06,180.000000,1.438983,0.390633,64331.910000,64315.750000
29767868,2026-08-07T03:08,64329.510000,-0.467000,-0.645914,2026-08-06,133.000000,2.271097,0.040015,64336.090000,64322.220000
29767869,2026-08-07T03:09,64320.010000,0.061100,-0.714450,2026-08-06,66.000000,0.259229,0.329624,64329.500000,64318.990000
29767870,2026-08-07T03:10,64319.370000,0.153300,0.080664,2026-08-06,194.000000,3.541171,0.882372,64328.680000,64310.000000
29767871,2026-08-07T03:11,64321.560000,0.016300,0.764745,2026-08-06,97.000000,0.339018,0.263115,64321.560000,64319.360000
29767872,2026-08-07T03:12,64289.930000,-0.017800,-0.795778,2026-08-06,130.000000,1.784203,0.167579,64321.560000,64289.920000
29767873,2026-08-07T03:13,64271.920000,-0.134400,-0.402937,2026-08-06,134.000000,0.442286,0.629719,64289.930000,64271.900000
29767874,2026-08-07T03:14,64279.460000,-0.218300,0.267815,2026-08-06,202.000000,0.704781,0.547278,64284.750000,64263.930000
29767875,2026-08-07T03:15,64277.010000,-0.131000,0.133693,2026-08-06,187.000000,4.384198,0.964948,64286.690000,64277.000000
29767876,2026-08-07T03:16,64270.540000,0.062200,0.929301,2026-08-06,113.000000,0.388038,0.360480,64277.010000,64270.540000
29767877,2026-08-07T03:17,64277.880000,-0.342500,-0.279039,2026-08-06,195.000000,1.292610,0.669600,64277.980000,64264.080000
29767878,2026-08-07T03:18,64267.730000,-0.061400,0.339201,2026-08-06,90.000000,0.559100,0.066189,64277.880000,64266.120000
29767879,2026-08-07T03:19,64267.310000,0.319900,-0.867614,2026-08-06,127.000000,0.476220,0.604209,64267.730000,64260.000000
29767880,2026-08-07T03:20,64231.700000,-0.062800,0.058486,2026-08-06,135.000000,0.739996,0.204487,64267.300000,64230.850000
29767881,2026-08-07T03:21,64266.370000,-0.297600,-0.563213,2026-08-06,271.000000,1.153287,0.692194,64276.990000,64232.550000
29767882,2026-08-07T03:22,64215.620000,0.187100,0.383027,2026-08-06,302.000000,5.616856,0.214670,64266.370000,64200.000000
29767883,2026-08-07T03:23,64231.320000,-0.058000,-0.577402,2026-08-06,165.000000,0.710321,0.703478,64231.330000,64206.390000
29767884,2026-08-07T03:24,64247.930000,0.198300,0.324819,2026-08-06,177.000000,0.568214,0.394440,64247.920000,64222.080000
29767885,2026-08-07T03:25,64248.960000,0.352400,0.039994,2026-08-06,157.000000,0.910555,0.365562,64260.900000,64247.920000
29767886,2026-08-07T03:26,64262.990000,-0.189300,-0.270443,2026-08-06,90.000000,0.338487,0.715141,64262.990000,64248.960000
29767887,2026-08-07T03:27,64289.330000,-0.219900,0.438593,2026-08-06,238.000000,0.427147,0.343964,64289.340000,64257.710000
29767888,2026-08-07T03:28,64257.760000,-0.134400,-0.312072,2026-08-06,116.000000,0.596851,0.322288,64289.340000,64257.760000
29767889,2026-08-07T03:29,64257.760000,0.153400,-0.351001,2026-08-06,117.000000,0.209167,0.271942,64267.690000,64257.760000
29767890,2026-08-07T03:30,64289.680000,0.008600,-0.471833,2026-08-06,196.000000,0.372576,0.656541,64289.690000,64254.390000
29767891,2026-08-07T03:31,64293.150000,0.064900,0.312479,2026-08-06,221.000000,3.728637,0.273247,64315.750000,64289.680000
29767892,2026-08-07T03:32,64302.850000,-0.098300,-0.451653,2026-08-06,146.000000,0.635018,0.612985,64318.190000,64293.150000
29767893,2026-08-07T03:33,64309.290000,0.374800,0.113674,2026-08-06,92.000000,0.436208,0.831527,64309.300000,64293.150000
29767894,2026-08-07T03:34,64284.820000,0.102200,0.929672,2026-08-06,155.000000,1.043771,0.696492,64315.070000,64275.110000
29767895,2026-08-07T03:35,64283.460000,0.377200,0.402069,2026-08-06,134.000000,2.729535,0.932257,64284.830000,64270.540000
29767896,2026-08-07T03:36,64293.120000,0.002100,0.863759,2026-08-06,178.000000,0.829605,0.541676,64297.080000,64277.000000
29767897,2026-08-07T03:37,64275.150000,-0.032300,0.083375,2026-08-06,152.000000,0.677450,0.231958,64297.350000,64274.900000
29767898,2026-08-07T03:38,64270.540000,0.257200,-0.536129,2026-08-06,211.000000,0.716172,0.541040,64275.160000,64244.710000
29767899,2026-08-07T03:39,64264.080000,-0.015000,0.082081,2026-08-06,144.000000,0.692029,0.306107,64282.230000,64260.090000
29767900,2026-08-07T03:40,64291.490000,0.261100,-0.358568,2026-08-06,182.000000,0.736958,0.800245,64291.480000,64264.080000
29767901,2026-08-07T03:41,64282.690000,0.064900,0.599238,2026-08-06,183.000000,1.887294,0.061617,64293.140000,64277.290000
29767902,2026-08-07T03:42,64275.010000,-0.310100,-0.884144,2026-08-06,185.000000,0.539624,0.653838,64296.860000,64270.210000
29767903,2026-08-07T03:43,64272.760000,-0.394200,0.309601,2026-08-06,134.000000,0.391933,0.892888,64279.360000,64270.490000
29767904,2026-08-07T03:44,64280.490000,-0.057700,0.784952,2026-08-06,140.000000,0.189785,0.551470,64290.800000,64267.310000
29767905,2026-08-07T03:45,64270.730000,-0.233900,0.110889,2026-08-06,160.000000,0.504586,0.256147,64287.920000,64267.550000
29767906,2026-08-07T03:46,64251.170000,0.525500,-0.516888,2026-08-06,220.000000,2.178849,0.556162,64275.970000,64240.410000
29767907,2026-08-07T03:47,64257.020000,0.427900,0.112535,2026-08-06,149.000000,0.378847,0.682240,64262.200000,64248.930000
29767908,2026-08-07T03:48,64265.310000,0.366300,0.363685,2026-08-06,132.000000,0.145003,0.604265,64265.740000,64252.740000
29767909,2026-08-07T03:49,64286.680000,0.037400,0.208529,2026-08-06,165.000000,0.399881,0.421288,64286.690000,64261.740000
29767910,2026-08-07T03:50,64299.900000,-0.128100,-0.157462,2026-08-06,188.000000,0.740964,0.367156,64299.910000,64278.010000
29767911,2026-08-07T03:51,64286.430000,0.153000,-0.265670,2026-08-06,142.000000,0.259829,0.318183,64311.550000,64283.460000
29767912,2026-08-07T03:52,64286.680000,0.575600,-0.363633,2026-08-06,155.000000,0.304743,0.870725,64289.920000,64267.560000
29767913,2026-08-07T03:53,64238.260000,-0.054900,0.741447,2026-08-06,152.000000,0.608975,0.230442,64293.150000,64235.120000
29767914,2026-08-07T03:54,64255.240000,0.249100,-0.538144,2026-08-06,176.000000,0.487348,0.888206,64256.250000,64231.780000
29767915,2026-08-07T03:55,64231.520000,-0.234700,0.682608,2026-08-06,213.000000,1.125445,0.850983,64255.230000,64230.430000
29767916,2026-08-07T03:56,64228.620000,0.354200,0.649450,2026-08-06,198.000000,0.753857,0.350977,64239.440000,64216.680000
29767917,2026-08-07T03:57,64234.990000,0.215400,-0.225638,2026-08-06,164.000000,0.299931,0.559160,64237.320000,64219.930000
29767918,2026-08-07T03:58,64235.990000,-0.023900,-0.163735,2026-08-06,155.000000,0.261142,0.587292,64239.410000,64222.320000
29767919,2026-08-07T03:59,64234.490000,-0.010300,0.918898,2026-08-06,160.000000,1.085841,0.875145,64237.810000,64222.690000
29767920,2026-08-07T04:00,64212.740000,-0.023200,0.707257,2026-08-06,172.000000,0.824770,0.450936,64234.480000,64209.180000
29767921,2026-08-07T04:01,64203.220000,0.091800,-0.067802,2026-08-06,258.000000,1.295292,0.831772,64218.860000,64191.190000
29767922,2026-08-07T04:02,64218.260000,0.467800,0.663712,2026-08-06,253.000000,3.980154,0.580244,64218.270000,64185.000000
29767923,2026-08-07T04:03,64224.930000,-0.129100,0.160757,2026-08-06,189.000000,1.333567,0.121251,64234.730000,64218.270000
29767924,2026-08-07T04:04,64238.990000,-0.505800,-0.762560,2026-08-06,157.000000,0.563799,0.610195,64238.990000,64218.860000
29767925,2026-08-07T04:05,64215.320000,-0.269900,0.251815,2026-08-06,218.000000,2.220346,0.131720,64240.190000,64199.990000
29767926,2026-08-07T04:06,64249.820000,0.324800,-0.736560,2026-08-06,258.000000,2.280048,0.876757,64251.410000,64215.320000
29767927,2026-08-07T04:07,64262.820000,0.311800,0.753514,2026-08-06,135.000000,0.426227,0.263783,64264.990000,64249.810000
29767928,2026-08-07T04:08,64260.310000,-0.060600,-0.471389,2026-08-06,217.000000,0.917654,0.503530,64267.310000,64254.390000
29767929,2026-08-07T04:09,64247.930000,-0.112200,-0.020337,2026-08-06,149.000000,0.574776,0.322844,64260.310000,64247.930000
29767930,2026-08-07T04:10,64254.630000,0.130100,-0.328156,2026-08-06,208.000000,1.164265,0.524400,64267.300000,64246.640000
29767931,2026-08-07T04:11,64254.630000,-0.499500,0.048799,2026-08-06,106.000000,0.205197,0.370882,64258.300000,64254.630000
29767932,2026-08-07T04:12,64263.070000,0.230200,-0.203686,2026-08-06,219.000000,2.689551,0.886913,64263.080000,64246.350000
29767933,2026-08-07T04:13,64244.990000,-0.019000,0.773218,2026-08-06,167.000000,1.026371,0.212069,64263.080000,64244.980000
29767934,2026-08-07T04:14,64249.790000,0.410400,-0.577915,2026-08-06,177.000000,1.578545,0.262021,64251.080000,64235.820000
29767935,2026-08-07T04:15,64261.670000,0.178600,-0.475727,2026-08-06,160.000000,0.548702,0.360136,64264.670000,64249.780000
29767936,2026-08-07T04:16,64250.010000,-0.531500,-0.282030,2026-08-06,119.000000,0.385159,0.236146,64262.910000,64250.010000
29767937,2026-08-07T04:17,64244.710000,-0.286700,-0.582792,2026-08-06,78.000000,0.407844,0.207340,64254.390000,64244.710000
29767938,2026-08-07T04:18,64260.850000,0.394400,-0.526249,2026-08-06,193.000000,0.797156,0.575365,64263.080000,64247.930000
29767939,2026-08-07T04:19,64286.680000,0.345300,0.151843,2026-08-06,176.000000,0.846688,0.349857,64291.740000,64263.070000
29767940,2026-08-07T04:20,64291.540000,-0.197500,-0.301896,2026-08-06,212.000000,0.856743,0.402855,64308.210000,64283.340000
29767941,2026-08-07T04:21,64289.930000,-0.036300,-0.194180,2026-08-06,154.000000,1.653883,0.231962,64306.020000,64289.920000
29767942,2026-08-07T04:22,64264.320000,0.087500,-0.534735,2026-08-06,287.000000,1.983850,0.377356,64289.930000,64244.700000
29767943,2026-08-07T04:23,64254.380000,0.118800,-0.246222,2026-08-06,138.000000,0.507250,0.105294,64266.230000,64251.160000
29767944,2026-08-07T04:24,64253.960000,0.158500,-0.792340,2026-08-06,107.000000,0.559904,0.238884,64254.400000,64248.580000
29767945,2026-08-07T04:25,64253.320000,-0.437600,-0.518161,2026-08-06,81.000000,0.915152,0.896582,64253.980000,64251.270000
29767946,2026-08-07T04:26,64225.320000,0.142500,0.654222,2026-08-06,122.000000,0.451696,0.196394,64253.320000,64225.330000
29767947,2026-08-07T04:27,64237.320000,-0.002100,-0.523968,2026-08-06,119.000000,0.384559,0.649861,64237.330000,64225.320000
29767948,2026-08-07T04:28,64247.930000,-0.467100,0.299721,2026-08-06,143.000000,0.279397,0.431033,64247.920000,64225.320000
29767949,2026-08-07T04:29,64240.120000,0.095400,-0.137933,2026-08-06,202.000000,1.822526,0.047499,64247.930000,64240.120000
29767950,2026-08-07T04:30,64241.460000,0.212700,-0.904937,2026-08-06,155.000000,1.076779,0.553341,64243.910000,64225.330000
29767951,2026-08-07T04:31,64251.170000,-0.130400,0.250323,2026-08-06,152.000000,1.070021,0.306959,64253.980000,64241.470000
29767952,2026-08-07T04:32,64251.170000,0.442100,-0.717304,2026-08-06,130.000000,1.659046,0.662746,64263.050000,64247.920000
29767953,2026-08-07T04:33,64267.240000,0.355200,0.325493,2026-08-06,189.000000,2.090728,0.315490,64267.280000,64251.170000
29767954,2026-08-07T04:34,64262.990000,0.980100,-0.385571,2026-08-06,151.000000,0.630320,0.656150,64267.250000,64257.630000
29767955,2026-08-07T04:35,64283.260000,-0.402600,0.486133,2026-08-06,182.000000,0.249227,0.648317,64285.040000,64264.490000
29767956,2026-08-07T04:36,64280.230000,-0.163900,0.118555,2026-08-06,163.000000,1.667830,0.680664,64298.900000,64280.230000
29767957,2026-08-07T04:37,64247.930000,-0.014200,0.361830,2026-08-06,132.000000,0.404301,0.241095,64281.660000,64247.930000
29767958,2026-08-07T04:38,64211.010000,-0.106200,-0.521326,2026-08-06,183.000000,1.328062,0.207310,64247.940000,64203.880000
29767959,2026-08-07T04:39,64218.850000,-0.052000,-0.585903,2026-08-06,159.000000,0.583348,0.720566,64218.860000,64206.450000
29767960,2026-08-07T04:40,64220.380000,-0.189100,0.440784,2026-08-06,126.000000,0.623402,0.355766,64222.090000,64214.350000
29767961,2026-08-07T04:41,64207.430000,-0.004100,-0.421628,2026-08-06,101.000000,0.392938,0.159570,64220.380000,64207.430000
29767962,2026-08-07T04:42,64210.120000,0.135800,-0.512118,2026-08-06,192.000000,1.038103,0.568404,64210.120000,64196.250000
29767963,2026-08-07T04:43,64201.020000,-0.255600,0.150832,2026-08-06,189.000000,2.026187,0.214012,64211.980000,64197.670000
29767964,2026-08-07T04:44,64196.260000,0.079100,-0.585385,2026-08-06,106.000000,0.355612,0.474520,64201.030000,64196.250000
29767965,2026-08-07T04:45,64163.960000,0.078900,-0.046629,2026-08-06,319.000000,7.311333,0.064847,64196.260000,64156.200000
29767966,2026-08-07T04:46,64160.730000,0.177200,-0.870683,2026-08-06,175.000000,1.016655,0.433136,64173.250000,64160.720000
29767967,2026-08-07T04:47,64176.880000,-0.080200,-0.133729,2026-08-06,168.000000,2.123586,0.376790,64180.000000,64160.720000
29767968,2026-08-07T04:48,64204.240000,0.178700,-0.246420,2026-08-06,218.000000,0.784625,0.846884,64206.000000,64176.870000
29767969,2026-08-07T04:49,64169.990000,-0.112600,0.693768,2026-08-06,269.000000,5.227859,0.125211,64209.170000,64160.730000
29767970,2026-08-07T04:50,64159.170000,-0.010200,-0.749526,2026-08-06,131.000000,0.465260,0.766428,64170.000000,64157.490000
29767971,2026-08-07T04:51,64156.510000,-0.546100,0.532854,2026-08-06,85.000000,0.124455,0.445304,64161.730000,64157.490000
29767972,2026-08-07T04:52,64117.660000,0.157000,-0.109392,2026-08-06,317.000000,4.012781,0.158903,64156.520000,64111.000000
29767973,2026-08-07T04:53,64130.010000,0.030700,-0.645706,2026-08-06,360.000000,3.404837,0.688181,64140.210000,64099.350000
29767974,2026-08-07T04:54,64148.420000,0.292800,0.733979,2026-08-06,152.000000,0.355463,0.217952,64148.420000,64123.620000
29767975,2026-08-07T04:55,64166.240000,-0.172000,-0.564095,2026-08-06,125.000000,0.176199,0.724605,64168.100000,64148.420000
29767976,2026-08-07T04:56,64174.460000,0.074400,0.463386,2026-08-06,87.000000,0.529583,0.100899,64176.080000,64166.240000
29767977,2026-08-07T04:57,64164.760000,-0.069100,-0.814148,2026-08-06,91.000000,0.528448,0.382761,64174.470000,64160.720000
29767978,2026-08-07T04:58,64194.320000,0.114800,-0.230952,2026-08-06,222.000000,0.921959,0.274062,64194.470000,64164.760000
29767979,2026-08-07T04:59,64191.670000,0.595800,-0.454263,2026-08-06,63.000000,0.196037,0.444519,64194.320000,64190.650000
29767980,2026-08-07T05:00,64195.990000,0.208700,-0.110963,2026-08-06,237.000000,1.377917,0.603792,64196.250000,64177.250000
29767981,2026-08-07T05:01,64193.900000,0.136400,0.143156,2026-08-06,103.000000,3.472998,0.843993,64195.990000,64192.680000
29767982,2026-08-07T05:02,64189.100000,0.249400,0.726644,2026-08-06,126.000000,0.701990,0.689663,64193.910000,64187.580000
29767983,2026-08-07T05:03,64186.510000,-0.077800,0.380686,2026-08-06,112.000000,0.484987,0.608104,64192.750000,64184.660000
29767984,2026-08-07T05:04,64186.510000,0.276600,0.216209,2026-08-06,65.000000,0.086952,0.652802,64186.510000,64186.500000
29767985,2026-08-07T05:05,64161.020000,0.349900,0.258693,2026-08-06,136.000000,3.416979,0.870201,64186.510000,64161.010000
29767986,2026-08-07T05:06,64146.430000,0.465300,0.695382,2026-08-06,139.000000,0.903242,0.051890,64161.020000,64143.640000
29767987,2026-08-07T05:07,64131.650000,-0.475200,-0.880689,2026-08-06,113.000000,0.378232,0.253512,64146.430000,64131.660000
29767988,2026-08-07T05:08,64173.630000,0.921200,-0.495853,2026-08-06,309.000000,0.885803,0.735644,64173.630000,64124.370000
29767989,2026-08-07T05:09,64187.650000,0.261400,0.470818,2026-08-06,188.000000,2.043381,0.195999,64190.270000,64173.630000
29767990,2026-08-07T05:10,64195.520000,0.425900,-0.606841,2026-08-06,202.000000,0.706384,0.403409,64198.500000,64173.640000
29767991,2026-08-07T05:11,64196.260000,-0.216600,-0.195680,2026-08-06,232.000000,0.964322,0.521090,64208.360000,64196.260000
29767992,2026-08-07T05:12,64203.310000,0.272400,0.042177,2026-08-06,99.000000,0.134431,0.642638,64203.310000,64195.010000
29767993,2026-08-07T05:13,64197.290000,0.672800,0.285277,2026-08-06,130.000000,0.421675,0.437152,64203.310000,64191.000000
29767994,2026-08-07T05:14,64191.010000,-0.487400,-0.125500,2026-08-06,96.000000,0.215129,0.484040,64203.950000,64191.000000
29767995,2026-08-07T05:15,64204.100000,0.031800,-0.032273,2026-08-06,153.000000,0.353321,0.501367,64204.110000,64183.330000
29767996,2026-08-07T05:16,64177.630000,0.035000,0.002734,2026-08-06,105.000000,0.537090,0.100015,64205.380000,64174.950000
29767997,2026-08-07T05:17,64166.430000,-0.140700,-0.799970,2026-08-06,73.000000,0.213429,0.381766,64177.640000,64166.420000
29767998,2026-08-07T05:18,64162.010000,0.022900,-0.368112,2026-08-06,8.000000,0.045105,0.000615,64166.420000,64162.000000
29767999,2026-08-07T05:19,64152.010000,0.206200,-0.913421,2026-08-06,237.000000,0.454812,0.342339,64162.490000,64150.730000
29768000,2026-08-07T05:20,64167.180000,-0.061100,-0.315315,2026-08-06,118.000000,0.486043,0.970135,64167.180000,64152.010000
29768001,2026-08-07T05:21,64148.100000,-0.009000,0.723320,2026-08-06,147.000000,0.305443,0.491856,64167.170000,64132.310000
29768002,2026-08-07T05:22,64125.190000,-0.328500,0.230141,2026-08-06,134.000000,0.725840,0.533162,64159.990000,64125.200000
29768003,2026-08-07T05:23,64119.820000,0.166300,0.036591,2026-08-06,104.000000,0.379557,0.563267,64125.200000,64109.700000
29768004,2026-08-07T05:24,64118.570000,0.001300,0.192028,2026-08-06,155.000000,0.931956,0.207885,64129.630000,64116.030000
29768005,2026-08-07T05:25,64124.080000,-0.014400,-0.584229,2026-08-06,194.000000,2.396055,0.709549,64134.220000,64112.270000
29768006,2026-08-07T05:26,64118.740000,0.201000,0.419098,2026-08-06,141.000000,0.539904,0.146850,64124.090000,64116.080000
29768007,2026-08-07T05:27,64124.080000,0.204000,-0.706300,2026-08-06,93.000000,0.358025,0.233978,64124.090000,64115.500000
29768008,2026-08-07T05:28,64118.760000,0.308200,-0.532045,2026-08-06,98.000000,0.496063,0.111325,64124.080000,64115.500000
29768009,2026-08-07T05:29,64120.880000,0.433000,-0.777350,2026-08-06,97.000000,0.521477,0.091812,64124.080000,64117.490000
29768010,2026-08-07T05:30,64123.120000,0.212700,-0.816842,2026-08-06,90.000000,0.350512,0.133267,64124.090000,64120.870000
29768011,2026-08-07T05:31,64123.260000,0.102100,-0.732456,2026-08-06,145.000000,0.710877,0.314033,64134.170000,64119.800000
29768012,2026-08-07T05:32,64129.380000,-0.038700,-0.371934,2026-08-06,136.000000,0.458588,0.414258,64137.110000,64122.850000
29768013,2026-08-07T05:33,64129.600000,0.030300,-0.224662,2026-08-06,116.000000,0.431907,0.453943,64136.210000,64125.200000
29768014,2026-08-07T05:34,64129.650000,0.041700,-0.020762,2026-08-06,78.000000,0.430534,0.080372,64131.650000,64123.090000
29768015,2026-08-07T05:35,64150.490000,0.319600,-0.839328,2026-08-06,189.000000,0.775954,0.325552,64150.500000,64129.590000
29768016,2026-08-07T05:36,64157.880000,-0.365300,-0.348895,2026-08-06,142.000000,0.453544,0.391423,64159.600000,64141.350000
29768017,2026-08-07T05:37,64161.230000,0.597600,-0.217148,2026-08-06,137.000000,0.364748,0.655538,64163.300000,64154.520000
29768018,2026-08-07T05:38,64166.810000,0.225700,0.311072,2026-08-06,116.000000,0.281461,0.477858,64172.740000,64162.260000
29768019,2026-08-07T05:39,64165.920000,-0.070900,-0.033396,2026-08-06,76.000000,0.218347,0.249018,64166.810000,64164.620000
29768020,2026-08-07T05:40,64171.570000,0.304200,-0.522643,2026-08-06,126.000000,0.317153,0.622396,64173.990000,64163.820000
29768021,2026-08-07T05:41,64175.120000,0.069800,0.244792,2026-08-06,110.000000,0.644807,0.924621,64180.250000,64171.560000
29768022,2026-08-07T05:42,64203.960000,0.192500,0.849242,2026-08-06,148.000000,0.952349,0.386919,64205.920000,64175.130000
29768023,2026-08-07T05:43,64225.020000,0.052100,-0.265260,2026-08-06,165.000000,0.549082,0.507615,64228.400000,64203.960000
29768024,2026-08-07T05:44,64219.180000,0.243100,0.118330,2026-08-06,72.000000,0.541828,0.096674,64225.030000,64218.860000
29768025,2026-08-07T05:45,64202.710000,-0.052300,-0.804885,2026-08-06,151.000000,1.337056,0.162181,64235.550000,64202.720000
29768026,2026-08-07T05:46,64217.620000,0.215900,-0.680790,2026-08-06,162.000000,0.514063,0.570022,64218.860000,64196.250000
29768027,2026-08-07T05:47,64238.240000,0.135600,0.196331,2026-08-06,107.000000,0.207614,0.837396,64238.240000,64217.620000
29768028,2026-08-07T05:48,64254.400000,0.374600,0.674797,2026-08-06,254.000000,5.315051,0.502609,64273.100000,64238.240000
29768029,2026-08-07T05:49,64266.400000,0.018900,0.005217,2026-08-06,134.000000,0.420568,0.399451,64266.400000,64254.390000
29768030,2026-08-07T05:50,64310.570000,0.272200,-0.168556,2026-08-06,300.000000,4.275432,0.657801,64319.010000,64266.390000
29768031,2026-08-07T05:51,64338.370000,0.009000,0.313722,2026-08-06,387.000000,4.413077,0.881245,64345.770000,64310.570000
29768032,2026-08-07T05:52,64315.760000,-0.741500,0.762490,2026-08-06,271.000000,5.514959,0.732586,64339.680000,64312.540000
29768033,2026-08-07T05:53,64312.540000,-0.023500,0.465171,2026-08-06,214.000000,0.796312,0.236370,64321.500000,64306.950000
29768034,2026-08-07T05:54,64321.490000,0.419600,-0.527238,2026-08-06,121.000000,0.721685,0.866242,64321.490000,64311.640000
29768035,2026-08-07T05:55,64311.650000,0.206000,0.732822,2026-08-06,173.000000,0.288510,0.133644,64328.780000,64311.640000
29768036,2026-08-07T05:56,64311.650000,-0.130300,-0.738285,2026-08-06,70.000000,0.072957,0.556888,64314.810000,64311.640000
29768037,2026-08-07T05:57,64299.620000,-0.027200,0.118410,2026-08-06,97.000000,0.199240,0.500831,64318.980000,64299.620000
29768038,2026-08-07T05:58,64294.680000,0.263000,-0.000263,2026-08-06,73.000000,0.137341,0.240333,64307.330000,64293.150000
29768039,2026-08-07T05:59,64273.770000,0.023300,-0.519335,2026-08-06,95.000000,0.643564,0.055591,64299.590000,64273.780000
29768040,2026-08-07T06:00,64284.960000,0.099200,-0.886685,2026-08-06,170.000000,0.690806,0.483258,64286.250000,64269.680000
29768041,2026-08-07T06:01,64264.080000,0.100000,-0.012732,2026-08-06,148.000000,0.573618,0.535488,64286.250000,64262.790000
29768042,2026-08-07T06:02,64260.150000,-0.090500,0.074029,2026-08-06,142.000000,0.339106,0.400117,64267.310000,64260.150000
29768043,2026-08-07T06:03,64256.740000,0.127000,-0.182110,2026-08-06,105.000000,0.183088,0.540752,64260.160000,64256.750000
29768044,2026-08-07T06:04,64269.170000,0.014200,0.044634,2026-08-06,80.000000,0.134139,0.818413,64269.170000,64256.740000
29768045,2026-08-07T06:05,64299.380000,0.554100,0.642426,2026-08-06,131.000000,0.366900,0.451709,64299.380000,64269.170000
29768046,2026-08-07T06:06,64306.070000,0.437500,-0.014381,2026-08-06,89.000000,0.305705,0.250337,64306.070000,64299.060000
29768047,2026-08-07T06:07,64289.930000,0.246600,-0.676831,2026-08-06,87.000000,0.177244,0.205276,64307.360000,64288.640000
29768048,2026-08-07T06:08,64277.670000,0.014700,-0.585225,2026-08-06,126.000000,0.309604,0.618007,64308.580000,64277.670000
29768049,2026-08-07T06:09,64286.240000,-0.033400,0.235254,2026-08-06,70.000000,0.094179,0.958233,64287.270000,64277.670000
29768050,2026-08-07T06:10,64314.990000,0.440200,0.916468,2026-08-06,162.000000,0.310963,0.779882,64315.000000,64286.250000
29768051,2026-08-07T06:11,64319.270000,0.141800,0.559969,2026-08-06,129.000000,0.223726,0.522738,64324.420000,64314.990000
29768052,2026-08-07T06:12,64328.680000,-0.116100,0.044856,2026-08-06,98.000000,0.222080,0.695739,64328.730000,64319.270000
29768053,2026-08-07T06:13,64327.510000,0.262900,0.391472,2026-08-06,149.000000,0.447149,0.746904,64335.120000,64325.010000
29768054,2026-08-07T06:14,64350.130000,0.285400,0.493807,2026-08-06,221.000000,2.802430,0.843675,64357.740000,64327.510000
29768055,2026-08-07T06:15,64364.210000,0.040400,0.687608,2026-08-06,158.000000,0.571405,0.178458,64364.210000,64344.000000
29768056,2026-08-07T06:16,64331.920000,0.416900,-0.600785,2026-08-06,145.000000,0.859131,0.403544,64364.210000,64331.910000
29768057,2026-08-07T06:17,64331.920000,0.562800,-0.204500,2026-08-06,66.000000,0.067671,0.983025,64331.920000,64331.910000
29768058,2026-08-07T06:18,64331.920000,0.335200,0.960747,2026-08-06,151.000000,0.555979,0.689909,64350.580000,64331.910000
29768059,2026-08-07T06:19,64360.980000,-0.001000,0.664819,2026-08-06,104.000000,0.600077,0.904221,64360.980000,64331.920000
29768060,2026-08-07T06:20,64348.510000,0.254900,0.097257,2026-08-06,148.000000,0.386035,0.593974,64360.980000,64348.500000
29768061,2026-08-07T06:21,64355.540000,0.308300,0.187947,2026-08-06,190.000000,1.112662,0.876732,64355.970000,64322.230000
29768062,2026-08-07T06:22,64355.540000,0.471500,0.753647,2026-08-06,107.000000,0.200749,0.232107,64355.550000,64348.070000
29768063,2026-08-07T06:23,64365.990000,-0.016600,-0.542123,2026-08-06,122.000000,1.265170,0.593285,64366.000000,64355.550000
29768064,2026-08-07T06:24,64378.510000,0.257600,0.186569,2026-08-06,123.000000,1.640599,0.814854,64378.520000,64356.770000
29768065,2026-08-07T06:25,64378.510000,0.588900,0.705747,2026-08-06,104.000000,1.386133,0.346367,64393.280000,64378.510000
29768066,2026-08-07T06:26,64395.730000,0.118300,-0.762412,2026-08-06,166.000000,2.145027,0.823342,64399.860000,64378.520000
29768067,2026-08-07T06:27,64383.600000,-0.768800,0.797520,2026-08-06,207.000000,3.873140,0.634773,64416.100000,64386.010000
29768068,2026-08-07T06:28,64365.070000,0.009200,-0.280607,2026-08-06,87.000000,0.295383,0.593495,64383.590000,64357.760000
29768069,2026-08-07T06:29,64365.790000,0.018600,0.144428,2026-08-06,78.000000,0.113892,0.253209,64365.780000,64357.750000
29768070,2026-08-07T06:30,64330.630000,0.208500,0.186135,2026-08-06,150.000000,0.470462,0.493260,64370.660000,64328.700000
29768071,2026-08-07T06:31,64316.650000,-0.104500,-0.216502,2026-08-06,65.000000,0.149560,0.674439,64330.640000,64309.310000
29768072,2026-08-07T06:32,64306.650000,-0.506500,0.346152,2026-08-06,94.000000,0.185591,0.707224,64316.650000,64300.810000
29768073,2026-08-07T06:33,64283.460000,0.124200,-0.261350,2026-08-06,123.000000,0.738965,0.475702,64308.040000,64283.460000
29768074,2026-08-07T06:34,64288.430000,-0.100600,0.299601,2026-08-06,131.000000,0.315758,0.838654,64291.520000,64280.230000
29768075,2026-08-07T06:35,64297.680000,0.065100,0.613522,2026-08-06,103.000000,0.341656,0.520360,64297.680000,64288.430000
29768076,2026-08-07T06:36,64325.440000,-0.433400,0.040728,2026-08-06,127.000000,0.243672,0.987726,64325.450000,64297.670000
29768077,2026-08-07T06:37,64318.990000,-0.452900,0.975452,2026-08-06,72.000000,0.186210,0.405279,64328.020000,64316.750000
29768078,2026-08-07T06:38,64293.490000,-0.007400,-0.189441,2026-08-06,111.000000,0.221886,0.344959,64315.760000,64291.760000
29768079,2026-08-07T06:39,64304.930000,-0.039300,-0.310083,2026-08-06,102.000000,0.259397,0.840969,64309.300000,64293.290000
29768080,2026-08-07T06:40,64307.400000,-0.325800,0.683048,2026-08-06,53.000000,0.032817,0.445989,64307.610000,64304.930000
29768081,2026-08-07T06:41,64297.710000,-0.173000,-0.841765,2026-08-06,116.000000,0.655631,0.574899,64307.400000,64296.350000
29768082,2026-08-07T06:42,64290.760000,-0.510700,0.508511,2026-08-06,66.000000,0.244465,0.323241,64297.710000,64290.760000
29768083,2026-08-07T06:43,64310.010000,0.033300,-0.341481,2026-08-06,107.000000,0.770627,0.845473,64315.760000,64290.760000
29768084,2026-08-07T06:44,64303.380000,0.476900,0.690339,2026-08-06,64.000000,0.408031,0.099349,64310.010000,64296.380000
29768085,2026-08-07T06:45,64302.770000,-0.023700,-0.804634,2026-08-06,125.000000,0.361977,0.436773,64303.380000,64294.900000
29768086,2026-08-07T06:46,64318.180000,-0.537200,-0.125258,2026-08-06,89.000000,0.396867,0.744279,64318.470000,64302.780000
29768087,2026-08-07T06:47,64264.070000,0.261700,0.488061,2026-08-06,307.000000,9.865274,0.140054,64322.710000,64242.370000
29768088,2026-08-07T06:48,64257.190000,0.017400,-0.719892,2026-08-06,148.000000,1.402447,0.877313,64271.940000,64257.190000
29768089,2026-08-07T06:49,64259.820000,0.699300,0.754627,2026-08-06,128.000000,1.091289,0.380884,64261.110000,64247.400000
29768090,2026-08-07T06:50,64263.460000,-0.067900,-0.182189,2026-08-06,72.000000,0.397426,0.826528,64267.970000,64259.810000
29768091,2026-08-07T06:51,64244.710000,-0.437700,0.601133,2026-08-06,88.000000,1.605761,0.844327,64264.440000,64244.700000
29768092,2026-08-07T06:52,64237.650000,-0.066800,0.688662,2026-08-06,117.000000,0.321000,0.674617,64244.710000,64225.330000
29768093,2026-08-07T06:53,64236.600000,0.069100,0.349143,2026-08-06,69.000000,0.074929,0.200495,64238.320000,64235.660000
29768094,2026-08-07T06:54,64265.150000,0.413100,-0.599010,2026-08-06,242.000000,7.863625,0.874899,64271.550000,64231.780000
29768095,2026-08-07T06:55,64254.150000,-0.008100,0.751921,2026-08-06,160.000000,0.875744,0.397625,64265.990000,64253.640000
29768096,2026-08-07T06:56,64277.930000,-0.071200,-0.305059,2026-08-06,198.000000,1.020224,0.983424,64278.570000,64254.160000
29768097,2026-08-07T06:57,64276.270000,0.052400,0.966848,2026-08-06,89.000000,0.722487,0.897279,64281.320000,64275.720000
29768098,2026-08-07T06:58,64284.980000,0.053400,0.794567,2026-08-06,123.000000,0.217571,0.429922,64286.240000,64276.280000
29768099,2026-08-07T06:59,64254.400000,-0.309200,-0.140317,2026-08-06,127.000000,6.216100,0.034571,64285.290000,64254.390000
