minute_epoch,minute_utc,close,book_imb,ofi,day,trades,volume,buy_share,high,low
29795049,2026-08-26T00:09,78628.120000,0.272200,0.000000,2026-08-26,,,,,
29795050,2026-08-26T00:10,78313.360000,-0.144700,0.000000,2026-08-26,4.000000,0.001062,0.999812,78313.370000,78313.360000
29795051,2026-08-26T00:11,78313.360000,-0.144700,0.999623,2026-08-26,,,,,
29795052,2026-08-26T00:12,78313.360000,-0.144700,0.000000,2026-08-26,,,,,
29795053,2026-08-26T00:13,78313.360000,-0.144700,0.000000,2026-08-26,,,,,
29795054,2026-08-26T00:14,78313.360000,-0.144700,0.000000,2026-08-26,,,,,
29795055,2026-08-26T00:15,78313.360000,-0.144700,0.000000,2026-08-26,,,,,
29795056,2026-08-26T00:16,78313.360000,-0.144700,0.000000,2026-08-26,,,,,
29795057,2026-08-26T00:17,78313.360000,-0.144700,0.000000,2026-08-26,,,,,
29795058,2026-08-26T00:18,78313.360000,-0.144700,0.000000,2026-08-26,,,,,
29795059,2026-08-26T00:19,78313.360000,-0.144700,0.000000,2026-08-26,,,,,
29795060,2026-08-26T00:20,78313.360000,-0.144700,0.000000,2026-08-26,,,,,
29795061,2026-08-26T00:21,78313.360000,-0.144700,0.000000,2026-08-26,,,,,
29795062,2026-08-26T00:22,78313.360000,-0.144700,0.000000,2026-08-26,,,,,
29795063,2026-08-26T00:23,78313.360000,-0.144700,0.000000,2026-08-26,,,,,
29795064,2026-08-26T00:24,78313.360000,-0.144700,0.000000,2026-08-26,,,,,
29795065,2026-08-26T00:25,78313.360000,0.269100,0.000000,2026-08-26,,,,,
29795066,2026-08-26T00:26,78313.360000,0.269100,0.000000,2026-08-26,,,,,
29795067,2026-08-26T00:27,78313.360000,0.269100,0.000000,2026-08-26,,,,,
29795068,2026-08-26T00:28,78313.360000,0.269100,0.000000,2026-08-26,,,,,
29795069,2026-08-26T00:29,78313.360000,0.269100,0.000000,2026-08-26,,,,,
29795070,2026-08-26T00:30,78313.360000,0.269100,0.000000,2026-08-26,,,,,
29795071,2026-08-26T00:31,78313.360000,0.269100,0.000000,2026-08-26,,,,,
29795072,2026-08-26T00:32,78313.360000,0.269100,0.000000,2026-08-26,,,,,
29795073,2026-08-26T00:33,78313.360000,0.269100,0.000000,2026-08-26,,,,,
29795074,2026-08-26T00:34,78313.360000,0.269100,0.000000,2026-08-26,,,,,
29795075,2026-08-26T00:35,78313.360000,0.269100,0.000000,2026-08-26,,,,,
29795076,2026-08-26T00:36,78313.360000,0.269100,0.000000,2026-08-26,,,,,
29795077,2026-08-26T00:37,78313.360000,0.269100,0.000000,2026-08-26,,,,,
29795078,2026-08-26T00:38,78462.220000,0.108400,0.000000,2026-08-26,9.000000,0.034264,0.000000,78463.340000,78454.670000
29795079,2026-08-26T00:39,78462.220000,0.108400,-1.000000,2026-08-26,,,,,
29795080,2026-08-26T00:40,78462.220000,0.108400,0.000000,2026-08-26,,,,,
29795081,2026-08-26T00:41,78462.220000,0.108400,0.000000,2026-08-26,,,,,
29795082,2026-08-26T00:42,78462.220000,0.108400,0.000000,2026-08-26,,,,,
29795083,2026-08-26T00:43,78462.220000,0.108400,0.000000,2026-08-26,,,,,
29795084,2026-08-26T00:44,78462.220000,0.108400,0.000000,2026-08-26,,,,,
29795085,2026-08-26T00:45,78462.220000,0.108400,0.000000,2026-08-26,,,,,
29795086,2026-08-26T00:46,78462.220000,0.108400,0.000000,2026-08-26,,,,,
29795087,2026-08-26T00:47,78462.220000,0.108400,0.000000,2026-08-26,,,,,
29795088,2026-08-26T00:48,78462.220000,0.108400,0.000000,2026-08-26,,,,,
29795089,2026-08-26T00:49,78462.220000,0.108400,0.000000,2026-08-26,,,,,
29795090,2026-08-26T00:50,78462.220000,0.108400,0.000000,2026-08-26,,,,,
29795091,2026-08-26T00:51,78462.220000,0.108400,0.000000,2026-08-26,,,,,
29795092,2026-08-26T00:52,78462.220000,0.108400,0.000000,2026-08-26,,,,,
29795093,2026-08-26T00:53,78462.220000,0.108400,0.000000,2026-08-26,,,,,
29795094,2026-08-26T00:54,78462.220000,0.108400,0.000000,2026-08-26,,,,,
29795095,2026-08-26T00:55,78454.800000,-0.117600,0.000000,2026-08-26,1.000000,0.000506,1.000000,78654.220000,78654.220000
29795096,2026-08-26T00:56,78653.010000,0.317100,0.999447,2026-08-26,4.000000,0.000000,0.000000,78651.950000,78651.830000
29795097,2026-08-26T00:57,78653.010000,0.317100,-1.000000,2026-08-26,,,,,
29795098,2026-08-26T00:58,78653.010000,0.317100,0.000000,2026-08-26,,,,,
29795099,2026-08-26T00:59,78653.010000,0.317100,0.000000,2026-08-26,,,,,
29795100,2026-08-26T01:00,78653.010000,0.317100,0.000000,2026-08-26,,,,,
29795101,2026-08-26T01:01,78653.010000,0.317100,0.000000,2026-08-26,,,,,
29795102,2026-08-26T01:02,78653.010000,0.317100,0.000000,2026-08-26,,,,,
29795103,2026-08-26T01:03,78653.010000,0.317100,0.000000,2026-08-26,,,,,
29795104,2026-08-26T01:04,78653.010000,0.317100,0.000000,2026-08-26,,,,,
29795105,2026-08-26T01:05,78653.010000,0.317100,0.000000,2026-08-26,,,,,
29795106,2026-08-26T01:06,78653.010000,0.317100,0.000000,2026-08-26,,,,,
29795107,2026-08-26T01:07,78653.010000,0.317100,0.000000,2026-08-26,,,,,
29795108,2026-08-26T01:08,78653.010000,0.317100,0.000000,2026-08-26,,,,,
29795109,2026-08-26T01:09,78653.010000,0.317100,0.000000,2026-08-26,,,,,
29795110,2026-08-26T01:10,78653.010000,0.291000,0.000000,2026-08-26,,,,,
29795111,2026-08-26T01:11,78653.010000,0.291000,0.000000,2026-08-26,,,,,
29795112,2026-08-26T01:12,78653.010000,0.291000,0.000000,2026-08-26,,,,,
29795113,2026-08-26T01:13,78653.010000,0.291000,0.000000,2026-08-26,,,,,
29795114,2026-08-26T01:14,78653.010000,0.291000,0.000000,2026-08-26,,,,,
29795115,2026-08-26T01:15,78653.010000,0.291000,0.000000,2026-08-26,,,,,
29795116,2026-08-26T01:16,78653.010000,0.291000,0.000000,2026-08-26,,,,,
29795117,2026-08-26T01:17,78653.010000,0.291000,0.000000,2026-08-26,,,,,
29795118,2026-08-26T01:18,78653.010000,0.291000,0.000000,2026-08-26,,,,,
29795119,2026-08-26T01:19,78653.010000,0.291000,0.000000,2026-08-26,,,,,
29795120,2026-08-26T01:20,78653.010000,0.291000,0.000000,2026-08-26,,,,,
29795121,2026-08-26T01:21,78653.010000,0.291000,0.000000,2026-08-26,,,,,
29795122,2026-08-26T01:22,78653.010000,0.291000,0.000000,2026-08-26,,,,,
29795123,2026-08-26T01:23,78653.010000,0.291000,0.000000,2026-08-26,,,,,
29795124,2026-08-26T01:24,78653.010000,0.291000,0.000000,2026-08-26,,,,,
29795125,2026-08-26T01:25,78653.010000,0.291000,0.000000,2026-08-26,,,,,
29795126,2026-08-26T01:26,78653.010000,0.291000,0.000000,2026-08-26,,,,,
29795127,2026-08-26T01:27,78653.010000,0.291000,0.000000,2026-08-26,,,,,
29795128,2026-08-26T01:28,78653.010000,0.291000,0.000000,2026-08-26,,,,,
29795129,2026-08-26T01:29,78653.010000,0.291000,0.000000,2026-08-26,,,,,
29795130,2026-08-26T01:30,78653.010000,0.291000,0.000000,2026-08-26,,,,,
29795131,2026-08-26T01:31,78653.010000,0.291000,0.000000,2026-08-26,,,,,
29795132,2026-08-26T01:32,78653.010000,0.291000,0.000000,2026-08-26,,,,,
29795133,2026-08-26T01:33,78653.010000,0.291000,0.000000,2026-08-26,,,,,
29795134,2026-08-26T01:34,78653.010000,0.291000,0.000000,2026-08-26,,,,,
29795135,2026-08-26T01:35,78653.010000,0.291000,0.000000,2026-08-26,,,,,
29795136,2026-08-26T01:36,78653.010000,0.291000,0.000000,2026-08-26,,,,,
29795137,2026-08-26T01:37,78653.010000,0.291000,0.000000,2026-08-26,,,,,
29795138,2026-08-26T01:38,78653.010000,0.291000,0.000000,2026-08-26,,,,,
29795139,2026-08-26T01:39,78653.010000,0.291000,0.000000,2026-08-26,,,,,
29795140,2026-08-26T01:40,78653.010000,0.291000,0.000000,2026-08-26,,,,,
29795141,2026-08-26T01:41,78653.010000,0.291000,0.000000,2026-08-26,,,,,
29795142,2026-08-26T01:42,78653.010000,0.291000,0.000000,2026-08-26,,,,,
29795143,2026-08-26T01:43,78653.010000,0.291000,0.000000,2026-08-26,,,,,
29795144,2026-08-26T01:44,78653.010000,0.291000,0.000000,2026-08-26,,,,,
29795145,2026-08-26T01:45,78840.540000,0.176500,0.000000,2026-08-26,278.000000,0.299876,0.817574,78862.240000,78835.680000
29795146,2026-08-26T01:46,78840.540000,0.176500,0.635148,2026-08-26,,,,,
29795147,2026-08-26T01:47,78840.540000,0.176500,0.000000,2026-08-26,,,,,
29795148,2026-08-26T01:48,78840.540000,0.176500,0.000000,2026-08-26,,,,,
29795149,2026-08-26T01:49,78840.540000,0.176500,0.000000,2026-08-26,,,,,
29795150,2026-08-26T01:50,78840.540000,0.176500,0.000000,2026-08-26,,,,,
29795151,2026-08-26T01:51,78840.540000,0.176500,0.000000,2026-08-26,,,,,
29795152,2026-08-26T01:52,78840.540000,0.176500,0.000000,2026-08-26,,,,,
29795153,2026-08-26T01:53,78840.540000,0.176500,0.000000,2026-08-26,,,,,
29795154,2026-08-26T01:54,78840.540000,0.176500,0.000000,2026-08-26,,,,,
29795155,2026-08-26T01:55,78840.540000,0.176500,0.000000,2026-08-26,,,,,
29795156,2026-08-26T01:56,78840.540000,0.176500,0.000000,2026-08-26,,,,,
29795157,2026-08-26T01:57,78840.540000,0.176500,0.000000,2026-08-26,,,,,
29795158,2026-08-26T01:58,78840.540000,0.176500,0.000000,2026-08-26,,,,,
29795159,2026-08-26T01:59,78840.540000,0.176500,0.000000,2026-08-26,,,,,
29795160,2026-08-26T02:00,78840.540000,0.176500,0.000000,2026-08-26,,,,,
29795161,2026-08-26T02:01,78840.540000,-0.362700,0.000000,2026-08-26,,,,,
29795162,2026-08-26T02:02,78840.540000,-0.362700,0.000000,2026-08-26,,,,,
29795163,2026-08-26T02:03,78840.540000,-0.362700,0.000000,2026-08-26,,,,,
29795164,2026-08-26T02:04,78840.540000,-0.362700,0.000000,2026-08-26,,,,,
29795165,2026-08-26T02:05,78840.540000,-0.362700,0.000000,2026-08-26,,,,,
29795166,2026-08-26T02:06,78840.540000,-0.362700,0.000000,2026-08-26,,,,,
29795167,2026-08-26T02:07,78840.540000,-0.362700,0.000000,2026-08-26,,,,,
29795168,2026-08-26T02:08,78840.540000,-0.362700,0.000000,2026-08-26,,,,,
29795169,2026-08-26T02:09,78840.540000,-0.362700,0.000000,2026-08-26,,,,,
29795170,2026-08-26T02:10,78840.540000,-0.362700,0.000000,2026-08-26,,,,,
29795171,2026-08-26T02:11,78840.540000,-0.362700,0.000000,2026-08-26,,,,,
29795172,2026-08-26T02:12,78840.540000,-0.362700,0.000000,2026-08-26,,,,,
29795173,2026-08-26T02:13,78840.540000,-0.362700,0.000000,2026-08-26,,,,,
29795174,2026-08-26T02:14,78840.540000,-0.362700,0.000000,2026-08-26,,,,,
29795175,2026-08-26T02:15,78840.540000,-0.362700,0.000000,2026-08-26,,,,,
29795176,2026-08-26T02:16,78840.540000,-0.362700,0.000000,2026-08-26,,,,,
29795177,2026-08-26T02:17,78840.540000,-0.362700,0.000000,2026-08-26,,,,,
29795178,2026-08-26T02:18,78840.540000,-0.362700,0.000000,2026-08-26,,,,,
29795179,2026-08-26T02:19,78840.540000,-0.362700,0.000000,2026-08-26,,,,,
29795180,2026-08-26T02:20,78840.540000,-0.362700,0.000000,2026-08-26,,,,,
29795181,2026-08-26T02:21,78840.540000,-0.362700,0.000000,2026-08-26,,,,,
29795182,2026-08-26T02:22,78840.540000,-0.362700,0.000000,2026-08-26,,,,,
29795183,2026-08-26T02:23,78840.540000,-0.362700,0.000000,2026-08-26,,,,,
29795184,2026-08-26T02:24,78840.540000,-0.362700,0.000000,2026-08-26,,,,,
29795185,2026-08-26T02:25,78840.540000,-0.362700,0.000000,2026-08-26,,,,,
29795186,2026-08-26T02:26,78840.540000,-0.362700,0.000000,2026-08-26,,,,,
29795187,2026-08-26T02:27,78840.540000,-0.362700,0.000000,2026-08-26,,,,,
29795188,2026-08-26T02:28,78840.540000,-0.362700,0.000000,2026-08-26,,,,,
29795189,2026-08-26T02:29,78840.540000,-0.362700,0.000000,2026-08-26,,,,,
29795190,2026-08-26T02:30,78840.540000,-0.362700,0.000000,2026-08-26,,,,,
29795191,2026-08-26T02:31,78840.540000,-0.362700,0.000000,2026-08-26,,,,,
29795192,2026-08-26T02:32,78840.540000,-0.362700,0.000000,2026-08-26,,,,,
29795193,2026-08-26T02:33,78840.540000,-0.362700,0.000000,2026-08-26,,,,,
29795194,2026-08-26T02:34,78840.540000,-0.362700,0.000000,2026-08-26,,,,,
29795195,2026-08-26T02:35,78840.540000,-0.362700,0.000000,2026-08-26,,,,,
29795196,2026-08-26T02:36,78840.540000,-0.362700,0.000000,2026-08-26,,,,,
29795197,2026-08-26T02:37,78840.540000,-0.362700,0.000000,2026-08-26,,,,,
29795198,2026-08-26T02:38,78840.540000,-0.362700,0.000000,2026-08-26,,,,,
29795199,2026-08-26T02:39,78840.540000,-0.362700,0.000000,2026-08-26,,,,,
29795200,2026-08-26T02:40,78840.540000,-0.362700,0.000000,2026-08-26,,,,,
29795201,2026-08-26T02:41,78840.540000,-0.362700,0.000000,2026-08-26,,,,,
29795202,2026-08-26T02:42,78840.540000,-0.362700,0.000000,2026-08-26,,,,,
29795203,2026-08-26T02:43,78840.540000,-0.362700,0.000000,2026-08-26,,,,,
29795204,2026-08-26T02:44,79153.920000,-0.157700,0.000000,2026-08-26,18.000000,0.010687,0.059369,79153.930000,79153.920000
29795205,2026-08-26T02:45,79153.920000,-0.157700,-0.881262,2026-08-26,,,,,
29795206,2026-08-26T02:46,79153.920000,-0.157700,0.000000,2026-08-26,,,,,
29795207,2026-08-26T02:47,79153.920000,-0.157700,0.000000,2026-08-26,,,,,
29795208,2026-08-26T02:48,79153.920000,-0.157700,0.000000,2026-08-26,,,,,
29795209,2026-08-26T02:49,79153.920000,-0.157700,0.000000,2026-08-26,,,,,
29795210,2026-08-26T02:50,79153.920000,-0.157700,0.000000,2026-08-26,,,,,
29795211,2026-08-26T02:51,79153.920000,-0.157700,0.000000,2026-08-26,,,,,
29795212,2026-08-26T02:52,79153.920000,-0.157700,0.000000,2026-08-26,,,,,
29795213,2026-08-26T02:53,79153.920000,-0.157700,0.000000,2026-08-26,,,,,
29795214,2026-08-26T02:54,79153.920000,-0.157700,0.000000,2026-08-26,,,,,
29795215,2026-08-26T02:55,79153.920000,-0.157700,0.000000,2026-08-26,,,,,
29795216,2026-08-26T02:56,79153.920000,-0.157700,0.000000,2026-08-26,,,,,
29795217,2026-08-26T02:57,79153.920000,-0.157700,0.000000,2026-08-26,,,,,
29795218,2026-08-26T02:58,79153.920000,-0.157700,0.000000,2026-08-26,,,,,
29795219,2026-08-26T02:59,79153.920000,-0.157700,0.000000,2026-08-26,,,,,
29795220,2026-08-26T03:00,79153.920000,-0.157700,0.000000,2026-08-26,,,,,
29795221,2026-08-26T03:01,79153.920000,-0.185100,0.000000,2026-08-26,,,,,
29795222,2026-08-26T03:02,79153.670000,0.155700,1.000000,2026-08-26,28.000000,0.027663,0.999989,79153.660000,79143.380000
29795223,2026-08-26T03:03,79153.670000,0.155700,0.999978,2026-08-26,,,,,
29795224,2026-08-26T03:04,79056.930000,-0.161000,0.000000,2026-08-26,97.000000,0.000631,0.970567,79056.940000,79056.930000
29795225,2026-08-26T03:05,79075.830000,0.885800,0.988640,2026-08-26,621.000000,0.796955,0.823245,79075.850000,79056.930000
29795226,2026-08-26T03:06,79049.540000,0.248700,0.670587,2026-08-26,803.000000,2.293167,0.650213,79104.960000,79049.520000
29795227,2026-08-26T03:07,79046.510000,0.405500,0.282405,2026-08-26,811.000000,2.462620,0.135482,79057.060000,79044.220000
29795228,2026-08-26T03:08,79033.740000,-0.543700,-0.715028,2026-08-26,865.000000,2.199365,0.859754,79049.220000,79033.740000
29795229,2026-08-26T03:09,79038.920000,0.475400,0.718573,2026-08-26,815.000000,1.940898,0.721039,79048.940000,79033.750000
29795230,2026-08-26T03:10,79057.050000,0.492300,0.437746,2026-08-26,604.000000,0.827197,0.482780,79072.860000,79038.910000
29795231,2026-08-26T03:11,79061.330000,0.624700,-0.036928,2026-08-26,846.000000,3.370355,0.206265,79070.860000,79051.100000
29795232,2026-08-26T03:12,79070.040000,0.570900,-0.587370,2026-08-26,807.000000,0.205041,0.490181,79072.990000,79065.360000
29795233,2026-08-26T03:13,79062.550000,0.526200,0.293304,2026-08-26,786.000000,0.748038,0.498933,79072.020000,79049.560000
29795234,2026-08-26T03:14,79034.290000,0.102800,0.149514,2026-08-26,707.000000,3.290669,0.185306,79075.840000,79032.230000
29795235,2026-08-26T03:15,79053.050000,0.536900,-0.748712,2026-08-26,755.000000,2.597225,0.851850,79057.440000,79023.700000
29795236,2026-08-26T03:16,79012.580000,0.776600,0.623761,2026-08-26,819.000000,2.210802,0.121324,79058.610000,78994.090000
29795237,2026-08-26T03:17,79017.850000,-0.138700,-0.742457,2026-08-26,695.000000,0.770105,0.347540,79041.600000,79011.470000
29795238,2026-08-26T03:18,78996.820000,0.325500,-0.304648,2026-08-26,860.000000,1.727214,0.900265,79017.850000,78996.810000
29795239,2026-08-26T03:19,78990.010000,0.760400,0.799544,2026-08-26,801.000000,0.693300,0.535666,78996.820000,78979.220000
29795240,2026-08-26T03:20,79011.460000,0.621600,-0.251554,2026-08-26,853.000000,3.086351,0.390335,79022.040000,78985.490000
29795241,2026-08-26T03:21,79072.390000,0.747800,-0.135032,2026-08-26,876.000000,1.285954,0.362342,79075.840000,79009.910000
29795242,2026-08-26T03:22,79074.330000,0.313400,-0.275710,2026-08-26,434.000000,1.601293,0.872841,79090.150000,79072.380000
29795243,2026-08-26T03:23,79100.360000,-0.607200,0.745379,2026-08-26,741.000000,0.455949,0.456331,79104.960000,79090.140000
29795244,2026-08-26T03:24,79086.260000,0.029500,-0.083062,2026-08-26,828.000000,0.703086,0.408805,79100.370000,79086.260000
29795245,2026-08-26T03:25,79089.270000,0.191900,-0.185187,2026-08-26,870.000000,2.537927,0.406440,79104.440000,79074.330000
29795246,2026-08-26T03:26,79094.360000,-0.561200,-0.186840,2026-08-26,824.000000,0.835691,0.598268,79104.960000,79089.270000
29795247,2026-08-26T03:27,79062.960000,0.043100,0.195978,2026-08-26,847.000000,9.361639,0.248174,79094.360000,79048.020000
29795248,2026-08-26T03:28,79033.200000,0.482800,-0.503654,2026-08-26,793.000000,0.449545,0.744880,79062.950000,79025.000000
29795249,2026-08-26T03:29,79033.140000,0.551000,0.491188,2026-08-26,868.000000,1.025579,0.434839,79042.130000,79011.690000
29795250,2026-08-26T03:30,79019.740000,0.259400,-0.131556,2026-08-26,792.000000,0.961068,0.828099,79033.150000,79012.350000
29795251,2026-08-26T03:31,78972.520000,0.143800,0.656720,2026-08-26,857.000000,0.683402,0.167937,79019.750000,78972.520000
29795252,2026-08-26T03:32,78942.990000,0.339800,-0.662092,2026-08-26,846.000000,5.251203,0.645682,78972.530000,78875.900000
29795253,2026-08-26T03:33,78971.320000,0.394800,0.276077,2026-08-26,636.000000,0.838371,0.803125,78986.100000,78938.430000
29795254,2026-08-26T03:34,78976.240000,0.374500,0.735492,2026-08-26,542.000000,0.293949,0.685570,78992.040000,78962.400000
29795255,2026-08-26T03:35,79046.080000,0.916600,0.371141,2026-08-26,715.000000,2.529689,0.873126,79046.080000,78976.230000
29795256,2026-08-26T03:36,79066.270000,0.388900,0.746559,2026-08-26,896.000000,7.299628,0.661578,79104.960000,79046.070000
29795257,2026-08-26T03:37,79030.050000,0.136200,0.323378,2026-08-26,811.000000,1.858607,0.186438,79066.290000,79025.880000
29795258,2026-08-26T03:38,79054.950000,0.018700,-0.634183,2026-08-26,829.000000,0.835521,0.508032,79065.360000,79009.970000
29795259,2026-08-26T03:39,79035.200000,0.245400,0.029892,2026-08-26,813.000000,0.920999,0.353310,79054.950000,79033.720000
29795260,2026-08-26T03:40,78972.520000,0.402600,-0.287572,2026-08-26,788.000000,1.093297,0.850135,79035.200000,78971.490000
29795261,2026-08-26T03:41,79021.460000,0.117200,0.699160,2026-08-26,929.000000,2.194335,0.428072,79027.350000,78972.520000
29795262,2026-08-26T03:42,79037.360000,-0.175900,-0.141910,2026-08-26,806.000000,0.848780,0.439580,79051.010000,79021.460000
29795263,2026-08-26T03:43,79057.420000,0.764200,-0.125801,2026-08-26,780.000000,0.813364,0.931224,79057.420000,79030.010000
29795264,2026-08-26T03:44,79041.610000,0.611700,0.862447,2026-08-26,826.000000,0.300625,0.337638,79071.440000,79041.610000
29795265,2026-08-26T03:45,79031.420000,0.363900,-0.322853,2026-08-26,852.000000,1.160717,0.381495,79064.130000,79030.920000
29795266,2026-08-26T03:46,78964.790000,0.578200,-0.236952,2026-08-26,833.000000,0.559211,0.404464,79032.520000,78957.810000
29795267,2026-08-26T03:47,78949.010000,-0.234900,-0.190470,2026-08-26,862.000000,1.517016,0.875925,78964.790000,78944.330000
29795268,2026-08-26T03:48,78959.790000,0.281300,0.751758,2026-08-26,673.000000,1.342846,0.906849,78959.800000,78933.220000
29795269,2026-08-26T03:49,78969.290000,0.385400,0.813693,2026-08-26,834.000000,0.921156,0.966595,78973.610000,78954.600000
29795270,2026-08-26T03:50,78968.390000,0.400000,0.933211,2026-08-26,824.000000,0.600135,0.531801,78969.290000,78944.290000
29795271,2026-08-26T03:51,79007.320000,0.243300,0.267356,2026-08-26,854.000000,1.768028,0.887303,79007.320000,78968.400000
29795272,2026-08-26T03:52,79004.080000,0.673000,0.750873,2026-08-26,768.000000,0.976638,0.319453,79020.440000,78992.580000
29795273,2026-08-26T03:53,78992.400000,0.465000,-0.360514,2026-08-26,779.000000,0.444792,0.402166,79017.830000,78992.400000
29795274,2026-08-26T03:54,79024.210000,0.464700,-0.010652,2026-08-26,804.000000,0.514141,0.516595,79025.790000,78992.410000
29795275,2026-08-26T03:55,79080.610000,0.616000,-0.018641,2026-08-26,806.000000,1.058084,0.467696,79080.610000,79024.200000
29795276,2026-08-26T03:56,79061.540000,-0.264000,-0.124040,2026-08-26,755.000000,2.179579,0.461996,79088.990000,79058.140000
29795277,2026-08-26T03:57,79050.980000,0.468900,-0.074637,2026-08-26,811.000000,0.352466,0.265952,79058.150000,79050.970000
29795278,2026-08-26T03:58,79096.150000,0.400400,-0.478507,2026-08-26,782.000000,0.915172,0.340136,79100.260000,79050.970000
29795279,2026-08-26T03:59,79075.510000,-0.038300,-0.317655,2026-08-26,693.000000,0.257636,0.657365,79096.160000,79075.510000
29795280,2026-08-26T04:00,79010.710000,0.169700,-0.455232,2026-08-26,842.000000,2.019570,0.181267,79075.520000,79010.710000
29795281,2026-08-26T04:01,78966.240000,0.366700,-0.257368,2026-08-26,853.000000,1.208851,0.619903,79021.690000,78966.240000
29795282,2026-08-26T04:02,78992.400000,0.269700,-0.133078,2026-08-26,848.000000,1.545399,0.843913,78992.410000,78954.300000
29795283,2026-08-26T04:03,78959.330000,-0.080100,0.694003,2026-08-26,771.000000,0.607212,0.323316,78999.420000,78955.450000
29795284,2026-08-26T04:04,79006.920000,0.430600,-0.418745,2026-08-26,687.000000,1.791916,0.614584,79007.140000,78948.510000
29795285,2026-08-26T04:05,79029.230000,-0.007900,0.228889,2026-08-26,607.000000,1.203672,0.646140,79040.380000,78983.510000
29795286,2026-08-26T04:06,79065.360000,0.025000,0.192516,2026-08-26,759.000000,1.860067,0.242775,79065.360000,79017.840000
29795287,2026-08-26T04:07,79060.520000,0.066000,-0.463017,2026-08-26,680.000000,2.043823,0.873686,79081.170000,79047.020000
29795288,2026-08-26T04:08,79042.050000,0.012900,0.750067,2026-08-26,850.000000,2.599455,0.701734,79104.960000,79038.240000
29795289,2026-08-26T04:09,79144.580000,0.280400,0.391937,2026-08-26,568.000000,1.932356,0.831786,79144.580000,79042.050000
29795290,2026-08-26T04:10,79156.580000,-0.126900,0.663355,2026-08-26,623.000000,2.464865,0.639250,79190.940000,79132.170000
29795291,2026-08-26T04:11,79077.520000,0.218400,0.553789,2026-08-26,704.000000,3.416599,0.574157,79165.300000,79077.520000
29795292,2026-08-26T04:12,79071.070000,-0.873100,-0.566184,2026-08-26,639.000000,0.497900,0.527725,79088.910000,79061.710000
29795293,2026-08-26T04:13,79007.210000,0.553000,0.199151,2026-08-26,843.000000,8.338433,0.356311,79061.720000,78996.050000
29795294,2026-08-26T04:14,79033.960000,0.297500,-0.280658,2026-08-26,763.000000,2.909859,0.645980,79036.410000,78956.100000
29795295,2026-08-26T04:15,79005.770000,0.396400,0.292090,2026-08-26,804.000000,3.853522,0.069983,79049.040000,78970.320000
29795296,2026-08-26T04:16,79033.120000,-0.078200,-0.860391,2026-08-26,829.000000,1.132705,0.228776,79048.930000,79005.390000
29795297,2026-08-26T04:17,79038.260000,0.242600,-0.677790,2026-08-26,735.000000,1.990729,0.535736,79039.550000,79012.860000
29795298,2026-08-26T04:18,79078.960000,-0.002000,0.412266,2026-08-26,769.000000,0.666203,0.452854,79090.590000,79037.080000
29795299,2026-08-26T04:19,79120.790000,0.450900,-0.094294,2026-08-26,749.000000,0.870799,0.460478,79128.720000,79078.940000
29795300,2026-08-26T04:20,79030.260000,0.216600,-0.087960,2026-08-26,965.000000,4.542167,0.069811,79128.720000,79024.500000
29795301,2026-08-26T04:21,79022.730000,0.234600,-0.860798,2026-08-26,906.000000,2.519232,0.541208,79035.060000,78994.080000
29795302,2026-08-26T04:22,79027.290000,0.137400,0.088072,2026-08-26,827.000000,0.974909,0.504913,79033.680000,79022.720000
29795303,2026-08-26T04:23,79065.360000,0.217900,0.009825,2026-08-26,725.000000,1.406471,0.846139,79065.360000,79021.510000
29795304,2026-08-26T04:24,79096.990000,0.558400,0.692279,2026-08-26,589.000000,0.615912,0.507909,79096.990000,79060.710000
29795305,2026-08-26T04:25,79082.990000,0.230700,0.019256,2026-08-26,869.000000,0.755663,0.356848,79115.440000,79082.990000
29795306,2026-08-26T04:26,79026.610000,0.304600,-0.289990,2026-08-26,846.000000,1.222147,0.657817,79083.000000,79025.760000
29795307,2026-08-26T04:27,79035.890000,0.599200,0.315635,2026-08-26,684.000000,2.488284,0.838198,79035.900000,79020.090000
29795308,2026-08-26T04:28,79002.510000,0.351400,0.676397,2026-08-26,891.000000,4.099694,0.280476,79054.460000,79000.000000
29795309,2026-08-26T04:29,79004.050000,0.580600,-0.439047,2026-08-26,690.000000,0.567528,0.821006,79010.870000,78996.830000
29795310,2026-08-26T04:30,79033.670000,0.510400,0.762558,2026-08-26,677.000000,0.803810,0.739957,79040.880000,79004.050000
29795311,2026-08-26T04:31,79049.480000,0.611200,0.176175,2026-08-26,715.000000,1.325038,0.355392,79049.480000,79023.080000
29795312,2026-08-26T04:32,78967.770000,-0.554700,-0.254379,2026-08-26,577.000000,0.623743,0.236766,79053.430000,78967.770000
29795313,2026-08-26T04:33,78934.420000,-0.007100,-0.612715,2026-08-26,690.000000,2.042847,0.770517,78970.320000,78928.890000
29795314,2026-08-26T04:34,78924.700000,-0.038600,0.541032,2026-08-26,854.000000,4.092374,0.649996,78942.320000,78893.360000
29795315,2026-08-26T04:35,78892.390000,-0.363500,0.299991,2026-08-26,689.000000,0.982888,0.177840,78924.700000,78885.630000
29795316,2026-08-26T04:36,78938.980000,0.480400,-0.644320,2026-08-26,411.000000,0.916490,0.867132,78938.970000,78892.380000
29795317,2026-08-26T04:37,78982.510000,0.303100,0.732366,2026-08-26,468.000000,1.083140,0.586229,78983.560000,78934.540000
29795318,2026-08-26T04:38,78985.100000,0.322800,0.173548,2026-08-26,751.000000,1.491515,0.691680,78987.670000,78971.300000
29795319,2026-08-26T04:39,78933.330000,-0.063800,0.383385,2026-08-26,735.000000,1.994059,0.407828,79000.890000,78928.210000
29795320,2026-08-26T04:40,78949.110000,0.629300,-0.186824,2026-08-26,778.000000,0.729338,0.989830,78949.120000,78933.330000
29795321,2026-08-26T04:41,78959.430000,-0.010800,0.996112,2026-08-26,642.000000,0.249999,0.176814,78972.560000,78949.110000
29795322,2026-08-26T04:42,78978.140000,0.050500,-0.638201,2026-08-26,636.000000,3.417049,0.897496,78993.200000,78959.430000
29795323,2026-08-26T04:43,78969.980000,-0.009300,0.794393,2026-08-26,622.000000,1.873257,0.415686,78978.150000,78962.350000
29795324,2026-08-26T04:44,78956.960000,-0.644100,-0.168632,2026-08-26,380.000000,0.472415,0.299958,78971.010000,78953.330000
29795325,2026-08-26T04:45,78885.640000,-0.702000,-0.393000,2026-08-26,767.000000,1.003825,0.381211,78956.970000,78885.640000
29795326,2026-08-26T04:46,78878.330000,0.027600,-0.240548,2026-08-26,813.000000,0.966348,0.358407,78891.540000,78876.630000
29795327,2026-08-26T04:47,78827.760000,-0.233800,-0.283185,2026-08-26,786.000000,2.603710,0.490811,78878.340000,78827.760000
29795328,2026-08-26T04:48,78847.550000,0.023400,-0.018379,2026-08-26,686.000000,4.607242,0.608073,78881.930000,78788.170000
29795329,2026-08-26T04:49,78858.570000,0.369100,0.216129,2026-08-26,606.000000,0.498806,0.446527,78864.960000,78846.050000
29795330,2026-08-26T04:50,78874.070000,0.826900,-0.106834,2026-08-26,470.000000,0.727287,0.597789,78874.070000,78849.710000
29795331,2026-08-26T04:51,78879.460000,-0.015800,0.195578,2026-08-26,573.000000,2.114885,0.468049,78897.810000,78869.600000
29795332,2026-08-26T04:52,78843.920000,0.169000,-0.029864,2026-08-26,689.000000,0.510477,0.627674,78889.860000,78835.680000
29795333,2026-08-26T04:53,78864.260000,-0.110200,0.137207,2026-08-26,559.000000,1.931387,0.118201,78902.570000,78843.910000
29795334,2026-08-26T04:54,78876.580000,0.199900,-0.763598,2026-08-26,519.000000,0.708439,0.298302,78876.800000,78864.260000
29795335,2026-08-26T04:55,78819.850000,0.571300,-0.403396,2026-08-26,783.000000,0.787024,0.512748,78877.310000,78816.080000
29795336,2026-08-26T04:56,78793.640000,0.381800,0.025496,2026-08-26,484.000000,0.688948,0.452228,78840.680000,78793.640000
29795337,2026-08-26T04:57,78806.700000,0.239200,-0.239766,2026-08-26,513.000000,0.637634,0.552467,78806.700000,78779.690000
29795338,2026-08-26T04:58,78832.760000,-0.263700,0.389848,2026-08-26,478.000000,0.826854,0.942962,78843.540000,78806.690000
29795339,2026-08-26T04:59,78823.860000,0.160400,0.886010,2026-08-26,497.000000,0.635357,0.590264,78839.940000,78819.840000
29795340,2026-08-26T05:00,78815.260000,-0.105400,0.179720,2026-08-26,720.000000,2.411838,0.400731,78843.600000,78815.260000
29795341,2026-08-26T05:01,78815.260000,-0.411000,-0.198534,2026-08-26,729.000000,1.675291,0.691231,78831.020000,78780.670000
29795342,2026-08-26T05:02,78815.260000,0.310900,0.383383,2026-08-26,919.000000,9.307363,0.920574,78815.260000,78755.420000
29795343,2026-08-26T05:03,78780.240000,-0.028300,0.841140,2026-08-26,675.000000,1.112903,0.681426,78823.670000,78775.980000
29795344,2026-08-26T05:04,78755.580000,0.097900,0.361542,2026-08-26,722.000000,0.261419,0.612987,78793.530000,78755.580000
29795345,2026-08-26T05:05,78681.580000,-0.147300,0.226687,2026-08-26,793.000000,10.044485,0.179083,78764.500000,78669.360000
29795346,2026-08-26T05:06,78633.100000,-0.420000,-0.644946,2026-08-26,702.000000,1.102715,0.682606,78693.100000,78633.090000
29795347,2026-08-26T05:07,78708.960000,0.126600,0.523346,2026-08-26,629.000000,1.231354,0.709643,78726.860000,78633.090000
29795348,2026-08-26T05:08,78737.680000,0.451200,0.401831,2026-08-26,562.000000,2.061943,0.838326,78738.020000,78677.390000
29795349,2026-08-26T05:09,78800.990000,-0.174300,0.686896,2026-08-26,777.000000,1.729444,0.929795,78802.600000,78730.760000
29795350,2026-08-26T05:10,78827.760000,0.701600,0.845283,2026-08-26,716.000000,1.355633,0.852831,78827.760000,78793.350000
29795351,2026-08-26T05:11,78848.520000,0.208400,0.716779,2026-08-26,893.000000,3.038037,0.270573,78867.360000,78826.610000
29795352,2026-08-26T05:12,78890.990000,0.526300,-0.459182,2026-08-26,795.000000,1.424446,0.440592,78890.990000,78827.770000
29795353,2026-08-26T05:13,78902.950000,0.461700,-0.062451,2026-08-26,926.000000,10.568595,0.866961,78948.600000,78880.070000
29795354,2026-08-26T05:14,78887.170000,0.265300,0.732585,2026-08-26,848.000000,2.082567,0.476798,78930.720000,78887.170000
29795355,2026-08-26T05:15,78832.770000,0.265800,-0.055562,2026-08-26,719.000000,1.021040,0.734667,78887.180000,78832.770000
29795356,2026-08-26T05:16,78874.140000,0.420700,0.469707,2026-08-26,744.000000,2.418597,0.692035,78883.140000,78822.170000
29795357,2026-08-26T05:17,78796.450000,0.272500,0.383702,2026-08-26,868.000000,1.674499,0.391807,78880.960000,78796.240000
29795358,2026-08-26T05:18,78750.290000,0.314500,-0.216275,2026-08-26,1110.000000,14.313424,0.233665,78852.970000,78739.790000
29795359,2026-08-26T05:19,78747.360000,0.528100,-0.505741,2026-08-26,635.000000,1.332822,0.927503,78786.890000,78740.640000
29795360,2026-08-26T05:20,78813.710000,-0.208700,0.820272,2026-08-26,383.000000,1.600259,0.990428,78813.720000,78747.360000
29795361,2026-08-26T05:21,78867.890000,0.543300,0.950995,2026-08-26,692.000000,2.568661,0.683366,78877.170000,78797.960000
29795362,2026-08-26T05:22,78883.070000,0.550400,0.145429,2026-08-26,766.000000,1.498048,0.651250,78883.070000,78837.880000
29795363,2026-08-26T05:23,78940.610000,0.590300,0.997578,2026-08-26,579.000000,1.586602,0.458618,78940.610000,78883.060000
29795364,2026-08-26T05:24,79014.100000,0.414200,-0.098321,2026-08-26,928.000000,2.862663,0.726812,79014.110000,78931.470000
29795365,2026-08-26T05:25,78991.570000,0.306300,0.467993,2026-08-26,1005.000000,6.058704,0.245233,79056.580000,78957.680000
29795366,2026-08-26T05:26,78938.790000,0.281800,-0.474400,2026-08-26,754.000000,0.992648,0.671880,78992.380000,78938.780000
29795367,2026-08-26T05:27,78948.210000,0.495800,0.230790,2026-08-26,774.000000,1.105081,0.889111,78969.780000,78936.960000
29795368,2026-08-26T05:28,78978.240000,0.270600,0.801444,2026-08-26,649.000000,0.790498,0.430673,78994.040000,78948.210000
29795369,2026-08-26T05:29,79007.490000,0.542000,-0.379844,2026-08-26,666.000000,2.025386,0.959221,79017.840000,78975.140000
29795370,2026-08-26T05:30,79033.680000,0.405800,0.794484,2026-08-26,743.000000,2.149279,0.413117,79056.580000,78978.280000
29795371,2026-08-26T05:31,79089.040000,0.377600,-0.167969,2026-08-26,804.000000,2.213898,0.440247,79110.920000,79033.680000
29795372,2026-08-26T05:32,79122.770000,0.565200,-0.119527,2026-08-26,768.000000,1.141891,0.729473,79124.400000,79081.250000
29795373,2026-08-26T05:33,79083.760000,-0.066000,0.459369,2026-08-26,786.000000,0.633150,0.473019,79124.400000,79081.240000
29795374,2026-08-26T05:34,79052.610000,0.599700,-0.055209,2026-08-26,821.000000,0.880609,0.433421,79095.830000,79047.090000
29795375,2026-08-26T05:35,79025.760000,0.289500,-0.114205,2026-08-26,714.000000,1.689710,0.808834,79052.620000,79017.010000
29795376,2026-08-26T05:36,78992.860000,0.449700,0.614518,2026-08-26,899.000000,1.833939,0.664545,79030.760000,78970.320000
29795377,2026-08-26T05:37,79065.360000,0.450800,0.338398,2026-08-26,661.000000,1.335150,0.862174,79065.360000,78992.860000
29795378,2026-08-26T05:38,79047.770000,0.430500,0.718916,2026-08-26,776.000000,0.623260,0.466953,79076.170000,79045.460000
29795379,2026-08-26T05:39,79060.610000,0.692100,-0.066094,2026-08-26,783.000000,1.063022,0.195975,79060.610000,79045.460000
29795380,2026-08-26T05:40,79074.990000,0.026200,-0.552021,2026-08-26,641.000000,1.874394,0.785745,79091.980000,79047.020000
29795381,2026-08-26T05:41,79089.640000,0.097600,0.562564,2026-08-26,517.000000,1.102598,0.558096,79104.370000,79074.990000
29795382,2026-08-26T05:42,79087.850000,0.146000,0.117195,2026-08-26,782.000000,0.278663,0.368811,79091.250000,79081.300000
29795383,2026-08-26T05:43,79091.490000,0.198800,-0.335662,2026-08-26,857.000000,1.038798,0.650472,79120.790000,79081.310000
29795384,2026-08-26T05:44,79104.960000,0.291400,0.336943,2026-08-26,774.000000,0.668995,0.916512,79104.960000,79070.560000
29795385,2026-08-26T05:45,79075.680000,0.138600,0.831196,2026-08-26,808.000000,2.546289,0.686323,79104.960000,79070.730000
29795386,2026-08-26T05:46,79056.110000,0.285900,0.373006,2026-08-26,818.000000,1.803940,0.966520,79085.760000,79050.540000
29795387,2026-08-26T05:47,79054.360000,0.165100,0.933039,2026-08-26,806.000000,0.989709,0.616630,79066.900000,79052.910000
29795388,2026-08-26T05:48,79042.990000,0.446500,0.233260,2026-08-26,942.000000,3.152739,0.301673,79080.000000,79016.820000
29795389,2026-08-26T05:49,79055.920000,-0.096900,-0.396544,2026-08-26,797.000000,0.276276,0.522559,79055.930000,79022.150000
29795390,2026-08-26T05:50,79032.400000,0.086300,0.269877,2026-08-26,805.000000,0.545221,0.459681,79057.110000,79025.790000
29795391,2026-08-26T05:51,79008.740000,-0.114800,-0.320030,2026-08-26,821.000000,0.658169,0.283499,79032.410000,79008.740000
29795392,2026-08-26T05:52,79023.230000,0.268400,-0.409341,2026-08-26,684.000000,2.157214,0.917113,79044.830000,79008.740000
29795393,2026-08-26T05:53,78968.200000,0.053000,0.834117,2026-08-26,880.000000,2.653089,0.239848,79023.230000,78952.570000
29795394,2026-08-26T05:54,78940.290000,0.165900,-0.529325,2026-08-26,863.000000,1.734770,0.174871,78968.350000,78935.090000
29795395,2026-08-26T05:55,78996.490000,-0.400700,-0.639531,2026-08-26,683.000000,0.782125,0.466521,78996.490000,78940.290000
29795396,2026-08-26T05:56,78995.080000,0.331600,-0.067154,2026-08-26,549.000000,0.520174,0.501021,79002.000000,78982.120000
29795397,2026-08-26T05:57,79025.290000,-0.022400,0.002042,2026-08-26,815.000000,0.469415,0.753523,79030.540000,78979.590000
29795398,2026-08-26T05:58,79021.450000,0.230600,0.507046,2026-08-26,846.000000,1.537776,0.794967,79045.540000,79019.350000
29795399,2026-08-26T05:59,79079.240000,-0.080600,0.589935,2026-08-26,775.000000,1.281314,0.585247,79080.250000,79021.440000
29795400,2026-08-26T06:00,79115.920000,-0.309100,0.164390,2026-08-26,895.000000,4.558366,0.735743,79138.900000,79063.430000
29795401,2026-08-26T06:01,79088.420000,0.656800,0.474886,2026-08-26,821.000000,4.215949,0.190832,79149.990000,79049.520000
29795402,2026-08-26T06:02,79049.510000,0.476200,-0.622412,2026-08-26,874.000000,3.243367,0.113156,79097.010000,79017.840000
29795403,2026-08-26T06:03,79032.520000,0.344500,-0.773729,2026-08-26,685.000000,2.520257,0.399856,79060.820000,79017.840000
29795404,2026-08-26T06:04,79092.990000,0.132200,-0.200288,2026-08-26,672.000000,2.781236,0.767415,79100.000000,79030.020000
29795405,2026-08-26T06:05,79175.760000,0.003300,0.564789,2026-08-26,850.000000,5.638471,0.231960,79176.030000,79092.990000
29795406,2026-08-26T06:06,79173.670000,-0.075700,-0.593543,2026-08-26,827.000000,3.421179,0.612347,79195.650000,79159.920000
29795407,2026-08-26T06:07,79192.260000,0.612900,0.241460,2026-08-26,345.000000,1.257947,0.674613,79198.020000,79171.150000
29795408,2026-08-26T06:08,79192.260000,0.612900,0.349570,2026-08-26,,,,,
29795409,2026-08-26T06:09,79192.260000,0.612900,0.000000,2026-08-26,,,,,
29795410,2026-08-26T06:10,79192.260000,0.612900,0.000000,2026-08-26,,,,,
29795411,2026-08-26T06:11,79192.260000,0.612900,0.000000,2026-08-26,,,,,
29795412,2026-08-26T06:12,79192.260000,0.612900,0.000000,2026-08-26,,,,,
29795413,2026-08-26T06:13,79192.260000,0.612900,0.000000,2026-08-26,,,,,
29795414,2026-08-26T06:14,79192.260000,0.612900,0.000000,2026-08-26,,,,,
29795415,2026-08-26T06:15,79192.260000,0.612900,0.000000,2026-08-26,,,,,
29795416,2026-08-26T06:16,79192.260000,0.612900,0.000000,2026-08-26,,,,,
29795417,2026-08-26T06:17,79192.260000,0.612900,0.000000,2026-08-26,,,,,
29795418,2026-08-26T06:18,79192.260000,0.612900,0.000000,2026-08-26,,,,,
29795419,2026-08-26T06:19,79192.260000,0.612900,0.000000,2026-08-26,,,,,
29795420,2026-08-26T06:20,79192.260000,0.612900,0.000000,2026-08-26,,,,,
29795421,2026-08-26T06:21,79192.260000,0.612900,0.000000,2026-08-26,,,,,
29795422,2026-08-26T06:22,79192.260000,0.612900,0.000000,2026-08-26,,,,,
29795423,2026-08-26T06:23,79192.260000,0.612900,0.000000,2026-08-26,,,,,
29795424,2026-08-26T06:24,79192.260000,0.419700,0.000000,2026-08-26,,,,,
29795425,2026-08-26T06:25,79192.260000,0.419700,0.000000,2026-08-26,,,,,
29795426,2026-08-26T06:26,79192.260000,0.419700,0.000000,2026-08-26,,,,,
29795427,2026-08-26T06:27,79192.260000,0.419700,0.000000,2026-08-26,,,,,
29795428,2026-08-26T06:28,79192.260000,0.419700,0.000000,2026-08-26,,,,,
29795429,2026-08-26T06:29,79192.260000,0.419700,0.000000,2026-08-26,,,,,
29795430,2026-08-26T06:30,79192.260000,0.419700,0.000000,2026-08-26,,,,,
29795431,2026-08-26T06:31,79192.260000,0.419700,0.000000,2026-08-26,,,,,
29795432,2026-08-26T06:32,79192.260000,0.419700,0.000000,2026-08-26,,,,,
29795433,2026-08-26T06:33,79192.260000,0.419700,0.000000,2026-08-26,,,,,
29795434,2026-08-26T06:34,79192.260000,0.419700,0.000000,2026-08-26,,,,,
29795435,2026-08-26T06:35,79192.260000,0.419700,0.000000,2026-08-26,,,,,
29795436,2026-08-26T06:36,79192.260000,0.419700,0.000000,2026-08-26,,,,,
29795437,2026-08-26T06:37,79192.260000,0.419700,0.000000,2026-08-26,,,,,
29795438,2026-08-26T06:38,79192.260000,0.419700,0.000000,2026-08-26,,,,,
29795439,2026-08-26T06:39,79192.260000,0.419700,0.000000,2026-08-26,,,,,
29795440,2026-08-26T06:40,79192.260000,0.419700,0.000000,2026-08-26,,,,,
29795441,2026-08-26T06:41,79192.260000,0.419700,0.000000,2026-08-26,,,,,
29795442,2026-08-26T06:42,78935.920000,-0.116300,0.000000,2026-08-26,26.000000,0.000000,0.615385,78935.920000,78935.910000
29795443,2026-08-26T06:43,78935.920000,-0.116300,0.230769,2026-08-26,,,,,
29795444,2026-08-26T06:44,78935.920000,-0.116300,0.000000,2026-08-26,,,,,
29795445,2026-08-26T06:45,78935.920000,-0.116300,0.000000,2026-08-26,,,,,
29795446,2026-08-26T06:46,78935.920000,-0.116300,0.000000,2026-08-26,,,,,
29795447,2026-08-26T06:47,78935.920000,-0.116300,0.000000,2026-08-26,,,,,
29795448,2026-08-26T06:48,78935.920000,-0.116300,0.000000,2026-08-26,,,,,
29795449,2026-08-26T06:49,78935.920000,-0.116300,0.000000,2026-08-26,,,,,
29795450,2026-08-26T06:50,78935.920000,-0.116300,0.000000,2026-08-26,,,,,
29795451,2026-08-26T06:51,78935.920000,-0.116300,0.000000,2026-08-26,,,,,
29795452,2026-08-26T06:52,78935.920000,-0.116300,0.000000,2026-08-26,,,,,
29795453,2026-08-26T06:53,78935.920000,-0.116300,0.000000,2026-08-26,,,,,
29795454,2026-08-26T06:54,78935.920000,-0.116300,0.000000,2026-08-26,,,,,
29795455,2026-08-26T06:55,78935.920000,-0.116300,0.000000,2026-08-26,,,,,
29795456,2026-08-26T06:56,78935.920000,-0.116300,0.000000,2026-08-26,,,,,
29795457,2026-08-26T06:57,78935.920000,-0.116300,0.000000,2026-08-26,,,,,
29795458,2026-08-26T06:58,78935.920000,-0.116300,0.000000,2026-08-26,,,,,
29795459,2026-08-26T06:59,78935.920000,-0.116300,0.000000,2026-08-26,,,,,
29795460,2026-08-26T07:00,78935.920000,-0.116300,0.000000,2026-08-26,,,,,
29795461,2026-08-26T07:01,78935.920000,-0.116300,0.000000,2026-08-26,,,,,
29795462,2026-08-26T07:02,78943.670000,0.074900,0.000000,2026-08-26,204.000000,0.088751,0.531040,78946.520000,78935.660000
29795463,2026-08-26T07:03,78927.880000,-0.530000,-0.913617,2026-08-26,215.000000,1.177700,0.137499,78943.670000,78924.110000
29795464,2026-08-26T07:04,78927.880000,-0.530000,0.999860,2026-08-26,,,,,
29795465,2026-08-26T07:05,78927.880000,-0.530000,0.000000,2026-08-26,,,,,
29795466,2026-08-26T07:06,78927.880000,-0.530000,0.000000,2026-08-26,,,,,
29795467,2026-08-26T07:07,78927.880000,-0.530000,0.000000,2026-08-26,,,,,
29795468,2026-08-26T07:08,78927.880000,-0.530000,0.000000,2026-08-26,,,,,
29795469,2026-08-26T07:09,78927.880000,-0.530000,0.000000,2026-08-26,,,,,
29795470,2026-08-26T07:10,78927.880000,-0.530000,0.000000,2026-08-26,,,,,
29795471,2026-08-26T07:11,78927.880000,-0.530000,0.000000,2026-08-26,,,,,
29795472,2026-08-26T07:12,78927.880000,-0.530000,0.000000,2026-08-26,,,,,
29795473,2026-08-26T07:13,78927.880000,-0.530000,0.000000,2026-08-26,,,,,
29795474,2026-08-26T07:14,78927.880000,-0.530000,0.000000,2026-08-26,,,,,
29795475,2026-08-26T07:15,78927.880000,-0.530000,0.000000,2026-08-26,,,,,
29795476,2026-08-26T07:16,78927.880000,-0.530000,0.000000,2026-08-26,,,,,
29795477,2026-08-26T07:17,78927.880000,-0.530000,0.000000,2026-08-26,,,,,
29795478,2026-08-26T07:18,78927.880000,-0.397800,0.000000,2026-08-26,,,,,
29795479,2026-08-26T07:19,78927.880000,-0.397800,0.000000,2026-08-26,,,,,
29795480,2026-08-26T07:20,78927.880000,-0.397800,0.000000,2026-08-26,,,,,
29795481,2026-08-26T07:21,78927.880000,-0.397800,0.000000,2026-08-26,,,,,
29795482,2026-08-26T07:22,78927.880000,-0.397800,0.000000,2026-08-26,,,,,
29795483,2026-08-26T07:23,78927.880000,-0.397800,0.000000,2026-08-26,,,,,
29795484,2026-08-26T07:24,78927.880000,-0.397800,0.000000,2026-08-26,,,,,
29795485,2026-08-26T07:25,78927.880000,-0.397800,0.000000,2026-08-26,,,,,
29795486,2026-08-26T07:26,78927.880000,-0.397800,0.000000,2026-08-26,,,,,
29795487,2026-08-26T07:27,78927.880000,-0.397800,0.000000,2026-08-26,,,,,
29795488,2026-08-26T07:28,78927.880000,-0.397800,0.000000,2026-08-26,,,,,
29795489,2026-08-26T07:29,78927.880000,-0.397800,0.000000,2026-08-26,,,,,
29795490,2026-08-26T07:30,78927.880000,-0.397800,0.000000,2026-08-26,,,,,
29795491,2026-08-26T07:31,78927.880000,-0.397800,0.000000,2026-08-26,,,,,
29795492,2026-08-26T07:32,78927.880000,-0.397800,0.000000,2026-08-26,,,,,
29795493,2026-08-26T07:33,78927.880000,-0.397800,0.000000,2026-08-26,,,,,
29795494,2026-08-26T07:34,78927.880000,-0.397800,0.000000,2026-08-26,,,,,
29795495,2026-08-26T07:35,78927.880000,-0.397800,0.000000,2026-08-26,,,,,
29795496,2026-08-26T07:36,78927.880000,-0.397800,0.000000,2026-08-26,,,,,
29795497,2026-08-26T07:37,78927.880000,-0.397800,0.000000,2026-08-26,,,,,
29795498,2026-08-26T07:38,78927.880000,-0.397800,0.000000,2026-08-26,,,,,
29795499,2026-08-26T07:39,78927.880000,-0.397800,0.000000,2026-08-26,,,,,
29795500,2026-08-26T07:40,78927.880000,-0.397800,0.000000,2026-08-26,,,,,
29795501,2026-08-26T07:41,78927.880000,-0.397800,0.000000,2026-08-26,,,,,
29795502,2026-08-26T07:42,78927.880000,-0.397800,0.000000,2026-08-26,,,,,
29795503,2026-08-26T07:43,78927.880000,-0.397800,0.000000,2026-08-26,,,,,
29795504,2026-08-26T07:44,78927.880000,-0.397800,0.000000,2026-08-26,,,,,
29795505,2026-08-26T07:45,78927.880000,-0.397800,0.000000,2026-08-26,,,,,
29795506,2026-08-26T07:46,78927.880000,-0.397800,0.000000,2026-08-26,,,,,
29795507,2026-08-26T07:47,78927.880000,-0.397800,0.000000,2026-08-26,,,,,
29795508,2026-08-26T07:48,78927.880000,-0.397800,0.000000,2026-08-26,,,,,
29795509,2026-08-26T07:49,78927.880000,-0.397800,0.000000,2026-08-26,,,,,
29795510,2026-08-26T07:50,78927.880000,-0.397800,0.000000,2026-08-26,,,,,
29795511,2026-08-26T07:51,78927.880000,-0.397800,0.000000,2026-08-26,,,,,
29795512,2026-08-26T07:52,79009.010000,0.202700,0.000000,2026-08-26,47.000000,0.000583,0.000686,79009.010000,79009.000000
29795513,2026-08-26T07:53,79009.010000,0.202700,-0.998627,2026-08-26,,,,,
29795514,2026-08-26T07:54,79009.010000,0.202700,0.000000,2026-08-26,,,,,
29795515,2026-08-26T07:55,79009.010000,0.202700,0.000000,2026-08-26,,,,,
29795516,2026-08-26T07:56,79009.010000,0.202700,0.000000,2026-08-26,,,,,
29795517,2026-08-26T07:57,79009.010000,0.202700,0.000000,2026-08-26,,,,,
29795518,2026-08-26T07:58,79009.010000,0.202700,0.000000,2026-08-26,,,,,
29795519,2026-08-26T07:59,79009.010000,0.202700,0.000000,2026-08-26,,,,,
29795520,2026-08-26T08:00,79009.010000,0.202700,0.000000,2026-08-26,,,,,
29795521,2026-08-26T08:01,79009.010000,0.202700,0.000000,2026-08-26,,,,,
29795522,2026-08-26T08:02,79009.010000,0.202700,0.000000,2026-08-26,,,,,
29795523,2026-08-26T08:03,79009.010000,0.202700,0.000000,2026-08-26,,,,,
29795524,2026-08-26T08:04,79009.010000,0.202700,0.000000,2026-08-26,,,,,
29795525,2026-08-26T08:05,79009.010000,0.202700,0.000000,2026-08-26,,,,,
29795526,2026-08-26T08:06,79009.010000,0.202700,0.000000,2026-08-26,,,,,
29795527,2026-08-26T08:07,79009.010000,0.202700,0.000000,2026-08-26,,,,,
29795528,2026-08-26T08:08,79009.010000,0.202700,0.000000,2026-08-26,,,,,
29795529,2026-08-26T08:09,79009.010000,0.202700,0.000000,2026-08-26,,,,,
29795530,2026-08-26T08:10,79009.010000,0.202700,0.000000,2026-08-26,,,,,
29795531,2026-08-26T08:11,79009.010000,0.202700,0.000000,2026-08-26,,,,,
29795532,2026-08-26T08:12,79009.010000,0.202700,0.000000,2026-08-26,,,,,
29795533,2026-08-26T08:13,79009.010000,0.202700,0.000000,2026-08-26,,,,,
29795534,2026-08-26T08:14,79009.010000,0.202700,0.000000,2026-08-26,,,,,
29795535,2026-08-26T08:15,79009.010000,0.202700,0.000000,2026-08-26,,,,,
29795536,2026-08-26T08:16,79009.010000,0.202700,0.000000,2026-08-26,,,,,
29795537,2026-08-26T08:17,79049.520000,-0.596900,0.000000,2026-08-26,62.000000,0.035253,0.000013,79056.650000,79049.520000
29795538,2026-08-26T08:18,79049.520000,-0.596900,-0.999974,2026-08-26,,,,,
29795539,2026-08-26T08:19,79049.520000,-0.557800,0.000000,2026-08-26,,,,,
29795540,2026-08-26T08:20,79049.520000,-0.557800,0.000000,2026-08-26,,,,,
29795541,2026-08-26T08:21,79049.520000,-0.557800,0.000000,2026-08-26,,,,,
29795542,2026-08-26T08:22,79049.520000,-0.557800,0.000000,2026-08-26,,,,,
29795543,2026-08-26T08:23,79049.520000,-0.557800,0.000000,2026-08-26,,,,,
29795544,2026-08-26T08:24,79049.520000,-0.557800,0.000000,2026-08-26,,,,,
29795545,2026-08-26T08:25,79049.520000,-0.557800,0.000000,2026-08-26,,,,,
29795546,2026-08-26T08:26,79049.520000,-0.557800,0.000000,2026-08-26,,,,,
29795547,2026-08-26T08:27,79049.520000,-0.557800,0.000000,2026-08-26,,,,,
29795548,2026-08-26T08:28,79049.520000,-0.557800,0.000000,2026-08-26,,,,,
29795549,2026-08-26T08:29,79049.520000,-0.557800,0.000000,2026-08-26,,,,,
29795550,2026-08-26T08:30,79049.520000,-0.557800,0.000000,2026-08-26,,,,,
29795551,2026-08-26T08:31,79049.520000,-0.557800,0.000000,2026-08-26,,,,,
29795552,2026-08-26T08:32,79049.520000,-0.557800,0.000000,2026-08-26,,,,,
29795553,2026-08-26T08:33,79049.520000,-0.557800,0.000000,2026-08-26,,,,,
29795554,2026-08-26T08:34,79049.520000,-0.557800,0.000000,2026-08-26,,,,,
29795555,2026-08-26T08:35,79049.520000,-0.557800,0.000000,2026-08-26,,,,,
29795556,2026-08-26T08:36,79049.520000,-0.557800,0.000000,2026-08-26,,,,,
29795557,2026-08-26T08:37,79049.520000,-0.557800,0.000000,2026-08-26,,,,,
29795558,2026-08-26T08:38,79049.520000,-0.557800,0.000000,2026-08-26,,,,,
29795559,2026-08-26T08:39,79049.520000,-0.557800,0.000000,2026-08-26,,,,,
29795560,2026-08-26T08:40,79049.520000,-0.557800,0.000000,2026-08-26,,,,,
29795561,2026-08-26T08:41,79049.520000,-0.557800,0.000000,2026-08-26,,,,,
29795562,2026-08-26T08:42,79049.520000,-0.557800,0.000000,2026-08-26,,,,,
29795563,2026-08-26T08:43,79049.520000,-0.557800,0.000000,2026-08-26,,,,,
29795564,2026-08-26T08:44,79049.520000,-0.557800,0.000000,2026-08-26,,,,,
29795565,2026-08-26T08:45,79049.520000,-0.557800,0.000000,2026-08-26,,,,,
29795566,2026-08-26T08:46,79049.520000,-0.557800,0.000000,2026-08-26,,,,,
29795567,2026-08-26T08:47,79049.520000,-0.557800,0.000000,2026-08-26,,,,,
29795568,2026-08-26T08:48,79049.520000,-0.557800,0.000000,2026-08-26,,,,,
29795569,2026-08-26T08:49,79049.520000,-0.557800,0.000000,2026-08-26,,,,,
29795570,2026-08-26T08:50,79049.520000,-0.557800,0.000000,2026-08-26,,,,,
29795571,2026-08-26T08:51,79049.520000,-0.557800,0.000000,2026-08-26,,,,,
29795572,2026-08-26T08:52,79049.520000,-0.557800,0.000000,2026-08-26,,,,,
29795573,2026-08-26T08:53,79049.520000,-0.557800,0.000000,2026-08-26,,,,,
29795574,2026-08-26T08:54,79049.520000,-0.557800,0.000000,2026-08-26,,,,,
29795575,2026-08-26T08:55,78669.510000,-0.167500,0.000000,2026-08-26,28.000000,0.004350,0.259913,78677.280000,78663.620000
29795576,2026-08-26T08:56,78669.510000,-0.167500,-0.480174,2026-08-26,,,,,
29795577,2026-08-26T08:57,78669.510000,-0.167500,0.000000,2026-08-26,,,,,
29795578,2026-08-26T08:58,78669.510000,-0.167500,0.000000,2026-08-26,,,,,
29795579,2026-08-26T08:59,78669.510000,-0.167500,0.000000,2026-08-26,,,,,
29795580,2026-08-26T09:00,78669.510000,-0.167500,0.000000,2026-08-26,,,,,
29795581,2026-08-26T09:01,78669.510000,-0.167500,0.000000,2026-08-26,,,,,
29795582,2026-08-26T09:02,78669.510000,-0.167500,0.000000,2026-08-26,,,,,
29795583,2026-08-26T09:03,78669.510000,-0.167500,0.000000,2026-08-26,,,,,
29795584,2026-08-26T09:04,78669.510000,-0.167500,0.000000,2026-08-26,,,,,
29795585,2026-08-26T09:05,78669.510000,-0.167500,0.000000,2026-08-26,,,,,
29795586,2026-08-26T09:06,78669.510000,-0.167500,0.000000,2026-08-26,,,,,
29795587,2026-08-26T09:07,78669.510000,-0.167500,0.000000,2026-08-26,,,,,
29795588,2026-08-26T09:08,78669.510000,-0.167500,0.000000,2026-08-26,,,,,
29795589,2026-08-26T09:09,78669.510000,-0.167500,0.000000,2026-08-26,,,,,
29795590,2026-08-26T09:10,78669.510000,-0.167500,0.000000,2026-08-26,,,,,
29795591,2026-08-26T09:11,78669.510000,-0.167500,0.000000,2026-08-26,,,,,
29795592,2026-08-26T09:12,78669.510000,-0.167500,0.000000,2026-08-26,,,,,
29795593,2026-08-26T09:13,78669.510000,-0.167500,0.000000,2026-08-26,,,,,
29795594,2026-08-26T09:14,78669.510000,-0.167500,0.000000,2026-08-26,,,,,
29795595,2026-08-26T09:15,78669.510000,-0.167500,0.000000,2026-08-26,,,,,
29795596,2026-08-26T09:16,78669.510000,-0.167500,0.000000,2026-08-26,,,,,
29795597,2026-08-26T09:17,78669.510000,-0.167500,0.000000,2026-08-26,,,,,
29795598,2026-08-26T09:18,78669.510000,-0.167500,0.000000,2026-08-26,,,,,
29795599,2026-08-26T09:19,78669.510000,-0.167500,0.000000,2026-08-26,,,,,
29795600,2026-08-26T09:20,78669.510000,-0.167500,0.000000,2026-08-26,,,,,
29795601,2026-08-26T09:21,78669.510000,-0.167500,0.000000,2026-08-26,,,,,
29795602,2026-08-26T09:22,78669.510000,-0.167500,0.000000,2026-08-26,,,,,
29795603,2026-08-26T09:23,78669.510000,-0.167500,0.000000,2026-08-26,,,,,
29795604,2026-08-26T09:24,78669.510000,-0.167500,0.000000,2026-08-26,,,,,
29795605,2026-08-26T09:25,78669.510000,-0.167500,0.000000,2026-08-26,,,,,
29795606,2026-08-26T09:26,78669.510000,-0.167500,0.000000,2026-08-26,,,,,
29795607,2026-08-26T09:27,78669.510000,-0.167500,0.000000,2026-08-26,,,,,
29795608,2026-08-26T09:28,78669.510000,-0.167500,0.000000,2026-08-26,,,,,
29795609,2026-08-26T09:29,78669.510000,-0.167500,0.000000,2026-08-26,,,,,
29795610,2026-08-26T09:30,78669.510000,-0.167500,0.000000,2026-08-26,,,,,
29795611,2026-08-26T09:31,78669.510000,-0.167500,0.000000,2026-08-26,,,,,
29795612,2026-08-26T09:32,78669.510000,-0.167500,0.000000,2026-08-26,,,,,
29795613,2026-08-26T09:33,78669.510000,-0.167500,0.000000,2026-08-26,,,,,
29795614,2026-08-26T09:34,78669.510000,-0.167500,0.000000,2026-08-26,,,,,
29795615,2026-08-26T09:35,78669.510000,-0.167500,0.000000,2026-08-26,,,,,
29795616,2026-08-26T09:36,78669.510000,-0.167500,0.000000,2026-08-26,,,,,
29795617,2026-08-26T09:37,78669.510000,-0.167500,0.000000,2026-08-26,,,,,
29795618,2026-08-26T09:38,78669.510000,-0.167500,0.000000,2026-08-26,,,,,
29795619,2026-08-26T09:39,78669.510000,-0.167500,0.000000,2026-08-26,,,,,
29795620,2026-08-26T09:40,78669.510000,-0.167500,0.000000,2026-08-26,,,,,
29795621,2026-08-26T09:41,78669.510000,-0.167500,0.000000,2026-08-26,,,,,
29795622,2026-08-26T09:42,78669.510000,-0.167500,0.000000,2026-08-26,,,,,
29795623,2026-08-26T09:43,78669.510000,-0.167500,0.000000,2026-08-26,,,,,
29795624,2026-08-26T09:44,78669.510000,-0.167500,0.000000,2026-08-26,,,,,
29795625,2026-08-26T09:45,78669.510000,-0.167500,0.000000,2026-08-26,,,,,
29795626,2026-08-26T09:46,78669.510000,-0.167500,0.000000,2026-08-26,,,,,
29795627,2026-08-26T09:47,78669.510000,-0.167500,0.000000,2026-08-26,,,,,
29795628,2026-08-26T09:48,78669.510000,-0.167500,0.000000,2026-08-26,,,,,
29795629,2026-08-26T09:49,78669.510000,-0.167500,0.000000,2026-08-26,,,,,
29795630,2026-08-26T09:50,78669.510000,-0.167500,0.000000,2026-08-26,,,,,
29795631,2026-08-26T09:51,78669.510000,-0.167500,0.000000,2026-08-26,,,,,
29795632,2026-08-26T09:52,78454.620000,-0.164500,0.000000,2026-08-26,27.000000,0.003576,0.938249,78454.630000,78454.620000
29795633,2026-08-26T09:53,78454.620000,-0.164500,0.876498,2026-08-26,,,,,
29795634,2026-08-26T09:54,78454.620000,-0.164500,0.000000,2026-08-26,,,,,
29795635,2026-08-26T09:55,78454.620000,-0.164500,0.000000,2026-08-26,,,,,
29795636,2026-08-26T09:56,78454.620000,-0.164500,0.000000,2026-08-26,,,,,
29795637,2026-08-26T09:57,78454.620000,-0.164500,0.000000,2026-08-26,,,,,
29795638,2026-08-26T09:58,78454.620000,-0.164500,0.000000,2026-08-26,,,,,
29795639,2026-08-26T09:59,78454.620000,-0.164500,0.000000,2026-08-26,,,,,
29795640,2026-08-26T10:00,78454.620000,-0.164500,0.000000,2026-08-26,,,,,
29795641,2026-08-26T10:01,78465.880000,0.331000,0.000000,2026-08-26,,,,,
29795642,2026-08-26T10:02,78465.880000,0.331000,0.000000,2026-08-26,,,,,
29795643,2026-08-26T10:03,78465.880000,0.331000,0.000000,2026-08-26,,,,,
29795644,2026-08-26T10:04,78465.880000,0.331000,0.000000,2026-08-26,,,,,
29795645,2026-08-26T10:05,78465.880000,0.331000,0.000000,2026-08-26,,,,,
29795646,2026-08-26T10:06,78465.880000,0.331000,0.000000,2026-08-26,,,,,
29795647,2026-08-26T10:07,78465.880000,0.331000,0.000000,2026-08-26,,,,,
29795648,2026-08-26T10:08,78465.880000,0.331000,0.000000,2026-08-26,,,,,
29795649,2026-08-26T10:09,78465.880000,0.331000,0.000000,2026-08-26,,,,,
29795650,2026-08-26T10:10,78465.880000,0.331000,0.000000,2026-08-26,,,,,
29795651,2026-08-26T10:11,78465.880000,0.331000,0.000000,2026-08-26,,,,,
29795652,2026-08-26T10:12,78465.880000,0.331000,0.000000,2026-08-26,,,,,
29795653,2026-08-26T10:13,78465.880000,0.331000,0.000000,2026-08-26,,,,,
29795654,2026-08-26T10:14,78465.880000,0.331000,0.000000,2026-08-26,,,,,
29795655,2026-08-26T10:15,78465.880000,0.331000,0.000000,2026-08-26,,,,,
29795656,2026-08-26T10:16,78465.880000,0.331000,0.000000,2026-08-26,,,,,
29795657,2026-08-26T10:17,78465.880000,0.331000,0.000000,2026-08-26,,,,,
29795658,2026-08-26T10:18,78465.880000,0.331000,0.000000,2026-08-26,,,,,
29795659,2026-08-26T10:19,78465.880000,0.331000,0.000000,2026-08-26,,,,,
29795660,2026-08-26T10:20,78465.880000,0.331000,0.000000,2026-08-26,,,,,
29795661,2026-08-26T10:21,78465.880000,0.331000,0.000000,2026-08-26,,,,,
29795662,2026-08-26T10:22,78465.880000,0.331000,0.000000,2026-08-26,,,,,
29795663,2026-08-26T10:23,78465.880000,0.331000,0.000000,2026-08-26,,,,,
29795664,2026-08-26T10:24,78465.880000,0.331000,0.000000,2026-08-26,,,,,
29795665,2026-08-26T10:25,78465.880000,0.331000,0.000000,2026-08-26,,,,,
29795666,2026-08-26T10:26,78465.880000,0.331000,0.000000,2026-08-26,,,,,
29795667,2026-08-26T10:27,78465.880000,0.331000,0.000000,2026-08-26,,,,,
29795668,2026-08-26T10:28,78465.880000,0.331000,0.000000,2026-08-26,,,,,
29795669,2026-08-26T10:29,78465.880000,0.331000,0.000000,2026-08-26,,,,,
29795670,2026-08-26T10:30,78465.880000,0.331000,0.000000,2026-08-26,,,,,
29795671,2026-08-26T10:31,78465.880000,0.331000,0.000000,2026-08-26,,,,,
29795672,2026-08-26T10:32,78465.880000,0.331000,0.000000,2026-08-26,,,,,
29795673,2026-08-26T10:33,78465.880000,0.331000,0.000000,2026-08-26,,,,,
29795674,2026-08-26T10:34,78465.880000,0.331000,0.000000,2026-08-26,,,,,
29795675,2026-08-26T10:35,78465.880000,0.331000,0.000000,2026-08-26,,,,,
29795676,2026-08-26T10:36,78635.540000,0.282700,0.000000,2026-08-26,357.000000,2.840099,0.086091,78674.910000,78635.530000
29795677,2026-08-26T10:37,78636.850000,0.389200,-0.827826,2026-08-26,92.000000,1.102361,0.974704,78636.840000,78627.300000
29795678,2026-08-26T10:38,78636.850000,0.389200,0.949657,2026-08-26,,,,,
29795679,2026-08-26T10:39,78636.850000,0.389200,0.000000,2026-08-26,,,,,
29795680,2026-08-26T10:40,78636.850000,0.389200,0.000000,2026-08-26,,,,,
29795681,2026-08-26T10:41,78636.850000,0.389200,0.000000,2026-08-26,,,,,
29795682,2026-08-26T10:42,78636.850000,0.389200,0.000000,2026-08-26,,,,,
29795683,2026-08-26T10:43,78636.850000,0.389200,0.000000,2026-08-26,,,,,
29795684,2026-08-26T10:44,78636.850000,0.389200,0.000000,2026-08-26,,,,,
29795685,2026-08-26T10:45,78636.850000,0.389200,0.000000,2026-08-26,,,,,
29795686,2026-08-26T10:46,78636.850000,0.389200,0.000000,2026-08-26,,,,,
29795687,2026-08-26T10:47,78636.850000,0.389200,0.000000,2026-08-26,,,,,
29795688,2026-08-26T10:48,78636.850000,0.389200,0.000000,2026-08-26,,,,,
29795689,2026-08-26T10:49,78636.850000,0.389200,0.000000,2026-08-26,,,,,
29795690,2026-08-26T10:50,78636.850000,0.389200,0.000000,2026-08-26,,,,,
29795691,2026-08-26T10:51,78636.850000,0.389200,0.000000,2026-08-26,,,,,
29795692,2026-08-26T10:52,78636.850000,0.389200,0.000000,2026-08-26,,,,,
29795693,2026-08-26T10:53,78636.850000,0.389200,0.000000,2026-08-26,,,,,
29795694,2026-08-26T10:54,78636.850000,0.389200,0.000000,2026-08-26,,,,,
29795695,2026-08-26T10:55,78636.850000,0.389200,0.000000,2026-08-26,,,,,
29795696,2026-08-26T10:56,78636.850000,0.389200,0.000000,2026-08-26,,,,,
29795697,2026-08-26T10:57,78636.850000,0.389200,0.000000,2026-08-26,,,,,
29795698,2026-08-26T10:58,78636.850000,0.389200,0.000000,2026-08-26,,,,,
29795699,2026-08-26T10:59,78636.850000,0.389200,0.000000,2026-08-26,,,,,
29795700,2026-08-26T11:00,78636.850000,0.389200,0.000000,2026-08-26,,,,,
29795701,2026-08-26T11:01,78636.850000,0.389200,0.000000,2026-08-26,,,,,
29795702,2026-08-26T11:02,78751.820000,0.823400,0.000000,2026-08-26,16.000000,0.126166,0.017169,78751.820000,78751.810000
29795703,2026-08-26T11:03,78751.820000,0.823400,-0.965663,2026-08-26,,,,,
29795704,2026-08-26T11:04,78751.820000,0.823400,0.000000,2026-08-26,,,,,
29795705,2026-08-26T11:05,78751.820000,0.823400,0.000000,2026-08-26,,,,,
29795706,2026-08-26T11:06,78751.820000,0.823400,0.000000,2026-08-26,,,,,
29795707,2026-08-26T11:07,78751.820000,0.823400,0.000000,2026-08-26,,,,,
29795708,2026-08-26T11:08,78751.820000,0.823400,0.000000,2026-08-26,,,,,
29795709,2026-08-26T11:09,78751.820000,0.823400,0.000000,2026-08-26,,,,,
29795710,2026-08-26T11:10,78751.820000,0.823400,0.000000,2026-08-26,,,,,
29795711,2026-08-26T11:11,78751.820000,0.823400,0.000000,2026-08-26,,,,,
29795712,2026-08-26T11:12,78751.820000,0.823400,0.000000,2026-08-26,,,,,
29795713,2026-08-26T11:13,78751.820000,0.823400,0.000000,2026-08-26,,,,,
29795714,2026-08-26T11:14,78751.820000,0.823400,0.000000,2026-08-26,,,,,
29795715,2026-08-26T11:15,78751.820000,0.823400,0.000000,2026-08-26,,,,,
29795716,2026-08-26T11:16,78751.820000,0.823400,0.000000,2026-08-26,,,,,
29795717,2026-08-26T11:17,78751.820000,-0.032900,0.000000,2026-08-26,,,,,
29795718,2026-08-26T11:18,78751.820000,-0.032900,0.000000,2026-08-26,,,,,
29795719,2026-08-26T11:19,78751.820000,-0.032900,0.000000,2026-08-26,,,,,
29795720,2026-08-26T11:20,78751.820000,-0.032900,0.000000,2026-08-26,,,,,
29795721,2026-08-26T11:21,78751.820000,-0.032900,0.000000,2026-08-26,,,,,
29795722,2026-08-26T11:22,78751.820000,-0.032900,0.000000,2026-08-26,,,,,
29795723,2026-08-26T11:23,78751.820000,-0.032900,0.000000,2026-08-26,,,,,
29795724,2026-08-26T11:24,78751.820000,-0.032900,0.000000,2026-08-26,,,,,
29795725,2026-08-26T11:25,78751.820000,-0.032900,0.000000,2026-08-26,,,,,
29795726,2026-08-26T11:26,78751.820000,-0.032900,0.000000,2026-08-26,,,,,
29795727,2026-08-26T11:27,78751.820000,-0.032900,0.000000,2026-08-26,,,,,
29795728,2026-08-26T11:28,78751.820000,-0.032900,0.000000,2026-08-26,,,,,
29795729,2026-08-26T11:29,78751.820000,-0.032900,0.000000,2026-08-26,,,,,
29795730,2026-08-26T11:30,78751.820000,-0.032900,0.000000,2026-08-26,,,,,
29795731,2026-08-26T11:31,78751.820000,-0.032900,0.000000,2026-08-26,,,,,
29795732,2026-08-26T11:32,78751.820000,-0.032900,0.000000,2026-08-26,,,,,
29795733,2026-08-26T11:33,78751.820000,-0.032900,0.000000,2026-08-26,,,,,
29795734,2026-08-26T11:34,78751.820000,-0.032900,0.000000,2026-08-26,,,,,
29795735,2026-08-26T11:35,78751.820000,-0.032900,0.000000,2026-08-26,,,,,
29795736,2026-08-26T11:36,78751.820000,-0.032900,0.000000,2026-08-26,,,,,
29795737,2026-08-26T11:37,78751.820000,-0.032900,0.000000,2026-08-26,,,,,
29795738,2026-08-26T11:38,78751.820000,-0.032900,0.000000,2026-08-26,,,,,
29795739,2026-08-26T11:39,78751.820000,-0.032900,0.000000,2026-08-26,,,,,
29795740,2026-08-26T11:40,78751.820000,-0.032900,0.000000,2026-08-26,,,,,
29795741,2026-08-26T11:41,78751.820000,-0.032900,0.000000,2026-08-26,,,,,
29795742,2026-08-26T11:42,78751.820000,-0.032900,0.000000,2026-08-26,,,,,
29795743,2026-08-26T11:43,78751.820000,-0.032900,0.000000,2026-08-26,,,,,
29795744,2026-08-26T11:44,78751.820000,-0.032900,0.000000,2026-08-26,,,,,
29795745,2026-08-26T11:45,78751.820000,-0.032900,0.000000,2026-08-26,,,,,
29795746,2026-08-26T11:46,78751.820000,-0.032900,0.000000,2026-08-26,,,,,
29795747,2026-08-26T11:47,78751.820000,-0.032900,0.000000,2026-08-26,,,,,
29795748,2026-08-26T11:48,78751.820000,-0.032900,0.000000,2026-08-26,,,,,
29795749,2026-08-26T11:49,78751.820000,-0.032900,0.000000,2026-08-26,,,,,
29795750,2026-08-26T11:50,78751.820000,-0.032900,0.000000,2026-08-26,,,,,
29795751,2026-08-26T11:51,78751.820000,-0.032900,0.000000,2026-08-26,,,,,
29795752,2026-08-26T11:52,78751.820000,-0.032900,0.000000,2026-08-26,,,,,
29795753,2026-08-26T11:53,78751.820000,-0.032900,0.000000,2026-08-26,,,,,
29795754,2026-08-26T11:54,78751.820000,-0.032900,0.000000,2026-08-26,,,,,
29795755,2026-08-26T11:55,78751.820000,-0.032900,0.000000,2026-08-26,,,,,
29795756,2026-08-26T11:56,78751.820000,-0.032900,0.000000,2026-08-26,,,,,
29795757,2026-08-26T11:57,78751.820000,-0.032900,0.000000,2026-08-26,,,,,
29795758,2026-08-26T11:58,78751.820000,-0.032900,0.000000,2026-08-26,,,,,
29795759,2026-08-26T11:59,78751.820000,-0.032900,0.000000,2026-08-26,,,,,
29795760,2026-08-26T12:00,78751.820000,-0.032900,0.000000,2026-08-26,,,,,
29795761,2026-08-26T12:01,78751.820000,-0.032900,0.000000,2026-08-26,,,,,
29795762,2026-08-26T12:02,78751.820000,-0.032900,0.000000,2026-08-26,,,,,
29795763,2026-08-26T12:03,78492.490000,-0.254600,0.000000,2026-08-26,148.000000,0.148843,0.697822,78503.120000,78490.360000
29795764,2026-08-26T12:04,78492.490000,-0.254600,0.395644,2026-08-26,,,,,
29795765,2026-08-26T12:05,78492.490000,-0.254600,0.000000,2026-08-26,,,,,
29795766,2026-08-26T12:06,78492.490000,-0.254600,0.000000,2026-08-26,,,,,
29795767,2026-08-26T12:07,78492.490000,-0.254600,0.000000,2026-08-26,,,,,
29795768,2026-08-26T12:08,78492.490000,-0.254600,0.000000,2026-08-26,,,,,
29795769,2026-08-26T12:09,78492.490000,-0.254600,0.000000,2026-08-26,,,,,
29795770,2026-08-26T12:10,78492.490000,-0.254600,0.000000,2026-08-26,,,,,
29795771,2026-08-26T12:11,78492.490000,-0.254600,0.000000,2026-08-26,,,,,
29795772,2026-08-26T12:12,78492.490000,-0.254600,0.000000,2026-08-26,,,,,
29795773,2026-08-26T12:13,78492.490000,-0.254600,0.000000,2026-08-26,,,,,
29795774,2026-08-26T12:14,78492.490000,-0.254600,0.000000,2026-08-26,,,,,
29795775,2026-08-26T12:15,78492.490000,-0.254600,0.000000,2026-08-26,,,,,
29795776,2026-08-26T12:16,78492.490000,-0.254600,0.000000,2026-08-26,,,,,
29795777,2026-08-26T12:17,78492.490000,-0.254600,0.000000,2026-08-26,,,,,
29795778,2026-08-26T12:18,78492.490000,-0.254600,0.000000,2026-08-26,,,,,
29795779,2026-08-26T12:19,78386.880000,-0.008800,0.000000,2026-08-26,22.000000,0.001582,0.999880,78386.880000,78386.870000
29795780,2026-08-26T12:20,78386.880000,-0.008800,0.999760,2026-08-26,,,,,
29795781,2026-08-26T12:21,78386.880000,-0.008800,0.000000,2026-08-26,,,,,
29795782,2026-08-26T12:22,78386.880000,-0.008800,0.000000,2026-08-26,,,,,
29795783,2026-08-26T12:23,78386.880000,-0.008800,0.000000,2026-08-26,,,,,
29795784,2026-08-26T12:24,78386.880000,-0.008800,0.000000,2026-08-26,,,,,
29795785,2026-08-26T12:25,78386.880000,-0.008800,0.000000,2026-08-26,,,,,
29795786,2026-08-26T12:26,78386.880000,-0.008800,0.000000,2026-08-26,,,,,
29795787,2026-08-26T12:27,78386.880000,-0.008800,0.000000,2026-08-26,,,,,
29795788,2026-08-26T12:28,78386.880000,-0.008800,0.000000,2026-08-26,,,,,
29795789,2026-08-26T12:29,78386.880000,-0.008800,0.000000,2026-08-26,,,,,
29795790,2026-08-26T12:30,78386.880000,-0.008800,0.000000,2026-08-26,,,,,
29795791,2026-08-26T12:31,78386.880000,-0.008800,0.000000,2026-08-26,,,,,
29795792,2026-08-26T12:32,78386.880000,-0.008800,0.000000,2026-08-26,,,,,
29795793,2026-08-26T12:33,78386.880000,-0.008800,0.000000,2026-08-26,,,,,
29795794,2026-08-26T12:34,78386.880000,-0.008800,0.000000,2026-08-26,,,,,
29795795,2026-08-26T12:35,78386.880000,-0.008800,0.000000,2026-08-26,,,,,
29795796,2026-08-26T12:36,78386.880000,-0.008800,0.000000,2026-08-26,,,,,
29795797,2026-08-26T12:37,78386.880000,-0.008800,0.000000,2026-08-26,,,,,
29795798,2026-08-26T12:38,78386.880000,-0.008800,0.000000,2026-08-26,,,,,
29795799,2026-08-26T12:39,78386.880000,-0.008800,0.000000,2026-08-26,,,,,
29795800,2026-08-26T12:40,78386.880000,-0.008800,0.000000,2026-08-26,,,,,
29795801,2026-08-26T12:41,78386.880000,-0.008800,0.000000,2026-08-26,,,,,
29795802,2026-08-26T12:42,78386.880000,-0.008800,0.000000,2026-08-26,,,,,
29795803,2026-08-26T12:43,78386.880000,-0.008800,0.000000,2026-08-26,,,,,
29795804,2026-08-26T12:44,78386.880000,-0.008800,0.000000,2026-08-26,,,,,
29795805,2026-08-26T12:45,78386.880000,-0.008800,0.000000,2026-08-26,,,,,
29795806,2026-08-26T12:46,78386.880000,-0.008800,0.000000,2026-08-26,,,,,
29795807,2026-08-26T12:47,78386.880000,-0.008800,0.000000,2026-08-26,,,,,
29795808,2026-08-26T12:48,78386.880000,-0.008800,0.000000,2026-08-26,,,,,
29795809,2026-08-26T12:49,78386.880000,-0.008800,0.000000,2026-08-26,,,,,
29795810,2026-08-26T12:50,78386.880000,-0.008800,0.000000,2026-08-26,,,,,
29795811,2026-08-26T12:51,78386.880000,-0.008800,0.000000,2026-08-26,,,,,
29795812,2026-08-26T12:52,78386.880000,-0.008800,0.000000,2026-08-26,,,,,
29795813,2026-08-26T12:53,78386.880000,-0.008800,0.000000,2026-08-26,,,,,
29795814,2026-08-26T12:54,78386.880000,-0.008800,0.000000,2026-08-26,,,,,
29795815,2026-08-26T12:55,78386.880000,-0.008800,0.000000,2026-08-26,,,,,
29795816,2026-08-26T12:56,78386.880000,-0.008800,0.000000,2026-08-26,,,,,
29795817,2026-08-26T12:57,78386.880000,-0.008800,0.000000,2026-08-26,,,,,
29795818,2026-08-26T12:58,78386.880000,-0.008800,0.000000,2026-08-26,,,,,
29795819,2026-08-26T12:59,78386.880000,-0.008800,0.000000,2026-08-26,,,,,
29795820,2026-08-26T13:00,78386.880000,-0.008800,0.000000,2026-08-26,,,,,
29795821,2026-08-26T13:01,78386.880000,-0.008800,0.000000,2026-08-26,,,,,
29795822,2026-08-26T13:02,78386.880000,-0.008800,0.000000,2026-08-26,,,,,
29795823,2026-08-26T13:03,78386.880000,-0.008800,0.000000,2026-08-26,,,,,
29795824,2026-08-26T13:04,78386.880000,-0.008800,0.000000,2026-08-26,,,,,
29795825,2026-08-26T13:05,78386.880000,-0.008800,0.000000,2026-08-26,,,,,
29795826,2026-08-26T13:06,78386.880000,-0.008800,0.000000,2026-08-26,,,,,
29795827,2026-08-26T13:07,78386.880000,-0.008800,0.000000,2026-08-26,,,,,
29795828,2026-08-26T13:08,78386.880000,-0.008800,0.000000,2026-08-26,,,,,
29795829,2026-08-26T13:09,78386.880000,-0.008800,0.000000,2026-08-26,,,,,
29795830,2026-08-26T13:10,78386.880000,-0.008800,0.000000,2026-08-26,,,,,
29795831,2026-08-26T13:11,78386.880000,-0.008800,0.000000,2026-08-26,,,,,
29795832,2026-08-26T13:12,78386.880000,-0.008800,0.000000,2026-08-26,,,,,
29795833,2026-08-26T13:13,78386.880000,-0.008800,0.000000,2026-08-26,,,,,
29795834,2026-08-26T13:14,78386.880000,-0.008800,0.000000,2026-08-26,,,,,
29795835,2026-08-26T13:15,78386.880000,-0.008800,0.000000,2026-08-26,,,,,
29795836,2026-08-26T13:16,78386.880000,-0.008800,0.000000,2026-08-26,,,,,
29795837,2026-08-26T13:17,78386.880000,-0.008800,0.000000,2026-08-26,,,,,
29795838,2026-08-26T13:18,78386.880000,-0.008800,0.000000,2026-08-26,,,,,
29795839,2026-08-26T13:19,78386.880000,-0.008800,0.000000,2026-08-26,,,,,
29795840,2026-08-26T13:20,78386.880000,-0.008800,0.000000,2026-08-26,,,,,
29795841,2026-08-26T13:21,78386.880000,-0.008800,0.000000,2026-08-26,,,,,
29795842,2026-08-26T13:22,78028.330000,-0.241200,0.000000,2026-08-26,76.000000,0.066777,0.997191,78029.460000,78023.950000
29795843,2026-08-26T13:23,78028.330000,-0.241200,0.994382,2026-08-26,,,,,
29795844,2026-08-26T13:24,78028.330000,-0.241200,0.000000,2026-08-26,,,,,
29795845,2026-08-26T13:25,78028.330000,-0.241200,0.000000,2026-08-26,,,,,
29795846,2026-08-26T13:26,78028.330000,-0.241200,0.000000,2026-08-26,,,,,
29795847,2026-08-26T13:27,78028.330000,-0.157500,0.000000,2026-08-26,,,,,
29795848,2026-08-26T13:28,78028.330000,-0.157500,0.000000,2026-08-26,,,,,
29795849,2026-08-26T13:29,78028.330000,-0.157500,0.000000,2026-08-26,,,,,
29795850,2026-08-26T13:30,78028.330000,-0.157500,0.000000,2026-08-26,,,,,
29795851,2026-08-26T13:31,78028.330000,-0.157500,0.000000,2026-08-26,,,,,
29795852,2026-08-26T13:32,78028.330000,-0.157500,0.000000,2026-08-26,,,,,
29795853,2026-08-26T13:33,78028.330000,-0.157500,0.000000,2026-08-26,,,,,
29795854,2026-08-26T13:34,78028.330000,-0.157500,0.000000,2026-08-26,,,,,
29795855,2026-08-26T13:35,78028.330000,-0.157500,0.000000,2026-08-26,,,,,
29795856,2026-08-26T13:36,78028.330000,-0.157500,0.000000,2026-08-26,,,,,
29795857,2026-08-26T13:37,78028.330000,-0.157500,0.000000,2026-08-26,,,,,
29795858,2026-08-26T13:38,78028.330000,-0.157500,0.000000,2026-08-26,,,,,
29795859,2026-08-26T13:39,78028.330000,-0.157500,0.000000,2026-08-26,,,,,
29795860,2026-08-26T13:40,78028.330000,-0.157500,0.000000,2026-08-26,,,,,
29795861,2026-08-26T13:41,78028.330000,-0.157500,0.000000,2026-08-26,,,,,
29795862,2026-08-26T13:42,78028.330000,-0.157500,0.000000,2026-08-26,,,,,
29795863,2026-08-26T13:43,78028.330000,-0.157500,0.000000,2026-08-26,,,,,
29795864,2026-08-26T13:44,78028.330000,-0.157500,0.000000,2026-08-26,,,,,
29795865,2026-08-26T13:45,78028.330000,-0.157500,0.000000,2026-08-26,,,,,
29795866,2026-08-26T13:46,78028.330000,-0.157500,0.000000,2026-08-26,,,,,
29795867,2026-08-26T13:47,78028.330000,-0.157500,0.000000,2026-08-26,,,,,
29795868,2026-08-26T13:48,78028.330000,-0.157500,0.000000,2026-08-26,,,,,
29795869,2026-08-26T13:49,78028.330000,-0.157500,0.000000,2026-08-26,,,,,
29795870,2026-08-26T13:50,78028.330000,-0.157500,0.000000,2026-08-26,,,,,
29795871,2026-08-26T13:51,78028.330000,-0.157500,0.000000,2026-08-26,,,,,
29795872,2026-08-26T13:52,78028.330000,-0.157500,0.000000,2026-08-26,,,,,
29795873,2026-08-26T13:53,78243.360000,-0.084300,1.000000,2026-08-26,616.000000,7.302481,0.445877,78243.360000,78105.710000
29795874,2026-08-26T13:54,78226.270000,0.486400,-0.112818,2026-08-26,589.000000,9.586730,0.780739,78278.440000,78170.090000
29795875,2026-08-26T13:55,78320.640000,0.595700,0.531899,2026-08-26,923.000000,4.135435,0.538611,78332.840000,78200.060000
29795876,2026-08-26T13:56,78290.610000,-0.117800,0.121227,2026-08-26,648.000000,2.567805,0.706482,78320.640000,78244.020000
29795877,2026-08-26T13:57,78330.320000,0.196300,0.415443,2026-08-26,731.000000,8.161203,0.679292,78350.670000,78275.460000
29795878,2026-08-26T13:58,78404.860000,0.095000,0.358517,2026-08-26,566.000000,2.059223,0.629518,78430.610000,78323.680000
29795879,2026-08-26T13:59,78447.540000,-0.135200,0.258342,2026-08-26,542.000000,2.715067,0.636941,78459.000000,78404.850000
29795880,2026-08-26T14:00,78412.550000,-0.064400,0.261333,2026-08-26,1014.000000,11.146149,0.384442,78458.220000,78285.630000
29795881,2026-08-26T14:01,78474.790000,0.234200,-0.229659,2026-08-26,723.000000,3.106109,0.400557,78474.790000,78397.160000
29795882,2026-08-26T14:02,78554.920000,0.476500,-0.212067,2026-08-26,936.000000,21.884361,0.778990,78597.800000,78446.730000
29795883,2026-08-26T14:03,78527.460000,-0.283300,0.557352,2026-08-26,567.000000,5.964058,0.693690,78555.490000,78501.240000
29795884,2026-08-26T14:04,78532.360000,0.350300,0.369702,2026-08-26,597.000000,7.420877,0.407521,78567.500000,78518.070000
29795885,2026-08-26T14:05,78536.800000,0.167200,-0.175602,2026-08-26,538.000000,4.339301,0.608281,78538.780000,78509.130000
29795886,2026-08-26T14:06,78537.070000,-0.132100,0.279769,2026-08-26,570.000000,4.397963,0.836170,78547.420000,78475.740000
29795887,2026-08-26T14:07,78572.150000,-0.418500,0.641369,2026-08-26,487.000000,3.587515,0.694290,78596.010000,78538.370000
29795888,2026-08-26T14:08,78603.010000,0.028700,0.326351,2026-08-26,405.000000,3.831245,0.846558,78611.680000,78546.620000
29795889,2026-08-26T14:09,78546.740000,-0.241100,0.770669,2026-08-26,592.000000,3.327699,0.423247,78603.020000,78537.010000
29795890,2026-08-26T14:10,78562.240000,0.482700,-0.155438,2026-08-26,605.000000,4.818268,0.665780,78568.970000,78468.740000
29795891,2026-08-26T14:11,78595.460000,0.135200,0.355499,2026-08-26,506.000000,6.031024,0.426240,78606.570000,78558.780000
29795892,2026-08-26T14:12,78579.120000,0.331600,-0.186910,2026-08-26,907.000000,18.496149,0.417324,78595.470000,78481.970000
29795893,2026-08-26T14:13,78515.400000,0.368400,-0.283724,2026-08-26,683.000000,6.917597,0.287449,78579.120000,78500.490000
29795894,2026-08-26T14:14,78459.040000,0.232500,0.044821,2026-08-26,805.000000,6.269876,0.358360,78515.410000,78437.860000
29795895,2026-08-26T14:15,78504.290000,-0.082300,-0.284245,2026-08-26,604.000000,7.710248,0.772211,78521.680000,78439.190000
29795896,2026-08-26T14:16,78551.300000,-0.050700,0.545575,2026-08-26,639.000000,7.125962,0.729053,78576.980000,78504.280000
29795897,2026-08-26T14:17,78552.330000,0.302700,0.442396,2026-08-26,591.000000,4.068551,0.265774,78560.080000,78497.630000
29795898,2026-08-26T14:18,78558.850000,0.287200,-0.458134,2026-08-26,612.000000,5.783417,0.633371,78570.320000,78529.050000
29795899,2026-08-26T14:19,78518.860000,-0.074700,0.262024,2026-08-26,696.000000,7.101070,0.189700,78554.600000,78498.300000
29795900,2026-08-26T14:20,78527.240000,-0.604400,-0.619442,2026-08-26,658.000000,6.608083,0.766154,78542.240000,78484.610000
29795901,2026-08-26T14:21,78503.050000,-0.209500,0.518565,2026-08-26,569.000000,3.757651,0.263761,78531.650000,78472.270000
29795902,2026-08-26T14:22,78475.740000,0.011100,-0.219817,2026-08-26,722.000000,13.704739,0.140957,78545.630000,78475.740000
29795903,2026-08-26T14:23,78475.400000,-0.335700,-0.810056,2026-08-26,608.000000,11.561509,0.297117,78549.990000,78470.830000
29795904,2026-08-26T14:24,78401.260000,-0.009600,-0.416475,2026-08-26,743.000000,7.497090,0.420690,78489.210000,78396.880000
29795905,2026-08-26T14:25,78330.680000,0.094500,-0.151456,2026-08-26,1044.000000,20.287034,0.370469,78396.890000,78312.390000
29795906,2026-08-26T14:26,78259.800000,-0.143900,-0.256310,2026-08-26,787.000000,6.256759,0.257757,78337.830000,78258.830000
29795907,2026-08-26T14:27,78230.460000,-0.142600,-0.498102,2026-08-26,928.000000,8.941684,0.378839,78298.260000,78211.820000
29795908,2026-08-26T14:28,78219.570000,0.102000,-0.240789,2026-08-26,915.000000,13.126442,0.628971,78239.100000,78195.080000
29795909,2026-08-26T14:29,78248.960000,-0.203300,0.261414,2026-08-26,810.000000,12.304505,0.161429,78262.160000,78214.710000
29795910,2026-08-26T14:30,78230.830000,0.008300,-0.679242,2026-08-26,860.000000,8.346862,0.327902,78278.540000,78209.520000
29795911,2026-08-26T14:31,78245.860000,0.013600,-0.368810,2026-08-26,957.000000,9.868275,0.415198,78245.850000,78171.730000
29795912,2026-08-26T14:32,78246.850000,-0.148000,-0.135809,2026-08-26,776.000000,4.269970,0.306161,78275.510000,78204.330000
29795913,2026-08-26T14:33,78187.360000,-0.243400,-0.383610,2026-08-26,906.000000,3.823323,0.358006,78245.840000,78171.720000
29795914,2026-08-26T14:34,78183.010000,-0.328000,-0.264190,2026-08-26,932.000000,8.235524,0.170472,78205.210000,78150.000000
29795915,2026-08-26T14:35,78134.360000,0.131300,-0.664475,2026-08-26,903.000000,11.482291,0.161953,78183.020000,78088.620000
29795916,2026-08-26T14:36,78186.140000,-0.200000,-0.675968,2026-08-26,752.000000,12.633923,0.231061,78189.000000,78130.890000
29795917,2026-08-26T14:37,78231.420000,0.074500,-0.537341,2026-08-26,674.000000,5.038862,0.142551,78260.290000,78181.040000
29795918,2026-08-26T14:38,78142.110000,-0.590600,-0.715109,2026-08-26,863.000000,6.327561,0.481260,78231.420000,78136.750000
29795919,2026-08-26T14:39,78145.110000,-0.244200,-0.037662,2026-08-26,710.000000,5.570848,0.849777,78155.490000,78108.700000
29795920,2026-08-26T14:40,78147.760000,-0.423800,0.700448,2026-08-26,959.000000,14.890103,0.657775,78200.020000,78139.420000
29795921,2026-08-26T14:41,78149.180000,-0.238300,0.315792,2026-08-26,1170.000000,35.989109,0.063585,78183.780000,78102.290000
29795922,2026-08-26T14:42,78008.040000,-0.116300,-0.873271,2026-08-26,1895.000000,99.080915,0.191141,78183.570000,77925.780000
29795923,2026-08-26T14:43,78023.260000,-0.752100,-0.617718,2026-08-26,1162.000000,9.589233,0.651153,78061.620000,77982.800000
29795924,2026-08-26T14:44,77971.790000,0.314600,0.302556,2026-08-26,1049.000000,8.134372,0.523809,78023.260000,77956.720000
29795925,2026-08-26T14:45,77897.990000,-0.063200,0.071456,2026-08-26,1186.000000,17.723092,0.508026,78011.760000,77888.000000
29795926,2026-08-26T14:46,77913.760000,-0.272700,0.011801,2026-08-26,882.000000,7.084986,0.459312,77946.770000,77884.140000
29795927,2026-08-26T14:47,77923.110000,-0.616200,-0.103307,2026-08-26,1133.000000,4.415832,0.415062,77972.910000,77904.040000
29795928,2026-08-26T14:48,77944.570000,-0.238700,-0.169795,2026-08-26,1013.000000,8.948792,0.631183,77946.450000,77848.000000
29795929,2026-08-26T14:49,77980.540000,-0.107600,0.226197,2026-08-26,1015.000000,21.354388,0.554557,78001.000000,77923.920000
29795930,2026-08-26T14:50,77954.950000,0.224700,0.121847,2026-08-26,1104.000000,13.097459,0.405075,78038.860000,77940.570000
29795931,2026-08-26T14:51,77932.110000,-0.473500,-0.190461,2026-08-26,1094.000000,13.044681,0.628185,78007.830000,77930.480000
29795932,2026-08-26T14:52,77945.330000,-0.167900,0.246162,2026-08-26,937.000000,7.206466,0.281184,77982.740000,77927.720000
29795933,2026-08-26T14:53,77871.300000,-0.184500,-0.424871,2026-08-26,1024.000000,11.305993,0.146048,77958.350000,77868.450000
29795934,2026-08-26T14:54,77792.330000,-0.062700,-0.467526,2026-08-26,1392.000000,21.899221,0.359186,77902.570000,77762.020000
29795935,2026-08-26T14:55,77803.730000,-0.354900,-0.358820,2026-08-26,753.000000,5.224577,0.309360,77834.120000,77792.590000
29795936,2026-08-26T14:56,77771.270000,-0.725900,-0.556474,2026-08-26,738.000000,5.236893,0.240940,77827.980000,77766.060000
29795937,2026-08-26T14:57,77821.260000,0.197100,-0.532520,2026-08-26,680.000000,8.384018,0.376758,77825.320000,77766.020000
29795938,2026-08-26T14:58,77856.900000,0.241900,-0.241693,2026-08-26,730.000000,5.666371,0.518360,77860.800000,77788.510000
29795939,2026-08-26T14:59,77785.980000,-0.287200,0.019474,2026-08-26,812.000000,5.753431,0.306449,77856.910000,77768.700000
29795940,2026-08-26T15:00,77865.040000,-0.391300,-0.403800,2026-08-26,1125.000000,20.923292,0.421422,77876.110000,77733.780000
29795941,2026-08-26T15:01,77849.180000,-0.188700,-0.143577,2026-08-26,803.000000,7.212812,0.309798,77874.280000,77836.800000
29795942,2026-08-26T15:02,77743.890000,-0.196200,-0.312718,2026-08-26,1370.000000,68.134537,0.504338,77849.190000,77682.000000
29795943,2026-08-26T15:03,77709.420000,-0.288100,0.010304,2026-08-26,1047.000000,12.117218,0.148246,77746.090000,77647.500000
29795944,2026-08-26T15:04,77647.640000,-0.233400,-0.699533,2026-08-26,1277.000000,10.819389,0.237877,77712.530000,77601.020000
29795945,2026-08-26T15:05,77853.930000,-0.070500,-0.495002,2026-08-26,979.000000,9.703913,0.366073,77862.390000,77625.930000
29795946,2026-08-26T15:06,77789.140000,-0.523900,-0.287962,2026-08-26,1024.000000,5.285282,0.422914,77878.000000,77785.540000
29795947,2026-08-26T15:07,77893.740000,0.191600,-0.170447,2026-08-26,929.000000,4.723344,0.574182,77903.050000,77766.560000
29795948,2026-08-26T15:08,77870.600000,-0.301300,0.153008,2026-08-26,951.000000,5.033897,0.431333,77943.300000,77859.200000
29795949,2026-08-26T15:09,77918.290000,-0.593700,-0.138780,2026-08-26,297.000000,0.713148,0.370736,77920.000000,77862.970000
29795950,2026-08-26T15:10,77921.540000,-0.054100,-0.258463,2026-08-26,1074.000000,6.544717,0.607458,77952.950000,77908.510000
29795951,2026-08-26T15:11,77911.070000,-0.030400,0.184421,2026-08-26,790.000000,3.361368,0.512846,77928.170000,77875.330000
29795952,2026-08-26T15:12,77826.290000,-0.165600,-0.001691,2026-08-26,887.000000,3.812144,0.106179,77912.160000,77823.460000
29795953,2026-08-26T15:13,77825.300000,-0.059900,-0.771736,2026-08-26,862.000000,3.347926,0.226314,77862.080000,77820.780000
29795954,2026-08-26T15:14,77836.760000,-0.001400,-0.546881,2026-08-26,829.000000,4.402112,0.458864,77860.750000,77825.290000
29795955,2026-08-26T15:15,77744.010000,-0.123500,-0.082696,2026-08-26,1155.000000,6.652399,0.467968,77867.210000,77716.520000
29795956,2026-08-26T15:16,77796.790000,-0.269100,-0.064072,2026-08-26,1470.000000,3.894946,0.305471,77796.790000,77719.830000
29795957,2026-08-26T15:17,77780.460000,-0.340600,-0.425887,2026-08-26,1995.000000,4.287031,0.208257,77798.350000,77730.580000
29795958,2026-08-26T15:18,77799.080000,-0.067300,-0.389173,2026-08-26,1524.000000,5.969210,0.545686,77801.170000,77732.240000
29795959,2026-08-26T15:19,77784.900000,-0.257300,0.000242,2026-08-26,1501.000000,5.607545,0.421134,77797.830000,77743.570000
29795960,2026-08-26T15:20,77825.150000,-0.383900,-0.049593,2026-08-26,2038.000000,13.612729,0.398409,77844.700000,77771.010000
29795961,2026-08-26T15:21,77885.080000,0.348600,-0.256547,2026-08-26,1662.000000,6.337186,0.348390,77889.550000,77825.150000
29795962,2026-08-26T15:22,77862.670000,0.287100,-0.303310,2026-08-26,1757.000000,3.380730,0.350449,77907.620000,77854.660000
29795963,2026-08-26T15:23,77933.120000,0.554900,-0.311336,2026-08-26,1706.000000,5.084127,0.745025,77952.640000,77862.660000
29795964,2026-08-26T15:24,77933.980000,-0.421400,0.485143,2026-08-26,1814.000000,8.015083,0.367698,77940.630000,77906.880000
29795965,2026-08-26T15:25,77975.400000,0.603600,-0.260443,2026-08-26,1635.000000,11.226879,0.797776,77988.300000,77930.680000
29795966,2026-08-26T15:26,78051.770000,0.046100,0.586960,2026-08-26,1489.000000,11.458831,0.789927,78058.610000,77968.360000
29795967,2026-08-26T15:27,78095.040000,0.495400,0.591658,2026-08-26,1788.000000,9.988911,0.819937,78102.850000,78051.770000
29795968,2026-08-26T15:28,78109.860000,0.004700,0.638343,2026-08-26,1706.000000,7.169742,0.672677,78139.550000,78102.100000
29795969,2026-08-26T15:29,78151.820000,0.029400,0.346316,2026-08-26,1065.000000,8.373190,0.884615,78162.880000,78107.900000
29795970,2026-08-26T15:30,78033.610000,-0.485600,0.751507,2026-08-26,2002.000000,5.167847,0.062896,78163.400000,78033.060000
29795971,2026-08-26T15:31,78071.480000,-0.043500,-0.796603,2026-08-26,1805.000000,2.972425,0.512993,78071.480000,78033.070000
29795972,2026-08-26T15:32,78027.150000,-0.531500,-0.132716,2026-08-26,1377.000000,2.715244,0.355011,78089.420000,78027.150000
29795973,2026-08-26T15:33,78006.890000,0.175500,-0.212645,2026-08-26,1753.000000,5.617558,0.588847,78034.980000,77992.600000
29795974,2026-08-26T15:34,77951.710000,-0.346000,-0.020551,2026-08-26,2099.000000,5.637845,0.097970,78006.900000,77937.890000
29795975,2026-08-26T15:35,77943.330000,0.024700,-0.756140,2026-08-26,2096.000000,9.614076,0.369074,77981.960000,77907.040000
29795976,2026-08-26T15:36,77955.670000,-0.148600,-0.260742,2026-08-26,1184.000000,0.917464,0.407014,77970.710000,77933.500000
29795977,2026-08-26T15:37,77983.460000,0.116800,-0.148887,2026-08-26,1194.000000,1.000649,0.552023,77983.450000,77944.580000
29795978,2026-08-26T15:38,77964.680000,-0.019000,0.076731,2026-08-26,1521.000000,2.509984,0.654631,78009.010000,77964.690000
29795979,2026-08-26T15:39,78000.730000,0.117900,0.318465,2026-08-26,880.000000,2.059025,0.187728,78005.930000,77964.680000
29795980,2026-08-26T15:40,78105.960000,0.131200,-0.721122,2026-08-26,979.000000,15.473152,0.807771,78114.270000,77993.570000
29795981,2026-08-26T15:41,78081.790000,0.296600,0.670118,2026-08-26,1546.000000,1.618329,0.197575,78126.510000,78081.780000
29795982,2026-08-26T15:42,78098.960000,0.022000,-0.638184,2026-08-26,1368.000000,3.203095,0.695509,78100.000000,78056.130000
29795983,2026-08-26T15:43,78037.390000,0.662000,0.410955,2026-08-26,1795.000000,3.931782,0.751883,78099.650000,78031.180000
29795984,2026-08-26T15:44,78030.820000,0.507600,0.478483,2026-08-26,1961.000000,64.936769,0.032712,78079.490000,77944.880000
29795985,2026-08-26T15:45,78060.230000,-0.181400,-0.932357,2026-08-26,1256.000000,7.575158,0.891289,78070.600000,78030.820000
29795986,2026-08-26T15:46,78070.390000,-0.395500,0.780586,2026-08-26,1075.000000,5.989802,0.683447,78096.950000,78060.220000
29795987,2026-08-26T15:47,78056.150000,0.446200,0.366893,2026-08-26,1642.000000,2.957818,0.814505,78081.080000,78043.170000
29795988,2026-08-26T15:48,78138.390000,0.533300,0.628774,2026-08-26,1858.000000,11.950827,0.812926,78138.400000,78056.150000
29795989,2026-08-26T15:49,78134.920000,0.256300,0.627710,2026-08-26,2076.000000,4.195788,0.737176,78150.000000,78101.650000
29795990,2026-08-26T15:50,78121.990000,-0.297100,0.467011,2026-08-26,2109.000000,6.957442,0.675995,78153.350000,78112.560000
29795991,2026-08-26T15:51,78032.040000,-0.177500,0.206884,2026-08-26,1903.000000,6.751548,0.334944,78121.510000,78027.620000
29795992,2026-08-26T15:52,78075.790000,0.376800,-0.235157,2026-08-26,1886.000000,2.750147,0.449187,78087.640000,78017.150000
29795993,2026-08-26T15:53,78025.010000,0.486000,-0.424706,2026-08-26,2073.000000,5.838371,0.053197,78075.800000,78025.000000
29795994,2026-08-26T15:54,78042.540000,0.420200,-0.640148,2026-08-26,1777.000000,2.612308,0.838435,78052.860000,78025.000000
29795995,2026-08-26T15:55,78068.600000,0.438800,0.611409,2026-08-26,1953.000000,6.607494,0.869820,78079.440000,78028.400000
29795996,2026-08-26T15:56,78099.990000,0.662600,0.739136,2026-08-26,1679.000000,9.104899,0.500640,78100.000000,78046.850000
29795997,2026-08-26T15:57,78069.010000,0.596600,0.001415,2026-08-26,2067.000000,9.243299,0.288299,78115.420000,78059.000000
29795998,2026-08-26T15:58,78050.100000,0.063600,-0.423597,2026-08-26,1851.000000,5.953878,0.162157,78069.010000,78024.560000
29795999,2026-08-26T15:59,78013.360000,0.438300,-0.627267,2026-08-26,1870.000000,9.953038,0.186313,78058.620000,77972.880000
29796000,2026-08-26T16:00,78024.380000,-0.047600,-0.678427,2026-08-26,1892.000000,10.572837,0.183773,78082.080000,78005.320000
29796001,2026-08-26T16:01,77993.330000,0.158400,-0.609271,2026-08-26,2058.000000,20.825678,0.096680,78020.840000,77963.020000
29796002,2026-08-26T16:02,77979.510000,0.093600,-0.805520,2026-08-26,1875.000000,5.801355,0.177380,78006.010000,77976.190000
29796003,2026-08-26T16:03,78008.990000,0.093700,-0.592418,2026-08-26,2218.000000,12.842986,0.198491,78051.020000,77980.620000
29796004,2026-08-26T16:04,78094.360000,0.551800,-0.637217,2026-08-26,1778.000000,7.642673,0.238359,78101.050000,78008.980000
29796005,2026-08-26T16:05,78093.820000,0.414400,-0.562791,2026-08-26,1996.000000,8.600350,0.283879,78104.110000,78068.300000
29796006,2026-08-26T16:06,78068.260000,0.062700,-0.354697,2026-08-26,1826.000000,6.908845,0.339814,78115.410000,78068.260000
29796007,2026-08-26T16:07,78127.830000,0.056200,-0.318261,2026-08-26,1020.000000,8.663432,0.391949,78127.830000,78060.480000
29796008,2026-08-26T16:08,78138.270000,0.494200,-0.217671,2026-08-26,977.000000,13.669835,0.176451,78166.070000,78115.010000
29796009,2026-08-26T16:09,78130.670000,0.090700,-0.639314,2026-08-26,1161.000000,11.336935,0.291970,78168.260000,78129.500000
29796010,2026-08-26T16:10,78137.240000,0.111100,-0.415521,2026-08-26,1422.000000,8.994699,0.246179,78150.350000,78115.010000
29796011,2026-08-26T16:11,78093.390000,-0.078700,-0.503233,2026-08-26,1246.000000,2.262803,0.693525,78137.250000,78090.210000
29796012,2026-08-26T16:12,78097.620000,0.594500,0.348839,2026-08-26,732.000000,4.105370,0.150890,78099.310000,78071.480000
29796013,2026-08-26T16:13,78058.270000,-0.232300,-0.696599,2026-08-26,967.000000,4.628972,0.180872,78094.220000,78053.460000
29796014,2026-08-26T16:14,78078.140000,0.574900,-0.638283,2026-08-26,680.000000,4.515883,0.510065,78091.200000,78043.010000
29796015,2026-08-26T16:15,78060.800000,0.597300,0.071452,2026-08-26,1635.000000,6.454036,0.410385,78113.240000,78044.140000
29796016,2026-08-26T16:16,77998.240000,0.038700,-0.226747,2026-08-26,1205.000000,8.435870,0.257802,78060.340000,77981.300000
29796017,2026-08-26T16:17,78011.620000,-0.178000,-0.484334,2026-08-26,818.000000,3.295033,0.277319,78028.570000,77989.480000
29796018,2026-08-26T16:18,78050.170000,0.036100,-0.445362,2026-08-26,2005.000000,3.678560,0.375214,78067.770000,78011.620000
29796019,2026-08-26T16:19,78040.550000,0.523800,-0.249543,2026-08-26,1917.000000,4.986481,0.325213,78081.340000,78032.040000
29796020,2026-08-26T16:20,78120.070000,-0.077400,-0.293825,2026-08-26,944.000000,4.015898,0.731335,78139.020000,78040.560000
29796021,2026-08-26T16:21,78123.800000,0.491800,0.433414,2026-08-26,1402.000000,6.234079,0.314650,78136.930000,78085.710000
29796022,2026-08-26T16:22,78059.360000,0.232400,-0.372422,2026-08-26,1609.000000,4.918168,0.060825,78126.110000,78058.550000
29796023,2026-08-26T16:23,78025.010000,0.368200,-0.877600,2026-08-26,791.000000,3.920035,0.457105,78058.550000,78014.750000
29796024,2026-08-26T16:24,78028.250000,-0.501500,-0.085540,2026-08-26,1606.000000,9.913002,0.351116,78058.350000,78014.760000
29796025,2026-08-26T16:25,78038.020000,-0.217500,-0.281761,2026-08-26,1348.000000,5.577382,0.847511,78058.410000,78027.420000
29796026,2026-08-26T16:26,77993.860000,-0.038800,0.695543,2026-08-26,1768.000000,5.013999,0.669234,78080.270000,77993.860000
29796027,2026-08-26T16:27,78008.730000,-0.338300,0.318180,2026-08-26,1264.000000,4.738636,0.787614,78024.960000,77976.310000
29796028,2026-08-26T16:28,78041.740000,-0.017900,0.575131,2026-08-26,1224.000000,4.351804,0.878508,78051.760000,78008.720000
29796029,2026-08-26T16:29,78056.010000,-0.238200,0.756419,2026-08-26,817.000000,1.964957,0.567292,78067.710000,78041.740000
29796030,2026-08-26T16:30,78019.990000,0.079800,0.088692,2026-08-26,1772.000000,3.577038,0.231461,78056.020000,78019.980000
29796031,2026-08-26T16:31,78045.320000,0.592900,-0.525866,2026-08-26,1061.000000,3.534882,0.747562,78062.800000,78008.900000
29796032,2026-08-26T16:32,78093.120000,-0.660500,0.494548,2026-08-26,501.000000,9.131512,0.830486,78100.000000,78037.600000
29796033,2026-08-26T16:33,78065.210000,-0.027500,0.660879,2026-08-26,799.000000,4.458805,0.335685,78097.800000,78041.900000
29796034,2026-08-26T16:34,78106.800000,0.515000,-0.268566,2026-08-26,768.000000,16.887722,0.961703,78106.810000,78058.470000
29796035,2026-08-26T16:35,78155.210000,0.380400,0.928088,2026-08-26,1015.000000,4.968923,0.597740,78156.000000,78095.160000
29796036,2026-08-26T16:36,78091.200000,0.381800,0.175657,2026-08-26,950.000000,4.098571,0.401673,78155.210000,78065.190000
29796037,2026-08-26T16:37,78022.170000,0.135200,-0.122878,2026-08-26,797.000000,2.378152,0.275717,78087.420000,77981.840000
29796038,2026-08-26T16:38,78023.290000,-0.096100,-0.503438,2026-08-26,962.000000,2.225257,0.209604,78032.030000,77990.840000
29796039,2026-08-26T16:39,77969.010000,0.128900,-0.681773,2026-08-26,1705.000000,10.400955,0.809656,78052.620000,77967.620000
29796040,2026-08-26T16:40,77975.330000,0.003100,0.494023,2026-08-26,1212.000000,10.856882,0.383636,78028.220000,77950.510000
29796041,2026-08-26T16:41,78000.730000,0.166400,-0.155302,2026-08-26,900.000000,2.959870,0.745939,78028.920000,77972.930000
29796042,2026-08-26T16:42,77938.550000,0.212000,0.487488,2026-08-26,1436.000000,6.932356,0.204972,78004.260000,77918.930000
29796043,2026-08-26T16:43,77865.540000,-0.125200,-0.662573,2026-08-26,1265.000000,8.075319,0.170493,77938.550000,77854.560000
29796044,2026-08-26T16:44,77875.790000,0.083000,-0.557911,2026-08-26,1474.000000,5.934494,0.528023,77910.180000,77865.540000
29796045,2026-08-26T16:45,77996.550000,0.308100,0.071753,2026-08-26,1216.000000,9.473888,0.826523,78005.320000,77876.120000
29796046,2026-08-26T16:46,78009.080000,0.015800,0.653691,2026-08-26,785.000000,6.614424,0.790171,78030.210000,77973.660000
29796047,2026-08-26T16:47,78049.210000,0.046900,0.527459,2026-08-26,823.000000,4.476813,0.641013,78049.990000,77994.770000
29796048,2026-08-26T16:48,78143.670000,0.376300,0.334692,2026-08-26,827.000000,8.979081,0.652967,78143.680000,78024.120000
29796049,2026-08-26T16:49,78089.670000,-0.159200,0.332835,2026-08-26,1531.000000,13.005868,0.298263,78175.140000,78085.260000
29796050,2026-08-26T16:50,78122.490000,0.018800,-0.437817,2026-08-26,756.000000,4.628805,0.766838,78130.630000,78071.480000
29796051,2026-08-26T16:51,78104.850000,0.189500,0.533984,2026-08-26,859.000000,6.930858,0.723731,78122.500000,78094.240000
29796052,2026-08-26T16:52,78038.050000,0.154800,0.438245,2026-08-26,1241.000000,2.379771,0.483253,78103.430000,78013.100000
29796053,2026-08-26T16:53,78019.170000,-0.088900,-0.015582,2026-08-26,1262.000000,8.316686,0.196377,78044.940000,77986.720000
29796054,2026-08-26T16:54,78022.780000,0.126500,-0.607302,2026-08-26,1053.000000,5.277249,0.129166,78032.030000,78015.010000
29796055,2026-08-26T16:55,78013.570000,-0.045100,-0.742660,2026-08-26,1380.000000,7.576089,0.331207,78047.950000,78010.970000
29796056,2026-08-26T16:56,77989.830000,-0.725300,-0.349067,2026-08-26,1749.000000,5.431792,0.365436,78018.860000,77975.350000
29796057,2026-08-26T16:57,78002.240000,0.568100,-0.232861,2026-08-26,1871.000000,4.157530,0.532308,78005.350000,77954.950000
29796058,2026-08-26T16:58,77987.080000,-0.583700,0.064020,2026-08-26,2155.000000,18.390584,0.099871,78078.530000,77983.800000
29796059,2026-08-26T16:59,77985.510000,-0.274700,-0.801921,2026-08-26,2073.000000,4.528138,0.769313,78012.320000,77978.090000
29796060,2026-08-26T17:00,78009.510000,0.174200,0.578648,2026-08-26,1721.000000,3.202986,0.807824,78018.230000,77986.930000
29796061,2026-08-26T17:01,78058.920000,0.211200,0.622893,2026-08-26,1684.000000,3.233545,0.902269,78064.390000,78006.440000
29796062,2026-08-26T17:02,78018.740000,0.027400,0.797943,2026-08-26,1754.000000,3.474375,0.664387,78079.080000,78003.350000
29796063,2026-08-26T17:03,78010.740000,-0.003200,0.328790,2026-08-26,1693.000000,2.124188,0.871780,78029.870000,78002.640000
29796064,2026-08-26T17:04,78043.540000,-0.375800,0.743517,2026-08-26,1786.000000,4.583780,0.550162,78056.600000,78010.740000
29796065,2026-08-26T17:05,78050.600000,0.096000,0.100359,2026-08-26,1386.000000,2.219321,0.870839,78060.450000,78036.810000
29796066,2026-08-26T17:06,78061.610000,-0.036700,0.744668,2026-08-26,1569.000000,2.897698,0.814791,78061.620000,78000.000000
29796067,2026-08-26T17:07,78089.150000,-0.304800,0.626292,2026-08-26,1399.000000,2.032057,0.666354,78092.180000,78057.390000
29796068,2026-08-26T17:08,78100.720000,-0.048100,0.332708,2026-08-26,1676.000000,2.012821,0.677339,78101.060000,78071.480000
29796069,2026-08-26T17:09,78091.210000,0.229100,0.351253,2026-08-26,1677.000000,16.620709,0.926340,78133.100000,78088.390000
29796070,2026-08-26T17:10,78071.490000,0.048500,0.844716,2026-08-26,843.000000,1.907144,0.224054,78098.840000,78066.910000
29796071,2026-08-26T17:11,78090.510000,-0.141100,-0.159750,2026-08-26,2349.000000,5.133451,0.582713,78101.060000,78044.270000
29796072,2026-08-26T17:12,78108.640000,0.214200,0.126046,2026-08-26,1570.000000,2.888644,0.553316,78108.640000,78078.610000
29796073,2026-08-26T17:13,78115.620000,-0.049800,0.106357,2026-08-26,1281.000000,2.228530,0.416037,78130.640000,78108.630000
29796074,2026-08-26T17:14,78132.540000,0.057100,-0.217362,2026-08-26,1317.000000,1.704559,0.847285,78140.030000,78110.910000
29796075,2026-08-26T17:15,78227.650000,0.341600,0.848333,2026-08-26,1416.000000,15.184546,0.857766,78247.040000,78134.490000
29796076,2026-08-26T17:16,78221.360000,-0.030100,0.714404,2026-08-26,1469.000000,3.970649,0.319978,78258.820000,78215.660000
29796077,2026-08-26T17:17,78244.930000,0.016000,-0.358390,2026-08-26,1456.000000,3.343543,0.503553,78255.560000,78214.370000
29796078,2026-08-26T17:18,78225.550000,0.100500,0.007096,2026-08-26,1611.000000,6.099305,0.612000,78289.160000,78224.130000
29796079,2026-08-26T17:19,78244.110000,-0.340500,0.224791,2026-08-26,1556.000000,4.299160,0.432305,78263.080000,78225.550000
29796080,2026-08-26T17:20,78265.210000,-0.014700,-0.138310,2026-08-26,1037.000000,2.548842,0.658459,78294.190000,78240.000000
29796081,2026-08-26T17:21,78287.900000,-0.161900,0.316979,2026-08-26,992.000000,1.839845,0.544140,78294.180000,78259.200000
29796082,2026-08-26T17:22,78275.980000,0.199900,0.282366,2026-08-26,821.000000,13.435312,0.210504,78306.870000,78235.390000
29796083,2026-08-26T17:23,78325.850000,-0.303300,-0.639826,2026-08-26,624.000000,4.026167,0.596147,78327.520000,78239.100000
29796084,2026-08-26T17:24,78353.390000,-0.001000,0.128940,2026-08-26,906.000000,18.375116,0.645256,78357.420000,78284.930000
29796085,2026-08-26T17:25,78354.850000,-0.139500,0.306530,2026-08-26,234.000000,1.245642,0.695748,78354.840000,78345.030000
29796086,2026-08-26T17:26,78339.520000,-0.029500,0.392347,2026-08-26,1024.000000,2.005699,0.419623,78356.240000,78336.260000
29796087,2026-08-26T17:27,78454.380000,-0.111600,-0.159558,2026-08-26,2164.000000,15.902943,0.889818,78495.170000,78339.520000
29796088,2026-08-26T17:28,78485.600000,0.192300,0.780065,2026-08-26,1169.000000,10.380626,0.528832,78518.330000,78427.780000
29796089,2026-08-26T17:29,78519.990000,-0.106900,0.055509,2026-08-26,790.000000,3.642955,0.503246,78519.990000,78476.940000
29796090,2026-08-26T17:30,78548.020000,0.192700,-0.000272,2026-08-26,642.000000,7.569492,0.782860,78571.720000,78499.710000
29796091,2026-08-26T17:31,78534.890000,-0.259200,0.566790,2026-08-26,974.000000,2.327556,0.667534,78557.410000,78486.580000
29796092,2026-08-26T17:32,78532.960000,0.583200,0.206200,2026-08-26,540.000000,5.717644,0.734565,78559.990000,78500.800000
29796093,2026-08-26T17:33,78540.710000,0.011600,0.485482,2026-08-26,1336.000000,3.903455,0.785867,78544.750000,78500.800000
29796094,2026-08-26T17:34,78582.110000,0.207500,0.663504,2026-08-26,536.000000,8.049436,0.840548,78591.640000,78532.520000
29796095,2026-08-26T17:35,78518.420000,-0.019300,0.681827,2026-08-26,1251.000000,4.064069,0.532262,78585.650000,78518.410000
29796096,2026-08-26T17:36,78501.580000,0.023300,0.064635,2026-08-26,834.000000,3.421107,0.646104,78543.330000,78497.050000
29796097,2026-08-26T17:37,78529.650000,-0.033800,0.304679,2026-08-26,511.000000,5.942671,0.679188,78539.350000,78488.080000
29796098,2026-08-26T17:38,78527.080000,0.179400,0.351423,2026-08-26,577.000000,13.878043,0.587673,78568.990000,78517.670000
29796099,2026-08-26T17:39,78539.460000,0.227600,0.185328,2026-08-26,311.000000,2.599342,0.547240,78539.470000,78495.260000
29796100,2026-08-26T17:40,78584.070000,0.341700,0.031721,2026-08-26,333.000000,29.677010,0.933964,78593.400000,78539.460000
29796101,2026-08-26T17:41,78607.650000,0.002400,0.867959,2026-08-26,773.000000,5.098625,0.468396,78613.280000,78552.520000
29796102,2026-08-26T17:42,78577.790000,0.004500,-0.065958,2026-08-26,954.000000,4.260431,0.110471,78607.650000,78569.870000
29796103,2026-08-26T17:43,78566.390000,-0.444400,-0.778637,2026-08-26,955.000000,2.109812,0.484337,78582.400000,78544.760000
29796104,2026-08-26T17:44,78512.240000,-0.157600,-0.031327,2026-08-26,1192.000000,16.209897,0.427193,78566.390000,78487.780000
29796105,2026-08-26T17:45,78471.490000,0.503200,-0.129859,2026-08-26,1087.000000,5.107161,0.457443,78523.310000,78468.330000
29796106,2026-08-26T17:46,78417.150000,-0.387800,-0.137970,2026-08-26,1189.000000,5.423693,0.418646,78487.160000,78417.150000
29796107,2026-08-26T17:47,78371.110000,-0.023500,-0.160131,2026-08-26,1325.000000,4.936241,0.769293,78424.950000,78370.590000
29796108,2026-08-26T17:48,78437.300000,-0.503200,0.539376,2026-08-26,1018.000000,12.679544,0.762117,78439.620000,78362.070000
29796109,2026-08-26T17:49,78397.740000,0.063300,0.502691,2026-08-26,955.000000,7.094679,0.494720,78447.020000,78397.700000
29796110,2026-08-26T17:50,78444.610000,-0.482800,-0.011583,2026-08-26,920.000000,5.167273,0.802178,78447.290000,78390.470000
29796111,2026-08-26T17:51,78420.140000,-0.313400,0.613064,2026-08-26,935.000000,5.497452,0.335853,78451.060000,78417.230000
29796112,2026-08-26T17:52,78430.300000,-0.188800,-0.360964,2026-08-26,1175.000000,5.967381,0.777868,78439.600000,78412.070000
29796113,2026-08-26T17:53,78458.830000,-0.117400,0.563071,2026-08-26,572.000000,7.076921,0.724219,78461.610000,78429.490000
29796114,2026-08-26T17:54,78462.140000,0.048900,0.441126,2026-08-26,678.000000,4.078835,0.682156,78476.010000,78458.380000
29796115,2026-08-26T17:55,78440.740000,0.025700,0.362984,2026-08-26,776.000000,1.110858,0.676045,78462.140000,78440.740000
29796116,2026-08-26T17:56,78478.300000,0.116400,0.352420,2026-08-26,356.000000,3.644622,0.763954,78490.820000,78440.740000
29796117,2026-08-26T17:57,78473.390000,0.004500,0.527802,2026-08-26,374.000000,5.922538,0.507204,78486.720000,78443.690000
29796118,2026-08-26T17:58,78412.570000,-0.172900,-0.015464,2026-08-26,1898.000000,4.241333,0.496800,78474.310000,78411.660000
29796119,2026-08-26T17:59,78441.460000,0.013800,0.059154,2026-08-26,825.000000,3.507401,0.751062,78446.150000,78404.220000
29796120,2026-08-26T18:00,78406.710000,-0.656800,0.523210,2026-08-26,1372.000000,6.162156,0.636626,78455.910000,78397.280000
29796121,2026-08-26T18:01,78439.580000,0.044400,0.254669,2026-08-26,1139.000000,10.328644,0.671863,78451.790000,78397.700000
29796122,2026-08-26T18:02,78490.290000,-0.306100,0.343609,2026-08-26,857.000000,12.038915,0.742303,78500.000000,78434.970000
29796123,2026-08-26T18:03,78502.020000,-0.204900,0.491468,2026-08-26,664.000000,7.999151,0.761589,78507.820000,78485.910000
29796124,2026-08-26T18:04,78474.450000,0.240300,0.515113,2026-08-26,841.000000,8.219024,0.621034,78533.800000,78470.420000
29796125,2026-08-26T18:05,78455.380000,0.105400,0.066737,2026-08-26,794.000000,5.075885,0.319279,78489.130000,78450.750000
29796126,2026-08-26T18:06,78443.180000,0.223200,-0.106948,2026-08-26,803.000000,2.861893,0.555373,78486.930000,78443.180000
29796127,2026-08-26T18:07,78465.040000,0.123700,0.324162,2026-08-26,770.000000,2.328009,0.796155,78470.830000,78443.190000
29796128,2026-08-26T18:08,78513.120000,-0.125000,0.285698,2026-08-26,445.000000,6.243552,0.754637,78521.570000,78465.030000
29796129,2026-08-26T18:09,78521.150000,0.095300,0.509240,2026-08-26,970.000000,10.026337,0.538901,78541.670000,78513.120000
29796130,2026-08-26T18:10,78526.420000,0.084900,0.067571,2026-08-26,738.000000,6.943254,0.446694,78542.860000,78500.010000
29796131,2026-08-26T18:11,78551.490000,-0.060300,-0.121278,2026-08-26,1815.000000,29.939886,0.818660,78605.360000,78504.660000
29796132,2026-08-26T18:12,78634.730000,-0.365700,0.643385,2026-08-26,1235.000000,13.538748,0.678042,78658.340000,78554.620000
29796133,2026-08-26T18:13,78599.900000,-0.367600,0.353897,2026-08-26,1058.000000,8.559631,0.530829,78636.410000,78599.900000
29796134,2026-08-26T18:14,78574.260000,-0.087000,0.100489,2026-08-26,1816.000000,5.727510,0.536551,78620.460000,78561.960000
29796135,2026-08-26T18:15,78523.240000,-0.065500,-0.010570,2026-08-26,871.000000,3.997217,0.342729,78575.680000,78500.320000
29796136,2026-08-26T18:16,78549.890000,0.067300,-0.309877,2026-08-26,852.000000,4.763641,0.640040,78568.700000,78485.810000
29796137,2026-08-26T18:17,78563.930000,-0.218800,0.289149,2026-08-26,500.000000,4.259288,0.425420,78568.710000,78548.240000
29796138,2026-08-26T18:18,78568.290000,-0.126000,-0.204917,2026-08-26,433.000000,2.906347,0.436648,78585.290000,78563.910000
29796139,2026-08-26T18:19,78547.110000,-0.301500,-0.123042,2026-08-26,897.000000,1.478855,0.166923,78568.300000,78535.570000
29796140,2026-08-26T18:20,78547.080000,-0.328100,-0.672984,2026-08-26,1009.000000,3.130227,0.326858,78547.110000,78535.570000
29796141,2026-08-26T18:21,78606.610000,-0.186300,-0.146392,2026-08-26,1108.000000,6.275472,0.310906,78611.720000,78547.070000
29796142,2026-08-26T18:22,78548.640000,0.108500,-0.511384,2026-08-26,1309.000000,5.780308,0.517408,78608.220000,78545.170000
29796143,2026-08-26T18:23,78515.240000,-0.333000,0.044941,2026-08-26,1898.000000,4.621819,0.439825,78558.580000,78515.180000
29796144,2026-08-26T18:24,78511.760000,0.041400,-0.121872,2026-08-26,1826.000000,7.285027,0.338681,78517.570000,78475.000000
29796145,2026-08-26T18:25,78521.860000,-0.204300,-0.321893,2026-08-26,909.000000,4.261872,0.364800,78525.030000,78500.210000
29796146,2026-08-26T18:26,78464.740000,-0.064900,-0.279526,2026-08-26,2051.000000,2.298160,0.409575,78499.760000,78462.840000
29796147,2026-08-26T18:27,78465.970000,-0.173000,-0.250951,2026-08-26,1998.000000,5.809122,0.513360,78479.900000,78445.750000
29796148,2026-08-26T18:28,78462.900000,-0.128500,0.096331,2026-08-26,1978.000000,4.494891,0.429896,78472.740000,78436.310000
29796149,2026-08-26T18:29,78466.240000,-0.106600,-0.126158,2026-08-26,1447.000000,5.987508,0.280156,78474.330000,78447.220000
29796150,2026-08-26T18:30,78489.960000,-0.169600,-0.495358,2026-08-26,808.000000,2.041227,0.617587,78495.060000,78464.700000
29796151,2026-08-26T18:31,78443.520000,-0.699200,-0.006561,2026-08-26,1795.000000,10.259287,0.480097,78489.960000,78441.230000
29796152,2026-08-26T18:32,78430.490000,0.229800,0.009061,2026-08-26,2626.000000,35.499258,0.452250,78443.530000,78414.020000
29796153,2026-08-26T18:33,78467.710000,0.315000,-0.097478,2026-08-26,2567.000000,36.693638,0.418481,78482.820000,78425.920000
29796154,2026-08-26T18:34,78421.790000,-0.130400,-0.161261,2026-08-26,2491.000000,25.580040,0.501676,78467.720000,78396.860000
29796155,2026-08-26T18:35,78412.830000,0.016700,-0.021082,2026-08-26,2758.000000,25.602352,0.414825,78431.270000,78388.710000
29796156,2026-08-26T18:36,78408.420000,-0.127400,-0.179544,2026-08-26,2345.000000,20.720612,0.255512,78424.610000,78400.010000
29796157,2026-08-26T18:37,78407.450000,0.054200,-0.465085,2026-08-26,2483.000000,18.759058,0.222369,78422.290000,78399.940000
29796158,2026-08-26T18:38,78390.520000,-0.108100,-0.485109,2026-08-26,1720.000000,23.137442,0.487115,78432.030000,78357.420000
29796159,2026-08-26T18:39,78389.260000,0.482800,-0.064115,2026-08-26,524.000000,23.506567,0.391516,78398.200000,78373.000000
29796160,2026-08-26T18:40,78304.740000,0.108800,-0.307666,2026-08-26,767.000000,26.169519,0.435483,78389.270000,78295.230000
29796161,2026-08-26T18:41,78310.680000,-0.176700,-0.021013,2026-08-26,977.000000,13.490502,0.248997,78318.380000,78289.850000
29796162,2026-08-26T18:42,78299.540000,-0.803200,-0.497666,2026-08-26,1072.000000,18.993137,0.341339,78341.540000,78283.510000
29796163,2026-08-26T18:43,78290.930000,-0.223900,-0.314266,2026-08-26,1253.000000,12.334218,0.526419,78325.980000,78272.430000
29796164,2026-08-26T18:44,78297.510000,0.022000,0.034728,2026-08-26,916.000000,3.526969,0.383836,78303.900000,78281.960000
29796165,2026-08-26T18:45,78300.650000,-0.033100,-0.214947,2026-08-26,1056.000000,13.626189,0.271287,78322.860000,78286.440000
29796166,2026-08-26T18:46,78377.120000,-0.055800,-0.457419,2026-08-26,916.000000,7.412724,0.133123,78377.130000,78295.010000
29796167,2026-08-26T18:47,78403.670000,0.019900,-0.707386,2026-08-26,637.000000,2.465092,0.365084,78412.820000,78373.400000
29796168,2026-08-26T18:48,78394.110000,0.168400,-0.330439,2026-08-26,724.000000,4.618374,0.190937,78415.040000,78379.570000
29796169,2026-08-26T18:49,78398.670000,-0.122300,-0.616580,2026-08-26,920.000000,2.444279,0.448886,78402.720000,78371.930000
29796170,2026-08-26T18:50,78408.490000,0.013500,-0.134605,2026-08-26,859.000000,1.191911,0.217668,78411.360000,78391.450000
29796171,2026-08-26T18:51,78388.210000,-0.004400,-0.581691,2026-08-26,924.000000,3.351806,0.146107,78426.440000,78381.890000
29796172,2026-08-26T18:52,78434.050000,-0.030000,-0.706230,2026-08-26,856.000000,3.209502,0.498468,78440.130000,78388.210000
29796173,2026-08-26T18:53,78433.110000,-0.326800,-0.016499,2026-08-26,800.000000,1.142351,0.206583,78438.600000,78410.810000
29796174,2026-08-26T18:54,78458.960000,-0.106000,-0.571603,2026-08-26,717.000000,2.219012,0.545933,78458.970000,78427.240000
29796175,2026-08-26T18:55,78436.380000,0.248400,0.092803,2026-08-26,874.000000,2.233260,0.153317,78458.970000,78436.300000
29796176,2026-08-26T18:56,78438.710000,-0.495600,-0.695298,2026-08-26,745.000000,1.669467,0.291800,78447.420000,78436.370000
29796177,2026-08-26T18:57,78468.740000,-0.273600,-0.417936,2026-08-26,454.000000,1.947002,0.834455,78472.170000,78438.700000
29796178,2026-08-26T18:58,78496.680000,-0.367500,0.673828,2026-08-26,566.000000,6.027595,0.447094,78496.690000,78457.700000
29796179,2026-08-26T18:59,78471.390000,0.146400,-0.105078,2026-08-26,469.000000,2.679680,0.131016,78504.310000,78456.440000
29796180,2026-08-26T19:00,78505.240000,0.046800,-0.742422,2026-08-26,838.000000,6.905816,0.531783,78510.230000,78456.030000
29796181,2026-08-26T19:01,78455.010000,0.215300,0.057123,2026-08-26,1068.000000,6.525919,0.631487,78505.230000,78455.000000
29796182,2026-08-26T19:02,78502.330000,0.343400,0.270807,2026-08-26,862.000000,7.319487,0.734480,78504.030000,78452.450000
29796183,2026-08-26T19:03,78452.480000,-0.185500,0.462466,2026-08-26,898.000000,4.074920,0.521314,78500.790000,78437.010000
29796184,2026-08-26T19:04,78451.670000,-0.125700,0.052999,2026-08-26,656.000000,6.506303,0.786447,78467.690000,78438.680000
29796185,2026-08-26T19:05,78427.760000,-0.227500,0.607173,2026-08-26,696.000000,3.102458,0.845310,78452.540000,78415.520000
29796186,2026-08-26T19:06,78449.210000,-0.188400,0.668788,2026-08-26,685.000000,4.398356,0.687967,78449.210000,78427.750000
29796187,2026-08-26T19:07,78422.960000,-0.214800,0.374729,2026-08-26,856.000000,6.042190,0.756140,78451.510000,78395.780000
29796188,2026-08-26T19:08,78401.740000,-0.600100,0.505017,2026-08-26,815.000000,5.572330,0.719067,78426.430000,78392.920000
29796189,2026-08-26T19:09,78392.920000,-0.045000,0.459543,2026-08-26,828.000000,6.251629,0.937068,78428.090000,78392.920000
29796190,2026-08-26T19:10,78451.540000,-0.241600,0.869195,2026-08-26,649.000000,6.741404,0.888041,78451.540000,78385.900000
29796191,2026-08-26T19:11,78441.040000,-0.181000,0.775639,2026-08-26,292.000000,2.141815,0.637319,78467.690000,78441.040000
29796192,2026-08-26T19:12,78410.050000,-0.191500,0.276172,2026-08-26,1112.000000,4.885385,0.756561,78441.260000,78387.010000
29796193,2026-08-26T19:13,78380.790000,-0.325700,0.522046,2026-08-26,907.000000,3.561751,0.740882,78410.060000,78377.140000
29796194,2026-08-26T19:14,78382.240000,-0.415100,0.487328,2026-08-26,839.000000,6.166108,0.870414,78385.800000,78376.310000
29796195,2026-08-26T19:15,78392.430000,0.207600,0.734900,2026-08-26,740.000000,6.430428,0.870376,78418.000000,78382.240000
29796196,2026-08-26T19:16,78394.110000,-0.115200,0.736654,2026-08-26,751.000000,4.059723,0.832422,78394.770000,78385.430000
29796197,2026-08-26T19:17,78400.360000,0.031100,0.745374,2026-08-26,885.000000,4.645814,0.795284,78416.040000,78394.110000
29796198,2026-08-26T19:18,78434.350000,-0.231200,0.454018,2026-08-26,674.000000,4.630596,0.707003,78434.440000,78400.360000
29796199,2026-08-26T19:19,78412.170000,-0.250600,0.355103,2026-08-26,613.000000,9.200450,0.692145,78457.510000,78378.170000
29796200,2026-08-26T19:20,78367.890000,-0.108500,0.401824,2026-08-26,564.000000,4.659615,0.567532,78412.160000,78357.420000
29796201,2026-08-26T19:21,78286.570000,-0.401100,0.157777,2026-08-26,799.000000,6.086539,0.721961,78384.310000,78286.560000
29796202,2026-08-26T19:22,78319.580000,-0.290900,0.439387,2026-08-26,450.000000,6.725233,0.927524,78327.990000,78281.850000
29796203,2026-08-26T19:23,78326.390000,-0.193700,0.850939,2026-08-26,726.000000,9.445520,0.899399,78332.940000,78311.690000
29796204,2026-08-26T19:24,78334.760000,-0.163500,0.804892,2026-08-26,738.000000,9.335928,0.727424,78353.750000,78316.290000
29796205,2026-08-26T19:25,78386.850000,-0.348200,0.454932,2026-08-26,792.000000,8.315908,0.665664,78386.840000,78299.250000
29796206,2026-08-26T19:26,78546.490000,0.128100,0.463824,2026-08-26,817.000000,12.295584,0.811306,78562.240000,78386.850000
29796207,2026-08-26T19:27,78543.300000,-0.153700,0.490885,2026-08-26,918.000000,5.485423,0.741503,78573.330000,78509.720000
29796208,2026-08-26T19:28,78519.080000,-0.470400,0.601084,2026-08-26,706.000000,5.124183,0.750402,78569.890000,78514.070000
29796209,2026-08-26T19:29,78531.110000,-0.209800,0.506935,2026-08-26,623.000000,5.685050,0.871072,78538.210000,78514.490000
29796210,2026-08-26T19:30,78512.300000,-0.996700,0.740179,2026-08-26,890.000000,3.937151,0.644607,78549.970000,78512.300000
29796211,2026-08-26T19:31,78540.670000,-0.293900,0.268576,2026-08-26,1043.000000,8.805778,0.823926,78550.000000,78489.620000
29796212,2026-08-26T19:32,78519.140000,-0.082800,0.628533,2026-08-26,857.000000,5.562494,0.588338,78540.680000,78508.760000
29796213,2026-08-26T19:33,78510.300000,0.011300,0.200948,2026-08-26,638.000000,4.104338,0.679471,78519.240000,78492.730000
29796214,2026-08-26T19:34,78492.290000,-0.312900,0.369260,2026-08-26,556.000000,5.260350,0.772946,78514.930000,78479.090000
29796215,2026-08-26T19:35,78466.610000,-0.226100,0.540297,2026-08-26,680.000000,7.273063,0.759505,78512.410000,78465.880000
29796216,2026-08-26T19:36,78463.200000,-0.332900,0.519188,2026-08-26,775.000000,4.987991,0.543145,78491.200000,78463.190000
29796217,2026-08-26T19:37,78443.020000,-0.118800,0.101315,2026-08-26,907.000000,7.567303,0.680754,78471.840000,78432.700000
29796218,2026-08-26T19:38,78415.460000,0.266400,0.336915,2026-08-26,1089.000000,10.384167,0.408653,78456.010000,78413.460000
29796219,2026-08-26T19:39,78408.390000,-0.447200,-0.151725,2026-08-26,1205.000000,12.026301,0.313153,78423.930000,78399.550000
29796220,2026-08-26T19:40,78383.790000,-0.439300,-0.409256,2026-08-26,1168.000000,11.025819,0.139617,78408.400000,78371.170000
29796221,2026-08-26T19:41,78406.330000,-0.561400,-0.720587,2026-08-26,1194.000000,13.136686,0.462579,78417.960000,78379.410000
29796222,2026-08-26T19:42,78408.920000,-0.051100,-0.063704,2026-08-26,1132.000000,10.007087,0.309380,78426.440000,78397.990000
29796223,2026-08-26T19:43,78406.210000,-0.239000,-0.382498,2026-08-26,833.000000,9.313631,0.265797,78416.620000,78396.040000
29796224,2026-08-26T19:44,78431.950000,-0.207200,-0.456746,2026-08-26,991.000000,8.491372,0.359347,78438.480000,78406.220000
29796225,2026-08-26T19:45,78464.320000,-0.052100,-0.294577,2026-08-26,1142.000000,15.141294,0.524591,78468.250000,78426.910000
29796226,2026-08-26T19:46,78468.600000,-0.158700,0.053537,2026-08-26,1106.000000,8.835175,0.395260,78469.410000,78450.650000
29796227,2026-08-26T19:47,78454.420000,-0.216400,-0.221337,2026-08-26,1077.000000,12.308359,0.578036,78484.770000,78444.300000
29796228,2026-08-26T19:48,78456.020000,-0.248200,0.151076,2026-08-26,939.000000,4.335423,0.713327,78491.090000,78452.510000
29796229,2026-08-26T19:49,78479.390000,-0.081900,0.493709,2026-08-26,568.000000,7.246022,0.879927,78486.930000,78456.020000
29796230,2026-08-26T19:50,78471.700000,-0.268400,0.682564,2026-08-26,936.000000,7.885379,0.780441,78521.550000,78451.200000
29796231,2026-08-26T19:51,78529.390000,0.315700,0.631779,2026-08-26,639.000000,13.971636,0.861638,78541.310000,78456.020000
29796232,2026-08-26T19:52,78513.600000,-0.160000,0.605329,2026-08-26,902.000000,7.999869,0.357961,78538.700000,78503.740000
29796233,2026-08-26T19:53,78481.040000,-0.015900,-0.236540,2026-08-26,662.000000,6.831082,0.625523,78514.230000,78475.750000
29796234,2026-08-26T19:54,78457.740000,-0.094300,0.343306,2026-08-26,878.000000,7.010333,0.661549,78488.790000,78446.170000
29796235,2026-08-26T19:55,78494.670000,-0.122200,0.318832,2026-08-26,523.000000,1.827977,0.560382,78494.720000,78457.740000
29796236,2026-08-26T19:56,78461.650000,-0.370300,0.029531,2026-08-26,855.000000,4.714094,0.722632,78495.860000,78459.830000
29796237,2026-08-26T19:57,78449.510000,-0.152800,0.487290,2026-08-26,886.000000,2.387729,0.720534,78469.110000,78446.160000
29796238,2026-08-26T19:58,78460.770000,-0.242200,0.456193,2026-08-26,522.000000,6.452171,0.623666,78467.010000,78437.320000
29796239,2026-08-26T19:59,78475.980000,0.490300,0.213942,2026-08-26,794.000000,21.062397,0.880829,78486.310000,78446.170000
29796240,2026-08-26T20:00,78458.520000,-0.232200,0.780194,2026-08-26,853.000000,4.345438,0.542916,78489.550000,78431.210000
29796241,2026-08-26T20:01,78415.580000,0.326500,0.138187,2026-08-26,900.000000,7.426243,0.509153,78467.350000,78384.890000
29796242,2026-08-26T20:02,78451.710000,0.312400,-0.002628,2026-08-26,793.000000,4.904904,0.649290,78455.470000,78401.500000
29796243,2026-08-26T20:03,78495.460000,0.293700,0.289709,2026-08-26,572.000000,5.048098,0.641328,78503.520000,78447.450000
29796244,2026-08-26T20:04,78503.800000,0.064100,0.282650,2026-08-26,624.000000,5.464541,0.684372,78513.590000,78474.010000
29796245,2026-08-26T20:05,78506.400000,-0.090500,0.368748,2026-08-26,606.000000,5.155756,0.746236,78526.430000,78478.440000
29796246,2026-08-26T20:06,78526.920000,-0.053900,0.493020,2026-08-26,769.000000,4.417484,0.805826,78538.600000,78505.690000
29796247,2026-08-26T20:07,78527.740000,-0.384100,0.611699,2026-08-26,667.000000,6.795102,0.875989,78544.360000,78503.930000
29796248,2026-08-26T20:08,78503.510000,-0.042000,0.761677,2026-08-26,598.000000,5.094153,0.636551,78532.780000,78493.590000
29796249,2026-08-26T20:09,78477.240000,-0.239600,0.225498,2026-08-26,746.000000,5.526443,0.777227,78507.520000,78477.230000
29796250,2026-08-26T20:10,78489.210000,-0.362900,0.554280,2026-08-26,810.000000,3.189733,0.915379,78490.510000,78470.820000
29796251,2026-08-26T20:11,78461.880000,0.087000,0.831279,2026-08-26,809.000000,4.314135,0.736378,78487.950000,78441.660000
29796252,2026-08-26T20:12,78452.350000,0.080000,0.472615,2026-08-26,524.000000,1.985456,0.615571,78468.010000,78442.900000
29796253,2026-08-26T20:13,78436.460000,-0.103900,0.228640,2026-08-26,440.000000,6.522636,0.798998,78473.840000,78419.290000
29796254,2026-08-26T20:14,78419.290000,-0.485100,0.600348,2026-08-26,828.000000,2.038032,0.657786,78440.890000,78419.290000
29796255,2026-08-26T20:15,78448.640000,-0.000300,0.281916,2026-08-26,698.000000,3.132167,0.310607,78465.880000,78401.020000
29796256,2026-08-26T20:16,78443.180000,-0.090800,-0.252533,2026-08-26,719.000000,5.699672,0.405779,78462.080000,78416.580000
29796257,2026-08-26T20:17,78423.240000,0.331300,-0.255063,2026-08-26,856.000000,2.046568,0.534928,78448.480000,78416.780000
29796258,2026-08-26T20:18,78404.770000,0.075500,0.085359,2026-08-26,684.000000,2.874436,0.806413,78426.190000,78400.000000
29796259,2026-08-26T20:19,78409.450000,0.045400,0.608388,2026-08-26,606.000000,2.001732,0.738618,78431.290000,78393.560000
29796260,2026-08-26T20:20,78338.010000,0.183100,-0.361284,2026-08-26,628.000000,10.150175,0.241346,78409.440000,78333.780000
29796261,2026-08-26T20:21,78240.830000,-0.097600,-0.350802,2026-08-26,839.000000,13.798673,0.110884,78345.090000,78239.140000
29796262,2026-08-26T20:22,78235.850000,0.124100,-0.776549,2026-08-26,561.000000,4.420327,0.600325,78257.130000,78200.000000
29796263,2026-08-26T20:23,78284.570000,0.195400,0.231815,2026-08-26,434.000000,6.271224,0.879316,78307.400000,78239.090000
29796264,2026-08-26T20:24,78332.460000,-0.079800,0.761981,2026-08-26,320.000000,5.415421,0.378015,78337.830000,78281.980000
29796265,2026-08-26T20:25,78370.640000,0.130900,-0.264571,2026-08-26,619.000000,5.086451,0.366119,78396.760000,78332.460000
29796266,2026-08-26T20:26,78362.200000,-0.189700,-0.271822,2026-08-26,884.000000,4.599312,0.312124,78370.640000,78340.970000
29796267,2026-08-26T20:27,78340.270000,-0.083300,-0.377660,2026-08-26,1015.000000,5.942234,0.214590,78362.190000,78331.850000
29796268,2026-08-26T20:28,78393.040000,0.038000,-0.559065,2026-08-26,392.000000,5.314186,0.486517,78397.290000,78338.450000
29796269,2026-08-26T20:29,78399.990000,0.295100,-0.033344,2026-08-26,826.000000,4.704724,0.270289,78400.000000,78391.350000
29796270,2026-08-26T20:30,78390.540000,-0.267500,-0.474393,2026-08-26,948.000000,6.771152,0.277088,78401.960000,78372.650000
29796271,2026-08-26T20:31,78378.520000,0.055200,-0.433762,2026-08-26,1051.000000,4.687196,0.362804,78412.430000,78378.520000
29796272,2026-08-26T20:32,78343.180000,-0.220900,-0.259541,2026-08-26,1003.000000,5.181554,0.167988,78394.490000,78339.790000
29796273,2026-08-26T20:33,78328.490000,-0.349200,-0.684247,2026-08-26,943.000000,3.701536,0.231967,78358.850000,78327.850000
29796274,2026-08-26T20:34,78341.040000,0.160300,-0.543751,2026-08-26,754.000000,4.858445,0.230770,78351.970000,78322.540000
29796275,2026-08-26T20:35,78301.990000,0.031500,-0.534298,2026-08-26,1042.000000,7.654828,0.182420,78344.570000,78292.390000
29796276,2026-08-26T20:36,78298.290000,-0.363500,-0.644307,2026-08-26,1021.000000,3.973557,0.219035,78304.320000,78281.590000
29796277,2026-08-26T20:37,78338.180000,0.199200,-0.539960,2026-08-26,694.000000,4.989902,0.419932,78340.320000,78291.610000
29796278,2026-08-26T20:38,78355.080000,-0.166900,-0.190193,2026-08-26,990.000000,4.104603,0.224113,78358.830000,78336.520000
29796279,2026-08-26T20:39,78367.510000,-0.194500,-0.549215,2026-08-26,1012.000000,2.187687,0.565030,78382.110000,78343.250000
29796280,2026-08-26T20:40,78401.710000,0.192300,0.128305,2026-08-26,443.000000,2.329074,0.660853,78402.120000,78367.510000
29796281,2026-08-26T20:41,78428.790000,0.881800,0.321061,2026-08-26,724.000000,4.949196,0.551368,78432.240000,78401.710000
29796282,2026-08-26T20:42,78422.290000,0.628700,0.102737,2026-08-26,431.000000,0.773832,0.734211,78430.740000,78413.950000
29796283,2026-08-26T20:43,78403.670000,0.107800,0.468464,2026-08-26,744.000000,3.646066,0.184385,78432.200000,78396.030000
29796284,2026-08-26T20:44,78392.990000,-0.566600,-0.630766,2026-08-26,867.000000,0.982440,0.462594,78414.440000,78392.990000
29796285,2026-08-26T20:45,78394.930000,-0.082600,-0.218976,2026-08-26,815.000000,4.811137,0.149768,78400.000000,78370.630000
29796286,2026-08-26T20:46,78400.110000,0.090100,-0.688964,2026-08-26,718.000000,0.919992,0.699145,78409.890000,78385.680000
29796287,2026-08-26T20:47,78393.760000,-0.398000,0.530011,2026-08-26,827.000000,2.921969,0.333882,78414.440000,78392.050000
29796288,2026-08-26T20:48,78388.140000,-0.214700,-0.461639,2026-08-26,808.000000,2.466875,0.121357,78406.710000,78388.140000
29796289,2026-08-26T20:49,78382.510000,-0.400000,-0.756991,2026-08-26,992.000000,5.208179,0.061939,78394.920000,78377.140000
29796290,2026-08-26T20:50,78377.200000,0.079600,-0.874100,2026-08-26,933.000000,4.580520,0.109007,78384.090000,78369.490000
29796291,2026-08-26T20:51,78395.350000,-0.080900,-0.791258,2026-08-26,934.000000,4.685415,0.174777,78409.070000,78376.110000
29796292,2026-08-26T20:52,78402.240000,0.117300,-0.641020,2026-08-26,958.000000,4.024894,0.099770,78403.660000,78379.960000
29796293,2026-08-26T20:53,78416.860000,-0.152600,-0.798444,2026-08-26,907.000000,3.613694,0.132108,78426.420000,78400.770000
29796294,2026-08-26T20:54,78423.490000,0.260600,-0.726836,2026-08-26,1022.000000,6.813996,0.103593,78423.720000,78399.740000
29796295,2026-08-26T20:55,78433.430000,-0.034000,-0.752472,2026-08-26,1044.000000,3.240590,0.179598,78447.730000,78423.490000
29796296,2026-08-26T20:56,78438.360000,-0.298800,-0.707660,2026-08-26,888.000000,2.184265,0.276495,78441.260000,78430.470000
29796297,2026-08-26T20:57,78442.510000,-0.117700,-0.474882,2026-08-26,1063.000000,8.117423,0.412163,78449.330000,78436.000000
29796298,2026-08-26T20:58,78448.760000,0.594300,-0.192184,2026-08-26,1032.000000,3.756636,0.156883,78449.990000,78442.070000
29796299,2026-08-26T20:59,78448.540000,0.420100,-0.611735,2026-08-26,935.000000,3.795495,0.256375,78449.990000,78433.490000
29796300,2026-08-26T21:00,78452.080000,0.567200,-0.550873,2026-08-26,1069.000000,5.192730,0.197539,78453.310000,78444.600000
29796301,2026-08-26T21:01,78433.230000,-0.279700,-0.617494,2026-08-26,982.000000,5.778592,0.170595,78454.720000,78423.270000
29796302,2026-08-26T21:02,78428.560000,-0.239500,-0.779611,2026-08-26,1321.000000,19.706451,0.395201,78455.260000,78376.350000
29796303,2026-08-26T21:03,78415.670000,0.471700,-0.063604,2026-08-26,940.000000,4.444956,0.541714,78429.260000,78390.780000
29796304,2026-08-26T21:04,78403.400000,0.461400,0.204982,2026-08-26,715.000000,1.826741,0.414078,78431.600000,78397.370000
29796305,2026-08-26T21:05,78476.860000,0.073200,-0.733585,2026-08-26,997.000000,6.394267,0.454469,78483.210000,78390.000000
29796306,2026-08-26T21:06,78514.890000,-0.002300,0.341508,2026-08-26,1129.000000,5.907596,0.659355,78556.700000,78476.850000
29796307,2026-08-26T21:07,78538.790000,0.216200,0.344715,2026-08-26,882.000000,4.504174,0.414555,78541.030000,78478.390000
29796308,2026-08-26T21:08,78606.140000,0.054400,-0.176634,2026-08-26,1087.000000,7.057809,0.636386,78611.080000,78534.180000
29796309,2026-08-26T21:09,78610.530000,0.423900,0.267373,2026-08-26,980.000000,3.029732,0.231307,78613.780000,78579.200000
29796310,2026-08-26T21:10,78661.920000,0.329800,-0.530391,2026-08-26,1044.000000,14.482311,0.614251,78662.300000,78537.820000
29796311,2026-08-26T21:11,78700.830000,0.067800,0.215954,2026-08-26,846.000000,9.852099,0.745617,78704.410000,78630.600000
29796312,2026-08-26T21:12,78642.200000,-0.047900,0.497033,2026-08-26,679.000000,1.856823,0.310305,78700.820000,78633.500000
29796313,2026-08-26T21:13,78743.060000,-0.119800,-0.362800,2026-08-26,1350.000000,14.337968,0.660531,78761.610000,78639.130000
29796314,2026-08-26T21:14,78770.510000,0.339000,0.301432,2026-08-26,1040.000000,12.185817,0.743614,78817.480000,78727.560000
29796315,2026-08-26T21:15,78794.490000,-0.081100,0.511164,2026-08-26,863.000000,8.351937,0.733221,78804.050000,78735.330000
29796316,2026-08-26T21:16,78818.640000,-0.068100,0.462834,2026-08-26,908.000000,4.956361,0.576715,78831.330000,78762.680000
29796317,2026-08-26T21:17,78820.740000,-0.013700,0.139251,2026-08-26,698.000000,2.498178,0.365185,78820.750000,78756.250000
29796318,2026-08-26T21:18,78807.510000,0.458000,-0.317280,2026-08-26,739.000000,2.304230,0.363309,78832.500000,78800.480000
29796319,2026-08-26T21:19,78764.710000,0.086900,-0.220595,2026-08-26,916.000000,3.451487,0.505615,78810.730000,78724.680000
29796320,2026-08-26T21:20,78771.240000,-0.167700,0.021872,2026-08-26,825.000000,7.184883,0.098576,78773.720000,78725.000000
29796321,2026-08-26T21:21,78809.990000,0.569100,-0.804075,2026-08-26,721.000000,4.012811,0.405173,78823.960000,78769.270000
29796322,2026-08-26T21:22,78757.260000,0.196400,-0.150516,2026-08-26,874.000000,7.692293,0.426456,78821.320000,78746.200000
29796323,2026-08-26T21:23,78741.670000,0.029000,-0.166734,2026-08-26,803.000000,5.254465,0.826909,78773.530000,78732.100000
29796324,2026-08-26T21:24,78792.900000,-0.095300,0.622559,2026-08-26,446.000000,2.859361,0.373420,78794.970000,78736.200000
29796325,2026-08-26T21:25,78752.790000,0.247800,-0.229777,2026-08-26,816.000000,6.963086,0.568777,78847.510000,78752.780000
29796326,2026-08-26T21:26,78786.360000,0.042900,0.138267,2026-08-26,741.000000,2.718999,0.616887,78793.960000,78752.780000
29796327,2026-08-26T21:27,78735.760000,0.115500,0.224891,2026-08-26,997.000000,6.323589,0.653153,78786.380000,78725.000000
29796328,2026-08-26T21:28,78722.240000,0.191800,0.276658,2026-08-26,885.000000,3.543587,0.466799,78756.250000,78704.160000
29796329,2026-08-26T21:29,78751.830000,-0.181000,-0.021770,2026-08-26,829.000000,2.728269,0.592566,78799.870000,78712.390000
29796330,2026-08-26T21:30,78678.960000,-0.048200,0.184811,2026-08-26,947.000000,4.642856,0.226630,78750.010000,78670.500000
29796331,2026-08-26T21:31,78650.010000,-0.189000,-0.544874,2026-08-26,1023.000000,4.392301,0.656684,78685.440000,78650.000000
29796332,2026-08-26T21:32,78706.790000,-0.055200,0.278230,2026-08-26,832.000000,2.925425,0.406197,78712.380000,78649.710000
29796333,2026-08-26T21:33,78713.620000,-0.017000,-0.129302,2026-08-26,832.000000,5.738311,0.412924,78724.110000,78688.640000
29796334,2026-08-26T21:34,78750.400000,-0.130700,-0.174374,2026-08-26,851.000000,2.427191,0.562634,78751.130000,78705.230000
29796335,2026-08-26T21:35,78777.450000,0.136500,0.127423,2026-08-26,590.000000,1.645128,0.224473,78782.980000,78750.400000
29796336,2026-08-26T21:36,78833.330000,0.061800,-0.558527,2026-08-26,841.000000,3.900282,0.404695,78842.370000,78771.330000
29796337,2026-08-26T21:37,78761.710000,0.139900,-0.284012,2026-08-26,933.000000,2.811802,0.238273,78833.330000,78761.720000
29796338,2026-08-26T21:38,78758.290000,-0.217900,-0.414355,2026-08-26,878.000000,1.306510,0.200787,78785.360000,78758.280000
29796339,2026-08-26T21:39,78776.700000,-0.040900,-0.596750,2026-08-26,871.000000,1.157026,0.296981,78776.700000,78758.280000
29796340,2026-08-26T21:40,78751.830000,0.013000,-0.406817,2026-08-26,754.000000,2.349823,0.183353,78776.700000,78736.720000
29796341,2026-08-26T21:41,78728.790000,-0.130100,-0.545112,2026-08-26,993.000000,7.399031,0.065104,78753.410000,78690.910000
29796342,2026-08-26T21:42,78715.740000,-0.265600,-0.907006,2026-08-26,886.000000,2.238183,0.322755,78731.040000,78711.760000
29796343,2026-08-26T21:43,78725.100000,0.028600,-0.350158,2026-08-26,995.000000,2.172668,0.353255,78741.890000,78695.620000
29796344,2026-08-26T21:44,78717.150000,0.149800,-0.356999,2026-08-26,825.000000,6.506297,0.263107,78737.790000,78704.160000
29796345,2026-08-26T21:45,78703.800000,0.092500,-0.457289,2026-08-26,748.000000,3.787332,0.140145,78720.760000,78682.810000
29796346,2026-08-26T21:46,78723.170000,0.021400,-0.729015,2026-08-26,760.000000,1.911640,0.267996,78730.630000,78703.620000
29796347,2026-08-26T21:47,78690.170000,-0.300600,-0.420058,2026-08-26,886.000000,11.108076,0.066364,78723.170000,78684.640000
29796348,2026-08-26T21:48,78684.640000,0.096600,-0.867591,2026-08-26,835.000000,0.669438,0.720325,78690.860000,78669.450000
29796349,2026-08-26T21:49,78696.960000,-0.207500,0.436910,2026-08-26,1025.000000,2.127744,0.391678,78696.970000,78668.800000
29796350,2026-08-26T21:50,78732.100000,-0.223700,-0.207641,2026-08-26,901.000000,2.104299,0.445856,78732.100000,78696.640000
29796351,2026-08-26T21:51,78736.890000,-0.345300,-0.127517,2026-08-26,770.000000,2.748384,0.488647,78741.700000,78700.860000
29796352,2026-08-26T21:52,78735.350000,0.429300,-0.013373,2026-08-26,903.000000,2.305402,0.300998,78741.680000,78725.000000
29796353,2026-08-26T21:53,78776.390000,0.266200,-0.424765,2026-08-26,761.000000,4.774915,0.461954,78791.260000,78735.340000
29796354,2026-08-26T21:54,78771.540000,-0.320300,-0.059990,2026-08-26,851.000000,6.660200,0.632875,78804.960000,78768.020000
29796355,2026-08-26T21:55,78761.010000,0.384700,0.263732,2026-08-26,954.000000,4.338382,0.704723,78772.990000,78751.540000
29796356,2026-08-26T21:56,78758.540000,0.135500,0.424361,2026-08-26,920.000000,1.943501,0.406288,78761.010000,78736.980000
29796357,2026-08-26T21:57,78763.380000,0.146500,-0.198878,2026-08-26,635.000000,3.166890,0.205359,78774.500000,78761.000000
29796358,2026-08-26T21:58,78771.260000,0.041100,-0.586942,2026-08-26,640.000000,0.594454,0.689018,78774.560000,78763.370000
29796359,2026-08-26T21:59,78718.610000,0.253800,0.381767,2026-08-26,856.000000,1.938661,0.431608,78771.270000,78718.540000
29796360,2026-08-26T22:00,78775.990000,-0.370500,-0.127729,2026-08-26,1095.000000,13.092569,0.535358,78781.370000,78673.550000
29796361,2026-08-26T22:01,78797.420000,0.220500,0.077445,2026-08-26,1092.000000,10.329189,0.340687,78828.670000,78765.570000
29796362,2026-08-26T22:02,78804.330000,0.506700,-0.361894,2026-08-26,823.000000,3.379892,0.645009,78827.630000,78779.490000
29796363,2026-08-26T22:03,78822.120000,-0.102800,0.289979,2026-08-26,799.000000,2.578158,0.771867,78837.400000,78788.940000
29796364,2026-08-26T22:04,78865.680000,-0.385300,0.579472,2026-08-26,915.000000,5.494000,0.904939,78869.000000,78801.120000
29796365,2026-08-26T22:05,78868.540000,0.296100,0.764604,2026-08-26,873.000000,1.169931,0.496633,78868.540000,78853.230000
29796366,2026-08-26T22:06,78810.990000,0.101500,0.093483,2026-08-26,915.000000,2.465773,0.578546,78878.680000,78810.980000
29796367,2026-08-26T22:07,78831.470000,0.579400,0.193452,2026-08-26,785.000000,1.632313,0.589048,78863.520000,78810.990000
29796368,2026-08-26T22:08,78808.430000,-0.085700,0.142353,2026-08-26,902.000000,1.799609,0.511520,78845.070000,78804.010000
29796369,2026-08-26T22:09,78789.890000,-0.451400,0.018770,2026-08-26,863.000000,3.762290,0.174738,78817.020000,78789.880000
29796370,2026-08-26T22:10,78765.010000,0.361600,-0.667057,2026-08-26,962.000000,2.717534,0.596190,78789.890000,78761.680000
29796371,2026-08-26T22:11,78723.140000,0.581400,0.199895,2026-08-26,876.000000,2.223290,0.308740,78788.880000,78722.900000
29796372,2026-08-26T22:12,78776.460000,0.071300,-0.400291,2026-08-26,713.000000,3.763266,0.305339,78781.370000,78723.140000
29796373,2026-08-26T22:13,78744.680000,0.524300,-0.390242,2026-08-26,428.000000,17.028578,0.123364,78819.000000,78744.680000
29796374,2026-08-26T22:14,78780.520000,-0.351200,-0.753272,2026-08-26,741.000000,4.975708,0.655109,78795.740000,78722.470000
29796375,2026-08-26T22:15,78840.550000,0.088300,0.310575,2026-08-26,500.000000,2.458887,0.437561,78844.600000,78757.410000
29796376,2026-08-26T22:16,78888.670000,0.430200,-0.127833,2026-08-26,686.000000,2.977098,0.417695,78889.860000,78834.160000
29796377,2026-08-26T22:17,78812.860000,-0.166400,-0.167640,2026-08-26,807.000000,16.374842,0.491340,78927.530000,78810.980000
29796378,2026-08-26T22:18,78886.150000,0.467800,-0.016182,2026-08-26,604.000000,7.071381,0.160722,78886.150000,78803.160000
29796379,2026-08-26T22:19,78884.570000,0.173200,-0.349551,2026-08-26,703.000000,4.537636,0.642225,78919.440000,78854.760000
29796380,2026-08-26T22:20,78928.490000,0.562700,-0.149806,2026-08-26,563.000000,4.373162,0.611986,78928.490000,78870.140000
29796381,2026-08-26T22:21,78972.640000,0.572400,0.222217,2026-08-26,498.000000,5.668545,0.520876,78999.170000,78928.490000
29796382,2026-08-26T22:22,78922.990000,0.594600,0.041986,2026-08-26,664.000000,6.342865,0.681859,78974.970000,78908.330000
29796383,2026-08-26T22:23,78887.110000,-0.042000,0.360389,2026-08-26,715.000000,2.358892,0.478369,78933.680000,78880.010000
29796384,2026-08-26T22:24,78828.880000,0.126300,-0.030501,2026-08-26,988.000000,7.206061,0.711967,78906.580000,78820.850000
29796385,2026-08-26T22:25,78842.710000,0.095500,0.424625,2026-08-26,850.000000,4.204217,0.636176,78870.140000,78806.160000
29796386,2026-08-26T22:26,78887.490000,0.279900,0.244290,2026-08-26,410.000000,1.637913,0.327944,78888.210000,78838.060000
29796387,2026-08-26T22:27,78842.880000,0.194000,-0.339678,2026-08-26,700.000000,2.658989,0.226115,78887.760000,78837.180000
29796388,2026-08-26T22:28,78844.770000,0.253200,-0.516865,2026-08-26,587.000000,2.408653,0.349792,78859.700000,78837.460000
29796389,2026-08-26T22:29,78828.400000,0.420100,-0.329350,2026-08-26,721.000000,3.853226,0.414198,78848.190000,78789.670000
29796390,2026-08-26T22:30,78815.400000,0.276700,-0.161291,2026-08-26,780.000000,3.082759,0.375432,78828.400000,78781.400000
29796391,2026-08-26T22:31,78741.830000,-0.024100,-0.243916,2026-08-26,904.000000,4.032721,0.689021,78827.170000,78737.430000
29796392,2026-08-26T22:32,78712.400000,0.545500,0.389483,2026-08-26,810.000000,5.130115,0.699880,78760.640000,78712.380000
29796393,2026-08-26T22:33,78739.080000,0.527600,-0.064170,2026-08-26,544.000000,5.752057,0.176214,78750.200000,78702.010000
29796394,2026-08-26T22:34,78764.390000,-0.175900,-0.421416,2026-08-26,494.000000,2.318376,0.440550,78771.050000,78731.710000
29796395,2026-08-26T22:35,78722.260000,0.455600,-0.076822,2026-08-26,762.000000,1.366931,0.183425,78782.830000,78722.240000
29796396,2026-08-26T22:36,78676.680000,-0.035300,-0.713138,2026-08-26,806.000000,2.312037,0.414423,78722.260000,78662.730000
29796397,2026-08-26T22:37,78659.450000,0.047600,-0.135806,2026-08-26,730.000000,4.752871,0.714650,78692.650000,78620.600000
29796398,2026-08-26T22:38,78648.520000,0.156100,0.410784,2026-08-26,709.000000,4.326336,0.112863,78682.790000,78622.620000
29796399,2026-08-26T22:39,78600.010000,0.245100,-0.773316,2026-08-26,680.000000,3.032702,0.557626,78648.530000,78600.010000
29796400,2026-08-26T22:40,78629.100000,0.428800,0.169152,2026-08-26,444.000000,2.791914,0.600511,78641.830000,78600.010000
29796401,2026-08-26T22:41,78625.170000,0.181900,0.129147,2026-08-26,805.000000,3.026347,0.675535,78638.060000,78591.580000
29796402,2026-08-26T22:42,78673.920000,0.421100,0.381897,2026-08-26,538.000000,2.273513,0.374961,78681.280000,78609.230000
29796403,2026-08-26T22:43,78664.070000,0.466700,-0.240647,2026-08-26,684.000000,0.711732,0.367607,78696.750000,78664.060000
29796404,2026-08-26T22:44,78694.130000,-0.059800,-0.260096,2026-08-26,624.000000,2.006916,0.462987,78707.940000,78653.230000
29796405,2026-08-26T22:45,78656.770000,0.780400,-0.117219,2026-08-26,896.000000,1.638189,0.329411,78698.520000,78655.670000
29796406,2026-08-26T22:46,78676.140000,0.280700,-0.310405,2026-08-26,722.000000,1.901230,0.339454,78690.950000,78653.230000
29796407,2026-08-26T22:47,78673.540000,-0.012600,-0.341061,2026-08-26,878.000000,1.469691,0.482547,78682.960000,78668.440000
29796408,2026-08-26T22:48,78635.420000,0.454900,0.005302,2026-08-26,851.000000,2.098541,0.408385,78678.840000,78635.420000
29796409,2026-08-26T22:49,78604.050000,0.363300,-0.182935,2026-08-26,908.000000,4.175638,0.261714,78635.430000,78600.010000
29796410,2026-08-26T22:50,78574.010000,0.466800,-0.532744,2026-08-26,842.000000,2.223424,0.560768,78619.990000,78564.480000
29796411,2026-08-26T22:51,78566.710000,0.041500,0.474918,2026-08-26,882.000000,2.073976,0.281673,78601.300000,78547.520000
29796412,2026-08-26T22:52,78593.270000,0.220900,-0.395565,2026-08-26,834.000000,1.642166,0.529459,78603.920000,78566.710000
29796413,2026-08-26T22:53,78577.610000,0.355000,-0.036820,2026-08-26,815.000000,3.512797,0.289369,78600.020000,78575.460000
29796414,2026-08-26T22:54,78597.490000,-0.103900,-0.299070,2026-08-26,333.000000,3.211443,0.562002,78605.480000,78577.600000
29796415,2026-08-26T22:55,78573.430000,0.561800,0.022801,2026-08-26,748.000000,1.084031,0.213502,78605.310000,78573.430000
29796416,2026-08-26T22:56,78571.430000,0.220500,-0.572843,2026-08-26,862.000000,1.133610,0.251499,78585.030000,78563.980000
29796417,2026-08-26T22:57,78596.950000,-0.483800,-0.547866,2026-08-26,765.000000,15.638369,0.888009,78627.620000,78564.030000
29796418,2026-08-26T22:58,78724.990000,0.196600,0.794023,2026-08-26,1119.000000,17.644346,0.808606,78725.000000,78607.010000
29796419,2026-08-26T22:59,78692.670000,-0.010900,0.578503,2026-08-26,891.000000,4.330256,0.065688,78738.790000,78692.660000
29796420,2026-08-26T23:00,78673.080000,0.317000,-0.891556,2026-08-26,936.000000,5.473751,0.252124,78710.750000,78640.460000
29796421,2026-08-26T23:01,78691.920000,0.631900,-0.342267,2026-08-26,853.000000,3.402998,0.394653,78731.160000,78668.170000
29796422,2026-08-26T23:02,78710.740000,0.531600,-0.211154,2026-08-26,816.000000,0.984268,0.138080,78712.370000,78691.920000
29796423,2026-08-26T23:03,78743.550000,-0.072800,-0.715922,2026-08-26,709.000000,2.372842,0.470847,78757.820000,78712.350000
29796424,2026-08-26T23:04,78752.990000,0.120300,-0.062827,2026-08-26,871.000000,1.717866,0.262228,78753.000000,78736.330000
29796425,2026-08-26T23:05,78719.860000,-0.085800,-0.468442,2026-08-26,861.000000,1.706264,0.201209,78753.000000,78713.930000
29796426,2026-08-26T23:06,78684.740000,0.434300,-0.603330,2026-08-26,900.000000,2.442284,0.308404,78727.500000,78684.730000
29796427,2026-08-26T23:07,78677.670000,0.468500,-0.383178,2026-08-26,892.000000,1.435774,0.271801,78692.660000,78665.570000
29796428,2026-08-26T23:08,78695.930000,0.476800,-0.456314,2026-08-26,759.000000,0.945327,0.437523,78702.520000,78666.490000
29796429,2026-08-26T23:09,78686.640000,0.484500,-0.125052,2026-08-26,828.000000,1.400497,0.418872,78695.940000,78659.730000
29796430,2026-08-26T23:10,78708.860000,0.434600,-0.164338,2026-08-26,751.000000,1.549637,0.433745,78721.840000,78682.340000
29796431,2026-08-26T23:11,78687.290000,0.192300,-0.129910,2026-08-26,832.000000,1.008188,0.273030,78713.140000,78682.150000
29796432,2026-08-26T23:12,78689.670000,0.176100,-0.455100,2026-08-26,794.000000,0.756898,0.382497,78697.120000,78672.950000
29796433,2026-08-26T23:13,78684.640000,-0.185100,-0.291279,2026-08-26,778.000000,1.692150,0.452280,78694.540000,78675.530000
29796434,2026-08-26T23:14,78710.270000,0.371400,-0.059146,2026-08-26,421.000000,3.658464,0.358294,78723.680000,78684.630000
29796435,2026-08-26T23:15,78700.460000,-0.504000,-0.284999,2026-08-26,828.000000,1.315919,0.838903,78717.090000,78693.400000
29796436,2026-08-26T23:16,78696.460000,0.605200,0.691025,2026-08-26,626.000000,0.533864,0.419245,78700.470000,78672.940000
29796437,2026-08-26T23:17,78727.150000,0.587900,-0.283317,2026-08-26,651.000000,1.887767,0.206561,78739.040000,78696.460000
29796438,2026-08-26T23:18,78711.050000,-0.337000,-0.622224,2026-08-26,748.000000,1.698137,0.324898,78747.170000,78711.040000
29796439,2026-08-26T23:19,78718.010000,0.181300,-0.287195,2026-08-26,692.000000,1.573673,0.275129,78719.990000,78697.000000
29796440,2026-08-26T23:20,78716.990000,-0.124900,-0.449686,2026-08-26,848.000000,1.050211,0.243399,78718.020000,78701.250000
29796441,2026-08-26T23:21,78724.800000,0.259500,-0.515924,2026-08-26,899.000000,9.713332,0.854420,78737.990000,78688.490000
29796442,2026-08-26T23:22,78712.390000,0.508600,0.709847,2026-08-26,749.000000,2.055416,0.294128,78741.720000,78712.380000
29796443,2026-08-26T23:23,78737.240000,-0.074700,-0.411744,2026-08-26,787.000000,1.712974,0.446730,78751.820000,78712.380000
29796444,2026-08-26T23:24,78738.990000,0.445800,-0.106608,2026-08-26,921.000000,8.876295,0.057998,78741.960000,78685.160000
29796445,2026-08-26T23:25,78793.610000,0.378600,-0.881569,2026-08-26,868.000000,2.474678,0.529634,78795.880000,78705.950000
29796446,2026-08-26T23:26,78838.790000,0.162800,0.054883,2026-08-26,881.000000,5.426081,0.744276,78838.800000,78788.330000
29796447,2026-08-26T23:27,78852.640000,0.509100,0.465436,2026-08-26,841.000000,4.656740,0.406982,78860.270000,78828.120000
29796448,2026-08-26T23:28,78896.650000,-0.033400,-0.171723,2026-08-26,928.000000,3.115287,0.642349,78911.480000,78837.160000
29796449,2026-08-26T23:29,78855.990000,0.526100,0.280136,2026-08-26,871.000000,3.402703,0.161941,78894.630000,78843.010000
29796450,2026-08-26T23:30,78888.890000,0.469800,-0.673805,2026-08-26,860.000000,1.970546,0.201537,78888.900000,78855.990000
29796451,2026-08-26T23:31,78890.010000,0.410700,-0.616310,2026-08-26,839.000000,1.030626,0.477496,78923.020000,78888.890000
29796452,2026-08-26T23:32,78912.390000,0.279900,0.050804,2026-08-26,906.000000,7.422777,0.665194,78933.840000,78873.340000
29796453,2026-08-26T23:33,78884.890000,0.366100,0.322157,2026-08-26,931.000000,3.263089,0.598999,78922.830000,78875.840000
29796454,2026-08-26T23:34,78883.800000,0.661100,0.214708,2026-08-26,884.000000,3.767425,0.374960,78908.200000,78865.010000
29796455,2026-08-26T23:35,78963.900000,0.464800,-0.250081,2026-08-26,634.000000,4.310716,0.781995,78968.740000,78883.800000
29796456,2026-08-26T23:36,78999.510000,-0.272700,0.552990,2026-08-26,1189.000000,28.037579,0.637231,79000.000000,78942.060000
29796457,2026-08-26T23:37,78957.740000,0.645100,0.263165,2026-08-26,1009.000000,27.386400,0.085164,79000.000000,78900.060000
29796458,2026-08-26T23:38,78989.850000,-0.401700,-0.808631,2026-08-26,751.000000,2.344046,0.458051,78995.020000,78939.160000
29796459,2026-08-26T23:39,78950.150000,0.011800,-0.236690,2026-08-26,872.000000,3.511114,0.515672,78987.520000,78949.020000
29796460,2026-08-26T23:40,78941.080000,0.008400,0.028105,2026-08-26,763.000000,2.576917,0.229346,78950.160000,78908.720000
29796461,2026-08-26T23:41,79018.040000,0.374500,-0.545027,2026-08-26,891.000000,4.701926,0.736691,79019.550000,78941.080000
29796462,2026-08-26T23:42,79007.450000,0.055700,0.482128,2026-08-26,987.000000,4.756373,0.520066,79066.400000,79003.240000
29796463,2026-08-26T23:43,79025.420000,-0.219800,0.042113,2026-08-26,971.000000,4.537428,0.576512,79041.970000,78980.000000
29796464,2026-08-26T23:44,79046.360000,0.240200,0.120490,2026-08-26,907.000000,3.735749,0.449741,79053.820000,79011.780000
29796465,2026-08-26T23:45,79073.920000,0.671000,-0.068070,2026-08-26,950.000000,3.396786,0.347805,79093.570000,79042.400000
29796466,2026-08-26T23:46,79166.360000,-0.417600,-0.293877,2026-08-26,1009.000000,5.588104,0.737100,79178.180000,79037.760000
29796467,2026-08-26T23:47,79106.790000,-0.051200,0.444055,2026-08-26,925.000000,3.727968,0.546432,79178.910000,79100.700000
29796468,2026-08-26T23:48,79036.210000,-0.154200,0.093955,2026-08-26,956.000000,3.650994,0.329115,79102.830000,79030.790000
29796469,2026-08-26T23:49,79060.260000,0.386200,-0.322919,2026-08-26,927.000000,8.029437,0.406872,79064.480000,79002.260000
29796470,2026-08-26T23:50,79026.460000,0.574700,-0.185245,2026-08-26,708.000000,10.561493,0.258836,79081.630000,79024.700000
29796471,2026-08-26T23:51,79016.950000,0.756700,-0.483369,2026-08-26,735.000000,2.835218,0.474085,79026.460000,79002.910000
29796472,2026-08-26T23:52,79070.670000,0.428700,-0.051853,2026-08-26,570.000000,5.593782,0.626948,79111.830000,79016.940000
29796473,2026-08-26T23:53,79066.320000,-0.222600,0.264025,2026-08-26,910.000000,2.889846,0.590586,79073.680000,79035.000000
29796474,2026-08-26T23:54,79078.710000,-0.046400,0.159359,2026-08-26,582.000000,5.357328,0.763305,79084.940000,79037.760000
29796475,2026-08-26T23:55,79056.140000,0.508900,0.503403,2026-08-26,592.000000,3.574026,0.342735,79076.900000,79037.760000
29796476,2026-08-26T23:56,79118.070000,-0.743800,-0.299446,2026-08-26,326.000000,0.460212,0.567279,79118.070000,79056.140000
29796477,2026-08-26T23:57,79103.620000,0.525300,0.016284,2026-08-26,959.000000,8.395585,0.819255,79119.990000,79082.060000
29796478,2026-08-26T23:58,79006.420000,-0.041300,0.616240,2026-08-26,837.000000,15.804504,0.127798,79104.890000,78996.490000
29796479,2026-08-26T23:59,79026.170000,0.482300,-0.746287,2026-08-26,593.000000,1.912087,0.280087,79027.200000,78992.080000
