minute_epoch,minute_utc,close,book_imb,ofi,day,trades,volume,buy_share,high,low
29855520,2026-10-07T00:00,85538.270000,0.129300,0.739287,2026-10-07,237,2.345380,0.959082,85543.810000,85523.520000
29855521,2026-10-07T00:01,85532.510000,-0.198500,0.918379,2026-10-07,198,1.215048,0.954137,85538.280000,85532.510000
29855522,2026-10-07T00:02,85509.360000,-0.460000,0.777926,2026-10-07,196,0.592353,0.667677,85532.510000,85509.350000
29855523,2026-10-07T00:03,85503.610000,-0.329200,0.560136,2026-10-07,209,1.232768,0.634038,85532.520000,85503.610000
29855524,2026-10-07T00:04,85490.890000,-0.305300,0.251485,2026-10-07,162,0.404872,0.170491,85503.600000,85490.890000
29855525,2026-10-07T00:05,85480.010000,-0.384600,-0.636565,2026-10-07,178,0.828637,0.319209,85490.900000,85480.000000
29855526,2026-10-07T00:06,85467.490000,0.420900,-0.363060,2026-10-07,171,2.835445,0.653602,85480.010000,85458.230000
29855527,2026-10-07T00:07,85474.520000,-0.112300,0.307587,2026-10-07,167,0.778446,0.344750,85490.070000,85467.490000
29855528,2026-10-07T00:08,85483.890000,0.194700,-0.310328,2026-10-07,140,0.770579,0.267356,85484.930000,85474.520000
29855529,2026-10-07T00:09,85542.710000,-0.478300,-0.493904,2026-10-07,189,1.132818,0.337126,85543.450000,85483.890000
29855530,2026-10-07T00:10,85567.710000,0.057800,-0.287429,2026-10-07,215,2.483395,0.904289,85567.720000,85542.700000
29855531,2026-10-07T00:11,85575.170000,-0.469800,0.807822,2026-10-07,282,5.768277,0.791180,85601.110000,85567.710000
29855532,2026-10-07T00:12,85595.800000,0.089800,0.582521,2026-10-07,165,0.730228,0.441789,85596.810000,85564.680000
29855533,2026-10-07T00:13,85573.600000,-0.258300,-0.119820,2026-10-07,225,1.694368,0.714008,85595.810000,85573.450000
29855534,2026-10-07T00:14,85570.390000,0.293600,0.353005,2026-10-07,198,1.262960,0.679160,85579.630000,85566.770000
29855535,2026-10-07T00:15,85579.510000,0.176100,0.467468,2026-10-07,171,0.418507,0.449507,85579.510000,85565.110000
29855536,2026-10-07T00:16,85579.680000,0.102900,-0.100986,2026-10-07,169,1.101967,0.229389,85585.590000,85579.500000
29855537,2026-10-07T00:17,85556.710000,0.090000,-0.541223,2026-10-07,186,1.191485,0.666056,85579.690000,85544.010000
29855538,2026-10-07T00:18,85560.960000,0.072900,0.258070,2026-10-07,204,0.639623,0.144268,85562.570000,85554.980000
29855539,2026-10-07T00:19,85531.680000,-0.165500,-0.510308,2026-10-07,208,0.807587,0.455957,85560.960000,85531.680000
29855540,2026-10-07T00:20,85513.230000,0.065600,-0.180467,2026-10-07,140,0.494948,0.712048,85532.580000,85510.830000
29855541,2026-10-07T00:21,85465.540000,-0.101100,0.427470,2026-10-07,208,1.055997,0.118430,85513.230000,85458.980000
29855542,2026-10-07T00:22,85491.110000,-0.048100,-0.763168,2026-10-07,307,2.435740,0.812762,85494.100000,85455.500000
29855543,2026-10-07T00:23,85461.510000,-0.492300,0.625850,2026-10-07,236,2.098698,0.383822,85491.120000,85453.430000
29855544,2026-10-07T00:24,85452.240000,-0.141800,-0.228484,2026-10-07,176,0.750811,0.101823,85461.510000,85448.140000
29855545,2026-10-07T00:25,85452.240000,0.117700,-0.813399,2026-10-07,274,4.576147,0.655602,85463.270000,85444.990000
29855546,2026-10-07T00:26,85452.240000,0.290000,0.311328,2026-10-07,154,0.177918,0.597397,85452.240000,85452.230000
29855547,2026-10-07T00:27,85442.320000,-0.137900,0.164050,2026-10-07,247,3.034390,0.299584,85452.240000,85435.860000
29855548,2026-10-07T00:28,85440.600000,-0.189400,-0.400180,2026-10-07,178,0.262504,0.407739,85442.340000,85438.690000
29855549,2026-10-07T00:29,85402.730000,-0.145000,-0.185032,2026-10-07,230,1.308911,0.518221,85443.040000,85400.010000
29855550,2026-10-07T00:30,85391.290000,-0.543800,0.038401,2026-10-07,282,2.973510,0.793124,85409.900000,85391.280000
29855551,2026-10-07T00:31,85418.820000,-0.167100,0.585972,2026-10-07,242,2.971169,0.523033,85419.220000,85385.520000
29855552,2026-10-07T00:32,85408.860000,0.056400,0.044397,2026-10-07,190,0.612002,0.533220,85418.820000,85408.850000
29855553,2026-10-07T00:33,85439.920000,0.064000,0.077140,2026-10-07,287,1.862214,0.789642,85453.790000,85408.850000
29855554,2026-10-07T00:34,85446.150000,-0.344300,0.579247,2026-10-07,176,0.359712,0.598863,85446.200000,85427.660000
29855555,2026-10-07T00:35,85490.710000,0.059500,0.194625,2026-10-07,218,0.910342,0.471164,85490.830000,85446.150000
29855556,2026-10-07T00:36,85531.670000,-0.025700,-0.057751,2026-10-07,148,0.346119,0.748137,85532.580000,85490.700000
29855557,2026-10-07T00:37,85558.270000,0.101200,0.495568,2026-10-07,211,0.974689,0.468815,85573.790000,85531.930000
29855558,2026-10-07T00:38,85480.760000,-0.027500,-0.059097,2026-10-07,210,1.279111,0.442633,85546.180000,85480.760000
29855559,2026-10-07T00:39,85476.640000,0.427300,-0.117343,2026-10-07,204,1.710789,0.557879,85489.300000,85470.000000
29855560,2026-10-07T00:40,85477.540000,0.283400,0.114929,2026-10-07,221,2.024023,0.376153,85480.960000,85465.000000
29855561,2026-10-07T00:41,85493.830000,0.246100,-0.246899,2026-10-07,240,1.448517,0.291235,85494.720000,85477.530000
29855562,2026-10-07T00:42,85487.490000,0.299100,-0.294904,2026-10-07,210,0.849364,0.231173,85496.840000,85486.710000
29855563,2026-10-07T00:43,85498.110000,0.197800,-0.837149,2026-10-07,187,1.482799,0.430840,85508.250000,85486.720000
29855564,2026-10-07T00:44,85505.670000,0.206900,-0.138321,2026-10-07,160,0.590670,0.888336,85505.680000,85498.110000
29855565,2026-10-07T00:45,85503.610000,0.202800,0.773165,2026-10-07,190,1.706724,0.567958,85536.440000,85503.610000
29855566,2026-10-07T00:46,85513.680000,0.045500,0.136434,2026-10-07,154,0.351246,0.471538,85513.700000,85503.620000
29855567,2026-10-07T00:47,85489.570000,0.330400,-0.103091,2026-10-07,133,0.390332,0.292210,85505.100000,85489.560000
29855568,2026-10-07T00:48,85533.210000,-0.075200,-0.413073,2026-10-07,243,2.455333,0.667008,85533.210000,85483.070000
29855569,2026-10-07T00:49,85535.490000,0.150800,0.354833,2026-10-07,177,1.013974,0.937130,85536.680000,85519.900000
29855570,2026-10-07T00:50,85528.290000,0.246700,0.863848,2026-10-07,136,0.685277,0.264641,85535.500000,85528.290000
29855571,2026-10-07T00:51,85536.100000,0.484700,-0.474548,2026-10-07,189,0.624472,0.789799,85536.730000,85527.530000
29855572,2026-10-07T00:52,85514.580000,0.250800,0.579598,2026-10-07,222,0.996216,0.473691,85540.290000,85496.720000
29855573,2026-10-07T00:53,85514.570000,0.098900,-0.094799,2026-10-07,173,0.592640,0.202326,85540.260000,85512.860000
29855574,2026-10-07T00:54,85507.680000,0.374000,-0.561595,2026-10-07,204,3.318412,0.886530,85548.840000,85505.540000
29855575,2026-10-07T00:55,85522.260000,0.030800,0.773052,2026-10-07,183,1.543673,0.306935,85535.650000,85516.870000
29855576,2026-10-07T00:56,85508.890000,0.091500,-0.570186,2026-10-07,131,0.797457,0.162023,85516.880000,85505.600000
29855577,2026-10-07T00:57,85539.730000,0.087700,0.900323,2026-10-07,218,1.954894,0.990691,85539.730000,85508.890000
29855578,2026-10-07T00:58,85539.960000,0.191200,0.981374,2026-10-07,189,1.346343,0.393597,85559.750000,85539.720000
29855579,2026-10-07T00:59,85532.990000,0.015200,-0.209687,2026-10-07,195,1.554395,0.417018,85541.680000,85520.160000
29855580,2026-10-07T01:00,85471.830000,-0.021800,-0.163789,2026-10-07,278,2.831189,0.472251,85533.700000,85471.830000
29855581,2026-10-07T01:01,85440.110000,-0.551100,-0.238271,2026-10-07,192,2.154095,0.155758,85471.820000,85437.520000
29855582,2026-10-07T01:02,85442.050000,-0.306700,-0.548182,2026-10-07,176,6.453867,0.968709,85444.740000,85433.400000
29855583,2026-10-07T01:03,85443.260000,0.134600,0.937420,2026-10-07,274,3.186001,0.873777,85465.490000,85436.940000
29855584,2026-10-07T01:04,85459.790000,0.276900,0.747800,2026-10-07,213,4.578850,0.708539,85473.040000,85425.070000
29855585,2026-10-07T01:05,85434.200000,0.267500,0.416814,2026-10-07,201,1.328326,0.112431,85465.810000,85434.200000
29855586,2026-10-07T01:06,85439.510000,0.340300,-0.776687,2026-10-07,178,1.050959,0.891927,85443.870000,85434.200000
29855587,2026-10-07T01:07,85467.950000,0.079200,0.783854,2026-10-07,238,1.643008,0.238656,85487.600000,85428.070000
29855588,2026-10-07T01:08,85466.800000,0.343600,-0.522688,2026-10-07,178,0.633570,0.146104,85468.900000,85462.460000
29855589,2026-10-07T01:09,85465.580000,0.558900,-0.704733,2026-10-07,124,0.619263,0.319016,85466.500000,85465.570000
29855590,2026-10-07T01:10,85448.460000,-0.283600,-0.361478,2026-10-07,214,1.491005,0.601653,85478.920000,85448.460000
29855591,2026-10-07T01:11,85425.010000,-0.343000,0.202675,2026-10-07,160,0.140909,0.466835,85448.470000,85425.000000
29855592,2026-10-07T01:12,85419.140000,0.117700,-0.047424,2026-10-07,280,3.806861,0.374366,85425.010000,85383.180000
29855593,2026-10-07T01:13,85425.960000,0.128700,-0.251593,2026-10-07,254,2.377426,0.723140,85433.460000,85419.130000
29855594,2026-10-07T01:14,85444.790000,-0.262500,0.446005,2026-10-07,179,0.256461,0.340774,85453.540000,85425.960000
29855595,2026-10-07T01:15,85435.400000,-0.056200,-0.321324,2026-10-07,226,1.891540,0.624770,85444.790000,85398.000000
29855596,2026-10-07T01:16,85401.240000,0.048600,0.249651,2026-10-07,206,1.406120,0.113531,85443.340000,85393.300000
29855597,2026-10-07T01:17,85403.540000,0.031200,-0.773289,2026-10-07,252,1.362587,0.858563,85415.500000,85383.150000
29855598,2026-10-07T01:18,85383.150000,-0.271500,0.717127,2026-10-07,205,0.795103,0.612263,85405.900000,85383.150000
29855599,2026-10-07T01:19,85354.430000,-0.334000,0.224719,2026-10-07,202,4.175677,0.161878,85383.160000,85350.910000
29855600,2026-10-07T01:20,85380.110000,0.040300,-0.466269,2026-10-07,288,2.814546,0.848140,85391.270000,85354.910000
29855601,2026-10-07T01:21,85350.010000,-0.153700,0.614442,2026-10-07,174,0.499556,0.642438,85380.120000,85350.010000
29855602,2026-10-07T01:22,85338.710000,-0.185000,0.286337,2026-10-07,252,4.825964,0.512329,85350.010000,85316.920000
29855603,2026-10-07T01:23,85308.290000,0.190100,0.024311,2026-10-07,275,7.557094,0.325041,85360.050000,85295.080000
29855604,2026-10-07T01:24,85317.990000,0.162700,-0.245686,2026-10-07,416,9.701288,0.724848,85326.740000,85288.590000
29855605,2026-10-07T01:25,85311.320000,0.340900,0.417582,2026-10-07,208,1.791989,0.607354,85343.190000,85311.310000
29855606,2026-10-07T01:26,85302.400000,0.102600,0.171101,2026-10-07,198,1.202829,0.835511,85327.030000,85301.190000
29855607,2026-10-07T01:27,85286.890000,-0.625000,0.670041,2026-10-07,178,1.002188,0.498518,85302.410000,85284.830000
29855608,2026-10-07T01:28,85248.210000,0.224600,-0.002890,2026-10-07,359,7.268828,0.149041,85286.900000,85216.580000
29855609,2026-10-07T01:29,85260.170000,-0.182800,-0.702147,2026-10-07,293,4.687466,0.881994,85286.000000,85239.010000
29855610,2026-10-07T01:30,85262.180000,0.255400,0.802048,2026-10-07,353,9.113870,0.825215,85274.410000,85219.330000
29855611,2026-10-07T01:31,85328.770000,0.162800,0.614461,2026-10-07,248,2.759959,0.700725,85333.360000,85262.190000
29855612,2026-10-07T01:32,85300.700000,0.212100,0.401450,2026-10-07,195,2.994817,0.077763,85330.840000,85293.000000
29855613,2026-10-07T01:33,85312.380000,-0.399500,-0.843917,2026-10-07,218,2.261776,0.804283,85336.630000,85300.690000
29855614,2026-10-07T01:34,85305.360000,0.229400,0.488875,2026-10-07,223,3.243021,0.767666,85321.120000,85293.000000
29855615,2026-10-07T01:35,85202.610000,-0.029800,0.626447,2026-10-07,466,15.602678,0.340661,85314.810000,85202.000000
29855616,2026-10-07T01:36,85174.510000,-0.053100,-0.299663,2026-10-07,375,8.048988,0.253737,85207.270000,85170.380000
29855617,2026-10-07T01:37,85173.460000,-0.546200,-0.590931,2026-10-07,229,1.843681,0.384667,85194.060000,85174.500000
29855618,2026-10-07T01:38,85194.540000,0.010500,-0.229092,2026-10-07,346,6.407035,0.423197,85207.290000,85173.470000
29855619,2026-10-07T01:39,85233.800000,-0.105700,-0.154031,2026-10-07,156,0.722617,0.947462,85233.810000,85194.540000
29855620,2026-10-07T01:40,85233.270000,0.022200,0.894965,2026-10-07,202,2.604357,0.589107,85243.420000,85212.740000
29855621,2026-10-07T01:41,85292.990000,0.067700,0.173919,2026-10-07,233,5.767641,0.844322,85293.000000,85233.280000
29855622,2026-10-07T01:42,85263.350000,0.058400,0.696093,2026-10-07,204,1.622083,0.481699,85293.000000,85261.580000
29855623,2026-10-07T01:43,85261.850000,-0.238400,-0.012261,2026-10-07,189,1.112760,0.424102,85283.540000,85258.970000
29855624,2026-10-07T01:44,85292.980000,-0.202200,-0.168373,2026-10-07,358,4.242072,0.858324,85293.000000,85252.010000
29855625,2026-10-07T01:45,85317.950000,-0.040600,0.715131,2026-10-07,251,2.053384,0.829709,85328.680000,85292.980000
29855626,2026-10-07T01:46,85270.350000,0.333100,0.659395,2026-10-07,248,8.891983,0.270664,85336.430000,85261.670000
29855627,2026-10-07T01:47,85277.990000,-0.121900,-0.398336,2026-10-07,192,1.959615,0.571064,85287.940000,85270.350000
29855628,2026-10-07T01:48,85283.080000,0.153600,0.050260,2026-10-07,179,1.437228,0.645096,85290.010000,85277.990000
29855629,2026-10-07T01:49,85297.850000,0.148400,0.529668,2026-10-07,165,1.039875,0.820642,85297.860000,85283.080000
29855630,2026-10-07T01:50,85270.830000,-0.092800,-0.140925,2026-10-07,212,1.638568,0.329081,85297.850000,85269.110000
29855631,2026-10-07T01:51,85255.950000,0.214400,-0.323591,2026-10-07,224,2.236031,0.165516,85275.580000,85244.840000
29855632,2026-10-07T01:52,85187.760000,-0.108100,-0.686257,2026-10-07,241,3.199642,0.420246,85258.340000,85187.750000
29855633,2026-10-07T01:53,85143.510000,-0.639200,-0.159922,2026-10-07,399,2.548511,0.479333,85187.760000,85130.540000
29855634,2026-10-07T01:54,85050.260000,-0.319400,-0.041302,2026-10-07,533,14.783131,0.310460,85143.960000,85046.260000
29855635,2026-10-07T01:55,85076.740000,0.137600,-0.385385,2026-10-07,2387,54.725277,0.570522,85081.650000,84991.530000
29855636,2026-10-07T01:56,85008.420000,0.039500,0.139240,2026-10-07,844,15.786863,0.542962,85076.730000,84986.020000
29855637,2026-10-07T01:57,84795.230000,-0.063200,-0.542808,2026-10-07,1614,107.653307,0.248403,85006.070000,84732.590000
29855638,2026-10-07T01:58,84616.800000,-0.242700,-0.176841,2026-10-07,848,23.251758,0.422351,84795.230000,84602.570000
29855639,2026-10-07T01:59,84363.610000,-0.781400,-0.229157,2026-10-07,1709,45.839054,0.294058,84651.190000,84360.220000
29855640,2026-10-07T02:00,84261.740000,-0.370300,-0.381610,2026-10-07,1142,39.125563,0.515422,84514.800000,84250.000000
29855641,2026-10-07T02:01,83844.200000,-0.449200,0.031863,2026-10-07,3182,134.418186,0.250971,84317.670000,83600.000000
29855642,2026-10-07T02:02,83853.910000,-0.234000,-0.509250,2026-10-07,908,24.693301,0.566643,84214.470000,83853.000000
29855643,2026-10-07T02:03,83788.990000,-0.013000,0.168973,2026-10-07,934,15.514022,0.480673,83887.850000,83626.750000
29855644,2026-10-07T02:04,83809.460000,-0.092600,-0.063947,2026-10-07,707,15.438149,0.598687,83863.540000,83735.580000
29855645,2026-10-07T02:05,83826.010000,0.000100,0.199394,2026-10-07,1080,26.636562,0.690385,83842.690000,83576.830000
29855646,2026-10-07T02:06,83628.990000,-0.228100,0.387490,2026-10-07,969,19.469751,0.493448,83842.470000,83551.000000
29855647,2026-10-07T02:07,83812.740000,-0.097700,-0.008707,2026-10-07,884,16.311683,0.636557,83853.320000,83607.040000
29855648,2026-10-07T02:08,83985.210000,-0.114300,0.238357,2026-10-07,589,9.656531,0.602655,83999.990000,83816.570000
29855649,2026-10-07T02:09,83915.240000,-0.085000,0.363055,2026-10-07,643,14.718453,0.510825,84022.380000,83877.450000
29855650,2026-10-07T02:10,84056.920000,0.340900,-0.198292,2026-10-07,874,34.512798,0.746662,84067.360000,83903.040000
29855651,2026-10-07T02:11,83984.100000,-0.354900,0.486496,2026-10-07,507,8.148630,0.557409,84082.740000,83950.260000
29855652,2026-10-07T02:12,83957.290000,-0.325000,0.122989,2026-10-07,488,11.434091,0.382683,84029.390000,83937.480000
29855653,2026-10-07T02:13,83925.330000,-0.514900,-0.227593,2026-10-07,464,8.746138,0.734430,83969.630000,83890.770000
29855654,2026-10-07T02:14,83919.990000,-0.024300,0.451643,2026-10-07,350,2.141038,0.339192,83945.150000,83893.190000
29855655,2026-10-07T02:15,83887.210000,-0.044300,-0.271949,2026-10-07,488,6.652938,0.377978,83977.900000,83872.290000
29855656,2026-10-07T02:16,83928.080000,-0.396000,-0.276189,2026-10-07,423,8.042667,0.298067,83933.550000,83865.130000
29855657,2026-10-07T02:17,84025.300000,-0.273800,-0.340569,2026-10-07,375,5.802736,0.650661,84025.310000,83929.060000
29855658,2026-10-07T02:18,84051.620000,-0.176600,0.250088,2026-10-07,463,7.676298,0.542389,84059.070000,83979.760000
29855659,2026-10-07T02:19,84067.110000,-0.047000,0.092705,2026-10-07,354,3.174883,0.515017,84074.570000,84015.370000
29855660,2026-10-07T02:20,84012.640000,-0.036100,0.006741,2026-10-07,412,8.239197,0.422214,84092.990000,84007.760000
29855661,2026-10-07T02:21,84025.820000,-0.286300,-0.123313,2026-10-07,359,2.383925,0.629621,84040.000000,84012.630000
29855662,2026-10-07T02:22,83931.120000,-0.349600,0.214741,2026-10-07,499,15.448575,0.577695,84060.430000,83931.120000
29855663,2026-10-07T02:23,83839.830000,-0.232200,0.148630,2026-10-07,689,22.072674,0.286862,83931.120000,83761.210000
29855664,2026-10-07T02:24,83826.360000,-0.266100,-0.424020,2026-10-07,412,11.052260,0.681745,83860.340000,83792.190000
29855665,2026-10-07T02:25,83801.850000,-0.426700,0.363497,2026-10-07,455,6.609929,0.397332,83852.560000,83789.540000
29855666,2026-10-07T02:26,83731.040000,-0.285800,-0.215800,2026-10-07,498,12.351719,0.182711,83801.030000,83657.430000
29855667,2026-10-07T02:27,83733.450000,-0.490200,-0.610368,2026-10-07,676,47.477271,0.476578,83760.000000,83666.880000
29855668,2026-10-07T02:28,83803.300000,-0.474600,-0.049907,2026-10-07,413,14.881293,0.717897,83821.030000,83720.510000
29855669,2026-10-07T02:29,83832.450000,-0.231100,0.416834,2026-10-07,429,11.769996,0.740159,83845.200000,83785.020000
29855670,2026-10-07T02:30,83854.580000,-0.167400,0.531933,2026-10-07,501,6.959806,0.596270,83854.590000,83798.580000
29855671,2026-10-07T02:31,83873.390000,-0.392300,0.128715,2026-10-07,367,8.820350,0.382147,83916.550000,83811.310000
29855672,2026-10-07T02:32,83817.800000,-0.441100,-0.255995,2026-10-07,414,9.570437,0.505402,83895.750000,83811.540000
29855673,2026-10-07T02:33,83888.990000,-0.169100,0.026863,2026-10-07,352,10.574661,0.173605,83889.000000,83799.180000
29855674,2026-10-07T02:34,83890.290000,-0.235900,-0.685025,2026-10-07,306,2.527717,0.371949,83902.080000,83858.820000
29855675,2026-10-07T02:35,83948.820000,-0.175400,-0.224963,2026-10-07,411,7.148190,0.546540,83968.630000,83896.780000
29855676,2026-10-07T02:36,83957.370000,-0.302600,0.093374,2026-10-07,424,6.545705,0.357092,83969.020000,83900.000000
29855677,2026-10-07T02:37,83831.860000,-0.468400,-0.298491,2026-10-07,403,10.540750,0.163766,83953.470000,83824.430000
29855678,2026-10-07T02:38,83853.540000,-0.262400,-0.642610,2026-10-07,366,7.648017,0.519377,83888.980000,83826.840000
29855679,2026-10-07T02:39,83853.540000,-0.279900,0.017244,2026-10-07,314,6.688502,0.384216,83909.840000,83835.030000
29855680,2026-10-07T02:40,83831.550000,-0.634800,-0.231395,2026-10-07,394,10.416582,0.248207,83853.550000,83813.030000
29855681,2026-10-07T02:41,83813.100000,0.087100,-0.503437,2026-10-07,245,3.236457,0.357723,83832.800000,83813.850000
29855682,2026-10-07T02:42,83785.510000,-0.503800,-0.284636,2026-10-07,429,16.036891,0.324136,83829.990000,83760.570000
29855683,2026-10-07T02:43,83784.240000,-0.507800,-0.351877,2026-10-07,313,5.906301,0.403331,83816.390000,83776.680000
29855684,2026-10-07T02:44,83787.390000,-0.225100,-0.152936,2026-10-07,281,4.862867,0.281253,83804.750000,83757.270000
29855685,2026-10-07T02:45,83887.330000,-0.198200,-0.501777,2026-10-07,320,3.907552,0.550990,83887.330000,83780.820000
29855686,2026-10-07T02:46,83874.050000,-0.480500,0.089018,2026-10-07,401,7.608332,0.680496,83917.130000,83866.910000
29855687,2026-10-07T02:47,83843.830000,-0.232200,0.337033,2026-10-07,358,5.707087,0.257484,83874.060000,83798.270000
29855688,2026-10-07T02:48,83846.860000,-0.227500,-0.462642,2026-10-07,371,12.193283,0.459245,83871.000000,83831.970000
29855689,2026-10-07T02:49,83856.300000,-0.020600,-0.082660,2026-10-07,376,6.481842,0.248794,83874.960000,83823.960000
29855690,2026-10-07T02:50,83891.580000,-0.214900,-0.516019,2026-10-07,275,4.201119,0.743143,83904.700000,83856.300000
29855691,2026-10-07T02:51,83845.960000,-0.350800,0.565230,2026-10-07,293,3.597266,0.198927,83895.690000,83840.600000
29855692,2026-10-07T02:52,83838.550000,0.082800,-0.600216,2026-10-07,284,3.449618,0.409402,83863.260000,83831.980000
29855693,2026-10-07T02:53,83803.980000,-0.171000,-0.175487,2026-10-07,284,3.920333,0.199294,83847.260000,83803.960000
29855694,2026-10-07T02:54,83837.640000,-0.197100,-0.602811,2026-10-07,329,3.230121,0.465685,83845.640000,83801.320000
29855695,2026-10-07T02:55,83830.620000,0.035100,-0.068630,2026-10-07,307,9.340209,0.254363,83864.140000,83816.750000
29855696,2026-10-07T02:56,83837.330000,-0.382400,-0.472312,2026-10-07,309,4.555214,0.709664,83852.980000,83809.250000
29855697,2026-10-07T02:57,83824.930000,-0.308400,0.433493,2026-10-07,283,2.541923,0.458815,83848.720000,83822.970000
29855698,2026-10-07T02:58,83851.900000,-0.297400,-0.191312,2026-10-07,281,2.792139,0.454225,83855.640000,83824.930000
29855699,2026-10-07T02:59,83838.830000,0.161200,-0.118750,2026-10-07,362,10.265278,0.273649,83872.500000,83822.000000
29855700,2026-10-07T03:00,83871.830000,-0.518200,-0.450663,2026-10-07,258,2.205047,0.269961,83888.620000,83838.060000
29855701,2026-10-07T03:01,83931.170000,-0.574800,-0.332054,2026-10-07,264,5.771333,0.546105,83931.170000,83872.560000
29855702,2026-10-07T03:02,84006.330000,0.056300,0.042889,2026-10-07,335,4.895925,0.396903,84025.440000,83931.160000
29855703,2026-10-07T03:03,84049.820000,-0.431700,-0.231553,2026-10-07,388,11.781042,0.478596,84067.790000,84000.010000
29855704,2026-10-07T03:04,83990.010000,-0.170800,-0.023089,2026-10-07,369,11.498225,0.332110,84063.980000,83993.560000
29855705,2026-10-07T03:05,84026.240000,0.088700,-0.339208,2026-10-07,311,7.958314,0.652791,84030.430000,83975.050000
29855706,2026-10-07T03:06,84039.610000,-0.373100,0.356254,2026-10-07,437,5.032944,0.389011,84042.720000,84008.150000
29855707,2026-10-07T03:07,84066.040000,-0.241000,-0.357060,2026-10-07,247,2.139281,0.583460,84075.000000,84039.600000
29855708,2026-10-07T03:08,84079.960000,-0.246000,0.167913,2026-10-07,251,4.247411,0.494990,84081.290000,84044.710000
29855709,2026-10-07T03:09,84068.990000,-0.194800,-0.009731,2026-10-07,239,2.271318,0.218290,84089.400000,84062.200000
29855710,2026-10-07T03:10,84041.140000,-0.183500,-0.572381,2026-10-07,335,2.889857,0.525528,84069.000000,84021.970000
29855711,2026-10-07T03:11,84026.510000,-0.452500,0.071028,2026-10-07,159,1.283340,0.261109,84044.930000,84021.980000
29855712,2026-10-07T03:12,83987.290000,-0.609200,-0.485333,2026-10-07,270,1.398549,0.109877,84026.510000,83985.000000
29855713,2026-10-07T03:13,83952.120000,-0.589900,-0.780246,2026-10-07,239,2.913206,0.341579,83985.000000,83948.000000
29855714,2026-10-07T03:14,83930.680000,-0.446400,-0.316841,2026-10-07,304,5.890142,0.364747,83948.010000,83916.160000
29855715,2026-10-07T03:15,83940.760000,-0.205800,-0.270506,2026-10-07,264,5.148955,0.380600,83955.940000,83930.690000
29855716,2026-10-07T03:16,84004.120000,-0.438400,-0.239065,2026-10-07,366,11.010615,0.816351,84013.000000,83940.750000
29855717,2026-10-07T03:17,84033.460000,-0.410900,0.632967,2026-10-07,350,4.239111,0.412559,84049.350000,84004.120000
29855718,2026-10-07T03:18,84071.040000,-0.272300,-0.227257,2026-10-07,298,6.349630,0.615124,84093.080000,84033.430000
29855719,2026-10-07T03:19,84060.170000,-0.084900,0.184930,2026-10-07,317,6.808268,0.466456,84089.400000,84057.480000
29855720,2026-10-07T03:20,84003.330000,-0.196400,0.011694,2026-10-07,193,3.325582,0.311552,84075.000000,84002.750000
29855721,2026-10-07T03:21,83984.120000,-0.265700,-0.376896,2026-10-07,271,5.201834,0.307553,84008.460000,83953.850000
29855722,2026-10-07T03:22,83964.210000,-0.133800,-0.384803,2026-10-07,292,5.534273,0.268925,83987.940000,83941.010000
29855723,2026-10-07T03:23,83987.420000,-0.303700,-0.462241,2026-10-07,254,3.099161,0.444157,83990.960000,83960.190000
29855724,2026-10-07T03:24,84005.580000,-0.066900,-0.111685,2026-10-07,242,4.128262,0.589392,84016.870000,83981.150000
29855725,2026-10-07T03:25,84053.390000,-0.316800,0.177747,2026-10-07,227,3.125412,0.054224,84054.030000,84005.570000
29855726,2026-10-07T03:26,84041.260000,-0.530500,-0.900908,2026-10-07,220,3.107877,0.052598,84053.380000,84023.390000
29855727,2026-10-07T03:27,83978.490000,-0.137400,-0.882389,2026-10-07,212,1.570427,0.069884,84044.090000,83978.480000
29855728,2026-10-07T03:28,83949.920000,-0.301300,-0.860224,2026-10-07,275,3.346248,0.300689,84004.510000,83945.070000
29855729,2026-10-07T03:29,83950.580000,-0.259300,-0.397379,2026-10-07,273,3.839948,0.184709,83955.870000,83934.140000
29855730,2026-10-07T03:30,83978.140000,0.070600,-0.631703,2026-10-07,315,3.018867,0.104247,83994.310000,83948.830000
29855731,2026-10-07T03:31,83990.670000,0.112200,-0.789536,2026-10-07,150,0.954563,0.232164,83998.910000,83978.230000
29855732,2026-10-07T03:32,84000.010000,-0.567700,-0.648233,2026-10-07,217,1.723317,0.189317,84042.370000,83990.670000
29855733,2026-10-07T03:33,84039.610000,-0.361400,-0.546900,2026-10-07,236,1.318359,0.320523,84046.980000,84000.010000
29855734,2026-10-07T03:34,84047.700000,-0.176100,-0.358966,2026-10-07,220,1.107708,0.256208,84050.000000,84038.610000
29855735,2026-10-07T03:35,84040.740000,0.383100,-0.486059,2026-10-07,188,2.262802,0.538491,84058.470000,84038.690000
29855736,2026-10-07T03:36,84072.390000,-0.215000,0.076522,2026-10-07,220,1.322860,0.182843,84074.210000,84043.310000
29855737,2026-10-07T03:37,84100.360000,-0.412100,-0.634313,2026-10-07,237,1.685293,0.140078,84106.150000,84074.110000
29855738,2026-10-07T03:38,84093.550000,-0.237400,-0.724352,2026-10-07,235,1.395016,0.162963,84097.020000,84077.370000
29855739,2026-10-07T03:39,84107.460000,-0.203500,-0.661602,2026-10-07,249,2.990109,0.224400,84110.810000,84091.500000
29855740,2026-10-07T03:40,84100.010000,0.032600,-0.551194,2026-10-07,224,2.213660,0.531299,84121.920000,84098.500000
29855741,2026-10-07T03:41,84110.350000,-0.003200,0.063666,2026-10-07,254,1.998432,0.222894,84120.470000,84100.010000
29855742,2026-10-07T03:42,84109.460000,-0.105400,-0.555231,2026-10-07,201,0.954678,0.450386,84120.100000,84105.000000
29855743,2026-10-07T03:43,84127.400000,-0.054600,-0.315798,2026-10-07,272,4.423195,0.376558,84141.110000,84100.000000
29855744,2026-10-07T03:44,84115.070000,0.075700,-0.192019,2026-10-07,226,4.318732,0.077154,84134.510000,84109.670000
29855745,2026-10-07T03:45,84138.240000,0.233000,-0.839515,2026-10-07,262,2.158860,0.754975,84142.710000,84115.060000
29855746,2026-10-07T03:46,84134.510000,-0.468700,0.513769,2026-10-07,132,1.226345,0.322249,84159.170000,84127.690000
29855747,2026-10-07T03:47,84157.290000,-0.060800,-0.398743,2026-10-07,304,3.250150,0.520158,84160.240000,84127.700000
29855748,2026-10-07T03:48,84189.980000,0.137700,0.041524,2026-10-07,274,4.343657,0.695137,84191.540000,84146.950000
29855749,2026-10-07T03:49,84203.240000,0.098300,0.353607,2026-10-07,244,1.963924,0.234504,84217.740000,84189.940000
29855750,2026-10-07T03:50,84175.010000,0.081900,-0.504493,2026-10-07,280,4.771708,0.128005,84217.500000,84174.680000
29855751,2026-10-07T03:51,84183.180000,0.110300,-0.743991,2026-10-07,218,1.309322,0.690590,84191.330000,84173.320000
29855752,2026-10-07T03:52,84201.920000,0.021800,0.381180,2026-10-07,258,1.750908,0.292281,84219.100000,84183.180000
29855753,2026-10-07T03:53,84199.260000,0.179400,-0.415444,2026-10-07,133,0.726774,0.211815,84211.130000,84199.260000
29855754,2026-10-07T03:54,84183.210000,-0.000900,-0.573262,2026-10-07,110,0.357554,0.291663,84199.260000,84183.210000
29855755,2026-10-07T03:55,84184.450000,0.379000,-0.421163,2026-10-07,187,1.354780,0.286065,84192.100000,84167.140000
29855756,2026-10-07T03:56,84177.330000,0.345900,-0.424304,2026-10-07,194,2.778688,0.064772,84192.150000,84176.000000
29855757,2026-10-07T03:57,84141.730000,-0.361900,-0.872948,2026-10-07,164,1.017399,0.089618,84179.150000,84141.720000
29855758,2026-10-07T03:58,84123.530000,0.150000,-0.820763,2026-10-07,264,3.430945,0.229182,84141.720000,84120.180000
29855759,2026-10-07T03:59,84122.520000,0.251100,-0.540454,2026-10-07,216,3.306224,0.212963,84122.950000,84101.870000
29855760,2026-10-07T04:00,84132.040000,-0.364400,-0.574150,2026-10-07,273,2.228507,0.722218,84148.380000,84111.740000
29855761,2026-10-07T04:01,84154.260000,-0.105200,0.444101,2026-10-07,241,1.291897,0.204756,84171.990000,84138.960000
29855762,2026-10-07T04:02,84156.040000,-0.301200,-0.591046,2026-10-07,292,3.564245,0.715937,84193.020000,84144.720000
29855763,2026-10-07T04:03,84189.110000,0.021300,0.431767,2026-10-07,316,5.248101,0.405806,84193.940000,84141.730000
29855764,2026-10-07T04:04,84188.110000,0.044600,-0.187981,2026-10-07,258,1.940161,0.227239,84192.710000,84175.100000
29855765,2026-10-07T04:05,84125.850000,0.132700,-0.554875,2026-10-07,337,4.108780,0.332150,84188.110000,84116.350000
29855766,2026-10-07T04:06,84126.830000,0.195000,-0.321928,2026-10-07,284,2.475566,0.550677,84134.540000,84108.770000
29855767,2026-10-07T04:07,84075.010000,-0.086700,-0.051649,2026-10-07,251,3.185949,0.210817,84126.840000,84075.010000
29855768,2026-10-07T04:08,84076.790000,-0.039100,-0.495572,2026-10-07,265,2.134583,0.503464,84078.490000,84057.000000
29855769,2026-10-07T04:09,84115.240000,0.184800,-0.017076,2026-10-07,237,2.992265,0.273539,84126.060000,84076.780000
29855770,2026-10-07T04:10,84114.740000,0.152400,-0.452922,2026-10-07,149,1.013255,0.574407,84116.970000,84114.730000
29855771,2026-10-07T04:11,84113.640000,0.448300,0.235859,2026-10-07,85,0.974477,0.230240,84114.740000,84108.710000
29855772,2026-10-07T04:12,84101.420000,0.217000,-0.746448,2026-10-07,278,2.894970,0.392577,84127.680000,84097.880000
29855773,2026-10-07T04:13,84124.360000,0.202000,-0.214845,2026-10-07,252,2.364906,0.465104,84127.670000,84101.420000
29855774,2026-10-07T04:14,84111.610000,0.525100,-0.088471,2026-10-07,213,0.626113,0.302229,84124.370000,84111.080000
29855775,2026-10-07T04:15,84111.610000,0.302400,-0.346112,2026-10-07,185,0.509650,0.541332,84111.620000,84101.420000
29855776,2026-10-07T04:16,84068.300000,-0.213100,0.086776,2026-10-07,196,1.224009,0.346806,84111.620000,84068.300000
29855777,2026-10-07T04:17,84079.210000,0.073100,-0.307852,2026-10-07,250,1.606886,0.449915,84081.570000,84038.400000
29855778,2026-10-07T04:18,84058.520000,0.104300,-0.150896,2026-10-07,230,0.631667,0.445914,84079.210000,84037.050000
29855779,2026-10-07T04:19,84067.330000,-0.151700,0.782608,2026-10-07,244,3.362723,0.662578,84085.560000,84058.520000
29855780,2026-10-07T04:20,84028.710000,0.266900,-0.451374,2026-10-07,228,0.916196,0.138747,84067.340000,84027.020000
29855781,2026-10-07T04:21,84078.170000,-0.132500,-0.705353,2026-10-07,276,4.135067,0.653508,84094.680000,84018.910000
29855782,2026-10-07T04:22,84073.370000,-0.114000,0.307677,2026-10-07,191,1.039889,0.784653,84082.090000,84061.530000
29855783,2026-10-07T04:23,84094.540000,-0.002900,0.569306,2026-10-07,202,1.253351,0.527926,84099.590000,84062.690000
29855784,2026-10-07T04:24,84083.830000,-0.084900,-0.132428,2026-10-07,233,3.208503,0.607501,84094.540000,84068.580000
29855785,2026-10-07T04:25,84126.200000,-0.017900,0.327546,2026-10-07,257,2.423511,0.668704,84136.850000,84086.120000
29855786,2026-10-07T04:26,84155.760000,-0.272900,0.337591,2026-10-07,215,0.988486,0.348085,84155.760000,84102.840000
29855787,2026-10-07T04:27,84130.270000,0.043200,-0.401222,2026-10-07,226,2.139832,0.365565,84155.750000,84113.640000
29855788,2026-10-07T04:28,84103.930000,0.015400,-0.209431,2026-10-07,192,0.369607,0.219211,84147.490000,84103.940000
29855789,2026-10-07T04:29,84125.380000,-0.227600,-0.566990,2026-10-07,199,0.873295,0.773584,84130.600000,84103.940000
29855790,2026-10-07T04:30,84084.770000,0.186300,0.413154,2026-10-07,188,1.096193,0.181349,84125.370000,84076.620000
29855791,2026-10-07T04:31,84076.610000,-0.352700,-0.610728,2026-10-07,176,1.502786,0.497502,84101.080000,84062.860000
29855792,2026-10-07T04:32,84024.210000,0.056300,-0.004924,2026-10-07,208,1.448062,0.032787,84076.620000,84024.200000
29855793,2026-10-07T04:33,84038.960000,0.181300,-0.926459,2026-10-07,220,1.062122,0.224833,84045.470000,84016.820000
29855794,2026-10-07T04:34,84062.290000,-0.106200,-0.559542,2026-10-07,235,1.729648,0.255322,84064.370000,84035.480000
29855795,2026-10-07T04:35,84039.880000,-0.213300,-0.489355,2026-10-07,156,1.138878,0.737806,84062.290000,84039.870000
29855796,2026-10-07T04:36,84097.510000,-0.039100,0.444860,2026-10-07,262,2.108920,0.768962,84127.580000,84039.870000
29855797,2026-10-07T04:37,84077.300000,-0.170400,0.557316,2026-10-07,256,3.011871,0.675626,84105.620000,84061.020000
29855798,2026-10-07T04:38,84085.550000,0.008400,0.349712,2026-10-07,205,0.801144,0.141926,84099.600000,84076.990000
29855799,2026-10-07T04:39,84079.210000,-0.292200,-0.714961,2026-10-07,241,5.057765,0.091514,84111.640000,84079.150000
29855800,2026-10-07T04:40,84072.140000,-0.284100,-0.816123,2026-10-07,228,1.009954,0.167593,84079.210000,84068.350000
29855801,2026-10-07T04:41,84081.710000,0.007800,-0.667440,2026-10-07,211,1.175912,0.334197,84089.950000,84045.610000
29855802,2026-10-07T04:42,84095.730000,0.114400,-0.332511,2026-10-07,150,0.884250,0.144903,84095.730000,84081.700000
29855803,2026-10-07T04:43,84013.620000,0.090800,-0.710641,2026-10-07,379,12.522107,0.059122,84095.730000,84002.680000
29855804,2026-10-07T04:44,84095.080000,-0.200600,-0.881491,2026-10-07,257,3.007344,0.535814,84091.740000,84013.620000
29855805,2026-10-07T04:45,84084.540000,-0.013300,0.071082,2026-10-07,376,14.179081,0.278564,84095.560000,84055.000000
29855806,2026-10-07T04:46,84090.230000,-0.287200,-0.442875,2026-10-07,149,0.252221,0.265379,84095.380000,84084.530000
29855807,2026-10-07T04:47,84100.890000,0.197300,-0.469072,2026-10-07,151,0.696738,0.468571,84112.510000,84090.220000
29855808,2026-10-07T04:48,84097.700000,0.013300,-0.296772,2026-10-07,144,1.996658,0.422293,84109.240000,84083.370000
29855809,2026-10-07T04:49,84111.170000,-0.043000,-0.044274,2026-10-07,151,0.660928,0.149929,84118.460000,84097.700000
29855810,2026-10-07T04:50,84126.420000,-0.002700,-0.699969,2026-10-07,181,2.082282,0.096400,84150.110000,84111.160000
29855811,2026-10-07T04:51,84141.460000,0.065900,-0.807554,2026-10-07,157,0.559581,0.140662,84146.340000,84116.670000
29855812,2026-10-07T04:52,84115.020000,0.406300,-0.718739,2026-10-07,168,0.683917,0.079974,84141.460000,84114.970000
29855813,2026-10-07T04:53,84114.980000,-0.313100,-0.840023,2026-10-07,136,0.698415,0.475091,84154.900000,84114.960000
29855814,2026-10-07T04:54,84101.170000,-0.332000,-0.437624,2026-10-07,145,1.691607,0.178605,84115.640000,84101.160000
29855815,2026-10-07T04:55,84067.010000,0.520000,-0.639309,2026-10-07,251,5.176199,0.178199,84103.870000,84064.350000
29855816,2026-10-07T04:56,84062.460000,0.072800,-0.607940,2026-10-07,101,0.243350,0.893782,84071.950000,84055.700000
29855817,2026-10-07T04:57,84079.600000,-0.497500,0.786379,2026-10-07,124,0.557925,0.584223,84089.070000,84067.390000
29855818,2026-10-07T04:58,84068.490000,0.100000,0.168286,2026-10-07,112,0.461253,0.165987,84081.290000,84066.810000
29855819,2026-10-07T04:59,84075.800000,-0.046700,-0.667972,2026-10-07,112,0.239692,0.333909,84078.820000,84068.480000
29855820,2026-10-07T05:00,84081.710000,0.343800,-0.332181,2026-10-07,149,0.691691,0.502736,84099.550000,84075.800000
29855821,2026-10-07T05:01,84079.080000,0.286300,0.004927,2026-10-07,197,0.953193,0.650155,84088.870000,84075.820000
29855822,2026-10-07T05:02,84102.040000,0.141100,0.620755,2026-10-07,205,2.889747,0.639517,84110.210000,84079.080000
29855823,2026-10-07T05:03,84096.580000,-0.323400,0.001218,2026-10-07,197,1.789489,0.538381,84114.890000,84096.580000
29855824,2026-10-07T05:04,84075.820000,-0.119100,0.076833,2026-10-07,94,0.601894,0.046289,84096.580000,84075.810000
29855825,2026-10-07T05:05,84109.480000,-0.418400,-0.912884,2026-10-07,207,2.816510,0.882707,84115.630000,84061.030000
29855826,2026-10-07T05:06,84112.920000,0.270200,0.787474,2026-10-07,131,1.989163,0.902222,84117.850000,84092.710000
29855827,2026-10-07T05:07,84133.540000,0.250900,0.628201,2026-10-07,169,3.991947,0.679718,84139.990000,84112.930000
29855828,2026-10-07T05:08,84131.650000,0.150600,0.433446,2026-10-07,144,0.832110,0.316923,84133.550000,84124.380000
29855829,2026-10-07T05:09,84174.210000,0.420700,0.136526,2026-10-07,194,2.941792,0.848164,84176.580000,84131.650000
29855830,2026-10-07T05:10,84172.230000,0.041400,0.642148,2026-10-07,245,3.004854,0.254160,84183.840000,84164.230000
29855831,2026-10-07T05:11,84182.300000,-0.230000,-0.491708,2026-10-07,196,2.785054,0.524075,84200.040000,84162.520000
29855832,2026-10-07T05:12,84131.710000,0.247000,0.048150,2026-10-07,238,4.439048,0.022740,84192.300000,84130.200000
29855833,2026-10-07T05:13,84156.960000,-0.002500,-0.954519,2026-10-07,212,3.255289,0.490973,84162.640000,84131.720000
29855834,2026-10-07T05:14,84154.270000,-0.232000,-0.018054,2026-10-07,164,1.932975,0.152517,84163.780000,84138.070000
29855835,2026-10-07T05:15,84161.360000,0.253600,-0.694966,2026-10-07,167,2.104661,0.631401,84163.780000,84151.250000
29855836,2026-10-07T05:16,84141.920000,-0.214500,0.263083,2026-10-07,157,1.967320,0.049299,84161.370000,84141.910000
29855837,2026-10-07T05:17,84149.300000,-0.261800,-0.901975,2026-10-07,188,2.048980,0.087519,84152.700000,84141.910000
29855838,2026-10-07T05:18,84163.770000,-0.104000,-0.826088,2026-10-07,167,0.897277,0.182097,84163.780000,84146.570000
29855839,2026-10-07T05:19,84164.990000,0.218500,-0.625577,2026-10-07,133,0.100177,0.735092,84165.000000,84163.770000
29855840,2026-10-07T05:20,84185.510000,-0.219600,-0.592256,2026-10-07,194,1.500624,0.134958,84185.530000,84165.000000
29855841,2026-10-07T05:21,84191.270000,0.324000,-0.699609,2026-10-07,181,0.816199,0.129405,84191.280000,84185.510000
29855842,2026-10-07T05:22,84211.900000,0.362500,-0.739527,2026-10-07,187,1.436837,0.452241,84211.910000,84191.270000
29855843,2026-10-07T05:23,84201.490000,-0.189000,-0.097548,2026-10-07,261,3.034176,0.083393,84223.010000,84201.500000
29855844,2026-10-07T05:24,84201.490000,0.223700,-0.833003,2026-10-07,176,3.395340,0.105132,84209.950000,84185.520000
29855845,2026-10-07T05:25,84199.080000,0.024600,-0.818640,2026-10-07,152,1.677435,0.051126,84201.490000,84195.880000
29855846,2026-10-07T05:26,84204.440000,0.259700,-0.848603,2026-10-07,209,2.580916,0.217750,84205.430000,84195.890000
29855847,2026-10-07T05:27,84210.200000,0.246600,-0.564696,2026-10-07,265,3.987043,0.400117,84223.010000,84203.910000
29855848,2026-10-07T05:28,84199.460000,-0.009300,-0.283433,2026-10-07,181,1.139732,0.057165,84210.190000,84199.460000
29855849,2026-10-07T05:29,84177.800000,-0.089300,-0.868998,2026-10-07,209,3.299739,0.092267,84199.470000,84165.120000
29855850,2026-10-07T05:30,84180.800000,0.203800,-0.793914,2026-10-07,111,2.540276,0.037010,84181.690000,84177.800000
29855851,2026-10-07T05:31,84192.040000,-0.173400,-0.927855,2026-10-07,131,0.640155,0.565511,84192.050000,84178.650000
29855852,2026-10-07T05:32,84215.930000,-0.021700,0.131021,2026-10-07,52,0.383894,0.279270,84235.810000,84212.120000
29855853,2026-10-07T05:33,84218.320000,0.334400,-0.441238,2026-10-07,149,1.604934,0.242963,84225.230000,84208.970000
29855854,2026-10-07T05:34,84198.050000,-0.310300,-0.514129,2026-10-07,169,2.302828,0.118877,84219.520000,84198.050000
29855855,2026-10-07T05:35,84198.490000,-0.322000,-0.761453,2026-10-07,168,3.145212,0.258093,84211.200000,84197.880000
29855856,2026-10-07T05:36,84150.010000,-0.460400,-0.544504,2026-10-07,166,0.866601,0.157674,84198.050000,84150.000000
29855857,2026-10-07T05:37,84170.610000,-0.307400,-0.365119,2026-10-07,184,0.952545,0.340288,84175.160000,84150.000000
29855858,2026-10-07T05:38,84166.360000,-0.072500,-0.332333,2026-10-07,171,1.313596,0.273545,84172.300000,84160.000000
29855859,2026-10-07T05:39,84166.510000,0.192100,-0.453298,2026-10-07,125,1.158169,0.285071,84176.660000,84166.350000
29855860,2026-10-07T05:40,84183.850000,-0.142600,-0.476115,2026-10-07,171,2.610729,0.283277,84204.690000,84179.240000
29855861,2026-10-07T05:41,84219.510000,0.268700,-0.431872,2026-10-07,140,2.071930,0.219981,84219.520000,84184.230000
29855862,2026-10-07T05:42,84214.830000,0.110000,-0.550440,2026-10-07,140,0.232893,0.478827,84219.510000,84206.240000
29855863,2026-10-07T05:43,84184.430000,-0.312900,0.307811,2026-10-07,172,2.346625,0.032336,84214.890000,84184.430000
29855864,2026-10-07T05:44,84213.260000,-0.277600,-0.952149,2026-10-07,161,1.601398,0.121303,84214.820000,84184.150000
29855865,2026-10-07T05:45,84196.770000,0.033500,-0.757527,2026-10-07,145,0.629969,0.088549,84213.830000,84205.730000
29855866,2026-10-07T05:46,84220.420000,-0.449800,-0.822464,2026-10-07,143,0.690238,0.464136,84225.970000,84196.770000
29855867,2026-10-07T05:47,84239.990000,0.389200,-0.071811,2026-10-07,166,0.904613,0.500751,84240.000000,84209.670000
29855868,2026-10-07T05:48,84239.990000,-0.386000,0.001807,2026-10-07,191,0.803916,0.320715,84250.000000,84231.240000
29855869,2026-10-07T05:49,84262.510000,-0.069300,-0.359036,2026-10-07,123,0.917850,0.206966,84268.070000,84238.270000
29855870,2026-10-07T05:50,84292.020000,-0.383100,-0.586068,2026-10-07,166,1.454995,0.130364,84292.990000,84268.080000
29855871,2026-10-07T05:51,84268.080000,-0.239300,-0.739273,2026-10-07,151,1.716839,0.635350,84307.980000,84268.080000
29855872,2026-10-07T05:52,84288.390000,-0.232800,0.270705,2026-10-07,177,2.114806,0.570082,84290.240000,84258.040000
29855873,2026-10-07T05:53,84245.330000,-0.036600,0.140158,2026-10-07,218,2.780821,0.138000,84294.510000,84240.000000
29855874,2026-10-07T05:54,84302.520000,0.192800,-0.736218,2026-10-07,164,3.399851,0.790902,84302.830000,84245.330000
29855875,2026-10-07T05:55,84274.680000,0.005300,0.492414,2026-10-07,205,1.679090,0.476160,84302.530000,84274.830000
29855876,2026-10-07T05:56,84259.980000,0.186700,0.142842,2026-10-07,156,0.987312,0.408633,84283.630000,84259.970000
29855877,2026-10-07T05:57,84250.010000,-0.526700,-0.142536,2026-10-07,171,2.459163,0.042733,84266.100000,84250.000000
29855878,2026-10-07T05:58,84300.420000,-0.072800,-0.925991,2026-10-07,262,12.354641,0.909600,84320.770000,84250.000000
29855879,2026-10-07T05:59,84305.800000,-0.154600,0.867688,2026-10-07,335,15.380117,0.847226,84339.150000,84295.090000
29855880,2026-10-07T06:00,84301.670000,-0.299300,0.701086,2026-10-07,312,9.530481,0.828620,84350.000000,84293.730000
29855881,2026-10-07T06:01,84267.670000,-0.225600,0.653779,2026-10-07,242,5.118379,0.672351,84340.830000,84261.840000
29855882,2026-10-07T06:02,84301.610000,-0.318000,0.350421,2026-10-07,333,17.220402,0.442085,84302.920000,84222.520000
29855883,2026-10-07T06:03,84314.900000,-0.170600,-0.115458,2026-10-07,191,4.443475,0.848916,84315.440000,84281.740000
29855884,2026-10-07T06:04,84290.460000,0.127300,0.697764,2026-10-07,148,1.145708,0.264068,84317.790000,84284.070000
29855885,2026-10-07T06:05,84275.450000,-0.420300,-0.482678,2026-10-07,108,0.774632,0.193238,84290.460000,84275.450000
29855886,2026-10-07T06:06,84264.550000,-0.042800,-0.613525,2026-10-07,140,1.980293,0.070315,84275.450000,84257.300000
29855887,2026-10-07T06:07,84278.080000,-0.099800,-0.859308,2026-10-07,147,1.764625,0.503316,84290.460000,84264.540000
29855888,2026-10-07T06:08,84286.610000,0.201500,0.006622,2026-10-07,156,1.850424,0.197685,84296.150000,84265.000000
29855889,2026-10-07T06:09,84300.040000,0.279700,-0.604629,2026-10-07,141,1.288109,0.157388,84317.380000,84285.760000
29855890,2026-10-07T06:10,84283.180000,0.044600,-0.685224,2026-10-07,112,0.141519,0.471521,84300.040000,84283.180000
29855891,2026-10-07T06:11,84282.120000,-0.277200,-0.051567,2026-10-07,130,0.525430,0.467239,84290.260000,84282.120000
29855892,2026-10-07T06:12,84271.800000,0.271200,-0.066907,2026-10-07,175,2.003169,0.482060,84282.130000,84268.010000
29855893,2026-10-07T06:13,84271.150000,0.157300,-0.036013,2026-10-07,136,0.760305,0.378699,84271.810000,84266.700000
29855894,2026-10-07T06:14,84277.920000,-0.146800,-0.242373,2026-10-07,145,1.293999,0.425189,84277.930000,84271.150000
29855895,2026-10-07T06:15,84266.710000,-0.054700,-0.149570,2026-10-07,158,0.898218,0.314638,84277.930000,84266.700000
29855896,2026-10-07T06:16,84272.400000,-0.158000,-0.368237,2026-10-07,165,0.635603,0.339656,84277.930000,84266.190000
29855897,2026-10-07T06:17,84202.420000,0.150400,-0.321810,2026-10-07,213,4.531891,0.101658,84272.410000,84198.100000
29855898,2026-10-07T06:18,84172.100000,0.275300,-0.797141,2026-10-07,233,3.597856,0.284501,84202.420000,84163.090000
29855899,2026-10-07T06:19,84145.120000,-0.222700,-0.431000,2026-10-07,211,1.283375,0.391549,84183.080000,84138.070000
29855900,2026-10-07T06:20,84124.990000,0.005000,-0.216918,2026-10-07,208,2.118078,0.190334,84145.120000,84114.680000
29855901,2026-10-07T06:21,84160.820000,-0.505900,-0.539099,2026-10-07,183,2.140900,0.249800,84163.650000,84124.980000
29855902,2026-10-07T06:22,84175.080000,0.270300,-0.582001,2026-10-07,143,0.868509,0.224637,84175.320000,84160.810000
29855903,2026-10-07T06:23,84153.420000,-0.053100,-0.550688,2026-10-07,151,1.517477,0.721911,84179.510000,84153.420000
29855904,2026-10-07T06:24,84179.540000,-0.075000,0.443840,2026-10-07,245,4.852716,0.877666,84190.690000,84147.880000
29855905,2026-10-07T06:25,84163.600000,-0.178900,0.758754,2026-10-07,127,0.920060,0.444420,84196.520000,84163.590000
29855906,2026-10-07T06:26,84142.610000,0.301900,-0.287998,2026-10-07,122,1.443651,0.409025,84163.590000,84137.590000
29855907,2026-10-07T06:27,84192.020000,0.304900,-0.120698,2026-10-07,132,0.752919,0.319132,84191.610000,84142.610000
29855908,2026-10-07T06:28,84208.880000,0.054100,-0.290909,2026-10-07,144,1.727707,0.444615,84215.370000,84192.540000
29855909,2026-10-07T06:29,84164.490000,0.311500,-0.138194,2026-10-07,239,6.311894,0.115148,84209.820000,84140.540000
29855910,2026-10-07T06:30,84172.040000,0.027600,-0.768996,2026-10-07,162,0.949946,0.539060,84189.780000,84166.570000
29855911,2026-10-07T06:31,84153.200000,0.014700,0.075598,2026-10-07,173,1.614764,0.566110,84172.030000,84153.190000
29855912,2026-10-07T06:32,84219.070000,-0.194300,0.132293,2026-10-07,195,1.896648,0.309247,84219.070000,84153.190000
29855913,2026-10-07T06:33,84234.770000,-0.243900,-0.396006,2026-10-07,131,0.967077,0.470698,84237.130000,84214.570000
29855914,2026-10-07T06:34,84263.070000,-0.408700,-0.008409,2026-10-07,139,0.839644,0.410419,84263.330000,84234.770000
29855915,2026-10-07T06:35,84276.100000,0.050100,-0.179539,2026-10-07,166,0.833629,0.054712,84276.100000,84250.000000
29855916,2026-10-07T06:36,84288.480000,-0.389400,-0.895335,2026-10-07,135,0.831766,0.194359,84296.160000,84276.090000
29855917,2026-10-07T06:37,84276.100000,0.257100,-0.622174,2026-10-07,145,1.055976,0.270304,84288.470000,84276.090000
29855918,2026-10-07T06:38,84231.880000,-0.330700,-0.388478,2026-10-07,153,1.445876,0.234646,84277.780000,84231.880000
29855919,2026-10-07T06:39,84268.080000,-0.043200,-0.575729,2026-10-07,150,0.877695,0.415004,84268.080000,84231.870000
29855920,2026-10-07T06:40,84312.580000,-0.334500,-0.172394,2026-10-07,119,1.808006,0.056404,84312.580000,84268.070000
29855921,2026-10-07T06:41,84301.040000,-0.239700,-0.884846,2026-10-07,94,0.305734,0.111879,84318.600000,84301.030000
29855922,2026-10-07T06:42,84324.240000,-0.359500,-0.789411,2026-10-07,116,0.443859,0.215308,84324.240000,84301.050000
29855923,2026-10-07T06:43,84341.510000,-0.326300,-0.569411,2026-10-07,201,7.022723,0.809130,84365.250000,84324.230000
29855924,2026-10-07T06:44,84302.110000,0.121600,0.618281,2026-10-07,529,18.155074,0.119612,84342.260000,84280.000000
29855925,2026-10-07T06:45,84279.860000,0.242400,-0.760765,2026-10-07,250,1.960546,0.278929,84332.290000,84279.860000
29855926,2026-10-07T06:46,84281.460000,0.273000,-0.442017,2026-10-07,110,0.430891,0.539584,84303.070000,84279.860000
29855927,2026-10-07T06:47,84281.460000,-0.041100,0.078696,2026-10-07,90,1.421700,0.086960,84293.810000,84281.460000
29855928,2026-10-07T06:48,84245.400000,-0.011700,-0.826159,2026-10-07,163,3.933411,0.072002,84286.540000,84231.490000
29855929,2026-10-07T06:49,84272.490000,0.024300,-0.856000,2026-10-07,124,0.281186,0.576032,84272.500000,84245.400000
29855930,2026-10-07T06:50,84261.570000,0.359500,0.149661,2026-10-07,62,0.060955,0.342336,84272.500000,84261.560000
29855931,2026-10-07T06:51,84277.930000,-0.004600,-0.308231,2026-10-07,126,0.916261,0.233973,84282.120000,84261.560000
29855932,2026-10-07T06:52,84263.260000,0.305800,-0.532053,2026-10-07,148,1.692926,0.045910,84282.120000,84253.940000
29855933,2026-10-07T06:53,84245.580000,0.313700,-0.911581,2026-10-07,128,1.070344,0.715997,84263.260000,84237.640000
29855934,2026-10-07T06:54,84243.480000,0.074400,0.524786,2026-10-07,112,0.495481,0.193425,84247.450000,84239.620000
29855935,2026-10-07T06:55,84230.740000,0.454100,-0.775099,2026-10-07,98,0.807976,0.291488,84243.480000,84230.000000
29855936,2026-10-07T06:56,84230.740000,-0.559800,0.051098,2026-10-07,56,0.366110,0.087939,84232.880000,84230.740000
29855937,2026-10-07T06:57,84230.740000,-0.052600,-0.815486,2026-10-07,55,0.207161,0.204025,84230.750000,84230.740000
29855938,2026-10-07T06:58,84223.710000,-0.255900,-0.605432,2026-10-07,90,0.333338,0.447825,84230.750000,84223.700000
29855939,2026-10-07T06:59,84200.010000,-0.324800,-0.104357,2026-10-07,78,0.397192,0.139989,84223.700000,84200.000000
29855940,2026-10-07T07:00,84200.420000,-0.431800,-0.732536,2026-10-07,159,2.252603,0.793864,84215.630000,84183.840000
29855941,2026-10-07T07:01,84204.610000,-0.187900,0.600936,2026-10-07,145,1.524649,0.450431,84208.800000,84183.840000
29855942,2026-10-07T07:02,84184.620000,0.109400,-0.101025,2026-10-07,153,1.237291,0.284333,84218.020000,84169.800000
29855943,2026-10-07T07:03,84180.360000,0.161000,-0.431462,2026-10-07,158,1.595088,0.386171,84217.030000,84178.000000
29855944,2026-10-07T07:04,84158.740000,-0.199400,-0.227658,2026-10-07,104,0.694703,0.131519,84187.400000,84158.740000
29855945,2026-10-07T07:05,84158.490000,-0.222600,-0.736731,2026-10-07,186,7.423268,0.660514,84192.020000,84156.140000
29855946,2026-10-07T07:06,84142.790000,-0.453800,0.321040,2026-10-07,139,0.652896,0.271105,84158.500000,84141.760000
29855947,2026-10-07T07:07,84128.380000,-0.343700,-0.437242,2026-10-07,101,0.516764,0.642761,84145.280000,84128.370000
29855948,2026-10-07T07:08,84128.510000,-0.704800,0.272048,2026-10-07,68,0.216051,0.580983,84133.560000,84128.370000
29855949,2026-10-07T07:09,84120.420000,-0.437400,0.161966,2026-10-07,90,0.340396,0.139348,84128.510000,84120.410000
29855950,2026-10-07T07:10,84191.620000,-0.303300,-0.721305,2026-10-07,179,1.695622,0.800752,84191.620000,84120.410000
29855951,2026-10-07T07:11,84200.120000,-0.297900,0.598680,2026-10-07,208,3.169957,0.462115,84238.000000,84184.240000
29855952,2026-10-07T07:12,84204.950000,-0.218900,-0.075128,2026-10-07,126,0.450802,0.352685,84215.250000,84195.740000
29855953,2026-10-07T07:13,84231.790000,-0.133300,-0.293484,2026-10-07,116,0.708300,0.505706,84234.680000,84204.940000
29855954,2026-10-07T07:14,84235.640000,0.095700,0.011250,2026-10-07,112,0.581218,0.409522,84240.000000,84231.780000
29855955,2026-10-07T07:15,84237.430000,-0.547300,-0.181857,2026-10-07,137,0.867043,0.281683,84244.210000,84231.780000
29855956,2026-10-07T07:16,84212.080000,-0.273100,-0.515505,2026-10-07,222,2.296872,0.708433,84237.440000,84212.080000
29855957,2026-10-07T07:17,84155.830000,-0.222700,0.509635,2026-10-07,118,0.553635,0.296939,84212.090000,84155.840000
29855958,2026-10-07T07:18,84174.210000,-0.283100,-0.406122,2026-10-07,72,0.238693,0.999060,84174.210000,84155.830000
29855959,2026-10-07T07:19,84141.710000,-0.238900,0.998120,2026-10-07,112,0.629078,0.168870,84174.210000,84136.350000
29855960,2026-10-07T07:20,84148.960000,-0.392300,-0.653343,2026-10-07,93,0.913298,0.345333,84148.970000,84141.710000
29855961,2026-10-07T07:21,84193.790000,-0.374400,-0.312996,2026-10-07,209,3.099670,0.498104,84196.670000,84147.860000
29855962,2026-10-07T07:22,84231.760000,-0.153900,-0.003976,2026-10-07,148,0.946192,0.463050,84231.770000,84181.860000
29855963,2026-10-07T07:23,84218.330000,-0.252200,-0.074213,2026-10-07,107,0.496226,0.248470,84231.760000,84213.650000
29855964,2026-10-07T07:24,84207.230000,-0.171300,-0.511745,2026-10-07,107,0.620722,0.577259,84218.320000,84202.090000
29855965,2026-10-07T07:25,84183.880000,0.077100,0.173060,2026-10-07,126,0.958891,0.224869,84207.230000,84183.850000
29855966,2026-10-07T07:26,84202.300000,-0.011300,-0.550261,2026-10-07,166,1.689492,0.913341,84209.350000,84177.800000
29855967,2026-10-07T07:27,84213.860000,-0.232300,0.826694,2026-10-07,134,0.749017,0.356529,84221.080000,84202.300000
29855968,2026-10-07T07:28,84194.510000,-0.250800,-0.286156,2026-10-07,96,0.344682,0.047520,84213.870000,84194.500000
29855969,2026-10-07T07:29,84211.770000,-0.298600,-0.899884,2026-10-07,124,0.537120,0.400573,84213.860000,84190.580000
29855970,2026-10-07T07:30,84248.290000,-0.334600,-0.190430,2026-10-07,158,1.261160,0.503976,84248.290000,84211.480000
29855971,2026-10-07T07:31,84255.300000,-0.140200,0.036111,2026-10-07,120,1.365211,0.533046,84264.730000,84248.290000
29855972,2026-10-07T07:32,84258.260000,-0.288800,0.036390,2026-10-07,123,1.178011,0.250118,84271.150000,84229.100000
29855973,2026-10-07T07:33,84250.380000,-0.032600,-0.499825,2026-10-07,118,0.747748,0.057128,84265.760000,84242.930000
29855974,2026-10-07T07:34,84240.830000,-0.031100,-0.918437,2026-10-07,132,0.955473,0.232033,84243.340000,84221.540000
29855975,2026-10-07T07:35,84225.150000,-0.292300,-0.323815,2026-10-07,134,0.780891,0.294431,84249.320000,84215.110000
29855976,2026-10-07T07:36,84250.600000,0.104200,-0.406781,2026-10-07,101,0.548329,0.127502,84265.190000,84225.150000
29855977,2026-10-07T07:37,84255.990000,-0.305700,-0.752689,2026-10-07,61,0.568829,0.264802,84255.980000,84240.410000
29855978,2026-10-07T07:38,84238.320000,-0.193500,-0.469647,2026-10-07,144,1.417245,0.671365,84271.740000,84233.650000
29855979,2026-10-07T07:39,84208.170000,-0.251700,0.250996,2026-10-07,215,1.365411,0.582970,84238.310000,84191.570000
29855980,2026-10-07T07:40,84218.580000,-0.261700,0.261813,2026-10-07,127,0.170406,0.381154,84218.580000,84208.170000
29855981,2026-10-07T07:41,84240.290000,-0.285800,-0.233247,2026-10-07,148,3.088701,0.137130,84251.090000,84218.580000
29855982,2026-10-07T07:42,84269.990000,-0.288700,-0.726084,2026-10-07,138,1.435781,0.124855,84270.000000,84240.290000
29855983,2026-10-07T07:43,84285.760000,-0.467400,-0.749718,2026-10-07,141,0.861812,0.136163,84286.230000,84269.990000
29855984,2026-10-07T07:44,84278.490000,-0.002600,-0.724416,2026-10-07,89,0.613826,0.069180,84286.240000,84275.300000
29855985,2026-10-07T07:45,84247.150000,-0.583300,-0.868035,2026-10-07,145,1.215851,0.253918,84278.480000,84247.160000
29855986,2026-10-07T07:46,84225.900000,0.120000,-0.492172,2026-10-07,115,0.786413,0.123036,84247.160000,84225.900000
29855987,2026-10-07T07:47,84237.670000,-0.378600,-0.751362,2026-10-07,111,0.676462,0.278672,84252.710000,84225.900000
29855988,2026-10-07T07:48,84244.150000,0.006400,-0.445095,2026-10-07,135,1.916859,0.513629,84242.970000,84212.620000
29855989,2026-10-07T07:49,84207.360000,0.273900,0.027258,2026-10-07,85,0.554473,0.053484,84244.710000,84207.330000
29855990,2026-10-07T07:50,84210.040000,-0.380400,-0.893033,2026-10-07,161,4.892320,0.825489,84222.000000,84178.950000
29855991,2026-10-07T07:51,84194.430000,-0.300000,0.650978,2026-10-07,176,2.358464,0.187927,84211.240000,84166.080000
29855992,2026-10-07T07:52,84167.110000,-0.311100,-0.624147,2026-10-07,106,0.202622,0.615991,84220.920000,84167.100000
29855993,2026-10-07T07:53,84118.100000,-0.095900,0.231984,2026-10-07,144,1.556621,0.146885,84167.100000,84114.970000
29855994,2026-10-07T07:54,84114.980000,-0.272000,-0.706230,2026-10-07,101,0.196487,0.483126,84126.420000,84114.980000
29855995,2026-10-07T07:55,84107.380000,-0.513000,-0.033747,2026-10-07,152,2.447190,0.137370,84125.800000,84098.210000
29855996,2026-10-07T07:56,84075.330000,-0.259800,-0.725250,2026-10-07,153,1.449728,0.299674,84113.350000,84058.220000
29855997,2026-10-07T07:57,84081.640000,-0.357500,-0.400427,2026-10-07,126,1.682581,0.400290,84107.390000,84062.130000
29855998,2026-10-07T07:58,84138.960000,-0.169000,-0.199596,2026-10-07,116,0.436517,0.474894,84138.960000,84081.650000
29855999,2026-10-07T07:59,84100.080000,0.016100,-0.050149,2026-10-07,101,0.546708,0.243389,84141.720000,84100.070000
29856000,2026-10-07T08:00,83990.670000,0.064100,-0.507377,2026-10-07,355,3.916690,0.333128,84115.850000,83980.470000
29856001,2026-10-07T08:01,84057.640000,-0.266300,-0.320448,2026-10-07,274,10.298541,0.612293,84069.970000,84002.440000
29856002,2026-10-07T08:02,84054.790000,-0.536500,0.221601,2026-10-07,150,0.862314,0.682064,84075.840000,84023.250000
29856003,2026-10-07T08:03,84094.210000,-0.409600,0.362719,2026-10-07,165,0.876672,0.618943,84096.670000,84022.300000
29856004,2026-10-07T08:04,84076.730000,-0.525000,-0.001551,2026-10-07,197,2.952651,0.291224,84101.730000,84053.620000
29856005,2026-10-07T08:05,84057.890000,-0.425000,-0.390337,2026-10-07,119,0.967981,0.665619,84086.360000,84051.740000
29856006,2026-10-07T08:06,84034.770000,-0.419200,0.451727,2026-10-07,151,2.023136,0.753870,84059.640000,84016.250000
29856007,2026-10-07T08:07,84029.260000,-0.187500,0.507741,2026-10-07,132,0.657848,0.771035,84045.920000,84009.520000
29856008,2026-10-07T08:08,84030.430000,-0.303000,0.542070,2026-10-07,125,0.384322,0.736025,84054.790000,84023.250000
29856009,2026-10-07T08:09,84042.730000,0.058000,0.471782,2026-10-07,193,2.950117,0.757100,84042.730000,84002.430000
29856010,2026-10-07T08:10,84021.540000,-0.377000,0.466523,2026-10-07,186,2.995336,0.658478,84044.270000,84004.170000
29856011,2026-10-07T08:11,84015.390000,-0.224500,0.339650,2026-10-07,125,0.913608,0.286895,84040.980000,84013.700000
29856012,2026-10-07T08:12,83995.230000,-0.160600,-0.241915,2026-10-07,193,2.434768,0.545164,84017.220000,83990.930000
29856013,2026-10-07T08:13,84010.240000,-0.328500,0.002619,2026-10-07,106,1.774992,0.739309,84011.280000,83990.940000
29856014,2026-10-07T08:14,84013.490000,-0.547800,0.544501,2026-10-07,274,5.909930,0.754524,84040.210000,83990.920000
29856015,2026-10-07T08:15,84021.170000,-0.309500,0.516695,2026-10-07,342,7.245534,0.406402,84041.180000,83981.170000
29856016,2026-10-07T08:16,83987.770000,-0.357400,-0.200439,2026-10-07,425,16.715062,0.207181,84021.170000,83954.490000
29856017,2026-10-07T08:17,83984.360000,-0.401300,-0.585091,2026-10-07,267,6.118816,0.493766,83992.830000,83946.930000
29856018,2026-10-07T08:18,83954.060000,0.027600,-0.021439,2026-10-07,268,5.985531,0.349995,83993.160000,83934.500000
29856019,2026-10-07T08:19,83965.580000,-0.504000,-0.296860,2026-10-07,145,1.402044,0.712902,83968.420000,83940.000000
29856020,2026-10-07T08:20,83989.800000,-0.249700,0.448228,2026-10-07,188,3.588622,0.705684,84004.120000,83954.290000
29856021,2026-10-07T08:21,83995.500000,-0.195900,0.391765,2026-10-07,119,1.224827,0.656473,84000.000000,83970.750000
29856022,2026-10-07T08:22,84019.680000,0.170400,0.345129,2026-10-07,99,1.715692,0.951301,84022.160000,83994.220000
29856023,2026-10-07T08:23,83968.640000,-0.414700,0.902028,2026-10-07,178,2.366110,0.027455,84044.270000,83949.470000
29856024,2026-10-07T08:24,83962.620000,-0.223400,-0.945042,2026-10-07,127,1.051131,0.425511,83986.050000,83962.620000
29856025,2026-10-07T08:25,83998.700000,-0.295500,-0.149027,2026-10-07,231,4.357770,0.384504,84007.980000,83939.080000
29856026,2026-10-07T08:26,84030.170000,-0.320500,-0.225632,2026-10-07,144,2.511433,0.846642,84032.820000,83991.680000
29856027,2026-10-07T08:27,84034.490000,-0.473500,0.690940,2026-10-07,142,1.875563,0.296587,84037.690000,84010.510000
29856028,2026-10-07T08:28,83998.240000,-0.047400,-0.406833,2026-10-07,115,1.112532,0.391310,84030.180000,83998.230000
29856029,2026-10-07T08:29,84012.540000,-0.255800,-0.461658,2026-10-07,143,1.826552,0.642233,84029.620000,83982.040000
29856030,2026-10-07T08:30,83979.360000,-0.510100,0.775723,2026-10-07,149,1.968375,0.381664,84012.540000,83949.590000
29856031,2026-10-07T08:31,84019.740000,-0.270500,-0.121799,2026-10-07,174,1.972538,0.424776,84044.920000,83979.360000
29856032,2026-10-07T08:32,84021.830000,-0.339800,-0.284088,2026-10-07,80,0.901323,0.575772,84027.980000,84002.200000
29856033,2026-10-07T08:33,84023.790000,-0.097900,0.151562,2026-10-07,110,0.701012,0.586790,84043.230000,84020.830000
29856034,2026-10-07T08:34,84064.150000,-0.442100,0.250866,2026-10-07,133,1.110716,0.574586,84065.310000,84023.800000
29856035,2026-10-07T08:35,84115.040000,-0.207600,0.089914,2026-10-07,129,0.562438,0.577083,84115.030000,84064.150000
29856036,2026-10-07T08:36,84082.110000,-0.187300,0.277644,2026-10-07,184,3.034288,0.163617,84152.360000,84074.480000
29856037,2026-10-07T08:37,84008.150000,0.207700,-0.727570,2026-10-07,185,2.941863,0.260373,84082.110000,84008.150000
29856038,2026-10-07T08:38,84010.860000,0.092300,-0.479124,2026-10-07,68,0.601164,0.989752,84012.620000,84007.920000
29856039,2026-10-07T08:39,84018.360000,-0.104400,0.979542,2026-10-07,245,7.553277,0.070756,84030.640000,83991.360000
29856040,2026-10-07T08:40,83995.430000,-0.317800,-0.868526,2026-10-07,103,1.015964,0.078722,84020.180000,83995.440000
29856041,2026-10-07T08:41,83951.040000,-0.287400,-0.646846,2026-10-07,291,9.597448,0.014432,83995.440000,83921.840000
29856042,2026-10-07T08:42,83971.830000,-0.175700,-0.966420,2026-10-07,244,3.636915,0.075547,83987.160000,83948.470000
29856043,2026-10-07T08:43,83951.930000,-0.309200,-0.860826,2026-10-07,380,10.771747,0.139268,84000.980000,83941.240000
29856044,2026-10-07T08:44,83968.710000,-0.287100,-0.720557,2026-10-07,269,5.213559,0.421961,83984.060000,83931.660000
29856045,2026-10-07T08:45,83973.290000,-0.280300,-0.157341,2026-10-07,211,4.663053,0.064016,83981.730000,83919.100000
29856046,2026-10-07T08:46,83972.040000,-0.367900,-0.871968,2026-10-07,161,2.415838,0.152015,83989.890000,83952.660000
29856047,2026-10-07T08:47,83986.710000,-0.569300,-0.695569,2026-10-07,108,0.465877,0.602552,83986.710000,83973.700000
29856048,2026-10-07T08:48,83987.450000,-0.300500,0.204401,2026-10-07,116,1.607587,0.606301,84002.190000,83986.710000
29856049,2026-10-07T08:49,83979.460000,-0.520600,0.212601,2026-10-07,70,0.678763,0.609498,83987.450000,83977.770000
29856050,2026-10-07T08:50,83987.450000,-0.382700,0.219268,2026-10-07,106,1.146188,0.212512,83987.450000,83964.030000
29856051,2026-10-07T08:51,83961.480000,-0.407800,-0.583362,2026-10-07,153,2.813710,0.229934,83987.440000,83947.540000
29856052,2026-10-07T08:52,83919.890000,-0.264000,-0.520222,2026-10-07,155,2.234158,0.163196,83964.940000,83911.660000
29856053,2026-10-07T08:53,83960.760000,-0.306200,-0.696274,2026-10-07,126,1.764961,0.418792,83966.880000,83919.900000
29856054,2026-10-07T08:54,83964.110000,-0.146300,-0.162416,2026-10-07,149,1.843885,0.719759,83978.100000,83955.690000
29856055,2026-10-07T08:55,83975.920000,-0.168700,0.439519,2026-10-07,131,1.036746,0.380057,84010.590000,83964.110000
29856056,2026-10-07T08:56,83958.180000,-0.092900,-0.239339,2026-10-07,138,1.663110,0.375890,83979.600000,83944.240000
29856057,2026-10-07T08:57,83942.980000,-0.202700,-0.248400,2026-10-07,156,0.939958,0.109730,83964.050000,83936.630000
29856058,2026-10-07T08:58,83924.020000,-0.332200,-0.779876,2026-10-07,95,0.643017,0.547502,83942.980000,83920.000000
29856059,2026-10-07T08:59,83924.020000,-0.671300,0.094746,2026-10-07,92,0.190261,0.867885,83924.030000,83924.020000
29856060,2026-10-07T09:00,83931.290000,0.072200,0.741739,2026-10-07,156,2.646803,0.259084,83954.600000,83918.030000
29856061,2026-10-07T09:01,83954.460000,-0.104900,-0.484535,2026-10-07,132,1.505013,0.567645,83954.980000,83931.280000
29856062,2026-10-07T09:02,83956.650000,-0.162800,0.135343,2026-10-07,92,0.150282,0.522101,83974.700000,83931.800000
29856063,2026-10-07T09:03,83937.980000,-0.301200,0.044203,2026-10-07,114,3.101676,0.139170,83956.660000,83935.520000
29856064,2026-10-07T09:04,83949.600000,-0.498900,-0.721792,2026-10-07,137,1.581137,0.895076,83958.370000,83922.250000
29856065,2026-10-07T09:05,83981.170000,-0.127400,0.791827,2026-10-07,93,0.413719,0.559503,83984.990000,83956.940000
29856066,2026-10-07T09:06,83959.790000,-0.327100,0.126298,2026-10-07,120,0.770995,0.306389,83981.170000,83952.980000
29856067,2026-10-07T09:07,83897.730000,-0.223700,-0.393650,2026-10-07,339,12.602153,0.217395,83959.790000,83897.720000
29856068,2026-10-07T09:08,83909.930000,-0.249700,-0.559727,2026-10-07,162,3.218694,0.645943,83919.370000,83892.550000
29856069,2026-10-07T09:09,83892.120000,-0.250800,-0.330351,2026-10-07,265,6.221475,0.299324,83909.930000,83852.180000
29856070,2026-10-07T09:10,83894.960000,-0.273000,0.122300,2026-10-07,121,1.769582,0.733127,83907.520000,83890.740000
29856071,2026-10-07T09:11,83878.020000,-0.537300,0.466303,2026-10-07,104,1.332063,0.143921,83894.960000,83873.580000
29856072,2026-10-07T09:12,83939.420000,-0.499200,-0.712471,2026-10-07,289,5.510661,0.593380,83954.860000,83878.020000
29856073,2026-10-07T09:13,83920.820000,-0.393300,0.186761,2026-10-07,180,2.113945,0.389313,83939.410000,83907.570000
29856074,2026-10-07T09:14,83904.490000,-0.460100,-0.221204,2026-10-07,137,1.833058,0.506961,83919.170000,83894.170000
29856075,2026-10-07T09:15,83889.010000,-0.208500,0.013763,2026-10-07,204,5.078255,0.153956,83931.200000,83889.020000
29856076,2026-10-07T09:16,83877.260000,-0.272500,-0.691435,2026-10-07,209,1.796726,0.496350,83918.030000,83871.820000
29856077,2026-10-07T09:17,83827.210000,-0.508100,-0.008399,2026-10-07,439,16.109244,0.138028,83875.960000,83821.010000
29856078,2026-10-07T09:18,83812.830000,-0.511900,-0.719886,2026-10-07,364,12.120059,0.199417,83842.660000,83784.520000
29856079,2026-10-07T09:19,83767.150000,-0.316000,-0.608250,2026-10-07,322,6.575704,0.191462,83812.830000,83739.200000
29856080,2026-10-07T09:20,83778.100000,-0.100400,-0.540472,2026-10-07,260,2.363899,0.753950,83815.870000,83755.640000
29856081,2026-10-07T09:21,83754.290000,-0.365500,0.434754,2026-10-07,171,1.085499,0.699434,83788.500000,83747.310000
29856082,2026-10-07T09:22,83755.460000,-0.205900,0.398867,2026-10-07,111,0.742465,0.711933,83781.270000,83754.290000
29856083,2026-10-07T09:23,83758.490000,-0.222400,0.423805,2026-10-07,177,3.221532,0.335863,83791.800000,83738.840000
29856084,2026-10-07T09:24,83830.170000,0.279300,-0.325191,2026-10-07,181,1.953984,0.636043,83830.170000,83756.280000
29856085,2026-10-07T09:25,83811.420000,-0.460400,0.269290,2026-10-07,140,1.233528,0.538807,83830.160000,83806.540000
29856086,2026-10-07T09:26,83826.480000,-0.187200,0.077614,2026-10-07,93,0.142901,0.592248,83826.480000,83811.410000
29856087,2026-10-07T09:27,83814.710000,-0.082000,0.182546,2026-10-07,145,1.339156,0.744522,83824.760000,83810.000000
29856088,2026-10-07T09:28,83776.550000,0.346400,0.489271,2026-10-07,135,0.803238,0.232286,83821.820000,83774.980000
29856089,2026-10-07T09:29,83829.400000,-0.261200,-0.464906,2026-10-07,112,0.698456,0.892141,83830.820000,83772.900000
29856090,2026-10-07T09:30,83820.260000,-0.506000,0.772500,2026-10-07,152,1.267176,0.438837,83840.280000,83809.970000
29856091,2026-10-07T09:31,83814.670000,-0.121500,-0.147440,2026-10-07,122,1.321404,0.858089,83820.260000,83793.490000
29856092,2026-10-07T09:32,83814.330000,-0.413600,0.763977,2026-10-07,244,2.419598,0.767869,83819.130000,83760.850000
29856093,2026-10-07T09:33,83706.380000,-0.122800,0.535334,2026-10-07,387,13.872570,0.178096,83802.050000,83681.680000
29856094,2026-10-07T09:34,83720.320000,-0.365100,-0.639850,2026-10-07,384,7.021457,0.459879,83721.240000,83642.990000
29856095,2026-10-07T09:35,83644.100000,-0.332400,-0.085396,2026-10-07,434,13.595916,0.187924,83720.320000,83631.240000
29856096,2026-10-07T09:36,83680.990000,-0.293600,-0.582301,2026-10-07,239,2.936679,0.796768,83697.120000,83644.100000
29856097,2026-10-07T09:37,83684.290000,-0.373900,0.536818,2026-10-07,174,2.626438,0.494918,83688.870000,83670.100000
29856098,2026-10-07T09:38,83717.980000,-0.159600,-0.010148,2026-10-07,251,2.529368,0.638237,83725.540000,83676.630000
29856099,2026-10-07T09:39,83674.460000,-0.349300,0.276596,2026-10-07,104,0.707120,0.211443,83717.980000,83665.560000
29856100,2026-10-07T09:40,83630.390000,-0.186300,-0.578468,2026-10-07,192,2.296166,0.745103,83660.010000,83620.000000
29856101,2026-10-07T09:41,83707.200000,-0.178000,0.427127,2026-10-07,277,7.489180,0.854113,83706.760000,83621.540000
29856102,2026-10-07T09:42,83737.950000,-0.242700,0.731706,2026-10-07,147,1.273867,0.614228,83737.950000,83697.130000
29856103,2026-10-07T09:43,83760.240000,0.080900,0.234714,2026-10-07,150,1.108577,0.477623,83799.670000,83737.940000
29856104,2026-10-07T09:44,83762.420000,-0.334800,-0.053196,2026-10-07,146,0.891449,0.983927,83764.350000,83751.590000
29856105,2026-10-07T09:45,83805.740000,-0.229700,0.968056,2026-10-07,149,1.027086,0.589115,83807.880000,83759.740000
29856106,2026-10-07T09:46,83757.670000,-0.559000,0.178230,2026-10-07,116,0.260141,0.363147,83805.740000,83760.240000
29856107,2026-10-07T09:47,83770.640000,-0.164800,-0.273705,2026-10-07,222,1.858121,0.717920,83770.650000,83739.200000
29856108,2026-10-07T09:48,83772.620000,-0.311000,0.419384,2026-10-07,122,0.932568,0.224414,83778.940000,83754.060000
29856109,2026-10-07T09:49,83804.570000,-0.383700,-0.540596,2026-10-07,115,0.341396,0.614350,83804.570000,83766.630000
29856110,2026-10-07T09:50,83810.610000,-0.013900,0.228973,2026-10-07,129,0.480569,0.738579,83810.610000,83793.470000
29856111,2026-10-07T09:51,83777.050000,-0.611800,0.477157,2026-10-07,134,1.445103,0.444571,83810.610000,83775.370000
29856112,2026-10-07T09:52,83754.770000,-0.608300,-0.111141,2026-10-07,115,0.643407,0.571719,83776.100000,83750.000000
29856113,2026-10-07T09:53,83754.240000,-0.304200,0.144024,2026-10-07,179,2.246285,0.823275,83768.780000,83739.200000
29856114,2026-10-07T09:54,83718.150000,-0.098500,0.646644,2026-10-07,370,16.844132,0.241719,83770.750000,83667.730000
29856115,2026-10-07T09:55,83723.790000,-0.376500,-0.516561,2026-10-07,244,5.382326,0.899782,83733.320000,83694.110000
29856116,2026-10-07T09:56,83673.020000,-0.387600,0.799271,2026-10-07,274,5.725890,0.450475,83730.790000,83665.580000
29856117,2026-10-07T09:57,83705.050000,-0.334800,-0.098911,2026-10-07,168,1.455291,0.895054,83705.100000,83673.030000
29856118,2026-10-07T09:58,83735.290000,-0.080400,0.815463,2026-10-07,242,3.191446,0.869282,83737.790000,83705.050000
29856119,2026-10-07T09:59,83784.290000,-0.160800,0.722016,2026-10-07,196,1.493195,0.823312,83791.700000,83735.300000
29856120,2026-10-07T10:00,83781.260000,-0.236700,0.643077,2026-10-07,126,0.620534,0.437341,83788.000000,83778.580000
29856121,2026-10-07T10:01,83754.290000,-0.077100,-0.121425,2026-10-07,176,2.349099,0.338616,83788.990000,83741.420000
29856122,2026-10-07T10:02,83721.680000,-0.300100,-0.325967,2026-10-07,208,2.468365,0.298543,83764.330000,83721.690000
29856123,2026-10-07T10:03,83691.210000,-0.746900,-0.403124,2026-10-07,242,4.379969,0.323707,83733.930000,83691.210000
29856124,2026-10-07T10:04,83749.710000,-0.219100,-0.352503,2026-10-07,313,3.468180,0.879987,83749.720000,83680.160000
29856125,2026-10-07T10:05,83740.100000,-0.277200,0.724263,2026-10-07,178,1.709053,0.734879,83749.720000,83718.170000
29856126,2026-10-07T10:06,83760.240000,-0.232600,0.529632,2026-10-07,153,1.448020,0.854036,83773.830000,83718.160000
29856127,2026-10-07T10:07,83655.010000,0.129600,0.708969,2026-10-07,1376,76.255154,0.207777,83761.080000,83395.720000
29856128,2026-10-07T10:08,83681.890000,-0.303700,-0.586922,2026-10-07,603,21.513306,0.432288,83688.060000,83549.850000
29856129,2026-10-07T10:09,83743.290000,-0.058600,-0.104729,2026-10-07,315,5.805195,0.406414,83763.000000,83671.680000
29856130,2026-10-07T10:10,83826.320000,-0.200400,-0.157976,2026-10-07,292,6.404665,0.357451,83850.530000,83748.520000
29856131,2026-10-07T10:11,83836.100000,-0.130200,-0.290079,2026-10-07,303,4.149486,0.684288,83869.900000,83813.810000
29856132,2026-10-07T10:12,83783.460000,-0.294300,0.356420,2026-10-07,261,3.776853,0.442555,83836.100000,83783.470000
29856133,2026-10-07T10:13,83784.080000,-0.303600,-0.095188,2026-10-07,314,5.780854,0.420402,83802.310000,83754.900000
29856134,2026-10-07T10:14,83812.830000,-0.459700,-0.167409,2026-10-07,163,2.651753,0.732266,83812.830000,83771.880000
29856135,2026-10-07T10:15,83840.070000,-0.069500,0.496139,2026-10-07,200,1.878274,0.642359,83854.860000,83812.830000
29856136,2026-10-07T10:16,83793.580000,-0.339500,0.269739,2026-10-07,232,5.501536,0.786930,83841.990000,83793.570000
29856137,2026-10-07T10:17,83802.490000,-0.036300,0.580450,2026-10-07,287,4.127472,0.558572,83819.820000,83755.340000
29856138,2026-10-07T10:18,83875.240000,-0.336600,0.117139,2026-10-07,347,7.989114,0.829703,83883.750000,83793.700000
29856139,2026-10-07T10:19,83865.460000,-0.022400,0.659438,2026-10-07,371,13.647740,0.672036,83914.540000,83854.920000
29856140,2026-10-07T10:20,83869.830000,-0.086100,0.344065,2026-10-07,231,4.270707,0.626915,83896.150000,83854.930000
29856141,2026-10-07T10:21,83883.990000,0.103200,0.254022,2026-10-07,166,2.952289,0.651159,83899.990000,83854.920000
29856142,2026-10-07T10:22,83907.510000,-0.058400,0.396875,2026-10-07,298,3.334985,0.622997,83907.520000,83875.970000
29856143,2026-10-07T10:23,83880.010000,-0.389200,0.124128,2026-10-07,165,3.090335,0.497139,83913.250000,83880.000000
29856144,2026-10-07T10:24,83880.890000,-0.266100,-0.006217,2026-10-07,184,3.692436,0.874948,83910.990000,83875.960000
29856145,2026-10-07T10:25,83863.550000,-0.410800,0.585809,2026-10-07,187,2.352074,0.446274,83880.890000,83857.600000
29856146,2026-10-07T10:26,83868.460000,-0.546500,0.066790,2026-10-07,152,2.332328,0.822855,83876.730000,83859.470000
29856147,2026-10-07T10:27,83862.010000,0.088200,0.645796,2026-10-07,214,3.468764,0.535336,83884.670000,83847.790000
29856148,2026-10-07T10:28,83857.260000,-0.309400,0.070672,2026-10-07,216,5.431604,0.508077,83893.170000,83857.250000
29856149,2026-10-07T10:29,83852.380000,0.052600,0.016571,2026-10-07,175,1.974659,0.750431,83857.260000,83834.930000
29856150,2026-10-07T10:30,83844.420000,0.037400,0.592862,2026-10-07,204,4.791134,0.608090,83900.880000,83844.410000
29856151,2026-10-07T10:31,83788.290000,-0.234600,0.136694,2026-10-07,185,3.412245,0.315105,83844.420000,83783.620000
29856152,2026-10-07T10:32,83713.930000,-0.052300,-0.372748,2026-10-07,231,4.782067,0.398177,83788.300000,83700.850000
29856153,2026-10-07T10:33,83709.360000,-0.356900,-0.203707,2026-10-07,207,4.803927,0.712472,83747.020000,83703.860000
29856154,2026-10-07T10:34,83695.390000,-0.199700,0.425132,2026-10-07,236,3.956523,0.684085,83714.070000,83657.120000
29856155,2026-10-07T10:35,83727.830000,-0.366400,0.330102,2026-10-07,192,3.182309,0.730589,83747.880000,83682.270000
29856156,2026-10-07T10:36,83708.960000,-0.634100,0.514829,2026-10-07,136,1.480346,0.371388,83744.640000,83702.700000
29856157,2026-10-07T10:37,83655.390000,-0.116100,-0.269635,2026-10-07,195,2.083048,0.573194,83708.950000,83650.860000
29856158,2026-10-07T10:38,83671.700000,0.039700,0.059141,2026-10-07,210,3.450427,0.679486,83709.890000,83644.520000
29856159,2026-10-07T10:39,83707.490000,-0.139000,0.441386,2026-10-07,166,1.665536,0.867510,83710.390000,83665.560000
29856160,2026-10-07T10:40,83659.490000,-0.219700,0.735019,2026-10-07,171,3.070505,0.562686,83707.500000,83655.050000
29856161,2026-10-07T10:41,83698.290000,-0.409000,0.145803,2026-10-07,141,1.782364,0.647764,83700.000000,83659.490000
29856162,2026-10-07T10:42,83612.600000,0.215200,0.265173,2026-10-07,193,2.417661,0.240019,83698.300000,83612.590000
29856163,2026-10-07T10:43,83631.300000,-0.248500,-0.519865,2026-10-07,261,4.131314,0.790242,83650.180000,83612.600000
29856164,2026-10-07T10:44,83614.710000,0.106900,0.580471,2026-10-07,125,0.769588,0.426120,83631.310000,83610.790000
29856165,2026-10-07T10:45,83657.730000,-0.046100,-0.147760,2026-10-07,277,3.452046,0.557214,83667.740000,83603.540000
29856166,2026-10-07T10:46,83643.790000,-0.166200,0.114427,2026-10-07,228,2.657654,0.615996,83662.980000,83635.940000
29856167,2026-10-07T10:47,83668.710000,-0.257400,0.231918,2026-10-07,193,2.760944,0.601551,83689.230000,83643.790000
29856168,2026-10-07T10:48,83705.040000,-0.108600,0.215041,2026-10-07,137,1.276200,0.887379,83705.040000,83669.330000
29856169,2026-10-07T10:49,83700.890000,0.076400,0.767141,2026-10-07,168,2.802152,0.194753,83726.040000,83697.480000
29856170,2026-10-07T10:50,83773.920000,-0.152000,-0.610494,2026-10-07,187,2.162651,0.947039,83775.820000,83700.890000
29856171,2026-10-07T10:51,83780.730000,-0.081500,0.894078,2026-10-07,176,2.029086,0.182971,83815.040000,83773.910000
29856172,2026-10-07T10:52,83780.580000,-0.246200,-0.634073,2026-10-07,155,1.718814,0.602001,83789.570000,83762.540000
29856173,2026-10-07T10:53,83762.550000,-0.488200,0.204048,2026-10-07,108,0.947813,0.805730,83784.860000,83762.550000
29856174,2026-10-07T10:54,83764.490000,-0.245200,0.612757,2026-10-07,181,2.146207,0.463987,83764.500000,83735.850000
29856175,2026-10-07T10:55,83718.170000,0.142600,0.106948,2026-10-07,201,2.714112,0.622737,83791.100000,83727.050000
29856176,2026-10-07T10:56,83704.490000,-0.454800,0.102334,2026-10-07,134,1.158065,0.628577,83718.170000,83699.510000
29856177,2026-10-07T10:57,83716.100000,0.061200,0.261298,2026-10-07,165,1.736654,0.407210,83716.100000,83700.010000
29856178,2026-10-07T10:58,83716.110000,-0.093000,-0.190310,2026-10-07,168,2.254520,0.486526,83730.300000,83712.990000
29856179,2026-10-07T10:59,83719.710000,-0.285400,-0.067013,2026-10-07,209,2.812633,0.201474,83721.100000,83707.700000
29856180,2026-10-07T11:00,83745.700000,0.095900,-0.582278,2026-10-07,293,3.286807,0.572054,83745.700000,83718.880000
29856181,2026-10-07T11:01,83760.080000,-0.474400,0.152408,2026-10-07,243,3.524761,0.523656,83760.240000,83728.690000
29856182,2026-10-07T11:02,83686.680000,-0.030000,-0.003501,2026-10-07,293,5.008490,0.123997,83766.900000,83686.690000
29856183,2026-10-07T11:03,83665.890000,-0.237400,-0.743330,2026-10-07,285,4.842325,0.504380,83702.600000,83661.960000
29856184,2026-10-07T11:04,83737.460000,0.089300,0.104243,2026-10-07,236,3.491820,0.751436,83737.470000,83665.890000
29856185,2026-10-07T11:05,83760.240000,-0.313400,0.398052,2026-10-07,221,2.202871,0.621222,83760.240000,83729.180000
29856186,2026-10-07T11:06,83724.490000,-0.471900,0.269064,2026-10-07,261,4.690285,0.657650,83760.240000,83707.640000
29856187,2026-10-07T11:07,83784.350000,0.142700,0.315084,2026-10-07,221,2.609453,0.610664,83787.060000,83721.360000
29856188,2026-10-07T11:08,83800.010000,-0.373400,0.223216,2026-10-07,219,1.933599,0.501996,83809.990000,83771.000000
29856189,2026-10-07T11:09,83784.260000,-0.416200,0.010369,2026-10-07,217,1.342165,0.614514,83800.020000,83771.240000
29856190,2026-10-07T11:10,83781.350000,-0.105400,0.133895,2026-10-07,222,2.406033,0.543770,83784.260000,83757.200000
29856191,2026-10-07T11:11,83794.260000,-0.157000,0.138919,2026-10-07,212,2.006802,0.472898,83796.450000,83781.350000
29856192,2026-10-07T11:12,83785.230000,-0.265900,-0.065735,2026-10-07,234,3.329331,0.756278,83812.470000,83784.300000
29856193,2026-10-07T11:13,83806.890000,0.113900,0.512556,2026-10-07,166,1.660202,0.682811,83806.900000,83784.310000
29856194,2026-10-07T11:14,83805.290000,-0.475200,0.277747,2026-10-07,173,1.697706,0.401354,83806.900000,83799.370000
29856195,2026-10-07T11:15,83776.170000,-0.197200,-0.139983,2026-10-07,174,1.473718,0.456254,83805.300000,83775.250000
29856196,2026-10-07T11:16,83771.270000,-0.189700,-0.085870,2026-10-07,178,1.168969,0.414525,83781.050000,83771.280000
29856197,2026-10-07T11:17,83728.680000,-0.314000,-0.403327,2026-10-07,225,2.233944,0.263499,83771.280000,83728.680000
29856198,2026-10-07T11:18,83705.460000,-0.341500,-0.044414,2026-10-07,223,2.401846,0.338184,83728.690000,83680.580000
29856199,2026-10-07T11:19,83639.830000,-0.458700,-0.683908,2026-10-07,250,3.924221,0.208032,83705.460000,83624.610000
29856200,2026-10-07T11:20,83604.290000,-0.170600,-0.604030,2026-10-07,330,6.721715,0.590845,83653.130000,83589.980000
29856201,2026-10-07T11:21,83639.100000,-0.266500,0.227097,2026-10-07,273,5.696168,0.367306,83653.120000,83556.760000
29856202,2026-10-07T11:22,83707.710000,-0.558000,-0.265225,2026-10-07,184,2.294398,0.757378,83718.650000,83639.090000
29856203,2026-10-07T11:23,83708.890000,-0.488500,0.356732,2026-10-07,175,2.057640,0.652814,83710.480000,83689.120000
29856204,2026-10-07T11:24,83676.360000,-0.285100,0.500148,2026-10-07,193,2.511552,0.260713,83725.000000,83669.210000
29856205,2026-10-07T11:25,83663.730000,-0.141300,-0.248960,2026-10-07,237,4.915743,0.588178,83696.900000,83655.050000
29856206,2026-10-07T11:26,83690.610000,-0.636500,0.091004,2026-10-07,191,2.924840,0.878165,83704.860000,83644.530000
29856207,2026-10-07T11:27,83656.700000,0.004200,0.756367,2026-10-07,134,0.673877,0.678842,83700.220000,83646.250000
29856208,2026-10-07T11:28,83696.860000,-0.278300,0.502568,2026-10-07,202,3.313882,0.469639,83697.900000,83646.260000
29856209,2026-10-07T11:29,83697.460000,-0.642300,-0.127502,2026-10-07,221,3.898315,0.626892,83724.990000,83689.660000
29856210,2026-10-07T11:30,83635.210000,-0.035700,0.254281,2026-10-07,362,9.268951,0.247815,83697.470000,83576.710000
29856211,2026-10-07T11:31,83636.480000,0.427300,-0.504793,2026-10-07,260,5.450857,0.388408,83670.580000,83617.620000
29856212,2026-10-07T11:32,83655.040000,-0.217600,-0.223179,2026-10-07,181,3.680078,0.560290,83655.040000,83612.960000
29856213,2026-10-07T11:33,83676.240000,-0.214300,-0.020571,2026-10-07,223,3.666924,0.481877,83686.640000,83638.140000
29856214,2026-10-07T11:34,83643.880000,-0.061600,0.127035,2026-10-07,260,2.735197,0.368207,83697.120000,83635.560000
29856215,2026-10-07T11:35,83614.710000,-0.403700,-0.265306,2026-10-07,248,3.200132,0.524809,83644.810000,83598.890000
29856216,2026-10-07T11:36,83619.960000,-0.383500,0.051536,2026-10-07,263,4.252297,0.357605,83655.320000,83596.400000
29856217,2026-10-07T11:37,83611.330000,-0.023500,-0.284806,2026-10-07,153,1.501964,0.625692,83619.970000,83602.530000
29856218,2026-10-07T11:38,83582.290000,-0.186400,0.251760,2026-10-07,265,6.778078,0.317647,83608.710000,83561.510000
29856219,2026-10-07T11:39,83572.320000,0.026300,-0.365418,2026-10-07,237,3.048422,0.471800,83602.890000,83570.880000
29856220,2026-10-07T11:40,83569.390000,0.192200,0.043780,2026-10-07,253,4.973850,0.613759,83581.400000,83543.210000
29856221,2026-10-07T11:41,83582.490000,0.191500,0.175678,2026-10-07,176,2.417546,0.760863,83591.940000,83568.390000
29856222,2026-10-07T11:42,83595.930000,0.027300,0.479961,2026-10-07,205,2.449260,0.794681,83613.630000,83578.680000
29856223,2026-10-07T11:43,83612.170000,0.036900,0.685004,2026-10-07,175,1.131373,0.820726,83612.180000,83590.680000
29856224,2026-10-07T11:44,83628.610000,-0.473600,0.641808,2026-10-07,190,4.336362,0.822534,83637.680000,83612.170000
29856225,2026-10-07T11:45,83599.880000,-0.260800,0.649636,2026-10-07,105,1.093850,0.574191,83628.620000,83599.420000
29856226,2026-10-07T11:46,83572.100000,-0.309100,0.100709,2026-10-07,219,2.738021,0.573694,83604.330000,83571.830000
29856227,2026-10-07T11:47,83570.880000,-0.249700,0.147396,2026-10-07,334,10.072621,0.438652,83573.320000,83501.410000
29856228,2026-10-07T11:48,83573.540000,-0.254300,-0.122698,2026-10-07,162,1.369502,0.550800,83627.120000,83570.870000
29856229,2026-10-07T11:49,83579.420000,0.159600,0.102540,2026-10-07,199,2.274665,0.597205,83591.920000,83550.720000
29856230,2026-10-07T11:50,83570.890000,-0.264100,0.193962,2026-10-07,135,1.505920,0.654311,83591.430000,83560.360000
29856231,2026-10-07T11:51,83550.020000,-0.248800,0.309529,2026-10-07,222,2.537718,0.825214,83580.010000,83533.070000
29856232,2026-10-07T11:52,83574.140000,-0.289900,0.650094,2026-10-07,196,2.400861,0.574272,83575.520000,83542.770000
29856233,2026-10-07T11:53,83591.540000,-0.233100,0.148521,2026-10-07,193,2.429025,0.571748,83591.540000,83540.680000
29856234,2026-10-07T11:54,83623.890000,0.016600,0.143373,2026-10-07,185,2.527178,0.663765,83623.900000,83591.530000
29856235,2026-10-07T11:55,83616.020000,-0.028800,0.327868,2026-10-07,189,2.404147,0.734274,83634.000000,83600.250000
29856236,2026-10-07T11:56,83682.760000,-0.426600,0.468368,2026-10-07,308,12.107728,0.910659,83682.770000,83613.370000
29856237,2026-10-07T11:57,83673.140000,-0.057500,0.821319,2026-10-07,220,2.691539,0.505950,83686.600000,83647.190000
29856238,2026-10-07T11:58,83703.020000,0.009900,0.095879,2026-10-07,194,4.008829,0.670977,83712.270000,83673.150000
29856239,2026-10-07T11:59,83709.540000,-0.341000,0.298182,2026-10-07,435,6.944944,0.820550,83723.680000,83698.290000
29856240,2026-10-07T12:00,83639.510000,-0.519800,0.641105,2026-10-07,349,6.735121,0.650129,83734.300000,83632.320000
29856241,2026-10-07T12:01,83600.210000,-0.148700,0.300258,2026-10-07,322,5.382021,0.286976,83648.100000,83566.360000
29856242,2026-10-07T12:02,83598.540000,-0.298100,-0.426049,2026-10-07,454,4.447025,0.559700,83619.310000,83585.140000
29856243,2026-10-07T12:03,83604.760000,0.000800,0.119514,2026-10-07,216,2.054393,0.555673,83619.310000,83598.540000
29856244,2026-10-07T12:04,83613.540000,-0.232000,0.111095,2026-10-07,244,3.871600,0.658536,83623.480000,83604.760000
29856245,2026-10-07T12:05,83632.490000,-0.378100,0.317124,2026-10-07,117,0.977338,0.722598,83632.500000,83613.540000
29856246,2026-10-07T12:06,83614.960000,-0.502900,-0.230177,2026-10-07,298,4.404484,0.396623,83633.300000,83605.700000
29856247,2026-10-07T12:07,83600.010000,-0.106100,-0.015116,2026-10-07,142,0.826328,0.335880,83615.440000,83600.000000
29856248,2026-10-07T12:08,83634.290000,-0.129900,-0.323986,2026-10-07,231,2.409441,0.717521,83645.290000,83600.000000
29856249,2026-10-07T12:09,83617.890000,-0.235300,0.434451,2026-10-07,136,1.444371,0.583490,83635.970000,83615.020000
29856250,2026-10-07T12:10,83581.200000,-0.253600,0.167135,2026-10-07,339,13.273520,0.185489,83617.900000,83550.000000
29856251,2026-10-07T12:11,83623.480000,-0.059300,-0.628641,2026-10-07,226,5.151546,0.753824,83623.470000,83581.190000
29856252,2026-10-07T12:12,83591.960000,-0.012200,0.507325,2026-10-07,155,1.542769,0.403164,83623.470000,83591.920000
29856253,2026-10-07T12:13,83609.980000,0.024000,-0.223837,2026-10-07,215,2.439748,0.796916,83623.300000,83591.930000
29856254,2026-10-07T12:14,83621.140000,-0.358900,0.634012,2026-10-07,321,2.645899,0.846603,83633.990000,83613.100000
29856255,2026-10-07T12:15,83608.230000,-0.514400,0.693097,2026-10-07,197,2.725915,0.528257,83655.030000,83608.230000
29856256,2026-10-07T12:16,83556.390000,0.436600,0.008534,2026-10-07,168,2.080599,0.363276,83608.230000,83556.380000
29856257,2026-10-07T12:17,83540.380000,-0.384700,-0.225411,2026-10-07,245,13.039247,0.223919,83556.390000,83514.770000
29856258,2026-10-07T12:18,83512.580000,-0.567700,-0.533103,2026-10-07,260,5.988811,0.388039,83567.970000,83504.000000
29856259,2026-10-07T12:19,83505.510000,0.031400,-0.258407,2026-10-07,244,3.085729,0.542719,83538.270000,83505.510000
29856260,2026-10-07T12:20,83504.380000,-0.060300,0.090828,2026-10-07,316,4.070763,0.677223,83581.400000,83500.000000
29856261,2026-10-07T12:21,83500.010000,-0.579400,0.105829,2026-10-07,186,2.775430,0.489423,83509.190000,83495.400000
29856262,2026-10-07T12:22,83518.290000,-0.088100,0.448929,2026-10-07,414,11.163581,0.635179,83555.200000,83472.100000
29856263,2026-10-07T12:23,83548.800000,-0.447800,0.270358,2026-10-07,168,1.760303,0.939100,83570.880000,83512.080000
29856264,2026-10-07T12:24,83500.010000,-0.409900,0.878200,2026-10-07,106,0.152710,0.475023,83548.810000,83500.020000
29856265,2026-10-07T12:25,83475.010000,-0.334000,-0.042248,2026-10-07,206,3.573378,0.459009,83500.020000,83474.830000
29856266,2026-10-07T12:26,83431.010000,0.007400,-0.310618,2026-10-07,283,4.175472,0.285204,83475.010000,83430.640000
29856267,2026-10-07T12:27,83443.620000,-0.153100,-0.203146,2026-10-07,335,4.612248,0.470321,83454.840000,83410.000000
29856268,2026-10-07T12:28,83410.010000,-0.333300,-0.059844,2026-10-07,192,1.559457,0.520367,83455.160000,83409.830000
29856269,2026-10-07T12:29,83441.450000,-0.314500,0.023644,2026-10-07,263,7.709311,0.550958,83461.090000,83402.560000
29856270,2026-10-07T12:30,83432.240000,-0.341300,0.136919,2026-10-07,389,12.414146,0.417171,83450.750000,83415.730000
29856271,2026-10-07T12:31,83497.320000,-0.261900,-0.181648,2026-10-07,2145,39.864683,0.526617,83507.750000,83432.240000
29856272,2026-10-07T12:32,83516.100000,-0.309000,0.045164,2026-10-07,484,6.984545,0.455022,83521.440000,83463.610000
29856273,2026-10-07T12:33,83507.760000,0.102200,-0.034557,2026-10-07,225,2.181334,0.608478,83560.000000,83507.770000
29856274,2026-10-07T12:34,83530.080000,-0.145900,0.216788,2026-10-07,538,10.770544,0.459665,83549.840000,83455.030000
29856275,2026-10-07T12:35,83633.990000,-0.161500,-0.082174,2026-10-07,224,4.162638,0.728575,83633.990000,83523.750000
29856276,2026-10-07T12:36,83641.120000,-0.117800,0.411002,2026-10-07,246,6.230845,0.639118,83643.840000,83604.610000
29856277,2026-10-07T12:37,83633.890000,-0.242000,0.303983,2026-10-07,283,3.329917,0.388961,83690.900000,83630.290000
29856278,2026-10-07T12:38,83614.120000,-0.463700,-0.127746,2026-10-07,258,4.935755,0.340376,83655.090000,83608.640000
29856279,2026-10-07T12:39,83599.710000,-0.357600,-0.403130,2026-10-07,223,2.005081,0.353031,83614.180000,83577.080000
29856280,2026-10-07T12:40,83544.950000,-0.289700,-0.284696,2026-10-07,382,14.192730,0.180073,83599.710000,83481.130000
29856281,2026-10-07T12:41,83480.140000,-0.090400,-0.638729,2026-10-07,290,4.457702,0.370259,83530.850000,83464.780000
29856282,2026-10-07T12:42,83466.290000,-0.430600,-0.260035,2026-10-07,366,4.847582,0.277107,83485.680000,83444.650000
29856283,2026-10-07T12:43,83488.140000,-0.027300,-0.445789,2026-10-07,320,5.267592,0.581094,83506.470000,83465.350000
29856284,2026-10-07T12:44,83487.100000,-0.389800,0.162196,2026-10-07,177,2.123111,0.735582,83490.300000,83467.410000
29856285,2026-10-07T12:45,83436.640000,-0.211900,0.469506,2026-10-07,288,4.829681,0.167280,83495.610000,83433.870000
29856286,2026-10-07T12:46,83398.990000,-0.288900,-0.647715,2026-10-07,389,10.080084,0.220460,83456.260000,83387.000000
29856287,2026-10-07T12:47,83467.670000,-0.386900,-0.567087,2026-10-07,385,6.655686,0.685203,83480.460000,83380.010000
29856288,2026-10-07T12:48,83411.300000,-0.370200,0.370450,2026-10-07,237,2.552067,0.426962,83474.210000,83395.170000
29856289,2026-10-07T12:49,83456.760000,-0.167900,-0.145264,2026-10-07,245,3.086680,0.620387,83465.670000,83388.630000
29856290,2026-10-07T12:50,83402.920000,-0.366900,0.240330,2026-10-07,421,6.037230,0.594268,83469.000000,83402.560000
29856291,2026-10-07T12:51,83405.150000,-0.279900,0.190127,2026-10-07,522,6.131970,0.531040,83423.590000,83386.000000
29856292,2026-10-07T12:52,83424.570000,-0.424600,0.060262,2026-10-07,274,2.332034,0.772756,83424.570000,83391.610000
29856293,2026-10-07T12:53,83409.290000,-0.253900,0.545361,2026-10-07,494,5.332645,0.400136,83445.000000,83380.000000
29856294,2026-10-07T12:54,83388.620000,-0.206100,-0.199027,2026-10-07,267,5.588835,0.080848,83409.300000,83373.220000
29856295,2026-10-07T12:55,83404.920000,-0.153000,-0.839469,2026-10-07,512,9.091844,0.602198,83442.090000,83373.440000
29856296,2026-10-07T12:56,83414.670000,-0.498700,0.204401,2026-10-07,299,4.370255,0.391591,83445.900000,83385.840000
29856297,2026-10-07T12:57,83399.300000,-0.343700,-0.214758,2026-10-07,230,2.587176,0.388453,83422.630000,83388.910000
29856298,2026-10-07T12:58,83435.100000,-0.183500,-0.226606,2026-10-07,305,3.476524,0.531768,83442.220000,83399.300000
29856299,2026-10-07T12:59,83464.100000,0.086600,0.053529,2026-10-07,248,3.139453,0.702126,83464.190000,83429.920000
29856300,2026-10-07T13:00,83446.390000,-0.384100,0.419443,2026-10-07,290,4.016634,0.256180,83464.100000,83408.930000
29856301,2026-10-07T13:01,83420.100000,-0.081300,-0.565019,2026-10-07,302,4.842300,0.501631,83465.950000,83413.250000
29856302,2026-10-07T13:02,83465.670000,-0.113700,0.193511,2026-10-07,659,13.140498,0.385987,83467.920000,83306.250000
29856303,2026-10-07T13:03,83506.210000,-0.084700,-0.213779,2026-10-07,225,4.284441,0.495817,83511.900000,83465.780000
29856304,2026-10-07T13:04,83415.040000,-0.124200,-0.048555,2026-10-07,522,11.156478,0.309092,83513.980000,83402.570000
29856305,2026-10-07T13:05,83441.990000,-0.281200,-0.381790,2026-10-07,505,15.926183,0.428747,83476.190000,83371.010000
29856306,2026-10-07T13:06,83455.920000,-0.457600,-0.114218,2026-10-07,286,5.575888,0.445649,83466.000000,83413.090000
29856307,2026-10-07T13:07,83493.490000,-0.371400,-0.194294,2026-10-07,212,3.460420,0.305558,83523.140000,83455.930000
29856308,2026-10-07T13:08,83509.460000,-0.447400,-0.390797,2026-10-07,173,2.485724,0.354766,83509.460000,83479.090000
29856309,2026-10-07T13:09,83350.390000,-0.233900,-0.289143,2026-10-07,616,16.022209,0.222327,83514.020000,83268.860000
29856310,2026-10-07T13:10,83426.240000,-0.273600,-0.556981,2026-10-07,391,7.545761,0.332496,83460.000000,83359.130000
29856311,2026-10-07T13:11,83465.290000,-0.413900,-0.357677,2026-10-07,274,6.856164,0.285891,83471.700000,83416.900000
29856312,2026-10-07T13:12,83335.770000,-0.292500,-0.400425,2026-10-07,392,9.942750,0.192034,83471.700000,83329.200000
29856313,2026-10-07T13:13,83335.390000,0.024700,-0.616028,2026-10-07,408,11.836443,0.230445,83359.700000,83272.490000
29856314,2026-10-07T13:14,83359.990000,-0.203800,-0.492803,2026-10-07,402,9.495283,0.487514,83354.770000,83311.500000
29856315,2026-10-07T13:15,83363.290000,-0.000700,-0.066163,2026-10-07,344,11.138774,0.206003,83370.700000,83318.850000
29856316,2026-10-07T13:16,83388.890000,0.080200,-0.588999,2026-10-07,245,2.840366,0.593117,83386.400000,83352.670000
29856317,2026-10-07T13:17,83412.890000,0.088500,0.199114,2026-10-07,236,6.221604,0.405306,83414.560000,83381.530000
29856318,2026-10-07T13:18,83441.540000,-0.614200,-0.195519,2026-10-07,287,7.936404,0.219479,83465.380000,83401.170000
29856319,2026-10-07T13:19,83408.760000,-0.600300,-0.558293,2026-10-07,459,9.770391,0.260061,83441.540000,83386.750000
29856320,2026-10-07T13:20,83384.930000,-0.473600,-0.480027,2026-10-07,374,9.016624,0.211032,83444.990000,83361.530000
29856321,2026-10-07T13:21,83366.290000,-0.599400,-0.582037,2026-10-07,184,4.153359,0.132747,83385.820000,83354.350000
29856322,2026-10-07T13:22,83343.490000,0.114700,-0.686690,2026-10-07,330,5.848635,0.318886,83385.000000,83327.170000
29856323,2026-10-07T13:23,83366.950000,-0.622600,-0.385200,2026-10-07,246,5.096695,0.375486,83369.100000,83332.850000
29856324,2026-10-07T13:24,83297.360000,-0.619100,-0.308486,2026-10-07,197,1.821312,0.133452,83366.940000,83291.600000
29856325,2026-10-07T13:25,83236.360000,-0.576500,-0.743199,2026-10-07,549,12.973378,0.344958,83304.480000,83211.370000
29856326,2026-10-07T13:26,83319.270000,-0.601700,-0.278009,2026-10-07,543,12.266567,0.676847,83328.910000,83216.760000
29856327,2026-10-07T13:27,83250.200000,-0.569500,0.341969,2026-10-07,314,7.396999,0.356705,83327.000000,83238.900000
29856328,2026-10-07T13:28,83257.790000,-0.169200,-0.285399,2026-10-07,490,8.704719,0.472471,83297.470000,83229.450000
29856329,2026-10-07T13:29,83280.640000,-0.765300,-0.040344,2026-10-07,352,4.237101,0.484145,83311.700000,83257.420000
29856330,2026-10-07T13:30,83328.140000,-0.284500,-0.123367,2026-10-07,1170,29.172349,0.336461,83365.890000,83252.340000
29856331,2026-10-07T13:31,83346.070000,-0.493100,-0.328799,2026-10-07,548,8.786901,0.448781,83444.630000,83289.060000
29856332,2026-10-07T13:32,83382.230000,0.097400,-0.042401,2026-10-07,752,27.459278,0.408021,83429.600000,83337.900000
29856333,2026-10-07T13:33,83411.520000,-0.532600,-0.203096,2026-10-07,524,10.911058,0.600144,83434.110000,83352.820000
29856334,2026-10-07T13:34,83292.850000,-0.524900,0.207440,2026-10-07,691,19.010726,0.362996,83403.630000,83286.850000
29856335,2026-10-07T13:35,83349.960000,-0.568800,-0.316652,2026-10-07,934,26.721607,0.345474,83349.950000,83185.000000
29856336,2026-10-07T13:36,83328.920000,-0.526100,-0.265836,2026-10-07,433,5.339245,0.585485,83366.990000,83297.300000
29856337,2026-10-07T13:37,83263.010000,-0.523800,0.121020,2026-10-07,417,8.756871,0.362050,83402.560000,83245.310000
29856338,2026-10-07T13:38,83109.300000,0.144900,-0.252895,2026-10-07,1530,66.875924,0.252582,83257.990000,83061.790000
29856339,2026-10-07T13:39,83065.010000,-0.630600,-0.499313,2026-10-07,979,32.325789,0.234668,83131.590000,83038.470000
29856340,2026-10-07T13:40,83154.330000,-0.467700,-0.523917,2026-10-07,763,23.631026,0.423209,83155.300000,83062.170000
29856341,2026-10-07T13:41,83110.710000,-0.682100,-0.137085,2026-10-07,579,13.791442,0.483895,83174.850000,83076.460000
29856342,2026-10-07T13:42,83101.050000,-0.265700,-0.080369,2026-10-07,1117,34.662501,0.344968,83162.340000,83084.330000
29856343,2026-10-07T13:43,83068.990000,-0.637300,-0.405176,2026-10-07,1179,56.108471,0.387751,83100.600000,83031.010000
29856344,2026-10-07T13:44,83046.240000,-0.511500,-0.119251,2026-10-07,1159,31.492528,0.428969,83110.140000,83011.130000
29856345,2026-10-07T13:45,83060.670000,-0.568800,-0.156570,2026-10-07,977,21.254828,0.540826,83092.990000,83027.480000
29856346,2026-10-07T13:46,82983.950000,-0.178300,0.073439,2026-10-07,1599,44.231645,0.251319,83090.720000,82975.100000
29856347,2026-10-07T13:47,82793.320000,-0.245400,-0.511931,2026-10-07,4245,134.898057,0.350068,83006.940000,82777.000000
29856348,2026-10-07T13:48,82926.150000,-0.198400,-0.305695,2026-10-07,2781,120.531574,0.321479,82999.600000,82717.300000
29856349,2026-10-07T13:49,82891.380000,-0.792200,-0.347134,2026-10-07,4320,92.238617,0.564161,82939.680000,82855.150000
29856350,2026-10-07T13:50,83145.550000,-0.103900,0.125944,2026-10-07,2319,59.906048,0.546608,83151.270000,82852.280000
29856351,2026-10-07T13:51,83282.180000,-0.312900,0.096251,2026-10-07,1019,38.098262,0.475525,83297.240000,83129.010000
29856352,2026-10-07T13:52,83286.010000,-0.427100,-0.041804,2026-10-07,546,16.754917,0.568449,83312.500000,83157.990000
29856353,2026-10-07T13:53,83226.890000,-0.420500,0.119977,2026-10-07,372,5.936720,0.405429,83307.880000,83198.980000
29856354,2026-10-07T13:54,83307.990000,-0.555100,-0.205015,2026-10-07,445,7.286452,0.639583,83329.460000,83218.130000
29856355,2026-10-07T13:55,83272.070000,-0.372000,0.250100,2026-10-07,495,47.974454,0.335545,83339.430000,83248.430000
29856356,2026-10-07T13:56,83337.730000,-0.335900,-0.277903,2026-10-07,358,14.762336,0.856440,83367.920000,83272.200000
29856357,2026-10-07T13:57,83261.710000,-0.084000,0.740388,2026-10-07,372,9.386183,0.233703,83337.720000,83250.810000
29856358,2026-10-07T13:58,83211.100000,-0.524300,-0.527530,2026-10-07,455,12.494942,0.140050,83269.070000,83169.210000
29856359,2026-10-07T13:59,83139.710000,-0.654000,-0.695903,2026-10-07,357,6.413794,0.499741,83232.880000,83139.710000
29856360,2026-10-07T14:00,83065.640000,-0.439300,-0.030485,2026-10-07,490,10.096508,0.561341,83179.700000,83045.520000
29856361,2026-10-07T14:01,83035.110000,-0.700900,0.121487,2026-10-07,495,15.130076,0.261541,83111.080000,83025.110000
29856362,2026-10-07T14:02,83153.520000,-0.506700,-0.476740,2026-10-07,626,14.104556,0.550161,83156.240000,83004.350000
29856363,2026-10-07T14:03,83136.580000,-0.156900,0.103082,2026-10-07,481,7.889398,0.613194,83164.100000,83089.190000
29856364,2026-10-07T14:04,83065.920000,0.404500,0.186547,2026-10-07,553,4.910496,0.751223,83206.480000,83065.930000
29856365,2026-10-07T14:05,83069.950000,-0.534200,0.577793,2026-10-07,521,12.653199,0.566836,83129.020000,83050.000000
29856366,2026-10-07T14:06,83154.960000,-0.246500,0.150458,2026-10-07,428,12.260217,0.299933,83157.370000,83023.840000
29856367,2026-10-07T14:07,83164.490000,-0.705100,-0.425093,2026-10-07,438,10.119476,0.344362,83219.430000,83136.040000
29856368,2026-10-07T14:08,83205.700000,-0.623800,-0.315625,2026-10-07,336,7.637391,0.578269,83212.090000,83150.700000
29856369,2026-10-07T14:09,83228.620000,-0.598200,0.159280,2026-10-07,385,5.569894,0.685945,83234.230000,83175.320000
29856370,2026-10-07T14:10,83150.070000,-0.096900,0.358169,2026-10-07,330,6.839558,0.203157,83236.680000,83141.030000
29856371,2026-10-07T14:11,83242.760000,-0.371000,-0.588769,2026-10-07,505,8.500462,0.430929,83248.030000,83129.080000
29856372,2026-10-07T14:12,83228.920000,-0.505100,-0.139286,2026-10-07,284,5.748020,0.358551,83271.780000,83202.680000
29856373,2026-10-07T14:13,83143.610000,-0.419600,-0.287553,2026-10-07,331,6.173972,0.510612,83233.890000,83143.610000
29856374,2026-10-07T14:14,83135.650000,-0.631800,0.027557,2026-10-07,392,9.242136,0.500085,83165.700000,83107.640000
29856375,2026-10-07T14:15,83055.400000,-0.762500,0.000051,2026-10-07,342,5.728202,0.577242,83143.220000,83055.410000
29856376,2026-10-07T14:16,83065.920000,-0.203100,0.006369,2026-10-07,796,20.140392,0.395285,83092.000000,82994.490000
29856377,2026-10-07T14:17,83099.700000,-0.400200,-0.173264,2026-10-07,423,5.616106,0.620326,83113.810000,83070.000000
29856378,2026-10-07T14:18,83011.300000,-0.387800,0.237278,2026-10-07,428,10.928813,0.406117,83118.520000,83002.800000
29856379,2026-10-07T14:19,82997.890000,-0.400300,-0.179537,2026-10-07,565,19.550301,0.574644,83021.980000,82939.680000
29856380,2026-10-07T14:20,83073.130000,-0.457800,0.144479,2026-10-07,458,13.021689,0.381043,83080.500000,82981.750000
29856381,2026-10-07T14:21,83134.700000,-0.154900,-0.237276,2026-10-07,289,7.539593,0.428806,83137.150000,83049.800000
29856382,2026-10-07T14:22,83092.490000,-0.558000,-0.142412,2026-10-07,383,11.084536,0.330579,83153.700000,83076.450000
29856383,2026-10-07T14:23,83098.450000,-0.318000,-0.338835,2026-10-07,332,6.469700,0.519943,83129.040000,83060.230000
29856384,2026-10-07T14:24,83150.070000,-0.425900,0.039993,2026-10-07,236,6.403877,0.395634,83150.070000,83088.640000
29856385,2026-10-07T14:25,83110.100000,-0.626400,-0.208856,2026-10-07,317,5.654756,0.463886,83222.690000,83103.520000
29856386,2026-10-07T14:26,83105.260000,-0.613000,-0.072217,2026-10-07,271,6.176393,0.385409,83139.480000,83075.000000
29856387,2026-10-07T14:27,83014.290000,-0.397300,-0.230024,2026-10-07,370,8.211524,0.173350,83105.260000,83000.000000
29856388,2026-10-07T14:28,82996.200000,-0.281000,-0.652989,2026-10-07,364,10.513966,0.366650,83018.100000,82964.380000
29856389,2026-10-07T14:29,83052.380000,-0.465100,-0.262484,2026-10-07,369,10.238165,0.473792,83064.070000,82996.190000
29856390,2026-10-07T14:30,83013.330000,-0.645300,-0.076886,2026-10-07,492,9.572954,0.529983,83059.830000,83000.150000
29856391,2026-10-07T14:31,83055.260000,-0.239800,0.082599,2026-10-07,385,7.538233,0.477738,83055.390000,82980.100000
29856392,2026-10-07T14:32,83075.290000,-0.355200,0.007466,2026-10-07,355,10.054996,0.491497,83076.430000,83013.760000
29856393,2026-10-07T14:33,83076.430000,-0.343000,-0.055138,2026-10-07,292,6.772537,0.490463,83126.790000,83045.450000
29856394,2026-10-07T14:34,83105.640000,-0.236600,-0.018424,2026-10-07,283,7.761012,0.527859,83138.100000,83072.010000
29856395,2026-10-07T14:35,83086.830000,-0.289600,0.055910,2026-10-07,445,12.941924,0.219303,83116.500000,83065.930000
29856396,2026-10-07T14:36,83100.260000,-0.075800,-0.564531,2026-10-07,374,6.302324,0.351331,83164.180000,83058.030000
29856397,2026-10-07T14:37,83034.210000,-0.173100,-0.276060,2026-10-07,389,8.938420,0.245125,83112.990000,83025.210000
29856398,2026-10-07T14:38,82999.350000,-0.648900,-0.520077,2026-10-07,516,12.755726,0.195971,83053.380000,82965.840000
29856399,2026-10-07T14:39,82989.680000,-0.627900,-0.608513,2026-10-07,481,11.829985,0.447286,83006.210000,82965.040000
29856400,2026-10-07T14:40,82995.040000,-0.617900,-0.089663,2026-10-07,367,6.304207,0.336813,83033.590000,82983.410000
29856401,2026-10-07T14:41,82999.470000,-0.379800,-0.363329,2026-10-07,319,11.290286,0.222395,83028.120000,82989.790000
29856402,2026-10-07T14:42,82960.490000,-0.631000,-0.555214,2026-10-07,542,16.265055,0.381554,83003.900000,82941.420000
29856403,2026-10-07T14:43,82948.890000,-0.728800,-0.236897,2026-10-07,374,8.105625,0.254667,82978.760000,82932.230000
29856404,2026-10-07T14:44,82944.920000,-0.363400,-0.490327,2026-10-07,459,10.288667,0.259298,82991.390000,82901.160000
29856405,2026-10-07T14:45,83001.420000,-0.743900,-0.481709,2026-10-07,293,5.460771,0.506432,83006.260000,82944.930000
29856406,2026-10-07T14:46,82941.490000,-0.371900,0.012574,2026-10-07,461,15.138849,0.287708,83019.650000,82930.770000
29856407,2026-10-07T14:47,82946.490000,-0.525600,-0.405331,2026-10-07,309,6.130623,0.499388,82965.050000,82930.000000
29856408,2026-10-07T14:48,82938.230000,-0.576000,-0.035910,2026-10-07,334,6.272125,0.308961,82968.700000,82934.550000
29856409,2026-10-07T14:49,82950.200000,-0.674900,-0.381008,2026-10-07,449,11.278467,0.299595,82947.250000,82900.000000
29856410,2026-10-07T14:50,82989.460000,-0.381500,-0.401527,2026-10-07,293,6.249178,0.312849,83000.700000,82938.620000
29856411,2026-10-07T14:51,83011.090000,-0.213300,-0.368073,2026-10-07,641,7.848847,0.627393,83011.200000,82974.180000
29856412,2026-10-07T14:52,82933.570000,-0.517700,0.253185,2026-10-07,437,15.462429,0.084858,83011.110000,82903.670000
29856413,2026-10-07T14:53,82963.670000,-0.221300,-0.831697,2026-10-07,332,4.178659,0.228255,82978.740000,82916.270000
29856414,2026-10-07T14:54,82993.270000,-0.661600,-0.543599,2026-10-07,357,7.996299,0.188155,82993.610000,82923.890000
29856415,2026-10-07T14:55,82958.960000,-0.134100,-0.621718,2026-10-07,469,9.639180,0.160378,82997.740000,82914.030000
29856416,2026-10-07T14:56,82901.150000,-0.369800,-0.679491,2026-10-07,358,8.446475,0.144911,82953.770000,82863.480000
29856417,2026-10-07T14:57,82925.040000,-0.291100,-0.709033,2026-10-07,359,11.383333,0.193434,82937.260000,82874.420000
29856418,2026-10-07T14:58,82946.960000,-0.696600,-0.615041,2026-10-07,211,2.973116,0.437184,82950.000000,82925.020000
29856419,2026-10-07T14:59,82970.880000,-0.416100,-0.124785,2026-10-07,274,9.473103,0.380825,82980.360000,82940.680000
29856420,2026-10-07T15:00,82887.080000,-0.627600,-0.238362,2026-10-07,1005,20.303274,0.408105,82970.880000,82887.090000
29856421,2026-10-07T15:01,82865.730000,-0.523000,-0.212504,2026-10-07,306,5.698466,0.094267,82887.080000,82850.630000
29856422,2026-10-07T15:02,82920.350000,-0.672700,-0.778870,2026-10-07,614,14.616319,0.257453,82938.850000,82850.000000
29856423,2026-10-07T15:03,82896.830000,-0.506900,-0.486298,2026-10-07,532,9.620882,0.293573,82924.000000,82830.670000
29856424,2026-10-07T15:04,82868.920000,-0.545700,-0.451679,2026-10-07,402,8.801581,0.190767,82898.000000,82838.010000
29856425,2026-10-07T15:05,82855.990000,-0.796700,-0.645394,2026-10-07,462,16.698852,0.322605,82876.550000,82843.940000
29856426,2026-10-07T15:06,82908.990000,-0.460700,-0.300432,2026-10-07,494,11.354902,0.489528,82910.840000,82855.990000
29856427,2026-10-07T15:07,82852.850000,-0.634000,-0.014411,2026-10-07,1519,64.227010,0.159334,82936.930000,82737.260000
29856428,2026-10-07T15:08,82839.350000,-0.571800,-0.684160,2026-10-07,872,25.076362,0.269382,82863.080000,82753.650000
29856429,2026-10-07T15:09,82873.200000,-0.521000,-0.458236,2026-10-07,314,5.680026,0.209814,82897.600000,82838.500000
29856430,2026-10-07T15:10,82926.980000,-0.617300,-0.580200,2026-10-07,341,7.784144,0.616187,82939.680000,82887.660000
29856431,2026-10-07T15:11,82977.300000,-0.599900,0.232322,2026-10-07,263,4.842634,0.229522,82992.280000,82920.900000
29856432,2026-10-07T15:12,82958.010000,-0.675400,-0.590353,2026-10-07,388,9.497263,0.220884,82989.970000,82932.150000
29856433,2026-10-07T15:13,83100.610000,-0.424000,-0.601413,2026-10-07,524,15.267784,0.490169,83126.710000,82933.530000
29856434,2026-10-07T15:14,83044.890000,-0.454700,0.079376,2026-10-07,506,16.900832,0.309547,83113.490000,83024.790000
29856435,2026-10-07T15:15,83030.100000,-0.330700,-0.372700,2026-10-07,316,4.520861,0.244070,83068.640000,83025.880000
29856436,2026-10-07T15:16,83107.640000,-0.210400,-0.513465,2026-10-07,530,12.468169,0.694398,83122.190000,83025.220000
29856437,2026-10-07T15:17,83066.490000,-0.422200,0.366748,2026-10-07,632,19.379112,0.041194,83136.990000,83048.540000
29856438,2026-10-07T15:18,82983.420000,-0.718300,-0.918930,2026-10-07,586,29.520580,0.101655,83051.530000,82923.160000
29856439,2026-10-07T15:19,82974.860000,-0.472800,-0.804959,2026-10-07,339,14.520935,0.151273,83013.310000,82963.090000
29856440,2026-10-07T15:20,82942.960000,-0.565800,-0.659969,2026-10-07,474,21.214448,0.104994,82976.870000,82910.820000
29856441,2026-10-07T15:21,82866.040000,-0.611300,-0.771077,2026-10-07,338,10.009999,0.100344,82952.980000,82866.050000
29856442,2026-10-07T15:22,82933.290000,-0.498300,-0.814717,2026-10-07,320,7.627635,0.173946,82933.290000,82864.640000
29856443,2026-10-07T15:23,82931.600000,-0.245800,-0.701044,2026-10-07,262,3.147385,0.144579,82958.500000,82930.140000
29856444,2026-10-07T15:24,82968.600000,-0.233100,-0.663886,2026-10-07,352,11.329522,0.439117,83004.970000,82931.590000
29856445,2026-10-07T15:25,82992.270000,-0.540900,-0.121528,2026-10-07,237,3.006934,0.148938,83008.570000,82960.600000
29856446,2026-10-07T15:26,83005.930000,-0.622800,-0.731452,2026-10-07,245,4.029699,0.516804,83008.300000,82945.680000
29856447,2026-10-07T15:27,82978.450000,-0.596900,0.122775,2026-10-07,275,7.209674,0.056102,83018.840000,82978.440000
29856448,2026-10-07T15:28,82986.020000,-0.392500,-0.863021,2026-10-07,341,7.666319,0.357550,82997.520000,82949.090000
29856449,2026-10-07T15:29,83025.150000,-0.155800,-0.244305,2026-10-07,295,4.794195,0.056829,83034.350000,82986.030000
29856450,2026-10-07T15:30,83097.480000,-0.224300,-0.902664,2026-10-07,428,4.917931,0.309554,83097.470000,83015.070000
29856451,2026-10-07T15:31,83180.270000,-0.499000,-0.294507,2026-10-07,550,17.485065,0.422362,83192.150000,83075.900000
29856452,2026-10-07T15:32,83202.330000,-0.415800,-0.155720,2026-10-07,357,10.079971,0.286236,83207.950000,83164.700000
29856453,2026-10-07T15:33,83208.650000,-0.185000,-0.430158,2026-10-07,509,6.277402,0.266056,83239.760000,83184.770000
29856454,2026-10-07T15:34,83193.760000,0.300100,-0.465706,2026-10-07,421,6.791028,0.246304,83210.390000,83181.640000
29856455,2026-10-07T15:35,83239.420000,-0.262300,-0.507463,2026-10-07,292,9.002002,0.372572,83271.770000,83210.380000
29856456,2026-10-07T15:36,83261.830000,-0.436800,-0.254857,2026-10-07,235,5.471394,0.122970,83261.840000,83218.410000
29856457,2026-10-07T15:37,83255.960000,-0.414500,-0.690231,2026-10-07,503,12.505248,0.338646,83291.100000,83243.410000
29856458,2026-10-07T15:38,83211.010000,-0.685600,-0.339934,2026-10-07,304,6.575051,0.318262,83256.140000,83179.250000
29856459,2026-10-07T15:39,83234.240000,-0.567200,-0.360536,2026-10-07,325,7.500018,0.373215,83264.810000,83214.450000
29856460,2026-10-07T15:40,83239.420000,-0.233500,-0.253504,2026-10-07,309,10.269022,0.640426,83255.760000,83207.600000
29856461,2026-10-07T15:41,83285.210000,0.411600,0.280824,2026-10-07,353,7.743789,0.339575,83291.820000,83231.780000
29856462,2026-10-07T15:42,83307.600000,0.085600,-0.435833,2026-10-07,360,10.618708,0.265950,83311.970000,83264.230000
29856463,2026-10-07T15:43,83300.210000,-0.463000,-0.374245,2026-10-07,225,3.618525,0.496022,83315.300000,83297.670000
29856464,2026-10-07T15:44,83274.700000,-0.046500,-0.006475,2026-10-07,575,8.193903,0.162337,83300.220000,83262.850000
29856465,2026-10-07T15:45,83313.610000,-0.400000,-0.677273,2026-10-07,323,4.289954,0.407204,83314.520000,83274.690000
29856466,2026-10-07T15:46,83305.550000,-0.282000,-0.184003,2026-10-07,420,4.942427,0.371397,83323.320000,83286.850000
29856467,2026-10-07T15:47,83300.120000,0.127900,-0.258610,2026-10-07,112,2.817756,0.426986,83305.560000,83289.590000
29856468,2026-10-07T15:48,83273.300000,0.059400,-0.146123,2026-10-07,464,6.937144,0.317328,83302.490000,83257.560000
29856469,2026-10-07T15:49,83291.020000,0.077400,-0.366245,2026-10-07,323,5.010251,0.355245,83301.080000,83265.820000
29856470,2026-10-07T15:50,83339.860000,-0.323900,-0.287893,2026-10-07,298,4.261051,0.617196,83354.050000,83288.210000
29856471,2026-10-07T15:51,83351.240000,-0.578500,0.234267,2026-10-07,461,6.395810,0.394890,83394.220000,83340.010000
29856472,2026-10-07T15:52,83359.930000,0.302600,-0.210246,2026-10-07,351,9.494757,0.482958,83381.510000,83320.490000
29856473,2026-10-07T15:53,83380.010000,0.655300,-0.033442,2026-10-07,251,2.722355,0.325777,83392.750000,83357.010000
29856474,2026-10-07T15:54,83390.710000,-0.408300,-0.351356,2026-10-07,300,4.511321,0.263822,83391.030000,83370.000000
29856475,2026-10-07T15:55,83367.710000,-0.258700,-0.450643,2026-10-07,301,2.943281,0.528395,83392.290000,83367.700000
29856476,2026-10-07T15:56,83368.150000,-0.560100,0.034644,2026-10-07,309,3.744429,0.485587,83371.980000,83333.140000
29856477,2026-10-07T15:57,83368.460000,0.027700,-0.045792,2026-10-07,270,6.481886,0.901566,83388.000000,83352.680000
29856478,2026-10-07T15:58,83387.300000,-0.337100,0.817771,2026-10-07,233,3.288078,0.457446,83389.600000,83352.690000
29856479,2026-10-07T15:59,83417.400000,-0.526900,-0.081129,2026-10-07,290,2.954966,0.279401,83421.600000,83387.300000
29856480,2026-10-07T16:00,83437.740000,-0.262800,-0.464580,2026-10-07,339,3.341900,0.356626,83440.690000,83371.000000
29856481,2026-10-07T16:01,83316.890000,0.175100,-0.149773,2026-10-07,570,25.903625,0.174060,83497.230000,83309.980000
29856482,2026-10-07T16:02,83380.140000,0.100900,-0.671022,2026-10-07,328,4.495040,0.322943,83391.690000,83316.690000
29856483,2026-10-07T16:03,83455.260000,0.068500,-0.386443,2026-10-07,297,2.731643,0.530819,83456.380000,83386.920000
29856484,2026-10-07T16:04,83474.120000,-0.246000,0.156120,2026-10-07,196,2.404026,0.163857,83474.130000,83444.630000
29856485,2026-10-07T16:05,83510.380000,0.058100,-0.672285,2026-10-07,319,4.116600,0.354981,83524.370000,83472.450000
29856486,2026-10-07T16:06,83577.010000,0.293500,-0.289855,2026-10-07,363,5.562321,0.670403,83577.020000,83498.930000
29856487,2026-10-07T16:07,83542.140000,0.489400,0.118248,2026-10-07,318,7.275973,0.243890,83582.400000,83518.280000
29856488,2026-10-07T16:08,83549.830000,-0.072800,-0.412959,2026-10-07,345,5.944973,0.689279,83567.020000,83518.540000
29856489,2026-10-07T16:09,83556.830000,0.040300,0.366504,2026-10-07,304,4.814914,0.347795,83586.640000,83545.600000
29856490,2026-10-07T16:10,83500.260000,-0.049200,-0.297988,2026-10-07,371,7.309947,0.273456,83569.330000,83500.000000
29856491,2026-10-07T16:11,83480.170000,0.306600,-0.452195,2026-10-07,292,4.294443,0.333584,83502.230000,83461.590000
29856492,2026-10-07T16:12,83460.860000,0.042600,-0.336462,2026-10-07,254,2.509524,0.435340,83479.950000,83448.160000
29856493,2026-10-07T16:13,83490.420000,0.270400,-0.148401,2026-10-07,289,2.364020,0.630150,83494.890000,83426.050000
29856494,2026-10-07T16:14,83479.570000,0.167800,0.292521,2026-10-07,317,11.205531,0.359267,83494.890000,83442.610000
29856495,2026-10-07T16:15,83504.790000,-0.115900,-0.281627,2026-10-07,327,5.674704,0.825067,83532.200000,83479.560000
29856496,2026-10-07T16:16,83498.740000,-0.060900,0.656660,2026-10-07,339,3.433388,0.649109,83513.000000,83487.440000
29856497,2026-10-07T16:17,83538.510000,-0.274000,0.274283,2026-10-07,278,3.813216,0.526193,83549.830000,83474.650000
29856498,2026-10-07T16:18,83566.420000,-0.023900,0.211130,2026-10-07,350,3.438915,0.607285,83566.420000,83533.460000
29856499,2026-10-07T16:19,83569.990000,0.425600,-0.011053,2026-10-07,250,1.975497,0.442242,83570.000000,83529.510000
29856500,2026-10-07T16:20,83576.040000,0.026600,-0.115686,2026-10-07,320,4.471585,0.792841,83584.410000,83553.090000
29856501,2026-10-07T16:21,83576.060000,-0.763200,0.585028,2026-10-07,305,2.317782,0.226959,83601.660000,83574.380000
29856502,2026-10-07T16:22,83587.890000,0.636600,-0.545648,2026-10-07,295,2.381837,0.496736,83629.360000,83575.010000
29856503,2026-10-07T16:23,83581.610000,0.457000,-0.038540,2026-10-07,202,1.534543,0.421341,83587.880000,83575.120000
29856504,2026-10-07T16:24,83463.990000,-0.395700,-0.341321,2026-10-07,468,9.413558,0.284602,83581.610000,83446.130000
29856505,2026-10-07T16:25,83492.070000,-0.466300,-0.410647,2026-10-07,311,4.006763,0.547994,83495.620000,83424.830000
29856506,2026-10-07T16:26,83470.180000,-0.840700,0.078258,2026-10-07,351,7.453003,0.115430,83525.820000,83470.180000
29856507,2026-10-07T16:27,83476.200000,0.263000,-0.751653,2026-10-07,263,2.956932,0.730099,83476.210000,83457.640000
29856508,2026-10-07T16:28,83523.730000,0.131200,0.477270,2026-10-07,211,2.922554,0.431375,83527.810000,83476.190000
29856509,2026-10-07T16:29,83526.480000,-0.473600,-0.125578,2026-10-07,298,3.205603,0.489784,83549.870000,83518.930000
29856510,2026-10-07T16:30,83558.140000,-0.634100,-0.076935,2026-10-07,263,5.612115,0.831024,83563.990000,83518.300000
29856511,2026-10-07T16:31,83532.570000,-0.368900,0.706521,2026-10-07,340,6.808041,0.295649,83575.950000,83517.820000
29856512,2026-10-07T16:32,83574.680000,-0.174500,-0.408840,2026-10-07,994,20.909085,0.653689,83581.400000,83529.800000
29856513,2026-10-07T16:33,83620.010000,-0.315600,0.307370,2026-10-07,729,56.156188,0.890769,83655.030000,83569.220000
29856514,2026-10-07T16:34,83549.390000,-0.192300,0.786444,2026-10-07,338,12.715918,0.243557,83620.010000,83539.320000
29856515,2026-10-07T16:35,83529.210000,-0.226700,-0.683689,2026-10-07,315,13.020102,0.663172,83558.980000,83507.770000
29856516,2026-10-07T16:36,83477.420000,-0.555100,0.326345,2026-10-07,366,6.231019,0.284956,83539.310000,83476.210000
29856517,2026-10-07T16:37,83435.110000,-0.447700,-0.429908,2026-10-07,273,8.331443,0.148641,83477.430000,83428.950000
29856518,2026-10-07T16:38,83463.440000,-0.232900,-0.702888,2026-10-07,280,8.285727,0.455383,83463.680000,83409.820000
29856519,2026-10-07T16:39,83423.640000,-0.439600,-0.089805,2026-10-07,267,5.916329,0.286377,83470.330000,83423.640000
29856520,2026-10-07T16:40,83405.890000,-0.657400,-0.425514,2026-10-07,478,7.865452,0.169144,83431.670000,83399.380000
29856521,2026-10-07T16:41,83369.350000,-0.111100,-0.662501,2026-10-07,366,7.065009,0.213195,83405.890000,83357.620000
29856522,2026-10-07T16:42,83392.040000,-0.541300,-0.571283,2026-10-07,727,7.814598,0.221029,83417.730000,83363.190000
29856523,2026-10-07T16:43,83394.540000,-0.259800,-0.560803,2026-10-07,464,10.841195,0.213975,83394.560000,83349.590000
29856524,2026-10-07T16:44,83422.740000,-0.499300,-0.571922,2026-10-07,330,5.599983,0.256690,83422.750000,83381.520000
29856525,2026-10-07T16:45,83444.670000,-0.179600,-0.486846,2026-10-07,316,6.048165,0.315468,83446.120000,83403.170000
29856526,2026-10-07T16:46,83424.140000,-0.255000,-0.369063,2026-10-07,836,21.475325,0.203160,83466.770000,83393.570000
29856527,2026-10-07T16:47,83366.010000,-0.525300,-0.598949,2026-10-07,390,10.326756,0.255765,83427.950000,83343.170000
29856528,2026-10-07T16:48,83361.120000,-0.498200,-0.471092,2026-10-07,313,12.478219,0.136412,83376.140000,83340.030000
29856529,2026-10-07T16:49,83341.100000,-0.600500,-0.727440,2026-10-07,345,4.602870,0.190647,83363.560000,83328.140000
29856530,2026-10-07T16:50,83400.540000,-0.606700,-0.616607,2026-10-07,228,9.726015,0.388204,83402.550000,83341.090000
29856531,2026-10-07T16:51,83407.890000,-0.562400,-0.223684,2026-10-07,321,6.331675,0.147718,83421.310000,83368.390000
29856532,2026-10-07T16:52,83399.420000,-0.757300,-0.704503,2026-10-07,204,3.616010,0.580143,83407.880000,83381.970000
29856533,2026-10-07T16:53,83343.400000,-0.631300,0.112002,2026-10-07,257,4.284094,0.156603,83399.420000,83337.950000
29856534,2026-10-07T16:54,83377.860000,-0.474200,-0.676951,2026-10-07,245,5.452742,0.046588,83393.580000,83348.540000
29856535,2026-10-07T16:55,83380.850000,-0.707700,-0.904974,2026-10-07,509,3.444417,0.166453,83396.030000,83363.360000
29856536,2026-10-07T16:56,83350.180000,-0.415200,-0.652082,2026-10-07,485,6.378356,0.080782,83371.010000,83324.010000
29856537,2026-10-07T16:57,83344.760000,0.130800,-0.848605,2026-10-07,452,4.255845,0.100719,83368.130000,83341.130000
29856538,2026-10-07T16:58,83349.960000,0.061500,-0.798471,2026-10-07,424,9.236547,0.137710,83351.280000,83309.170000
29856539,2026-10-07T16:59,83345.010000,-0.374300,-0.724630,2026-10-07,350,6.097597,0.355814,83365.640000,83319.750000
29856540,2026-10-07T17:00,83380.180000,0.321700,-0.322319,2026-10-07,398,12.303301,0.079946,83387.460000,83318.410000
29856541,2026-10-07T17:01,83352.260000,-0.310100,-0.836354,2026-10-07,271,10.390890,0.138051,83382.990000,83331.890000
29856542,2026-10-07T17:02,83432.820000,-0.292800,-0.723903,2026-10-07,454,17.099859,0.368538,83476.190000,83352.260000
29856543,2026-10-07T17:03,83510.580000,-0.310300,-0.264637,2026-10-07,1110,34.716156,0.472249,83597.010000,83413.480000
29856544,2026-10-07T17:04,83466.830000,-0.435100,-0.054376,2026-10-07,738,18.191976,0.235920,83543.300000,83461.750000
29856545,2026-10-07T17:05,83465.680000,-0.539100,-0.528264,2026-10-07,501,9.180482,0.096577,83491.260000,83455.170000
29856546,2026-10-07T17:06,83435.180000,-0.235700,-0.761151,2026-10-07,811,17.795758,0.107938,83486.710000,83419.380000
29856547,2026-10-07T17:07,83451.490000,-0.783100,-0.795900,2026-10-07,231,4.232037,0.755066,83451.500000,83425.810000
29856548,2026-10-07T17:08,83486.740000,-0.228500,0.495673,2026-10-07,269,4.004317,0.679173,83514.710000,83451.390000
29856549,2026-10-07T17:09,83499.450000,-0.456800,0.227629,2026-10-07,266,4.105510,0.334499,83499.600000,83453.160000
29856550,2026-10-07T17:10,83506.760000,-0.154400,-0.254956,2026-10-07,229,3.420411,0.558965,83518.280000,83491.050000
29856551,2026-10-07T17:11,83548.120000,-0.529500,0.116838,2026-10-07,1123,11.260260,0.134749,83581.400000,83506.760000
29856552,2026-10-07T17:12,83541.210000,-0.453500,-0.735938,2026-10-07,357,3.628180,0.342301,83549.830000,83521.970000
29856553,2026-10-07T17:13,83502.090000,0.101600,-0.268856,2026-10-07,253,5.359754,0.438546,83541.220000,83498.520000
29856554,2026-10-07T17:14,83492.540000,-0.422800,-0.154614,2026-10-07,382,4.421155,0.227374,83519.770000,83465.690000
29856555,2026-10-07T17:15,83472.080000,-0.525300,-0.521147,2026-10-07,335,5.313005,0.230584,83492.540000,83457.330000
29856556,2026-10-07T17:16,83444.640000,-0.501900,-0.540410,2026-10-07,248,3.842263,0.416799,83484.440000,83439.870000
29856557,2026-10-07T17:17,83441.320000,-0.618900,-0.116829,2026-10-07,216,2.798825,0.510706,83446.410000,83425.810000
29856558,2026-10-07T17:18,83475.670000,-0.587500,-0.042736,2026-10-07,309,7.887519,0.229008,83484.260000,83426.250000
29856559,2026-10-07T17:19,83456.430000,-0.415900,-0.541929,2026-10-07,146,2.208876,0.583331,83474.930000,83455.160000
29856560,2026-10-07T17:20,83470.320000,-0.040600,0.166556,2026-10-07,187,3.791467,0.079927,83493.990000,83455.160000
29856561,2026-10-07T17:21,83459.290000,0.393800,-0.864162,2026-10-07,364,11.327715,0.109257,83471.380000,83431.160000
29856562,2026-10-07T17:22,83436.740000,-0.093300,-0.766802,2026-10-07,331,9.112140,0.117963,83459.300000,83410.620000
29856563,2026-10-07T17:23,83367.990000,-0.041800,-0.764074,2026-10-07,205,7.432980,0.020809,83436.740000,83368.000000
29856564,2026-10-07T17:24,83347.920000,-0.293700,-0.795327,2026-10-07,306,10.050055,0.186936,83379.290000,83324.920000
29856565,2026-10-07T17:25,83251.260000,0.180000,-0.743223,2026-10-07,497,15.173408,0.179549,83388.990000,83234.250000
29856566,2026-10-07T17:26,83212.860000,-0.682200,-0.641879,2026-10-07,395,10.351719,0.053354,83257.100000,83207.990000
29856567,2026-10-07T17:27,83195.820000,-0.210400,-0.893867,2026-10-07,395,15.033692,0.087622,83226.370000,83162.010000
29856568,2026-10-07T17:28,83165.830000,-0.695400,-0.824822,2026-10-07,297,10.167669,0.318285,83202.680000,83165.830000
29856569,2026-10-07T17:29,83164.040000,-0.588500,-0.368189,2026-10-07,298,9.875363,0.314121,83171.430000,83160.600000
29856570,2026-10-07T17:30,83179.460000,-0.628500,-0.359779,2026-10-07,1189,24.162899,0.393076,83180.540000,83128.360000
29856571,2026-10-07T17:31,83190.890000,-0.582500,-0.213949,2026-10-07,571,14.928098,0.264953,83202.680000,83174.790000
29856572,2026-10-07T17:32,83217.320000,-0.486100,-0.469999,2026-10-07,246,8.049122,0.067866,83256.290000,83190.890000
29856573,2026-10-07T17:33,83157.420000,-0.259800,-0.866566,2026-10-07,319,5.856818,0.095412,83218.530000,83157.430000
29856574,2026-10-07T17:34,83210.670000,-0.407700,-0.803830,2026-10-07,215,2.873769,0.250970,83223.230000,83157.430000
29856575,2026-10-07T17:35,83192.790000,-0.451400,-0.522448,2026-10-07,383,11.085952,0.245412,83220.560000,83140.420000
29856576,2026-10-07T17:36,83167.460000,-0.449700,-0.501075,2026-10-07,234,2.667560,0.094135,83198.600000,83161.020000
29856577,2026-10-07T17:37,83172.830000,-0.452900,-0.815104,2026-10-07,291,2.883017,0.376958,83184.890000,83162.930000
29856578,2026-10-07T17:38,83158.580000,0.258600,-0.249673,2026-10-07,200,1.857639,0.200407,83172.830000,83142.190000
29856579,2026-10-07T17:39,83161.080000,-0.574500,-0.599825,2026-10-07,282,6.569708,0.031154,83183.300000,83137.930000
29856580,2026-10-07T17:40,83062.240000,-0.234700,-0.937693,2026-10-07,463,10.824738,0.130593,83167.800000,83037.820000
29856581,2026-10-07T17:41,83016.080000,-0.710800,-0.735574,2026-10-07,954,25.872396,0.206249,83129.030000,83016.080000
29856582,2026-10-07T17:42,83021.620000,0.293100,-0.597400,2026-10-07,3972,103.927900,0.374004,83055.390000,83000.000000
29856583,2026-10-07T17:43,83025.400000,-0.218600,-0.239112,2026-10-07,1794,51.564437,0.256819,83039.770000,82989.140000
29856584,2026-10-07T17:44,83055.600000,-0.208900,-0.477763,2026-10-07,519,11.860873,0.318820,83058.420000,83021.730000
29856585,2026-10-07T17:45,83073.160000,-0.047000,-0.369159,2026-10-07,560,14.702542,0.459578,83076.430000,82995.750000
29856586,2026-10-07T17:46,83064.210000,-0.307500,-0.067379,2026-10-07,330,10.032835,0.538844,83100.260000,83055.410000
29856587,2026-10-07T17:47,83101.890000,0.330600,0.077230,2026-10-07,219,7.651499,0.473761,83106.310000,83065.910000
29856588,2026-10-07T17:48,83097.330000,-0.414400,-0.089228,2026-10-07,285,7.144068,0.252137,83128.120000,83092.430000
29856589,2026-10-07T17:49,83111.520000,-0.180300,-0.473242,2026-10-07,293,7.161601,0.328494,83125.310000,83079.330000
29856590,2026-10-07T17:50,83086.950000,-0.143700,-0.343013,2026-10-07,201,8.274708,0.293980,83117.560000,83086.260000
29856591,2026-10-07T17:51,83111.140000,-0.125100,-0.412043,2026-10-07,221,7.434822,0.236165,83117.560000,83086.260000
29856592,2026-10-07T17:52,83155.150000,0.046300,-0.527542,2026-10-07,254,9.456859,0.321944,83155.160000,83079.240000
29856593,2026-10-07T17:53,83122.110000,0.500900,-0.356188,2026-10-07,224,5.599467,0.028446,83155.160000,83102.910000
29856594,2026-10-07T17:54,83103.180000,0.671600,-0.940228,2026-10-07,163,5.092510,0.246897,83129.030000,83103.180000
29856595,2026-10-07T17:55,83112.070000,0.224300,-0.472110,2026-10-07,254,6.000875,0.129546,83128.090000,83103.180000
29856596,2026-10-07T17:56,83134.990000,-0.310000,-0.778351,2026-10-07,115,0.817727,0.751282,83135.000000,83112.060000
29856597,2026-10-07T17:57,83128.790000,-0.387400,-0.593755,2026-10-07,205,4.859665,0.085831,83142.580000,83127.180000
29856598,2026-10-07T17:58,83119.110000,-0.064900,-0.685904,2026-10-07,108,0.781735,0.124867,83135.170000,83119.110000
29856599,2026-10-07T17:59,83116.110000,-0.091100,-0.750125,2026-10-07,194,4.099661,0.045086,83119.110000,83098.010000
29856600,2026-10-07T18:00,83198.650000,-0.108600,-0.908655,2026-10-07,278,9.340307,0.325722,83198.650000,83097.490000
29856601,2026-10-07T18:01,83171.860000,-0.258300,-0.349084,2026-10-07,236,6.121707,0.188083,83192.500000,83152.080000
29856602,2026-10-07T18:02,83227.740000,-0.305400,-0.506878,2026-10-07,330,5.645210,0.418451,83240.380000,83171.870000
29856603,2026-10-07T18:03,83273.400000,-0.212100,-0.286887,2026-10-07,343,5.158832,0.152460,83273.410000,83227.570000
29856604,2026-10-07T18:04,83331.330000,0.440300,-0.665788,2026-10-07,350,9.557201,0.181701,83339.000000,83269.050000
29856605,2026-10-07T18:05,83407.390000,-0.178300,-0.494376,2026-10-07,318,5.571842,0.451932,83423.590000,83331.340000
29856606,2026-10-07T18:06,83342.520000,-0.531700,-0.317116,2026-10-07,265,4.710985,0.153223,83407.450000,83342.520000
29856607,2026-10-07T18:07,83298.330000,-0.064800,-0.708412,2026-10-07,329,6.631309,0.117480,83377.000000,83294.430000
29856608,2026-10-07T18:08,83287.790000,-0.817000,-0.765034,2026-10-07,179,2.836675,0.104840,83314.880000,83271.620000
29856609,2026-10-07T18:09,83297.450000,-0.862300,-0.788476,2026-10-07,181,1.746491,0.120630,83297.450000,83265.800000
29856610,2026-10-07T18:10,83283.490000,-0.738800,-0.761726,2026-10-07,181,2.728164,0.701875,83297.450000,83271.330000
29856611,2026-10-07T18:11,83292.790000,0.023200,0.405485,2026-10-07,233,29.299960,0.822052,83317.850000,83274.540000
29856612,2026-10-07T18:12,83302.880000,-0.255900,0.644007,2026-10-07,212,1.228916,0.575898,83310.620000,83287.260000
29856613,2026-10-07T18:13,83290.010000,0.130400,0.196143,2026-10-07,180,1.055058,0.277485,83343.260000,83290.000000
29856614,2026-10-07T18:14,83291.330000,-0.409500,-0.544442,2026-10-07,187,2.663018,0.649351,83307.010000,83284.450000
29856615,2026-10-07T18:15,83302.140000,-0.030700,0.301818,2026-10-07,196,0.497226,0.540531,83307.550000,83281.110000
29856616,2026-10-07T18:16,83329.950000,-0.405200,0.057755,2026-10-07,170,3.061544,0.862364,83337.400000,83302.140000
29856617,2026-10-07T18:17,83278.080000,-0.578800,0.676160,2026-10-07,235,5.223053,0.159255,83329.940000,83274.580000
29856618,2026-10-07T18:18,83220.960000,-0.641300,-0.835780,2026-10-07,275,8.148120,0.041780,83279.000000,83177.430000
29856619,2026-10-07T18:19,83197.180000,-0.149700,-0.916442,2026-10-07,270,6.937994,0.043988,83250.080000,83189.690000
29856620,2026-10-07T18:20,83203.270000,-0.523400,-0.911943,2026-10-07,259,6.290961,0.069779,83210.310000,83159.060000
29856621,2026-10-07T18:21,83190.760000,-0.687500,-0.860095,2026-10-07,198,1.992369,0.135995,83206.390000,83168.820000
29856622,2026-10-07T18:22,83220.550000,-0.528200,-0.728402,2026-10-07,198,1.923759,0.747835,83234.240000,83190.760000
29856623,2026-10-07T18:23,83241.920000,0.164500,0.495405,2026-10-07,137,0.692911,0.561124,83238.100000,83213.500000
29856624,2026-10-07T18:24,83274.890000,-0.598900,0.244451,2026-10-07,145,1.048543,0.441191,83276.380000,83244.760000
29856625,2026-10-07T18:25,83257.740000,-0.554700,-0.241381,2026-10-07,237,5.264096,0.070708,83280.000000,83228.570000
29856626,2026-10-07T18:26,83260.890000,-0.469900,-0.861106,2026-10-07,142,0.475029,0.300968,83269.740000,83257.740000
29856627,2026-10-07T18:27,83297.480000,-0.430300,-0.245364,2026-10-07,176,0.780608,0.657479,83300.000000,83260.890000
29856628,2026-10-07T18:28,83263.350000,-0.724200,0.259877,2026-10-07,220,1.949129,0.136225,83305.890000,83257.860000
29856629,2026-10-07T18:29,83306.270000,-0.682000,0.046164,2026-10-07,246,3.098794,0.768117,83327.320000,83265.020000
29856630,2026-10-07T18:30,83310.210000,-0.590500,0.046382,2026-10-07,215,0.652335,0.427497,83331.630000,83304.400000
29856631,2026-10-07T18:31,83281.120000,-0.508100,-0.118366,2026-10-07,226,4.475028,0.264694,83310.210000,83266.230000
29856632,2026-10-07T18:32,83277.010000,-0.772300,-0.473439,2026-10-07,134,0.616985,0.442350,83286.920000,83265.820000
29856633,2026-10-07T18:33,83276.330000,-0.592700,-0.280808,2026-10-07,152,0.723821,0.223363,83299.360000,83274.740000
29856634,2026-10-07T18:34,83259.230000,-0.609600,-0.437150,2026-10-07,200,2.995416,0.281590,83276.330000,83236.490000
29856635,2026-10-07T18:35,83289.950000,-0.159400,-0.434929,2026-10-07,212,1.301718,0.272329,83297.350000,83246.870000
29856636,2026-10-07T18:36,83266.960000,-0.347300,-0.479362,2026-10-07,190,1.128725,0.295614,83289.940000,83259.150000
29856637,2026-10-07T18:37,83289.140000,-0.440100,-0.379828,2026-10-07,145,1.036849,0.863779,83294.890000,83266.960000
29856638,2026-10-07T18:38,83261.960000,0.013200,0.726157,2026-10-07,264,8.410890,0.105847,83307.880000,83255.280000
29856639,2026-10-07T18:39,83255.290000,-0.596800,-0.788206,2026-10-07,161,1.657016,0.769462,83270.520000,83255.290000
29856640,2026-10-07T18:40,83255.290000,-0.266500,0.538796,2026-10-07,177,3.167645,0.714784,83255.290000,83240.000000
29856641,2026-10-07T18:41,83258.490000,-0.258200,0.429792,2026-10-07,152,0.853411,0.597827,83264.800000,83250.150000
29856642,2026-10-07T18:42,83255.360000,-0.310900,0.194475,2026-10-07,163,2.126659,0.160969,83264.800000,83243.350000
29856643,2026-10-07T18:43,83301.330000,0.298400,-0.678062,2026-10-07,275,3.478549,0.335714,83304.120000,83255.350000
29856644,2026-10-07T18:44,83262.140000,0.097400,-0.248983,2026-10-07,178,5.262302,0.059758,83303.970000,83262.140000
29856645,2026-10-07T18:45,83289.390000,0.272500,-0.963180,2026-10-07,260,6.038556,0.092529,83301.330000,83246.530000
29856646,2026-10-07T18:46,83327.850000,-0.076700,-0.814601,2026-10-07,182,1.683643,0.533122,83328.910000,83293.570000
29856647,2026-10-07T18:47,83315.850000,-0.251000,0.065603,2026-10-07,226,5.895383,0.191982,83345.700000,83312.300000
29856648,2026-10-07T18:48,83333.960000,-0.596500,-0.614734,2026-10-07,129,2.113383,0.117406,83342.030000,83315.840000
29856649,2026-10-07T18:49,83310.290000,-0.101300,-0.851371,2026-10-07,192,8.752377,0.017215,83333.960000,83291.710000
29856650,2026-10-07T18:50,83382.790000,0.051000,-0.960702,2026-10-07,302,4.236880,0.654071,83382.790000,83310.280000
29856651,2026-10-07T18:51,83397.990000,-0.033500,0.308161,2026-10-07,243,10.431849,0.315556,83413.070000,83378.250000
29856652,2026-10-07T18:52,83430.990000,-0.114900,-0.368904,2026-10-07,168,4.172570,0.381740,83434.120000,83397.040000
29856653,2026-10-07T18:53,83399.020000,-0.024300,-0.236510,2026-10-07,180,3.691870,0.190117,83430.990000,83399.030000
29856654,2026-10-07T18:54,83381.520000,-0.669800,-0.626392,2026-10-07,203,3.626629,0.120540,83414.060000,83381.520000
29856655,2026-10-07T18:55,83387.050000,-0.203800,-0.754500,2026-10-07,194,3.407488,0.717565,83388.980000,83374.960000
29856656,2026-10-07T18:56,83397.080000,-0.197200,0.435226,2026-10-07,190,4.021222,0.270334,83419.110000,83387.060000
29856657,2026-10-07T18:57,83394.550000,-0.189800,-0.459551,2026-10-07,190,1.158717,0.448532,83397.300000,83392.040000
29856658,2026-10-07T18:58,83355.050000,0.199900,-0.102890,2026-10-07,298,3.242329,0.403674,83394.560000,83354.360000
29856659,2026-10-07T18:59,83372.790000,0.413400,-0.192520,2026-10-07,199,5.541219,0.072396,83377.690000,83350.000000
29856660,2026-10-07T19:00,83392.040000,0.194700,-0.856165,2026-10-07,362,14.765360,0.074617,83392.040000,83332.400000
29856661,2026-10-07T19:01,83425.010000,-0.068600,-0.850359,2026-10-07,141,2.929779,0.233928,83432.990000,83392.040000
29856662,2026-10-07T19:02,83400.010000,-0.047800,-0.566026,2026-10-07,289,9.689112,0.091296,83444.630000,83387.070000
29856663,2026-10-07T19:03,83367.680000,0.065500,-0.810444,2026-10-07,303,8.960949,0.134578,83408.680000,83358.600000
29856664,2026-10-07T19:04,83355.740000,0.090900,-0.733414,2026-10-07,243,5.185159,0.077071,83366.890000,83338.470000
29856665,2026-10-07T19:05,83375.860000,-0.129000,-0.845831,2026-10-07,184,1.746473,0.605079,83387.850000,83359.670000
29856666,2026-10-07T19:06,83322.010000,0.305500,0.210640,2026-10-07,358,6.748491,0.209973,83395.210000,83322.000000
29856667,2026-10-07T19:07,83307.890000,0.053700,-0.580292,2026-10-07,170,3.809980,0.134501,83327.340000,83307.890000
29856668,2026-10-07T19:08,83360.480000,0.036100,-0.731187,2026-10-07,246,3.786326,0.303673,83360.480000,83286.740000
29856669,2026-10-07T19:09,83354.460000,-0.409900,-0.392654,2026-10-07,270,6.106531,0.149817,83387.910000,83324.700000
29856670,2026-10-07T19:10,83324.800000,-0.300900,-0.704691,2026-10-07,161,1.453070,0.339888,83343.450000,83311.830000
29856671,2026-10-07T19:11,83345.760000,-0.067000,-0.275495,2026-10-07,229,6.816671,0.230645,83357.990000,83322.720000
29856672,2026-10-07T19:12,83343.850000,-0.079000,-0.538746,2026-10-07,165,2.306527,0.178710,83347.430000,83338.140000
29856673,2026-10-07T19:13,83357.540000,-0.184300,-0.631493,2026-10-07,201,5.830891,0.728342,83358.730000,83335.810000
29856674,2026-10-07T19:14,83340.600000,0.111700,0.455220,2026-10-07,176,5.368353,0.031940,83357.550000,83340.590000
29856675,2026-10-07T19:15,83358.520000,-0.259200,-0.935811,2026-10-07,217,10.629689,0.640094,83370.970000,83340.600000
29856676,2026-10-07T19:16,83363.510000,0.147300,0.280210,2026-10-07,227,1.926988,0.165947,83366.150000,83354.010000
29856677,2026-10-07T19:17,83395.800000,0.170800,-0.669134,2026-10-07,240,4.690127,0.679536,83398.680000,83363.510000
29856678,2026-10-07T19:18,83437.990000,0.636800,0.359293,2026-10-07,191,1.892485,0.733537,83437.990000,83395.810000
29856679,2026-10-07T19:19,83432.170000,-0.116400,0.466617,2026-10-07,285,8.027823,0.368361,83442.000000,83420.440000
29856680,2026-10-07T19:20,83422.100000,-0.191900,-0.263277,2026-10-07,197,2.682225,0.188688,83439.270000,83417.920000
29856681,2026-10-07T19:21,83406.040000,-0.316400,-0.622625,2026-10-07,270,9.681064,0.231886,83445.000000,83405.380000
29856682,2026-10-07T19:22,83440.070000,0.361700,-0.534880,2026-10-07,257,2.597083,0.173631,83445.000000,83387.040000
29856683,2026-10-07T19:23,83423.510000,-0.393700,-0.403522,2026-10-07,288,6.841176,0.209701,83444.990000,83413.730000
29856684,2026-10-07T19:24,83442.610000,0.105600,-0.699916,2026-10-07,176,2.118620,0.698709,83450.860000,83423.040000
29856685,2026-10-07T19:25,83453.300000,0.348200,0.397403,2026-10-07,188,1.245016,0.665116,83455.150000,83441.080000
29856686,2026-10-07T19:26,83465.080000,-0.113400,0.330256,2026-10-07,216,6.057559,0.500195,83481.870000,83452.420000
29856687,2026-10-07T19:27,83446.510000,-0.379500,0.000390,2026-10-07,129,0.590276,0.545554,83465.090000,83446.500000
29856688,2026-10-07T19:28,83411.610000,-0.266200,0.091063,2026-10-07,217,3.959180,0.288071,83446.510000,83405.450000
29856689,2026-10-07T19:29,83411.170000,-0.046100,-0.423854,2026-10-07,121,0.845296,0.800462,83411.170000,83407.960000
29856690,2026-10-07T19:30,83409.410000,-0.472100,0.565273,2026-10-07,529,30.424743,0.809313,83422.780000,83366.950000
29856691,2026-10-07T19:31,83438.330000,-0.610700,0.634156,2026-10-07,337,11.843394,0.893223,83442.240000,83399.430000
29856692,2026-10-07T19:32,83400.010000,-0.176300,0.762818,2026-10-07,434,20.431558,0.741085,83442.250000,83392.050000
29856693,2026-10-07T19:33,83424.860000,-0.440300,0.456039,2026-10-07,206,2.167406,0.331866,83426.640000,83384.330000
29856694,2026-10-07T19:34,83423.900000,0.529700,-0.306894,2026-10-07,205,2.481653,0.180543,83432.410000,83418.580000
29856695,2026-10-07T19:35,83349.240000,-0.500300,-0.596787,2026-10-07,365,11.488672,0.110165,83423.910000,83327.530000
29856696,2026-10-07T19:36,83267.580000,-0.520500,-0.779369,2026-10-07,320,8.852421,0.393929,83351.340000,83253.600000
29856697,2026-10-07T19:37,83302.990000,-0.444000,-0.136373,2026-10-07,171,1.641766,0.674997,83328.790000,83267.580000
29856698,2026-10-07T19:38,83330.980000,0.252000,-0.002523,2026-10-07,214,4.013618,0.096567,83332.830000,83302.990000
29856699,2026-10-07T19:39,83335.700000,-0.004000,-0.776083,2026-10-07,251,5.188680,0.088066,83360.430000,83330.980000
29856700,2026-10-07T19:40,83370.990000,-0.074200,-0.847909,2026-10-07,250,2.384241,0.169019,83377.800000,83336.330000
29856701,2026-10-07T19:41,83335.860000,0.233100,-0.669197,2026-10-07,226,2.949278,0.239076,83371.000000,83335.420000
29856702,2026-10-07T19:42,83363.520000,0.750100,-0.345849,2026-10-07,174,2.448562,0.235952,83363.530000,83335.860000
29856703,2026-10-07T19:43,83401.580000,-0.265000,-0.770922,2026-10-07,195,1.457386,0.533246,83405.130000,83363.520000
29856704,2026-10-07T19:44,83407.890000,0.198000,0.033197,2026-10-07,202,2.906206,0.196699,83414.740000,83390.640000
29856705,2026-10-07T19:45,83407.100000,0.515900,-0.606603,2026-10-07,184,4.381171,0.085999,83407.900000,83391.340000
29856706,2026-10-07T19:46,83348.460000,-0.191000,-0.828004,2026-10-07,313,11.566962,0.026542,83409.570000,83347.420000
29856707,2026-10-07T19:47,83298.480000,-0.079500,-0.946915,2026-10-07,367,12.074405,0.059226,83375.240000,83293.450000
29856708,2026-10-07T19:48,83288.480000,0.020500,-0.877734,2026-10-07,343,10.032095,0.221469,83305.560000,83245.870000
29856709,2026-10-07T19:49,83285.900000,0.450300,-0.560879,2026-10-07,203,2.971340,0.163121,83303.790000,83274.600000
29856710,2026-10-07T19:50,83315.880000,0.576400,-0.426694,2026-10-07,145,4.362492,0.156073,83333.190000,83285.910000
29856711,2026-10-07T19:51,83289.330000,0.734500,-0.913558,2026-10-07,491,17.566471,0.118643,83360.440000,83270.540000
29856712,2026-10-07T19:52,83307.050000,0.376700,-0.762531,2026-10-07,226,5.318097,0.449137,83312.760000,83283.230000
29856713,2026-10-07T19:53,83293.920000,0.236500,-0.100880,2026-10-07,222,2.450212,0.242282,83311.200000,83281.790000
29856714,2026-10-07T19:54,83330.020000,0.488700,-0.538472,2026-10-07,206,2.470087,0.506544,83328.920000,83290.820000
29856715,2026-10-07T19:55,83335.010000,-0.042600,0.400144,2026-10-07,329,5.593894,0.464223,83400.300000,83328.280000
29856716,2026-10-07T19:56,83351.990000,0.622500,-0.419048,2026-10-07,266,3.633568,0.479496,83388.970000,83322.460000
29856717,2026-10-07T19:57,83364.640000,0.456000,-0.040235,2026-10-07,238,4.129297,0.545079,83374.880000,83332.900000
29856718,2026-10-07T19:58,83383.740000,0.335100,0.168266,2026-10-07,253,9.551376,0.131363,83395.430000,83364.640000
29856719,2026-10-07T19:59,83392.040000,0.281200,-0.782215,2026-10-07,394,9.206637,0.397924,83398.530000,83361.480000
29856720,2026-10-07T20:00,83412.180000,0.016100,-0.221758,2026-10-07,347,7.843787,0.769446,83422.990000,83387.670000
29856721,2026-10-07T20:01,83441.290000,0.125000,0.533739,2026-10-07,320,7.933140,0.791649,83455.130000,83404.060000
29856722,2026-10-07T20:02,83474.990000,0.037200,0.580278,2026-10-07,280,5.822830,0.891792,83475.000000,83425.730000
29856723,2026-10-07T20:03,83455.490000,0.034200,0.783522,2026-10-07,297,2.097623,0.788866,83510.060000,83455.160000
29856724,2026-10-07T20:04,83423.540000,-0.195100,0.571710,2026-10-07,324,4.782764,0.682779,83455.700000,83391.070000
29856725,2026-10-07T20:05,83440.240000,-0.240500,0.365735,2026-10-07,291,3.550811,0.625987,83440.240000,83415.410000
29856726,2026-10-07T20:06,83449.600000,0.175500,0.293879,2026-10-07,334,6.502701,0.538962,83483.510000,83429.370000
29856727,2026-10-07T20:07,83462.610000,0.372200,0.039045,2026-10-07,212,2.777361,0.888076,83465.680000,83449.600000
29856728,2026-10-07T20:08,83466.920000,-0.130500,0.269678,2026-10-07,544,4.586445,0.334904,83467.080000,83458.690000
29856729,2026-10-07T20:09,83504.740000,0.483600,-0.117219,2026-10-07,292,2.603795,0.786259,83513.360000,83462.390000
29856730,2026-10-07T20:10,83497.640000,0.458000,0.572525,2026-10-07,315,2.960011,0.817883,83509.150000,83496.840000
29856731,2026-10-07T20:11,83523.110000,0.372200,0.640995,2026-10-07,295,3.033976,0.868535,83523.920000,83497.640000
29856732,2026-10-07T20:12,83510.330000,0.261300,0.733277,2026-10-07,224,2.344940,0.466370,83523.110000,83510.320000
29856733,2026-10-07T20:13,83506.610000,0.559400,-0.067074,2026-10-07,253,5.741611,0.368240,83514.280000,83489.530000
29856734,2026-10-07T20:14,83502.270000,-0.290100,-0.263611,2026-10-07,358,2.992601,0.198205,83508.570000,83502.270000
29856735,2026-10-07T20:15,83516.050000,0.564800,-0.618125,2026-10-07,220,1.291213,0.887388,83516.060000,83486.720000
29856736,2026-10-07T20:16,83541.670000,-0.119600,0.946488,2026-10-07,215,6.203792,0.406493,83549.990000,83516.050000
29856737,2026-10-07T20:17,83559.580000,0.220900,-0.186810,2026-10-07,221,3.962676,0.311015,83567.580000,83549.980000
29856738,2026-10-07T20:18,83524.880000,-0.151600,-0.378538,2026-10-07,222,4.480007,0.372266,83559.570000,83486.720000
29856739,2026-10-07T20:19,83531.390000,0.156300,-0.255221,2026-10-07,200,1.106015,0.653880,83541.000000,83523.080000
29856740,2026-10-07T20:20,83508.420000,-0.030600,0.307811,2026-10-07,116,0.916502,0.908626,83531.390000,83508.410000
29856741,2026-10-07T20:21,83500.010000,-0.239700,0.817563,2026-10-07,187,1.797337,0.946168,83516.680000,83498.860000
29856742,2026-10-07T20:22,83512.070000,0.027700,0.892243,2026-10-07,143,1.547951,0.489978,83512.080000,83500.010000
29856743,2026-10-07T20:23,83512.230000,0.076500,-0.020044,2026-10-07,248,2.391174,0.215254,83516.540000,83504.800000
29856744,2026-10-07T20:24,83471.980000,0.004600,-0.569409,2026-10-07,242,5.390532,0.861754,83512.820000,83470.450000
29856745,2026-10-07T20:25,83483.290000,-0.327400,0.721601,2026-10-07,114,0.454752,0.951406,83483.300000,83471.970000
29856746,2026-10-07T20:26,83490.520000,0.344900,0.928058,2026-10-07,197,1.139614,0.844580,83494.940000,83477.190000
29856747,2026-10-07T20:27,83492.010000,-0.119100,0.689147,2026-10-07,119,0.857643,0.730238,83492.010000,83487.650000
29856748,2026-10-07T20:28,83492.010000,-0.001400,0.460476,2026-10-07,112,0.647924,0.915445,83492.010000,83492.000000
29856749,2026-10-07T20:29,83522.210000,0.148300,0.830890,2026-10-07,155,1.521017,0.818180,83529.280000,83492.000000
29856750,2026-10-07T20:30,83514.230000,-0.245400,0.520007,2026-10-07,170,0.923618,0.537137,83523.320000,83514.220000
29856751,2026-10-07T20:31,83497.240000,-0.435600,0.228123,2026-10-07,111,0.411963,0.248656,83514.230000,83497.240000
29856752,2026-10-07T20:32,83472.200000,-0.093900,-0.502983,2026-10-07,85,0.530331,0.904186,83497.250000,83472.190000
29856753,2026-10-07T20:33,83448.210000,-0.522500,0.808373,2026-10-07,225,4.513739,0.725180,83495.460000,83448.210000
29856754,2026-10-07T20:34,83360.990000,-0.108100,0.457360,2026-10-07,373,12.041366,0.159555,83449.550000,83332.870000
29856755,2026-10-07T20:35,83316.240000,-0.249600,-0.693108,2026-10-07,407,7.594738,0.255238,83360.990000,83285.330000
29856756,2026-10-07T20:36,83325.210000,-0.235500,-0.479052,2026-10-07,207,2.591151,0.149085,83325.220000,83296.010000
29856757,2026-10-07T20:37,83328.260000,-0.186800,-0.701160,2026-10-07,169,1.603594,0.800569,83344.570000,83318.400000
29856758,2026-10-07T20:38,83321.380000,0.315300,0.601033,2026-10-07,164,0.185020,0.503603,83337.490000,83321.360000
29856759,2026-10-07T20:39,83308.960000,0.357800,0.005437,2026-10-07,217,1.361277,0.442897,83321.380000,83280.040000
29856760,2026-10-07T20:40,83300.100000,-0.010900,-0.133457,2026-10-07,120,0.470312,0.585116,83308.960000,83298.500000
29856761,2026-10-07T20:41,83323.540000,-0.022000,0.253223,2026-10-07,227,0.982369,0.134507,83324.630000,83300.920000
29856762,2026-10-07T20:42,83346.900000,-0.185300,-0.731139,2026-10-07,213,1.552291,0.595364,83346.910000,83321.370000
29856763,2026-10-07T20:43,83358.290000,0.553700,0.191696,2026-10-07,219,0.372396,0.438247,83360.510000,83346.900000
29856764,2026-10-07T20:44,83346.120000,0.073500,-0.373100,2026-10-07,138,0.758059,0.168156,83358.280000,83340.700000
29856765,2026-10-07T20:45,83347.990000,-0.007700,-0.579565,2026-10-07,179,1.375791,0.165819,83348.010000,83331.540000
29856766,2026-10-07T20:46,83337.480000,0.264100,-0.670887,2026-10-07,181,2.821438,0.132285,83348.000000,83333.610000
29856767,2026-10-07T20:47,83323.850000,-0.105300,-0.796130,2026-10-07,224,3.152067,0.090084,83345.520000,83307.900000
29856768,2026-10-07T20:48,83325.830000,-0.100700,-0.754369,2026-10-07,145,0.981065,0.156762,83337.830000,83318.410000
29856769,2026-10-07T20:49,83325.830000,-0.386000,-0.686455,2026-10-07,161,0.667626,0.176700,83340.550000,83325.820000
29856770,2026-10-07T20:50,83349.990000,-0.396600,-0.646630,2026-10-07,215,0.470411,0.722539,83350.000000,83325.830000
29856771,2026-10-07T20:51,83345.140000,0.053400,0.446451,2026-10-07,229,3.488379,0.217699,83360.480000,83333.230000
29856772,2026-10-07T20:52,83331.050000,-0.184600,-0.570763,2026-10-07,198,1.232052,0.557896,83352.050000,83325.830000
29856773,2026-10-07T20:53,83346.270000,-0.374900,0.163343,2026-10-07,148,0.530556,0.880291,83346.280000,83321.610000
29856774,2026-10-07T20:54,83349.960000,-0.274300,0.758183,2026-10-07,210,0.225377,0.823093,83349.960000,83346.270000
29856775,2026-10-07T20:55,83359.010000,-0.057500,0.644486,2026-10-07,261,0.613928,0.324345,83360.470000,83349.950000
29856776,2026-10-07T20:56,83370.990000,-0.185700,-0.404927,2026-10-07,224,0.816513,0.720971,83371.000000,83347.000000
29856777,2026-10-07T20:57,83367.010000,0.142800,0.542811,2026-10-07,270,1.591275,0.623988,83371.000000,83361.380000
29856778,2026-10-07T20:58,83391.740000,-0.382200,0.244912,2026-10-07,252,1.888363,0.242825,83403.250000,83367.000000
29856779,2026-10-07T20:59,83384.550000,-0.295500,-0.513061,2026-10-07,201,2.218058,0.291144,83402.250000,83365.520000
29856780,2026-10-07T21:00,83381.520000,-0.009700,-0.442338,2026-10-07,249,1.906772,0.255360,83410.040000,83381.520000
29856781,2026-10-07T21:01,83360.490000,0.007900,-0.468067,2026-10-07,137,1.549940,0.051175,83381.530000,83360.490000
29856782,2026-10-07T21:02,83325.010000,0.358900,-0.901354,2026-10-07,106,1.302872,0.628575,83360.480000,83325.000000
29856783,2026-10-07T21:03,83325.270000,-0.179900,0.337780,2026-10-07,140,0.750674,0.418257,83325.280000,83311.950000
29856784,2026-10-07T21:04,83335.110000,-0.224700,-0.163566,2026-10-07,208,0.515972,0.853961,83335.130000,83325.270000
29856785,2026-10-07T21:05,83328.120000,0.176800,0.708296,2026-10-07,100,0.125437,0.392943,83335.120000,83328.120000
29856786,2026-10-07T21:06,83319.110000,0.041500,-0.214591,2026-10-07,141,1.180790,0.445991,83328.130000,83318.650000
29856787,2026-10-07T21:07,83326.010000,-0.280800,-0.105762,2026-10-07,147,0.609670,0.680702,83330.200000,83319.100000
29856788,2026-10-07T21:08,83322.980000,-0.240600,0.360555,2026-10-07,119,0.881567,0.377566,83326.010000,83318.240000
29856789,2026-10-07T21:09,83324.820000,-0.136300,-0.246985,2026-10-07,109,0.186717,0.945358,83324.820000,83322.970000
29856790,2026-10-07T21:10,83310.010000,0.303700,0.890750,2026-10-07,82,0.414690,0.537184,83324.820000,83310.000000
29856791,2026-10-07T21:11,83297.990000,-0.259200,-0.586412,2026-10-07,252,1.573306,0.183219,83310.010000,83297.980000
29856792,2026-10-07T21:12,83297.990000,-0.437200,-0.364756,2026-10-07,49,0.271105,0.973178,83297.990000,83297.980000
29856793,2026-10-07T21:13,83299.020000,-0.106600,0.946120,2026-10-07,236,2.308929,0.693742,83299.030000,83278.000000
29856794,2026-10-07T21:14,83324.960000,-0.429100,0.387591,2026-10-07,273,1.380326,0.490730,83324.970000,83302.740000
29856795,2026-10-07T21:15,83323.230000,-0.169500,-0.017457,2026-10-07,141,0.338184,0.661462,83324.970000,83323.220000
29856796,2026-10-07T21:16,83324.010000,-0.029000,0.317845,2026-10-07,229,0.738336,0.759230,83324.010000,83311.200000
29856797,2026-10-07T21:17,83339.510000,-0.080700,0.519567,2026-10-07,163,0.627993,0.967610,83339.520000,83324.000000
29856798,2026-10-07T21:18,83335.480000,-0.105000,0.938287,2026-10-07,255,0.750079,0.370265,83344.160000,83335.470000
29856799,2026-10-07T21:19,83337.570000,0.274400,-0.314616,2026-10-07,203,0.598347,0.943091,83337.570000,83335.470000
29856800,2026-10-07T21:20,83337.570000,0.278500,0.886361,2026-10-07,158,1.305174,0.855048,83345.820000,83337.560000
29856801,2026-10-07T21:21,83337.600000,0.222800,0.710096,2026-10-07,111,0.174472,0.987848,83337.600000,83337.560000
29856802,2026-10-07T21:22,83353.180000,0.213400,0.975466,2026-10-07,165,1.028699,0.960439,83353.190000,83337.590000
29856803,2026-10-07T21:23,83353.180000,0.020700,0.921738,2026-10-07,90,0.106696,0.973579,83353.190000,83353.180000
29856804,2026-10-07T21:24,83348.380000,-0.197400,0.940615,2026-10-07,149,2.042134,0.151418,83354.860000,83336.650000
29856805,2026-10-07T21:25,83319.860000,0.033100,-0.697569,2026-10-07,121,1.027034,0.185253,83348.380000,83319.850000
29856806,2026-10-07T21:26,83297.360000,0.124900,-0.629495,2026-10-07,104,1.095344,0.687443,83319.860000,83300.000000
29856807,2026-10-07T21:27,83291.890000,0.059300,0.374887,2026-10-07,71,1.289923,0.684194,83297.370000,83287.670000
29856808,2026-10-07T21:28,83286.850000,-0.373800,0.368650,2026-10-07,32,0.052912,0.883258,83288.650000,83286.840000
29856809,2026-10-07T21:29,83283.650000,-0.330200,-0.578628,2026-10-07,77,1.120238,0.845422,83288.100000,83281.660000
29856810,2026-10-07T21:30,83268.010000,-0.451800,0.982240,2026-10-07,86,0.642570,0.097923,83283.660000,83268.000000
29856811,2026-10-07T21:31,83278.490000,-0.237400,-0.804154,2026-10-07,116,2.949256,0.797677,83289.390000,83259.780000
29856812,2026-10-07T21:32,83262.010000,0.335700,0.532339,2026-10-07,78,0.594641,0.419975,83278.490000,83262.000000
29856813,2026-10-07T21:33,83250.360000,0.240900,0.073950,2026-10-07,47,0.245833,0.156271,83262.010000,83250.350000
29856814,2026-10-07T21:34,83250.010000,0.110400,-0.756080,2026-10-07,39,1.243420,0.026555,83250.360000,83250.000000
29856815,2026-10-07T21:35,83246.830000,-0.148400,-0.946890,2026-10-07,100,0.898891,0.205538,83250.000000,83233.080000
29856816,2026-10-07T21:36,83255.270000,-0.215100,-0.588925,2026-10-07,79,0.945883,0.995135,83255.280000,83246.820000
29856817,2026-10-07T21:37,83202.730000,0.468500,0.990270,2026-10-07,207,2.721393,0.386536,83255.280000,83202.720000
29856818,2026-10-07T21:38,83217.420000,0.350700,0.039944,2026-10-07,143,2.482887,0.559866,83234.240000,83202.730000
29856819,2026-10-07T21:39,83208.420000,0.188600,-0.265710,2026-10-07,92,0.620799,0.127153,83217.430000,83208.420000
29856820,2026-10-07T21:40,83202.730000,-0.449000,-0.075502,2026-10-07,101,2.237149,0.422963,83225.740000,83202.720000
29856821,2026-10-07T21:41,83202.730000,0.107500,-0.395642,2026-10-07,122,1.541577,0.657869,83202.730000,83182.140000
29856822,2026-10-07T21:42,83206.110000,-0.219600,0.315738,2026-10-07,117,1.344370,0.637983,83212.620000,83202.720000
29856823,2026-10-07T21:43,83160.360000,-0.185100,0.259790,2026-10-07,159,1.909024,0.493661,83206.120000,83160.000000
29856824,2026-10-07T21:44,83159.510000,-0.143300,0.079916,2026-10-07,186,3.040975,0.629613,83189.540000,83151.000000
29856825,2026-10-07T21:45,83156.960000,-0.007400,0.261891,2026-10-07,141,1.634881,0.564359,83171.500000,83151.000000
29856826,2026-10-07T21:46,83145.670000,0.028000,0.022774,2026-10-07,205,2.499841,0.298706,83171.120000,83144.400000
29856827,2026-10-07T21:47,83153.620000,-0.313200,-0.399318,2026-10-07,130,0.892051,0.685841,83167.430000,83141.220000
29856828,2026-10-07T21:48,83155.330000,0.133900,0.384191,2026-10-07,132,0.616268,0.948291,83163.850000,83153.650000
29856829,2026-10-07T21:49,83147.330000,-0.008700,0.892464,2026-10-07,92,0.327335,0.718235,83155.330000,83147.230000
29856830,2026-10-07T21:50,83168.710000,-0.036000,0.436445,2026-10-07,139,1.066754,0.809044,83168.710000,83147.330000
29856831,2026-10-07T21:51,83150.080000,-0.017800,0.362053,2026-10-07,149,1.686875,0.681814,83173.300000,83150.080000
29856832,2026-10-07T21:52,83150.080000,-0.142400,0.547426,2026-10-07,135,0.922185,0.579202,83157.710000,83145.980000
29856833,2026-10-07T21:53,83110.380000,0.086700,-0.257662,2026-10-07,188,2.798801,0.639790,83145.520000,83110.370000
29856834,2026-10-07T21:54,83074.670000,-0.295500,0.569395,2026-10-07,188,1.849689,0.476510,83110.370000,83071.030000
29856835,2026-10-07T21:55,83098.170000,-0.005500,-0.046930,2026-10-07,173,1.230334,0.430068,83102.550000,83074.670000
29856836,2026-10-07T21:56,83096.520000,-0.145600,-0.139864,2026-10-07,212,4.133172,0.108809,83118.150000,83074.680000
29856837,2026-10-07T21:57,83096.520000,0.377800,-0.779924,2026-10-07,95,0.330181,0.900050,83096.530000,83096.520000
29856838,2026-10-07T21:58,83129.040000,-0.230200,0.797414,2026-10-07,148,0.691983,0.923293,83129.040000,83096.530000
29856839,2026-10-07T21:59,83109.640000,0.006900,0.320157,2026-10-07,147,1.213100,0.220806,83129.030000,83105.120000
29856840,2026-10-07T22:00,83131.430000,-0.169800,-0.407572,2026-10-07,242,2.015380,0.700478,83144.810000,83088.310000
29856841,2026-10-07T22:01,83192.010000,-0.391400,0.397010,2026-10-07,232,2.707739,0.485643,83192.820000,83128.460000
29856842,2026-10-07T22:02,83185.210000,0.096600,-0.029108,2026-10-07,253,2.042063,0.784498,83225.000000,83171.120000
29856843,2026-10-07T22:03,83148.620000,-0.370900,0.568995,2026-10-07,325,2.394521,0.348070,83220.300000,83148.620000
29856844,2026-10-07T22:04,83171.110000,-0.036700,-0.302988,2026-10-07,196,2.504863,0.343146,83181.630000,83139.580000
29856845,2026-10-07T22:05,83180.240000,-0.218000,-0.314548,2026-10-07,222,1.672695,0.351522,83181.640000,83154.400000
29856846,2026-10-07T22:06,83187.580000,-0.397100,-0.312494,2026-10-07,204,1.649491,0.808603,83196.400000,83176.640000
29856847,2026-10-07T22:07,83188.290000,-0.203400,0.655141,2026-10-07,179,0.253445,0.733424,83190.410000,83187.570000
29856848,2026-10-07T22:08,83160.610000,-0.218200,0.466847,2026-10-07,161,1.117104,0.165400,83188.280000,83160.610000
29856849,2026-10-07T22:09,83202.670000,-0.086900,-0.669200,2026-10-07,246,1.284297,0.729442,83208.200000,83160.600000
29856850,2026-10-07T22:10,83200.050000,-0.188400,0.458956,2026-10-07,151,0.712251,0.264776,83213.200000,83197.870000
29856851,2026-10-07T22:11,83213.180000,-0.272200,-0.471477,2026-10-07,142,0.571833,0.471622,83213.190000,83200.050000
29856852,2026-10-07T22:12,83215.290000,0.085900,0.513547,2026-10-07,202,2.805095,0.480150,83250.000000,83213.190000
29856853,2026-10-07T22:13,83185.670000,0.198700,-0.363380,2026-10-07,349,2.676232,0.173389,83224.810000,83185.670000
29856854,2026-10-07T22:14,83194.080000,0.251000,-0.645092,2026-10-07,210,1.786988,0.297018,83199.200000,83173.120000
29856855,2026-10-07T22:15,83173.520000,0.272400,-0.417385,2026-10-07,188,0.947440,0.184746,83194.090000,83166.440000
29856856,2026-10-07T22:16,83163.670000,0.296800,-0.630459,2026-10-07,138,1.553290,0.278898,83173.530000,83160.600000
29856857,2026-10-07T22:17,83168.860000,0.051000,-0.442659,2026-10-07,189,1.679031,0.739028,83168.860000,83152.290000
29856858,2026-10-07T22:18,83164.100000,-0.024700,0.478056,2026-10-07,117,0.251374,0.446536,83168.860000,83164.090000
29856859,2026-10-07T22:19,83184.990000,-0.100500,-0.106927,2026-10-07,185,3.368324,0.983373,83184.690000,83164.090000
29856860,2026-10-07T22:20,83201.710000,0.048300,0.966753,2026-10-07,336,3.910226,0.226356,83210.630000,83160.620000
29856861,2026-10-07T22:21,83234.640000,-0.319700,-0.547535,2026-10-07,208,1.497461,0.302112,83234.720000,83201.710000
29856862,2026-10-07T22:22,83222.170000,-0.056700,-0.395393,2026-10-07,188,1.515279,0.439970,83239.520000,83222.170000
29856863,2026-10-07T22:23,83237.020000,-0.236500,-0.120360,2026-10-07,185,0.894682,0.657840,83237.030000,83222.040000
29856864,2026-10-07T22:24,83265.790000,0.160200,0.318460,2026-10-07,189,1.336503,0.934059,83265.800000,83237.020000
29856865,2026-10-07T22:25,83260.890000,0.091800,0.868105,2026-10-07,188,0.732309,0.186645,83267.880000,83256.180000
29856866,2026-10-07T22:26,83261.580000,0.176800,-0.618293,2026-10-07,142,0.403267,0.959810,83261.590000,83260.880000
29856867,2026-10-07T22:27,83282.260000,0.221700,0.917130,2026-10-07,177,0.936119,0.874757,83282.260000,83261.580000
29856868,2026-10-07T22:28,83287.550000,-0.236000,0.750270,2026-10-07,225,1.944431,0.978831,83294.120000,83282.250000
29856869,2026-10-07T22:29,83255.270000,0.372900,0.957371,2026-10-07,179,1.898209,0.098507,83293.700000,83253.000000
29856870,2026-10-07T22:30,83244.760000,-0.064200,-0.828665,2026-10-07,163,1.272021,0.516093,83255.960000,83244.760000
29856871,2026-10-07T22:31,83252.150000,0.156600,0.365186,2026-10-07,233,1.335607,0.543349,83252.180000,83241.030000
29856872,2026-10-07T22:32,83280.420000,-0.099200,0.091437,2026-10-07,200,1.576767,0.533104,83286.840000,83252.150000
29856873,2026-10-07T22:33,83237.020000,-0.044200,0.059950,2026-10-07,157,1.009233,0.689340,83280.430000,83237.030000
29856874,2026-10-07T22:34,83228.510000,-0.006700,0.383282,2026-10-07,164,0.886756,0.928512,83243.960000,83223.720000
29856875,2026-10-07T22:35,83216.580000,-0.260300,0.857696,2026-10-07,158,0.807596,0.770751,83239.100000,83210.990000
29856876,2026-10-07T22:36,83263.260000,-0.172500,0.544153,2026-10-07,222,0.875795,0.405837,83269.270000,83216.590000
29856877,2026-10-07T22:37,83259.040000,-0.276200,-0.193769,2026-10-07,179,1.590823,0.535869,83263.270000,83238.130000
29856878,2026-10-07T22:38,83250.710000,-0.165000,0.073167,2026-10-07,139,0.652532,0.643010,83263.200000,83250.700000
29856879,2026-10-07T22:39,83213.040000,-0.075300,0.283200,2026-10-07,169,1.889112,0.123736,83250.710000,83206.720000
29856880,2026-10-07T22:40,83195.200000,0.016800,-0.753069,2026-10-07,138,0.580606,0.281839,83213.050000,83192.170000
29856881,2026-10-07T22:41,83190.850000,-0.226800,-0.435529,2026-10-07,166,0.589697,0.937318,83195.200000,83175.000000
29856882,2026-10-07T22:42,83249.290000,-0.445900,0.874870,2026-10-07,204,0.647749,0.943091,83249.280000,83190.840000
29856883,2026-10-07T22:43,83268.400000,-0.046300,0.886922,2026-10-07,185,1.507250,0.882169,83269.440000,83248.220000
29856884,2026-10-07T22:44,83252.610000,-0.144300,0.763449,2026-10-07,217,1.259573,0.736877,83296.740000,83251.020000
29856885,2026-10-07T22:45,83204.790000,0.097200,0.436982,2026-10-07,162,1.368067,0.233504,83252.610000,83204.430000
29856886,2026-10-07T22:46,83200.010000,-0.306200,-0.521724,2026-10-07,179,0.599997,0.562266,83226.130000,83200.000000
29856887,2026-10-07T22:47,83213.200000,0.331800,0.128264,2026-10-07,185,0.465496,0.860566,83218.760000,83189.290000
29856888,2026-10-07T22:48,83225.230000,-0.124700,0.718963,2026-10-07,182,0.400188,0.507652,83229.010000,83218.750000
29856889,2026-10-07T22:49,83209.460000,-0.148400,-0.003750,2026-10-07,192,0.787342,0.215439,83226.900000,83204.370000
29856890,2026-10-07T22:50,83211.380000,-0.259400,0.038696,2026-10-07,181,1.009187,0.829822,83221.010000,83208.930000
29856891,2026-10-07T22:51,83193.240000,-0.064200,0.321771,2026-10-07,137,1.349094,0.145257,83211.410000,83193.230000
29856892,2026-10-07T22:52,83193.240000,-0.051200,-0.709480,2026-10-07,55,0.045841,0.998135,83193.240000,83193.230000
29856893,2026-10-07T22:53,83179.120000,-0.061200,0.999179,2026-10-07,264,0.878327,0.525719,83200.750000,83178.910000
29856894,2026-10-07T22:54,83188.140000,-0.261000,0.052668,2026-10-07,60,0.143003,0.987499,83188.130000,83179.130000
29856895,2026-10-07T22:55,83196.640000,-0.263100,0.974797,2026-10-07,151,0.261236,0.646905,83196.640000,83175.010000
29856896,2026-10-07T22:56,83210.420000,0.057900,0.293810,2026-10-07,143,0.880959,0.409446,83221.000000,83196.630000
29856897,2026-10-07T22:57,83216.760000,-0.322600,-0.181108,2026-10-07,64,0.207659,0.950626,83216.770000,83210.410000
29856898,2026-10-07T22:58,83209.700000,-0.157100,0.901253,2026-10-07,96,0.574763,0.187191,83216.760000,83203.220000
29856899,2026-10-07T22:59,83196.640000,-0.251700,-0.625420,2026-10-07,69,1.801228,0.003634,83209.340000,83192.160000
29856900,2026-10-07T23:00,83189.520000,-0.113400,-0.992823,2026-10-07,182,1.420477,0.408324,83189.530000,83174.270000
29856901,2026-10-07T23:01,83182.890000,0.027500,-0.247074,2026-10-07,141,1.042886,0.367674,83189.520000,83177.430000
29856902,2026-10-07T23:02,83193.450000,0.292800,-0.168842,2026-10-07,122,1.717580,0.960157,83195.510000,83179.150000
29856903,2026-10-07T23:03,83194.240000,0.026300,0.920335,2026-10-07,166,1.432099,0.971576,83200.830000,83185.290000
29856904,2026-10-07T23:04,83184.950000,-0.234300,0.936863,2026-10-07,118,0.985923,0.563201,83209.170000,83184.940000
29856905,2026-10-07T23:05,83177.170000,0.078000,0.132426,2026-10-07,91,0.288841,0.860022,83184.950000,83177.160000
29856906,2026-10-07T23:06,83182.010000,0.011300,0.724884,2026-10-07,221,2.463919,0.370481,83192.150000,83164.090000
29856907,2026-10-07T23:07,83151.010000,-0.159700,-0.258892,2026-10-07,121,1.110633,0.470816,83182.010000,83151.000000
29856908,2026-10-07T23:08,83138.490000,0.226500,-0.066850,2026-10-07,291,5.052404,0.264506,83151.020000,83099.290000
29856909,2026-10-07T23:09,83113.960000,-0.304800,-0.469987,2026-10-07,133,0.710272,0.810228,83138.490000,83113.960000
29856910,2026-10-07T23:10,83112.960000,-0.045900,0.620329,2026-10-07,201,2.252630,0.714469,83115.500000,83097.860000
29856911,2026-10-07T23:11,83089.360000,0.435400,0.428880,2026-10-07,228,4.912810,0.124702,83112.980000,83065.980000
29856912,2026-10-07T23:12,83093.490000,0.267200,-0.750597,2026-10-07,155,2.278819,0.593404,83099.540000,83076.100000
29856913,2026-10-07T23:13,83131.880000,-0.342800,0.262376,2026-10-07,247,1.813509,0.917780,83131.880000,83093.730000
29856914,2026-10-07T23:14,83140.350000,-0.429700,0.811480,2026-10-07,137,0.827266,0.457643,83166.170000,83131.870000
29856915,2026-10-07T23:15,83197.610000,0.253400,-0.087049,2026-10-07,189,1.074958,0.950192,83201.650000,83140.350000
29856916,2026-10-07T23:16,83221.010000,0.406000,0.902889,2026-10-07,176,0.419518,0.810725,83221.000000,83197.610000
29856917,2026-10-07T23:17,83203.790000,0.503400,0.667352,2026-10-07,176,2.569124,0.826843,83232.450000,83192.310000
29856918,2026-10-07T23:18,83185.800000,0.255000,0.641689,2026-10-07,180,0.499538,0.600757,83212.840000,83185.800000
29856919,2026-10-07T23:19,83210.600000,-0.259300,0.218781,2026-10-07,160,0.969462,0.978206,83213.200000,83185.810000
29856920,2026-10-07T23:20,83230.730000,-0.006100,0.734855,2026-10-07,160,0.839612,0.489492,83230.720000,83203.320000
29856921,2026-10-07T23:21,83244.790000,0.229700,0.128925,2026-10-07,282,2.354371,0.730743,83278.360000,83230.720000
29856922,2026-10-07T23:22,83234.240000,-0.128700,0.470621,2026-10-07,148,0.580256,0.431124,83249.850000,83234.240000
29856923,2026-10-07T23:23,83236.080000,-0.250500,-0.160629,2026-10-07,186,0.593662,0.672613,83240.250000,83223.720000
29856924,2026-10-07T23:24,83245.540000,-0.322900,0.345994,2026-10-07,130,0.295619,0.372104,83249.050000,83236.080000
29856925,2026-10-07T23:25,83280.960000,-0.100900,-0.267635,2026-10-07,196,0.832714,0.557935,83286.970000,83251.770000
29856926,2026-10-07T23:26,83281.670000,0.205200,0.120019,2026-10-07,156,0.848880,0.406100,83292.030000,83273.660000
29856927,2026-10-07T23:27,83284.400000,-0.571500,-0.192930,2026-10-07,153,0.592086,0.487089,83286.160000,83281.670000
29856928,2026-10-07T23:28,83284.400000,-0.199300,-0.020695,2026-10-07,137,0.110081,0.851872,83284.410000,83284.400000
29856929,2026-10-07T23:29,83325.890000,-0.527300,0.695821,2026-10-07,229,2.975988,0.819848,83334.210000,83284.400000
29856930,2026-10-07T23:30,83338.540000,-0.308500,0.639854,2026-10-07,178,0.893234,0.480150,83343.350000,83324.220000
29856931,2026-10-07T23:31,83348.610000,-0.114800,-0.138583,2026-10-07,210,1.847515,0.668296,83356.660000,83337.280000
29856932,2026-10-07T23:32,83351.490000,0.043700,0.430806,2026-10-07,251,2.693821,0.230632,83363.370000,83326.340000
29856933,2026-10-07T23:33,83366.390000,0.529200,-0.538705,2026-10-07,153,0.550010,0.496838,83370.990000,83349.250000
29856934,2026-10-07T23:34,83365.180000,-0.581700,0.064974,2026-10-07,118,0.541807,0.370829,83372.000000,83352.460000
29856935,2026-10-07T23:35,83359.240000,0.021800,-0.361467,2026-10-07,91,0.345102,0.964490,83365.190000,83353.860000
29856936,2026-10-07T23:36,83352.040000,0.056600,0.928785,2026-10-07,191,1.439150,0.202380,83359.250000,83341.730000
29856937,2026-10-07T23:37,83315.770000,0.178800,-0.595111,2026-10-07,158,1.182271,0.149337,83352.050000,83307.900000
29856938,2026-10-07T23:38,83330.670000,-0.247100,-0.709643,2026-10-07,219,2.790696,0.980085,83336.030000,83307.890000
29856939,2026-10-07T23:39,83312.450000,0.323200,0.984269,2026-10-07,157,0.476518,0.522917,83342.780000,83311.570000
29856940,2026-10-07T23:40,83284.420000,0.048300,0.059053,2026-10-07,127,0.392547,0.567148,83314.310000,83284.410000
29856941,2026-10-07T23:41,83301.110000,0.090400,0.133175,2026-10-07,135,0.730948,0.918360,83309.600000,83284.420000
29856942,2026-10-07T23:42,83303.520000,-0.251000,0.836842,2026-10-07,152,1.088763,0.717894,83309.230000,83296.670000
29856943,2026-10-07T23:43,83294.730000,-0.259900,0.435072,2026-10-07,102,0.527955,0.807289,83303.530000,83289.370000
29856944,2026-10-07T23:44,83299.820000,-0.461800,0.614838,2026-10-07,107,0.789748,0.689652,83299.820000,83292.500000
29856945,2026-10-07T23:45,83270.290000,-0.479300,0.379023,2026-10-07,126,0.798057,0.456360,83299.810000,83265.820000
29856946,2026-10-07T23:46,83270.290000,-0.572500,-0.099495,2026-10-07,134,1.106759,0.954947,83279.590000,83270.280000
29856947,2026-10-07T23:47,83278.890000,0.222800,0.852577,2026-10-07,286,2.528620,0.586430,83300.660000,83270.290000
29856948,2026-10-07T23:48,83283.830000,0.397700,0.138487,2026-10-07,155,0.557951,0.512903,83295.640000,83273.120000
29856949,2026-10-07T23:49,83295.210000,-0.320500,0.029768,2026-10-07,158,0.697778,0.920039,83300.560000,83283.840000
29856950,2026-10-07T23:50,83265.800000,-0.166400,0.248643,2026-10-07,125,0.862548,0.428320,83295.200000,83265.800000
29856951,2026-10-07T23:51,83263.240000,0.420700,0.161543,2026-10-07,151,0.752344,0.316073,83269.870000,83244.240000
29856952,2026-10-07T23:52,83257.580000,0.190400,-0.462979,2026-10-07,183,0.925672,0.184088,83281.700000,83257.580000
29856953,2026-10-07T23:53,83263.740000,-0.144000,-0.563974,2026-10-07,124,0.335699,0.926312,83271.130000,83257.590000
29856954,2026-10-07T23:54,83232.070000,-0.214600,0.846897,2026-10-07,176,0.954672,0.506100,83263.740000,83210.510000
29856955,2026-10-07T23:55,83249.990000,-0.493100,0.012200,2026-10-07,168,0.424516,0.562739,83250.000000,83232.060000
29856956,2026-10-07T23:56,83249.990000,-0.357500,0.125442,2026-10-07,96,1.733529,0.981142,83250.000000,83246.220000
29856957,2026-10-07T23:57,83246.360000,-0.855300,0.962301,2026-10-07,86,0.529014,0.135346,83250.000000,83246.350000
29856958,2026-10-07T23:58,83293.080000,-0.198900,-0.761751,2026-10-07,221,11.173031,0.919500,83293.100000,83240.790000
29856959,2026-10-07T23:59,83275.050000,0.299400,0.851206,2026-10-07,115,2.421985,0.403205,83297.360000,83273.920000
