minute_epoch,minute_utc,close,book_imb,ofi,day,trades,volume,buy_share,high,low
29812320,2026-09-07T00:00,80244.050000,-0.000600,0.000000,2026-09-07,586.000000,4.213419,0.277376,80361.400000,80226.710000
29812321,2026-09-07T00:01,80295.740000,0.949300,-0.233464,2026-09-07,422.000000,4.562837,0.767216,80295.750000,80240.220000
29812322,2026-09-07T00:02,80343.260000,0.698700,0.454658,2026-09-07,916.000000,70.792515,0.974101,80435.560000,80291.930000
29812323,2026-09-07T00:03,80309.070000,0.113800,0.948203,2026-09-07,368.000000,2.131839,0.366689,80377.420000,80309.060000
29812324,2026-09-07T00:04,80320.760000,0.401600,-0.266622,2026-09-07,415.000000,5.105571,0.528037,80349.000000,80299.080000
29812325,2026-09-07T00:05,80426.990000,0.871500,0.083321,2026-09-07,849.000000,59.041029,0.949738,80458.450000,80308.560000
29812326,2026-09-07T00:06,80385.070000,0.421600,0.899751,2026-09-07,583.000000,8.237789,0.208538,80462.230000,80368.940000
29812327,2026-09-07T00:07,80341.600000,0.498400,-0.583032,2026-09-07,278.000000,1.385170,0.656446,80426.950000,80341.590000
29812328,2026-09-07T00:08,80414.580000,0.662600,0.312978,2026-09-07,499.000000,1.538057,0.767149,80414.590000,80341.590000
29812329,2026-09-07T00:09,80383.210000,0.117100,0.526734,2026-09-07,353.000000,1.331331,0.567726,80432.990000,80378.840000
29812330,2026-09-07T00:10,80362.420000,0.755200,0.141989,2026-09-07,344.000000,1.394914,0.490514,80383.200000,80340.000000
29812331,2026-09-07T00:11,80339.140000,-0.164200,0.003763,2026-09-07,392.000000,3.879210,0.077125,80383.210000,80339.000000
29812332,2026-09-07T00:12,80320.070000,-0.264000,-0.861021,2026-09-07,281.000000,1.635256,0.242994,80347.180000,80318.480000
29812333,2026-09-07T00:13,80350.990000,0.079300,-0.514012,2026-09-07,307.000000,1.377828,0.864954,80350.990000,80319.270000
29812334,2026-09-07T00:14,80325.010000,-0.290400,0.733710,2026-09-07,320.000000,1.558096,0.205881,80358.950000,80325.010000
29812335,2026-09-07T00:15,80275.010000,-0.037200,-0.608626,2026-09-07,394.000000,3.988143,0.103637,80331.060000,80275.000000
29812336,2026-09-07T00:16,80261.200000,-0.438300,-0.790905,2026-09-07,338.000000,2.804108,0.390125,80289.090000,80258.000000
29812337,2026-09-07T00:17,80201.830000,-0.052500,-0.219135,2026-09-07,453.000000,6.327077,0.332089,80265.130000,80182.480000
29812338,2026-09-07T00:18,80191.460000,-0.162200,-0.325489,2026-09-07,301.000000,1.647818,0.380192,80201.830000,80159.090000
29812339,2026-09-07T00:19,80096.460000,-0.696900,-0.315568,2026-09-07,413.000000,5.273880,0.596828,80191.450000,80070.600000
29812340,2026-09-07T00:20,80114.430000,0.769200,0.211939,2026-09-07,405.000000,5.839287,0.794770,80114.440000,80050.000000
29812341,2026-09-07T00:21,80173.210000,0.150700,0.589498,2026-09-07,465.000000,2.984897,0.685512,80183.260000,80111.270000
29812342,2026-09-07T00:22,80189.880000,0.486400,0.374127,2026-09-07,346.000000,2.189714,0.397312,80200.000000,80165.190000
29812343,2026-09-07T00:23,80160.010000,-0.455800,-0.198853,2026-09-07,355.000000,2.400540,0.153384,80205.730000,80138.110000
29812344,2026-09-07T00:24,80173.680000,0.003500,-0.721966,2026-09-07,387.000000,1.779963,0.571367,80185.560000,80129.630000
29812345,2026-09-07T00:25,80174.210000,0.654800,0.198464,2026-09-07,308.000000,1.378119,0.239448,80179.450000,80143.180000
29812346,2026-09-07T00:26,80201.040000,0.581800,-0.526364,2026-09-07,433.000000,0.982859,0.303329,80205.230000,80153.240000
29812347,2026-09-07T00:27,80216.070000,0.350400,-0.392990,2026-09-07,389.000000,1.155189,0.550819,80230.000000,80190.090000
29812348,2026-09-07T00:28,80192.020000,0.596100,0.103698,2026-09-07,370.000000,5.479403,0.328104,80216.070000,80164.500000
29812349,2026-09-07T00:29,80199.460000,0.706300,-0.344069,2026-09-07,272.000000,1.035824,0.226253,80199.470000,80185.410000
29812350,2026-09-07T00:30,80252.210000,0.491300,-0.354683,2026-09-07,514.000000,3.361145,0.442648,80253.080000,80195.590000
29812351,2026-09-07T00:31,80221.930000,0.461600,-0.166069,2026-09-07,283.000000,1.213670,0.352160,80272.730000,80220.980000
29812352,2026-09-07T00:32,80206.450000,-0.210200,-0.295680,2026-09-07,458.000000,6.139721,0.744590,80247.240000,80194.230000
29812353,2026-09-07T00:33,80180.010000,-0.376500,0.489180,2026-09-07,347.000000,3.737565,0.165334,80217.670000,80169.340000
29812354,2026-09-07T00:34,80149.380000,0.185800,-0.669415,2026-09-07,344.000000,0.982235,0.433361,80180.010000,80120.260000
29812355,2026-09-07T00:35,80165.210000,-0.300400,-0.132838,2026-09-07,354.000000,1.057977,0.326594,80184.490000,80136.420000
29812356,2026-09-07T00:36,80163.080000,-0.370900,-0.333137,2026-09-07,307.000000,1.349747,0.288731,80184.490000,80150.600000
29812357,2026-09-07T00:37,80139.790000,-0.278900,-0.433829,2026-09-07,297.000000,1.473923,0.521726,80169.330000,80130.850000
29812358,2026-09-07T00:38,80103.460000,-0.386900,0.032131,2026-09-07,327.000000,3.418673,0.939373,80140.170000,80103.460000
29812359,2026-09-07T00:39,80156.760000,-0.293800,0.888579,2026-09-07,452.000000,2.074273,0.855693,80166.170000,80103.460000
29812360,2026-09-07T00:40,80113.360000,-0.318500,0.712381,2026-09-07,324.000000,1.129784,0.417151,80152.130000,80113.360000
29812361,2026-09-07T00:41,80116.330000,0.169700,-0.145448,2026-09-07,295.000000,1.004441,0.432555,80120.030000,80095.930000
29812362,2026-09-07T00:42,80143.120000,-0.131700,-0.181934,2026-09-07,411.000000,3.927995,0.122861,80167.500000,80116.330000
29812363,2026-09-07T00:43,80155.240000,0.481100,-0.754274,2026-09-07,309.000000,1.682293,0.694210,80163.640000,80120.010000
29812364,2026-09-07T00:44,80135.990000,-0.245000,0.388704,2026-09-07,278.000000,2.283368,0.798294,80153.370000,80130.000000
29812365,2026-09-07T00:45,80139.390000,0.266600,0.598636,2026-09-07,381.000000,3.132989,0.060907,80179.990000,80113.260000
29812366,2026-09-07T00:46,80109.460000,-0.583700,-0.884888,2026-09-07,345.000000,1.212784,0.159054,80165.760000,80109.460000
29812367,2026-09-07T00:47,80179.320000,-0.319000,-0.686153,2026-09-07,506.000000,4.804743,0.886296,80179.320000,80084.250000
29812368,2026-09-07T00:48,80126.420000,-0.377700,0.776304,2026-09-07,289.000000,2.071270,0.106987,80179.310000,80117.110000
29812369,2026-09-07T00:49,80150.960000,-0.306100,-0.786026,2026-09-07,370.000000,0.861154,0.413946,80159.360000,80121.530000
29812370,2026-09-07T00:50,80119.450000,0.063700,-0.337327,2026-09-07,276.000000,1.403905,0.135454,80150.960000,80112.340000
29812371,2026-09-07T00:51,80132.390000,0.922200,-0.572856,2026-09-07,255.000000,0.919266,0.533586,80132.400000,80118.230000
29812372,2026-09-07T00:52,80164.040000,0.182300,-0.011081,2026-09-07,408.000000,1.933484,0.646268,80176.210000,80132.400000
29812373,2026-09-07T00:53,80129.420000,0.043800,0.289296,2026-09-07,378.000000,4.792843,0.129918,80189.300000,80129.420000
29812374,2026-09-07T00:54,80144.010000,0.070600,-0.739944,2026-09-07,312.000000,2.905281,0.799383,80149.650000,80116.460000
29812375,2026-09-07T00:55,80166.980000,0.612900,0.598526,2026-09-07,322.000000,2.191482,0.751353,80175.860000,80127.190000
29812376,2026-09-07T00:56,80123.460000,0.123900,0.502722,2026-09-07,278.000000,1.301724,0.079169,80166.640000,80123.460000
29812377,2026-09-07T00:57,80089.480000,-0.184700,-0.840685,2026-09-07,392.000000,5.225723,0.622258,80136.010000,80057.980000
29812378,2026-09-07T00:58,80087.050000,0.098700,0.251831,2026-09-07,311.000000,2.230434,0.424747,80100.000000,80066.160000
29812379,2026-09-07T00:59,80152.780000,0.315900,-0.177947,2026-09-07,509.000000,3.721992,0.733680,80161.650000,80078.310000
29812380,2026-09-07T01:00,80115.920000,-0.103800,0.467801,2026-09-07,303.000000,1.496984,0.719587,80158.960000,80111.390000
29812381,2026-09-07T01:01,80139.990000,0.254300,0.438567,2026-09-07,338.000000,1.083509,0.194382,80140.000000,80093.980000
29812382,2026-09-07T01:02,80206.170000,0.387400,-0.610530,2026-09-07,506.000000,3.302288,0.716785,80216.530000,80139.990000
29812383,2026-09-07T01:03,80193.700000,0.094500,0.438918,2026-09-07,440.000000,2.335350,0.535957,80245.830000,80159.360000
29812384,2026-09-07T01:04,80216.260000,0.345700,0.058328,2026-09-07,332.000000,1.593438,0.330111,80224.530000,80189.320000
29812385,2026-09-07T01:05,80133.050000,-0.251000,-0.339777,2026-09-07,465.000000,6.639199,0.151894,80243.760000,80089.500000
29812386,2026-09-07T01:06,80089.510000,0.330300,-0.696212,2026-09-07,259.000000,0.312205,0.244429,80133.900000,80089.500000
29812387,2026-09-07T01:07,80056.850000,-0.288500,-0.511143,2026-09-07,373.000000,1.708587,0.556232,80089.510000,80036.480000
29812388,2026-09-07T01:08,80029.620000,0.336600,0.117533,2026-09-07,342.000000,1.185260,0.500888,80067.180000,80013.010000
29812389,2026-09-07T01:09,79979.730000,-0.546000,-0.006041,2026-09-07,362.000000,4.625045,0.624508,80029.630000,79979.720000
29812390,2026-09-07T01:10,79978.240000,-0.374600,0.248918,2026-09-07,353.000000,1.500624,0.487888,79979.730000,79948.310000
29812391,2026-09-07T01:11,80041.110000,-0.314300,-0.053188,2026-09-07,541.000000,4.789541,0.889169,80059.000000,79969.690000
29812392,2026-09-07T01:12,79958.990000,-0.291900,0.795548,2026-09-07,439.000000,5.020567,0.132551,80041.110000,79948.520000
29812393,2026-09-07T01:13,79952.260000,0.381300,-0.734421,2026-09-07,400.000000,7.704888,0.107825,79984.060000,79938.500000
29812394,2026-09-07T01:14,79949.270000,-0.162300,-0.780769,2026-09-07,321.000000,0.862368,0.483445,79963.590000,79940.010000
29812395,2026-09-07T01:15,79889.890000,0.247100,0.022530,2026-09-07,485.000000,4.109297,0.343678,79969.590000,79850.040000
29812396,2026-09-07T01:16,79927.640000,0.276200,-0.334907,2026-09-07,353.000000,1.995955,0.354593,79927.750000,79868.920000
29812397,2026-09-07T01:17,79991.550000,0.455300,-0.288558,2026-09-07,450.000000,1.450091,0.589417,79991.580000,79927.740000
29812398,2026-09-07T01:18,80003.990000,0.505800,0.178204,2026-09-07,329.000000,0.976082,0.338213,80008.630000,79968.720000
29812399,2026-09-07T01:19,79931.650000,-0.453100,-0.415302,2026-09-07,423.000000,5.576306,0.169665,80014.490000,79907.260000
29812400,2026-09-07T01:20,79861.770000,0.149800,-0.651109,2026-09-07,365.000000,2.895265,0.208092,79913.940000,79857.020000
29812401,2026-09-07T01:21,79908.990000,0.204200,-0.583087,2026-09-07,390.000000,2.482302,0.360654,79933.130000,79861.770000
29812402,2026-09-07T01:22,79951.290000,0.772500,-0.279374,2026-09-07,354.000000,1.186549,0.406210,79951.290000,79911.460000
29812403,2026-09-07T01:23,79913.840000,0.360600,-0.187581,2026-09-07,321.000000,0.928171,0.633379,79967.070000,79909.860000
29812404,2026-09-07T01:24,79909.330000,0.070700,0.263557,2026-09-07,272.000000,0.607373,0.461542,79921.820000,79893.640000
29812405,2026-09-07T01:25,79864.430000,0.290300,-0.071135,2026-09-07,355.000000,2.962740,0.289545,79915.960000,79854.790000
29812406,2026-09-07T01:26,79855.020000,-0.335700,-0.441025,2026-09-07,341.000000,2.534903,0.605862,79869.940000,79844.030000
29812407,2026-09-07T01:27,79883.140000,0.030300,0.315081,2026-09-07,349.000000,0.755614,0.681018,79897.160000,79855.000000
29812408,2026-09-07T01:28,79929.170000,-0.417200,0.362036,2026-09-07,439.000000,5.235733,0.813513,79935.670000,79876.140000
29812409,2026-09-07T01:29,79907.800000,-0.182500,0.627062,2026-09-07,291.000000,0.795514,0.131008,79944.720000,79905.200000
29812410,2026-09-07T01:30,79898.830000,-0.423800,-0.733387,2026-09-07,348.000000,1.063704,0.635024,79913.480000,79879.930000
29812411,2026-09-07T01:31,79923.990000,-0.248500,0.268256,2026-09-07,308.000000,0.795950,0.437711,79928.990000,79872.120000
29812412,2026-09-07T01:32,79941.390000,0.823300,-0.124472,2026-09-07,298.000000,0.763184,0.203279,79941.390000,79905.000000
29812413,2026-09-07T01:33,79945.760000,0.583900,-0.355595,2026-09-07,379.000000,0.935061,0.371812,79987.690000,79941.380000
29812414,2026-09-07T01:34,79961.990000,-0.150300,-0.467296,2026-09-07,287.000000,1.217229,0.328032,79964.980000,79942.400000
29812415,2026-09-07T01:35,79943.260000,0.020600,-0.367229,2026-09-07,262.000000,1.660658,0.285043,79962.420000,79938.000000
29812416,2026-09-07T01:36,79922.790000,0.397600,-0.414165,2026-09-07,301.000000,1.710985,0.345514,79954.090000,79909.860000
29812417,2026-09-07T01:37,79934.990000,-0.128400,-0.298027,2026-09-07,288.000000,0.545975,0.385670,79946.990000,79922.800000
29812418,2026-09-07T01:38,79915.400000,-0.003900,-0.257534,2026-09-07,304.000000,0.615182,0.441091,79939.190000,79906.450000
29812419,2026-09-07T01:39,79892.920000,0.073800,-0.119727,2026-09-07,364.000000,2.585248,0.264268,79915.410000,79882.940000
29812420,2026-09-07T01:40,79876.770000,-0.566600,-0.471530,2026-09-07,265.000000,0.707962,0.347443,79894.090000,79876.770000
29812421,2026-09-07T01:41,79837.120000,-0.194700,-0.313442,2026-09-07,346.000000,0.980019,0.416501,79888.650000,79836.820000
29812422,2026-09-07T01:42,79867.990000,0.248100,-0.108261,2026-09-07,288.000000,5.155175,0.918234,79873.850000,79837.410000
29812423,2026-09-07T01:43,79837.830000,0.222000,0.835058,2026-09-07,328.000000,1.549252,0.143230,79868.000000,79820.040000
29812424,2026-09-07T01:44,79846.490000,0.322100,-0.714693,2026-09-07,286.000000,1.008439,0.289268,79850.990000,79829.020000
29812425,2026-09-07T01:45,79884.050000,0.474300,-0.422073,2026-09-07,347.000000,0.328803,0.654816,79889.860000,79848.520000
29812426,2026-09-07T01:46,79868.200000,0.254700,0.137482,2026-09-07,286.000000,0.675573,0.615243,79891.900000,79850.180000
29812427,2026-09-07T01:47,79876.980000,0.125600,0.338031,2026-09-07,305.000000,0.702842,0.490080,79892.460000,79868.190000
29812428,2026-09-07T01:48,79849.980000,-0.023200,-0.282989,2026-09-07,392.000000,3.576953,0.236139,79885.620000,79813.040000
29812429,2026-09-07T01:49,79847.640000,0.045100,-0.493946,2026-09-07,257.000000,0.669681,0.402920,79866.010000,79847.640000
29812430,2026-09-07T01:50,79863.830000,0.427900,-0.194160,2026-09-07,239.000000,0.759436,0.358084,79869.720000,79847.640000
29812431,2026-09-07T01:51,79890.420000,0.276500,-0.283833,2026-09-07,246.000000,0.593459,0.133378,79890.740000,79863.830000
29812432,2026-09-07T01:52,79903.390000,0.080700,-0.733314,2026-09-07,334.000000,2.059640,0.202337,79908.810000,79882.990000
29812433,2026-09-07T01:53,79923.760000,0.427700,-0.595295,2026-09-07,315.000000,0.713108,0.503385,79924.340000,79901.570000
29812434,2026-09-07T01:54,79913.390000,0.764900,0.006771,2026-09-07,262.000000,0.525887,0.910085,79929.450000,79911.870000
29812435,2026-09-07T01:55,79958.930000,-0.464300,0.820169,2026-09-07,468.000000,7.265154,0.896041,79983.010000,79913.390000
29812436,2026-09-07T01:56,79930.430000,-0.094900,0.794850,2026-09-07,272.000000,0.965805,0.311957,79970.780000,79928.950000
29812437,2026-09-07T01:57,79939.800000,0.509700,-0.373366,2026-09-07,282.000000,0.784894,0.805891,79939.810000,79929.190000
29812438,2026-09-07T01:58,79922.140000,0.375000,0.557380,2026-09-07,298.000000,2.199816,0.074991,79946.560000,79915.830000
29812439,2026-09-07T01:59,79923.050000,0.485700,-0.852915,2026-09-07,235.000000,0.718775,0.103664,79923.060000,79917.010000
29812440,2026-09-07T02:00,79915.460000,0.204400,-0.792672,2026-09-07,292.000000,0.907593,0.268075,79917.010000,79913.060000
29812441,2026-09-07T02:01,79927.790000,-0.054300,-0.463850,2026-09-07,236.000000,0.616083,0.932555,79927.800000,79915.460000
29812442,2026-09-07T02:02,79906.930000,-0.013300,0.532949,2026-09-07,244.000000,0.634775,0.656606,79927.800000,79904.260000
29812443,2026-09-07T02:03,79894.290000,0.375300,0.663216,2026-09-07,222.000000,1.490506,0.242851,79920.000000,79891.550000
29812444,2026-09-07T02:04,79879.920000,0.024000,-0.514298,2026-09-07,207.000000,0.763248,0.450008,79895.220000,79876.610000
29812445,2026-09-07T02:05,79867.110000,0.199000,-0.099983,2026-09-07,268.000000,2.048931,0.241679,79883.810000,79850.260000
29812446,2026-09-07T02:06,79851.120000,-0.303400,-0.538397,2026-09-07,206.000000,0.701634,0.227706,79867.110000,79851.120000
29812447,2026-09-07T02:07,79814.990000,-0.176300,-0.471336,2026-09-07,286.000000,4.713595,0.142217,79851.120000,79790.780000
29812448,2026-09-07T02:08,79838.990000,0.550300,-0.706028,2026-09-07,265.000000,1.651402,0.658258,79838.990000,79814.990000
29812449,2026-09-07T02:09,79798.290000,-0.305800,0.305433,2026-09-07,303.000000,2.690352,0.329588,79838.990000,79790.100000
29812450,2026-09-07T02:10,79813.170000,0.756000,-0.340232,2026-09-07,247.000000,1.019776,0.522783,79813.210000,79793.710000
29812451,2026-09-07T02:11,79824.760000,0.702800,0.043560,2026-09-07,265.000000,1.053476,0.482844,79825.490000,79806.330000
29812452,2026-09-07T02:12,79823.640000,0.500100,-0.033582,2026-09-07,214.000000,1.176329,0.130724,79824.770000,79811.590000
29812453,2026-09-07T02:13,79787.740000,0.297000,-0.738549,2026-09-07,262.000000,1.468684,0.302257,79835.060000,79785.390000
29812454,2026-09-07T02:14,79825.550000,0.876200,-0.394330,2026-09-07,284.000000,2.851955,0.862379,79827.740000,79781.150000
29812455,2026-09-07T02:15,79835.990000,0.507300,0.725169,2026-09-07,299.000000,0.491342,0.494537,79850.990000,79825.550000
29812456,2026-09-07T02:16,79853.990000,0.510800,-0.019428,2026-09-07,214.000000,0.805495,0.326318,79853.990000,79835.800000
29812457,2026-09-07T02:17,79869.950000,-0.006400,0.078725,2026-09-07,261.000000,1.183001,0.453213,79892.990000,79853.980000
29812458,2026-09-07T02:18,79933.490000,0.781700,-0.596716,2026-09-07,444.000000,2.293687,0.805319,79933.490000,79869.940000
29812459,2026-09-07T02:19,79948.400000,0.157700,0.610281,2026-09-07,436.000000,3.969955,0.266764,79948.410000,79894.330000
29812460,2026-09-07T02:20,79953.630000,-0.129900,-0.481802,2026-09-07,328.000000,2.029092,0.650928,79974.000000,79939.790000
29812461,2026-09-07T02:21,79943.260000,-0.157600,0.377875,2026-09-07,191.000000,0.770604,0.419444,79956.490000,79940.720000
29812462,2026-09-07T02:22,79930.420000,-0.154600,-0.161176,2026-09-07,302.000000,2.392262,0.774897,79943.260000,79929.820000
29812463,2026-09-07T02:23,79917.170000,-0.282600,0.549831,2026-09-07,290.000000,2.294865,0.503797,79938.610000,79908.010000
29812464,2026-09-07T02:24,79956.330000,-0.688500,0.007595,2026-09-07,346.000000,4.469167,0.699855,79965.000000,79910.230000
29812465,2026-09-07T02:25,79964.740000,-0.545900,0.399710,2026-09-07,268.000000,1.416524,0.341678,79965.000000,79953.010000
29812466,2026-09-07T02:26,79969.740000,0.583300,-0.316643,2026-09-07,335.000000,4.931131,0.862300,79993.090000,79964.720000
29812467,2026-09-07T02:27,79988.730000,0.292000,0.724736,2026-09-07,258.000000,0.748125,0.338276,79993.150000,79964.730000
29812468,2026-09-07T02:28,80014.990000,0.255500,-0.327764,2026-09-07,363.000000,2.204484,0.610923,80015.890000,79988.720000
29812469,2026-09-07T02:29,80010.420000,0.589400,0.221845,2026-09-07,363.000000,4.448502,0.101318,80033.000000,80000.000000
29812470,2026-09-07T02:30,80039.540000,0.740300,-0.796313,2026-09-07,237.000000,0.913968,0.463341,80043.740000,80001.690000
29812471,2026-09-07T02:31,80019.720000,0.139200,-0.071853,2026-09-07,242.000000,0.720249,0.503115,80045.990000,80018.000000
29812472,2026-09-07T02:32,80008.610000,0.205300,0.000974,2026-09-07,160.000000,0.522661,0.117474,80019.760000,80001.410000
29812473,2026-09-07T02:33,80000.690000,-0.379500,-0.764657,2026-09-07,211.000000,0.821106,0.489047,80008.610000,79988.720000
29812474,2026-09-07T02:34,79998.730000,0.486800,0.267555,2026-09-07,214.000000,1.035738,0.642697,80001.800000,79991.720000
29812475,2026-09-07T02:35,80079.020000,0.254100,-0.075854,2026-09-07,420.000000,1.682206,0.705672,80091.900000,79998.720000
29812476,2026-09-07T02:36,80124.920000,0.619800,0.405591,2026-09-07,559.000000,3.519298,0.730519,80160.000000,80074.210000
29812477,2026-09-07T02:37,80137.010000,0.506200,0.475199,2026-09-07,324.000000,2.852128,0.366041,80138.470000,80091.010000
29812478,2026-09-07T02:38,80259.100000,0.754100,-0.262953,2026-09-07,472.000000,4.154080,0.295364,80270.990000,80134.000000
29812479,2026-09-07T02:39,80375.920000,0.090200,-0.413086,2026-09-07,792.000000,9.248757,0.504274,80393.990000,80256.060000
29812480,2026-09-07T02:40,80326.780000,0.469800,0.013970,2026-09-07,419.000000,6.005583,0.621474,80420.910000,80269.140000
29812481,2026-09-07T02:41,80301.290000,0.181700,0.224157,2026-09-07,419.000000,4.609230,0.286689,80379.650000,80289.110000
29812482,2026-09-07T02:42,80306.470000,0.093400,-0.418414,2026-09-07,289.000000,4.703989,0.146370,80342.900000,80298.790000
29812483,2026-09-07T02:43,80266.620000,-0.456100,-0.704223,2026-09-07,345.000000,6.286191,0.608803,80310.100000,80250.000000
29812484,2026-09-07T02:44,80247.400000,-0.325300,0.216364,2026-09-07,306.000000,5.531636,0.501380,80267.600000,80229.490000
29812485,2026-09-07T02:45,80229.210000,-0.163200,-0.000844,2026-09-07,316.000000,4.295641,0.531274,80259.660000,80202.460000
29812486,2026-09-07T02:46,80269.120000,0.042200,0.067912,2026-09-07,349.000000,7.938223,0.684511,80269.140000,80228.930000
29812487,2026-09-07T02:47,80242.580000,-0.225700,0.368997,2026-09-07,320.000000,3.986538,0.390723,80269.130000,80220.300000
29812488,2026-09-07T02:48,80211.070000,-0.453100,-0.218441,2026-09-07,273.000000,5.736111,0.047877,80243.850000,80204.410000
29812489,2026-09-07T02:49,80259.150000,0.561300,-0.904349,2026-09-07,364.000000,10.738561,0.749514,80259.160000,80203.850000
29812490,2026-09-07T02:50,80215.360000,0.189500,0.499029,2026-09-07,309.000000,5.465643,0.168628,80259.160000,80213.950000
29812491,2026-09-07T02:51,80221.670000,0.057200,-0.662772,2026-09-07,300.000000,2.995490,0.645976,80227.270000,80214.560000
29812492,2026-09-07T02:52,80176.230000,-0.115300,0.292395,2026-09-07,297.000000,6.677844,0.064594,80221.670000,80176.220000
29812493,2026-09-07T02:53,80141.900000,0.160700,-0.871195,2026-09-07,363.000000,8.579732,0.136817,80176.220000,80141.900000
29812494,2026-09-07T02:54,80079.900000,-0.008200,-0.726459,2026-09-07,388.000000,6.797968,0.144004,80141.910000,80078.920000
29812495,2026-09-07T02:55,80094.710000,0.386800,-0.709346,2026-09-07,316.000000,2.595762,0.943519,80099.990000,80067.560000
29812496,2026-09-07T02:56,80057.490000,0.419100,0.887776,2026-09-07,291.000000,2.196479,0.496364,80109.460000,80046.570000
29812497,2026-09-07T02:57,79941.620000,-0.205100,-0.492039,2026-09-07,369.000000,11.709406,0.325251,80057.500000,79932.110000
29812498,2026-09-07T02:58,79889.990000,-0.211200,-0.209899,2026-09-07,441.000000,10.082564,0.226708,79946.330000,79872.250000
29812499,2026-09-07T02:59,79863.420000,-0.318100,-0.533573,2026-09-07,520.000000,14.800161,0.464121,79915.000000,79810.060000
29812500,2026-09-07T03:00,79809.570000,0.086800,-0.072934,2026-09-07,675.000000,11.784313,0.548358,79866.350000,79796.490000
29812501,2026-09-07T03:01,79869.640000,-0.080800,0.136838,2026-09-07,491.000000,6.801658,0.577451,79869.650000,79775.000000
29812502,2026-09-07T03:02,79941.450000,0.168200,0.068614,2026-09-07,421.000000,5.711845,0.375100,79954.090000,79869.640000
29812503,2026-09-07T03:03,79934.990000,0.041200,-0.264210,2026-09-07,362.000000,2.344266,0.516516,79974.070000,79929.820000
29812504,2026-09-07T03:04,79967.240000,0.503000,0.028657,2026-09-07,301.000000,1.449224,0.608268,79967.240000,79915.000000
29812505,2026-09-07T03:05,79926.770000,0.103900,0.316697,2026-09-07,284.000000,1.672217,0.455307,79967.250000,79921.160000
29812506,2026-09-07T03:06,79900.010000,0.072000,-0.088947,2026-09-07,249.000000,0.902222,0.346411,79926.780000,79897.210000
29812507,2026-09-07T03:07,79849.990000,0.037400,-0.308615,2026-09-07,332.000000,2.107951,0.587763,79897.220000,79849.980000
29812508,2026-09-07T03:08,79804.790000,0.225800,0.180841,2026-09-07,391.000000,2.483117,0.636357,79849.990000,79784.910000
29812509,2026-09-07T03:09,79813.270000,0.165200,0.270646,2026-09-07,318.000000,1.975623,0.705982,79830.010000,79789.140000
29812510,2026-09-07T03:10,79811.990000,0.354100,0.412346,2026-09-07,365.000000,2.188049,0.632138,79820.000000,79791.100000
29812511,2026-09-07T03:11,79789.800000,-0.210400,0.264577,2026-09-07,325.000000,1.070093,0.406261,79819.790000,79789.800000
29812512,2026-09-07T03:12,79777.710000,-0.222000,-0.191833,2026-09-07,321.000000,1.385013,0.480719,79807.430000,79771.600000
29812513,2026-09-07T03:13,79773.830000,0.302900,-0.036444,2026-09-07,324.000000,2.523245,0.446091,79793.420000,79752.000000
29812514,2026-09-07T03:14,79781.990000,0.288900,-0.109120,2026-09-07,275.000000,0.789817,0.314283,79781.990000,79772.820000
29812515,2026-09-07T03:15,79780.960000,0.106100,-0.418448,2026-09-07,277.000000,0.906351,0.608211,79784.990000,79767.050000
29812516,2026-09-07T03:16,79755.010000,-0.539100,0.159608,2026-09-07,347.000000,2.433435,0.600769,79795.960000,79755.000000
29812517,2026-09-07T03:17,79750.670000,0.121500,0.257548,2026-09-07,331.000000,4.112332,0.107014,79755.020000,79742.240000
29812518,2026-09-07T03:18,79796.150000,0.572000,-0.785998,2026-09-07,383.000000,3.549780,0.302754,79798.150000,79723.100000
29812519,2026-09-07T03:19,79786.670000,0.109600,-0.394680,2026-09-07,293.000000,0.487928,0.602903,79807.480000,79780.420000
29812520,2026-09-07T03:20,79815.980000,0.967700,0.203245,2026-09-07,291.000000,1.648869,0.396645,79815.980000,79783.730000
29812521,2026-09-07T03:21,79818.740000,0.777500,-0.234270,2026-09-07,264.000000,0.730232,0.257614,79820.180000,79814.000000
29812522,2026-09-07T03:22,79815.240000,0.407000,-0.468020,2026-09-07,285.000000,1.508759,0.416109,79823.240000,79791.440000
29812523,2026-09-07T03:23,79807.110000,0.199400,0.066710,2026-09-07,280.000000,1.775129,0.439063,79823.240000,79803.560000
29812524,2026-09-07T03:24,79776.020000,-0.010100,-0.433819,2026-09-07,262.000000,2.007912,0.044040,79807.110000,79767.640000
29812525,2026-09-07T03:25,79724.820000,-0.223000,-0.913143,2026-09-07,300.000000,0.965323,0.322996,79776.990000,79723.100000
29812526,2026-09-07T03:26,79781.400000,0.528300,-0.351631,2026-09-07,377.000000,2.341386,0.802452,79788.970000,79709.940000
29812527,2026-09-07T03:27,79758.290000,-0.144000,0.604618,2026-09-07,211.000000,0.572156,0.388354,79781.410000,79750.180000
29812528,2026-09-07T03:28,79732.490000,0.179500,-0.221663,2026-09-07,216.000000,0.358969,0.080549,79758.290000,79728.040000
29812529,2026-09-07T03:29,79713.790000,0.433800,-0.843660,2026-09-07,255.000000,0.437562,0.491386,79735.520000,79713.780000
29812530,2026-09-07T03:30,79755.140000,0.320500,0.000432,2026-09-07,387.000000,6.120835,0.193458,79757.980000,79710.260000
29812531,2026-09-07T03:31,79695.480000,0.051200,-0.614854,2026-09-07,346.000000,6.583059,0.085110,79755.920000,79693.890000
29812532,2026-09-07T03:32,79712.990000,0.563500,-0.824503,2026-09-07,294.000000,1.136138,0.775873,79712.980000,79683.010000
29812533,2026-09-07T03:33,79758.240000,0.368100,0.544995,2026-09-07,322.000000,1.830137,0.299616,79762.070000,79712.980000
29812534,2026-09-07T03:34,79729.640000,0.436400,-0.413561,2026-09-07,232.000000,0.407519,0.334498,79751.800000,79729.460000
29812535,2026-09-07T03:35,79695.490000,0.379200,0.160793,2026-09-07,377.000000,1.925049,0.417178,79734.010000,79694.000000
29812536,2026-09-07T03:36,79705.830000,-0.015800,-0.389979,2026-09-07,386.000000,6.712616,0.573737,79720.230000,79683.080000
29812537,2026-09-07T03:37,79667.640000,-0.143700,0.148891,2026-09-07,297.000000,0.842338,0.229281,79711.970000,79667.640000
29812538,2026-09-07T03:38,79671.580000,0.570800,-0.559996,2026-09-07,188.000000,0.615095,0.177031,79672.700000,79666.510000
29812539,2026-09-07T03:39,79654.610000,0.324400,-0.599484,2026-09-07,334.000000,1.548389,0.525040,79681.210000,79654.570000
29812540,2026-09-07T03:40,79661.710000,-0.026700,0.038787,2026-09-07,320.000000,2.215550,0.887681,79670.950000,79654.610000
29812541,2026-09-07T03:41,79610.460000,0.195600,0.795454,2026-09-07,461.000000,3.793138,0.464686,79667.200000,79568.920000
29812542,2026-09-07T03:42,79653.960000,-0.283800,-0.135624,2026-09-07,356.000000,1.058290,0.628070,79660.360000,79620.430000
29812543,2026-09-07T03:43,79652.140000,0.887100,0.257425,2026-09-07,299.000000,0.743415,0.205334,79658.090000,79623.090000
29812544,2026-09-07T03:44,79624.650000,-0.210800,-0.597291,2026-09-07,369.000000,1.964768,0.746001,79665.430000,79611.100000
29812545,2026-09-07T03:45,79623.740000,0.197200,0.492383,2026-09-07,396.000000,5.528693,0.705215,79664.820000,79623.530000
29812546,2026-09-07T03:46,79631.520000,0.355200,0.410268,2026-09-07,269.000000,1.169626,0.395945,79653.690000,79623.730000
29812547,2026-09-07T03:47,79654.490000,0.091500,-0.208111,2026-09-07,254.000000,0.792086,0.600400,79654.490000,79627.360000
29812548,2026-09-07T03:48,79643.010000,0.259000,0.174714,2026-09-07,282.000000,0.743407,0.336897,79654.480000,79635.000000
29812549,2026-09-07T03:49,79623.230000,-0.235800,-0.309877,2026-09-07,287.000000,1.360385,0.370932,79642.020000,79623.000000
29812550,2026-09-07T03:50,79643.040000,0.672900,-0.258632,2026-09-07,370.000000,1.724266,0.302655,79643.050000,79606.390000
29812551,2026-09-07T03:51,79610.420000,0.222400,-0.394923,2026-09-07,326.000000,0.149971,0.345841,79642.940000,79609.830000
29812552,2026-09-07T03:52,79611.010000,-0.512900,-0.300984,2026-09-07,306.000000,2.261975,0.868306,79628.100000,79607.580000
29812553,2026-09-07T03:53,79592.990000,0.834500,0.736756,2026-09-07,268.000000,2.279436,0.346716,79607.590000,79560.200000
29812554,2026-09-07T03:54,79643.240000,0.001400,-0.307279,2026-09-07,327.000000,0.914706,0.899672,79651.100000,79592.980000
29812555,2026-09-07T03:55,79665.880000,0.320600,0.799871,2026-09-07,262.000000,1.761283,0.741453,79665.880000,79623.440000
29812556,2026-09-07T03:56,79640.400000,-0.183700,0.481298,2026-09-07,249.000000,4.788413,0.925465,79670.330000,79640.400000
29812557,2026-09-07T03:57,79671.390000,0.253000,0.778440,2026-09-07,394.000000,4.978305,0.711961,79679.230000,79623.010000
29812558,2026-09-07T03:58,79595.170000,0.319800,0.474974,2026-09-07,301.000000,6.124204,0.490843,79674.630000,79595.160000
29812559,2026-09-07T03:59,79580.520000,0.120700,-0.014487,2026-09-07,228.000000,2.562811,0.064455,79610.450000,79580.520000
29812560,2026-09-07T04:00,79606.980000,0.813000,-0.869183,2026-09-07,340.000000,2.440807,0.445785,79607.240000,79555.010000
29812561,2026-09-07T04:01,79609.650000,0.323100,-0.109620,2026-09-07,284.000000,2.470142,0.582783,79637.650000,79600.000000
29812562,2026-09-07T04:02,79580.770000,0.176800,0.165904,2026-09-07,260.000000,1.656054,0.625670,79640.390000,79590.500000
29812563,2026-09-07T04:03,79586.710000,0.224800,0.250390,2026-09-07,276.000000,1.392430,0.699361,79610.200000,79576.430000
29812564,2026-09-07T04:04,79627.890000,0.895100,0.399206,2026-09-07,291.000000,2.194760,0.606918,79630.420000,79586.710000
29812565,2026-09-07T04:05,79617.080000,0.208500,0.187976,2026-09-07,252.000000,8.940908,0.038708,79630.420000,79603.020000
29812566,2026-09-07T04:06,79607.850000,0.150700,-0.921899,2026-09-07,267.000000,2.056949,0.722079,79619.930000,79603.020000
29812567,2026-09-07T04:07,79640.390000,0.758100,0.450466,2026-09-07,285.000000,1.457145,0.852587,79640.390000,79605.790000
29812568,2026-09-07T04:08,79634.260000,0.287700,0.705176,2026-09-07,205.000000,0.220377,0.683226,79645.440000,79629.970000
29812569,2026-09-07T04:09,79635.450000,0.715100,0.368125,2026-09-07,235.000000,2.347445,0.700296,79639.850000,79622.690000
29812570,2026-09-07T04:10,79622.680000,-0.447100,0.400440,2026-09-07,223.000000,0.942944,0.122082,79635.450000,79622.680000
29812571,2026-09-07T04:11,79606.040000,0.315800,-0.774087,2026-09-07,244.000000,1.533589,0.090435,79622.680000,79603.970000
29812572,2026-09-07T04:12,79549.760000,0.309200,-0.809675,2026-09-07,304.000000,5.666672,0.045370,79616.510000,79549.760000
29812573,2026-09-07T04:13,79588.240000,0.331400,-0.908832,2026-09-07,352.000000,6.857382,0.172018,79600.470000,79547.130000
29812574,2026-09-07T04:14,79676.990000,0.673600,-0.656045,2026-09-07,364.000000,2.950915,0.734891,79680.320000,79587.640000
29812575,2026-09-07T04:15,79681.330000,0.537600,0.469248,2026-09-07,283.000000,2.408316,0.545225,79683.740000,79663.510000
29812576,2026-09-07T04:16,79650.390000,-0.442000,0.090244,2026-09-07,265.000000,2.306757,0.660649,79681.210000,79641.010000
29812577,2026-09-07T04:17,79646.490000,-0.215200,0.322176,2026-09-07,235.000000,2.316684,0.676959,79655.990000,79637.920000
29812578,2026-09-07T04:18,79646.480000,0.721600,0.355515,2026-09-07,179.000000,0.138954,0.274441,79651.840000,79646.250000
29812579,2026-09-07T04:19,79683.080000,0.452600,-0.500785,2026-09-07,297.000000,0.379140,0.824201,79683.290000,79646.470000
29812580,2026-09-07T04:20,79684.650000,0.458900,0.647061,2026-09-07,217.000000,0.732783,0.379004,79688.240000,79682.580000
29812581,2026-09-07T04:21,79678.040000,0.379700,-0.241933,2026-09-07,182.000000,0.600789,0.707659,79691.050000,79678.040000
29812582,2026-09-07T04:22,79684.990000,0.165100,0.415299,2026-09-07,235.000000,0.474592,0.548318,79689.360000,79677.920000
29812583,2026-09-07T04:23,79682.850000,-0.042700,0.096956,2026-09-07,190.000000,0.247485,0.403536,79685.000000,79678.040000
29812584,2026-09-07T04:24,79649.790000,-0.287200,-0.193738,2026-09-07,260.000000,2.211778,0.579094,79682.850000,79649.160000
29812585,2026-09-07T04:25,79652.360000,0.554900,0.158187,2026-09-07,217.000000,0.598857,0.106641,79683.630000,79652.330000
29812586,2026-09-07T04:26,79654.640000,0.766100,-0.786731,2026-09-07,178.000000,0.356006,0.143124,79654.640000,79650.970000
29812587,2026-09-07T04:27,79678.960000,-0.321600,-0.717781,2026-09-07,236.000000,1.035702,0.850121,79688.120000,79654.630000
29812588,2026-09-07T04:28,79600.490000,-0.277100,0.710906,2026-09-07,263.000000,5.483417,0.143967,79680.310000,79600.480000
29812589,2026-09-07T04:29,79592.510000,-0.284500,-0.614434,2026-09-07,330.000000,5.986630,0.712713,79648.360000,79590.500000
29812590,2026-09-07T04:30,79560.570000,0.262600,0.417002,2026-09-07,217.000000,0.913918,0.626178,79616.700000,79560.560000
29812591,2026-09-07T04:31,79601.010000,0.402300,0.277134,2026-09-07,233.000000,0.674761,0.829136,79612.190000,79560.570000
29812592,2026-09-07T04:32,79593.730000,0.558000,0.641162,2026-09-07,194.000000,0.814706,0.095567,79605.090000,79592.810000
29812593,2026-09-07T04:33,79597.790000,0.514200,-0.813073,2026-09-07,244.000000,0.444945,0.614392,79631.330000,79593.720000
29812594,2026-09-07T04:34,79605.610000,0.227200,0.226986,2026-09-07,217.000000,0.528565,0.317915,79605.610000,79596.820000
29812595,2026-09-07T04:35,79560.540000,0.419000,-0.363384,2026-09-07,369.000000,9.638990,0.166662,79605.610000,79531.730000
29812596,2026-09-07T04:36,79598.860000,0.671500,-0.674353,2026-09-07,267.000000,1.213385,0.296419,79602.960000,79560.540000
29812597,2026-09-07T04:37,79630.420000,0.720600,-0.288596,2026-09-07,290.000000,1.527699,0.472625,79630.420000,79587.250000
29812598,2026-09-07T04:38,79622.140000,0.446500,-0.132964,2026-09-07,231.000000,1.106160,0.704317,79638.010000,79604.260000
29812599,2026-09-07T04:39,79606.480000,-0.418000,0.650707,2026-09-07,197.000000,0.823762,0.136023,79622.150000,79605.930000
29812600,2026-09-07T04:40,79622.930000,0.418800,-0.725145,2026-09-07,351.000000,5.849081,0.782296,79628.050000,79571.970000
29812601,2026-09-07T04:41,79620.490000,0.786800,0.564499,2026-09-07,236.000000,0.961401,0.606485,79628.990000,79608.570000
29812602,2026-09-07T04:42,79606.620000,0.014500,0.212971,2026-09-07,223.000000,0.545396,0.311342,79620.500000,79605.820000
29812603,2026-09-07T04:43,79642.050000,0.525200,-0.377319,2026-09-07,265.000000,1.109391,0.804813,79651.810000,79606.620000
29812604,2026-09-07T04:44,79667.990000,0.395900,0.503255,2026-09-07,296.000000,2.128945,0.514618,79680.000000,79642.050000
29812605,2026-09-07T04:45,79683.760000,0.818700,0.037986,2026-09-07,270.000000,1.496071,0.350341,79683.760000,79658.010000
29812606,2026-09-07T04:46,79668.080000,0.386200,-0.270902,2026-09-07,353.000000,3.834386,0.021934,79712.790000,79664.090000
29812607,2026-09-07T04:47,79682.620000,0.059200,-0.955691,2026-09-07,201.000000,0.338947,0.832980,79691.600000,79667.760000
29812608,2026-09-07T04:48,79675.420000,-0.156700,0.669742,2026-09-07,221.000000,0.784668,0.655477,79701.910000,79675.140000
29812609,2026-09-07T04:49,79681.580000,-0.428700,0.306760,2026-09-07,280.000000,1.239361,0.407062,79709.980000,79675.420000
29812610,2026-09-07T04:50,79681.580000,0.083300,-0.185875,2026-09-07,181.000000,0.411567,0.656938,79681.580000,79670.340000
29812611,2026-09-07T04:51,79673.320000,0.008000,0.316725,2026-09-07,183.000000,0.361522,0.427548,79693.570000,79673.330000
29812612,2026-09-07T04:52,79652.260000,0.232200,-0.150365,2026-09-07,178.000000,0.557897,0.593295,79673.320000,79652.260000
29812613,2026-09-07T04:53,79663.890000,-0.045700,0.189186,2026-09-07,175.000000,0.440246,0.625477,79669.340000,79652.260000
29812614,2026-09-07T04:54,79639.400000,0.254800,0.247902,2026-09-07,183.000000,0.788475,0.211282,79663.880000,79634.400000
29812615,2026-09-07T04:55,79670.350000,-0.188100,-0.525222,2026-09-07,510.000000,5.559955,0.623824,79710.970000,79634.400000
29812616,2026-09-07T04:56,79679.950000,0.365100,0.243978,2026-09-07,217.000000,1.591409,0.623966,79681.840000,79653.080000
29812617,2026-09-07T04:57,79707.040000,0.959300,0.247933,2026-09-07,204.000000,1.281250,0.113942,79710.000000,79679.940000
29812618,2026-09-07T04:58,79714.350000,0.345700,-0.772116,2026-09-07,258.000000,1.016726,0.092439,79722.200000,79699.660000
29812619,2026-09-07T04:59,79708.490000,0.203600,-0.815142,2026-09-07,171.000000,0.310961,0.110985,79714.350000,79708.490000
29812620,2026-09-07T05:00,79702.210000,0.213100,-0.763197,2026-09-07,213.000000,1.418267,0.491470,79708.500000,79690.300000
29812621,2026-09-07T05:01,79727.900000,-0.028300,-0.018885,2026-09-07,341.000000,1.298971,0.367537,79731.880000,79702.200000
29812622,2026-09-07T05:02,79703.950000,-0.399900,-0.262813,2026-09-07,199.000000,0.881389,0.024294,79723.990000,79703.930000
29812623,2026-09-07T05:03,79705.680000,0.394300,-0.956234,2026-09-07,219.000000,0.894026,0.657792,79716.010000,79700.280000
29812624,2026-09-07T05:04,79748.110000,0.580300,0.314948,2026-09-07,353.000000,0.729581,0.673726,79748.110000,79706.140000
29812625,2026-09-07T05:05,79758.280000,0.311300,0.348300,2026-09-07,218.000000,0.809714,0.254917,79764.400000,79740.150000
29812626,2026-09-07T05:06,79710.040000,0.195700,-0.490194,2026-09-07,242.000000,2.221551,0.319383,79758.540000,79701.260000
29812627,2026-09-07T05:07,79701.760000,-0.180600,-0.361072,2026-09-07,138.000000,0.859524,0.479761,79724.850000,79701.760000
29812628,2026-09-07T05:08,79706.760000,0.476900,-0.041815,2026-09-07,199.000000,0.806720,0.440566,79714.560000,79693.230000
29812629,2026-09-07T05:09,79726.540000,0.518300,-0.117889,2026-09-07,226.000000,0.559184,0.962093,79726.540000,79693.490000
29812630,2026-09-07T05:10,79696.400000,-0.008000,0.924450,2026-09-07,186.000000,0.212636,0.491198,79727.990000,79696.410000
29812631,2026-09-07T05:11,79683.050000,0.101400,0.025826,2026-09-07,189.000000,0.402514,0.629318,79713.450000,79676.250000
29812632,2026-09-07T05:12,79654.010000,0.025600,0.305163,2026-09-07,344.000000,5.077499,0.429643,79685.990000,79650.970000
29812633,2026-09-07T05:13,79746.960000,0.058500,-0.148981,2026-09-07,543.000000,15.283002,0.530504,79746.970000,79654.000000
29812634,2026-09-07T05:14,79763.990000,-0.173600,0.060863,2026-09-07,208.000000,0.625561,0.467384,79763.990000,79746.960000
29812635,2026-09-07T05:15,79814.990000,0.445400,-0.022987,2026-09-07,406.000000,2.934136,0.395989,79816.910000,79747.500000
29812636,2026-09-07T05:16,79801.980000,0.365400,-0.219046,2026-09-07,152.000000,0.292871,0.739232,79817.990000,79801.980000
29812637,2026-09-07T05:17,79838.610000,0.006600,0.479765,2026-09-07,259.000000,1.581131,0.452694,79851.560000,79801.980000
29812638,2026-09-07T05:18,79819.430000,0.315500,-0.095120,2026-09-07,233.000000,0.665503,0.268077,79859.960000,79819.430000
29812639,2026-09-07T05:19,79824.460000,0.557900,-0.213940,2026-09-07,232.000000,0.501243,0.762773,79825.490000,79810.060000
29812640,2026-09-07T05:20,79801.150000,-0.212100,0.347089,2026-09-07,142.000000,0.589542,0.629228,79824.460000,79800.090000
29812641,2026-09-07T05:21,79802.990000,-0.001800,-0.556124,2026-09-07,158.000000,1.314876,0.128563,79803.700000,79791.870000
29812642,2026-09-07T05:22,79825.960000,-0.242000,0.538800,2026-09-07,350.000000,1.020911,0.466064,79843.960000,79802.990000
29812643,2026-09-07T05:23,79852.490000,0.564400,-0.113410,2026-09-07,208.000000,0.818954,0.451518,79855.700000,79825.960000
29812644,2026-09-07T05:24,79862.730000,0.413000,-0.092319,2026-09-07,180.000000,0.264357,0.149707,79869.940000,79854.300000
29812645,2026-09-07T05:25,79883.210000,0.236700,-0.719690,2026-09-07,367.000000,1.568094,0.649910,79913.150000,79862.730000
29812646,2026-09-07T05:26,79839.140000,-0.453200,0.299525,2026-09-07,205.000000,1.338897,0.264606,79883.220000,79839.140000
29812647,2026-09-07T05:27,79854.580000,0.423000,-0.470389,2026-09-07,293.000000,1.808404,0.534379,79855.970000,79821.010000
29812648,2026-09-07T05:28,79849.990000,0.605800,0.068905,2026-09-07,292.000000,5.399774,0.468535,79854.590000,79809.800000
29812649,2026-09-07T05:29,79846.070000,-0.360700,-0.063063,2026-09-07,177.000000,0.937198,0.321365,79849.990000,79823.850000
29812650,2026-09-07T05:30,79828.110000,0.505500,-0.391923,2026-09-07,193.000000,0.968206,0.407973,79846.060000,79811.000000
29812651,2026-09-07T05:31,79836.790000,0.055700,-0.133466,2026-09-07,173.000000,0.976417,0.504133,79849.980000,79828.100000
29812652,2026-09-07T05:32,79828.110000,0.069700,0.007955,2026-09-07,82.000000,0.404116,0.079679,79836.800000,79828.110000
29812653,2026-09-07T05:33,79820.040000,0.481800,-0.841192,2026-09-07,86.000000,0.356804,0.483310,79828.110000,79820.040000
29812654,2026-09-07T05:34,79820.770000,-0.106900,-0.032703,2026-09-07,201.000000,1.248909,0.689260,79838.290000,79820.040000
29812655,2026-09-07T05:35,79830.010000,0.170200,0.378404,2026-09-07,311.000000,7.082815,0.226157,79835.110000,79790.100000
29812656,2026-09-07T05:36,79831.080000,0.074500,-0.540833,2026-09-07,202.000000,1.601497,0.445104,79849.980000,79826.320000
29812657,2026-09-07T05:37,79843.180000,0.469900,-0.011078,2026-09-07,194.000000,0.697935,0.746218,79849.980000,79831.070000
29812658,2026-09-07T05:38,79849.960000,0.570900,0.305506,2026-09-07,150.000000,0.887289,0.668770,79849.970000,79840.340000
29812659,2026-09-07T05:39,79842.320000,0.339500,0.315043,2026-09-07,80.000000,0.407233,0.186309,79849.970000,79839.490000
29812660,2026-09-07T05:40,79827.480000,-0.005400,-0.612492,2026-09-07,152.000000,1.227393,0.317627,79842.320000,79827.470000
29812661,2026-09-07T05:41,79842.320000,0.478600,-0.364872,2026-09-07,175.000000,0.453970,0.933039,79842.320000,79827.470000
29812662,2026-09-07T05:42,79849.990000,-0.636000,0.866080,2026-09-07,194.000000,0.258640,0.975709,79850.000000,79842.310000
29812663,2026-09-07T05:43,79842.400000,-0.027300,0.949835,2026-09-07,193.000000,2.776451,0.024322,79850.000000,79835.710000
29812664,2026-09-07T05:44,79847.990000,-0.073900,-0.951353,2026-09-07,224.000000,1.234267,0.255686,79847.990000,79837.690000
29812665,2026-09-07T05:45,79822.820000,0.041400,-0.488613,2026-09-07,269.000000,3.616797,0.059126,79847.990000,79823.480000
29812666,2026-09-07T05:46,79844.990000,-0.042200,-0.881328,2026-09-07,246.000000,2.516710,0.817216,79845.000000,79822.810000
29812667,2026-09-07T05:47,79841.510000,-0.100200,0.634289,2026-09-07,221.000000,1.612065,0.375428,79844.990000,79825.640000
29812668,2026-09-07T05:48,79843.610000,-0.122200,-0.249127,2026-09-07,189.000000,0.353070,0.944263,79843.610000,79836.090000
29812669,2026-09-07T05:49,79830.010000,0.917500,0.884470,2026-09-07,174.000000,0.689038,0.604808,79843.600000,79830.010000
29812670,2026-09-07T05:50,79784.140000,-0.133600,0.211632,2026-09-07,181.000000,1.588144,0.137727,79836.930000,79784.130000
29812671,2026-09-07T05:51,79779.100000,0.042100,-0.723473,2026-09-07,96.000000,0.650004,0.400489,79784.140000,79773.590000
29812672,2026-09-07T05:52,79829.960000,0.297500,-0.201949,2026-09-07,180.000000,0.686797,0.785067,79829.970000,79779.100000
29812673,2026-09-07T05:53,79800.080000,0.007400,0.522541,2026-09-07,101.000000,0.175583,0.256777,79829.970000,79800.080000
29812674,2026-09-07T05:54,79763.980000,-0.019100,-0.421625,2026-09-07,158.000000,0.644656,0.155448,79800.080000,79768.210000
29812675,2026-09-07T05:55,79757.430000,-0.354900,-0.686115,2026-09-07,93.000000,0.271533,0.790267,79763.180000,79757.430000
29812676,2026-09-07T05:56,79754.200000,-0.362000,0.580121,2026-09-07,148.000000,0.258449,0.712166,79761.700000,79754.190000
29812677,2026-09-07T05:57,79756.340000,0.261500,0.423985,2026-09-07,183.000000,0.528611,0.766636,79762.250000,79751.960000
29812678,2026-09-07T05:58,79745.620000,0.133700,0.533684,2026-09-07,136.000000,0.528660,0.068469,79755.560000,79741.520000
29812679,2026-09-07T05:59,79740.210000,-0.661100,-0.866210,2026-09-07,183.000000,0.567254,0.439681,79757.420000,79740.200000
29812680,2026-09-07T06:00,79740.180000,-0.419000,-0.115560,2026-09-07,108.000000,0.512096,0.261617,79740.210000,79734.010000
29812681,2026-09-07T06:01,79748.120000,-0.204500,-0.484296,2026-09-07,165.000000,0.726642,0.760956,79750.600000,79730.230000
29812682,2026-09-07T06:02,79748.120000,0.339100,0.510772,2026-09-07,131.000000,1.007420,0.708255,79748.130000,79735.740000
29812683,2026-09-07T06:03,79763.070000,-0.032300,0.457094,2026-09-07,237.000000,0.819496,0.737181,79769.250000,79748.120000
29812684,2026-09-07T06:04,79805.240000,0.745100,0.432143,2026-09-07,199.000000,0.944938,0.512833,79805.230000,79763.060000
29812685,2026-09-07T06:05,79807.490000,0.808400,0.025666,2026-09-07,273.000000,1.759925,0.533107,79819.470000,79789.680000
29812686,2026-09-07T06:06,79791.760000,0.159300,0.066215,2026-09-07,209.000000,0.597011,0.266436,79817.960000,79791.760000
29812687,2026-09-07T06:07,79770.140000,0.089200,-0.471510,2026-09-07,210.000000,0.977775,0.170632,79791.770000,79752.790000
29812688,2026-09-07T06:08,79768.110000,0.508600,-0.657003,2026-09-07,172.000000,1.157472,0.314873,79770.150000,79762.370000
29812689,2026-09-07T06:09,79783.290000,-0.083900,-0.370038,2026-09-07,292.000000,1.200073,0.725415,79804.970000,79768.110000
29812690,2026-09-07T06:10,79772.790000,0.179500,0.450747,2026-09-07,121.000000,0.207739,0.358563,79783.290000,79770.140000
29812691,2026-09-07T06:11,79778.990000,0.368000,-0.282862,2026-09-07,197.000000,0.752959,0.727756,79778.990000,79760.160000
29812692,2026-09-07T06:12,79787.040000,-0.110300,0.555789,2026-09-07,235.000000,0.595824,0.530232,79799.990000,79778.980000
29812693,2026-09-07T06:13,79788.490000,-0.048000,-0.316013,2026-09-07,163.000000,0.337024,0.468181,79797.890000,79786.880000
29812694,2026-09-07T06:14,79797.890000,0.133100,0.202000,2026-09-07,187.000000,0.386523,0.470860,79797.890000,79788.480000
29812695,2026-09-07T06:15,79779.520000,-0.047800,-0.494258,2026-09-07,176.000000,1.021085,0.082390,79797.890000,79770.140000
29812696,2026-09-07T06:16,79770.010000,0.137900,-0.835092,2026-09-07,83.000000,0.256945,0.639156,79779.530000,79770.010000
29812697,2026-09-07T06:17,79750.180000,0.266300,0.278313,2026-09-07,167.000000,0.515707,0.163375,79770.010000,79750.180000
29812698,2026-09-07T06:18,79725.960000,0.308100,-0.673249,2026-09-07,202.000000,1.516495,0.032322,79750.190000,79716.020000
29812699,2026-09-07T06:19,79710.260000,0.309700,-0.935355,2026-09-07,230.000000,1.237085,0.740055,79740.200000,79692.000000
29812700,2026-09-07T06:20,79682.460000,0.272400,0.480110,2026-09-07,143.000000,1.669255,0.216821,79710.270000,79680.330000
29812701,2026-09-07T06:21,79706.900000,0.674700,-0.412730,2026-09-07,234.000000,0.951073,0.854938,79706.910000,79682.460000
29812702,2026-09-07T06:22,79716.860000,0.107200,0.641442,2026-09-07,243.000000,1.392525,0.824165,79730.220000,79706.900000
29812703,2026-09-07T06:23,79733.990000,0.506400,0.648330,2026-09-07,166.000000,0.958343,0.660094,79733.990000,79709.800000
29812704,2026-09-07T06:24,79746.900000,0.506300,0.320187,2026-09-07,233.000000,1.001141,0.771040,79746.910000,79731.030000
29812705,2026-09-07T06:25,79700.290000,0.406800,0.542081,2026-09-07,162.000000,0.924002,0.036868,79746.560000,79700.290000
29812706,2026-09-07T06:26,79710.260000,-0.241000,-0.926264,2026-09-07,262.000000,2.569671,0.080656,79762.510000,79700.290000
29812707,2026-09-07T06:27,79704.240000,0.501800,-0.838687,2026-09-07,170.000000,0.621228,0.601302,79710.270000,79698.890000
29812708,2026-09-07T06:28,79700.490000,-0.316000,0.202604,2026-09-07,176.000000,0.395840,0.407931,79705.730000,79700.170000
29812709,2026-09-07T06:29,79702.730000,0.374000,-0.180367,2026-09-07,101.000000,0.399356,0.290281,79703.200000,79697.670000
29812710,2026-09-07T06:30,79728.170000,-0.307000,-0.413748,2026-09-07,236.000000,0.558672,0.432208,79731.630000,79702.720000
29812711,2026-09-07T06:31,79717.580000,-0.040100,-0.149483,2026-09-07,207.000000,3.341261,0.962734,79728.170000,79694.880000
29812712,2026-09-07T06:32,79689.640000,0.060400,0.894455,2026-09-07,266.000000,6.514326,0.066089,79728.170000,79672.270000
29812713,2026-09-07T06:33,79687.480000,0.368400,-0.866576,2026-09-07,60.000000,0.039399,0.749332,79689.650000,79687.150000
29812714,2026-09-07T06:34,79706.240000,0.903000,0.494714,2026-09-07,267.000000,0.694715,0.724577,79706.240000,79679.090000
29812715,2026-09-07T06:35,79706.240000,0.743300,0.449154,2026-09-07,84.000000,0.282248,0.202141,79706.240000,79699.060000
29812716,2026-09-07T06:36,79716.520000,0.323200,-0.599366,2026-09-07,112.000000,0.176264,0.350123,79719.480000,79706.220000
29812717,2026-09-07T06:37,79679.080000,-0.035500,-0.283238,2026-09-07,180.000000,3.048247,0.026249,79727.990000,79679.080000
29812718,2026-09-07T06:38,79679.710000,0.179400,-0.947813,2026-09-07,90.000000,0.203058,0.460425,79683.200000,79673.690000
29812719,2026-09-07T06:39,79679.710000,0.703000,-0.076788,2026-09-07,64.000000,0.209710,0.937963,79679.710000,79679.700000
29812720,2026-09-07T06:40,79691.640000,0.539900,0.875933,2026-09-07,195.000000,0.462478,0.792153,79692.000000,79679.700000
29812721,2026-09-07T06:41,79688.070000,0.096300,0.572512,2026-09-07,178.000000,1.135549,0.346701,79706.240000,79686.840000
29812722,2026-09-07T06:42,79679.710000,0.244800,-0.303721,2026-09-07,208.000000,0.271659,0.443511,79688.070000,79679.700000
29812723,2026-09-07T06:43,79667.350000,0.532200,-0.102992,2026-09-07,243.000000,2.873887,0.142720,79679.710000,79635.440000
29812724,2026-09-07T06:44,79659.580000,0.258800,-0.716420,2026-09-07,63.000000,0.278174,0.309302,79667.350000,79659.570000
29812725,2026-09-07T06:45,79651.140000,-0.133500,-0.382569,2026-09-07,117.000000,0.164596,0.098758,79659.580000,79651.140000
29812726,2026-09-07T06:46,79662.670000,0.154300,-0.802047,2026-09-07,195.000000,0.717331,0.747306,79662.830000,79651.140000
29812727,2026-09-07T06:47,79652.760000,0.045700,0.494956,2026-09-07,142.000000,0.371094,0.346873,79662.670000,79651.990000
29812728,2026-09-07T06:48,79664.900000,0.553300,-0.306254,2026-09-07,119.000000,1.165464,0.236733,79665.000000,79652.750000
29812729,2026-09-07T06:49,79651.990000,0.055600,-0.526535,2026-09-07,172.000000,0.503740,0.282808,79672.370000,79651.990000
29812730,2026-09-07T06:50,79670.670000,0.292600,-0.434383,2026-09-07,79.000000,0.217924,0.997064,79670.670000,79651.990000
29812731,2026-09-07T06:51,79657.020000,0.234200,0.994128,2026-09-07,137.000000,0.381507,0.120378,79670.670000,79651.000000
29812732,2026-09-07T06:52,79657.350000,0.168500,-0.759302,2026-09-07,165.000000,0.281873,0.310169,79659.070000,79656.920000
29812733,2026-09-07T06:53,79657.670000,0.399300,-0.379661,2026-09-07,180.000000,0.282926,0.117438,79657.670000,79656.320000
29812734,2026-09-07T06:54,79661.610000,0.709900,-0.765125,2026-09-07,173.000000,0.360251,0.172408,79664.970000,79657.660000
29812735,2026-09-07T06:55,79659.850000,0.330900,-0.655184,2026-09-07,145.000000,0.603716,0.130322,79662.700000,79653.940000
29812736,2026-09-07T06:56,79662.580000,0.032400,-0.739356,2026-09-07,171.000000,0.525059,0.328903,79664.420000,79659.840000
29812737,2026-09-07T06:57,79643.140000,0.448800,-0.340643,2026-09-07,185.000000,1.686558,0.151509,79669.820000,79643.130000
29812738,2026-09-07T06:58,79664.200000,0.323900,-0.696977,2026-09-07,206.000000,0.645191,0.636596,79665.390000,79643.130000
29812739,2026-09-07T06:59,79645.510000,-0.107500,0.274884,2026-09-07,148.000000,0.671096,0.458247,79667.090000,79645.510000
29812740,2026-09-07T07:00,79629.670000,0.146300,-0.079721,2026-09-07,167.000000,0.676589,0.184603,79645.520000,79623.110000
29812741,2026-09-07T07:01,79625.240000,0.185600,-0.641468,2026-09-07,119.000000,0.522754,0.425607,79633.680000,79620.580000
29812742,2026-09-07T07:02,79622.730000,0.421300,-0.148785,2026-09-07,233.000000,1.283637,0.550613,79650.380000,79602.250000
29812743,2026-09-07T07:03,79615.290000,-0.563500,0.101304,2026-09-07,259.000000,1.301199,0.344735,79639.640000,79583.110000
29812744,2026-09-07T07:04,79576.510000,0.247700,-0.327713,2026-09-07,181.000000,0.740439,0.131955,79615.280000,79573.800000
29812745,2026-09-07T07:05,79599.680000,0.471800,-0.723766,2026-09-07,238.000000,1.990322,0.404290,79606.530000,79572.480000
29812746,2026-09-07T07:06,79625.240000,0.810700,-0.191509,2026-09-07,284.000000,1.896009,0.425088,79625.240000,79571.780000
29812747,2026-09-07T07:07,79655.990000,0.127500,-0.218901,2026-09-07,264.000000,0.903226,0.453699,79659.990000,79620.730000
29812748,2026-09-07T07:08,79664.990000,0.522500,0.087746,2026-09-07,162.000000,1.454572,0.477452,79664.990000,79639.610000
29812749,2026-09-07T07:09,79674.360000,0.383700,-0.033086,2026-09-07,169.000000,0.236689,0.402600,79680.000000,79664.980000
29812750,2026-09-07T07:10,79663.510000,0.509500,-0.194799,2026-09-07,169.000000,0.482742,0.106682,79676.190000,79663.500000
29812751,2026-09-07T07:11,79652.390000,0.110900,-0.786637,2026-09-07,182.000000,0.653165,0.072028,79662.500000,79640.680000
29812752,2026-09-07T07:12,79636.860000,0.149800,-0.855945,2026-09-07,236.000000,3.032663,0.111120,79645.920000,79600.480000
29812753,2026-09-07T07:13,79611.670000,0.115200,-0.777759,2026-09-07,138.000000,0.559823,0.251786,79654.490000,79611.680000
29812754,2026-09-07T07:14,79603.650000,-0.019600,-0.496429,2026-09-07,160.000000,0.219039,0.339548,79611.680000,79600.490000
29812755,2026-09-07T07:15,79607.890000,0.691100,-0.320904,2026-09-07,252.000000,1.445998,0.668492,79611.630000,79582.280000
29812756,2026-09-07T07:16,79606.880000,-0.117900,0.336983,2026-09-07,202.000000,1.629059,0.096827,79625.000000,79597.330000
29812757,2026-09-07T07:17,79590.510000,-0.292000,-0.806346,2026-09-07,173.000000,1.109880,0.519934,79612.700000,79590.510000
29812758,2026-09-07T07:18,79581.020000,-0.445800,0.055781,2026-09-07,135.000000,0.935371,0.335946,79590.510000,79581.020000
29812759,2026-09-07T07:19,79562.420000,-0.219200,-0.355208,2026-09-07,238.000000,4.056716,0.439731,79581.020000,79555.210000
29812760,2026-09-07T07:20,79573.830000,0.305900,-0.097704,2026-09-07,175.000000,1.981898,0.270509,79573.830000,79562.410000
29812761,2026-09-07T07:21,79557.080000,0.030600,-0.523866,2026-09-07,196.000000,1.872263,0.015635,79573.830000,79547.180000
29812762,2026-09-07T07:22,79530.610000,-0.354900,-0.968730,2026-09-07,330.000000,7.069608,0.208818,79556.740000,79462.930000
29812763,2026-09-07T07:23,79469.800000,-0.444600,-0.582365,2026-09-07,283.000000,3.887442,0.264730,79544.960000,79460.770000
29812764,2026-09-07T07:24,79460.760000,0.221500,-0.470540,2026-09-07,311.000000,5.946252,0.657918,79469.810000,79432.240000
29812765,2026-09-07T07:25,79546.490000,0.854900,0.219291,2026-09-07,387.000000,4.471112,0.611815,79546.490000,79435.700000
29812766,2026-09-07T07:26,79493.320000,0.260800,0.367702,2026-09-07,259.000000,1.708845,0.319953,79559.360000,79490.700000
29812767,2026-09-07T07:27,79427.930000,0.477000,-0.360351,2026-09-07,272.000000,3.130481,0.181417,79500.130000,79411.000000
29812768,2026-09-07T07:28,79416.070000,-0.295200,-0.637165,2026-09-07,202.000000,0.651838,0.256984,79427.940000,79415.020000
29812769,2026-09-07T07:29,79416.360000,0.241200,-0.486080,2026-09-07,282.000000,2.560375,0.163311,79426.940000,79389.090000
29812770,2026-09-07T07:30,79458.080000,0.258300,-0.665450,2026-09-07,360.000000,1.550554,0.265478,79469.120000,79373.010000
29812771,2026-09-07T07:31,79494.740000,0.493900,-0.397516,2026-09-07,220.000000,0.711838,0.421636,79494.740000,79458.080000
29812772,2026-09-07T07:32,79467.120000,-0.449700,-0.478409,2026-09-07,218.000000,1.605250,0.194821,79503.730000,79467.130000
29812773,2026-09-07T07:33,79329.170000,-0.306800,-0.801461,2026-09-07,829.000000,27.461514,0.248819,79467.130000,79195.480000
29812774,2026-09-07T07:34,79312.900000,-0.230300,-0.468862,2026-09-07,437.000000,6.862569,0.420768,79384.230000,79281.130000
29812775,2026-09-07T07:35,79227.010000,-0.440600,-0.162072,2026-09-07,350.000000,5.006917,0.269100,79333.500000,79227.020000
29812776,2026-09-07T07:36,79285.300000,0.467600,-0.459010,2026-09-07,349.000000,3.723179,0.558540,79287.430000,79211.260000
29812777,2026-09-07T07:37,79249.860000,-0.190100,0.091862,2026-09-07,194.000000,1.727487,0.603896,79287.420000,79244.200000
29812778,2026-09-07T07:38,79251.180000,-0.476100,0.271050,2026-09-07,257.000000,1.757500,0.567910,79287.430000,79249.860000
29812779,2026-09-07T07:39,79195.390000,-0.055600,0.099515,2026-09-07,374.000000,3.911121,0.253735,79265.000000,79180.530000
29812780,2026-09-07T07:40,79133.700000,0.018300,-0.490814,2026-09-07,497.000000,7.125825,0.484685,79202.200000,79100.000000
29812781,2026-09-07T07:41,79088.600000,-0.559400,-0.030387,2026-09-07,903.000000,23.632074,0.236994,79140.020000,78992.010000
29812782,2026-09-07T07:42,79248.290000,-0.181300,-0.530053,2026-09-07,581.000000,9.991771,0.752148,79248.520000,79073.340000
29812783,2026-09-07T07:43,79248.610000,0.130900,0.534713,2026-09-07,345.000000,1.596953,0.377159,79270.000000,79214.800000
29812784,2026-09-07T07:44,79266.930000,0.931800,-0.176205,2026-09-07,274.000000,1.661961,0.277899,79271.140000,79247.250000
29812785,2026-09-07T07:45,79320.110000,-0.358000,-0.528467,2026-09-07,571.000000,4.943357,0.618359,79360.020000,79267.900000
29812786,2026-09-07T07:46,79301.360000,-0.087600,0.235767,2026-09-07,243.000000,1.094972,0.139766,79318.090000,79297.330000
29812787,2026-09-07T07:47,79308.580000,-0.407600,-0.720454,2026-09-07,276.000000,1.362008,0.126877,79331.020000,79302.470000
29812788,2026-09-07T07:48,79329.240000,0.003000,-0.750924,2026-09-07,209.000000,0.733684,0.746577,79334.990000,79302.610000
29812789,2026-09-07T07:49,79349.490000,0.548900,0.546898,2026-09-07,195.000000,0.402206,0.422997,79355.470000,79329.230000
29812790,2026-09-07T07:50,79313.010000,0.057000,-0.158929,2026-09-07,228.000000,2.039045,0.208827,79360.950000,79303.430000
29812791,2026-09-07T07:51,79344.430000,0.133100,-0.581862,2026-09-07,229.000000,1.134124,0.357078,79350.000000,79313.010000
29812792,2026-09-07T07:52,79380.920000,0.776300,-0.285844,2026-09-07,297.000000,1.778203,0.503696,79380.010000,79344.430000
29812793,2026-09-07T07:53,79360.570000,0.369400,0.007542,2026-09-07,164.000000,1.223508,0.122801,79380.920000,79350.980000
29812794,2026-09-07T07:54,79321.040000,0.049800,-0.754784,2026-09-07,243.000000,2.543055,0.188628,79360.570000,79321.040000
29812795,2026-09-07T07:55,79384.540000,-0.604500,-0.622675,2026-09-07,301.000000,1.164583,0.549027,79404.000000,79321.040000
29812796,2026-09-07T07:56,79382.200000,-0.409200,0.098439,2026-09-07,266.000000,1.476225,0.455194,79396.870000,79341.000000
29812797,2026-09-07T07:57,79378.010000,0.052100,-0.090065,2026-09-07,192.000000,0.692821,0.363745,79392.150000,79371.470000
29812798,2026-09-07T07:58,79371.710000,-0.342100,-0.395936,2026-09-07,269.000000,0.713955,0.124109,79382.990000,79371.700000
29812799,2026-09-07T07:59,79379.950000,0.920500,-0.690394,2026-09-07,291.000000,0.812233,0.674864,79390.890000,79357.910000
29812800,2026-09-07T08:00,79396.170000,0.153200,0.374452,2026-09-07,484.000000,5.754130,0.492897,79422.740000,79375.000000
29812801,2026-09-07T08:01,79398.260000,-0.479600,-0.019900,2026-09-07,271.000000,0.817635,0.400580,79403.990000,79387.100000
29812802,2026-09-07T08:02,79417.950000,0.832300,-0.198878,2026-09-07,270.000000,0.640650,0.678860,79417.950000,79387.600000
29812803,2026-09-07T08:03,79442.990000,0.238500,0.357806,2026-09-07,325.000000,0.742019,0.348671,79448.530000,79417.940000
29812804,2026-09-07T08:04,79413.460000,-0.451300,-0.302658,2026-09-07,315.000000,1.100350,0.332467,79446.610000,79413.450000
29812805,2026-09-07T08:05,79434.620000,0.692300,-0.335066,2026-09-07,280.000000,0.946759,0.258296,79438.320000,79405.500000
29812806,2026-09-07T08:06,79441.680000,-0.405900,-0.483407,2026-09-07,426.000000,0.968611,0.385476,79472.910000,79438.300000
29812807,2026-09-07T08:07,79452.110000,-0.135100,-0.229048,2026-09-07,239.000000,0.801726,0.450394,79457.210000,79440.820000
29812808,2026-09-07T08:08,79460.240000,0.385100,-0.099212,2026-09-07,293.000000,1.042741,0.153786,79480.150000,79452.100000
29812809,2026-09-07T08:09,79496.990000,0.313300,-0.695588,2026-09-07,327.000000,0.663933,0.622506,79496.990000,79458.340000
29812810,2026-09-07T08:10,79471.460000,-0.265800,0.266026,2026-09-07,298.000000,1.616172,0.094900,79496.990000,79471.460000
29812811,2026-09-07T08:11,79482.990000,0.131700,-0.810201,2026-09-07,187.000000,1.427910,0.856067,79482.980000,79463.410000
29812812,2026-09-07T08:12,79463.180000,-0.244900,0.712134,2026-09-07,312.000000,4.049043,0.524823,79482.980000,79440.800000
29812813,2026-09-07T08:13,79459.580000,0.224400,0.049656,2026-09-07,218.000000,1.479724,0.132122,79463.190000,79446.280000
29812814,2026-09-07T08:14,79446.290000,-0.181400,-0.738018,2026-09-07,250.000000,2.872518,0.164282,79463.190000,79438.180000
29812815,2026-09-07T08:15,79454.300000,0.233400,-0.669755,2026-09-07,300.000000,3.979782,0.545973,79463.190000,79431.660000
29812816,2026-09-07T08:16,79467.740000,0.006200,0.092123,2026-09-07,275.000000,1.592443,0.460931,79467.760000,79450.400000
29812817,2026-09-07T08:17,79459.420000,0.703200,-0.078554,2026-09-07,170.000000,2.275412,0.011521,79467.750000,79449.900000
29812818,2026-09-07T08:18,79450.680000,-0.178700,-0.976078,2026-09-07,202.000000,9.284651,0.023819,79460.420000,79445.450000
29812819,2026-09-07T08:19,79497.390000,-0.211400,-0.952981,2026-09-07,275.000000,4.128479,0.729288,79510.450000,79450.230000
29812820,2026-09-07T08:20,79459.260000,0.410300,0.485032,2026-09-07,286.000000,8.265609,0.195794,79505.140000,79445.000000
29812821,2026-09-07T08:21,79451.990000,0.306900,-0.608294,2026-09-07,175.000000,0.969585,0.135998,79459.270000,79440.810000
29812822,2026-09-07T08:22,79459.260000,0.417700,-0.729459,2026-09-07,218.000000,3.916477,0.019881,79459.270000,79434.750000
29812823,2026-09-07T08:23,79451.210000,0.411300,-0.960271,2026-09-07,239.000000,5.577924,0.217550,79470.740000,79450.140000
29812824,2026-09-07T08:24,79455.200000,0.333700,-0.540678,2026-09-07,179.000000,0.603556,0.453356,79460.310000,79446.990000
29812825,2026-09-07T08:25,79447.760000,-0.270900,-0.923095,2026-09-07,207.000000,5.343920,0.139688,79458.700000,79439.490000
29812826,2026-09-07T08:26,79484.990000,0.415500,0.494347,2026-09-07,319.000000,7.099757,0.711995,79484.990000,79434.230000
29812827,2026-09-07T08:27,79487.490000,0.316200,0.423990,2026-09-07,204.000000,1.091370,0.612921,79495.000000,79465.440000
29812828,2026-09-07T08:28,79436.320000,0.317400,0.225842,2026-09-07,214.000000,5.238708,0.153148,79487.500000,79432.390000
29812829,2026-09-07T08:29,79447.240000,0.414400,-0.693394,2026-09-07,163.000000,1.390154,0.941732,79447.240000,79436.310000
29812830,2026-09-07T08:30,79468.290000,0.481300,0.883774,2026-09-07,257.000000,6.084952,0.308892,79469.990000,79445.000000
29812831,2026-09-07T08:31,79471.510000,0.683400,-0.382821,2026-09-07,158.000000,0.514976,0.155939,79477.700000,79468.290000
29812832,2026-09-07T08:32,79484.920000,0.190200,-0.597520,2026-09-07,295.000000,5.039719,0.103460,79523.990000,79470.750000
29812833,2026-09-07T08:33,79477.240000,-0.168900,-0.803526,2026-09-07,181.000000,1.206240,0.543416,79484.920000,79463.260000
29812834,2026-09-07T08:34,79484.920000,0.380700,0.035279,2026-09-07,187.000000,1.485499,0.663293,79484.920000,79461.510000
29812835,2026-09-07T08:35,79475.620000,-0.214500,0.382486,2026-09-07,108.000000,0.476043,0.897880,79484.920000,79475.630000
29812836,2026-09-07T08:36,79440.800000,-0.105000,0.795761,2026-09-07,83.000000,0.988348,0.027126,79475.620000,79440.800000
29812837,2026-09-07T08:37,79424.510000,0.368400,-0.945748,2026-09-07,163.000000,0.806010,0.405207,79445.000000,79424.500000
29812838,2026-09-07T08:38,79429.670000,0.401800,-0.189567,2026-09-07,181.000000,1.201102,0.456167,79445.980000,79411.970000
29812839,2026-09-07T08:39,79420.850000,-0.366200,-0.018889,2026-09-07,160.000000,0.224914,0.551460,79448.980000,79420.840000
29812840,2026-09-07T08:40,79453.420000,-0.179900,-0.402727,2026-09-07,244.000000,2.703552,0.914789,79467.740000,79420.840000
29812841,2026-09-07T08:41,79454.890000,0.079200,0.829578,2026-09-07,131.000000,0.376581,0.195609,79463.710000,79450.000000
29812842,2026-09-07T08:42,79465.460000,0.690000,-0.608783,2026-09-07,192.000000,0.667255,0.844751,79467.740000,79454.880000
29812843,2026-09-07T08:43,79465.460000,0.548900,0.702372,2026-09-07,152.000000,0.180635,0.491587,79467.740000,79465.460000
29812844,2026-09-07T08:44,79465.460000,0.660800,-0.210112,2026-09-07,153.000000,0.084076,0.987870,79467.740000,79465.460000
29812845,2026-09-07T08:45,79448.350000,-0.194300,0.975951,2026-09-07,140.000000,0.301599,0.258943,79465.470000,79448.340000
29812846,2026-09-07T08:46,79467.740000,0.942300,-0.485717,2026-09-07,150.000000,0.465606,0.257992,79467.740000,79448.340000
29812847,2026-09-07T08:47,79473.240000,0.490300,-0.352474,2026-09-07,197.000000,0.227808,0.357372,79481.990000,79465.550000
29812848,2026-09-07T08:48,79477.960000,0.761500,-0.581472,2026-09-07,154.000000,0.096737,0.338021,79479.960000,79473.230000
29812849,2026-09-07T08:49,79421.990000,0.739400,-0.360741,2026-09-07,194.000000,3.173245,0.072299,79477.970000,79410.870000
29812850,2026-09-07T08:50,79451.640000,0.369100,-0.855402,2026-09-07,191.000000,0.324181,0.366287,79451.740000,79424.980000
29812851,2026-09-07T08:51,79434.860000,-0.402900,-0.263299,2026-09-07,161.000000,0.113787,0.131453,79451.650000,79434.860000
29812852,2026-09-07T08:52,79430.830000,0.527000,-0.753429,2026-09-07,147.000000,0.160233,0.578710,79434.860000,79420.840000
29812853,2026-09-07T08:53,79412.830000,0.619600,0.161072,2026-09-07,195.000000,1.196838,0.351451,79430.830000,79400.890000
29812854,2026-09-07T08:54,79410.110000,0.150900,-0.297963,2026-09-07,160.000000,0.532806,0.638264,79425.010000,79410.120000
29812855,2026-09-07T08:55,79422.700000,0.820600,0.276528,2026-09-07,101.000000,0.168053,0.997569,79422.700000,79410.110000
29812856,2026-09-07T08:56,79437.010000,0.683100,0.995136,2026-09-07,179.000000,0.315902,0.859082,79437.010000,79422.690000
29812857,2026-09-07T08:57,79436.180000,0.312000,0.720737,2026-09-07,147.000000,0.154353,0.120869,79444.320000,79432.770000
29812858,2026-09-07T08:58,79441.760000,0.786200,-0.786907,2026-09-07,112.000000,0.124585,0.614583,79443.770000,79429.940000
29812859,2026-09-07T08:59,79417.850000,0.259000,0.226457,2026-09-07,88.000000,0.887161,0.128843,79441.760000,79417.580000
29812860,2026-09-07T09:00,79434.400000,0.040000,-0.737183,2026-09-07,225.000000,0.786236,0.700449,79437.790000,79417.840000
29812861,2026-09-07T09:01,79437.080000,0.785300,0.399674,2026-09-07,144.000000,0.167917,0.324311,79437.090000,79434.400000
29812862,2026-09-07T09:02,79437.080000,0.236100,-0.359604,2026-09-07,159.000000,0.168700,0.607718,79437.090000,79426.360000
29812863,2026-09-07T09:03,79439.990000,0.695300,0.215436,2026-09-07,136.000000,0.062919,0.997811,79439.990000,79437.080000
29812864,2026-09-07T09:04,79430.540000,0.229900,0.995624,2026-09-07,185.000000,0.239318,0.328971,79458.120000,79430.540000
29812865,2026-09-07T09:05,79416.010000,0.284500,-0.342059,2026-09-07,123.000000,0.982374,0.135806,79430.550000,79401.720000
29812866,2026-09-07T09:06,79406.920000,0.706600,-0.728388,2026-09-07,166.000000,0.183824,0.652971,79420.590000,79404.570000
29812867,2026-09-07T09:07,79440.480000,0.910600,0.305944,2026-09-07,222.000000,0.497308,0.688783,79440.480000,79400.740000
29812868,2026-09-07T09:08,79481.990000,0.424400,0.385283,2026-09-07,250.000000,0.446476,0.887525,79481.990000,79440.470000
29812869,2026-09-07T09:09,79520.990000,0.486500,0.771928,2026-09-07,260.000000,1.008225,0.654398,79527.610000,79481.980000
29812870,2026-09-07T09:10,79521.010000,0.246200,0.308795,2026-09-07,150.000000,0.137306,0.166514,79521.000000,79520.980000
29812871,2026-09-07T09:11,79521.730000,0.016500,-0.666973,2026-09-07,202.000000,1.829608,0.794272,79538.930000,79515.460000
29812872,2026-09-07T09:12,79490.180000,0.173200,0.593525,2026-09-07,213.000000,1.227310,0.278383,79524.240000,79490.180000
29812873,2026-09-07T09:13,79536.550000,0.276000,-0.171173,2026-09-07,245.000000,0.717071,0.686030,79539.970000,79495.990000
29812874,2026-09-07T09:14,79532.050000,-0.120300,-0.099673,2026-09-07,149.000000,0.582686,0.102303,79536.560000,79519.490000
29812875,2026-09-07T09:15,79518.460000,0.428700,-0.596538,2026-09-07,160.000000,0.570914,0.714161,79518.470000,79510.060000
29812876,2026-09-07T09:16,79510.070000,-0.201800,0.337311,2026-09-07,202.000000,1.149158,0.493841,79526.990000,79510.060000
29812877,2026-09-07T09:17,79516.390000,0.628000,-0.009829,2026-09-07,192.000000,0.389289,0.224603,79516.400000,79502.010000
29812878,2026-09-07T09:18,79519.490000,0.964300,-0.550794,2026-09-07,146.000000,0.428157,0.585525,79519.490000,79506.620000
29812879,2026-09-07T09:19,79513.510000,0.052100,0.171051,2026-09-07,134.000000,0.214175,0.266065,79519.480000,79511.330000
29812880,2026-09-07T09:20,79501.120000,-0.058300,-0.750511,2026-09-07,162.000000,1.002309,0.623215,79513.500000,79497.010000
29812881,2026-09-07T09:21,79476.140000,-0.583500,0.649352,2026-09-07,204.000000,0.556322,0.135149,79501.130000,79476.130000
29812882,2026-09-07T09:22,79477.120000,0.060200,-0.729598,2026-09-07,178.000000,0.053907,0.676654,79481.630000,79476.130000
29812883,2026-09-07T09:23,79477.120000,-0.079300,0.353458,2026-09-07,202.000000,0.112291,0.686511,79477.130000,79477.120000
29812884,2026-09-07T09:24,79447.050000,0.097200,0.364178,2026-09-07,272.000000,3.837054,0.468386,79483.480000,79437.380000
29812885,2026-09-07T09:25,79424.770000,0.596500,-0.063052,2026-09-07,241.000000,2.153194,0.291866,79448.650000,79416.010000
29812886,2026-09-07T09:26,79449.740000,0.485100,-0.339633,2026-09-07,281.000000,3.271015,0.498189,79458.010000,79410.670000
29812887,2026-09-07T09:27,79480.760000,0.306900,-0.042893,2026-09-07,306.000000,0.541866,0.309775,79492.220000,79449.730000
29812888,2026-09-07T09:28,79480.760000,0.057300,-0.379023,2026-09-07,173.000000,0.603405,0.190271,79490.110000,79480.760000
29812889,2026-09-07T09:29,79472.760000,0.028400,-0.686726,2026-09-07,170.000000,0.840862,0.066316,79485.000000,79470.300000
29812890,2026-09-07T09:30,79450.420000,-0.283000,-0.739736,2026-09-07,187.000000,0.393178,0.184286,79474.360000,79450.420000
29812891,2026-09-07T09:31,79448.830000,0.079700,-0.824119,2026-09-07,129.000000,0.381687,0.310369,79455.920000,79448.830000
29812892,2026-09-07T09:32,79447.700000,0.203200,-0.385922,2026-09-07,201.000000,0.391531,0.033957,79450.430000,79445.230000
29812893,2026-09-07T09:33,79445.240000,-0.141800,-0.931846,2026-09-07,141.000000,0.318565,0.030304,79450.430000,79445.230000
29812894,2026-09-07T09:34,79400.760000,-0.276900,-0.922992,2026-09-07,195.000000,0.526620,0.481637,79445.240000,79400.720000
29812895,2026-09-07T09:35,79384.740000,0.173100,0.004898,2026-09-07,192.000000,0.690601,0.499645,79405.740000,79378.950000
29812896,2026-09-07T09:36,79376.050000,0.113900,0.003834,2026-09-07,241.000000,3.758768,0.176636,79384.740000,79355.480000
29812897,2026-09-07T09:37,79326.170000,-0.085500,-0.648112,2026-09-07,222.000000,1.340906,0.439542,79376.050000,79309.510000
29812898,2026-09-07T09:38,79354.650000,0.639600,-0.120907,2026-09-07,199.000000,0.655823,0.690437,79355.280000,79326.170000
29812899,2026-09-07T09:39,79364.620000,0.669900,0.413518,2026-09-07,167.000000,1.024074,0.846039,79364.230000,79348.030000
29812900,2026-09-07T09:40,79377.760000,0.369100,0.680819,2026-09-07,182.000000,0.393317,0.338853,79377.760000,79364.980000
29812901,2026-09-07T09:41,79374.990000,0.499000,-0.324667,2026-09-07,147.000000,0.267155,0.368557,79380.830000,79374.990000
29812902,2026-09-07T09:42,79368.460000,0.551500,-0.531173,2026-09-07,102.000000,0.343153,0.061640,79374.990000,79361.870000
29812903,2026-09-07T09:43,79374.010000,-0.189300,-0.768756,2026-09-07,153.000000,0.122124,0.611225,79374.010000,79368.450000
29812904,2026-09-07T09:44,79377.240000,0.057800,0.234498,2026-09-07,175.000000,0.113642,0.602416,79379.990000,79374.000000
29812905,2026-09-07T09:45,79377.240000,0.285400,0.185482,2026-09-07,129.000000,0.022049,0.381820,79377.240000,79377.230000
29812906,2026-09-07T09:46,79392.110000,0.073800,0.986139,2026-09-07,246.000000,2.010572,0.980090,79395.760000,79377.230000
29812907,2026-09-07T09:47,79405.170000,-0.123000,-0.442259,2026-09-07,206.000000,1.281230,0.861209,79419.150000,79392.110000
29812908,2026-09-07T09:48,79410.650000,0.649500,0.722590,2026-09-07,174.000000,0.059585,0.805373,79410.660000,79404.440000
29812909,2026-09-07T09:49,79407.290000,0.374300,0.610744,2026-09-07,168.000000,0.728022,0.030121,79410.660000,79390.440000
29812910,2026-09-07T09:50,79420.600000,0.695100,-0.939758,2026-09-07,169.000000,0.131663,0.938753,79420.600000,79407.290000
29812911,2026-09-07T09:51,79365.040000,-0.496400,0.877506,2026-09-07,284.000000,4.507632,0.204421,79454.860000,79365.000000
29812912,2026-09-07T09:52,79331.140000,-0.585600,-0.593484,2026-09-07,176.000000,0.605163,0.498215,79365.040000,79331.140000
29812913,2026-09-07T09:53,79331.140000,-0.033300,0.040786,2026-09-07,121.000000,0.415667,0.742354,79331.150000,79325.580000
29812914,2026-09-07T09:54,79324.010000,0.358400,0.484709,2026-09-07,312.000000,3.202200,0.547448,79331.140000,79287.210000
29812915,2026-09-07T09:55,79329.350000,0.076100,0.094483,2026-09-07,144.000000,0.230694,0.164769,79331.130000,79324.010000
29812916,2026-09-07T09:56,79329.990000,0.462100,-0.668802,2026-09-07,161.000000,0.368388,0.063965,79330.000000,79328.340000
29812917,2026-09-07T09:57,79339.040000,0.133600,-0.871159,2026-09-07,226.000000,1.311862,0.705642,79347.950000,79328.350000
29812918,2026-09-07T09:58,79320.880000,-0.382200,0.411204,2026-09-07,172.000000,1.211497,0.182912,79344.900000,79317.800000
29812919,2026-09-07T09:59,79301.320000,0.357800,-0.644656,2026-09-07,267.000000,1.768914,0.631235,79320.870000,79279.210000
29812920,2026-09-07T10:00,79370.200000,0.245400,0.294126,2026-09-07,427.000000,5.501680,0.842638,79380.840000,79301.320000
29812921,2026-09-07T10:01,79351.010000,0.124100,0.684570,2026-09-07,378.000000,6.515725,0.187056,79384.490000,79328.240000
29812922,2026-09-07T10:02,79336.020000,0.214500,-0.626257,2026-09-07,222.000000,1.021052,0.099634,79360.960000,79320.100000
29812923,2026-09-07T10:03,79376.110000,0.304900,-0.800810,2026-09-07,307.000000,1.180919,0.764357,79383.010000,79336.020000
29812924,2026-09-07T10:04,79388.950000,0.088700,0.528714,2026-09-07,251.000000,1.264280,0.965619,79395.000000,79376.100000
29812925,2026-09-07T10:05,79374.550000,0.046400,0.931239,2026-09-07,238.000000,1.606177,0.198218,79388.970000,79370.680000
29812926,2026-09-07T10:06,79383.790000,-0.009400,-0.603565,2026-09-07,188.000000,0.840361,0.926229,79391.980000,79374.550000
29812927,2026-09-07T10:07,79392.980000,0.259300,0.852457,2026-09-07,202.000000,1.430634,0.834081,79394.670000,79382.000000
29812928,2026-09-07T10:08,79335.430000,-0.480100,0.668166,2026-09-07,308.000000,3.603634,0.227125,79394.970000,79327.990000
29812929,2026-09-07T10:09,79366.210000,-0.032200,-0.545490,2026-09-07,338.000000,2.614504,0.515727,79372.890000,79312.550000
29812930,2026-09-07T10:10,79356.510000,0.020500,-0.026758,2026-09-07,176.000000,0.391292,0.366983,79366.200000,79334.030000
29812931,2026-09-07T10:11,79364.040000,0.218200,-0.031664,2026-09-07,210.000000,0.657035,0.411763,79373.240000,79354.920000
29812932,2026-09-07T10:12,79379.710000,-0.011900,-0.092169,2026-09-07,274.000000,0.597600,0.738358,79397.650000,79364.040000
29812933,2026-09-07T10:13,79365.010000,0.241500,0.476717,2026-09-07,186.000000,0.269901,0.168188,79380.190000,79365.010000
29812934,2026-09-07T10:14,79368.740000,0.608000,-0.663623,2026-09-07,202.000000,1.752668,0.033761,79370.300000,79354.630000
29812935,2026-09-07T10:15,79390.770000,0.761300,-0.932477,2026-09-07,226.000000,0.545628,0.722377,79390.780000,79353.960000
29812936,2026-09-07T10:16,79385.170000,-0.084900,0.445996,2026-09-07,144.000000,0.919814,0.174859,79395.010000,79385.170000
29812937,2026-09-07T10:17,79398.490000,-0.102500,-0.649843,2026-09-07,181.000000,0.409628,0.259998,79400.240000,79385.170000
29812938,2026-09-07T10:18,79400.240000,0.620800,-0.483745,2026-09-07,209.000000,0.390190,0.385805,79400.240000,79389.010000
29812939,2026-09-07T10:19,79409.240000,0.802300,-0.227838,2026-09-07,175.000000,0.209715,0.846948,79409.240000,79400.230000
29812940,2026-09-07T10:20,79410.650000,0.523800,0.693000,2026-09-07,101.000000,0.079335,0.855502,79410.660000,79409.230000
29812941,2026-09-07T10:21,79406.990000,0.036200,0.713671,2026-09-07,129.000000,0.348299,0.101530,79410.660000,79406.980000
29812942,2026-09-07T10:22,79410.010000,0.444700,-0.800689,2026-09-07,183.000000,0.474716,0.958451,79410.010000,79406.980000
29812943,2026-09-07T10:23,79410.650000,0.213100,0.915944,2026-09-07,124.000000,0.076034,0.744806,79410.660000,79410.000000
29812944,2026-09-07T10:24,79387.420000,0.027200,0.496336,2026-09-07,233.000000,0.502100,0.046063,79410.660000,79385.830000
29812945,2026-09-07T10:25,79396.650000,0.032900,-0.907469,2026-09-07,198.000000,1.308664,0.961917,79398.110000,79387.420000
29812946,2026-09-07T10:26,79410.700000,0.049600,0.920286,2026-09-07,283.000000,4.829215,0.655496,79420.000000,79376.420000
29812947,2026-09-07T10:27,79416.960000,-0.116300,0.311643,2026-09-07,184.000000,0.467746,0.229814,79420.000000,79400.010000
29812948,2026-09-07T10:28,79416.960000,-0.030800,-0.540447,2026-09-07,159.000000,0.299806,0.388854,79416.960000,79414.320000
29812949,2026-09-07T10:29,79412.570000,-0.101700,-0.222090,2026-09-07,161.000000,0.124838,0.145589,79416.960000,79412.560000
29812950,2026-09-07T10:30,79412.570000,-0.243300,-0.673686,2026-09-07,168.000000,0.192555,0.098704,79412.570000,79402.030000
29812951,2026-09-07T10:31,79416.960000,-0.043000,-0.827464,2026-09-07,162.000000,0.883626,0.070923,79416.960000,79412.530000
29812952,2026-09-07T10:32,79412.320000,0.323100,-0.864115,2026-09-07,174.000000,0.176202,0.538869,79416.960000,79412.310000
29812953,2026-09-07T10:33,79403.710000,-0.297000,0.385231,2026-09-07,170.000000,0.147568,0.171364,79412.320000,79403.700000
29812954,2026-09-07T10:34,79408.960000,-0.209100,-0.718204,2026-09-07,205.000000,1.360035,0.711212,79413.490000,79401.660000
29812955,2026-09-07T10:35,79406.860000,-0.326300,0.422424,2026-09-07,172.000000,0.226109,0.130386,79408.970000,79406.860000
29812956,2026-09-07T10:36,79384.120000,-0.469100,-0.803618,2026-09-07,209.000000,1.031722,0.670804,79406.860000,79384.120000
29812957,2026-09-07T10:37,79419.740000,0.785400,0.445474,2026-09-07,311.000000,5.881719,0.920037,79419.950000,79380.880000
29812958,2026-09-07T10:38,79405.110000,-0.254000,0.840075,2026-09-07,226.000000,2.111250,0.061347,79420.490000,79395.350000
29812959,2026-09-07T10:39,79398.860000,0.196600,-0.877307,2026-09-07,159.000000,0.648361,0.229718,79405.110000,79397.630000
29812960,2026-09-07T10:40,79424.990000,0.358700,-0.537436,2026-09-07,213.000000,0.807812,0.593228,79424.980000,79398.840000
29812961,2026-09-07T10:41,79430.960000,0.198100,0.195987,2026-09-07,158.000000,0.099816,0.864564,79433.380000,79424.980000
29812962,2026-09-07T10:42,79433.990000,0.112300,0.695940,2026-09-07,198.000000,0.220399,0.595632,79433.990000,79430.960000
29812963,2026-09-07T10:43,79436.990000,0.253400,0.191261,2026-09-07,176.000000,0.728888,0.993193,79439.830000,79433.980000
29812964,2026-09-07T10:44,79445.200000,-0.075600,0.986387,2026-09-07,196.000000,0.873334,0.193418,79445.200000,79436.980000
29812965,2026-09-07T10:45,79440.420000,0.544600,-0.613263,2026-09-07,157.000000,0.537853,0.087473,79445.200000,79438.730000
29812966,2026-09-07T10:46,79429.390000,-0.244700,-0.822348,2026-09-07,192.000000,0.510280,0.043376,79440.430000,79429.380000
29812967,2026-09-07T10:47,79414.260000,0.075900,-0.916166,2026-09-07,171.000000,0.435229,0.224130,79429.390000,79413.220000
29812968,2026-09-07T10:48,79391.270000,0.482300,-0.391314,2026-09-07,174.000000,0.958868,0.116111,79414.260000,79391.260000
29812969,2026-09-07T10:49,79400.010000,0.654300,-0.865408,2026-09-07,175.000000,0.263083,0.989513,79400.010000,79391.270000
29812970,2026-09-07T10:50,79406.170000,0.443900,0.966501,2026-09-07,219.000000,0.650910,0.260906,79409.140000,79400.000000
29812971,2026-09-07T10:51,79434.080000,-0.293600,-0.479615,2026-09-07,318.000000,3.049141,0.812392,79445.990000,79406.160000
29812972,2026-09-07T10:52,79421.760000,-0.109700,0.624767,2026-09-07,242.000000,2.052931,0.064580,79434.090000,79410.010000
29812973,2026-09-07T10:53,79423.550000,0.408700,-0.871079,2026-09-07,225.000000,0.177445,0.508876,79423.560000,79419.580000
29812974,2026-09-07T10:54,79406.430000,-0.282400,0.023505,2026-09-07,220.000000,0.617436,0.031155,79423.560000,79406.430000
29812975,2026-09-07T10:55,79396.540000,0.146700,-0.943060,2026-09-07,240.000000,1.251153,0.319610,79406.430000,79374.170000
29812976,2026-09-07T10:56,79344.510000,-0.382500,-0.774797,2026-09-07,288.000000,2.736959,0.056151,79396.540000,79341.080000
29812977,2026-09-07T10:57,79356.740000,0.237100,-0.283823,2026-09-07,199.000000,0.844554,0.232592,79360.000000,79344.440000
29812978,2026-09-07T10:58,79353.360000,0.203300,-0.505505,2026-09-07,187.000000,0.409258,0.198764,79356.750000,79349.170000
29812979,2026-09-07T10:59,79350.640000,-0.475400,-0.573142,2026-09-07,191.000000,0.307910,0.138939,79353.360000,79349.910000
29812980,2026-09-07T11:00,79350.080000,-0.678600,-0.800917,2026-09-07,199.000000,1.250401,0.886611,79352.450000,79346.780000
29812981,2026-09-07T11:01,79351.020000,0.053600,0.697071,2026-09-07,300.000000,4.638844,0.941761,79380.000000,79342.120000
29812982,2026-09-07T11:02,79326.010000,0.079500,0.906739,2026-09-07,313.000000,3.037734,0.240314,79351.030000,79326.010000
29812983,2026-09-07T11:03,79296.860000,0.016100,-0.519499,2026-09-07,331.000000,2.349920,0.363473,79328.140000,79296.850000
29812984,2026-09-07T11:04,79313.490000,0.118000,-0.273755,2026-09-07,263.000000,1.029264,0.940876,79316.910000,79287.960000
29812985,2026-09-07T11:05,79324.600000,-0.016400,0.885809,2026-09-07,300.000000,2.131636,0.827658,79330.490000,79313.480000
29812986,2026-09-07T11:06,79308.640000,-0.234600,0.655198,2026-09-07,234.000000,0.866024,0.218114,79328.990000,79305.520000
29812987,2026-09-07T11:07,79295.010000,0.014400,-0.563771,2026-09-07,202.000000,0.455245,0.296304,79308.640000,79295.000000
29812988,2026-09-07T11:08,79269.110000,-0.290000,-0.399818,2026-09-07,284.000000,3.246045,0.842442,79295.010000,79267.100000
29812989,2026-09-07T11:09,79284.040000,-0.235000,0.684696,2026-09-07,252.000000,2.002751,0.744350,79298.980000,79269.110000
29812990,2026-09-07T11:10,79298.450000,0.426500,0.488762,2026-09-07,140.000000,1.428126,0.121634,79307.990000,79293.470000
29812991,2026-09-07T11:11,79373.240000,0.438300,-0.757203,2026-09-07,410.000000,1.566563,0.888874,79373.240000,79298.450000
29812992,2026-09-07T11:12,79384.360000,0.702900,0.777691,2026-09-07,279.000000,2.184632,0.226749,79384.370000,79370.060000
29812993,2026-09-07T11:13,79390.990000,-0.392500,-0.503214,2026-09-07,396.000000,1.656640,0.875800,79392.270000,79384.350000
29812994,2026-09-07T11:14,79406.390000,0.695800,0.741794,2026-09-07,270.000000,0.765151,0.409802,79406.400000,79390.990000
29812995,2026-09-07T11:15,79394.730000,0.136800,-0.040746,2026-09-07,351.000000,0.992441,0.785306,79406.990000,79387.690000
29812996,2026-09-07T11:16,79394.420000,0.369200,0.496384,2026-09-07,302.000000,0.680843,0.792270,79394.730000,79393.130000
29812997,2026-09-07T11:17,79399.040000,0.787600,0.621449,2026-09-07,207.000000,1.046864,0.895494,79399.050000,79394.720000
29812998,2026-09-07T11:18,79399.040000,0.826000,0.790393,2026-09-07,156.000000,0.034873,0.813927,79399.050000,79399.040000
29812999,2026-09-07T11:19,79422.010000,0.567600,0.623220,2026-09-07,251.000000,1.716597,0.162751,79422.190000,79399.040000
29813000,2026-09-07T11:20,79429.360000,0.747000,-0.630765,2026-09-07,202.000000,0.706488,0.867330,79429.490000,79422.000000
29813001,2026-09-07T11:21,79463.460000,0.654800,0.726307,2026-09-07,297.000000,0.433086,0.283509,79463.460000,79429.370000
29813002,2026-09-07T11:22,79445.240000,0.497600,-0.604085,2026-09-07,192.000000,0.429363,0.111813,79463.460000,79445.230000
29813003,2026-09-07T11:23,79445.240000,0.517200,-0.711711,2026-09-07,164.000000,0.051747,0.857841,79445.240000,79445.230000
29813004,2026-09-07T11:24,79439.490000,0.532000,0.707173,2026-09-07,185.000000,1.567046,0.020176,79445.240000,79431.760000
29813005,2026-09-07T11:25,79443.070000,0.412400,-0.959649,2026-09-07,251.000000,1.409909,0.907851,79446.370000,79438.330000
29813006,2026-09-07T11:26,79443.070000,-0.037700,0.815703,2026-09-07,244.000000,1.970614,0.913685,79466.600000,79443.060000
29813007,2026-09-07T11:27,79443.070000,0.043300,0.827327,2026-09-07,178.000000,0.871650,0.746014,79446.030000,79443.060000
29813008,2026-09-07T11:28,79437.950000,0.014500,0.420959,2026-09-07,203.000000,0.687499,0.915221,79443.060000,79427.750000
29813009,2026-09-07T11:29,79433.260000,0.150200,0.954653,2026-09-07,151.000000,0.737604,0.757151,79437.950000,79429.250000
29813010,2026-09-07T11:30,79436.770000,0.363400,0.516153,2026-09-07,198.000000,2.848054,0.951822,79458.410000,79433.260000
29813011,2026-09-07T11:31,79451.550000,-0.006400,0.902699,2026-09-07,209.000000,1.743968,0.158170,79451.570000,79410.000000
29813012,2026-09-07T11:32,79467.960000,0.372300,-0.683916,2026-09-07,255.000000,0.539671,0.388286,79475.990000,79430.540000
29813013,2026-09-07T11:33,79445.830000,0.114600,-0.223429,2026-09-07,195.000000,0.359212,0.076614,79467.960000,79442.260000
29813014,2026-09-07T11:34,79450.420000,0.000700,-0.846784,2026-09-07,165.000000,0.107521,0.582107,79450.430000,79444.240000
29813015,2026-09-07T11:35,79450.400000,-0.061600,0.295141,2026-09-07,187.000000,0.497847,0.643310,79457.350000,79450.400000
29813016,2026-09-07T11:36,79411.390000,-0.221000,0.256882,2026-09-07,221.000000,0.384085,0.414310,79450.410000,79411.380000
29813017,2026-09-07T11:37,79419.020000,-0.427200,-0.171378,2026-09-07,184.000000,0.610136,0.881339,79427.370000,79411.380000
29813018,2026-09-07T11:38,79407.010000,-0.488300,0.762684,2026-09-07,198.000000,0.593229,0.374038,79419.030000,79407.010000
29813019,2026-09-07T11:39,79400.010000,-0.397300,-0.251951,2026-09-07,198.000000,0.866100,0.068699,79407.020000,79400.000000
29813020,2026-09-07T11:40,79413.010000,0.645400,-0.863048,2026-09-07,178.000000,1.074659,0.752475,79413.010000,79400.000000
29813021,2026-09-07T11:41,79405.670000,-0.226500,0.508913,2026-09-07,211.000000,0.520377,0.250300,79422.610000,79405.660000
29813022,2026-09-07T11:42,79412.070000,0.284300,-0.499510,2026-09-07,146.000000,1.244949,0.052818,79421.400000,79405.660000
29813023,2026-09-07T11:43,79400.010000,-0.443500,-0.872562,2026-09-07,188.000000,0.416119,0.119518,79415.410000,79395.740000
29813024,2026-09-07T11:44,79405.080000,-0.298100,-0.824486,2026-09-07,196.000000,0.721959,0.879632,79407.790000,79400.000000
29813025,2026-09-07T11:45,79406.990000,-0.159100,0.758967,2026-09-07,222.000000,0.525203,0.388929,79420.000000,79405.070000
29813026,2026-09-07T11:46,79394.420000,-0.158000,-0.222302,2026-09-07,211.000000,0.266394,0.392474,79407.000000,79394.420000
29813027,2026-09-07T11:47,79415.760000,-0.934400,-0.214969,2026-09-07,309.000000,2.727473,0.880758,79421.690000,79394.420000
29813028,2026-09-07T11:48,79420.600000,0.839800,0.761513,2026-09-07,382.000000,0.466282,0.418456,79420.590000,79392.170000
29813029,2026-09-07T11:49,79404.010000,-0.545100,-0.163098,2026-09-07,325.000000,2.117257,0.392345,79420.600000,79402.330000
29813030,2026-09-07T11:50,79390.430000,0.037800,-0.223806,2026-09-07,247.000000,0.448847,0.133365,79403.480000,79388.860000
29813031,2026-09-07T11:51,79409.240000,0.205900,-0.726360,2026-09-07,233.000000,0.277752,0.904520,79409.230000,79390.430000
29813032,2026-09-07T11:52,79380.850000,0.411300,0.942661,2026-09-07,306.000000,6.145449,0.026324,79412.000000,79362.640000
29813033,2026-09-07T11:53,79411.990000,0.728100,-0.944098,2026-09-07,277.000000,0.927326,0.899872,79412.000000,79380.840000
29813034,2026-09-07T11:54,79416.390000,0.407100,0.797708,2026-09-07,173.000000,0.299518,0.830112,79418.990000,79411.990000
29813035,2026-09-07T11:55,79410.650000,0.618700,0.660222,2026-09-07,186.000000,0.236930,0.377278,79416.390000,79409.060000
29813036,2026-09-07T11:56,79398.070000,0.361800,-0.245443,2026-09-07,162.000000,0.381050,0.736115,79410.650000,79383.390000
29813037,2026-09-07T11:57,79380.850000,0.189600,0.483159,2026-09-07,223.000000,1.648280,0.120728,79400.430000,79380.840000
29813038,2026-09-07T11:58,79427.240000,0.175800,-0.767185,2026-09-07,373.000000,4.029829,0.935308,79428.520000,79374.630000
29813039,2026-09-07T11:59,79409.140000,0.302800,0.870572,2026-09-07,245.000000,1.758833,0.632548,79427.250000,79409.100000
29813040,2026-09-07T12:00,79412.740000,0.396400,0.282940,2026-09-07,225.000000,0.975479,0.839925,79421.930000,79409.140000
29813041,2026-09-07T12:01,79418.240000,0.474300,0.664872,2026-09-07,261.000000,1.313478,0.760119,79419.820000,79400.770000
29813042,2026-09-07T12:02,79407.010000,0.160500,0.520238,2026-09-07,198.000000,0.699324,0.780427,79423.160000,79407.000000
29813043,2026-09-07T12:03,79405.540000,0.128800,0.560854,2026-09-07,255.000000,0.790353,0.480640,79407.010000,79395.010000
29813044,2026-09-07T12:04,79412.820000,-0.142000,-0.039076,2026-09-07,218.000000,0.779378,0.236610,79412.820000,79399.090000
29813045,2026-09-07T12:05,79421.990000,0.474700,-0.526603,2026-09-07,236.000000,0.467248,0.721188,79421.990000,79410.070000
29813046,2026-09-07T12:06,79469.990000,-0.016800,0.442377,2026-09-07,288.000000,1.110098,0.665600,79480.240000,79421.980000
29813047,2026-09-07T12:07,79492.920000,-0.381900,0.331200,2026-09-07,260.000000,0.453135,0.337999,79492.920000,79463.240000
29813048,2026-09-07T12:08,79470.300000,-0.041000,-0.324001,2026-09-07,178.000000,0.342376,0.198594,79492.920000,79470.300000
29813049,2026-09-07T12:09,79464.010000,0.055800,-0.602812,2026-09-07,206.000000,0.670601,0.536314,79478.980000,79464.010000
29813050,2026-09-07T12:10,79469.640000,0.325600,0.072628,2026-09-07,240.000000,0.425990,0.435993,79471.490000,79458.470000
29813051,2026-09-07T12:11,79434.330000,-0.155000,-0.121453,2026-09-07,215.000000,2.110848,0.028503,79468.650000,79432.750000
29813052,2026-09-07T12:12,79435.930000,0.303400,-0.941814,2026-09-07,169.000000,0.082796,0.721413,79435.940000,79434.330000
29813053,2026-09-07T12:13,79440.490000,0.545300,0.440525,2026-09-07,190.000000,0.309270,0.578892,79440.490000,79434.330000
29813054,2026-09-07T12:14,79417.740000,-0.103600,0.150117,2026-09-07,183.000000,0.618344,0.289350,79440.490000,79417.740000
29813055,2026-09-07T12:15,79411.670000,-0.688300,-0.422830,2026-09-07,197.000000,0.499619,0.697895,79421.500000,79411.670000
29813056,2026-09-07T12:16,79404.570000,0.390000,0.395434,2026-09-07,193.000000,0.430564,0.588176,79411.680000,79401.890000
29813057,2026-09-07T12:17,79410.360000,0.473500,0.176701,2026-09-07,170.000000,0.314798,0.201089,79410.670000,79402.890000
29813058,2026-09-07T12:18,79413.820000,0.004200,-0.595862,2026-09-07,180.000000,0.596778,0.167646,79417.850000,79403.960000
29813059,2026-09-07T12:19,79475.990000,0.777500,-0.665793,2026-09-07,320.000000,1.153238,0.466449,79475.980000,79410.010000
29813060,2026-09-07T12:20,79481.240000,0.835500,-0.067102,2026-09-07,227.000000,0.520549,0.313033,79481.240000,79468.540000
29813061,2026-09-07T12:21,79492.710000,0.081500,-0.252103,2026-09-07,294.000000,2.712939,0.773972,79500.000000,79481.230000
29813062,2026-09-07T12:22,79475.740000,0.182600,0.539344,2026-09-07,189.000000,0.219095,0.154664,79498.690000,79474.730000
29813063,2026-09-07T12:23,79460.960000,0.534100,-0.690688,2026-09-07,234.000000,2.292819,0.217076,79475.750000,79458.970000
29813064,2026-09-07T12:24,79475.890000,0.568100,-0.565848,2026-09-07,168.000000,0.210332,0.871912,79475.890000,79466.980000
29813065,2026-09-07T12:25,79499.990000,0.522700,0.743820,2026-09-07,255.000000,0.326715,0.930604,79500.000000,79475.880000
29813066,2026-09-07T12:26,79515.540000,0.141700,0.861540,2026-09-07,259.000000,1.139848,0.527298,79519.980000,79499.990000
29813067,2026-09-07T12:27,79516.210000,-0.028500,0.055311,2026-09-07,192.000000,0.330101,0.517608,79519.890000,79513.060000
29813068,2026-09-07T12:28,79526.360000,0.475000,-0.414919,2026-09-07,223.000000,0.865814,0.473909,79526.360000,79511.070000
29813069,2026-09-07T12:29,79516.600000,0.358800,0.332601,2026-09-07,191.000000,0.258694,0.190624,79526.360000,79515.010000
29813070,2026-09-07T12:30,79509.960000,-0.551200,-0.576490,2026-09-07,221.000000,0.555105,0.223761,79523.210000,79507.050000
29813071,2026-09-07T12:31,79504.580000,0.043800,-0.572144,2026-09-07,226.000000,2.141735,0.318387,79512.060000,79498.340000
29813072,2026-09-07T12:32,79494.140000,-0.007600,-0.363217,2026-09-07,298.000000,13.729075,0.617592,79540.000000,79492.160000
29813073,2026-09-07T12:33,79503.580000,-0.145000,0.235183,2026-09-07,208.000000,0.675104,0.978411,79505.810000,79494.270000
29813074,2026-09-07T12:34,79494.290000,0.415900,0.956823,2026-09-07,212.000000,1.156844,0.531197,79509.090000,79494.290000
29813075,2026-09-07T12:35,79491.010000,-0.322800,0.062395,2026-09-07,241.000000,1.215308,0.684256,79509.080000,79491.000000
29813076,2026-09-07T12:36,79492.980000,0.340700,0.235590,2026-09-07,190.000000,0.729754,0.591228,79501.130000,79486.020000
29813077,2026-09-07T12:37,79490.170000,-0.098400,0.440404,2026-09-07,254.000000,3.759298,0.017784,79494.570000,79484.000000
29813078,2026-09-07T12:38,79472.240000,0.393600,-0.964432,2026-09-07,214.000000,0.448526,0.130957,79490.180000,79472.240000
29813079,2026-09-07T12:39,79450.990000,-0.447600,-0.738081,2026-09-07,204.000000,0.153095,0.619449,79472.250000,79450.990000
29813080,2026-09-07T12:40,79450.990000,0.075200,0.238891,2026-09-07,194.000000,0.075017,0.662740,79451.000000,79450.990000
29813081,2026-09-07T12:41,79466.790000,0.546500,0.325395,2026-09-07,210.000000,0.581890,0.970301,79468.480000,79450.990000
29813082,2026-09-07T12:42,79467.360000,0.467600,0.940921,2026-09-07,198.000000,0.399050,0.187513,79470.220000,79466.780000
29813083,2026-09-07T12:43,79467.680000,0.658100,-0.624974,2026-09-07,216.000000,1.830716,0.354740,79469.160000,79467.350000
29813084,2026-09-07T12:44,79468.350000,0.421400,-0.290551,2026-09-07,188.000000,0.721742,0.128406,79469.970000,79467.440000
29813085,2026-09-07T12:45,79466.880000,0.141800,-0.743160,2026-09-07,187.000000,1.493853,0.067330,79472.080000,79465.580000
29813086,2026-09-07T12:46,79480.240000,0.510900,-0.867758,2026-09-07,217.000000,0.897055,0.378736,79480.240000,79466.030000
29813087,2026-09-07T12:47,79480.240000,0.261800,-0.136399,2026-09-07,222.000000,0.948974,0.479787,79511.990000,79480.230000
29813088,2026-09-07T12:48,79523.550000,0.546500,-0.100048,2026-09-07,288.000000,0.634983,0.698146,79523.990000,79480.250000
29813089,2026-09-07T12:49,79515.260000,-0.139800,0.385088,2026-09-07,232.000000,0.442014,0.472914,79526.240000,79505.990000
29813090,2026-09-07T12:50,79537.710000,0.237900,-0.054171,2026-09-07,235.000000,0.557361,0.496253,79537.810000,79516.310000
29813091,2026-09-07T12:51,79549.680000,0.590700,-0.006390,2026-09-07,279.000000,1.856288,0.808709,79555.610000,79537.710000
29813092,2026-09-07T12:52,79540.920000,-0.206700,0.618890,2026-09-07,241.000000,0.866793,0.635816,79565.990000,79540.920000
29813093,2026-09-07T12:53,79591.500000,0.556000,0.269619,2026-09-07,313.000000,1.730965,0.494760,79597.490000,79540.920000
29813094,2026-09-07T12:54,79594.040000,-0.197500,0.005099,2026-09-07,318.000000,1.360784,0.484899,79620.730000,79579.640000
29813095,2026-09-07T12:55,79604.600000,0.265000,-0.054094,2026-09-07,314.000000,3.752025,0.261937,79615.920000,79585.790000
29813096,2026-09-07T12:56,79587.170000,0.705800,-0.476729,2026-09-07,235.000000,1.013928,0.231211,79604.600000,79576.740000
29813097,2026-09-07T12:57,79611.740000,0.639100,-0.537287,2026-09-07,234.000000,1.171540,0.998664,79615.640000,79587.170000
29813098,2026-09-07T12:58,79607.700000,0.444700,0.997327,2026-09-07,190.000000,0.268192,0.451666,79616.100000,79604.260000
29813099,2026-09-07T12:59,79597.760000,-0.613100,-0.006623,2026-09-07,240.000000,0.812437,0.732624,79622.730000,79597.730000
29813100,2026-09-07T13:00,79584.420000,0.042300,0.450799,2026-09-07,350.000000,4.120193,0.702204,79609.780000,79579.530000
29813101,2026-09-07T13:01,79551.050000,-0.031600,0.403302,2026-09-07,285.000000,3.937582,0.076893,79584.430000,79549.620000
29813102,2026-09-07T13:02,79528.610000,-0.211900,-0.845581,2026-09-07,310.000000,1.676195,0.608450,79551.060000,79524.310000
29813103,2026-09-07T13:03,79528.610000,0.108300,0.216689,2026-09-07,228.000000,0.743028,0.740531,79530.220000,79521.630000
29813104,2026-09-07T13:04,79589.010000,0.619200,0.481159,2026-09-07,360.000000,1.425383,0.928419,79592.670000,79528.610000
29813105,2026-09-07T13:05,79529.990000,0.141900,0.857054,2026-09-07,295.000000,1.262160,0.248483,79589.010000,79529.940000
29813106,2026-09-07T13:06,79534.140000,0.546600,-0.505338,2026-09-07,260.000000,0.466970,0.733406,79545.010000,79529.980000
29813107,2026-09-07T13:07,79524.640000,0.381000,0.466814,2026-09-07,232.000000,0.807825,0.439671,79541.990000,79522.920000
29813108,2026-09-07T13:08,79527.490000,-0.042700,-0.120653,2026-09-07,270.000000,1.178310,0.445735,79534.800000,79516.460000
29813109,2026-09-07T13:09,79562.550000,0.483300,-0.091262,2026-09-07,294.000000,0.338922,0.971503,79565.240000,79527.500000
29813110,2026-09-07T13:10,79621.300000,0.336900,0.939688,2026-09-07,454.000000,3.477299,0.747203,79639.290000,79562.550000
29813111,2026-09-07T13:11,79603.900000,-0.240100,0.494406,2026-09-07,276.000000,1.155553,0.180743,79640.380000,79603.900000
29813112,2026-09-07T13:12,79567.740000,-0.365800,-0.638496,2026-09-07,289.000000,1.067757,0.374858,79603.910000,79553.630000
29813113,2026-09-07T13:13,79565.110000,0.305800,-0.250362,2026-09-07,253.000000,0.677692,0.626786,79567.740000,79557.200000
29813114,2026-09-07T13:14,79619.990000,0.553600,0.253737,2026-09-07,365.000000,0.786785,0.720243,79620.000000,79565.100000
29813115,2026-09-07T13:15,79600.010000,0.277300,0.440499,2026-09-07,286.000000,1.358545,0.098804,79631.990000,79589.600000
29813116,2026-09-07T13:16,79585.790000,0.231200,-0.802420,2026-09-07,257.000000,0.715342,0.537456,79590.690000,79572.590000
29813117,2026-09-07T13:17,79568.290000,0.053100,0.074972,2026-09-07,236.000000,0.488811,0.573074,79585.780000,79565.010000
29813118,2026-09-07T13:18,79589.400000,0.242300,0.146147,2026-09-07,255.000000,0.364331,0.533399,79599.320000,79568.280000
29813119,2026-09-07T13:19,79604.980000,0.976500,0.066797,2026-09-07,265.000000,0.651675,0.207805,79605.010000,79588.710000
29813120,2026-09-07T13:20,79627.490000,0.770800,-0.584390,2026-09-07,273.000000,1.049319,0.863785,79627.490000,79604.970000
29813121,2026-09-07T13:21,79620.960000,0.378200,0.727644,2026-09-07,281.000000,1.601833,0.316039,79635.000000,79603.390000
29813122,2026-09-07T13:22,79611.360000,0.440500,-0.368162,2026-09-07,193.000000,0.485653,0.263263,79622.980000,79611.360000
29813123,2026-09-07T13:23,79618.830000,0.707200,-0.473542,2026-09-07,269.000000,0.395455,0.704086,79622.990000,79611.360000
29813124,2026-09-07T13:24,79624.580000,0.509100,0.406341,2026-09-07,248.000000,0.725328,0.713864,79631.040000,79611.360000
29813125,2026-09-07T13:25,79620.260000,0.320900,0.428792,2026-09-07,214.000000,0.261533,0.253736,79624.910000,79614.730000
29813126,2026-09-07T13:26,79619.990000,0.709400,-0.486339,2026-09-07,215.000000,0.282463,0.360851,79623.330000,79615.780000
29813127,2026-09-07T13:27,79609.390000,0.242400,-0.279643,2026-09-07,204.000000,1.695347,0.957327,79619.990000,79601.030000
29813128,2026-09-07T13:28,79611.520000,0.635800,0.914673,2026-09-07,191.000000,0.420242,0.087030,79613.830000,79609.380000
29813129,2026-09-07T13:29,79630.740000,0.788300,-0.823181,2026-09-07,353.000000,2.848998,0.804728,79633.750000,79608.770000
29813130,2026-09-07T13:30,79607.570000,0.400000,0.609660,2026-09-07,238.000000,1.426838,0.679348,79632.380000,79604.960000
29813131,2026-09-07T13:31,79612.320000,0.549300,0.357247,2026-09-07,224.000000,0.740513,0.449692,79620.160000,79601.010000
29813132,2026-09-07T13:32,79531.360000,-0.306000,-0.100517,2026-09-07,396.000000,13.064661,0.043541,79609.770000,79520.790000
29813133,2026-09-07T13:33,79469.260000,-0.541100,-0.912937,2026-09-07,375.000000,6.110284,0.179743,79519.620000,79457.080000
29813134,2026-09-07T13:34,79383.540000,-0.610500,-0.640242,2026-09-07,465.000000,21.567301,0.332496,79476.750000,79372.230000
29813135,2026-09-07T13:35,79357.670000,-0.086200,-0.335071,2026-09-07,297.000000,1.463902,0.442775,79426.030000,79346.300000
29813136,2026-09-07T13:36,79350.790000,0.630300,-0.153780,2026-09-07,326.000000,3.713801,0.478247,79357.670000,79308.540000
29813137,2026-09-07T13:37,79396.390000,0.045300,-0.025645,2026-09-07,402.000000,3.908865,0.850193,79405.270000,79298.410000
29813138,2026-09-07T13:38,79406.990000,0.748700,0.662562,2026-09-07,275.000000,1.407378,0.528670,79406.990000,79379.300000
29813139,2026-09-07T13:39,79406.990000,0.845300,0.130913,2026-09-07,157.000000,0.126603,0.297620,79409.240000,79405.000000
29813140,2026-09-07T13:40,79375.490000,0.719900,-0.190293,2026-09-07,301.000000,4.665695,0.119684,79409.240000,79343.950000
29813141,2026-09-07T13:41,79354.170000,0.310300,-0.770579,2026-09-07,221.000000,0.249653,0.503308,79380.000000,79343.950000
29813142,2026-09-07T13:42,79372.510000,0.297900,0.006528,2026-09-07,262.000000,0.677094,0.753705,79382.430000,79354.160000
29813143,2026-09-07T13:43,79364.110000,0.842200,0.511823,2026-09-07,234.000000,0.549717,0.546721,79372.520000,79356.160000
29813144,2026-09-07T13:44,79364.110000,0.585700,0.083234,2026-09-07,248.000000,1.332098,0.844358,79371.640000,79364.100000
29813145,2026-09-07T13:45,79373.990000,0.356400,0.688718,2026-09-07,303.000000,11.031328,0.098996,79373.990000,79338.670000
29813146,2026-09-07T13:46,79321.790000,0.653400,-0.821898,2026-09-07,372.000000,4.672354,0.116081,79373.980000,79300.190000
29813147,2026-09-07T13:47,79331.800000,0.479400,-0.684281,2026-09-07,334.000000,1.948696,0.495958,79331.610000,79302.080000
29813148,2026-09-07T13:48,79345.540000,0.503400,-0.007802,2026-09-07,265.000000,0.745137,0.660688,79346.510000,79331.600000
29813149,2026-09-07T13:49,79314.460000,0.811900,0.320239,2026-09-07,242.000000,1.292078,0.145302,79345.540000,79310.400000
29813150,2026-09-07T13:50,79314.450000,0.614300,-0.704856,2026-09-07,244.000000,1.147105,0.574289,79324.330000,79310.430000
29813151,2026-09-07T13:51,79326.330000,0.360200,0.146482,2026-09-07,203.000000,0.308457,0.936584,79327.200000,79314.440000
29813152,2026-09-07T13:52,79351.510000,0.129300,0.872602,2026-09-07,278.000000,1.599431,0.663038,79351.520000,79326.330000
29813153,2026-09-07T13:53,79388.540000,0.602100,0.324462,2026-09-07,263.000000,2.169172,0.984844,79389.540000,79351.500000
29813154,2026-09-07T13:54,79400.350000,0.493200,0.971514,2026-09-07,299.000000,2.362809,0.373891,79415.980000,79388.530000
29813155,2026-09-07T13:55,79399.290000,0.127100,-0.252433,2026-09-07,239.000000,1.479868,0.440616,79403.140000,79380.960000
29813156,2026-09-07T13:56,79374.390000,0.210300,-0.118956,2026-09-07,264.000000,1.577126,0.322660,79399.290000,79363.650000
29813157,2026-09-07T13:57,79374.390000,-0.114800,-0.354679,2026-09-07,223.000000,0.801526,0.279530,79384.480000,79374.380000
29813158,2026-09-07T13:58,79369.990000,0.387900,-0.437619,2026-09-07,207.000000,0.442654,0.539628,79374.390000,79356.170000
29813159,2026-09-07T13:59,79344.850000,0.214400,0.075388,2026-09-07,263.000000,2.221355,0.187044,79370.000000,79337.060000
29813160,2026-09-07T14:00,79374.100000,0.537500,-0.623325,2026-09-07,401.000000,3.083434,0.902768,79381.770000,79324.240000
29813161,2026-09-07T14:01,79370.330000,-0.056200,0.821169,2026-09-07,254.000000,0.843037,0.796623,79382.990000,79356.180000
29813162,2026-09-07T14:02,79389.510000,0.345300,0.398126,2026-09-07,279.000000,0.623208,0.579740,79392.830000,79370.330000
29813163,2026-09-07T14:03,79393.420000,-0.203200,0.166191,2026-09-07,312.000000,2.276782,0.949395,79398.850000,79384.030000
29813164,2026-09-07T14:04,79328.830000,-0.061900,0.898574,2026-09-07,358.000000,3.383166,0.107964,79394.500000,79320.960000
29813165,2026-09-07T14:05,79299.050000,0.249500,-0.777452,2026-09-07,412.000000,17.776161,0.053569,79335.940000,79264.120000
29813166,2026-09-07T14:06,79182.260000,-0.367700,-0.897050,2026-09-07,519.000000,9.065017,0.356466,79299.050000,79164.300000
29813167,2026-09-07T14:07,79130.080000,0.103600,-0.168456,2026-09-07,388.000000,3.545281,0.775292,79218.090000,79123.450000
29813168,2026-09-07T14:08,79147.120000,0.043000,0.480018,2026-09-07,396.000000,4.056018,0.801203,79186.650000,79117.000000
29813169,2026-09-07T14:09,79138.140000,-0.121500,0.584552,2026-09-07,391.000000,4.541359,0.262153,79161.180000,79109.950000
29813170,2026-09-07T14:10,79194.490000,0.071100,-0.158940,2026-09-07,405.000000,4.524083,0.778549,79199.260000,79130.740000
29813171,2026-09-07T14:11,79200.490000,0.080800,0.350060,2026-09-07,541.000000,7.466451,0.879806,79235.530000,79173.760000
29813172,2026-09-07T14:12,79158.450000,-0.142900,0.732329,2026-09-07,370.000000,4.509818,0.147784,79200.490000,79155.970000
29813173,2026-09-07T14:13,79112.640000,-0.335800,-0.704218,2026-09-07,334.000000,3.109912,0.580185,79161.330000,79101.450000
29813174,2026-09-07T14:14,79173.760000,0.184300,0.181349,2026-09-07,351.000000,6.051951,0.633669,79181.550000,79112.630000
29813175,2026-09-07T14:15,79158.920000,-0.416900,0.260622,2026-09-07,312.000000,2.902824,0.606422,79173.760000,79143.140000
29813176,2026-09-07T14:16,79211.900000,0.283300,0.229303,2026-09-07,361.000000,2.886815,0.531824,79210.560000,79143.490000
29813177,2026-09-07T14:17,79149.350000,0.097500,-0.026298,2026-09-07,322.000000,2.748143,0.433148,79215.010000,79147.860000
29813178,2026-09-07T14:18,79136.120000,0.309300,-0.043266,2026-09-07,329.000000,3.728773,0.700184,79155.330000,79088.640000
29813179,2026-09-07T14:19,79132.070000,-0.126000,0.399207,2026-09-07,278.000000,2.846764,0.157046,79151.240000,79119.130000
29813180,2026-09-07T14:20,79124.420000,-0.245800,-0.685758,2026-09-07,336.000000,3.833963,0.737936,79132.070000,79079.000000
29813181,2026-09-07T14:21,79064.740000,-0.185900,0.453406,2026-09-07,419.000000,5.291066,0.411189,79124.370000,79026.780000
29813182,2026-09-07T14:22,79106.540000,0.187400,-0.168839,2026-09-07,292.000000,4.427206,0.713705,79109.990000,79064.740000
29813183,2026-09-07T14:23,79067.240000,-0.384600,0.427416,2026-09-07,277.000000,3.911131,0.197413,79106.540000,79063.380000
29813184,2026-09-07T14:24,79072.300000,-0.067000,-0.602312,2026-09-07,293.000000,1.682054,0.485435,79087.490000,79053.420000
29813185,2026-09-07T14:25,79095.900000,-0.271800,-0.033599,2026-09-07,340.000000,6.201255,0.914931,79112.230000,79072.300000
29813186,2026-09-07T14:26,79115.350000,-0.481300,0.829861,2026-09-07,291.000000,3.868569,0.951651,79129.910000,79095.900000
29813187,2026-09-07T14:27,79090.100000,-0.052900,0.697724,2026-09-07,439.000000,10.829441,0.285774,79115.340000,79024.870000
29813188,2026-09-07T14:28,79085.400000,0.159500,-0.401436,2026-09-07,297.000000,3.064411,0.383947,79101.530000,79064.330000
29813189,2026-09-07T14:29,79046.410000,-0.471500,-0.232509,2026-09-07,272.000000,2.162809,0.510420,79091.810000,79027.000000
29813190,2026-09-07T14:30,79014.860000,-0.405500,0.018880,2026-09-07,406.000000,3.844880,0.496672,79062.450000,79008.090000
29813191,2026-09-07T14:31,79031.080000,-0.239600,-0.007348,2026-09-07,341.000000,5.872541,0.596801,79049.010000,79001.850000
29813192,2026-09-07T14:32,79044.980000,-0.112600,0.194241,2026-09-07,309.000000,5.294461,0.833626,79096.480000,79031.070000
29813193,2026-09-07T14:33,79009.580000,0.918400,0.672590,2026-09-07,223.000000,1.271897,0.402623,79050.430000,79002.010000
29813194,2026-09-07T14:34,79042.960000,0.055100,-0.282170,2026-09-07,488.000000,53.838012,0.116079,79060.490000,78999.020000
29813195,2026-09-07T14:35,79077.890000,-0.385300,-0.767932,2026-09-07,289.000000,2.309951,0.861624,79077.960000,79037.790000
29813196,2026-09-07T14:36,79073.050000,0.409500,0.679527,2026-09-07,378.000000,5.405652,0.146385,79076.920000,79027.840000
29813197,2026-09-07T14:37,79066.620000,-0.435500,-0.703957,2026-09-07,398.000000,5.768225,0.777288,79100.800000,79050.080000
29813198,2026-09-07T14:38,79027.850000,-0.400200,0.058651,2026-09-07,358.000000,4.574479,0.144201,79068.890000,79027.840000
29813199,2026-09-07T14:39,79027.880000,-0.070200,-0.315579,2026-09-07,256.000000,0.938746,0.433486,79038.530000,79025.000000
29813200,2026-09-07T14:40,79016.490000,-0.196100,-0.119027,2026-09-07,379.000000,7.443232,0.100781,79035.000000,79000.010000
29813201,2026-09-07T14:41,78993.620000,-0.305000,-0.795388,2026-09-07,305.000000,1.539584,0.280409,79016.800000,78993.620000
29813202,2026-09-07T14:42,79021.460000,-0.431800,-0.443359,2026-09-07,466.000000,4.480242,0.527123,79023.800000,78940.400000
29813203,2026-09-07T14:43,79051.690000,0.467400,0.055249,2026-09-07,407.000000,3.607727,0.523303,79052.430000,78999.530000
29813204,2026-09-07T14:44,79026.350000,-0.385100,0.133258,2026-09-07,349.000000,2.896319,0.689365,79057.720000,79015.690000
29813205,2026-09-07T14:45,79038.040000,-0.122400,0.265243,2026-09-07,296.000000,3.369179,0.756274,79038.030000,79018.000000
29813206,2026-09-07T14:46,79029.010000,-0.692800,0.535977,2026-09-07,415.000000,4.857478,0.294454,79075.000000,79029.010000
29813207,2026-09-07T14:47,79034.200000,0.029500,-0.413645,2026-09-07,342.000000,5.572107,0.609166,79043.350000,79014.070000
29813208,2026-09-07T14:48,79053.380000,-0.204900,0.221799,2026-09-07,261.000000,1.696075,0.956108,79055.980000,79033.790000
29813209,2026-09-07T14:49,79077.520000,-0.475900,0.912959,2026-09-07,332.000000,3.228911,0.827676,79087.760000,79053.650000
29813210,2026-09-07T14:50,79078.790000,-0.341900,0.655243,2026-09-07,269.000000,1.154857,0.641852,79084.410000,79075.000000
29813211,2026-09-07T14:51,79091.640000,0.080200,0.261021,2026-09-07,297.000000,2.474300,0.633769,79094.830000,79071.040000
29813212,2026-09-07T14:52,79193.990000,0.050500,0.273810,2026-09-07,480.000000,3.116185,0.720041,79203.730000,79091.970000
29813213,2026-09-07T14:53,79223.990000,0.434900,0.440084,2026-09-07,330.000000,1.440576,0.684949,79224.930000,79180.110000
29813214,2026-09-07T14:54,79242.610000,0.097800,0.369897,2026-09-07,323.000000,3.015210,0.324114,79271.040000,79226.980000
29813215,2026-09-07T14:55,79202.240000,0.033600,-0.351772,2026-09-07,286.000000,2.156415,0.528266,79242.620000,79200.010000
29813216,2026-09-07T14:56,79211.990000,0.422900,0.057078,2026-09-07,255.000000,0.928240,0.761724,79211.980000,79200.670000
29813217,2026-09-07T14:57,79201.790000,-0.267200,0.522847,2026-09-07,199.000000,0.927153,0.482022,79215.000000,79198.080000
29813218,2026-09-07T14:58,79191.880000,-0.270100,-0.083868,2026-09-07,282.000000,3.246350,0.741605,79217.400000,79190.760000
29813219,2026-09-07T14:59,79184.140000,-0.328100,0.506145,2026-09-07,257.000000,1.085525,0.526384,79192.930000,79179.060000
29813220,2026-09-07T15:00,79152.460000,-0.270400,0.050529,2026-09-07,255.000000,0.634388,0.216160,79184.110000,79150.220000
29813221,2026-09-07T15:01,79169.890000,0.573100,-0.571422,2026-09-07,402.000000,3.651399,0.109301,79174.000000,79130.860000
29813222,2026-09-07T15:02,79137.360000,-0.190400,-0.777003,2026-09-07,261.000000,0.593933,0.581592,79169.900000,79134.140000
29813223,2026-09-07T15:03,79111.390000,0.355400,0.175873,2026-09-07,303.000000,1.824136,0.488922,79140.340000,79110.300000
29813224,2026-09-07T15:04,79105.390000,0.155300,-0.021326,2026-09-07,266.000000,1.309071,0.774735,79125.040000,79104.930000
29813225,2026-09-07T15:05,79088.170000,-0.169400,0.550968,2026-09-07,353.000000,5.177787,0.870424,79111.400000,79076.470000
29813226,2026-09-07T15:06,79037.230000,0.424600,0.740527,2026-09-07,376.000000,3.560334,0.486691,79076.480000,79018.800000
29813227,2026-09-07T15:07,79050.580000,0.507300,0.045101,2026-09-07,372.000000,6.323263,0.626151,79100.570000,79037.230000
29813228,2026-09-07T15:08,79055.390000,-0.105200,0.219297,2026-09-07,278.000000,0.819291,0.624459,79065.000000,79050.580000
29813229,2026-09-07T15:09,79080.580000,0.796400,0.249882,2026-09-07,340.000000,2.785516,0.462336,79085.240000,79055.340000
29813230,2026-09-07T15:10,79092.490000,0.176700,-0.075735,2026-09-07,305.000000,1.234562,0.562256,79100.000000,79071.960000
29813231,2026-09-07T15:11,79056.480000,0.082900,0.142928,2026-09-07,269.000000,3.153864,0.118401,79092.490000,79046.690000
29813232,2026-09-07T15:12,79054.640000,0.027700,-0.778166,2026-09-07,226.000000,1.257321,0.948390,79054.640000,79040.000000
29813233,2026-09-07T15:13,79069.950000,0.137900,0.897406,2026-09-07,231.000000,0.400263,0.828646,79071.340000,79054.630000
29813234,2026-09-07T15:14,79027.850000,0.212200,0.656798,2026-09-07,206.000000,0.502488,0.635017,79071.340000,79027.840000
29813235,2026-09-07T15:15,79040.010000,-0.018000,0.250346,2026-09-07,365.000000,5.692139,0.302607,79065.000000,79000.980000
29813236,2026-09-07T15:16,79026.830000,0.145300,-0.393959,2026-09-07,261.000000,1.326895,0.731678,79040.000000,79011.130000
29813237,2026-09-07T15:17,78987.770000,-0.085800,0.463463,2026-09-07,347.000000,36.560111,0.037094,79034.970000,78986.030000
29813238,2026-09-07T15:18,79032.540000,0.409200,-0.925545,2026-09-07,815.000000,24.789104,0.235001,79032.540000,78818.940000
29813239,2026-09-07T15:19,79121.110000,0.226200,-0.534466,2026-09-07,490.000000,4.859764,0.461252,79125.110000,79007.950000
29813240,2026-09-07T15:20,79051.480000,0.104800,-0.033383,2026-09-07,307.000000,2.199834,0.180111,79137.610000,79051.470000
29813241,2026-09-07T15:21,79087.420000,0.320200,-0.633997,2026-09-07,265.000000,1.309286,0.261882,79107.190000,79051.480000
29813242,2026-09-07T15:22,79080.320000,0.214600,-0.485487,2026-09-07,313.000000,6.503597,0.114641,79091.690000,79044.190000
29813243,2026-09-07T15:23,79086.710000,-0.126300,-0.759910,2026-09-07,248.000000,0.311206,0.505863,79089.230000,79080.310000
29813244,2026-09-07T15:24,79094.620000,0.232800,-0.129685,2026-09-07,358.000000,2.576186,0.273514,79094.630000,79065.010000
29813245,2026-09-07T15:25,79106.820000,0.363300,-0.455110,2026-09-07,277.000000,1.199884,0.621452,79109.350000,79060.080000
29813246,2026-09-07T15:26,79072.820000,-0.325300,0.252991,2026-09-07,299.000000,2.788882,0.795413,79115.980000,79070.960000
29813247,2026-09-07T15:27,79059.290000,0.114700,0.591704,2026-09-07,225.000000,2.413841,0.280055,79085.000000,79052.160000
29813248,2026-09-07T15:28,79038.580000,-0.191900,-0.412822,2026-09-07,250.000000,1.380676,0.460782,79073.840000,79030.770000
29813249,2026-09-07T15:29,79019.480000,-0.109300,-0.120658,2026-09-07,198.000000,0.475041,0.457528,79038.590000,79008.900000
29813250,2026-09-07T15:30,78959.950000,-0.141300,0.027703,2026-09-07,405.000000,19.919103,0.094371,79025.980000,78955.010000
29813251,2026-09-07T15:31,78922.360000,-0.199600,-0.815254,2026-09-07,375.000000,6.178023,0.127166,78959.940000,78886.660000
29813252,2026-09-07T15:32,78900.890000,0.193100,-0.747864,2026-09-07,292.000000,2.208890,0.476502,78923.990000,78865.230000
29813253,2026-09-07T15:33,78845.450000,0.244700,-0.047008,2026-09-07,354.000000,3.510820,0.474138,78900.890000,78834.300000
29813254,2026-09-07T15:34,78830.200000,-0.047200,-0.058585,2026-09-07,578.000000,12.462985,0.234923,78857.590000,78758.000000
29813255,2026-09-07T15:35,78868.540000,0.244300,-0.529187,2026-09-07,355.000000,3.997166,0.154534,78885.000000,78801.940000
29813256,2026-09-07T15:36,78816.490000,0.177300,-0.690652,2026-09-07,314.000000,4.679466,0.611343,78898.570000,78804.860000
29813257,2026-09-07T15:37,78783.850000,0.029200,0.223032,2026-09-07,300.000000,3.492066,0.375891,78840.860000,78759.000000
29813258,2026-09-07T15:38,78757.040000,0.039900,-0.252347,2026-09-07,336.000000,5.054139,0.208838,78804.300000,78732.740000
29813259,2026-09-07T15:39,78754.850000,0.068400,-0.566620,2026-09-07,269.000000,3.287335,0.069051,78798.000000,78754.840000
29813260,2026-09-07T15:40,78720.860000,-0.089700,-0.767139,2026-09-07,394.000000,3.811206,0.530854,78790.390000,78705.890000
29813261,2026-09-07T15:41,78679.860000,-0.092400,-0.166864,2026-09-07,455.000000,5.182892,0.244754,78727.160000,78676.230000
29813262,2026-09-07T15:42,78755.800000,-0.585400,-0.419059,2026-09-07,439.000000,5.961683,0.346062,78755.000000,78666.000000
29813263,2026-09-07T15:43,78760.450000,-0.101600,-0.314226,2026-09-07,340.000000,7.732645,0.119931,78788.980000,78724.070000
29813264,2026-09-07T15:44,78759.550000,0.084300,-0.763499,2026-09-07,328.000000,2.663023,0.655843,78790.490000,78746.650000
29813265,2026-09-07T15:45,78713.040000,0.964100,0.274406,2026-09-07,282.000000,1.396606,0.732404,78760.660000,78700.010000
29813266,2026-09-07T15:46,78730.120000,-0.061400,0.639957,2026-09-07,398.000000,4.534503,0.678261,78753.240000,78685.260000
29813267,2026-09-07T15:47,78756.170000,0.101700,0.337236,2026-09-07,375.000000,4.124135,0.468582,78797.230000,78724.230000
29813268,2026-09-07T15:48,78821.010000,-0.028400,-0.017109,2026-09-07,368.000000,4.142501,0.749881,78838.660000,78756.300000
29813269,2026-09-07T15:49,78838.860000,0.421800,0.485613,2026-09-07,250.000000,0.899233,0.426720,78839.940000,78814.870000
29813270,2026-09-07T15:50,78842.350000,0.032100,-0.143362,2026-09-07,374.000000,4.121767,0.777461,78850.000000,78820.580000
29813271,2026-09-07T15:51,78820.570000,0.344500,0.554890,2026-09-07,281.000000,0.932940,0.423522,78850.460000,78812.050000
29813272,2026-09-07T15:52,78831.300000,0.093900,-0.155446,2026-09-07,234.000000,0.854405,0.708098,78844.680000,78820.560000
29813273,2026-09-07T15:53,78830.290000,-0.091200,0.416821,2026-09-07,253.000000,0.742161,0.382437,78835.140000,78815.510000
29813274,2026-09-07T15:54,78828.990000,0.295400,-0.216687,2026-09-07,261.000000,0.535999,0.830251,78830.290000,78816.280000
29813275,2026-09-07T15:55,78783.010000,0.014800,0.652289,2026-09-07,416.000000,5.504728,0.208781,78844.720000,78783.010000
29813276,2026-09-07T15:56,78743.260000,-0.671800,-0.582449,2026-09-07,310.000000,2.612079,0.183515,78783.020000,78743.250000
29813277,2026-09-07T15:57,78781.540000,0.251900,-0.632951,2026-09-07,308.000000,1.822687,0.773340,78793.980000,78736.380000
29813278,2026-09-07T15:58,78841.320000,0.213800,0.546661,2026-09-07,384.000000,1.171911,0.820248,78845.990000,78781.530000
29813279,2026-09-07T15:59,78799.290000,-0.215100,0.605589,2026-09-07,310.000000,1.378408,0.675341,78835.420000,78792.160000
29813280,2026-09-07T16:00,78850.290000,0.443700,0.377305,2026-09-07,399.000000,5.607486,0.800068,78883.900000,78803.460000
29813281,2026-09-07T16:01,78853.330000,-0.119700,0.603634,2026-09-07,299.000000,0.857251,0.548835,78884.960000,78850.280000
29813282,2026-09-07T16:02,78903.080000,0.060300,0.059819,2026-09-07,338.000000,1.192825,0.563360,78911.450000,78855.350000
29813283,2026-09-07T16:03,78889.580000,-0.076600,0.113644,2026-09-07,397.000000,6.372960,0.349917,78910.860000,78880.210000
29813284,2026-09-07T16:04,78895.970000,-0.147000,-0.298196,2026-09-07,181.000000,0.950610,0.642254,78911.120000,78889.140000
29813285,2026-09-07T16:05,78895.970000,-0.147000,0.277255,2026-09-07,,,,,
29813286,2026-09-07T16:06,78895.970000,-0.147000,0.000000,2026-09-07,,,,,
29813287,2026-09-07T16:07,78895.970000,-0.147000,0.000000,2026-09-07,,,,,
29813288,2026-09-07T16:08,78866.990000,0.539200,0.000000,2026-09-07,298.000000,1.384991,0.394106,78866.990000,78848.980000
29813289,2026-09-07T16:09,78863.040000,0.028700,-0.211594,2026-09-07,279.000000,2.519838,0.424726,78887.990000,78857.560000
29813290,2026-09-07T16:10,78861.360000,0.345700,-0.150697,2026-09-07,243.000000,0.732688,0.656210,78874.960000,78858.840000
29813291,2026-09-07T16:11,78868.820000,0.686700,0.312670,2026-09-07,291.000000,1.232130,0.267301,78870.000000,78860.070000
29813292,2026-09-07T16:12,78883.570000,0.163200,-0.462490,2026-09-07,511.000000,6.177586,0.072594,78890.000000,78868.170000
29813293,2026-09-07T16:13,78883.490000,-0.221900,-0.859451,2026-09-07,380.000000,10.008385,0.033778,78898.490000,78877.650000
29813294,2026-09-07T16:14,78891.890000,-0.112100,-0.931294,2026-09-07,257.000000,2.554700,0.304556,78903.000000,78883.480000
29813295,2026-09-07T16:15,78860.010000,-0.180400,-0.393015,2026-09-07,288.000000,4.973170,0.214309,78891.890000,78860.000000
29813296,2026-09-07T16:16,78836.520000,0.066400,-0.591125,2026-09-07,426.000000,9.266950,0.063859,78860.010000,78794.610000
29813297,2026-09-07T16:17,78857.860000,0.195900,-0.868994,2026-09-07,318.000000,2.977872,0.433092,78862.260000,78818.900000
29813298,2026-09-07T16:18,78882.040000,0.169800,-0.133816,2026-09-07,293.000000,1.661630,0.462445,78889.220000,78857.860000
29813299,2026-09-07T16:19,78870.390000,-0.123300,-0.073777,2026-09-07,328.000000,3.660922,0.039665,78882.690000,78870.020000
29813300,2026-09-07T16:20,78857.330000,0.245000,-0.923293,2026-09-07,338.000000,8.463524,0.110548,78877.670000,78844.100000
29813301,2026-09-07T16:21,78839.320000,-0.170400,-0.782753,2026-09-07,270.000000,4.859245,0.162325,78859.680000,78829.900000
29813302,2026-09-07T16:22,78839.990000,0.391700,-0.665651,2026-09-07,345.000000,5.096395,0.273145,78841.580000,78805.010000
29813303,2026-09-07T16:23,78830.120000,0.102100,-0.453706,2026-09-07,251.000000,2.610748,0.196470,78851.240000,78829.830000
29813304,2026-09-07T16:24,78800.010000,-0.079500,-0.607061,2026-09-07,292.000000,5.882038,0.240199,78830.940000,78800.000000
29813305,2026-09-07T16:25,78801.710000,0.359600,-0.528285,2026-09-07,412.000000,8.191659,0.115608,78809.740000,78785.630000
29813306,2026-09-07T16:26,78778.110000,0.112300,-0.765832,2026-09-07,371.000000,5.320016,0.205638,78834.000000,78778.110000
29813307,2026-09-07T16:27,78802.890000,-0.207600,-0.564660,2026-09-07,266.000000,4.858025,0.289696,78802.900000,78778.110000
29813308,2026-09-07T16:28,78827.330000,0.149000,-0.444940,2026-09-07,313.000000,3.262547,0.123850,78831.480000,78800.450000
29813309,2026-09-07T16:29,78804.900000,-0.290700,-0.751114,2026-09-07,250.000000,5.215049,0.270761,78827.330000,78797.040000
29813310,2026-09-07T16:30,78814.050000,-0.469300,-0.458250,2026-09-07,184.000000,2.119516,0.320308,78828.800000,78804.880000
29813311,2026-09-07T16:31,78840.800000,0.115600,-0.361298,2026-09-07,278.000000,2.683114,0.680158,78844.600000,78817.160000
29813312,2026-09-07T16:32,78904.710000,-0.160700,0.360920,2026-09-07,345.000000,3.032169,0.461186,78929.750000,78840.800000
29813313,2026-09-07T16:33,78875.020000,0.226100,-0.076783,2026-09-07,262.000000,4.526806,0.099991,78904.720000,78874.450000
29813314,2026-09-07T16:34,78913.390000,-0.029500,-0.801016,2026-09-07,267.000000,1.610309,0.740697,78936.330000,78875.030000
29813315,2026-09-07T16:35,78942.610000,0.278400,0.481393,2026-09-07,228.000000,0.908462,0.377423,78951.350000,78909.440000
29813316,2026-09-07T16:36,78957.110000,0.289700,-0.244986,2026-09-07,286.000000,1.431972,0.502107,78969.620000,78948.530000
29813317,2026-09-07T16:37,78984.360000,-0.167800,0.005235,2026-09-07,451.000000,2.719617,0.514092,79014.510000,78957.110000
29813318,2026-09-07T16:38,78997.010000,0.418400,0.028869,2026-09-07,261.000000,1.213339,0.767749,78997.020000,78981.950000
29813319,2026-09-07T16:39,78996.290000,0.261100,0.534151,2026-09-07,373.000000,6.641428,0.827352,79013.990000,78995.150000
29813320,2026-09-07T16:40,78989.730000,0.210500,0.654774,2026-09-07,197.000000,4.006984,0.219383,78996.290000,78978.400000
29813321,2026-09-07T16:41,79018.290000,-0.163400,-0.562795,2026-09-07,313.000000,2.549168,0.721269,79019.970000,78988.960000
29813322,2026-09-07T16:42,79007.880000,0.079200,0.447966,2026-09-07,222.000000,0.318191,0.521335,79009.900000,78998.360000
29813323,2026-09-07T16:43,78998.920000,0.327200,0.042918,2026-09-07,230.000000,1.744163,0.299187,79007.880000,78990.160000
29813324,2026-09-07T16:44,78988.110000,-0.046400,-0.401621,2026-09-07,322.000000,5.517848,0.602656,79005.920000,78972.280000
29813325,2026-09-07T16:45,78988.110000,0.067200,0.205033,2026-09-07,283.000000,3.705848,0.539036,79006.190000,78987.290000
29813326,2026-09-07T16:46,78969.830000,0.166900,0.078813,2026-09-07,193.000000,2.669525,0.221109,78985.260000,78964.750000
29813327,2026-09-07T16:47,78958.860000,-0.001900,-0.558650,2026-09-07,218.000000,0.779329,0.480614,78975.140000,78956.380000
29813328,2026-09-07T16:48,78971.960000,0.057900,-0.038772,2026-09-07,263.000000,0.518083,0.772526,78972.740000,78956.380000
29813329,2026-09-07T16:49,78969.330000,0.093400,0.545304,2026-09-07,235.000000,0.772057,0.637011,78972.220000,78964.030000
29813330,2026-09-07T16:50,78969.330000,0.078000,0.273813,2026-09-07,234.000000,0.651436,0.897546,78969.330000,78950.300000
29813331,2026-09-07T16:51,78990.010000,0.141000,0.794895,2026-09-07,217.000000,1.064267,0.726300,78990.010000,78962.020000
29813332,2026-09-07T16:52,79010.990000,0.600600,0.453036,2026-09-07,287.000000,2.281050,0.926606,79010.990000,78989.930000
29813333,2026-09-07T16:53,78995.610000,-0.072400,0.829743,2026-09-07,215.000000,0.564059,0.683864,79010.990000,78994.280000
29813334,2026-09-07T16:54,78989.990000,0.110400,0.438406,2026-09-07,252.000000,0.752653,0.292497,79003.300000,78989.990000
29813335,2026-09-07T16:55,78989.070000,0.331700,-0.414880,2026-09-07,192.000000,2.441404,0.136603,79004.980000,78984.360000
29813336,2026-09-07T16:56,78991.360000,0.372400,-0.724185,2026-09-07,216.000000,0.800690,0.686122,78996.480000,78974.570000
29813337,2026-09-07T16:57,78982.550000,0.028100,0.369278,2026-09-07,277.000000,1.630379,0.207546,79004.230000,78982.060000
29813338,2026-09-07T16:58,78969.330000,0.538700,-0.585044,2026-09-07,371.000000,3.939237,0.363762,78995.980000,78953.570000
29813339,2026-09-07T16:59,79010.990000,0.947800,-0.249386,2026-09-07,365.000000,3.844116,0.741456,79010.990000,78969.340000
29813340,2026-09-07T17:00,79012.520000,0.154000,0.473324,2026-09-07,255.000000,1.138748,0.656711,79020.730000,79006.240000
29813341,2026-09-07T17:01,79010.710000,0.640600,0.310581,2026-09-07,230.000000,1.197672,0.213703,79012.820000,78995.280000
29813342,2026-09-07T17:02,79009.830000,0.713100,-0.568167,2026-09-07,227.000000,2.015241,0.208431,79010.710000,79003.680000
29813343,2026-09-07T17:03,79009.830000,0.453500,-0.585547,2026-09-07,201.000000,5.717753,0.420431,79009.830000,78999.520000
29813344,2026-09-07T17:04,79007.900000,0.129300,-0.159026,2026-09-07,231.000000,1.096743,0.077785,79009.830000,79006.050000
29813345,2026-09-07T17:05,79038.920000,0.160500,-0.845360,2026-09-07,182.000000,0.773016,0.845241,79038.960000,79007.900000
29813346,2026-09-07T17:06,79060.210000,0.140200,0.690483,2026-09-07,435.000000,2.350637,0.534069,79076.100000,79021.670000
29813347,2026-09-07T17:07,79071.210000,-0.080400,0.070857,2026-09-07,238.000000,0.998763,0.585182,79077.850000,79043.750000
29813348,2026-09-07T17:08,79077.850000,0.098800,0.173807,2026-09-07,264.000000,0.983223,0.380264,79077.850000,79043.460000
29813349,2026-09-07T17:09,79076.850000,0.247200,-0.211941,2026-09-07,243.000000,0.698714,0.675577,79082.140000,79066.790000
29813350,2026-09-07T17:10,79087.080000,0.133800,0.318578,2026-09-07,248.000000,1.110571,0.627084,79091.980000,79076.840000
29813351,2026-09-07T17:11,79094.960000,0.290400,0.254167,2026-09-07,247.000000,0.763883,0.686301,79096.580000,79085.480000
29813352,2026-09-07T17:12,79110.900000,0.350500,0.372105,2026-09-07,244.000000,0.584479,0.800272,79110.910000,79090.400000
29813353,2026-09-07T17:13,79127.050000,0.179600,0.604685,2026-09-07,249.000000,0.946970,0.352970,79129.840000,79107.150000
29813354,2026-09-07T17:14,79140.080000,-0.153000,-0.300929,2026-09-07,255.000000,0.951930,0.299638,79140.710000,79127.050000
29813355,2026-09-07T17:15,79106.740000,0.068500,-0.401538,2026-09-07,252.000000,1.187693,0.622493,79135.250000,79090.920000
29813356,2026-09-07T17:16,79112.610000,0.138300,0.246344,2026-09-07,251.000000,0.799674,0.417055,79126.450000,79106.740000
29813357,2026-09-07T17:17,79131.240000,0.137300,-0.164935,2026-09-07,281.000000,4.634004,0.944695,79142.730000,79112.610000
29813358,2026-09-07T17:18,79127.290000,-0.133600,0.889449,2026-09-07,247.000000,0.789864,0.236652,79141.490000,79127.280000
29813359,2026-09-07T17:19,79132.620000,0.451100,-0.526466,2026-09-07,226.000000,1.063344,0.309511,79137.510000,79127.280000
29813360,2026-09-07T17:20,79145.490000,0.054900,-0.381151,2026-09-07,226.000000,1.373319,0.641503,79148.160000,79132.620000
29813361,2026-09-07T17:21,79118.330000,-0.060700,0.283819,2026-09-07,228.000000,2.202034,0.373419,79142.870000,79116.270000
29813362,2026-09-07T17:22,79120.890000,-0.042800,-0.511253,2026-09-07,271.000000,1.868121,0.243289,79120.900000,79090.000000
29813363,2026-09-07T17:23,79103.110000,-0.195500,0.283257,2026-09-07,216.000000,0.599476,0.468216,79121.070000,79100.000000
29813364,2026-09-07T17:24,79103.110000,0.569600,-0.265264,2026-09-07,249.000000,1.588111,0.342366,79103.120000,79088.000000
29813365,2026-09-07T17:25,79093.850000,0.301400,-0.235973,2026-09-07,280.000000,1.399508,0.561799,79103.120000,79077.470000
29813366,2026-09-07T17:26,79093.850000,0.259400,0.123476,2026-09-07,216.000000,0.661464,0.787892,79101.840000,79090.920000
29813367,2026-09-07T17:27,79093.710000,0.103700,0.577340,2026-09-07,239.000000,0.766056,0.507361,79108.030000,79082.650000
29813368,2026-09-07T17:28,79124.850000,0.146700,0.010942,2026-09-07,375.000000,2.081108,0.486166,79136.990000,79093.710000
29813369,2026-09-07T17:29,79105.510000,0.148800,-0.017487,2026-09-07,232.000000,1.943460,0.483198,79145.490000,79100.000000
29813370,2026-09-07T17:30,79105.490000,0.741000,-0.043048,2026-09-07,197.000000,0.328481,0.813943,79110.000000,79105.480000
29813371,2026-09-07T17:31,79105.490000,0.364100,0.624863,2026-09-07,217.000000,0.716774,0.244970,79105.500000,79101.670000
29813372,2026-09-07T17:32,79093.570000,-0.061900,-0.498424,2026-09-07,191.000000,0.351983,0.265791,79105.500000,79093.560000
29813373,2026-09-07T17:33,79095.010000,-0.087000,-0.494497,2026-09-07,250.000000,0.644972,0.329719,79102.650000,79093.410000
29813374,2026-09-07T17:34,79078.240000,0.163300,-0.327679,2026-09-07,224.000000,0.761364,0.578939,79088.900000,79073.390000
29813375,2026-09-07T17:35,79070.990000,-0.042100,0.150899,2026-09-07,223.000000,0.659476,0.529681,79078.240000,79069.000000
29813376,2026-09-07T17:36,79100.740000,0.360400,0.062714,2026-09-07,281.000000,1.182415,0.577490,79100.750000,79054.940000
29813377,2026-09-07T17:37,79110.010000,0.645100,0.148553,2026-09-07,217.000000,0.352823,0.925118,79111.630000,79100.820000
29813378,2026-09-07T17:38,79105.740000,0.071300,0.876125,2026-09-07,282.000000,0.987832,0.326561,79126.310000,79102.000000
29813379,2026-09-07T17:39,79136.640000,0.199700,-0.342710,2026-09-07,251.000000,1.725589,0.458914,79136.640000,79105.740000
29813380,2026-09-07T17:40,79139.990000,0.497900,-0.080002,2026-09-07,275.000000,0.635303,0.411988,79140.000000,79118.250000
29813381,2026-09-07T17:41,79149.990000,0.772400,-0.178735,2026-09-07,253.000000,0.895198,0.488127,79154.980000,79141.480000
29813382,2026-09-07T17:42,79157.960000,-0.028100,-0.029598,2026-09-07,275.000000,1.300758,0.690621,79163.980000,79133.180000
29813383,2026-09-07T17:43,79150.850000,-0.425500,0.358041,2026-09-07,246.000000,2.601710,0.137144,79160.080000,79131.570000
29813384,2026-09-07T17:44,79146.820000,0.274500,-0.698343,2026-09-07,235.000000,0.455652,0.914368,79146.820000,79131.830000
29813385,2026-09-07T17:45,79163.990000,0.222700,0.811791,2026-09-07,223.000000,0.954415,0.686754,79164.000000,79146.810000
29813386,2026-09-07T17:46,79143.010000,0.392800,0.373557,2026-09-07,219.000000,0.988066,0.813020,79164.000000,79143.010000
29813387,2026-09-07T17:47,79144.010000,-0.053000,0.627622,2026-09-07,256.000000,0.516532,0.562996,79157.680000,79139.910000
29813388,2026-09-07T17:48,79129.140000,0.076500,0.118836,2026-09-07,245.000000,0.449324,0.749648,79144.000000,79123.490000
29813389,2026-09-07T17:49,79150.930000,0.559500,0.499174,2026-09-07,265.000000,0.815612,0.741985,79157.930000,79126.300000
29813390,2026-09-07T17:50,79159.120000,0.159100,0.484231,2026-09-07,495.000000,14.337320,0.898106,79182.930000,79150.930000
29813391,2026-09-07T17:51,79183.790000,-0.007300,0.796279,2026-09-07,235.000000,1.167865,0.267555,79197.730000,79159.120000
29813392,2026-09-07T17:52,79178.710000,0.435200,-0.471296,2026-09-07,249.000000,1.281951,0.451901,79198.250000,79175.150000
29813393,2026-09-07T17:53,79182.180000,0.158500,-0.086788,2026-09-07,200.000000,0.934992,0.445487,79182.190000,79170.600000
29813394,2026-09-07T17:54,79154.040000,-0.092900,-0.119248,2026-09-07,273.000000,1.577421,0.218582,79193.210000,79153.040000
29813395,2026-09-07T17:55,79166.390000,0.206100,-0.554746,2026-09-07,204.000000,0.207040,0.932195,79166.390000,79154.040000
29813396,2026-09-07T17:56,79157.540000,-0.308000,0.849201,2026-09-07,185.000000,1.515624,0.133096,79167.530000,79154.060000
29813397,2026-09-07T17:57,79153.040000,0.139000,-0.735477,2026-09-07,130.000000,0.268803,0.350060,79157.550000,79153.030000
29813398,2026-09-07T17:58,79169.990000,0.540100,-0.299681,2026-09-07,172.000000,0.744965,0.718457,79169.990000,79153.030000
29813399,2026-09-07T17:59,79174.920000,0.062400,0.267483,2026-09-07,241.000000,0.863225,0.247438,79174.920000,79159.040000
29813400,2026-09-07T18:00,79193.140000,-0.635500,-0.436771,2026-09-07,292.000000,2.228165,0.785343,79199.590000,79174.920000
29813401,2026-09-07T18:01,79184.710000,-0.149500,0.570179,2026-09-07,207.000000,3.299328,0.062818,79193.130000,79184.250000
29813402,2026-09-07T18:02,79156.640000,0.146100,-0.874330,2026-09-07,299.000000,6.039904,0.087713,79184.710000,79155.020000
29813403,2026-09-07T18:03,79158.230000,0.000000,-0.824233,2026-09-07,272.000000,1.876400,0.355118,79159.820000,79156.630000
29813404,2026-09-07T18:04,79159.110000,0.190800,-0.286642,2026-09-07,199.000000,1.334779,0.064974,79160.000000,79158.190000
29813405,2026-09-07T18:05,79152.980000,0.388600,-0.870051,2026-09-07,242.000000,3.968386,0.157479,79160.000000,79152.980000
29813406,2026-09-07T18:06,79184.150000,0.941800,-0.792393,2026-09-07,364.000000,4.560456,0.306067,79184.160000,79137.240000
29813407,2026-09-07T18:07,79180.550000,0.104000,0.112887,2026-09-07,331.000000,5.423760,0.200627,79195.490000,79148.170000
29813408,2026-09-07T18:08,79137.240000,0.479900,-0.598720,2026-09-07,251.000000,4.719022,0.064285,79180.560000,79137.240000
29813409,2026-09-07T18:09,79170.740000,0.924400,-0.871660,2026-09-07,372.000000,9.367555,0.580497,79170.540000,79126.820000
29813410,2026-09-07T18:10,79168.180000,0.637200,0.161527,2026-09-07,285.000000,6.836632,0.041800,79170.710000,79143.990000
29813411,2026-09-07T18:11,79191.830000,-0.505000,-0.916545,2026-09-07,291.000000,4.563432,0.761342,79191.830000,79160.220000
29813412,2026-09-07T18:12,79179.930000,0.495900,0.522312,2026-09-07,223.000000,3.675018,0.376287,79196.840000,79179.930000
29813413,2026-09-07T18:13,79163.260000,0.139600,-0.247327,2026-09-07,258.000000,4.747123,0.118488,79195.490000,79163.260000
29813414,2026-09-07T18:14,79164.170000,0.011600,-0.738677,2026-09-07,215.000000,3.905246,0.337706,79174.000000,79159.080000
29813415,2026-09-07T18:15,79184.170000,0.725400,-0.153041,2026-09-07,233.000000,1.098815,0.864209,79184.610000,79164.160000
29813416,2026-09-07T18:16,79174.890000,0.328200,0.729554,2026-09-07,221.000000,1.322847,0.196362,79184.170000,79163.860000
29813417,2026-09-07T18:17,79157.890000,0.563600,-0.612900,2026-09-07,265.000000,1.703854,0.383566,79174.900000,79157.890000
29813418,2026-09-07T18:18,79172.990000,0.570500,-0.232869,2026-09-07,259.000000,1.937403,0.967836,79172.990000,79157.890000
29813419,2026-09-07T18:19,79188.270000,0.612400,0.935712,2026-09-07,216.000000,0.208900,0.750855,79188.280000,79172.980000
29813420,2026-09-07T18:20,79182.390000,-0.059000,0.498803,2026-09-07,204.000000,1.549533,0.185990,79188.280000,79175.710000
29813421,2026-09-07T18:21,79183.040000,0.011200,-0.628077,2026-09-07,183.000000,0.115033,0.945630,79183.980000,79182.390000
29813422,2026-09-07T18:22,79152.460000,0.319000,0.427210,2026-09-07,218.000000,1.420452,0.080204,79184.630000,79152.450000
29813423,2026-09-07T18:23,79129.920000,0.392000,-0.836249,2026-09-07,320.000000,8.226171,0.100873,79152.460000,79122.030000
29813424,2026-09-07T18:24,79142.990000,0.497400,-0.797818,2026-09-07,239.000000,1.981184,0.381832,79142.990000,79124.810000
29813425,2026-09-07T18:25,79142.080000,0.175800,-0.237736,2026-09-07,388.000000,2.566335,0.163238,79166.820000,79139.970000
29813426,2026-09-07T18:26,79150.360000,0.066900,-0.675958,2026-09-07,174.000000,0.243546,0.773902,79150.370000,79142.080000
29813427,2026-09-07T18:27,79133.540000,0.603200,0.681396,2026-09-07,412.000000,3.887851,0.029673,79150.370000,79127.640000
29813428,2026-09-07T18:28,79132.290000,0.213100,-0.940653,2026-09-07,192.000000,1.964805,0.095782,79133.540000,79115.540000
29813429,2026-09-07T18:29,79142.950000,0.529300,-0.808802,2026-09-07,151.000000,0.295000,0.704406,79142.950000,79132.280000
29813430,2026-09-07T18:30,79119.010000,-0.172100,0.414134,2026-09-07,158.000000,2.924610,0.015502,79142.950000,79119.010000
29813431,2026-09-07T18:31,79125.010000,0.696400,-0.968967,2026-09-07,217.000000,2.784570,0.176165,79125.000000,79114.560000
29813432,2026-09-07T18:32,79101.200000,0.226300,-0.647669,2026-09-07,235.000000,2.919841,0.200230,79125.010000,79093.070000
29813433,2026-09-07T18:33,79091.010000,0.078400,-0.599618,2026-09-07,256.000000,4.048891,0.066266,79103.710000,79091.000000
29813434,2026-09-07T18:34,79103.710000,0.716600,-0.867467,2026-09-07,182.000000,0.751549,0.585971,79103.710000,79085.310000
29813435,2026-09-07T18:35,79125.740000,0.427400,0.172754,2026-09-07,276.000000,0.903269,0.914405,79125.740000,79103.700000
29813436,2026-09-07T18:36,79125.740000,0.289600,0.828811,2026-09-07,204.000000,1.634399,0.136871,79125.740000,79111.520000
29813437,2026-09-07T18:37,79105.670000,0.484700,-0.726392,2026-09-07,217.000000,3.586599,0.028973,79125.740000,79082.640000
29813438,2026-09-07T18:38,79105.670000,0.126200,-0.942041,2026-09-07,174.000000,0.733726,0.123557,79105.670000,79105.660000
29813439,2026-09-07T18:39,79108.490000,0.318900,-0.777821,2026-09-07,334.000000,5.857636,0.169283,79112.250000,79084.390000
29813440,2026-09-07T18:40,79113.010000,0.178200,-0.656723,2026-09-07,162.000000,1.467281,0.246093,79113.520000,79108.480000
29813441,2026-09-07T18:41,79113.010000,0.439300,-0.507151,2026-09-07,208.000000,4.182172,0.734297,79124.840000,79113.000000
29813442,2026-09-07T18:42,79143.730000,0.753100,0.459683,2026-09-07,213.000000,1.942026,0.374087,79143.730000,79113.000000
29813443,2026-09-07T18:43,79131.180000,0.530400,-0.239000,2026-09-07,419.000000,5.150431,0.533181,79152.370000,79119.590000
29813444,2026-09-07T18:44,79152.800000,0.454800,0.065340,2026-09-07,330.000000,2.998077,0.293696,79161.770000,79131.180000
29813445,2026-09-07T18:45,79151.430000,0.346900,-0.412879,2026-09-07,204.000000,1.399205,0.046521,79152.810000,79151.360000
29813446,2026-09-07T18:46,79150.010000,0.254300,-0.908296,2026-09-07,214.000000,1.930490,0.117895,79152.700000,79150.000000
29813447,2026-09-07T18:47,79144.110000,0.099000,-0.764610,2026-09-07,269.000000,3.912800,0.151102,79161.770000,79137.510000
29813448,2026-09-07T18:48,79154.050000,0.324300,-0.697700,2026-09-07,377.000000,3.710617,0.425217,79159.060000,79128.680000
29813449,2026-09-07T18:49,79196.990000,-0.590400,-0.146909,2026-09-07,226.000000,1.552543,0.938432,79197.410000,79154.050000
29813450,2026-09-07T18:50,79195.490000,0.260700,0.867660,2026-09-07,276.000000,19.046348,0.774198,79205.980000,79185.260000
29813451,2026-09-07T18:51,79206.740000,0.867500,0.549019,2026-09-07,283.000000,2.686095,0.184547,79206.730000,79185.250000
29813452,2026-09-07T18:52,79212.460000,0.266500,-0.630906,2026-09-07,619.000000,6.715237,0.210219,79238.910000,79206.730000
29813453,2026-09-07T18:53,79218.240000,0.714100,-0.579567,2026-09-07,247.000000,1.634889,0.181225,79223.990000,79206.410000
29813454,2026-09-07T18:54,79210.400000,0.240700,-0.637539,2026-09-07,338.000000,1.249616,0.138120,79220.190000,79210.400000
29813455,2026-09-07T18:55,79206.420000,0.154200,-0.723756,2026-09-07,330.000000,1.947137,0.206302,79220.190000,79206.410000
29813456,2026-09-07T18:56,79162.450000,0.436100,-0.587397,2026-09-07,362.000000,2.348304,0.057386,79207.570000,79160.000000
29813457,2026-09-07T18:57,79181.180000,0.716000,-0.885232,2026-09-07,234.000000,0.594748,0.933705,79181.260000,79162.440000
29813458,2026-09-07T18:58,79189.460000,0.481800,0.867598,2026-09-07,290.000000,4.556172,0.534100,79212.220000,79181.180000
29813459,2026-09-07T18:59,79195.020000,0.516500,0.068201,2026-09-07,144.000000,0.217891,0.233726,79195.030000,79189.460000
29813460,2026-09-07T19:00,79190.740000,0.453200,-0.532548,2026-09-07,307.000000,4.443006,0.129667,79195.030000,79179.600000
29813461,2026-09-07T19:01,79175.010000,0.034400,-0.740814,2026-09-07,210.000000,1.895023,0.167503,79192.350000,79165.490000
29813462,2026-09-07T19:02,79165.300000,-0.337900,-0.664546,2026-09-07,319.000000,4.822010,0.166888,79175.010000,79157.010000
29813463,2026-09-07T19:03,79162.350000,0.416800,-0.666224,2026-09-07,306.000000,2.491088,0.089502,79162.350000,79148.160000
29813464,2026-09-07T19:04,79177.490000,0.346900,-0.820997,2026-09-07,220.000000,0.452132,0.786348,79177.490000,79162.340000
29813465,2026-09-07T19:05,79186.210000,0.496100,0.561255,2026-09-07,426.000000,3.480392,0.458595,79190.230000,79177.480000
29813466,2026-09-07T19:06,79185.350000,0.547000,-0.081844,2026-09-07,276.000000,1.376915,0.220581,79189.060000,79185.340000
29813467,2026-09-07T19:07,79168.290000,-0.056800,-0.559178,2026-09-07,421.000000,4.887566,0.020404,79185.350000,79162.350000
29813468,2026-09-07T19:08,79171.650000,0.234000,-0.958694,2026-09-07,222.000000,0.565237,0.766237,79171.660000,79162.650000
29813469,2026-09-07T19:09,79154.980000,0.216400,0.531319,2026-09-07,424.000000,1.641489,0.129495,79171.660000,79150.010000
29813470,2026-09-07T19:10,79171.650000,0.648800,-0.741277,2026-09-07,259.000000,1.894421,0.250968,79171.660000,79154.970000
29813471,2026-09-07T19:11,79146.830000,0.318100,-0.507329,2026-09-07,218.000000,0.145134,0.694693,79154.980000,79142.850000
29813472,2026-09-07T19:12,79150.790000,0.217600,0.865602,2026-09-07,196.000000,0.836028,0.837051,79150.790000,79146.830000
29813473,2026-09-07T19:13,79155.760000,0.836600,0.678019,2026-09-07,254.000000,0.395593,0.838804,79155.760000,79150.780000
29813474,2026-09-07T19:14,79157.230000,0.607100,0.676248,2026-09-07,230.000000,0.215867,0.584842,79157.350000,79155.750000
29813475,2026-09-07T19:15,79162.230000,0.718500,0.171645,2026-09-07,245.000000,1.042654,0.806939,79162.230000,79157.220000
29813476,2026-09-07T19:16,79174.360000,0.809700,0.613903,2026-09-07,255.000000,0.842104,0.360338,79174.360000,79162.220000
29813477,2026-09-07T19:17,79174.360000,0.673200,-0.279275,2026-09-07,206.000000,1.564941,0.297203,79174.360000,79162.860000
29813478,2026-09-07T19:18,79177.080000,0.416700,-0.287125,2026-09-07,198.000000,0.871079,0.260226,79177.090000,79174.350000
29813479,2026-09-07T19:19,79177.080000,0.905500,-0.769726,2026-09-07,205.000000,0.717548,0.145968,79177.090000,79177.080000
29813480,2026-09-07T19:20,79178.140000,0.524200,-0.706181,2026-09-07,205.000000,0.339389,0.794672,79184.540000,79177.080000
29813481,2026-09-07T19:21,79195.020000,0.282700,0.590539,2026-09-07,193.000000,0.627655,0.688113,79195.030000,79178.140000
29813482,2026-09-07T19:22,79224.730000,0.611600,0.374702,2026-09-07,223.000000,3.060992,0.285803,79229.990000,79195.020000
29813483,2026-09-07T19:23,79231.490000,0.876900,-0.428464,2026-09-07,168.000000,0.211196,0.756921,79231.490000,79224.720000
29813484,2026-09-07T19:24,79239.990000,0.337600,-0.739474,2026-09-07,231.000000,2.207666,0.222213,79239.990000,79229.230000
29813485,2026-09-07T19:25,79218.010000,0.245400,-0.176527,2026-09-07,212.000000,2.407632,0.002235,79240.000000,79218.010000
29813486,2026-09-07T19:26,79213.680000,0.082400,-0.995530,2026-09-07,316.000000,1.891852,0.000771,79218.020000,79213.680000
29813487,2026-09-07T19:27,79231.480000,0.113200,-0.998446,2026-09-07,187.000000,0.637529,0.993153,79231.480000,79213.680000
29813488,2026-09-07T19:28,79215.010000,0.131200,0.986305,2026-09-07,282.000000,1.271879,0.004888,79231.480000,79215.010000
29813489,2026-09-07T19:29,79231.480000,0.690000,-0.952179,2026-09-07,201.000000,1.200508,0.698068,79231.480000,79215.010000
29813490,2026-09-07T19:30,79239.990000,0.434700,0.384924,2026-09-07,659.000000,4.787081,0.245525,79249.490000,79224.430000
29813491,2026-09-07T19:31,79255.790000,0.305700,-0.510333,2026-09-07,260.000000,3.923508,0.986051,79259.260000,79239.990000
29813492,2026-09-07T19:32,79328.900000,0.200500,0.974816,2026-09-07,757.000000,12.593667,0.823132,79377.760000,79255.780000
29813493,2026-09-07T19:33,79304.960000,0.134000,0.640274,2026-09-07,269.000000,1.055957,0.612361,79329.120000,79301.540000
29813494,2026-09-07T19:34,79365.010000,0.220000,0.280417,2026-09-07,355.000000,3.884489,0.495347,79373.250000,79304.960000
29813495,2026-09-07T19:35,79401.880000,0.508500,-0.009272,2026-09-07,332.000000,2.295627,0.595253,79401.870000,79335.200000
29813496,2026-09-07T19:36,79357.360000,-0.023600,0.104254,2026-09-07,248.000000,0.620784,0.178023,79401.870000,79357.340000
29813497,2026-09-07T19:37,79375.510000,0.687300,-0.499494,2026-09-07,267.000000,1.571816,0.430682,79387.080000,79353.010000
29813498,2026-09-07T19:38,79357.350000,0.317200,-0.138637,2026-09-07,255.000000,0.498420,0.515136,79375.520000,79357.340000
29813499,2026-09-07T19:39,79352.330000,0.112000,0.030271,2026-09-07,284.000000,1.059506,0.560419,79377.410000,79352.330000
29813500,2026-09-07T19:40,79347.010000,0.541300,0.120752,2026-09-07,215.000000,0.457989,0.121691,79352.340000,79345.440000
29813501,2026-09-07T19:41,79329.960000,0.328500,-0.753172,2026-09-07,292.000000,1.140775,0.362932,79359.990000,79320.200000
29813502,2026-09-07T19:42,79329.390000,0.140500,-0.281682,2026-09-07,216.000000,0.352387,0.649762,79336.290000,79327.940000
29813503,2026-09-07T19:43,79343.990000,0.690400,0.360385,2026-09-07,240.000000,1.964257,0.298959,79343.990000,79322.730000
29813504,2026-09-07T19:44,79326.820000,0.287400,-0.402292,2026-09-07,211.000000,0.407006,0.151482,79343.990000,79323.990000
29813505,2026-09-07T19:45,79329.350000,0.067000,-0.696522,2026-09-07,236.000000,0.773682,0.194826,79337.690000,79326.810000
29813506,2026-09-07T19:46,79329.350000,0.259000,-0.610228,2026-09-07,243.000000,0.980526,0.530726,79346.240000,79329.340000
29813507,2026-09-07T19:47,79335.080000,0.055800,0.061597,2026-09-07,210.000000,0.344348,0.727534,79336.550000,79329.340000
29813508,2026-09-07T19:48,79332.170000,-0.251900,0.454975,2026-09-07,176.000000,0.217995,0.721834,79335.080000,79332.170000
29813509,2026-09-07T19:49,79355.880000,-0.028000,-0.376627,2026-09-07,247.000000,2.551792,0.847553,79361.340000,79329.340000
29813510,2026-09-07T19:50,79367.120000,0.530000,0.920731,2026-09-07,299.000000,1.823866,0.417570,79372.720000,79348.480000
29813511,2026-09-07T19:51,79360.390000,-0.050400,-0.175477,2026-09-07,238.000000,0.568176,0.581150,79367.470000,79344.660000
29813512,2026-09-07T19:52,79364.270000,-0.206600,0.214801,2026-09-07,256.000000,1.378428,0.726824,79374.860000,79348.490000
29813513,2026-09-07T19:53,79372.870000,-0.135900,0.463255,2026-09-07,250.000000,0.742087,0.387776,79373.340000,79356.950000
29813514,2026-09-07T19:54,79347.490000,0.296400,-0.265932,2026-09-07,254.000000,0.926178,0.350760,79375.480000,79347.490000
29813515,2026-09-07T19:55,79340.860000,-0.239000,-0.294697,2026-09-07,241.000000,0.655542,0.488082,79355.460000,79333.800000
29813516,2026-09-07T19:56,79337.510000,0.329800,-0.023197,2026-09-07,195.000000,0.249020,0.815796,79340.870000,79336.190000
29813517,2026-09-07T19:57,79336.200000,0.140900,0.626723,2026-09-07,237.000000,0.619587,0.525290,79344.000000,79336.190000
29813518,2026-09-07T19:58,79329.990000,-0.481000,0.049456,2026-09-07,228.000000,0.873961,0.458955,79336.200000,79330.000000
29813519,2026-09-07T19:59,79346.380000,-0.236400,-0.081629,2026-09-07,126.000000,4.644081,0.907339,79355.640000,79329.990000
29813520,2026-09-07T20:00,79356.680000,0.674800,0.814782,2026-09-07,213.000000,0.673810,0.532048,79388.390000,79347.830000
29813521,2026-09-07T20:01,79338.360000,-0.053800,0.060349,2026-09-07,249.000000,1.438286,0.146193,79361.200000,79333.240000
29813522,2026-09-07T20:02,79337.010000,0.268900,-0.707610,2026-09-07,264.000000,0.913873,0.481745,79347.050000,79329.570000
29813523,2026-09-07T20:03,79316.990000,0.775900,-0.035987,2026-09-07,329.000000,4.364964,0.336412,79343.980000,79305.000000
29813524,2026-09-07T20:04,79309.040000,0.161500,-0.337047,2026-09-07,276.000000,1.502558,0.220530,79332.000000,79309.030000
29813525,2026-09-07T20:05,79268.290000,0.123100,-0.541268,2026-09-07,265.000000,1.416661,0.256590,79309.030000,79261.390000
29813526,2026-09-07T20:06,79251.510000,-0.051200,-0.479885,2026-09-07,223.000000,1.233625,0.360711,79268.290000,79246.440000
29813527,2026-09-07T20:07,79232.170000,-0.468800,-0.278419,2026-09-07,108.000000,0.481740,0.073645,79251.260000,79232.170000
29813528,2026-09-07T20:08,79257.360000,-0.031400,-0.854794,2026-09-07,428.000000,3.130542,0.874885,79257.360000,79202.760000
29813529,2026-09-07T20:09,79237.880000,0.392500,0.749794,2026-09-07,208.000000,0.577374,0.184004,79257.360000,79237.870000
29813530,2026-09-07T20:10,79237.880000,0.156800,-0.630139,2026-09-07,252.000000,0.511023,0.762818,79237.880000,79229.670000
29813531,2026-09-07T20:11,79233.830000,-0.115900,0.524275,2026-09-07,199.000000,0.931460,0.174120,79237.870000,79229.310000
29813532,2026-09-07T20:12,79209.880000,0.292400,-0.635834,2026-09-07,335.000000,4.003570,0.180638,79233.830000,79186.800000
29813533,2026-09-07T20:13,79223.990000,0.581900,-0.643783,2026-09-07,202.000000,0.321365,0.904185,79223.990000,79209.400000
29813534,2026-09-07T20:14,79215.700000,0.243000,0.898103,2026-09-07,196.000000,0.383400,0.529433,79225.580000,79215.060000
29813535,2026-09-07T20:15,79219.730000,0.011100,0.058829,2026-09-07,244.000000,0.575196,0.375707,79223.610000,79204.490000
29813536,2026-09-07T20:16,79219.010000,0.202200,-0.248675,2026-09-07,208.000000,0.373507,0.244295,79219.730000,79217.180000
29813537,2026-09-07T20:17,79226.990000,0.745500,-0.511461,2026-09-07,213.000000,0.444541,0.497645,79226.990000,79219.000000
29813538,2026-09-07T20:18,79244.990000,0.708500,-0.004434,2026-09-07,221.000000,0.479308,0.746589,79245.000000,79226.980000
29813539,2026-09-07T20:19,79244.990000,0.637000,0.493063,2026-09-07,212.000000,0.226420,0.280717,79245.000000,79244.990000
29813540,2026-09-07T20:20,79212.990000,-0.082300,-0.407392,2026-09-07,250.000000,1.476279,0.441614,79245.000000,79207.580000
29813541,2026-09-07T20:21,79202.080000,-0.775100,-0.120576,2026-09-07,241.000000,0.722071,0.381908,79213.000000,79196.210000
29813542,2026-09-07T20:22,79170.010000,-0.005000,-0.235138,2026-09-07,219.000000,0.844335,0.161660,79200.600000,79170.010000
29813543,2026-09-07T20:23,79165.880000,-0.298900,-0.678012,2026-09-07,216.000000,1.329980,0.132079,79170.020000,79163.420000
29813544,2026-09-07T20:24,79195.110000,0.518200,-0.735842,2026-09-07,312.000000,3.333064,0.951778,79210.000000,79165.870000
29813545,2026-09-07T20:25,79181.210000,0.218300,0.905810,2026-09-07,231.000000,1.242405,0.107553,79198.610000,79178.020000
29813546,2026-09-07T20:26,79186.710000,0.664600,-0.907367,2026-09-07,195.000000,0.102164,0.661130,79186.710000,79181.200000
29813547,2026-09-07T20:27,79186.710000,0.621300,0.285167,2026-09-07,218.000000,0.313145,0.663033,79186.710000,79186.570000
29813548,2026-09-07T20:28,79198.510000,0.043900,0.338789,2026-09-07,248.000000,0.314426,0.719789,79200.070000,79183.490000
29813549,2026-09-07T20:29,79195.860000,0.813700,0.439578,2026-09-07,186.000000,0.294590,0.282998,79198.520000,79195.850000
29813550,2026-09-07T20:30,79204.490000,0.357500,-0.418862,2026-09-07,253.000000,1.449400,0.226383,79204.490000,79193.190000
29813551,2026-09-07T20:31,79200.360000,-0.477000,-0.552677,2026-09-07,217.000000,0.675670,0.175767,79206.740000,79196.560000
29813552,2026-09-07T20:32,79225.120000,0.316800,-0.637356,2026-09-07,273.000000,1.460152,0.923658,79227.110000,79200.000000
29813553,2026-09-07T20:33,79220.890000,0.589400,0.846590,2026-09-07,182.000000,0.150921,0.461173,79225.120000,79220.880000
29813554,2026-09-07T20:34,79207.140000,-0.276400,-0.075758,2026-09-07,170.000000,0.644252,0.109448,79222.210000,79206.560000
29813555,2026-09-07T20:35,79214.080000,0.383700,-0.781104,2026-09-07,217.000000,0.471787,0.756012,79214.090000,79207.140000
29813556,2026-09-07T20:36,79196.550000,0.297100,0.511908,2026-09-07,247.000000,0.388424,0.341170,79214.090000,79196.550000
29813557,2026-09-07T20:37,79198.300000,0.159900,-0.315815,2026-09-07,225.000000,0.173960,0.811824,79199.710000,79196.550000
29813558,2026-09-07T20:38,79199.390000,-0.111400,0.635640,2026-09-07,228.000000,1.015391,0.334518,79203.890000,79195.960000
29813559,2026-09-07T20:39,79204.070000,0.310900,-0.336990,2026-09-07,178.000000,0.134486,0.979854,79204.070000,79199.390000
29813560,2026-09-07T20:40,79201.680000,-0.091700,0.959199,2026-09-07,193.000000,0.346729,0.279624,79204.070000,79198.140000
29813561,2026-09-07T20:41,79211.300000,-0.053400,-0.426465,2026-09-07,251.000000,0.589556,0.622312,79218.170000,79189.020000
29813562,2026-09-07T20:42,79183.920000,-0.147600,0.242128,2026-09-07,227.000000,1.270968,0.164283,79212.810000,79183.920000
29813563,2026-09-07T20:43,79197.990000,0.018300,-0.673904,2026-09-07,213.000000,0.950472,0.804705,79198.090000,79178.720000
29813564,2026-09-07T20:44,79172.260000,-0.299200,0.608978,2026-09-07,212.000000,0.908170,0.263132,79197.990000,79170.670000
29813565,2026-09-07T20:45,79166.240000,0.281600,-0.472911,2026-09-07,236.000000,1.774341,0.188888,79190.830000,79154.500000
29813566,2026-09-07T20:46,79189.800000,-0.185900,-0.625984,2026-09-07,270.000000,1.066432,0.719310,79191.840000,79150.780000
29813567,2026-09-07T20:47,79170.990000,-0.157000,0.462963,2026-09-07,258.000000,1.124479,0.335473,79189.810000,79164.990000
29813568,2026-09-07T20:48,79194.820000,0.086200,-0.327546,2026-09-07,323.000000,3.688505,0.846028,79223.200000,79168.770000
29813569,2026-09-07T20:49,79222.010000,0.208800,0.692923,2026-09-07,295.000000,1.608186,0.913058,79224.600000,79182.010000
29813570,2026-09-07T20:50,79233.640000,0.658000,0.826289,2026-09-07,277.000000,0.616312,0.296140,79234.640000,79215.370000
29813571,2026-09-07T20:51,79225.620000,0.251300,-0.406671,2026-09-07,276.000000,3.045829,0.671679,79249.490000,79219.010000
29813572,2026-09-07T20:52,79233.700000,0.605600,0.343694,2026-09-07,262.000000,0.827893,0.569226,79240.990000,79225.620000
29813573,2026-09-07T20:53,79204.510000,0.005800,0.138353,2026-09-07,285.000000,2.744214,0.037270,79238.240000,79204.510000
29813574,2026-09-07T20:54,79195.540000,-0.243900,-0.925476,2026-09-07,227.000000,1.460584,0.576957,79204.520000,79191.010000
29813575,2026-09-07T20:55,79231.170000,-0.166700,0.154720,2026-09-07,239.000000,0.783395,0.586479,79233.280000,79194.630000
29813576,2026-09-07T20:56,79229.290000,-0.251500,0.171318,2026-09-07,220.000000,0.360026,0.166810,79231.170000,79227.300000
29813577,2026-09-07T20:57,79214.540000,0.009900,-0.666103,2026-09-07,231.000000,0.718269,0.337744,79231.170000,79214.540000
29813578,2026-09-07T20:58,79208.270000,0.449300,-0.324276,2026-09-07,173.000000,1.992772,0.022368,79214.550000,79198.680000
29813579,2026-09-07T20:59,79220.540000,0.468500,-0.955144,2026-09-07,210.000000,0.627446,0.981926,79220.550000,79208.270000
29813580,2026-09-07T21:00,79240.610000,-0.075100,0.991390,2026-09-07,453.000000,8.342735,0.628183,79251.660000,79213.460000
29813581,2026-09-07T21:01,79235.860000,0.117000,0.020814,2026-09-07,311.000000,1.390568,0.480052,79243.560000,79233.530000
29813582,2026-09-07T21:02,79222.520000,0.717700,-0.464647,2026-09-07,285.000000,3.774963,0.204932,79257.360000,79219.480000
29813583,2026-09-07T21:03,79225.860000,0.346100,-0.421130,2026-09-07,204.000000,1.118052,0.343125,79231.490000,79215.350000
29813584,2026-09-07T21:04,79211.510000,0.422000,-0.310576,2026-09-07,240.000000,1.509490,0.136460,79226.060000,79207.900000
29813585,2026-09-07T21:05,79204.760000,0.598100,-0.730272,2026-09-07,117.000000,0.965302,0.062853,79211.520000,79204.760000
29813586,2026-09-07T21:06,79204.760000,-0.115000,-0.872376,2026-09-07,128.000000,1.457264,0.444153,79204.770000,79204.760000
29813587,2026-09-07T21:07,79183.610000,-0.109500,-0.024862,2026-09-07,266.000000,4.054224,0.172958,79211.520000,79179.540000
29813588,2026-09-07T21:08,79184.790000,-0.095300,-0.705338,2026-09-07,76.000000,0.636416,0.099001,79185.000000,79183.000000
29813589,2026-09-07T21:09,79184.790000,-0.095300,-0.809394,2026-09-07,,,,,
29813590,2026-09-07T21:10,79188.020000,-0.285400,0.000000,2026-09-07,264.000000,1.938556,0.176944,79188.070000,79184.420000
29813591,2026-09-07T21:11,79197.170000,-0.176100,-0.646176,2026-09-07,207.000000,1.697867,0.288876,79201.630000,79184.770000
29813592,2026-09-07T21:12,79199.350000,0.676100,-0.422130,2026-09-07,177.000000,0.150944,0.707737,79200.940000,79197.160000
29813593,2026-09-07T21:13,79201.620000,0.389500,-0.401384,2026-09-07,180.000000,1.764702,0.648774,79201.670000,79182.350000
29813594,2026-09-07T21:14,79252.850000,-0.192500,0.612412,2026-09-07,368.000000,3.172202,0.815631,79261.590000,79202.240000
29813595,2026-09-07T21:15,79200.270000,0.042800,0.549348,2026-09-07,297.000000,5.746673,0.241309,79264.070000,79194.010000
29813596,2026-09-07T21:16,79219.120000,0.545600,-0.517002,2026-09-07,269.000000,2.238661,0.978567,79222.400000,79200.060000
29813597,2026-09-07T21:17,79210.080000,0.238600,0.956736,2026-09-07,182.000000,0.860654,0.254400,79224.600000,79209.630000
29813598,2026-09-07T21:18,79200.580000,0.101500,-0.491358,2026-09-07,181.000000,0.753167,0.085588,79210.080000,79200.580000
29813599,2026-09-07T21:19,79241.990000,-0.032500,-0.826645,2026-09-07,353.000000,3.354299,0.754125,79246.990000,79200.580000
29813600,2026-09-07T21:20,79236.990000,0.197800,0.383061,2026-09-07,196.000000,0.668186,0.098705,79241.990000,79227.250000
29813601,2026-09-07T21:21,79239.040000,0.490400,-0.641496,2026-09-07,227.000000,0.818942,0.127336,79241.990000,79236.980000
29813602,2026-09-07T21:22,79236.960000,0.078500,-0.745328,2026-09-07,213.000000,0.277677,0.163837,79239.050000,79236.950000
29813603,2026-09-07T21:23,79238.540000,0.130400,-0.672462,2026-09-07,220.000000,0.608322,0.223049,79239.050000,79236.950000
29813604,2026-09-07T21:24,79236.510000,0.146600,-0.553114,2026-09-07,240.000000,1.798744,0.750584,79250.000000,79233.730000
29813605,2026-09-07T21:25,79228.010000,-0.374500,0.542183,2026-09-07,184.000000,1.164382,0.242979,79247.990000,79226.980000
29813606,2026-09-07T21:26,79222.460000,-0.385600,-0.747184,2026-09-07,213.000000,1.995294,0.057060,79228.020000,79212.240000
29813607,2026-09-07T21:27,79222.460000,0.367300,-0.891255,2026-09-07,240.000000,1.350604,0.214223,79222.470000,79209.360000
29813608,2026-09-07T21:28,79207.650000,-0.148900,-0.572898,2026-09-07,222.000000,0.822284,0.216957,79222.470000,79201.510000
29813609,2026-09-07T21:29,79213.400000,-0.076900,-0.563899,2026-09-07,175.000000,0.158380,0.551926,79217.740000,79207.650000
29813610,2026-09-07T21:30,79215.950000,0.224000,0.116588,2026-09-07,216.000000,0.470560,0.390072,79221.170000,79213.400000
29813611,2026-09-07T21:31,79213.400000,0.755000,-0.229717,2026-09-07,213.000000,0.472566,0.109587,79215.950000,79213.400000
29813612,2026-09-07T21:32,79197.960000,0.032400,-0.781442,2026-09-07,226.000000,0.704889,0.141279,79216.580000,79197.960000
29813613,2026-09-07T21:33,79197.960000,0.061200,-0.706563,2026-09-07,221.000000,0.902736,0.418587,79198.760000,79187.000000
29813614,2026-09-07T21:34,79197.920000,-0.005900,-0.169262,2026-09-07,277.000000,1.862403,0.474381,79202.010000,79194.050000
29813615,2026-09-07T21:35,79181.730000,0.042600,-0.051238,2026-09-07,313.000000,4.676933,0.145006,79197.920000,79152.520000
29813616,2026-09-07T21:36,79194.420000,-0.134400,-0.709537,2026-09-07,249.000000,2.294266,0.724931,79204.480000,79181.720000
29813617,2026-09-07T21:37,79194.420000,0.049100,0.449551,2026-09-07,224.000000,0.744324,0.344301,79194.910000,79192.830000
29813618,2026-09-07T21:38,79202.350000,0.104000,-0.416559,2026-09-07,291.000000,2.809565,0.774055,79213.650000,79181.720000
29813619,2026-09-07T21:39,79202.150000,0.572700,0.625729,2026-09-07,257.000000,2.517813,0.557523,79209.210000,79198.640000
29813620,2026-09-07T21:40,79179.400000,0.330400,0.083410,2026-09-07,308.000000,2.104594,0.507042,79201.940000,79159.010000
29813621,2026-09-07T21:41,79180.460000,0.584800,0.035016,2026-09-07,337.000000,3.180285,0.249730,79180.470000,79150.960000
29813622,2026-09-07T21:42,79180.460000,0.098500,-0.496937,2026-09-07,251.000000,1.295176,0.150029,79183.050000,79168.400000
29813623,2026-09-07T21:43,79207.500000,0.234100,-0.697920,2026-09-07,208.000000,0.812684,0.371631,79212.110000,79170.590000
29813624,2026-09-07T21:44,79169.830000,-0.462000,-0.369530,2026-09-07,312.000000,1.821357,0.198569,79208.930000,79159.000000
29813625,2026-09-07T21:45,79185.860000,0.566000,-0.578853,2026-09-07,192.000000,0.244218,0.769344,79187.780000,79165.160000
29813626,2026-09-07T21:46,79200.820000,0.092500,0.538919,2026-09-07,252.000000,0.504096,0.943697,79205.260000,79184.920000
29813627,2026-09-07T21:47,79179.920000,0.024300,0.887654,2026-09-07,256.000000,2.903539,0.780398,79204.810000,79179.910000
29813628,2026-09-07T21:48,79188.700000,-0.005900,0.567657,2026-09-07,278.000000,1.610039,0.476520,79198.400000,79179.430000
29813629,2026-09-07T21:49,79170.520000,0.305900,-0.058819,2026-09-07,256.000000,2.189134,0.755687,79189.240000,79167.950000
29813630,2026-09-07T21:50,79167.010000,0.481500,0.504695,2026-09-07,189.000000,0.144810,0.282549,79170.630000,79167.010000
29813631,2026-09-07T21:51,79150.080000,0.047000,-0.238917,2026-09-07,267.000000,2.363268,0.088824,79167.020000,79144.510000
29813632,2026-09-07T21:52,79165.550000,0.398300,-0.840594,2026-09-07,220.000000,0.716682,0.550355,79165.840000,79150.080000
29813633,2026-09-07T21:53,79190.110000,-0.053600,0.029807,2026-09-07,300.000000,3.548819,0.744070,79193.420000,79163.730000
29813634,2026-09-07T21:54,79170.760000,0.104500,0.508906,2026-09-07,246.000000,1.538064,0.869059,79195.500000,79170.760000
29813635,2026-09-07T21:55,79176.260000,-0.064900,0.738117,2026-09-07,287.000000,3.358004,0.637003,79195.490000,79170.760000
29813636,2026-09-07T21:56,79178.420000,0.158400,0.274006,2026-09-07,193.000000,0.319624,0.473626,79179.010000,79176.250000
29813637,2026-09-07T21:57,79178.420000,0.114600,-0.053157,2026-09-07,192.000000,0.162991,0.331417,79178.420000,79178.410000
29813638,2026-09-07T21:58,79193.080000,0.534200,-0.337488,2026-09-07,277.000000,3.410959,0.362478,79201.940000,79171.300000
29813639,2026-09-07T21:59,79139.490000,-0.068200,-0.275043,2026-09-07,227.000000,3.113538,0.175539,79194.680000,79139.480000
29813640,2026-09-07T22:00,79146.460000,-0.737300,-0.647534,2026-09-07,236.000000,1.041523,0.318616,79160.000000,79139.480000
29813641,2026-09-07T22:01,79087.880000,-0.040000,-0.366195,2026-09-07,378.000000,5.212090,0.073243,79146.450000,79079.590000
29813642,2026-09-07T22:02,79142.950000,-0.064200,-0.853268,2026-09-07,417.000000,5.551567,0.337116,79145.130000,79055.000000
29813643,2026-09-07T22:03,79166.240000,0.464000,-0.326041,2026-09-07,290.000000,4.815242,0.903036,79166.240000,79132.510000
29813644,2026-09-07T22:04,79171.600000,0.234200,0.806412,2026-09-07,355.000000,4.286015,0.045611,79177.510000,79166.230000
29813645,2026-09-07T22:05,79144.960000,-0.069400,-0.901018,2026-09-07,439.000000,12.512317,0.228286,79190.900000,79119.410000
29813646,2026-09-07T22:06,79169.400000,0.026900,-0.545594,2026-09-07,275.000000,4.387605,0.461866,79173.000000,79113.160000
29813647,2026-09-07T22:07,79180.270000,0.333000,0.093735,2026-09-07,333.000000,7.605042,0.322509,79202.750000,79169.410000
29813648,2026-09-07T22:08,79176.770000,0.729100,-0.887986,2026-09-07,154.000000,0.411242,0.348122,79180.280000,79176.650000
29813649,2026-09-07T22:09,79185.980000,0.101300,-0.299490,2026-09-07,207.000000,1.141442,0.523260,79186.370000,79164.360000
29813650,2026-09-07T22:10,79185.980000,0.237400,-0.117468,2026-09-07,55.000000,0.352531,0.401402,79186.350000,79185.970000
29813651,2026-09-07T22:11,79150.490000,-0.300800,0.991064,2026-09-07,647.000000,15.964466,0.186925,79195.850000,79150.490000
29813652,2026-09-07T22:12,79157.990000,0.895200,-0.626150,2026-09-07,274.000000,1.719954,0.293747,79157.990000,79126.320000
29813653,2026-09-07T22:13,79143.240000,0.426600,-0.412363,2026-09-07,223.000000,0.869461,0.125827,79165.000000,79143.230000
29813654,2026-09-07T22:14,79134.080000,0.076800,-0.746348,2026-09-07,190.000000,0.609035,0.427341,79143.240000,79132.000000
29813655,2026-09-07T22:15,79127.580000,0.210600,-0.138692,2026-09-07,264.000000,3.527834,0.397171,79134.090000,79115.400000
29813656,2026-09-07T22:16,79038.960000,-0.380900,-0.246118,2026-09-07,302.000000,2.282482,0.222878,79127.580000,79038.960000
29813657,2026-09-07T22:17,79082.990000,-0.170600,-0.514026,2026-09-07,426.000000,10.411011,0.562852,79109.990000,79023.010000
29813658,2026-09-07T22:18,79082.990000,0.019700,0.096106,2026-09-07,277.000000,1.422752,0.387854,79083.000000,79050.880000
29813659,2026-09-07T22:19,79051.150000,-0.429200,-0.224195,2026-09-07,317.000000,4.846399,0.092672,79083.000000,79029.220000
29813660,2026-09-07T22:20,79055.080000,-0.456900,-0.803757,2026-09-07,270.000000,3.556254,0.476226,79055.080000,79003.000000
29813661,2026-09-07T22:21,79079.890000,-0.254500,-0.047500,2026-09-07,251.000000,1.322183,0.259544,79082.640000,79036.410000
29813662,2026-09-07T22:22,79090.010000,-0.386700,-0.481107,2026-09-07,256.000000,1.530686,0.236788,79109.990000,79071.960000
29813663,2026-09-07T22:23,79138.490000,-0.032200,-0.496484,2026-09-07,287.000000,2.139511,0.890278,79148.150000,79090.010000
29813664,2026-09-07T22:24,79163.710000,-0.187700,0.777369,2026-09-07,203.000000,0.653230,0.749617,79166.510000,79138.480000
29813665,2026-09-07T22:25,79147.490000,-0.315500,0.501065,2026-09-07,248.000000,2.726040,0.123446,79168.090000,79137.240000
29813666,2026-09-07T22:26,79159.550000,0.560800,-0.751664,2026-09-07,213.000000,0.653539,0.415603,79159.580000,79144.590000
29813667,2026-09-07T22:27,79187.120000,-0.012800,-0.174440,2026-09-07,256.000000,3.820803,0.073203,79188.100000,79159.550000
29813668,2026-09-07T22:28,79121.240000,0.849300,-0.854306,2026-09-07,352.000000,7.814184,0.229426,79187.200000,79101.010000
29813669,2026-09-07T22:29,79080.480000,0.464800,-0.540856,2026-09-07,421.000000,2.756185,0.349682,79156.590000,79076.810000
29813670,2026-09-07T22:30,79049.890000,-0.344000,-0.329999,2026-09-07,323.000000,1.242234,0.370616,79080.480000,79031.240000
29813671,2026-09-07T22:31,79051.360000,0.314600,-0.140330,2026-09-07,252.000000,1.416578,0.579970,79069.600000,79041.150000
29813672,2026-09-07T22:32,79068.860000,0.487100,0.147073,2026-09-07,303.000000,0.896805,0.462034,79070.450000,79020.000000
29813673,2026-09-07T22:33,79060.010000,0.012300,-0.097507,2026-09-07,236.000000,0.552770,0.337922,79077.870000,79060.000000
29813674,2026-09-07T22:34,79043.400000,-0.055300,-0.323233,2026-09-07,257.000000,0.360028,0.484986,79060.010000,79032.770000
29813675,2026-09-07T22:35,79028.650000,-0.155400,-0.108577,2026-09-07,279.000000,1.558400,0.526062,79060.490000,79027.370000
29813676,2026-09-07T22:36,79020.010000,0.272000,0.073471,2026-09-07,245.000000,0.906003,0.726217,79028.660000,79007.790000
29813677,2026-09-07T22:37,78977.300000,0.141500,0.511575,2026-09-07,308.000000,1.746344,0.285702,79030.230000,78975.500000
29813678,2026-09-07T22:38,78965.670000,-0.300600,-0.496851,2026-09-07,275.000000,2.630588,0.857594,78990.000000,78964.000000
29813679,2026-09-07T22:39,78853.420000,-0.104300,0.712767,2026-09-07,515.000000,7.408798,0.322195,78971.280000,78826.490000
29813680,2026-09-07T22:40,78841.290000,0.035800,-0.351855,2026-09-07,344.000000,2.808885,0.413128,78873.770000,78764.680000
29813681,2026-09-07T22:41,78819.990000,-0.360900,-0.184377,2026-09-07,262.000000,2.322937,0.671660,78853.310000,78805.440000
29813682,2026-09-07T22:42,78824.820000,-0.164700,0.404216,2026-09-07,285.000000,3.053054,0.657072,78829.950000,78786.920000
29813683,2026-09-07T22:43,78827.490000,0.319800,0.000178,2026-09-07,327.000000,2.060398,0.315416,78842.390000,78787.810000
29813684,2026-09-07T22:44,78800.990000,-0.394500,-0.018684,2026-09-07,275.000000,2.934180,0.789058,78838.480000,78800.620000
29813685,2026-09-07T22:45,78840.020000,0.124300,0.624191,2026-09-07,366.000000,4.025635,0.740555,78862.490000,78801.000000
29813686,2026-09-07T22:46,78886.070000,0.586000,0.409301,2026-09-07,280.000000,1.722063,0.595549,78896.990000,78829.040000
29813687,2026-09-07T22:47,78915.290000,0.330100,0.146104,2026-09-07,251.000000,0.709191,0.217445,78920.970000,78896.990000
29813688,2026-09-07T22:48,78918.480000,-0.131700,-0.490287,2026-09-07,238.000000,0.368993,0.527754,78929.760000,78915.280000
29813689,2026-09-07T22:49,78940.670000,0.074600,0.053384,2026-09-07,257.000000,1.808125,0.898475,78940.680000,78913.350000
29813690,2026-09-07T22:50,78941.260000,0.775600,0.753716,2026-09-07,337.000000,2.652701,0.789953,78957.160000,78922.320000
29813691,2026-09-07T22:51,78938.100000,0.007100,0.608464,2026-09-07,288.000000,0.987925,0.742510,78960.860000,78938.090000
29813692,2026-09-07T22:52,78946.330000,-0.047900,0.479666,2026-09-07,273.000000,1.588397,0.823766,78950.950000,78926.290000
29813693,2026-09-07T22:53,78915.100000,0.098100,0.647528,2026-09-07,229.000000,1.428430,0.333363,78946.330000,78914.050000
29813694,2026-09-07T22:54,78914.050000,-0.396400,-0.332928,2026-09-07,167.000000,0.362813,0.366219,78929.040000,78914.050000
29813695,2026-09-07T22:55,78923.920000,-0.313600,-0.271691,2026-09-07,187.000000,0.854979,0.461240,78931.040000,78913.410000
29813696,2026-09-07T22:56,78918.580000,-0.435600,-0.077621,2026-09-07,160.000000,0.380053,0.720164,78930.700000,78918.570000
29813697,2026-09-07T22:57,78871.040000,-0.240700,0.442619,2026-09-07,256.000000,2.769581,0.120475,78918.590000,78867.000000
29813698,2026-09-07T22:58,78930.080000,-0.124100,-0.709298,2026-09-07,274.000000,0.972099,0.881074,78931.560000,78869.460000
29813699,2026-09-07T22:59,78927.430000,-0.394400,0.914982,2026-09-07,208.000000,3.199198,0.840770,78945.000000,78920.470000
29813700,2026-09-07T23:00,78946.330000,-0.144900,0.178760,2026-09-07,247.000000,1.348343,0.722459,78946.330000,78915.000000
29813701,2026-09-07T23:01,78961.490000,0.734200,0.464094,2026-09-07,276.000000,2.470527,0.852031,78961.490000,78939.110000
29813702,2026-09-07T23:02,78970.010000,-0.408200,0.602756,2026-09-07,176.000000,0.828017,0.280519,78973.440000,78956.620000
29813703,2026-09-07T23:03,78981.330000,0.794900,-0.219656,2026-09-07,282.000000,3.838914,0.869936,79003.790000,78970.010000
29813704,2026-09-07T23:04,78959.640000,-0.432900,0.746182,2026-09-07,278.000000,1.482037,0.153675,79001.390000,78959.640000
29813705,2026-09-07T23:05,78994.900000,-0.178300,-0.807686,2026-09-07,250.000000,6.799714,0.665656,78995.280000,78932.330000
29813706,2026-09-07T23:06,79020.360000,0.208000,0.224855,2026-09-07,403.000000,9.188631,0.335726,79059.010000,78984.170000
29813707,2026-09-07T23:07,79095.330000,0.317100,-0.196339,2026-09-07,415.000000,4.659202,0.773033,79110.920000,79020.370000
29813708,2026-09-07T23:08,79115.400000,0.204200,0.476617,2026-09-07,473.000000,2.420455,0.370573,79156.420000,79094.900000
29813709,2026-09-07T23:09,79104.490000,0.059900,-0.286414,2026-09-07,228.000000,0.791242,0.319894,79123.970000,79091.680000
29813710,2026-09-07T23:10,79102.920000,-0.651200,-0.269945,2026-09-07,330.000000,1.843534,0.576920,79129.870000,79098.760000
29813711,2026-09-07T23:11,79106.080000,-0.114900,0.110742,2026-09-07,226.000000,4.877728,0.795486,79130.000000,79083.000000
29813712,2026-09-07T23:12,79106.080000,-0.114900,0.613894,2026-09-07,,,,,
29813713,2026-09-07T23:13,79109.040000,0.497600,0.000000,2026-09-07,392.000000,2.032948,0.644131,79126.550000,79106.070000
29813714,2026-09-07T23:14,79114.490000,0.160700,0.288416,2026-09-07,263.000000,4.271582,0.086352,79114.480000,79099.480000
29813715,2026-09-07T23:15,79082.980000,0.259000,-0.828375,2026-09-07,290.000000,3.390550,0.112235,79121.240000,79060.810000
29813716,2026-09-07T23:16,79070.710000,-0.019300,-0.772299,2026-09-07,328.000000,2.961872,0.490548,79097.990000,79030.000000
29813717,2026-09-07T23:17,79061.510000,0.341400,-0.018732,2026-09-07,361.000000,5.077323,0.179477,79101.540000,79048.410000
29813718,2026-09-07T23:18,79044.820000,0.440800,-0.641199,2026-09-07,199.000000,1.925342,0.480574,79100.000000,79044.810000
29813719,2026-09-07T23:19,79094.650000,0.358200,-0.038978,2026-09-07,267.000000,1.639390,0.470709,79106.990000,79040.920000
29813720,2026-09-07T23:20,79050.210000,-0.336300,-0.058876,2026-09-07,211.000000,0.508523,0.198832,79094.660000,79050.210000
29813721,2026-09-07T23:21,79038.850000,0.187300,-0.602270,2026-09-07,251.000000,0.996613,0.648068,79050.220000,79030.020000
29813722,2026-09-07T23:22,79037.770000,-0.207700,0.295287,2026-09-07,192.000000,0.741010,0.434184,79053.560000,79032.740000
29813723,2026-09-07T23:23,78958.010000,-0.222500,-0.072441,2026-09-07,330.000000,10.027867,0.074017,79032.750000,78951.600000
29813724,2026-09-07T23:24,78973.400000,-0.030500,-0.859387,2026-09-07,197.000000,1.411958,0.300552,78989.390000,78931.670000
29813725,2026-09-07T23:25,79019.200000,0.245300,-0.310503,2026-09-07,189.000000,0.618630,0.590332,79019.200000,78973.400000
29813726,2026-09-07T23:26,79006.200000,-0.122100,0.034873,2026-09-07,165.000000,0.295542,0.352494,79019.200000,79000.010000
29813727,2026-09-07T23:27,79014.510000,-0.126700,-0.287602,2026-09-07,199.000000,0.677386,0.694589,79017.740000,78995.290000
29813728,2026-09-07T23:28,78995.290000,-0.111400,0.386350,2026-09-07,155.000000,0.270602,0.403540,79014.510000,78995.290000
29813729,2026-09-07T23:29,78987.850000,-0.487500,-0.198400,2026-09-07,219.000000,2.116750,0.513055,79001.980000,78980.800000
29813730,2026-09-07T23:30,78981.990000,-0.451900,0.028219,2026-09-07,167.000000,1.012665,0.301578,79004.410000,78974.800000
29813731,2026-09-07T23:31,78965.010000,-0.437200,-0.361622,2026-09-07,82.000000,0.793160,0.130824,78982.000000,78964.000000
29813732,2026-09-07T23:32,78995.990000,-0.385200,-0.797484,2026-09-07,187.000000,0.670053,0.838695,78995.990000,78965.010000
29813733,2026-09-07T23:33,79007.990000,0.211200,0.676066,2026-09-07,263.000000,1.318974,0.690331,79012.080000,78975.530000
29813734,2026-09-07T23:34,78977.510000,-0.445100,0.380662,2026-09-07,202.000000,1.059476,0.237497,79009.580000,78984.360000
29813735,2026-09-07T23:35,79012.140000,-0.419400,-0.508952,2026-09-07,292.000000,9.547596,0.903466,79023.250000,78977.510000
29813736,2026-09-07T23:36,78995.290000,-0.327200,0.806696,2026-09-07,249.000000,1.320903,0.126897,79017.740000,78995.280000
29813737,2026-09-07T23:37,79005.790000,-0.173000,-0.781690,2026-09-07,237.000000,1.376309,0.555939,79013.880000,78990.010000
29813738,2026-09-07T23:38,79018.050000,-0.290700,0.317426,2026-09-07,178.000000,0.335906,0.548925,79035.810000,79005.780000
29813739,2026-09-07T23:39,79019.990000,0.481800,0.099071,2026-09-07,138.000000,0.404504,0.359617,79019.990000,79018.050000
29813740,2026-09-07T23:40,79035.740000,0.095700,-0.243646,2026-09-07,231.000000,0.343927,0.827324,79035.740000,79019.980000
29813741,2026-09-07T23:41,79035.800000,0.137500,0.641591,2026-09-07,207.000000,0.416237,0.399569,79035.810000,79035.730000
29813742,2026-09-07T23:42,79055.730000,0.158600,-0.196491,2026-09-07,340.000000,3.526740,0.596645,79057.330000,79030.560000
29813743,2026-09-07T23:43,79071.010000,0.781500,0.158162,2026-09-07,215.000000,2.291118,0.591709,79071.010000,79055.690000
29813744,2026-09-07T23:44,79108.490000,-0.055700,0.240768,2026-09-07,242.000000,0.681798,0.585315,79111.470000,79071.000000
29813745,2026-09-07T23:45,79102.040000,0.056600,0.016445,2026-09-07,323.000000,1.357258,0.316461,79108.480000,79098.010000
29813746,2026-09-07T23:46,79109.990000,0.460900,-0.314815,2026-09-07,229.000000,2.177549,0.219310,79109.990000,79082.780000
29813747,2026-09-07T23:47,79153.670000,0.288900,-0.578069,2026-09-07,345.000000,1.340371,0.554041,79155.000000,79106.580000
29813748,2026-09-07T23:48,79163.340000,-0.398900,0.137540,2026-09-07,283.000000,2.363353,0.699363,79170.000000,79142.350000
29813749,2026-09-07T23:49,79180.670000,0.452000,0.440899,2026-09-07,293.000000,1.242260,0.282424,79195.490000,79159.080000
29813750,2026-09-07T23:50,79140.080000,-0.402200,-0.510864,2026-09-07,279.000000,3.033620,0.076665,79181.390000,79137.240000
29813751,2026-09-07T23:51,79145.420000,-0.175300,-0.856336,2026-09-07,212.000000,1.647082,0.626185,79148.000000,79131.680000
29813752,2026-09-07T23:52,79132.450000,-0.388800,0.429499,2026-09-07,212.000000,1.260257,0.610018,79145.420000,79132.440000
29813753,2026-09-07T23:53,79141.020000,-0.036600,0.220077,2026-09-07,200.000000,1.164066,0.577311,79145.430000,79126.920000
29813754,2026-09-07T23:54,79126.330000,-0.064100,0.154621,2026-09-07,148.000000,0.477345,0.551581,79134.160000,79126.320000
29813755,2026-09-07T23:55,79133.290000,-0.349900,0.103187,2026-09-07,234.000000,2.837440,0.986231,79143.920000,79120.100000
29813756,2026-09-07T23:56,79097.530000,-0.443500,0.820539,2026-09-07,188.000000,1.682121,0.307604,79133.300000,79092.370000
29813757,2026-09-07T23:57,79107.520000,-0.278800,-0.284006,2026-09-07,186.000000,0.400414,0.462752,79107.530000,79093.770000
29813758,2026-09-07T23:58,79109.990000,0.059900,-0.083390,2026-09-07,180.000000,0.963289,0.464020,79116.900000,79087.190000
29813759,2026-09-07T23:59,79091.980000,-0.426300,-0.068807,2026-09-07,263.000000,3.254134,0.069910,79125.210000,79090.170000
