minute_epoch,minute_utc,close,book_imb,ofi,day,trades,volume,buy_share,high,low
29760900,2026-08-02T07:00,63424.290000,-0.209100,0.930935,2026-08-02,212.000000,3.061558,0.764442,63430.000000,63409.730000
29760901,2026-08-02T07:01,63424.290000,-0.082400,-0.535621,2026-08-02,48.000000,0.558865,0.247268,63426.420000,63424.280000
29760902,2026-08-02T07:02,63424.290000,-0.059500,-0.505174,2026-08-02,38.000000,0.544633,0.993575,63424.290000,63424.280000
29760903,2026-08-02T07:03,63421.670000,-0.055600,0.987149,2026-08-02,125.000000,0.796168,0.030666,63424.280000,63419.840000
29760904,2026-08-02T07:04,63413.710000,0.208900,-0.938668,2026-08-02,240.000000,9.998391,0.001248,63422.940000,63412.770000
29760905,2026-08-02T07:05,63414.510000,0.389000,-0.997503,2026-08-02,41.000000,0.017904,0.873140,63414.510000,63414.500000
29760906,2026-08-02T07:06,63417.830000,0.214900,0.782604,2026-08-02,36.000000,0.071270,0.987968,63417.840000,63414.510000
29760907,2026-08-02T07:07,63411.370000,-0.200600,-0.815922,2026-08-02,87.000000,1.320705,0.452983,63417.870000,63408.880000
29760908,2026-08-02T07:08,63417.870000,0.015700,0.989918,2026-08-02,73.000000,0.590714,0.960122,63417.870000,63411.360000
29760909,2026-08-02T07:09,63421.990000,-0.198000,0.920243,2026-08-02,184.000000,4.223766,0.953342,63424.290000,63417.860000
29760910,2026-08-02T07:10,63421.990000,-0.313600,0.906685,2026-08-02,51.000000,0.047912,0.958744,63421.990000,63421.980000
29760911,2026-08-02T07:11,63418.870000,-0.248500,0.918759,2026-08-02,51.000000,0.320849,0.108622,63421.990000,63418.860000
29760912,2026-08-02T07:12,63417.010000,0.161300,-0.786920,2026-08-02,54.000000,0.121561,0.318662,63418.870000,63417.000000
29760913,2026-08-02T07:13,63417.010000,0.326700,-0.362677,2026-08-02,41.000000,0.039596,0.920820,63417.010000,63417.000000
29760914,2026-08-02T07:14,63426.310000,0.219100,0.841640,2026-08-02,203.000000,4.137483,0.998600,63431.700000,63417.010000
29760915,2026-08-02T07:15,63426.310000,0.089200,0.997200,2026-08-02,103.000000,0.331941,0.042213,63426.310000,63426.300000
29760916,2026-08-02T07:16,63422.420000,0.141800,-0.911080,2026-08-02,64.000000,0.265125,0.099397,63426.310000,63422.410000
29760917,2026-08-02T07:17,63422.420000,-0.028100,-0.806524,2026-08-02,43.000000,0.054422,0.977014,63422.420000,63422.410000
29760918,2026-08-02T07:18,63422.420000,0.192900,0.954029,2026-08-02,31.000000,0.100964,0.118478,63422.420000,63422.410000
29760919,2026-08-02T07:19,63419.420000,-0.214800,-0.763044,2026-08-02,75.000000,2.067136,0.029335,63425.270000,63417.810000
29760920,2026-08-02T07:20,63419.420000,-0.076900,-0.941323,2026-08-02,62.000000,0.021979,0.864164,63419.420000,63419.410000
29760921,2026-08-02T07:21,63421.040000,0.207000,0.728249,2026-08-02,50.000000,1.143412,0.994747,63421.050000,63419.410000
29760922,2026-08-02T07:22,63421.040000,-0.067400,0.989494,2026-08-02,33.000000,0.030019,0.826570,63421.050000,63421.040000
29760923,2026-08-02T07:23,63424.850000,0.357100,0.653209,2026-08-02,56.000000,0.155502,0.934061,63424.860000,63421.040000
29760924,2026-08-02T07:24,63413.170000,-0.046000,0.870665,2026-08-02,237.000000,17.396855,0.021031,63426.310000,63405.810000
29760925,2026-08-02T07:25,63411.320000,0.571300,-0.958247,2026-08-02,43.000000,0.088835,0.997675,63411.800000,63411.310000
29760926,2026-08-02T07:26,63413.990000,-0.294000,0.995374,2026-08-02,202.000000,0.084442,0.899725,63414.000000,63411.310000
29760927,2026-08-02T07:27,63415.260000,-0.345900,0.797614,2026-08-02,121.000000,0.034566,0.983560,63415.270000,63413.990000
29760928,2026-08-02T07:28,63422.990000,-0.112300,0.967120,2026-08-02,114.000000,0.811437,0.757969,63425.000000,63413.990000
29760929,2026-08-02T07:29,63423.270000,-0.022300,0.554098,2026-08-02,357.000000,5.916734,0.916632,63425.940000,63412.840000
29760930,2026-08-02T07:30,63423.270000,0.716500,0.831353,2026-08-02,40.000000,0.026046,0.565570,63423.280000,63423.270000
29760931,2026-08-02T07:31,63419.480000,-0.074000,0.042999,2026-08-02,89.000000,0.560213,0.210456,63424.910000,63419.470000
29760932,2026-08-02T07:32,63419.480000,0.379500,-0.578356,2026-08-02,33.000000,0.034597,0.964968,63419.480000,63419.470000
29760933,2026-08-02T07:33,63423.350000,0.549000,0.940379,2026-08-02,52.000000,0.592169,0.997675,63423.360000,63419.470000
29760934,2026-08-02T07:34,63419.480000,0.065600,0.933257,2026-08-02,91.000000,0.916309,0.036180,63423.360000,63419.470000
29760935,2026-08-02T07:35,63419.480000,0.175500,-0.926107,2026-08-02,33.000000,0.030137,0.883424,63419.480000,63419.470000
29760936,2026-08-02T07:36,63419.480000,0.450200,0.766848,2026-08-02,34.000000,0.034762,0.831402,63419.480000,63419.470000
29760937,2026-08-02T07:37,63437.740000,0.403900,0.662804,2026-08-02,237.000000,1.468394,0.550000,63442.510000,63419.480000
29760938,2026-08-02T07:38,63445.490000,0.314900,0.100000,2026-08-02,143.000000,0.152832,0.995505,63445.500000,63437.750000
29760939,2026-08-02T07:39,63445.490000,0.129800,0.991119,2026-08-02,50.000000,0.164171,0.468827,63445.850000,63445.490000
29760940,2026-08-02T07:40,63454.240000,0.406400,-0.074603,2026-08-02,146.000000,0.731340,0.998001,63454.240000,63445.490000
29760941,2026-08-02T07:41,63454.180000,0.235400,0.996002,2026-08-02,91.000000,0.197732,0.080241,63454.240000,63454.180000
29760942,2026-08-02T07:42,63462.690000,0.734900,-0.839518,2026-08-02,74.000000,0.410586,0.576172,63464.560000,63454.190000
29760943,2026-08-02T07:43,63461.120000,-0.179300,0.188962,2026-08-02,175.000000,0.955122,0.372687,63474.000000,63461.130000
29760944,2026-08-02T07:44,63467.990000,0.238000,-0.294603,2026-08-02,83.000000,1.074524,0.976905,63468.000000,63459.020000
29760945,2026-08-02T07:45,63438.760000,0.420900,0.991068,2026-08-02,150.000000,3.638692,0.050900,63468.000000,63430.170000
29760946,2026-08-02T07:46,63419.830000,0.754000,-0.898208,2026-08-02,134.000000,3.155570,0.169944,63438.770000,63411.130000
29760947,2026-08-02T07:47,63429.730000,-0.123300,-0.660078,2026-08-02,195.000000,0.456222,0.134194,63430.000000,63419.840000
29760948,2026-08-02T07:48,63423.820000,0.276800,-0.725298,2026-08-02,162.000000,0.576054,0.153323,63437.040000,63423.820000
29760949,2026-08-02T07:49,63434.990000,0.299300,-0.698473,2026-08-02,77.000000,0.198793,0.994184,63435.000000,63423.830000
29760950,2026-08-02T07:50,63437.010000,0.305200,0.988765,2026-08-02,63.000000,0.221324,0.660383,63437.020000,63434.960000
29760951,2026-08-02T07:51,63435.600000,0.058700,0.298492,2026-08-02,40.000000,0.174916,0.429414,63437.020000,63435.600000
29760952,2026-08-02T07:52,63433.510000,0.615200,-0.141171,2026-08-02,93.000000,0.193024,0.064356,63435.600000,63433.500000
29760953,2026-08-02T07:53,63436.190000,0.318400,-0.870937,2026-08-02,104.000000,2.048958,0.345661,63436.200000,63429.040000
29760954,2026-08-02T07:54,63436.190000,-0.050100,-0.308701,2026-08-02,205.000000,0.026749,0.886942,63436.200000,63436.190000
29760955,2026-08-02T07:55,63423.290000,-0.275200,0.773882,2026-08-02,110.000000,0.280983,0.285068,63436.200000,63423.280000
29760956,2026-08-02T07:56,63419.850000,0.145500,-0.429865,2026-08-02,67.000000,0.646488,0.082837,63423.290000,63419.840000
29760957,2026-08-02T07:57,63426.650000,0.279700,-0.834325,2026-08-02,67.000000,0.544788,0.994898,63426.850000,63419.850000
29760958,2026-08-02T07:58,63426.650000,-0.198500,0.989795,2026-08-02,35.000000,0.064113,0.836951,63426.660000,63425.380000
29760959,2026-08-02T07:59,63442.900000,-0.036000,0.673903,2026-08-02,358.000000,34.770987,0.999920,63448.430000,63426.650000
29760960,2026-08-02T08:00,63433.600000,0.160400,0.999817,2026-08-02,140.000000,0.214294,0.465620,63441.360000,63437.200000
29760961,2026-08-02T08:01,63426.150000,0.414200,-0.068498,2026-08-02,142.000000,0.563288,0.737571,63433.600000,63425.390000
29760962,2026-08-02T08:02,63434.600000,0.527200,0.476037,2026-08-02,60.000000,0.228732,0.978978,63434.890000,63426.150000
29760963,2026-08-02T08:03,63440.330000,0.447400,0.957957,2026-08-02,162.000000,1.750510,0.823105,63445.560000,63426.730000
29760964,2026-08-02T08:04,63424.290000,-0.163500,0.646210,2026-08-02,488.000000,27.340940,0.033728,63455.210000,63423.350000
29760965,2026-08-02T08:05,63424.290000,-0.568700,-0.932513,2026-08-02,41.000000,0.031015,0.991906,63424.290000,63424.280000
29760966,2026-08-02T08:06,63435.940000,0.234100,0.983574,2026-08-02,71.000000,0.160528,0.963872,63435.950000,63424.280000
29760967,2026-08-02T08:07,63432.010000,0.183700,0.927745,2026-08-02,113.000000,0.803530,0.073444,63435.950000,63432.000000
29760968,2026-08-02T08:08,63435.940000,0.278200,-0.852583,2026-08-02,57.000000,0.068320,0.982837,63435.950000,63432.000000
29760969,2026-08-02T08:09,63453.650000,-0.073700,0.965557,2026-08-02,182.000000,1.651578,0.943615,63454.920000,63435.940000
29760970,2026-08-02T08:10,63460.490000,0.613000,0.887229,2026-08-02,127.000000,1.141872,0.680864,63460.480000,63451.110000
29760971,2026-08-02T08:11,63464.980000,0.363500,0.361828,2026-08-02,217.000000,0.912670,0.620719,63464.990000,63460.480000
29760972,2026-08-02T08:12,63445.510000,-0.180600,0.241478,2026-08-02,101.000000,1.943328,0.849248,63464.980000,63445.500000
29760973,2026-08-02T08:13,63435.920000,-0.498900,0.698460,2026-08-02,80.000000,1.174827,0.712657,63449.600000,63435.920000
29760974,2026-08-02T08:14,63423.290000,0.087700,0.425314,2026-08-02,116.000000,1.354990,0.027343,63435.920000,63423.280000
29760975,2026-08-02T08:15,63423.290000,0.177600,-0.945314,2026-08-02,57.000000,0.025536,0.894713,63423.290000,63423.280000
29760976,2026-08-02T08:16,63423.290000,0.166700,0.793299,2026-08-02,43.000000,0.283487,0.290608,63423.300000,63423.280000
29760977,2026-08-02T08:17,63416.400000,0.003400,-0.421183,2026-08-02,116.000000,0.226438,0.060503,63423.300000,63416.400000
29760978,2026-08-02T08:18,63418.900000,0.112800,-0.878841,2026-08-02,104.000000,0.933579,0.460170,63421.820000,63416.400000
29760979,2026-08-02T08:19,63421.510000,-0.348300,-0.079073,2026-08-02,77.000000,0.509295,0.172093,63424.850000,63418.890000
29760980,2026-08-02T08:20,63404.010000,-0.325900,-0.657529,2026-08-02,83.000000,1.551692,0.009057,63421.510000,63404.000000
29760981,2026-08-02T08:21,63408.130000,0.179400,-0.981853,2026-08-02,54.000000,1.468834,0.988922,63408.140000,63404.000000
29760982,2026-08-02T08:22,63411.350000,-0.136400,0.977842,2026-08-02,35.000000,0.062377,0.994598,63411.360000,63408.130000
29760983,2026-08-02T08:23,63402.650000,-0.354600,0.989229,2026-08-02,46.000000,0.295770,0.062871,63411.360000,63402.640000
29760984,2026-08-02T08:24,63401.010000,-0.487700,-0.874259,2026-08-02,51.000000,0.437861,0.068286,63402.650000,63401.010000
29760985,2026-08-02T08:25,63399.010000,-0.294500,-0.863429,2026-08-02,40.000000,0.091872,0.192609,63401.010000,63399.000000
29760986,2026-08-02T08:26,63372.570000,-0.350500,-0.614783,2026-08-02,131.000000,6.306958,0.013663,63401.010000,63358.560000
29760987,2026-08-02T08:27,63367.180000,0.028500,-0.972674,2026-08-02,70.000000,0.385303,0.879816,63373.010000,63367.170000
29760988,2026-08-02T08:28,63328.370000,0.241800,0.759631,2026-08-02,398.000000,6.418311,0.285061,63367.170000,63323.530000
29760989,2026-08-02T08:29,63324.010000,-0.168300,-0.429883,2026-08-02,110.000000,0.167377,0.084476,63328.370000,63324.000000
29760990,2026-08-02T08:30,63326.680000,-0.159600,-0.831003,2026-08-02,100.000000,0.206311,0.749205,63327.880000,63320.250000
29760991,2026-08-02T08:31,63322.380000,-0.052000,0.499435,2026-08-02,76.000000,0.561586,0.036005,63326.690000,63322.370000
29760992,2026-08-02T08:32,63323.270000,0.359700,-0.929380,2026-08-02,95.000000,0.276086,0.430864,63329.680000,63322.380000
29760993,2026-08-02T08:33,63301.540000,-0.120100,-0.138271,2026-08-02,230.000000,3.966227,0.098295,63329.680000,63292.570000
29760994,2026-08-02T08:34,63290.920000,0.145000,-0.803409,2026-08-02,86.000000,0.401126,0.219009,63301.550000,63290.910000
29760995,2026-08-02T08:35,63280.790000,0.033300,-0.568903,2026-08-02,93.000000,1.315625,0.832529,63290.910000,63280.790000
29760996,2026-08-02T08:36,63277.940000,-0.019400,0.673250,2026-08-02,35.000000,0.106791,0.157491,63280.800000,63278.800000
29760997,2026-08-02T08:37,63280.510000,0.041100,-0.685018,2026-08-02,64.000000,0.134751,0.692575,63280.510000,63276.550000
29760998,2026-08-02T08:38,63220.710000,0.396200,-0.220396,2026-08-02,205.000000,3.668491,0.136358,63280.500000,63204.640000
29760999,2026-08-02T08:39,63172.510000,0.079100,-0.551914,2026-08-02,286.000000,3.566709,0.477921,63234.080000,63172.510000
29761000,2026-08-02T08:40,63186.180000,0.278900,-0.170258,2026-08-02,105.000000,0.672952,0.922517,63187.450000,63172.510000
29761001,2026-08-02T08:41,63182.480000,0.419700,0.845387,2026-08-02,221.000000,3.314262,0.192004,63186.180000,63143.280000
29761002,2026-08-02T08:42,63204.740000,0.216300,-0.616756,2026-08-02,249.000000,0.568673,0.814351,63207.920000,63182.470000
29761003,2026-08-02T08:43,63188.120000,-0.070900,0.630517,2026-08-02,203.000000,1.061883,0.153416,63214.500000,63188.120000
29761004,2026-08-02T08:44,63158.490000,0.401200,-0.696789,2026-08-02,287.000000,4.581983,0.255844,63194.610000,63147.160000
29761005,2026-08-02T08:45,63168.710000,0.454700,-0.488307,2026-08-02,96.000000,0.581828,0.561969,63168.720000,63144.660000
29761006,2026-08-02T08:46,63173.180000,0.271000,0.124496,2026-08-02,134.000000,0.292548,0.647221,63174.000000,63168.710000
29761007,2026-08-02T08:47,63165.290000,0.271300,0.294441,2026-08-02,48.000000,0.060865,0.130022,63173.190000,63165.280000
29761008,2026-08-02T08:48,63159.830000,0.053100,-0.978157,2026-08-02,41.000000,1.236874,0.043509,63165.290000,63159.000000
29761009,2026-08-02T08:49,63161.430000,-0.346100,-0.811021,2026-08-02,54.000000,0.363153,0.986932,63164.200000,63159.830000
29761010,2026-08-02T08:50,63149.230000,0.409400,0.973902,2026-08-02,91.000000,0.816903,0.490851,63161.430000,63148.100000
29761011,2026-08-02T08:51,63144.010000,-0.066000,-0.018297,2026-08-02,46.000000,0.197429,0.029413,63149.230000,63144.000000
29761012,2026-08-02T08:52,63154.520000,0.747200,0.749545,2026-08-02,196.000000,1.605291,0.981599,63154.960000,63144.010000
29761013,2026-08-02T08:53,63154.960000,0.621900,0.782507,2026-08-02,69.000000,0.122269,0.354439,63154.970000,63154.950000
29761014,2026-08-02T08:54,63152.040000,0.229700,-0.291123,2026-08-02,81.000000,0.490456,0.206245,63158.290000,63152.050000
29761015,2026-08-02T08:55,63150.770000,-0.071100,-0.587510,2026-08-02,132.000000,0.451753,0.808018,63157.340000,63150.600000
29761016,2026-08-02T08:56,63139.260000,-0.045000,0.616036,2026-08-02,89.000000,0.481636,0.088101,63150.780000,63138.000000
29761017,2026-08-02T08:57,63134.320000,-0.300700,-0.823797,2026-08-02,85.000000,1.844873,0.008714,63139.270000,63130.890000
29761018,2026-08-02T08:58,63122.990000,0.369800,-0.982571,2026-08-02,140.000000,2.519247,0.547044,63130.880000,63103.510000
29761019,2026-08-02T08:59,63128.790000,0.230900,0.094087,2026-08-02,161.000000,0.259082,0.846990,63132.510000,63122.990000
29761020,2026-08-02T09:00,63154.760000,0.324100,0.692815,2026-08-02,265.000000,1.244239,0.440076,63161.840000,63130.030000
29761021,2026-08-02T09:01,63127.440000,-0.212800,-0.119721,2026-08-02,67.000000,0.356898,0.024990,63154.760000,63127.450000
29761022,2026-08-02T09:02,63088.510000,-0.631000,-0.947197,2026-08-02,147.000000,0.556763,0.289676,63127.450000,63088.510000
29761023,2026-08-02T09:03,63079.290000,-0.277700,-0.432177,2026-08-02,83.000000,0.318900,0.744663,63088.500000,63079.280000
29761024,2026-08-02T09:04,63038.010000,-0.119700,0.537540,2026-08-02,102.000000,0.809443,0.046846,63079.290000,63038.010000
29761025,2026-08-02T09:05,63077.990000,0.298100,-0.931705,2026-08-02,307.000000,2.991495,0.603399,63078.000000,63017.200000
29761026,2026-08-02T09:06,63095.150000,0.978000,0.341817,2026-08-02,191.000000,0.342386,0.966376,63095.150000,63078.000000
29761027,2026-08-02T09:07,63118.490000,0.752000,0.933824,2026-08-02,251.000000,1.383004,0.999151,63122.290000,63095.150000
29761028,2026-08-02T09:08,63146.990000,0.184700,0.998295,2026-08-02,296.000000,1.333180,0.541587,63150.150000,63122.280000
29761029,2026-08-02T09:09,63179.040000,0.672100,0.083175,2026-08-02,284.000000,3.175583,0.973093,63179.040000,63146.980000
29761030,2026-08-02T09:10,63192.810000,-0.256100,0.946187,2026-08-02,318.000000,4.230218,0.564244,63208.670000,63179.030000
29761031,2026-08-02T09:11,63215.960000,0.115700,0.128626,2026-08-02,224.000000,3.004848,0.819019,63219.480000,63192.810000
29761032,2026-08-02T09:12,63201.990000,0.349100,0.637957,2026-08-02,76.000000,0.465596,0.169753,63215.960000,63198.010000
29761033,2026-08-02T09:13,63204.010000,-0.285600,-0.660495,2026-08-02,47.000000,0.034314,0.845650,63204.010000,63201.980000
29761034,2026-08-02T09:14,63198.150000,-0.334900,0.691300,2026-08-02,68.000000,0.422704,0.064506,63204.010000,63196.240000
29761035,2026-08-02T09:15,63198.150000,-0.310400,-0.866614,2026-08-02,15.000000,0.020108,0.979738,63198.150000,63198.140000
29761036,2026-08-02T09:16,63198.150000,-0.310400,0.957375,2026-08-02,,,,,
29761037,2026-08-02T09:17,63198.150000,-0.310400,0.000000,2026-08-02,,,,,
29761038,2026-08-02T09:18,63198.150000,-0.310400,0.000000,2026-08-02,,,,,
29761039,2026-08-02T09:19,63198.150000,-0.310400,0.000000,2026-08-02,,,,,
29761040,2026-08-02T09:20,63198.150000,-0.310400,0.000000,2026-08-02,,,,,
29761041,2026-08-02T09:21,63198.150000,-0.310400,0.000000,2026-08-02,,,,,
29761042,2026-08-02T09:22,63198.150000,-0.310400,0.000000,2026-08-02,,,,,
29761043,2026-08-02T09:23,63198.150000,-0.310400,0.000000,2026-08-02,,,,,
29761044,2026-08-02T09:24,63198.150000,-0.310400,0.000000,2026-08-02,,,,,
29761045,2026-08-02T09:25,63198.150000,-0.310400,0.000000,2026-08-02,,,,,
29761046,2026-08-02T09:26,63198.150000,-0.310400,0.000000,2026-08-02,,,,,
29761047,2026-08-02T09:27,63198.150000,-0.310400,0.000000,2026-08-02,,,,,
29761048,2026-08-02T09:28,63198.150000,-0.310400,0.000000,2026-08-02,,,,,
29761049,2026-08-02T09:29,63198.150000,-0.310400,0.000000,2026-08-02,,,,,
29761050,2026-08-02T09:30,63198.150000,-0.310400,0.000000,2026-08-02,,,,,
29761051,2026-08-02T09:31,63198.150000,-0.310400,0.000000,2026-08-02,,,,,
29761052,2026-08-02T09:32,63198.150000,-0.310400,0.000000,2026-08-02,,,,,
29761053,2026-08-02T09:33,63198.150000,-0.310400,0.000000,2026-08-02,,,,,
29761054,2026-08-02T09:34,63198.150000,-0.310400,0.000000,2026-08-02,,,,,
29761055,2026-08-02T09:35,63198.150000,-0.310400,0.000000,2026-08-02,,,,,
29761056,2026-08-02T09:36,63198.150000,-0.310400,0.000000,2026-08-02,,,,,
29761057,2026-08-02T09:37,63198.150000,-0.310400,0.000000,2026-08-02,,,,,
29761058,2026-08-02T09:38,63229.510000,-0.297800,0.000000,2026-08-02,16.000000,0.018932,0.997628,63229.520000,63229.510000
29761059,2026-08-02T09:39,63229.510000,-0.340400,0.995257,2026-08-02,11.000000,0.013866,1.000000,63229.520000,63229.520000
29761060,2026-08-02T09:40,63229.510000,-0.340400,1.000000,2026-08-02,,,,,
29761061,2026-08-02T09:41,63229.510000,-0.340400,0.000000,2026-08-02,,,,,
29761062,2026-08-02T09:42,63229.510000,-0.340400,0.000000,2026-08-02,,,,,
29761063,2026-08-02T09:43,63229.510000,-0.340400,0.000000,2026-08-02,,,,,
29761064,2026-08-02T09:44,63229.510000,-0.340400,0.000000,2026-08-02,,,,,
29761065,2026-08-02T09:45,63229.510000,-0.340400,0.000000,2026-08-02,,,,,
29761066,2026-08-02T09:46,63229.510000,-0.340400,0.000000,2026-08-02,,,,,
29761067,2026-08-02T09:47,63229.510000,-0.340400,0.000000,2026-08-02,,,,,
29761068,2026-08-02T09:48,63229.510000,-0.340400,0.000000,2026-08-02,,,,,
29761069,2026-08-02T09:49,63229.510000,-0.340400,0.000000,2026-08-02,,,,,
29761070,2026-08-02T09:50,63229.510000,-0.340400,0.000000,2026-08-02,,,,,
29761071,2026-08-02T09:51,63229.510000,-0.340400,0.000000,2026-08-02,,,,,
29761072,2026-08-02T09:52,63229.510000,-0.340400,0.000000,2026-08-02,,,,,
29761073,2026-08-02T09:53,63229.510000,-0.340400,0.000000,2026-08-02,,,,,
29761074,2026-08-02T09:54,63229.510000,-0.340400,0.000000,2026-08-02,,,,,
29761075,2026-08-02T09:55,63229.510000,-0.340400,0.000000,2026-08-02,,,,,
29761076,2026-08-02T09:56,63229.510000,-0.340400,0.000000,2026-08-02,,,,,
29761077,2026-08-02T09:57,63229.510000,-0.340400,0.000000,2026-08-02,,,,,
29761078,2026-08-02T09:58,63229.510000,-0.340400,0.000000,2026-08-02,,,,,
29761079,2026-08-02T09:59,63229.510000,-0.340400,0.000000,2026-08-02,,,,,
29761080,2026-08-02T10:00,63229.510000,-0.340400,0.000000,2026-08-02,,,,,
29761081,2026-08-02T10:01,63229.510000,-0.340400,0.000000,2026-08-02,,,,,
29761082,2026-08-02T10:02,63229.510000,-0.340400,0.000000,2026-08-02,,,,,
29761083,2026-08-02T10:03,63229.510000,-0.340400,0.000000,2026-08-02,,,,,
29761084,2026-08-02T10:04,63229.510000,-0.340400,0.000000,2026-08-02,,,,,
29761085,2026-08-02T10:05,63185.380000,0.388400,0.000000,2026-08-02,4.000000,0.001923,0.999922,63185.390000,63185.380000
29761086,2026-08-02T10:06,63185.380000,0.388400,0.999844,2026-08-02,,,,,
29761087,2026-08-02T10:07,63185.380000,0.388400,0.000000,2026-08-02,,,,,
29761088,2026-08-02T10:08,63185.380000,0.388400,0.000000,2026-08-02,,,,,
29761089,2026-08-02T10:09,63185.380000,0.388400,0.000000,2026-08-02,,,,,
29761090,2026-08-02T10:10,63185.380000,0.388400,0.000000,2026-08-02,,,,,
29761091,2026-08-02T10:11,63185.380000,0.388400,0.000000,2026-08-02,,,,,
29761092,2026-08-02T10:12,63185.380000,0.388400,0.000000,2026-08-02,,,,,
29761093,2026-08-02T10:13,63185.380000,0.388400,0.000000,2026-08-02,,,,,
29761094,2026-08-02T10:14,63185.380000,0.388400,0.000000,2026-08-02,,,,,
29761095,2026-08-02T10:15,63185.380000,0.388400,0.000000,2026-08-02,,,,,
29761096,2026-08-02T10:16,63185.380000,0.388400,0.000000,2026-08-02,,,,,
29761097,2026-08-02T10:17,63185.380000,0.388400,0.000000,2026-08-02,,,,,
29761098,2026-08-02T10:18,63185.380000,0.388400,0.000000,2026-08-02,,,,,
29761099,2026-08-02T10:19,63185.380000,0.388400,0.000000,2026-08-02,,,,,
29761100,2026-08-02T10:20,63185.380000,0.388400,0.000000,2026-08-02,,,,,
29761101,2026-08-02T10:21,63185.380000,0.388400,0.000000,2026-08-02,,,,,
29761102,2026-08-02T10:22,63185.380000,0.388400,0.000000,2026-08-02,,,,,
29761103,2026-08-02T10:23,63185.380000,0.388400,0.000000,2026-08-02,,,,,
29761104,2026-08-02T10:24,63185.380000,0.388400,0.000000,2026-08-02,,,,,
29761105,2026-08-02T10:25,63185.380000,0.388400,0.000000,2026-08-02,,,,,
29761106,2026-08-02T10:26,63185.380000,0.388400,0.000000,2026-08-02,,,,,
29761107,2026-08-02T10:27,63185.380000,0.388400,0.000000,2026-08-02,,,,,
29761108,2026-08-02T10:28,63185.380000,0.388400,0.000000,2026-08-02,,,,,
29761109,2026-08-02T10:29,63185.380000,0.388400,0.000000,2026-08-02,,,,,
29761110,2026-08-02T10:30,63185.380000,0.388400,0.000000,2026-08-02,,,,,
29761111,2026-08-02T10:31,63185.380000,0.388400,0.000000,2026-08-02,,,,,
29761112,2026-08-02T10:32,63185.380000,0.388400,0.000000,2026-08-02,,,,,
29761113,2026-08-02T10:33,63185.380000,0.388400,0.000000,2026-08-02,,,,,
29761114,2026-08-02T10:34,63185.380000,0.388400,0.000000,2026-08-02,,,,,
29761115,2026-08-02T10:35,63185.380000,0.388400,0.000000,2026-08-02,,,,,
29761116,2026-08-02T10:36,63185.380000,0.388400,0.000000,2026-08-02,,,,,
29761117,2026-08-02T10:37,63185.380000,0.388400,0.000000,2026-08-02,,,,,
29761118,2026-08-02T10:38,63137.760000,0.029100,1.000000,2026-08-02,2.000000,0.002446,1.000000,63137.760000,63137.760000
29761119,2026-08-02T10:39,63137.760000,0.143600,1.000000,2026-08-02,160.000000,1.236193,0.125442,63145.500000,63137.750000
29761120,2026-08-02T10:40,63136.510000,-0.215700,-0.646610,2026-08-02,26.000000,0.135666,0.622609,63139.040000,63136.510000
29761121,2026-08-02T10:41,63136.510000,-0.215700,-0.744173,2026-08-02,,,,,
29761122,2026-08-02T10:42,63136.510000,-0.215700,0.000000,2026-08-02,,,,,
29761123,2026-08-02T10:43,63136.510000,-0.215700,0.000000,2026-08-02,,,,,
29761124,2026-08-02T10:44,63136.510000,-0.215700,0.000000,2026-08-02,,,,,
29761125,2026-08-02T10:45,63136.510000,-0.215700,0.000000,2026-08-02,,,,,
29761126,2026-08-02T10:46,63136.510000,-0.215700,0.000000,2026-08-02,,,,,
29761127,2026-08-02T10:47,63136.510000,-0.215700,0.000000,2026-08-02,,,,,
29761128,2026-08-02T10:48,63136.510000,-0.215700,0.000000,2026-08-02,,,,,
29761129,2026-08-02T10:49,63136.510000,-0.215700,0.000000,2026-08-02,,,,,
29761130,2026-08-02T10:50,63136.510000,-0.215700,0.000000,2026-08-02,,,,,
29761131,2026-08-02T10:51,63136.510000,-0.215700,0.000000,2026-08-02,,,,,
29761132,2026-08-02T10:52,63136.510000,-0.215700,0.000000,2026-08-02,,,,,
29761133,2026-08-02T10:53,63136.510000,-0.215700,0.000000,2026-08-02,,,,,
29761134,2026-08-02T10:54,63136.510000,-0.215700,0.000000,2026-08-02,,,,,
29761135,2026-08-02T10:55,63136.510000,-0.215700,0.000000,2026-08-02,,,,,
29761136,2026-08-02T10:56,63136.510000,-0.215700,0.000000,2026-08-02,,,,,
29761137,2026-08-02T10:57,63136.510000,-0.215700,0.000000,2026-08-02,,,,,
29761138,2026-08-02T10:58,63136.510000,-0.215700,0.000000,2026-08-02,,,,,
29761139,2026-08-02T10:59,63136.510000,-0.215700,0.000000,2026-08-02,,,,,
29761140,2026-08-02T11:00,63136.510000,-0.215700,0.000000,2026-08-02,,,,,
29761141,2026-08-02T11:01,63136.510000,-0.215700,0.000000,2026-08-02,,,,,
29761142,2026-08-02T11:02,63136.510000,-0.215700,0.000000,2026-08-02,,,,,
29761143,2026-08-02T11:03,63136.510000,-0.215700,0.000000,2026-08-02,,,,,
29761144,2026-08-02T11:04,63136.510000,-0.215700,0.000000,2026-08-02,,,,,
29761145,2026-08-02T11:05,63136.510000,-0.215700,0.000000,2026-08-02,,,,,
29761146,2026-08-02T11:06,63136.510000,-0.215700,0.000000,2026-08-02,,,,,
29761147,2026-08-02T11:07,63136.510000,-0.215700,0.000000,2026-08-02,,,,,
29761148,2026-08-02T11:08,63136.510000,-0.215700,0.000000,2026-08-02,,,,,
29761149,2026-08-02T11:09,63136.510000,-0.215700,0.000000,2026-08-02,,,,,
29761150,2026-08-02T11:10,63136.510000,-0.215700,0.000000,2026-08-02,,,,,
29761151,2026-08-02T11:11,63136.510000,-0.215700,0.000000,2026-08-02,,,,,
29761152,2026-08-02T11:12,63136.510000,-0.215700,0.000000,2026-08-02,,,,,
29761153,2026-08-02T11:13,63136.510000,-0.215700,0.000000,2026-08-02,,,,,
29761154,2026-08-02T11:14,63136.510000,-0.215700,0.000000,2026-08-02,,,,,
29761155,2026-08-02T11:15,63136.510000,-0.215700,0.000000,2026-08-02,,,,,
29761156,2026-08-02T11:16,63096.480000,-0.391600,0.000000,2026-08-02,65.000000,1.839923,0.999571,63096.480000,63095.990000
29761157,2026-08-02T11:17,63096.480000,-0.345900,0.999142,2026-08-02,13.000000,0.368257,0.999620,63096.480000,63096.470000
29761158,2026-08-02T11:18,63096.480000,-0.345900,0.999240,2026-08-02,,,,,
29761159,2026-08-02T11:19,63096.480000,-0.345900,0.000000,2026-08-02,,,,,
29761160,2026-08-02T11:20,63096.480000,-0.345900,0.000000,2026-08-02,,,,,
29761161,2026-08-02T11:21,63096.480000,-0.345900,0.000000,2026-08-02,,,,,
29761162,2026-08-02T11:22,63096.480000,-0.345900,0.000000,2026-08-02,,,,,
29761163,2026-08-02T11:23,63096.480000,-0.345900,0.000000,2026-08-02,,,,,
29761164,2026-08-02T11:24,63096.480000,-0.345900,0.000000,2026-08-02,,,,,
29761165,2026-08-02T11:25,63096.480000,-0.345900,0.000000,2026-08-02,,,,,
29761166,2026-08-02T11:26,63096.480000,-0.345900,0.000000,2026-08-02,,,,,
29761167,2026-08-02T11:27,63096.480000,-0.345900,0.000000,2026-08-02,,,,,
29761168,2026-08-02T11:28,63096.480000,-0.345900,0.000000,2026-08-02,,,,,
29761169,2026-08-02T11:29,63096.480000,-0.345900,0.000000,2026-08-02,,,,,
29761170,2026-08-02T11:30,63096.480000,-0.345900,0.000000,2026-08-02,,,,,
29761171,2026-08-02T11:31,63096.480000,-0.345900,0.000000,2026-08-02,,,,,
29761172,2026-08-02T11:32,63096.480000,-0.345900,0.000000,2026-08-02,,,,,
29761173,2026-08-02T11:33,63096.480000,-0.345900,0.000000,2026-08-02,,,,,
29761174,2026-08-02T11:34,63096.480000,-0.345900,0.000000,2026-08-02,,,,,
29761175,2026-08-02T11:35,63096.480000,-0.345900,0.000000,2026-08-02,,,,,
29761176,2026-08-02T11:36,63096.480000,-0.345900,0.000000,2026-08-02,,,,,
29761177,2026-08-02T11:37,63096.480000,-0.345900,0.000000,2026-08-02,,,,,
29761178,2026-08-02T11:38,63096.480000,-0.345900,0.000000,2026-08-02,,,,,
29761179,2026-08-02T11:39,63096.480000,-0.345900,0.000000,2026-08-02,,,,,
29761180,2026-08-02T11:40,63096.480000,-0.345900,0.000000,2026-08-02,,,,,
29761181,2026-08-02T11:41,63096.480000,-0.345900,0.000000,2026-08-02,,,,,
29761182,2026-08-02T11:42,63096.480000,-0.345900,0.000000,2026-08-02,,,,,
29761183,2026-08-02T11:43,63062.820000,0.226400,0.000000,2026-08-02,2.000000,0.507548,0.000444,63067.750000,63064.450000
29761184,2026-08-02T11:44,63062.820000,0.226400,-0.999111,2026-08-02,,,,,
29761185,2026-08-02T11:45,63062.820000,0.226400,0.000000,2026-08-02,,,,,
29761186,2026-08-02T11:46,63062.820000,0.226400,0.000000,2026-08-02,,,,,
29761187,2026-08-02T11:47,63062.820000,0.226400,0.000000,2026-08-02,,,,,
29761188,2026-08-02T11:48,63062.820000,0.226400,0.000000,2026-08-02,,,,,
29761189,2026-08-02T11:49,63062.820000,0.226400,0.000000,2026-08-02,,,,,
29761190,2026-08-02T11:50,63062.820000,0.226400,0.000000,2026-08-02,,,,,
29761191,2026-08-02T11:51,63062.820000,0.226400,0.000000,2026-08-02,,,,,
29761192,2026-08-02T11:52,63062.820000,0.226400,0.000000,2026-08-02,,,,,
29761193,2026-08-02T11:53,63062.820000,0.226400,0.000000,2026-08-02,,,,,
29761194,2026-08-02T11:54,63062.820000,0.226400,0.000000,2026-08-02,,,,,
29761195,2026-08-02T11:55,63062.820000,0.226400,0.000000,2026-08-02,,,,,
29761196,2026-08-02T11:56,63062.820000,0.226400,0.000000,2026-08-02,,,,,
29761197,2026-08-02T11:57,63062.820000,0.226400,0.000000,2026-08-02,,,,,
29761198,2026-08-02T11:58,63062.820000,0.226400,0.000000,2026-08-02,,,,,
29761199,2026-08-02T11:59,63062.820000,0.226400,0.000000,2026-08-02,,,,,
29761200,2026-08-02T12:00,63019.400000,-0.178300,0.000000,2026-08-02,5.000000,0.005217,0.999946,63019.400000,63017.340000
29761201,2026-08-02T12:01,63019.400000,-0.178300,0.999893,2026-08-02,,,,,
29761202,2026-08-02T12:02,63019.400000,-0.178300,0.000000,2026-08-02,,,,,
29761203,2026-08-02T12:03,63019.400000,-0.178300,0.000000,2026-08-02,,,,,
29761204,2026-08-02T12:04,63019.400000,-0.178300,0.000000,2026-08-02,,,,,
29761205,2026-08-02T12:05,63019.400000,-0.178300,0.000000,2026-08-02,,,,,
29761206,2026-08-02T12:06,63019.400000,-0.178300,0.000000,2026-08-02,,,,,
29761207,2026-08-02T12:07,63019.400000,-0.178300,0.000000,2026-08-02,,,,,
29761208,2026-08-02T12:08,63019.400000,-0.178300,0.000000,2026-08-02,,,,,
29761209,2026-08-02T12:09,63019.400000,-0.178300,0.000000,2026-08-02,,,,,
29761210,2026-08-02T12:10,63019.400000,-0.178300,0.000000,2026-08-02,,,,,
29761211,2026-08-02T12:11,63019.400000,-0.178300,0.000000,2026-08-02,,,,,
29761212,2026-08-02T12:12,63019.400000,-0.178300,0.000000,2026-08-02,,,,,
29761213,2026-08-02T12:13,63019.400000,-0.178300,0.000000,2026-08-02,,,,,
29761214,2026-08-02T12:14,63019.400000,-0.178300,0.000000,2026-08-02,,,,,
29761215,2026-08-02T12:15,63019.400000,-0.178300,0.000000,2026-08-02,,,,,
29761216,2026-08-02T12:16,63019.400000,-0.178300,0.000000,2026-08-02,,,,,
29761217,2026-08-02T12:17,63124.010000,-0.385100,0.000000,2026-08-02,48.000000,0.939757,0.103653,63133.020000,63124.010000
29761218,2026-08-02T12:18,63114.170000,-0.068600,0.131493,2026-08-02,45.000000,1.197715,0.907272,63130.470000,63111.780000
29761219,2026-08-02T12:19,63114.170000,-0.068600,-0.123473,2026-08-02,,,,,
29761220,2026-08-02T12:20,63114.170000,-0.068600,0.000000,2026-08-02,,,,,
29761221,2026-08-02T12:21,63114.170000,-0.068600,0.000000,2026-08-02,,,,,
29761222,2026-08-02T12:22,63114.170000,-0.068600,0.000000,2026-08-02,,,,,
29761223,2026-08-02T12:23,63114.170000,-0.068600,0.000000,2026-08-02,,,,,
29761224,2026-08-02T12:24,63114.170000,-0.068600,0.000000,2026-08-02,,,,,
29761225,2026-08-02T12:25,63114.170000,-0.068600,0.000000,2026-08-02,,,,,
29761226,2026-08-02T12:26,63114.170000,-0.068600,0.000000,2026-08-02,,,,,
29761227,2026-08-02T12:27,63114.170000,-0.068600,0.000000,2026-08-02,,,,,
29761228,2026-08-02T12:28,63114.170000,-0.068600,0.000000,2026-08-02,,,,,
29761229,2026-08-02T12:29,63114.170000,-0.068600,0.000000,2026-08-02,,,,,
29761230,2026-08-02T12:30,63114.170000,-0.068600,0.000000,2026-08-02,,,,,
29761231,2026-08-02T12:31,63114.170000,-0.068600,0.000000,2026-08-02,,,,,
29761232,2026-08-02T12:32,63114.170000,-0.068600,0.000000,2026-08-02,,,,,
29761233,2026-08-02T12:33,63114.170000,-0.068600,0.000000,2026-08-02,,,,,
29761234,2026-08-02T12:34,63114.170000,-0.068600,0.000000,2026-08-02,,,,,
29761235,2026-08-02T12:35,63114.170000,-0.068600,0.000000,2026-08-02,,,,,
29761236,2026-08-02T12:36,63114.170000,-0.068600,0.000000,2026-08-02,,,,,
29761237,2026-08-02T12:37,63114.170000,-0.068600,0.000000,2026-08-02,,,,,
29761238,2026-08-02T12:38,63114.170000,-0.068600,0.000000,2026-08-02,,,,,
29761239,2026-08-02T12:39,63114.170000,-0.068600,0.000000,2026-08-02,,,,,
29761240,2026-08-02T12:40,63081.850000,-0.036300,0.000000,2026-08-02,44.000000,0.352617,0.300945,63084.550000,63079.170000
29761241,2026-08-02T12:41,63081.850000,-0.036300,-0.398109,2026-08-02,,,,,
29761242,2026-08-02T12:42,63081.850000,-0.036300,0.000000,2026-08-02,,,,,
29761243,2026-08-02T12:43,63081.850000,-0.036300,0.000000,2026-08-02,,,,,
29761244,2026-08-02T12:44,63081.850000,-0.036300,0.000000,2026-08-02,,,,,
29761245,2026-08-02T12:45,63081.850000,-0.036300,0.000000,2026-08-02,,,,,
29761246,2026-08-02T12:46,63081.850000,-0.036300,0.000000,2026-08-02,,,,,
29761247,2026-08-02T12:47,63081.850000,0.102500,0.000000,2026-08-02,,,,,
29761248,2026-08-02T12:48,63081.850000,0.102500,0.000000,2026-08-02,,,,,
29761249,2026-08-02T12:49,63081.850000,0.102500,0.000000,2026-08-02,,,,,
29761250,2026-08-02T12:50,63081.850000,0.102500,0.000000,2026-08-02,,,,,
29761251,2026-08-02T12:51,63081.850000,0.102500,0.000000,2026-08-02,,,,,
29761252,2026-08-02T12:52,63057.990000,-0.044300,0.000000,2026-08-02,25.000000,0.092524,0.068654,63058.650000,63057.990000
29761253,2026-08-02T12:53,63057.990000,-0.044300,-0.862692,2026-08-02,,,,,
29761254,2026-08-02T12:54,63057.990000,-0.044300,0.000000,2026-08-02,,,,,
29761255,2026-08-02T12:55,63055.210000,-0.333400,0.000000,2026-08-02,70.000000,0.809161,0.092692,63070.640000,63055.200000
29761256,2026-08-02T12:56,63055.010000,-0.513800,-0.814615,2026-08-02,15.000000,0.322389,0.002866,63055.210000,63055.000000
29761257,2026-08-02T12:57,63055.010000,-0.513800,-0.994269,2026-08-02,,,,,
29761258,2026-08-02T12:58,63055.010000,-0.513800,0.000000,2026-08-02,,,,,
29761259,2026-08-02T12:59,63055.010000,-0.513800,0.000000,2026-08-02,,,,,
29761260,2026-08-02T13:00,63058.490000,0.010700,0.000000,2026-08-02,504.000000,3.015879,0.277786,63063.360000,63045.880000
29761261,2026-08-02T13:01,63058.490000,0.010700,-0.444429,2026-08-02,,,,,
29761262,2026-08-02T13:02,63058.490000,0.010700,0.000000,2026-08-02,,,,,
29761263,2026-08-02T13:03,63058.490000,0.010700,0.000000,2026-08-02,,,,,
29761264,2026-08-02T13:04,63058.490000,0.010700,0.000000,2026-08-02,,,,,
29761265,2026-08-02T13:05,63058.490000,0.010700,0.000000,2026-08-02,,,,,
29761266,2026-08-02T13:06,63058.490000,0.010700,0.000000,2026-08-02,,,,,
29761267,2026-08-02T13:07,63058.490000,0.010700,0.000000,2026-08-02,,,,,
29761268,2026-08-02T13:08,63040.240000,0.318200,0.000000,2026-08-02,975.000000,12.052697,0.343512,63082.440000,63024.250000
29761269,2026-08-02T13:09,63040.240000,0.038400,-0.312976,2026-08-02,5.000000,0.039496,1.000000,63040.240000,63040.240000
29761270,2026-08-02T13:10,63040.240000,0.038400,1.000000,2026-08-02,,,,,
29761271,2026-08-02T13:11,63040.240000,0.038400,0.000000,2026-08-02,,,,,
29761272,2026-08-02T13:12,63040.240000,0.038400,0.000000,2026-08-02,,,,,
29761273,2026-08-02T13:13,63040.240000,0.038400,0.000000,2026-08-02,,,,,
29761274,2026-08-02T13:14,63040.240000,0.038400,0.000000,2026-08-02,,,,,
29761275,2026-08-02T13:15,63040.240000,-0.109400,0.000000,2026-08-02,,,,,
29761276,2026-08-02T13:16,63040.240000,-0.109400,0.000000,2026-08-02,,,,,
29761277,2026-08-02T13:17,63040.240000,-0.109400,0.000000,2026-08-02,,,,,
29761278,2026-08-02T13:18,62995.810000,-0.451200,0.000000,2026-08-02,90.000000,0.901816,0.135194,63000.170000,62986.410000
29761279,2026-08-02T13:19,62995.960000,-0.104400,-0.729563,2026-08-02,75.000000,0.216926,0.686802,62999.990000,62995.800000
29761280,2026-08-02T13:20,62996.010000,-0.552700,0.373529,2026-08-02,173.000000,8.043951,0.121357,62999.990000,62990.000000
29761281,2026-08-02T13:21,62996.010000,-0.552700,-0.757286,2026-08-02,,,,,
29761282,2026-08-02T13:22,62996.010000,-0.552700,0.000000,2026-08-02,,,,,
29761283,2026-08-02T13:23,62996.010000,-0.552700,0.000000,2026-08-02,,,,,
29761284,2026-08-02T13:24,62996.010000,-0.552700,0.000000,2026-08-02,,,,,
29761285,2026-08-02T13:25,62996.010000,-0.552700,0.000000,2026-08-02,,,,,
29761286,2026-08-02T13:26,62996.010000,-0.552700,0.000000,2026-08-02,,,,,
29761287,2026-08-02T13:27,62996.010000,-0.552700,0.000000,2026-08-02,,,,,
29761288,2026-08-02T13:28,62996.010000,-0.552700,0.000000,2026-08-02,,,,,
29761289,2026-08-02T13:29,62996.010000,-0.552700,0.000000,2026-08-02,,,,,
29761290,2026-08-02T13:30,62996.010000,-0.553200,0.000000,2026-08-02,,,,,
29761291,2026-08-02T13:31,63037.540000,-0.107600,0.000000,2026-08-02,4.000000,0.004850,1.000000,63037.540000,63037.540000
29761292,2026-08-02T13:32,63037.540000,-0.107600,1.000000,2026-08-02,,,,,
29761293,2026-08-02T13:33,63037.540000,-0.107600,0.000000,2026-08-02,,,,,
29761294,2026-08-02T13:34,63024.990000,-0.494500,0.000000,2026-08-02,483.000000,17.784641,0.785480,63042.720000,63009.660000
29761295,2026-08-02T13:35,63013.930000,-0.438000,0.417266,2026-08-02,132.000000,2.065978,0.066312,63024.990000,63013.920000
29761296,2026-08-02T13:36,63002.040000,0.108000,0.318958,2026-08-02,190.000000,2.469338,0.774252,63013.920000,62986.400000
29761297,2026-08-02T13:37,62985.870000,-0.479700,0.596485,2026-08-02,127.000000,1.220740,0.098160,63008.990000,62985.870000
29761298,2026-08-02T13:38,62959.270000,-0.325700,-0.826200,2026-08-02,133.000000,1.482806,0.113498,62985.870000,62958.890000
29761299,2026-08-02T13:39,62945.400000,-0.684300,-0.762983,2026-08-02,172.000000,4.833777,0.088583,62963.100000,62933.470000
29761300,2026-08-02T13:40,62989.830000,0.330500,-0.826019,2026-08-02,213.000000,1.944670,0.943577,62989.830000,62941.040000
29761301,2026-08-02T13:41,63010.350000,-0.160400,0.929873,2026-08-02,219.000000,2.642137,0.580270,63016.490000,62989.840000
29761302,2026-08-02T13:42,63012.070000,-0.216000,-0.532770,2026-08-02,114.000000,0.280403,0.533461,63017.300000,63007.850000
29761303,2026-08-02T13:43,63016.290000,-0.169800,0.065638,2026-08-02,102.000000,0.383375,0.314046,63020.120000,63010.450000
29761304,2026-08-02T13:44,63031.120000,-0.044500,-0.371909,2026-08-02,155.000000,0.460459,0.210728,63031.120000,63016.280000
29761305,2026-08-02T13:45,63037.180000,0.396100,-0.567171,2026-08-02,208.000000,1.048542,0.115184,63043.110000,63027.000000
29761306,2026-08-02T13:46,63056.400000,0.158700,-0.774970,2026-08-02,208.000000,0.763663,0.105266,63056.430000,63035.630000
29761307,2026-08-02T13:47,63051.150000,0.400300,-0.787720,2026-08-02,131.000000,1.023763,0.192892,63056.410000,63041.450000
29761308,2026-08-02T13:48,63055.180000,0.502900,-0.615680,2026-08-02,130.000000,0.656404,0.217049,63058.990000,63050.480000
29761309,2026-08-02T13:49,63058.650000,-0.036500,-0.625257,2026-08-02,206.000000,1.229934,0.184282,63068.940000,63055.180000
29761310,2026-08-02T13:50,63051.760000,-0.494800,-0.597737,2026-08-02,131.000000,1.913278,0.578978,63063.850000,63051.760000
29761311,2026-08-02T13:51,63038.290000,-0.253000,0.157957,2026-08-02,110.000000,1.761987,0.181366,63052.050000,63038.290000
29761312,2026-08-02T13:52,63028.540000,0.061600,-0.637268,2026-08-02,161.000000,0.737915,0.724056,63038.300000,63022.980000
29761313,2026-08-02T13:53,63040.770000,0.364400,0.448518,2026-08-02,140.000000,0.502674,0.313632,63041.720000,63028.550000
29761314,2026-08-02T13:54,63051.760000,0.188500,-0.374216,2026-08-02,136.000000,0.177473,0.354870,63055.200000,63041.720000
29761315,2026-08-02T13:55,63044.880000,-0.450900,-0.709363,2026-08-02,156.000000,1.755924,0.315542,63053.640000,63044.610000
29761316,2026-08-02T13:56,63049.990000,-0.254800,-0.244500,2026-08-02,167.000000,0.109567,0.559001,63055.630000,63044.870000
29761317,2026-08-02T13:57,63048.080000,-0.659300,-0.076678,2026-08-02,127.000000,0.511120,0.585974,63053.680000,63044.890000
29761318,2026-08-02T13:58,63053.130000,0.170000,0.234774,2026-08-02,142.000000,0.683181,0.201006,63055.630000,63048.080000
29761319,2026-08-02T13:59,63053.990000,0.422700,-0.609024,2026-08-02,108.000000,0.691198,0.095072,63054.000000,63048.080000
29761320,2026-08-02T14:00,63047.130000,-0.261400,-0.809856,2026-08-02,129.000000,1.345329,0.146535,63054.000000,63043.270000
29761321,2026-08-02T14:01,63027.680000,-0.246300,-0.706382,2026-08-02,107.000000,0.583042,0.099340,63047.140000,63027.690000
29761322,2026-08-02T14:02,63008.260000,-0.065000,-0.802653,2026-08-02,184.000000,3.694424,0.509215,63035.060000,63004.720000
29761323,2026-08-02T14:03,63016.430000,-0.078400,0.088173,2026-08-02,145.000000,1.256517,0.692322,63019.470000,63008.260000
29761324,2026-08-02T14:04,63027.680000,0.015200,0.206411,2026-08-02,133.000000,0.981793,0.999461,63027.680000,63016.420000
29761325,2026-08-02T14:05,62996.730000,0.105100,0.998921,2026-08-02,152.000000,2.078311,0.035144,63027.680000,62996.720000
29761326,2026-08-02T14:06,62996.730000,-0.188600,-0.924971,2026-08-02,86.000000,0.349146,0.794267,62996.730000,62993.280000
29761327,2026-08-02T14:07,63011.980000,0.270300,0.582906,2026-08-02,212.000000,2.799401,0.868865,63011.980000,62996.710000
29761328,2026-08-02T14:08,63003.600000,-0.325300,0.737532,2026-08-02,171.000000,1.374532,0.772825,63020.800000,63003.600000
29761329,2026-08-02T14:09,62998.350000,-0.554000,0.545920,2026-08-02,109.000000,0.982649,0.169018,63003.610000,62996.730000
29761330,2026-08-02T14:10,63020.790000,0.732700,-0.661964,2026-08-02,286.000000,2.579009,0.952054,63020.790000,62998.350000
29761331,2026-08-02T14:11,63003.620000,0.045000,0.904135,2026-08-02,325.000000,11.663477,0.209928,63021.780000,62991.500000
29761332,2026-08-02T14:12,63013.920000,0.499000,-0.580246,2026-08-02,29.000000,0.402304,0.912289,63013.920000,63003.610000
29761333,2026-08-02T14:13,63013.920000,0.499000,0.824577,2026-08-02,,,,,
29761334,2026-08-02T14:14,63013.920000,0.499000,0.000000,2026-08-02,,,,,
29761335,2026-08-02T14:15,63013.920000,0.499000,0.000000,2026-08-02,,,,,
29761336,2026-08-02T14:16,63013.920000,0.499000,0.000000,2026-08-02,,,,,
29761337,2026-08-02T14:17,63013.920000,0.499000,0.000000,2026-08-02,,,,,
29761338,2026-08-02T14:18,63013.920000,0.499000,0.000000,2026-08-02,,,,,
29761339,2026-08-02T14:19,63013.920000,0.499000,0.000000,2026-08-02,,,,,
29761340,2026-08-02T14:20,63013.920000,0.499000,0.000000,2026-08-02,,,,,
29761341,2026-08-02T14:21,63013.920000,0.499000,0.000000,2026-08-02,,,,,
29761342,2026-08-02T14:22,63013.920000,0.499000,0.000000,2026-08-02,,,,,
29761343,2026-08-02T14:23,63013.920000,0.499000,0.000000,2026-08-02,,,,,
29761344,2026-08-02T14:24,63013.920000,0.499000,0.000000,2026-08-02,,,,,
29761345,2026-08-02T14:25,63013.920000,0.499000,0.000000,2026-08-02,,,,,
29761346,2026-08-02T14:26,63013.920000,0.499000,0.000000,2026-08-02,,,,,
29761347,2026-08-02T14:27,63013.920000,0.499000,0.000000,2026-08-02,,,,,
29761348,2026-08-02T14:28,63013.920000,0.499000,0.000000,2026-08-02,,,,,
29761349,2026-08-02T14:29,63013.920000,0.499000,0.000000,2026-08-02,,,,,
29761350,2026-08-02T14:30,63013.920000,0.499000,0.000000,2026-08-02,,,,,
29761351,2026-08-02T14:31,63013.920000,0.499000,0.000000,2026-08-02,,,,,
29761352,2026-08-02T14:32,63013.920000,0.499000,0.000000,2026-08-02,,,,,
29761353,2026-08-02T14:33,63049.480000,-0.548500,0.000000,2026-08-02,29.000000,0.647978,0.998294,63049.480000,63049.460000
29761354,2026-08-02T14:34,63049.480000,-0.548500,0.996587,2026-08-02,,,,,
29761355,2026-08-02T14:35,63049.480000,-0.548500,0.000000,2026-08-02,,,,,
29761356,2026-08-02T14:36,63049.480000,-0.548500,0.000000,2026-08-02,,,,,
29761357,2026-08-02T14:37,63049.480000,-0.548500,0.000000,2026-08-02,,,,,
29761358,2026-08-02T14:38,63049.480000,-0.548500,0.000000,2026-08-02,,,,,
29761359,2026-08-02T14:39,63049.480000,-0.548500,0.000000,2026-08-02,,,,,
29761360,2026-08-02T14:40,63049.480000,-0.548500,0.000000,2026-08-02,,,,,
29761361,2026-08-02T14:41,63049.480000,-0.548500,0.000000,2026-08-02,,,,,
29761362,2026-08-02T14:42,63049.480000,-0.260700,0.000000,2026-08-02,,,,,
29761363,2026-08-02T14:43,63049.480000,-0.260700,0.000000,2026-08-02,,,,,
29761364,2026-08-02T14:44,63049.480000,-0.260700,0.000000,2026-08-02,,,,,
29761365,2026-08-02T14:45,63049.480000,-0.260700,0.000000,2026-08-02,,,,,
29761366,2026-08-02T14:46,63049.480000,-0.260700,0.000000,2026-08-02,,,,,
29761367,2026-08-02T14:47,63049.480000,-0.260700,0.000000,2026-08-02,,,,,
29761368,2026-08-02T14:48,63049.480000,-0.260700,0.000000,2026-08-02,,,,,
29761369,2026-08-02T14:49,63049.480000,-0.260700,0.000000,2026-08-02,,,,,
29761370,2026-08-02T14:50,63049.480000,-0.260700,0.000000,2026-08-02,,,,,
29761371,2026-08-02T14:51,63049.480000,-0.260700,0.000000,2026-08-02,,,,,
29761372,2026-08-02T14:52,63049.480000,-0.260700,0.000000,2026-08-02,,,,,
29761373,2026-08-02T14:53,63049.480000,-0.260700,0.000000,2026-08-02,,,,,
29761374,2026-08-02T14:54,63049.480000,-0.260700,0.000000,2026-08-02,,,,,
29761375,2026-08-02T14:55,63049.480000,-0.260700,0.000000,2026-08-02,,,,,
29761376,2026-08-02T14:56,63049.480000,-0.260700,0.000000,2026-08-02,,,,,
29761377,2026-08-02T14:57,63049.480000,-0.260700,0.000000,2026-08-02,,,,,
29761378,2026-08-02T14:58,63049.480000,-0.260700,0.000000,2026-08-02,,,,,
29761379,2026-08-02T14:59,63049.480000,-0.260700,0.000000,2026-08-02,,,,,
29761380,2026-08-02T15:00,63049.480000,-0.260700,0.000000,2026-08-02,,,,,
29761381,2026-08-02T15:01,63049.480000,-0.260700,0.000000,2026-08-02,,,,,
29761382,2026-08-02T15:02,63049.480000,-0.260700,0.000000,2026-08-02,,,,,
29761383,2026-08-02T15:03,63049.480000,-0.260700,0.000000,2026-08-02,,,,,
29761384,2026-08-02T15:04,63049.480000,-0.260700,0.000000,2026-08-02,,,,,
29761385,2026-08-02T15:05,63049.480000,-0.260700,0.000000,2026-08-02,,,,,
29761386,2026-08-02T15:06,63049.480000,-0.260700,0.000000,2026-08-02,,,,,
29761387,2026-08-02T15:07,63049.480000,-0.260700,0.000000,2026-08-02,,,,,
29761388,2026-08-02T15:08,63049.480000,-0.260700,0.000000,2026-08-02,,,,,
29761389,2026-08-02T15:09,63049.480000,-0.260700,0.000000,2026-08-02,,,,,
29761390,2026-08-02T15:10,63049.480000,-0.260700,0.000000,2026-08-02,,,,,
29761391,2026-08-02T15:11,63049.480000,-0.260700,0.000000,2026-08-02,,,,,
29761392,2026-08-02T15:12,63049.480000,-0.260700,0.000000,2026-08-02,,,,,
29761393,2026-08-02T15:13,63049.480000,-0.260700,0.000000,2026-08-02,,,,,
29761394,2026-08-02T15:14,63049.480000,-0.260700,0.000000,2026-08-02,,,,,
29761395,2026-08-02T15:15,63049.480000,-0.260700,0.000000,2026-08-02,,,,,
29761396,2026-08-02T15:16,63049.480000,-0.260700,0.000000,2026-08-02,,,,,
29761397,2026-08-02T15:17,63049.480000,-0.260700,0.000000,2026-08-02,,,,,
29761398,2026-08-02T15:18,63049.480000,-0.260700,0.000000,2026-08-02,,,,,
29761399,2026-08-02T15:19,63049.480000,-0.260700,0.000000,2026-08-02,,,,,
29761400,2026-08-02T15:20,63049.480000,-0.260700,0.000000,2026-08-02,,,,,
29761401,2026-08-02T15:21,63049.480000,-0.260700,0.000000,2026-08-02,,,,,
29761402,2026-08-02T15:22,63049.480000,-0.260700,0.000000,2026-08-02,,,,,
29761403,2026-08-02T15:23,63049.480000,-0.260700,0.000000,2026-08-02,,,,,
29761404,2026-08-02T15:24,63049.350000,-0.215600,0.000000,2026-08-02,127.000000,5.396665,0.292502,63053.990000,63039.230000
29761405,2026-08-02T15:25,63038.010000,-0.093100,-0.414852,2026-08-02,5.000000,0.003465,1.000000,63038.010000,63038.010000
29761406,2026-08-02T15:26,63038.010000,-0.093100,1.000000,2026-08-02,,,,,
29761407,2026-08-02T15:27,63038.010000,-0.093100,0.000000,2026-08-02,,,,,
29761408,2026-08-02T15:28,63038.010000,-0.093100,0.000000,2026-08-02,,,,,
29761409,2026-08-02T15:29,63038.010000,-0.093100,0.000000,2026-08-02,,,,,
29761410,2026-08-02T15:30,63038.010000,-0.093100,0.000000,2026-08-02,,,,,
29761411,2026-08-02T15:31,63038.010000,-0.093100,0.000000,2026-08-02,,,,,
29761412,2026-08-02T15:32,63038.010000,-0.093100,0.000000,2026-08-02,,,,,
29761413,2026-08-02T15:33,63038.010000,-0.093100,0.000000,2026-08-02,,,,,
29761414,2026-08-02T15:34,63038.010000,-0.093100,0.000000,2026-08-02,,,,,
29761415,2026-08-02T15:35,63038.010000,-0.093100,0.000000,2026-08-02,,,,,
29761416,2026-08-02T15:36,63038.010000,-0.093100,0.000000,2026-08-02,,,,,
29761417,2026-08-02T15:37,63038.010000,-0.093100,0.000000,2026-08-02,,,,,
29761418,2026-08-02T15:38,63038.010000,-0.093100,0.000000,2026-08-02,,,,,
29761419,2026-08-02T15:39,63038.010000,-0.093100,0.000000,2026-08-02,,,,,
29761420,2026-08-02T15:40,63038.010000,-0.093100,0.000000,2026-08-02,,,,,
29761421,2026-08-02T15:41,63038.010000,-0.093100,0.000000,2026-08-02,,,,,
29761422,2026-08-02T15:42,63038.010000,-0.093100,0.000000,2026-08-02,,,,,
29761423,2026-08-02T15:43,63038.010000,-0.093100,0.000000,2026-08-02,,,,,
29761424,2026-08-02T15:44,63038.010000,-0.093100,0.000000,2026-08-02,,,,,
29761425,2026-08-02T15:45,63038.010000,-0.093100,0.000000,2026-08-02,,,,,
29761426,2026-08-02T15:46,63038.010000,-0.093100,0.000000,2026-08-02,,,,,
29761427,2026-08-02T15:47,63038.010000,-0.093100,0.000000,2026-08-02,,,,,
29761428,2026-08-02T15:48,63038.010000,-0.093100,0.000000,2026-08-02,,,,,
29761429,2026-08-02T15:49,63038.010000,-0.093100,0.000000,2026-08-02,,,,,
29761430,2026-08-02T15:50,63038.010000,-0.093100,0.000000,2026-08-02,,,,,
29761431,2026-08-02T15:51,63038.010000,-0.093100,0.000000,2026-08-02,,,,,
29761432,2026-08-02T15:52,63038.010000,-0.093100,0.000000,2026-08-02,,,,,
29761433,2026-08-02T15:53,63038.010000,-0.093100,0.000000,2026-08-02,,,,,
29761434,2026-08-02T15:54,63038.010000,-0.093100,0.000000,2026-08-02,,,,,
29761435,2026-08-02T15:55,63038.010000,-0.093100,0.000000,2026-08-02,,,,,
29761436,2026-08-02T15:56,63038.010000,-0.093100,0.000000,2026-08-02,,,,,
29761437,2026-08-02T15:57,63038.010000,-0.093100,0.000000,2026-08-02,,,,,
29761438,2026-08-02T15:58,63038.010000,-0.093100,0.000000,2026-08-02,,,,,
29761439,2026-08-02T15:59,63038.010000,-0.093100,0.000000,2026-08-02,,,,,
29761440,2026-08-02T16:00,63038.010000,-0.093100,0.000000,2026-08-02,,,,,
29761441,2026-08-02T16:01,63038.010000,-0.093100,0.000000,2026-08-02,,,,,
29761442,2026-08-02T16:02,63038.010000,-0.093100,0.000000,2026-08-02,,,,,
29761443,2026-08-02T16:03,63038.010000,-0.093100,0.000000,2026-08-02,,,,,
29761444,2026-08-02T16:04,63038.010000,-0.093100,0.000000,2026-08-02,,,,,
29761445,2026-08-02T16:05,63038.010000,-0.093100,0.000000,2026-08-02,,,,,
29761446,2026-08-02T16:06,63022.690000,-0.071500,0.000000,2026-08-02,1.000000,0.000504,1.000000,63022.700000,63022.700000
29761447,2026-08-02T16:07,63022.690000,-0.071500,1.000000,2026-08-02,,,,,
29761448,2026-08-02T16:08,63022.690000,-0.071500,0.000000,2026-08-02,,,,,
29761449,2026-08-02T16:09,63022.690000,-0.071500,0.000000,2026-08-02,,,,,
29761450,2026-08-02T16:10,63022.690000,-0.071500,0.000000,2026-08-02,,,,,
29761451,2026-08-02T16:11,63022.690000,-0.071500,0.000000,2026-08-02,,,,,
29761452,2026-08-02T16:12,63022.690000,-0.071500,0.000000,2026-08-02,,,,,
29761453,2026-08-02T16:13,63022.690000,-0.071500,0.000000,2026-08-02,,,,,
29761454,2026-08-02T16:14,63022.690000,-0.071500,0.000000,2026-08-02,,,,,
29761455,2026-08-02T16:15,63022.690000,-0.071500,0.000000,2026-08-02,,,,,
29761456,2026-08-02T16:16,63022.690000,-0.071500,0.000000,2026-08-02,,,,,
29761457,2026-08-02T16:17,63022.690000,-0.071500,0.000000,2026-08-02,,,,,
29761458,2026-08-02T16:18,63022.690000,-0.071500,0.000000,2026-08-02,,,,,
29761459,2026-08-02T16:19,63022.690000,-0.071500,0.000000,2026-08-02,,,,,
29761460,2026-08-02T16:20,63022.690000,-0.071500,0.000000,2026-08-02,,,,,
29761461,2026-08-02T16:21,63022.690000,-0.071500,0.000000,2026-08-02,,,,,
29761462,2026-08-02T16:22,63022.690000,-0.071500,0.000000,2026-08-02,,,,,
29761463,2026-08-02T16:23,63022.690000,-0.071500,0.000000,2026-08-02,,,,,
29761464,2026-08-02T16:24,63022.690000,-0.071500,0.000000,2026-08-02,,,,,
29761465,2026-08-02T16:25,63022.690000,-0.071500,0.000000,2026-08-02,,,,,
29761466,2026-08-02T16:26,63022.690000,-0.071500,0.000000,2026-08-02,,,,,
29761467,2026-08-02T16:27,63022.690000,-0.071500,0.000000,2026-08-02,,,,,
29761468,2026-08-02T16:28,63022.690000,-0.071500,0.000000,2026-08-02,,,,,
29761469,2026-08-02T16:29,63022.690000,-0.071500,0.000000,2026-08-02,,,,,
29761470,2026-08-02T16:30,63022.690000,-0.071500,0.000000,2026-08-02,,,,,
29761471,2026-08-02T16:31,63022.690000,-0.071500,0.000000,2026-08-02,,,,,
29761472,2026-08-02T16:32,63022.690000,-0.071500,0.000000,2026-08-02,,,,,
29761473,2026-08-02T16:33,63022.690000,-0.071500,0.000000,2026-08-02,,,,,
29761474,2026-08-02T16:34,63022.690000,-0.071500,0.000000,2026-08-02,,,,,
29761475,2026-08-02T16:35,63022.690000,-0.071500,0.000000,2026-08-02,,,,,
29761476,2026-08-02T16:36,63022.690000,-0.071500,0.000000,2026-08-02,,,,,
29761477,2026-08-02T16:37,63022.690000,-0.071500,0.000000,2026-08-02,,,,,
29761478,2026-08-02T16:38,63022.690000,-0.071500,0.000000,2026-08-02,,,,,
29761479,2026-08-02T16:39,63022.690000,-0.071500,0.000000,2026-08-02,,,,,
29761480,2026-08-02T16:40,63022.690000,-0.071500,0.000000,2026-08-02,,,,,
29761481,2026-08-02T16:41,63022.690000,-0.071500,0.000000,2026-08-02,,,,,
29761482,2026-08-02T16:42,63022.690000,-0.071500,0.000000,2026-08-02,,,,,
29761483,2026-08-02T16:43,63022.690000,-0.071500,0.000000,2026-08-02,,,,,
29761484,2026-08-02T16:44,63022.690000,-0.071500,0.000000,2026-08-02,,,,,
29761485,2026-08-02T16:45,63022.690000,-0.071500,0.000000,2026-08-02,,,,,
29761486,2026-08-02T16:46,63022.690000,-0.071500,0.000000,2026-08-02,,,,,
29761487,2026-08-02T16:47,63022.690000,-0.071500,0.000000,2026-08-02,,,,,
29761488,2026-08-02T16:48,63022.690000,-0.071500,0.000000,2026-08-02,,,,,
29761489,2026-08-02T16:49,63022.690000,-0.071500,0.000000,2026-08-02,,,,,
29761490,2026-08-02T16:50,63022.690000,-0.071500,0.000000,2026-08-02,,,,,
29761491,2026-08-02T16:51,63022.690000,-0.071500,0.000000,2026-08-02,,,,,
29761492,2026-08-02T16:52,63022.690000,-0.071500,0.000000,2026-08-02,,,,,
29761493,2026-08-02T16:53,63022.690000,-0.071500,0.000000,2026-08-02,,,,,
29761494,2026-08-02T16:54,63022.690000,-0.071500,0.000000,2026-08-02,,,,,
29761495,2026-08-02T16:55,63022.690000,-0.071500,0.000000,2026-08-02,,,,,
29761496,2026-08-02T16:56,63022.690000,-0.071500,0.000000,2026-08-02,,,,,
29761497,2026-08-02T16:57,63022.690000,-0.071500,0.000000,2026-08-02,,,,,
29761498,2026-08-02T16:58,63022.690000,-0.071500,0.000000,2026-08-02,,,,,
29761499,2026-08-02T16:59,63022.690000,-0.071500,0.000000,2026-08-02,,,,,
29761500,2026-08-02T17:00,63022.690000,-0.071500,0.000000,2026-08-02,,,,,
29761501,2026-08-02T17:01,63022.690000,-0.071500,0.000000,2026-08-02,,,,,
29761502,2026-08-02T17:02,63022.690000,-0.071500,0.000000,2026-08-02,,,,,
29761503,2026-08-02T17:03,63022.690000,-0.071500,0.000000,2026-08-02,,,,,
29761504,2026-08-02T17:04,63022.690000,-0.071500,0.000000,2026-08-02,,,,,
29761505,2026-08-02T17:05,63022.690000,-0.071500,0.000000,2026-08-02,,,,,
29761506,2026-08-02T17:06,63098.060000,0.460400,0.000000,2026-08-02,9.000000,0.004469,0.989220,63098.060000,63098.050000
29761507,2026-08-02T17:07,63098.060000,0.460400,0.978441,2026-08-02,,,,,
29761508,2026-08-02T17:08,63098.060000,0.460400,0.000000,2026-08-02,,,,,
29761509,2026-08-02T17:09,63098.060000,0.460400,0.000000,2026-08-02,,,,,
29761510,2026-08-02T17:10,63098.060000,0.460400,0.000000,2026-08-02,,,,,
29761511,2026-08-02T17:11,63098.060000,0.460400,0.000000,2026-08-02,,,,,
29761512,2026-08-02T17:12,63098.060000,0.460400,0.000000,2026-08-02,,,,,
29761513,2026-08-02T17:13,63098.060000,0.460400,0.000000,2026-08-02,,,,,
29761514,2026-08-02T17:14,63098.060000,0.460400,0.000000,2026-08-02,,,,,
29761515,2026-08-02T17:15,63098.060000,0.460400,0.000000,2026-08-02,,,,,
29761516,2026-08-02T17:16,63098.060000,0.460400,0.000000,2026-08-02,,,,,
29761517,2026-08-02T17:17,63098.060000,0.460400,0.000000,2026-08-02,,,,,
29761518,2026-08-02T17:18,63098.060000,0.460400,0.000000,2026-08-02,,,,,
29761519,2026-08-02T17:19,63098.060000,0.460400,0.000000,2026-08-02,,,,,
29761520,2026-08-02T17:20,63098.060000,0.460400,0.000000,2026-08-02,,,,,
29761521,2026-08-02T17:21,63098.060000,0.460400,0.000000,2026-08-02,,,,,
29761522,2026-08-02T17:22,63098.060000,0.460400,0.000000,2026-08-02,,,,,
29761523,2026-08-02T17:23,63098.060000,0.460400,0.000000,2026-08-02,,,,,
29761524,2026-08-02T17:24,63162.960000,0.571700,0.000000,2026-08-02,7.000000,0.003397,0.602532,63164.240000,63162.960000
29761525,2026-08-02T17:25,63162.960000,0.571700,0.205064,2026-08-02,,,,,
29761526,2026-08-02T17:26,63162.960000,0.571700,0.000000,2026-08-02,,,,,
29761527,2026-08-02T17:27,63162.960000,0.571700,0.000000,2026-08-02,,,,,
29761528,2026-08-02T17:28,63162.960000,0.571700,0.000000,2026-08-02,,,,,
29761529,2026-08-02T17:29,63162.960000,0.571700,0.000000,2026-08-02,,,,,
29761530,2026-08-02T17:30,63162.960000,0.571700,0.000000,2026-08-02,,,,,
29761531,2026-08-02T17:31,63162.960000,0.571700,0.000000,2026-08-02,,,,,
29761532,2026-08-02T17:32,63162.960000,0.571700,0.000000,2026-08-02,,,,,
29761533,2026-08-02T17:33,63162.960000,0.571700,0.000000,2026-08-02,,,,,
29761534,2026-08-02T17:34,63162.960000,0.571700,0.000000,2026-08-02,,,,,
29761535,2026-08-02T17:35,63162.960000,0.571700,0.000000,2026-08-02,,,,,
29761536,2026-08-02T17:36,63162.960000,0.571700,0.000000,2026-08-02,,,,,
29761537,2026-08-02T17:37,63162.960000,0.571700,0.000000,2026-08-02,,,,,
29761538,2026-08-02T17:38,63162.960000,0.571700,0.000000,2026-08-02,,,,,
29761539,2026-08-02T17:39,63162.960000,0.571700,0.000000,2026-08-02,,,,,
29761540,2026-08-02T17:40,63162.960000,0.571700,0.000000,2026-08-02,,,,,
29761541,2026-08-02T17:41,63238.940000,-0.207700,0.000000,2026-08-02,3.000000,0.001886,0.974066,63238.950000,63238.940000
29761542,2026-08-02T17:42,63238.940000,-0.207700,0.948132,2026-08-02,,,,,
29761543,2026-08-02T17:43,63238.940000,-0.207700,0.000000,2026-08-02,,,,,
29761544,2026-08-02T17:44,63238.940000,-0.207700,0.000000,2026-08-02,,,,,
29761545,2026-08-02T17:45,63238.940000,-0.207700,0.000000,2026-08-02,,,,,
29761546,2026-08-02T17:46,63238.940000,-0.207700,0.000000,2026-08-02,,,,,
29761547,2026-08-02T17:47,63238.940000,-0.207700,0.000000,2026-08-02,,,,,
29761548,2026-08-02T17:48,63238.940000,-0.207700,0.000000,2026-08-02,,,,,
29761549,2026-08-02T17:49,63238.940000,-0.207700,0.000000,2026-08-02,,,,,
29761550,2026-08-02T17:50,63238.940000,-0.207700,0.000000,2026-08-02,,,,,
29761551,2026-08-02T17:51,63238.940000,-0.207700,0.000000,2026-08-02,,,,,
29761552,2026-08-02T17:52,63238.940000,-0.207700,0.000000,2026-08-02,,,,,
29761553,2026-08-02T17:53,63238.940000,-0.207700,0.000000,2026-08-02,,,,,
29761554,2026-08-02T17:54,63238.940000,-0.207700,0.000000,2026-08-02,,,,,
29761555,2026-08-02T17:55,63238.940000,-0.207700,0.000000,2026-08-02,,,,,
29761556,2026-08-02T17:56,63238.940000,-0.207700,0.000000,2026-08-02,,,,,
29761557,2026-08-02T17:57,63238.940000,-0.207700,0.000000,2026-08-02,,,,,
29761558,2026-08-02T17:58,63238.940000,-0.207700,0.000000,2026-08-02,,,,,
29761559,2026-08-02T17:59,63236.080000,-0.336100,0.000000,2026-08-02,32.000000,1.005954,0.005918,63237.720000,63231.550000
29761560,2026-08-02T18:00,63236.080000,-0.336100,-0.988165,2026-08-02,,,,,
29761561,2026-08-02T18:01,63236.080000,-0.336100,0.000000,2026-08-02,,,,,
29761562,2026-08-02T18:02,63236.080000,-0.336100,0.000000,2026-08-02,,,,,
29761563,2026-08-02T18:03,63236.080000,-0.336100,0.000000,2026-08-02,,,,,
29761564,2026-08-02T18:04,63236.080000,-0.336100,0.000000,2026-08-02,,,,,
29761565,2026-08-02T18:05,63236.080000,-0.336100,0.000000,2026-08-02,,,,,
29761566,2026-08-02T18:06,63236.080000,-0.336100,0.000000,2026-08-02,,,,,
29761567,2026-08-02T18:07,63236.080000,-0.336100,0.000000,2026-08-02,,,,,
29761568,2026-08-02T18:08,63236.080000,-0.336100,0.000000,2026-08-02,,,,,
29761569,2026-08-02T18:09,63236.080000,-0.336100,0.000000,2026-08-02,,,,,
29761570,2026-08-02T18:10,63236.080000,-0.336100,0.000000,2026-08-02,,,,,
29761571,2026-08-02T18:11,63236.080000,-0.336100,0.000000,2026-08-02,,,,,
29761572,2026-08-02T18:12,63236.080000,-0.336100,0.000000,2026-08-02,,,,,
29761573,2026-08-02T18:13,63236.080000,-0.336100,0.000000,2026-08-02,,,,,
29761574,2026-08-02T18:14,63236.080000,-0.336100,0.000000,2026-08-02,,,,,
29761575,2026-08-02T18:15,63236.080000,-0.336100,0.000000,2026-08-02,,,,,
29761576,2026-08-02T18:16,63236.080000,-0.336100,0.000000,2026-08-02,,,,,
29761577,2026-08-02T18:17,63236.080000,-0.336100,0.000000,2026-08-02,,,,,
29761578,2026-08-02T18:18,63236.080000,-0.336100,0.000000,2026-08-02,,,,,
29761579,2026-08-02T18:19,63236.080000,-0.336100,0.000000,2026-08-02,,,,,
29761580,2026-08-02T18:20,63236.080000,-0.336100,0.000000,2026-08-02,,,,,
29761581,2026-08-02T18:21,63236.080000,-0.336100,0.000000,2026-08-02,,,,,
29761582,2026-08-02T18:22,63236.080000,-0.336100,0.000000,2026-08-02,,,,,
29761583,2026-08-02T18:23,63236.080000,-0.336100,0.000000,2026-08-02,,,,,
29761584,2026-08-02T18:24,63236.080000,-0.336100,0.000000,2026-08-02,,,,,
29761585,2026-08-02T18:25,63236.080000,-0.336100,0.000000,2026-08-02,,,,,
29761586,2026-08-02T18:26,63236.080000,-0.336100,0.000000,2026-08-02,,,,,
29761587,2026-08-02T18:27,63236.080000,-0.336100,0.000000,2026-08-02,,,,,
29761588,2026-08-02T18:28,63236.080000,-0.336100,0.000000,2026-08-02,,,,,
29761589,2026-08-02T18:29,63236.080000,-0.336100,0.000000,2026-08-02,,,,,
29761590,2026-08-02T18:30,63236.080000,-0.336100,0.000000,2026-08-02,,,,,
29761591,2026-08-02T18:31,63236.080000,-0.336100,0.000000,2026-08-02,,,,,
29761592,2026-08-02T18:32,63236.080000,-0.336100,0.000000,2026-08-02,,,,,
29761593,2026-08-02T18:33,63236.080000,-0.336100,0.000000,2026-08-02,,,,,
29761594,2026-08-02T18:34,63236.080000,-0.336100,0.000000,2026-08-02,,,,,
29761595,2026-08-02T18:35,63236.080000,-0.336100,0.000000,2026-08-02,,,,,
29761596,2026-08-02T18:36,63236.080000,-0.336100,0.000000,2026-08-02,,,,,
29761597,2026-08-02T18:37,63236.080000,-0.336100,0.000000,2026-08-02,,,,,
29761598,2026-08-02T18:38,63236.080000,-0.336100,0.000000,2026-08-02,,,,,
29761599,2026-08-02T18:39,63236.080000,-0.336100,0.000000,2026-08-02,,,,,
29761600,2026-08-02T18:40,63236.080000,-0.336100,0.000000,2026-08-02,,,,,
29761601,2026-08-02T18:41,63236.080000,-0.336100,0.000000,2026-08-02,,,,,
29761602,2026-08-02T18:42,63236.080000,-0.336100,0.000000,2026-08-02,,,,,
29761603,2026-08-02T18:43,63236.080000,-0.336100,0.000000,2026-08-02,,,,,
29761604,2026-08-02T18:44,63236.080000,-0.336100,0.000000,2026-08-02,,,,,
29761605,2026-08-02T18:45,63236.080000,-0.336100,0.000000,2026-08-02,,,,,
29761606,2026-08-02T18:46,63236.080000,-0.336100,0.000000,2026-08-02,,,,,
29761607,2026-08-02T18:47,63236.080000,-0.336100,0.000000,2026-08-02,,,,,
29761608,2026-08-02T18:48,63236.080000,-0.336100,0.000000,2026-08-02,,,,,
29761609,2026-08-02T18:49,63236.080000,-0.336100,0.000000,2026-08-02,,,,,
29761610,2026-08-02T18:50,63236.080000,-0.336100,0.000000,2026-08-02,,,,,
29761611,2026-08-02T18:51,63236.080000,-0.336100,0.000000,2026-08-02,,,,,
29761612,2026-08-02T18:52,63236.080000,-0.336100,0.000000,2026-08-02,,,,,
29761613,2026-08-02T18:53,63236.080000,-0.336100,0.000000,2026-08-02,,,,,
29761614,2026-08-02T18:54,63236.080000,-0.336100,0.000000,2026-08-02,,,,,
29761615,2026-08-02T18:55,63236.080000,-0.336100,0.000000,2026-08-02,,,,,
29761616,2026-08-02T18:56,63236.080000,-0.336100,0.000000,2026-08-02,,,,,
29761617,2026-08-02T18:57,63236.080000,-0.336100,0.000000,2026-08-02,,,,,
29761618,2026-08-02T18:58,63310.260000,0.543300,0.000000,2026-08-02,3.000000,0.008514,1.000000,63310.260000,63310.260000
29761619,2026-08-02T18:59,63310.260000,0.543300,1.000000,2026-08-02,,,,,
29761620,2026-08-02T19:00,63310.260000,0.543300,0.000000,2026-08-02,,,,,
29761621,2026-08-02T19:01,63310.260000,0.543300,0.000000,2026-08-02,,,,,
29761622,2026-08-02T19:02,63310.260000,0.543300,0.000000,2026-08-02,,,,,
29761623,2026-08-02T19:03,63310.260000,0.543300,0.000000,2026-08-02,,,,,
29761624,2026-08-02T19:04,63310.260000,0.543300,0.000000,2026-08-02,,,,,
29761625,2026-08-02T19:05,63310.260000,0.543300,0.000000,2026-08-02,,,,,
29761626,2026-08-02T19:06,63310.260000,0.543300,0.000000,2026-08-02,,,,,
29761627,2026-08-02T19:07,63310.260000,0.543300,0.000000,2026-08-02,,,,,
29761628,2026-08-02T19:08,63310.260000,0.406500,0.000000,2026-08-02,,,,,
29761629,2026-08-02T19:09,63310.260000,0.406500,0.000000,2026-08-02,,,,,
29761630,2026-08-02T19:10,63310.260000,0.406500,0.000000,2026-08-02,,,,,
29761631,2026-08-02T19:11,63310.260000,0.406500,0.000000,2026-08-02,,,,,
29761632,2026-08-02T19:12,63310.260000,0.406500,0.000000,2026-08-02,,,,,
29761633,2026-08-02T19:13,63310.260000,0.406500,0.000000,2026-08-02,,,,,
29761634,2026-08-02T19:14,63310.260000,0.406500,0.000000,2026-08-02,,,,,
29761635,2026-08-02T19:15,63310.260000,0.406500,0.000000,2026-08-02,,,,,
29761636,2026-08-02T19:16,63310.260000,0.406500,0.000000,2026-08-02,,,,,
29761637,2026-08-02T19:17,63310.260000,0.406500,0.000000,2026-08-02,,,,,
29761638,2026-08-02T19:18,63310.260000,0.406500,0.000000,2026-08-02,,,,,
29761639,2026-08-02T19:19,63310.260000,0.406500,0.000000,2026-08-02,,,,,
29761640,2026-08-02T19:20,63310.260000,0.406500,0.000000,2026-08-02,,,,,
29761641,2026-08-02T19:21,63310.260000,0.406500,0.000000,2026-08-02,,,,,
29761642,2026-08-02T19:22,63310.260000,0.406500,0.000000,2026-08-02,,,,,
29761643,2026-08-02T19:23,63310.260000,0.406500,0.000000,2026-08-02,,,,,
29761644,2026-08-02T19:24,63310.260000,0.406500,0.000000,2026-08-02,,,,,
29761645,2026-08-02T19:25,63310.260000,0.406500,0.000000,2026-08-02,,,,,
29761646,2026-08-02T19:26,63310.260000,0.406500,0.000000,2026-08-02,,,,,
29761647,2026-08-02T19:27,63310.260000,0.406500,0.000000,2026-08-02,,,,,
29761648,2026-08-02T19:28,63310.260000,0.406500,0.000000,2026-08-02,,,,,
29761649,2026-08-02T19:29,63310.260000,0.406500,0.000000,2026-08-02,,,,,
29761650,2026-08-02T19:30,63310.260000,0.406500,0.000000,2026-08-02,,,,,
29761651,2026-08-02T19:31,63310.260000,0.406500,0.000000,2026-08-02,,,,,
29761652,2026-08-02T19:32,63310.260000,0.406500,0.000000,2026-08-02,,,,,
29761653,2026-08-02T19:33,63310.260000,0.406500,0.000000,2026-08-02,,,,,
29761654,2026-08-02T19:34,63310.260000,0.406500,0.000000,2026-08-02,,,,,
29761655,2026-08-02T19:35,63310.260000,0.406500,0.000000,2026-08-02,,,,,
29761656,2026-08-02T19:36,63310.260000,0.406500,0.000000,2026-08-02,,,,,
29761657,2026-08-02T19:37,63310.260000,0.406500,0.000000,2026-08-02,,,,,
29761658,2026-08-02T19:38,63310.260000,0.406500,0.000000,2026-08-02,,,,,
29761659,2026-08-02T19:39,63310.260000,0.406500,0.000000,2026-08-02,,,,,
29761660,2026-08-02T19:40,63310.260000,0.406500,0.000000,2026-08-02,,,,,
29761661,2026-08-02T19:41,63310.260000,0.406500,0.000000,2026-08-02,,,,,
29761662,2026-08-02T19:42,63310.260000,0.406500,0.000000,2026-08-02,,,,,
29761663,2026-08-02T19:43,63310.260000,0.406500,0.000000,2026-08-02,,,,,
29761664,2026-08-02T19:44,63310.260000,0.406500,0.000000,2026-08-02,,,,,
29761665,2026-08-02T19:45,63310.260000,0.406500,0.000000,2026-08-02,,,,,
29761666,2026-08-02T19:46,63310.260000,0.406500,0.000000,2026-08-02,,,,,
29761667,2026-08-02T19:47,63310.260000,0.406500,0.000000,2026-08-02,,,,,
29761668,2026-08-02T19:48,63310.260000,0.406500,0.000000,2026-08-02,,,,,
29761669,2026-08-02T19:49,63310.260000,0.406500,0.000000,2026-08-02,,,,,
29761670,2026-08-02T19:50,63310.260000,0.406500,0.000000,2026-08-02,,,,,
29761671,2026-08-02T19:51,63310.260000,0.406500,0.000000,2026-08-02,,,,,
29761672,2026-08-02T19:52,63310.260000,0.406500,0.000000,2026-08-02,,,,,
29761673,2026-08-02T19:53,63310.260000,0.406500,0.000000,2026-08-02,,,,,
29761674,2026-08-02T19:54,63381.370000,-0.199700,0.000000,2026-08-02,63.000000,0.755867,0.280840,63384.930000,63375.120000
29761675,2026-08-02T19:55,63370.010000,-0.268800,-0.437589,2026-08-02,119.000000,0.406887,0.441964,63381.370000,63370.000000
29761676,2026-08-02T19:56,63371.260000,-0.362000,-0.112215,2026-08-02,94.000000,0.223293,0.356420,63371.270000,63370.000000
29761677,2026-08-02T19:57,63373.760000,0.081500,-0.243574,2026-08-02,107.000000,0.299871,0.986079,63373.760000,63371.250000
29761678,2026-08-02T19:58,63384.150000,-0.134800,0.971379,2026-08-02,126.000000,0.688785,0.236757,63384.530000,63372.380000
29761679,2026-08-02T19:59,63380.180000,-0.213200,-0.529552,2026-08-02,85.000000,0.775253,0.559557,63384.160000,63375.130000
29761680,2026-08-02T20:00,63378.740000,-0.245600,0.119025,2026-08-02,152.000000,0.822327,0.467594,63388.460000,63375.580000
29761681,2026-08-02T20:01,63390.940000,-0.332200,-0.064812,2026-08-02,120.000000,0.725158,0.231995,63400.950000,63378.740000
29761682,2026-08-02T20:02,63380.180000,-0.336600,-0.536004,2026-08-02,112.000000,0.476684,0.152378,63390.950000,63380.180000
29761683,2026-08-02T20:03,63367.900000,-0.294700,-0.695256,2026-08-02,126.000000,0.565162,0.334787,63380.190000,63361.370000
29761684,2026-08-02T20:04,63347.600000,-0.332700,-0.330426,2026-08-02,142.000000,1.410840,0.145322,63367.900000,63347.600000
29761685,2026-08-02T20:05,63357.400000,0.358200,-0.720475,2026-08-02,145.000000,0.538875,0.488464,63363.480000,63342.100000
29761686,2026-08-02T20:06,63356.460000,-0.523200,0.090497,2026-08-02,159.000000,0.717511,0.196522,63367.210000,63357.000000
29761687,2026-08-02T20:07,63348.880000,-0.130500,-0.606957,2026-08-02,106.000000,0.604452,0.250146,63355.510000,63346.380000
29761688,2026-08-02T20:08,63366.430000,0.192700,-0.499707,2026-08-02,102.000000,0.232888,0.987704,63366.440000,63348.880000
29761689,2026-08-02T20:09,63378.850000,-0.258500,0.975566,2026-08-02,126.000000,0.345452,0.998704,63378.990000,63366.430000
29761690,2026-08-02T20:10,63359.460000,-0.188100,0.997401,2026-08-02,123.000000,0.295780,0.432128,63378.860000,63359.370000
29761691,2026-08-02T20:11,63343.880000,-0.158900,-0.137557,2026-08-02,96.000000,0.522272,0.295749,63360.250000,63343.870000
29761692,2026-08-02T20:12,63359.060000,-0.341300,-0.387739,2026-08-02,158.000000,3.398675,0.950435,63360.750000,63343.870000
29761693,2026-08-02T20:13,63375.130000,-0.246400,0.900531,2026-08-02,120.000000,0.410232,0.791379,63375.470000,63359.050000
29761694,2026-08-02T20:14,63389.010000,-0.092800,0.598530,2026-08-02,153.000000,2.425747,0.094154,63391.370000,63368.540000
29761695,2026-08-02T20:15,63376.480000,-0.414000,-0.834019,2026-08-02,123.000000,0.597892,0.196966,63389.000000,63375.130000
29761696,2026-08-02T20:16,63413.310000,-0.620700,-0.465945,2026-08-02,203.000000,2.769758,0.772510,63419.820000,63376.470000
29761697,2026-08-02T20:17,63399.210000,-0.279300,0.545020,2026-08-02,82.000000,0.321536,0.840980,63413.310000,63399.210000
29761698,2026-08-02T20:18,63392.710000,-0.444000,0.681960,2026-08-02,116.000000,0.603490,0.155500,63399.840000,63392.330000
29761699,2026-08-02T20:19,63398.940000,-0.175900,-0.683015,2026-08-02,116.000000,0.252506,0.918020,63398.950000,63392.710000
29761700,2026-08-02T20:20,63375.010000,-0.620600,0.836226,2026-08-02,201.000000,3.571541,0.610814,63408.420000,63374.770000
29761701,2026-08-02T20:21,63371.760000,-0.075100,0.221148,2026-08-02,176.000000,0.440413,0.384337,63376.490000,63361.180000
29761702,2026-08-02T20:22,63372.600000,-0.328100,-0.231968,2026-08-02,92.000000,0.078018,0.696749,63372.600000,63371.760000
29761703,2026-08-02T20:23,63362.990000,-0.586300,0.029653,2026-08-02,115.000000,1.879548,0.046975,63378.000000,63362.990000
29761704,2026-08-02T20:24,63348.020000,-0.483300,-0.909172,2026-08-02,83.000000,0.245053,0.638573,63363.000000,63348.030000
29761705,2026-08-02T20:25,63348.600000,-0.406300,0.275992,2026-08-02,108.000000,0.666845,0.678910,63349.870000,63337.290000
29761706,2026-08-02T20:26,63332.790000,-0.130800,0.358082,2026-08-02,125.000000,0.560485,0.358154,63348.610000,63325.720000
29761707,2026-08-02T20:27,63333.120000,-0.210300,-0.283966,2026-08-02,94.000000,0.425905,0.612902,63333.770000,63332.510000
29761708,2026-08-02T20:28,63333.810000,-0.427500,0.229138,2026-08-02,117.000000,0.608835,0.231618,63333.810000,63328.560000
29761709,2026-08-02T20:29,63338.270000,-0.350000,-0.537849,2026-08-02,130.000000,0.620015,0.447130,63341.070000,63333.800000
29761710,2026-08-02T20:30,63338.270000,-0.643900,-0.107139,2026-08-02,75.000000,0.100797,0.942929,63338.280000,63338.270000
29761711,2026-08-02T20:31,63349.490000,0.208900,0.885236,2026-08-02,160.000000,0.423656,0.658671,63349.500000,63338.270000
29761712,2026-08-02T20:32,63370.490000,0.387000,0.323529,2026-08-02,179.000000,0.694889,0.632380,63371.680000,63349.500000
29761713,2026-08-02T20:33,63379.670000,0.499100,0.260385,2026-08-02,117.000000,0.444121,0.618302,63379.830000,63363.170000
29761714,2026-08-02T20:34,63376.210000,0.374100,0.238741,2026-08-02,149.000000,1.689899,0.336752,63380.000000,63370.040000
29761715,2026-08-02T20:35,63368.240000,-0.402100,-0.327328,2026-08-02,126.000000,0.213523,0.580359,63379.050000,63368.240000
29761716,2026-08-02T20:36,63366.520000,-0.382500,0.159981,2026-08-02,92.000000,0.222652,0.377557,63368.250000,63365.320000
29761717,2026-08-02T20:37,63346.850000,-0.031600,-0.244886,2026-08-02,127.000000,1.064174,0.159229,63366.530000,63346.830000
29761718,2026-08-02T20:38,63345.790000,-0.393800,-0.681542,2026-08-02,116.000000,0.512582,0.310665,63346.860000,63345.240000
29761719,2026-08-02T20:39,63346.930000,-0.278200,-0.378671,2026-08-02,108.000000,0.218843,0.818022,63346.930000,63345.650000
29761720,2026-08-02T20:40,63349.580000,-0.332600,0.641075,2026-08-02,78.000000,0.104451,0.920442,63349.600000,63346.920000
29761721,2026-08-02T20:41,63354.630000,-0.222900,0.836069,2026-08-02,117.000000,0.333379,0.342748,63357.930000,63349.590000
29761722,2026-08-02T20:42,63358.740000,-0.265100,-0.312913,2026-08-02,124.000000,0.338184,0.361167,63358.740000,63354.000000
29761723,2026-08-02T20:43,63359.930000,0.313300,-0.279193,2026-08-02,163.000000,1.540632,0.323355,63365.450000,63351.780000
29761724,2026-08-02T20:44,63359.460000,0.355500,-0.353290,2026-08-02,94.000000,0.423797,0.345579,63359.930000,63357.960000
29761725,2026-08-02T20:45,63371.260000,-0.243600,-0.301436,2026-08-02,226.000000,1.639057,0.566243,63371.470000,63340.730000
29761726,2026-08-02T20:46,63422.670000,0.210800,0.085837,2026-08-02,337.000000,1.422273,0.752900,63425.600000,63363.410000
29761727,2026-08-02T20:47,63412.960000,-0.065000,0.437577,2026-08-02,149.000000,0.456906,0.692563,63426.850000,63404.630000
29761728,2026-08-02T20:48,63410.600000,-0.090600,0.977461,2026-08-02,97.000000,0.222621,0.646802,63412.960000,63402.640000
29761729,2026-08-02T20:49,63412.440000,-0.062000,0.289461,2026-08-02,124.000000,1.244915,0.073119,63417.620000,63403.290000
29761730,2026-08-02T20:50,63399.210000,-0.391800,-0.853763,2026-08-02,132.000000,0.719566,0.510797,63413.720000,63399.210000
29761731,2026-08-02T20:51,63394.730000,-0.184900,-0.097520,2026-08-02,130.000000,0.269681,0.582351,63399.210000,63388.880000
29761732,2026-08-02T20:52,63393.960000,0.075900,0.868724,2026-08-02,103.000000,0.323919,0.229848,63395.990000,63393.950000
29761733,2026-08-02T20:53,63393.960000,-0.167600,-0.603301,2026-08-02,141.000000,0.613162,0.147357,63400.170000,63393.950000
29761734,2026-08-02T20:54,63396.790000,-0.297700,-0.705287,2026-08-02,114.000000,0.778578,0.984891,63397.490000,63393.960000
29761735,2026-08-02T20:55,63425.990000,0.593600,0.969782,2026-08-02,192.000000,0.368097,0.849700,63427.090000,63396.800000
29761736,2026-08-02T20:56,63423.400000,-0.266100,0.699400,2026-08-02,179.000000,2.008680,0.498266,63430.160000,63411.000000
29761737,2026-08-02T20:57,63430.150000,-0.071400,-0.002697,2026-08-02,118.000000,0.234489,0.998768,63430.160000,63423.400000
29761738,2026-08-02T20:58,63423.400000,-0.449700,0.997521,2026-08-02,120.000000,0.287441,0.500686,63430.160000,63423.390000
29761739,2026-08-02T20:59,63423.320000,-0.111300,0.001324,2026-08-02,188.000000,0.763702,0.813665,63425.870000,63420.220000
29761740,2026-08-02T21:00,63413.010000,-0.612400,0.646084,2026-08-02,157.000000,0.302077,0.437546,63431.990000,63413.000000
29761741,2026-08-02T21:01,63409.270000,-0.247500,-0.287143,2026-08-02,118.000000,0.658862,0.437991,63415.950000,63408.000000
29761742,2026-08-02T21:02,63440.480000,0.848400,-0.122572,2026-08-02,253.000000,2.696042,0.784562,63443.190000,63405.000000
29761743,2026-08-02T21:03,63452.560000,0.409300,0.568825,2026-08-02,103.000000,0.761662,0.232991,63452.560000,63443.920000
29761744,2026-08-02T21:04,63498.330000,-0.427400,-0.534924,2026-08-02,267.000000,9.012042,0.672860,63498.340000,63452.550000
29761745,2026-08-02T21:05,63464.570000,-0.125900,0.335658,2026-08-02,136.000000,2.479025,0.090927,63498.340000,63464.560000
29761746,2026-08-02T21:06,63469.180000,-0.391500,-0.805197,2026-08-02,141.000000,0.744268,0.186172,63476.510000,63455.150000
29761747,2026-08-02T21:07,63444.560000,-0.181500,-0.489424,2026-08-02,228.000000,4.479714,0.074103,63481.070000,63437.040000
29761748,2026-08-02T21:08,63448.320000,-0.366800,-0.885508,2026-08-02,136.000000,0.682533,0.611442,63455.110000,63444.550000
29761749,2026-08-02T21:09,63456.570000,-0.158400,0.222948,2026-08-02,111.000000,0.202852,0.658906,63457.460000,63448.320000
29761750,2026-08-02T21:10,63463.230000,-0.429400,0.317622,2026-08-02,214.000000,0.744008,0.499353,63471.820000,63456.580000
29761751,2026-08-02T21:11,63464.990000,-0.483600,-0.001236,2026-08-02,135.000000,1.825113,0.700982,63465.000000,63454.240000
29761752,2026-08-02T21:12,63450.010000,-0.641600,0.401950,2026-08-02,116.000000,0.899623,0.334560,63465.000000,63450.000000
29761753,2026-08-02T21:13,63455.270000,-0.384300,-0.130528,2026-08-02,268.000000,5.325567,0.644220,63455.490000,63432.000000
29761754,2026-08-02T21:14,63450.790000,-0.045100,0.273801,2026-08-02,142.000000,0.613843,0.295181,63455.500000,63449.650000
29761755,2026-08-02T21:15,63473.560000,-0.191200,-0.409930,2026-08-02,271.000000,2.901451,0.190247,63478.310000,63450.790000
29761756,2026-08-02T21:16,63451.400000,0.126500,-0.619506,2026-08-02,176.000000,1.424680,0.138386,63473.560000,63450.580000
29761757,2026-08-02T21:17,63433.600000,0.028700,-0.764014,2026-08-02,118.000000,0.779954,0.358975,63450.590000,63433.600000
29761758,2026-08-02T21:18,63442.670000,0.131900,0.424889,2026-08-02,147.000000,1.677928,0.956442,63443.660000,63433.600000
29761759,2026-08-02T21:19,63441.060000,0.380000,0.897572,2026-08-02,90.000000,0.267066,0.561645,63444.000000,63440.990000
29761760,2026-08-02T21:20,63450.790000,0.327200,0.081943,2026-08-02,165.000000,0.540039,0.922299,63450.800000,63440.980000
29761761,2026-08-02T21:21,63447.540000,-0.283800,0.843753,2026-08-02,195.000000,0.916413,0.694813,63460.940000,63447.370000
29761762,2026-08-02T21:22,63460.460000,-0.268600,0.391558,2026-08-02,147.000000,1.859070,0.926230,63460.930000,63447.550000
29761763,2026-08-02T21:23,63456.010000,0.158000,0.852229,2026-08-02,131.000000,0.246563,0.433953,63460.470000,63455.820000
29761764,2026-08-02T21:24,63456.980000,-0.118100,-0.132094,2026-08-02,116.000000,0.176241,0.743632,63460.390000,63455.730000
29761765,2026-08-02T21:25,63440.990000,-0.233100,0.522993,2026-08-02,114.000000,0.368811,0.525968,63456.980000,63440.980000
29761766,2026-08-02T21:26,63444.820000,-0.188900,0.023790,2026-08-02,121.000000,0.637894,0.959573,63445.500000,63440.980000
29761767,2026-08-02T21:27,63457.130000,0.009600,0.918578,2026-08-02,153.000000,3.110865,0.872580,63457.680000,63444.810000
29761768,2026-08-02T21:28,63461.980000,-0.387500,0.745184,2026-08-02,144.000000,0.254438,0.341394,63462.000000,63457.130000
29761769,2026-08-02T21:29,63472.490000,0.046800,-0.319596,2026-08-02,112.000000,1.938704,0.364549,63472.500000,63461.970000
29761770,2026-08-02T21:30,63474.880000,-0.440800,-0.270946,2026-08-02,209.000000,1.814382,0.742540,63499.330000,63472.480000
29761771,2026-08-02T21:31,63471.440000,-0.199800,0.485638,2026-08-02,129.000000,1.403836,0.665886,63477.710000,63474.520000
29761772,2026-08-02T21:32,63450.810000,-0.274600,0.330993,2026-08-02,109.000000,0.652381,0.166080,63471.450000,63450.810000
29761773,2026-08-02T21:33,63451.430000,-0.390500,-0.623599,2026-08-02,125.000000,0.287571,0.763608,63451.430000,63449.530000
29761774,2026-08-02T21:34,63460.380000,-0.032200,0.547340,2026-08-02,144.000000,0.399865,0.532206,63460.380000,63451.430000
29761775,2026-08-02T21:35,63500.490000,0.108500,0.065875,2026-08-02,299.000000,4.671438,0.824047,63509.280000,63460.370000
29761776,2026-08-02T21:36,63479.990000,-0.386800,0.648083,2026-08-02,167.000000,1.417752,0.227504,63500.490000,63478.330000
29761777,2026-08-02T21:37,63454.240000,-0.539500,-0.544992,2026-08-02,151.000000,3.021788,0.052876,63482.930000,63449.180000
29761778,2026-08-02T21:38,63440.490000,-0.457300,-0.891700,2026-08-02,115.000000,1.063171,0.813838,63458.180000,63440.480000
29761779,2026-08-02T21:39,63441.490000,-0.243000,0.627084,2026-08-02,91.000000,0.240630,0.815584,63457.320000,63440.500000
29761780,2026-08-02T21:40,63437.040000,-0.409500,0.639467,2026-08-02,97.000000,0.523321,0.625109,63441.760000,63437.050000
29761781,2026-08-02T21:41,63493.490000,-0.105600,0.333225,2026-08-02,323.000000,9.683891,0.642931,63496.940000,63437.050000
29761782,2026-08-02T21:42,63700.820000,-0.040000,0.280427,2026-08-02,1038.000000,23.268843,0.592584,63709.700000,63493.490000
29761783,2026-08-02T21:43,63633.120000,-0.096000,0.168418,2026-08-02,494.000000,8.036969,0.166365,63700.760000,63591.850000
29761784,2026-08-02T21:44,63622.630000,-0.145700,-0.661548,2026-08-02,351.000000,4.119745,0.267559,63633.270000,63600.140000
29761785,2026-08-02T21:45,63695.040000,-0.375700,-0.434350,2026-08-02,685.000000,12.078228,0.355012,63712.230000,63615.920000
29761786,2026-08-02T21:46,63657.210000,-0.370700,-0.301648,2026-08-02,270.000000,3.330355,0.457079,63703.490000,63650.320000
29761787,2026-08-02T21:47,63631.510000,-0.580600,-0.025344,2026-08-02,218.000000,0.515675,0.215438,63657.210000,63629.690000
29761788,2026-08-02T21:48,63601.070000,-0.222800,-0.606477,2026-08-02,102.000000,0.318791,0.723754,63629.680000,63600.000000
29761789,2026-08-02T21:49,63614.620000,-0.432900,0.619715,2026-08-02,429.000000,13.032049,0.848222,63649.160000,63581.520000
29761790,2026-08-02T21:50,63571.210000,-0.527300,0.696132,2026-08-02,284.000000,7.426185,0.124324,63628.290000,63571.200000
29761791,2026-08-02T21:51,63577.460000,-0.100100,-0.751564,2026-08-02,347.000000,10.024844,0.512570,63599.990000,63544.140000
29761792,2026-08-02T21:52,63571.190000,0.032800,0.024975,2026-08-02,124.000000,2.310500,0.159390,63579.710000,63557.440000
29761793,2026-08-02T21:53,63539.010000,-0.457400,-0.681184,2026-08-02,237.000000,4.016384,0.511176,63574.440000,63539.000000
29761794,2026-08-02T21:54,63531.600000,-0.134800,-0.006798,2026-08-02,197.000000,6.354369,0.781626,63554.260000,63531.410000
29761795,2026-08-02T21:55,63505.150000,-0.100700,0.593484,2026-08-02,557.000000,7.958539,0.735025,63554.650000,63504.960000
29761796,2026-08-02T21:56,63525.330000,-0.051900,0.470011,2026-08-02,157.000000,0.421905,0.661894,63533.320000,63505.140000
29761797,2026-08-02T21:57,63503.490000,-0.204600,0.322399,2026-08-02,155.000000,1.281227,0.324944,63525.660000,63503.480000
29761798,2026-08-02T21:58,63492.070000,-0.189500,-0.349887,2026-08-02,232.000000,1.210959,0.372728,63503.490000,63475.000000
29761799,2026-08-02T21:59,63504.040000,0.424400,-0.254511,2026-08-02,256.000000,2.509594,0.608687,63513.340000,63492.070000
29761800,2026-08-02T22:00,63597.740000,-0.212600,0.255141,2026-08-02,657.000000,21.915486,0.730768,63660.640000,63504.050000
29761801,2026-08-02T22:01,63609.010000,-0.065900,0.458462,2026-08-02,318.000000,1.702473,0.584694,63655.970000,63595.210000
29761802,2026-08-02T22:02,63665.510000,0.048200,0.169380,2026-08-02,443.000000,9.073399,0.633502,63672.850000,63591.850000
29761803,2026-08-02T22:03,63649.480000,0.006300,0.232633,2026-08-02,323.000000,3.401428,0.717182,63664.090000,63629.690000
29761804,2026-08-02T22:04,63623.990000,-0.145800,0.549917,2026-08-02,396.000000,5.648752,0.300381,63658.490000,63598.490000
29761805,2026-08-02T22:05,63648.620000,-0.217200,-0.399623,2026-08-02,379.000000,7.744252,0.364222,63648.620000,63605.390000
29761806,2026-08-02T22:06,63619.490000,-0.097000,-0.237452,2026-08-02,260.000000,3.669109,0.535184,63659.230000,63619.360000
29761807,2026-08-02T22:07,63587.100000,-0.171200,-0.003962,2026-08-02,381.000000,4.343481,0.253704,63619.480000,63575.940000
29761808,2026-08-02T22:08,63598.730000,-0.642300,-0.473051,2026-08-02,375.000000,3.030730,0.580657,63621.010000,63585.030000
29761809,2026-08-02T22:09,63636.600000,0.117500,0.151366,2026-08-02,441.000000,8.381091,0.948977,63640.000000,63585.000000
29761810,2026-08-02T22:10,63660.650000,-0.264600,0.904325,2026-08-02,453.000000,5.322731,0.333719,63693.690000,63636.590000
29761811,2026-08-02T22:11,63697.760000,-0.268300,-0.494555,2026-08-02,378.000000,6.491611,0.570496,63730.490000,63660.650000
29761812,2026-08-02T22:12,63662.820000,-0.532000,0.151963,2026-08-02,299.000000,3.003814,0.517194,63708.800000,63626.240000
29761813,2026-08-02T22:13,63652.510000,-0.173700,-0.158340,2026-08-02,384.000000,6.645574,0.344548,63667.510000,63638.560000
29761814,2026-08-02T22:14,63622.810000,-0.060600,-0.247933,2026-08-02,234.000000,1.887278,0.200518,63658.720000,63622.810000
29761815,2026-08-02T22:15,63650.320000,-0.029900,-0.602915,2026-08-02,256.000000,2.660559,0.814080,63650.310000,63609.050000
29761816,2026-08-02T22:16,63708.320000,-0.091600,0.123448,2026-08-02,439.000000,4.893822,0.272821,63714.010000,63640.890000
29761817,2026-08-02T22:17,63682.060000,-0.152400,-0.432070,2026-08-02,470.000000,7.938056,0.224449,63722.560000,63674.410000
29761818,2026-08-02T22:18,63609.050000,-0.386300,-0.486717,2026-08-02,277.000000,6.428471,0.011828,63682.060000,63612.030000
29761819,2026-08-02T22:19,63611.260000,-0.292200,-0.975475,2026-08-02,339.000000,3.850834,0.810074,63616.930000,63595.280000
29761820,2026-08-02T22:20,63622.320000,-0.123100,0.619988,2026-08-02,314.000000,4.181370,0.384319,63627.000000,63611.260000
29761821,2026-08-02T22:21,63615.260000,-0.173700,-0.228572,2026-08-02,355.000000,5.780378,0.670232,63625.500000,63591.550000
29761822,2026-08-02T22:22,63611.110000,-0.169100,0.339350,2026-08-02,315.000000,3.263731,0.193113,63629.230000,63579.260000
29761823,2026-08-02T22:23,63606.350000,-0.155200,-0.611649,2026-08-02,347.000000,2.797211,0.327006,63631.500000,63598.870000
29761824,2026-08-02T22:24,63591.850000,-0.083500,-0.448640,2026-08-02,268.000000,1.376798,0.537397,63606.770000,63584.460000
29761825,2026-08-02T22:25,63601.320000,0.215300,0.700373,2026-08-02,194.000000,1.363889,0.598856,63601.320000,63588.400000
29761826,2026-08-02T22:26,63512.730000,-0.192400,0.197016,2026-08-02,356.000000,8.602619,0.382515,63602.950000,63505.840000
29761827,2026-08-02T22:27,63514.490000,0.500200,-0.234863,2026-08-02,333.000000,2.290594,0.840834,63523.490000,63500.010000
29761828,2026-08-02T22:28,63516.860000,-0.372400,0.711038,2026-08-02,353.000000,2.144857,0.201147,63533.150000,63500.000000
29761829,2026-08-02T22:29,63526.270000,0.294600,-0.791139,2026-08-02,317.000000,1.572495,0.538114,63529.450000,63510.420000
29761830,2026-08-02T22:30,63509.290000,-0.333300,-0.023371,2026-08-02,299.000000,4.132161,0.065460,63536.800000,63509.280000
29761831,2026-08-02T22:31,63480.740000,-0.305500,-0.863864,2026-08-02,335.000000,2.095987,0.667604,63509.290000,63480.730000
29761832,2026-08-02T22:32,63460.880000,0.404300,0.448240,2026-08-02,261.000000,3.150303,0.612928,63483.000000,63447.360000
29761833,2026-08-02T22:33,63402.630000,-0.098400,0.103695,2026-08-02,404.000000,6.777047,0.191052,63460.880000,63385.120000
29761834,2026-08-02T22:34,63383.130000,0.162000,-0.607900,2026-08-02,291.000000,4.660434,0.577531,63413.990000,63368.870000
29761835,2026-08-02T22:35,63364.430000,-0.591900,0.152952,2026-08-02,302.000000,1.642366,0.312825,63392.320000,63356.630000
29761836,2026-08-02T22:36,63369.640000,-0.326300,-0.400407,2026-08-02,264.000000,2.467131,0.507822,63386.470000,63352.270000
29761837,2026-08-02T22:37,63362.580000,-0.228600,0.015703,2026-08-02,404.000000,6.159790,0.683322,63406.830000,63361.360000
29761838,2026-08-02T22:38,63374.850000,0.063500,0.482129,2026-08-02,271.000000,5.724646,0.582890,63386.630000,63365.690000
29761839,2026-08-02T22:39,63333.790000,0.283900,-0.643792,2026-08-02,597.000000,21.770945,0.152491,63374.840000,63296.000000
29761840,2026-08-02T22:40,63341.120000,0.087300,-0.549706,2026-08-02,440.000000,6.555976,0.518177,63344.020000,63295.220000
29761841,2026-08-02T22:41,63351.820000,0.054100,0.021442,2026-08-02,337.000000,2.141234,0.498568,63357.640000,63335.240000
29761842,2026-08-02T22:42,63364.270000,0.377600,-0.004473,2026-08-02,342.000000,1.331689,0.906543,63364.270000,63351.820000
29761843,2026-08-02T22:43,63388.400000,0.044600,0.686159,2026-08-02,423.000000,4.496453,0.765699,63390.000000,63361.580000
29761844,2026-08-02T22:44,63449.290000,0.069300,0.575753,2026-08-02,432.000000,7.314012,0.716152,63458.980000,63388.400000
29761845,2026-08-02T22:45,63477.450000,0.155700,0.424803,2026-08-02,401.000000,5.157441,0.551819,63502.750000,63445.500000
29761846,2026-08-02T22:46,63430.170000,-0.398000,0.103599,2026-08-02,262.000000,4.252965,0.034199,63491.130000,63430.160000
29761847,2026-08-02T22:47,63411.570000,-0.082000,-0.930615,2026-08-02,197.000000,1.435648,0.587683,63430.170000,63399.210000
29761848,2026-08-02T22:48,63399.010000,-0.152500,0.149152,2026-08-02,239.000000,2.394630,0.393483,63406.080000,63392.320000
29761849,2026-08-02T22:49,63383.180000,-0.130000,-0.203275,2026-08-02,323.000000,2.203943,0.507927,63402.650000,63378.940000
29761850,2026-08-02T22:50,63375.260000,-0.025400,0.016105,2026-08-02,266.000000,3.069005,0.166884,63388.870000,63368.870000
29761851,2026-08-02T22:51,63378.400000,-0.340900,-0.666481,2026-08-02,179.000000,0.904910,0.919154,63379.600000,63365.420000
29761852,2026-08-02T22:52,63377.620000,-0.006200,0.838045,2026-08-02,272.000000,0.183370,0.538546,63380.540000,63377.220000
29761853,2026-08-02T22:53,63371.180000,0.084600,0.009232,2026-08-02,283.000000,5.217721,0.041416,63379.830000,63362.520000
29761854,2026-08-02T22:54,63360.560000,-0.577100,-0.920789,2026-08-02,217.000000,2.155202,0.221077,63371.980000,63351.800000
29761855,2026-08-02T22:55,63346.580000,-0.246600,-0.539742,2026-08-02,150.000000,0.779837,0.595006,63360.100000,63345.670000
29761856,2026-08-02T22:56,63365.060000,-0.433000,0.550502,2026-08-02,319.000000,2.064190,0.729403,63365.060000,63344.160000
29761857,2026-08-02T22:57,63368.240000,-0.287400,0.457617,2026-08-02,165.000000,0.814885,0.925005,63368.240000,63357.920000
29761858,2026-08-02T22:58,63356.670000,-0.330100,0.850010,2026-08-02,179.000000,1.467355,0.115005,63368.990000,63355.480000
29761859,2026-08-02T22:59,63351.040000,-0.389300,-0.769990,2026-08-02,159.000000,0.495008,0.779670,63356.920000,63351.050000
29761860,2026-08-02T23:00,63323.900000,0.040200,-0.304502,2026-08-02,238.000000,2.757344,0.401153,63351.040000,63313.400000
29761861,2026-08-02T23:01,63329.880000,-0.022200,0.032537,2026-08-02,280.000000,1.381676,0.513126,63341.870000,63319.590000
29761862,2026-08-02T23:02,63365.060000,-0.096200,0.026252,2026-08-02,376.000000,1.683207,0.347115,63369.050000,63316.380000
29761863,2026-08-02T23:03,63365.190000,-0.251300,-0.354971,2026-08-02,288.000000,3.267190,0.318756,63382.080000,63362.200000
29761864,2026-08-02T23:04,63328.100000,-0.025000,-0.335518,2026-08-02,202.000000,4.697238,0.134667,63375.000000,63328.100000
29761865,2026-08-02T23:05,63303.180000,-0.179800,-0.706942,2026-08-02,209.000000,1.831028,0.219745,63329.700000,63301.000000
29761866,2026-08-02T23:06,63316.620000,-0.253800,-0.588453,2026-08-02,230.000000,0.822089,0.580179,63316.640000,63296.000000
29761867,2026-08-02T23:07,63292.570000,-0.453800,0.136132,2026-08-02,70.000000,0.145675,0.102337,63316.630000,63292.560000
29761868,2026-08-02T23:08,63292.570000,-0.453800,-0.795354,2026-08-02,,,,,
29761869,2026-08-02T23:09,63292.570000,-0.453800,0.000000,2026-08-02,,,,,
29761870,2026-08-02T23:10,63292.570000,-0.453800,0.000000,2026-08-02,,,,,
29761871,2026-08-02T23:11,63292.570000,-0.453800,0.000000,2026-08-02,,,,,
29761872,2026-08-02T23:12,63292.570000,-0.453800,0.000000,2026-08-02,,,,,
29761873,2026-08-02T23:13,63270.190000,-0.170600,0.000000,2026-08-02,1230.000000,7.721980,0.338375,63328.990000,63267.220000
29761874,2026-08-02T23:14,63288.120000,-0.312200,-0.285821,2026-08-02,136.000000,0.662436,0.920384,63290.970000,63270.200000
29761875,2026-08-02T23:15,63280.490000,-0.263100,0.759052,2026-08-02,221.000000,2.357767,0.213112,63297.880000,63271.920000
29761876,2026-08-02T23:16,63324.480000,-0.336900,-0.574743,2026-08-02,334.000000,3.080713,0.257363,63324.480000,63260.040000
29761877,2026-08-02T23:17,63323.520000,-0.049300,-0.497546,2026-08-02,369.000000,2.762218,0.379589,63338.990000,63313.370000
29761878,2026-08-02T23:18,63394.490000,0.423100,-0.219563,2026-08-02,503.000000,8.008884,0.873727,63416.960000,63323.520000
29761879,2026-08-02T23:19,63452.980000,-0.202700,0.747455,2026-08-02,431.000000,10.406918,0.511799,63460.000000,63410.310000
29761880,2026-08-02T23:20,63435.490000,0.238400,0.023559,2026-08-02,59.000000,0.256445,0.028639,63459.990000,63434.820000
29761881,2026-08-02T23:21,63435.490000,0.238400,-0.942634,2026-08-02,,,,,
29761882,2026-08-02T23:22,63435.490000,0.238400,0.000000,2026-08-02,,,,,
29761883,2026-08-02T23:23,63435.490000,0.238400,0.000000,2026-08-02,,,,,
29761884,2026-08-02T23:24,63435.490000,0.238400,0.000000,2026-08-02,,,,,
29761885,2026-08-02T23:25,63435.490000,0.238400,0.000000,2026-08-02,,,,,
29761886,2026-08-02T23:26,63435.490000,0.238400,0.000000,2026-08-02,,,,,
29761887,2026-08-02T23:27,63435.490000,0.238400,0.000000,2026-08-02,,,,,
29761888,2026-08-02T23:28,63435.490000,0.238400,0.000000,2026-08-02,,,,,
29761889,2026-08-02T23:29,63435.490000,0.238400,0.000000,2026-08-02,,,,,
29761890,2026-08-02T23:30,63435.490000,0.238400,0.000000,2026-08-02,,,,,
29761891,2026-08-02T23:31,63435.490000,0.238400,0.000000,2026-08-02,,,,,
29761892,2026-08-02T23:32,63435.490000,0.238400,0.000000,2026-08-02,,,,,
29761893,2026-08-02T23:33,63435.490000,0.238400,0.000000,2026-08-02,,,,,
29761894,2026-08-02T23:34,63435.490000,0.238400,0.000000,2026-08-02,,,,,
29761895,2026-08-02T23:35,63435.490000,0.238400,0.000000,2026-08-02,,,,,
29761896,2026-08-02T23:36,63435.490000,0.238400,0.000000,2026-08-02,,,,,
29761897,2026-08-02T23:37,63435.490000,0.238400,0.000000,2026-08-02,,,,,
29761898,2026-08-02T23:38,63435.490000,0.238400,0.000000,2026-08-02,,,,,
29761899,2026-08-02T23:39,63435.490000,0.238400,0.000000,2026-08-02,,,,,
29761900,2026-08-02T23:40,63435.490000,0.238400,0.000000,2026-08-02,,,,,
29761901,2026-08-02T23:41,63435.490000,0.238400,0.000000,2026-08-02,,,,,
29761902,2026-08-02T23:42,63435.490000,0.238400,0.000000,2026-08-02,,,,,
29761903,2026-08-02T23:43,63435.490000,0.238400,0.000000,2026-08-02,,,,,
29761904,2026-08-02T23:44,63435.490000,0.238400,0.000000,2026-08-02,,,,,
29761905,2026-08-02T23:45,63435.490000,0.238400,0.000000,2026-08-02,,,,,
29761906,2026-08-02T23:46,63435.490000,0.238400,0.000000,2026-08-02,,,,,
29761907,2026-08-02T23:47,63435.490000,0.238400,0.000000,2026-08-02,,,,,
29761908,2026-08-02T23:48,63435.490000,0.238400,0.000000,2026-08-02,,,,,
29761909,2026-08-02T23:49,63435.490000,0.238400,0.000000,2026-08-02,,,,,
29761910,2026-08-02T23:50,63435.490000,0.238400,0.000000,2026-08-02,,,,,
29761911,2026-08-02T23:51,63449.990000,0.171700,0.000000,2026-08-02,43.000000,0.132189,0.103352,63452.660000,63448.720000
29761912,2026-08-02T23:52,63449.990000,0.171700,-0.793296,2026-08-02,,,,,
29761913,2026-08-02T23:53,63452.650000,0.028200,0.000000,2026-08-02,,,,,
29761914,2026-08-02T23:54,63452.650000,0.028200,0.000000,2026-08-02,,,,,
29761915,2026-08-02T23:55,63452.650000,0.028200,0.000000,2026-08-02,,,,,
29761916,2026-08-02T23:56,63452.650000,0.028200,0.000000,2026-08-02,,,,,
29761917,2026-08-02T23:57,63452.650000,0.028200,0.000000,2026-08-02,,,,,
29761918,2026-08-02T23:58,63452.650000,0.028200,0.000000,2026-08-02,,,,,
29761919,2026-08-02T23:59,63452.650000,0.028200,0.000000,2026-08-02,,,,,
29761920,2026-08-03T00:00,63452.650000,0.028200,0.000000,2026-08-02,,,,,
29761921,2026-08-03T00:01,63452.650000,0.028200,0.000000,2026-08-02,,,,,
29761922,2026-08-03T00:02,63452.650000,0.028200,0.000000,2026-08-02,,,,,
29761923,2026-08-03T00:03,63452.650000,0.028200,0.000000,2026-08-02,,,,,
29761924,2026-08-03T00:04,63452.650000,0.028200,0.000000,2026-08-02,,,,,
29761925,2026-08-03T00:05,63452.650000,0.028200,0.000000,2026-08-02,,,,,
29761926,2026-08-03T00:06,63452.650000,0.028200,0.000000,2026-08-02,,,,,
29761927,2026-08-03T00:07,63452.650000,0.028200,0.000000,2026-08-02,,,,,
29761928,2026-08-03T00:08,63452.650000,0.028200,0.000000,2026-08-02,,,,,
29761929,2026-08-03T00:09,63452.650000,0.028200,0.000000,2026-08-02,,,,,
29761930,2026-08-03T00:10,63452.650000,0.028200,0.000000,2026-08-02,,,,,
29761931,2026-08-03T00:11,63452.650000,0.028200,0.000000,2026-08-02,,,,,
29761932,2026-08-03T00:12,63452.650000,0.028200,0.000000,2026-08-02,,,,,
29761933,2026-08-03T00:13,63452.650000,0.028200,0.000000,2026-08-02,,,,,
29761934,2026-08-03T00:14,63452.650000,0.028200,0.000000,2026-08-02,,,,,
29761935,2026-08-03T00:15,63452.650000,0.028200,0.000000,2026-08-02,,,,,
29761936,2026-08-03T00:16,63452.650000,0.028200,0.000000,2026-08-02,,,,,
29761937,2026-08-03T00:17,63452.650000,0.028200,0.000000,2026-08-02,,,,,
29761938,2026-08-03T00:18,63452.650000,0.028200,0.000000,2026-08-02,,,,,
29761939,2026-08-03T00:19,63452.650000,0.028200,0.000000,2026-08-02,,,,,
29761940,2026-08-03T00:20,63452.650000,0.028200,0.000000,2026-08-02,,,,,
29761941,2026-08-03T00:21,63452.650000,0.028200,0.000000,2026-08-02,,,,,
29761942,2026-08-03T00:22,63452.650000,0.028200,0.000000,2026-08-02,,,,,
29761943,2026-08-03T00:23,63452.650000,0.028200,0.000000,2026-08-02,,,,,
29761944,2026-08-03T00:24,63452.650000,0.028200,0.000000,2026-08-02,,,,,
29761945,2026-08-03T00:25,63452.650000,0.028200,0.000000,2026-08-02,,,,,
29761946,2026-08-03T00:26,63452.650000,0.028200,0.000000,2026-08-02,,,,,
29761947,2026-08-03T00:27,63452.650000,0.028200,0.000000,2026-08-02,,,,,
29761948,2026-08-03T00:28,63452.650000,0.028200,0.000000,2026-08-02,,,,,
29761949,2026-08-03T00:29,63452.650000,0.028200,0.000000,2026-08-02,,,,,
29761950,2026-08-03T00:30,63452.650000,0.028200,0.000000,2026-08-02,,,,,
29761951,2026-08-03T00:31,63452.650000,0.028200,0.000000,2026-08-02,,,,,
29761952,2026-08-03T00:32,63452.650000,0.028200,0.000000,2026-08-02,,,,,
29761953,2026-08-03T00:33,63452.650000,0.028200,0.000000,2026-08-02,,,,,
29761954,2026-08-03T00:34,63452.650000,0.028200,0.000000,2026-08-02,,,,,
29761955,2026-08-03T00:35,63452.650000,0.028200,0.000000,2026-08-02,,,,,
29761956,2026-08-03T00:36,63276.940000,-0.159900,0.000000,2026-08-02,2.000000,0.001565,0.999904,63276.950000,63276.940000
29761957,2026-08-03T00:37,63276.940000,-0.159900,0.999808,2026-08-02,,,,,
29761958,2026-08-03T00:38,63276.940000,-0.159900,0.000000,2026-08-02,,,,,
29761959,2026-08-03T00:39,63276.940000,-0.159900,0.000000,2026-08-02,,,,,
29761960,2026-08-03T00:40,63276.940000,-0.159900,0.000000,2026-08-02,,,,,
29761961,2026-08-03T00:41,63276.940000,-0.159900,0.000000,2026-08-02,,,,,
29761962,2026-08-03T00:42,63276.940000,-0.159900,0.000000,2026-08-02,,,,,
29761963,2026-08-03T00:43,63276.940000,-0.159900,0.000000,2026-08-02,,,,,
29761964,2026-08-03T00:44,63276.940000,-0.159900,0.000000,2026-08-02,,,,,
29761965,2026-08-03T00:45,63276.940000,-0.159900,0.000000,2026-08-02,,,,,
29761966,2026-08-03T00:46,63276.940000,-0.159900,0.000000,2026-08-02,,,,,
29761967,2026-08-03T00:47,63276.940000,-0.159900,0.000000,2026-08-02,,,,,
29761968,2026-08-03T00:48,63276.940000,-0.159900,0.000000,2026-08-02,,,,,
29761969,2026-08-03T00:49,63276.940000,-0.159900,0.000000,2026-08-02,,,,,
29761970,2026-08-03T00:50,63276.940000,-0.159900,0.000000,2026-08-02,,,,,
29761971,2026-08-03T00:51,63276.940000,-0.159900,0.000000,2026-08-02,,,,,
29761972,2026-08-03T00:52,63276.940000,-0.159900,0.000000,2026-08-02,,,,,
29761973,2026-08-03T00:53,63276.940000,-0.159900,0.000000,2026-08-02,,,,,
29761974,2026-08-03T00:54,63276.940000,-0.159900,0.000000,2026-08-02,,,,,
29761975,2026-08-03T00:55,63276.940000,-0.159900,0.000000,2026-08-02,,,,,
29761976,2026-08-03T00:56,63276.940000,-0.159900,0.000000,2026-08-02,,,,,
29761977,2026-08-03T00:57,63276.940000,-0.159900,0.000000,2026-08-02,,,,,
29761978,2026-08-03T00:58,63276.940000,-0.159900,0.000000,2026-08-02,,,,,
29761979,2026-08-03T00:59,63276.940000,-0.159900,0.000000,2026-08-02,,,,,
29761980,2026-08-03T01:00,63276.940000,-0.159900,0.000000,2026-08-02,,,,,
29761981,2026-08-03T01:01,63276.940000,-0.159900,0.000000,2026-08-02,,,,,
29761982,2026-08-03T01:02,63276.940000,-0.159900,0.000000,2026-08-02,,,,,
29761983,2026-08-03T01:03,63276.940000,-0.159900,0.000000,2026-08-02,,,,,
29761984,2026-08-03T01:04,63276.940000,-0.159900,0.000000,2026-08-02,,,,,
29761985,2026-08-03T01:05,63276.940000,-0.159900,0.000000,2026-08-02,,,,,
29761986,2026-08-03T01:06,63276.940000,-0.159900,0.000000,2026-08-02,,,,,
29761987,2026-08-03T01:07,63276.940000,-0.159900,0.000000,2026-08-02,,,,,
29761988,2026-08-03T01:08,63159.490000,-0.665100,0.000000,2026-08-02,25.000000,0.087417,0.047267,63170.990000,63160.220000
29761989,2026-08-03T01:09,63159.490000,-0.665100,-0.905465,2026-08-02,,,,,
29761990,2026-08-03T01:10,63159.490000,-0.665100,0.000000,2026-08-02,,,,,
29761991,2026-08-03T01:11,63159.490000,-0.665100,0.000000,2026-08-02,,,,,
29761992,2026-08-03T01:12,63159.490000,-0.665100,0.000000,2026-08-02,,,,,
29761993,2026-08-03T01:13,63159.490000,-0.665100,0.000000,2026-08-02,,,,,
29761994,2026-08-03T01:14,63159.490000,-0.665100,0.000000,2026-08-02,,,,,
29761995,2026-08-03T01:15,63159.490000,-0.665100,0.000000,2026-08-02,,,,,
29761996,2026-08-03T01:16,63159.490000,-0.665100,0.000000,2026-08-02,,,,,
29761997,2026-08-03T01:17,63159.490000,-0.665100,0.000000,2026-08-02,,,,,
29761998,2026-08-03T01:18,63159.490000,-0.665100,0.000000,2026-08-02,,,,,
29761999,2026-08-03T01:19,63159.490000,-0.665100,0.000000,2026-08-02,,,,,
29762000,2026-08-03T01:20,63159.490000,-0.665100,0.000000,2026-08-02,,,,,
29762001,2026-08-03T01:21,63159.490000,-0.665100,0.000000,2026-08-02,,,,,
29762002,2026-08-03T01:22,63159.490000,-0.665100,0.000000,2026-08-02,,,,,
29762003,2026-08-03T01:23,63159.490000,-0.665100,0.000000,2026-08-02,,,,,
29762004,2026-08-03T01:24,63159.490000,-0.665100,0.000000,2026-08-02,,,,,
29762005,2026-08-03T01:25,63159.490000,-0.665100,0.000000,2026-08-02,,,,,
29762006,2026-08-03T01:26,63159.490000,-0.665100,0.000000,2026-08-02,,,,,
29762007,2026-08-03T01:27,63159.490000,-0.665100,0.000000,2026-08-02,,,,,
29762008,2026-08-03T01:28,63159.490000,-0.665100,0.000000,2026-08-02,,,,,
29762009,2026-08-03T01:29,63159.490000,-0.665100,0.000000,2026-08-02,,,,,
29762010,2026-08-03T01:30,63159.490000,-0.665100,0.000000,2026-08-02,,,,,
29762011,2026-08-03T01:31,63159.490000,-0.665100,0.000000,2026-08-02,,,,,
29762012,2026-08-03T01:32,63159.490000,-0.665100,0.000000,2026-08-02,,,,,
29762013,2026-08-03T01:33,63159.490000,-0.665100,0.000000,2026-08-02,,,,,
29762014,2026-08-03T01:34,63159.490000,-0.665100,0.000000,2026-08-02,,,,,
29762015,2026-08-03T01:35,63159.490000,-0.665100,0.000000,2026-08-02,,,,,
29762016,2026-08-03T01:36,63159.490000,-0.665100,0.000000,2026-08-02,,,,,
29762017,2026-08-03T01:37,63159.490000,-0.665100,0.000000,2026-08-02,,,,,
29762018,2026-08-03T01:38,63159.490000,-0.665100,0.000000,2026-08-02,,,,,
29762019,2026-08-03T01:39,63159.490000,-0.665100,0.000000,2026-08-02,,,,,
29762020,2026-08-03T01:40,63159.490000,-0.665100,0.000000,2026-08-02,,,,,
29762021,2026-08-03T01:41,63159.490000,-0.665100,0.000000,2026-08-02,,,,,
29762022,2026-08-03T01:42,63159.490000,-0.665100,0.000000,2026-08-02,,,,,
29762023,2026-08-03T01:43,63159.490000,-0.665100,0.000000,2026-08-02,,,,,
29762024,2026-08-03T01:44,63159.490000,-0.665100,0.000000,2026-08-02,,,,,
29762025,2026-08-03T01:45,63159.490000,-0.665100,0.000000,2026-08-02,,,,,
29762026,2026-08-03T01:46,63159.490000,-0.665100,0.000000,2026-08-02,,,,,
29762027,2026-08-03T01:47,63159.490000,-0.665100,0.000000,2026-08-02,,,,,
29762028,2026-08-03T01:48,63159.490000,-0.665100,0.000000,2026-08-02,,,,,
29762029,2026-08-03T01:49,63159.490000,-0.665100,0.000000,2026-08-02,,,,,
29762030,2026-08-03T01:50,63159.490000,-0.665100,0.000000,2026-08-02,,,,,
29762031,2026-08-03T01:51,63159.490000,-0.665100,0.000000,2026-08-02,,,,,
29762032,2026-08-03T01:52,63159.490000,-0.665100,0.000000,2026-08-02,,,,,
29762033,2026-08-03T01:53,63159.490000,-0.665100,0.000000,2026-08-02,,,,,
29762034,2026-08-03T01:54,63159.490000,-0.665100,0.000000,2026-08-02,,,,,
29762035,2026-08-03T01:55,63159.490000,-0.665100,0.000000,2026-08-02,,,,,
29762036,2026-08-03T01:56,63159.490000,-0.665100,0.000000,2026-08-02,,,,,
29762037,2026-08-03T01:57,63159.490000,-0.665100,0.000000,2026-08-02,,,,,
29762038,2026-08-03T01:58,63159.490000,-0.665100,0.000000,2026-08-02,,,,,
29762039,2026-08-03T01:59,63159.490000,-0.665100,0.000000,2026-08-02,,,,,
29762040,2026-08-03T02:00,63159.490000,-0.665100,0.000000,2026-08-02,,,,,
29762041,2026-08-03T02:01,63159.490000,-0.665100,0.000000,2026-08-02,,,,,
29762042,2026-08-03T02:02,63159.490000,-0.665100,0.000000,2026-08-02,,,,,
29762043,2026-08-03T02:03,63159.490000,-0.665100,0.000000,2026-08-02,,,,,
29762044,2026-08-03T02:04,63159.490000,-0.665100,0.000000,2026-08-02,,,,,
29762045,2026-08-03T02:05,63159.490000,-0.665100,0.000000,2026-08-02,,,,,
29762046,2026-08-03T02:06,63159.490000,-0.665100,0.000000,2026-08-02,,,,,
29762047,2026-08-03T02:07,63159.490000,-0.665100,0.000000,2026-08-02,,,,,
29762048,2026-08-03T02:08,63159.490000,-0.665100,0.000000,2026-08-02,,,,,
29762049,2026-08-03T02:09,63120.570000,-0.419000,0.000000,2026-08-02,77.000000,0.809648,0.121280,63135.530000,63120.570000
29762050,2026-08-03T02:10,63120.570000,-0.419000,-0.757439,2026-08-02,,,,,
29762051,2026-08-03T02:11,63120.570000,-0.419000,0.000000,2026-08-02,,,,,
29762052,2026-08-03T02:12,63120.570000,-0.419000,0.000000,2026-08-02,,,,,
29762053,2026-08-03T02:13,63120.570000,-0.419000,0.000000,2026-08-02,,,,,
29762054,2026-08-03T02:14,63120.570000,-0.419000,0.000000,2026-08-02,,,,,
29762055,2026-08-03T02:15,63120.570000,-0.419000,0.000000,2026-08-02,,,,,
29762056,2026-08-03T02:16,63120.570000,-0.419000,0.000000,2026-08-02,,,,,
29762057,2026-08-03T02:17,63120.570000,-0.419000,0.000000,2026-08-02,,,,,
29762058,2026-08-03T02:18,63120.570000,-0.419000,0.000000,2026-08-02,,,,,
29762059,2026-08-03T02:19,63120.570000,-0.419000,0.000000,2026-08-02,,,,,
29762060,2026-08-03T02:20,63120.570000,-0.419000,0.000000,2026-08-02,,,,,
29762061,2026-08-03T02:21,63120.570000,-0.667100,0.000000,2026-08-02,,,,,
29762062,2026-08-03T02:22,63120.570000,-0.667100,0.000000,2026-08-02,,,,,
29762063,2026-08-03T02:23,63120.570000,-0.667100,0.000000,2026-08-02,,,,,
29762064,2026-08-03T02:24,63120.570000,-0.667100,0.000000,2026-08-02,,,,,
29762065,2026-08-03T02:25,63124.010000,-0.325400,0.000000,2026-08-02,6.000000,0.048453,0.000006,63130.880000,63125.440000
29762066,2026-08-03T02:26,63113.680000,0.087000,-0.999987,2026-08-02,91.000000,1.027788,0.491721,63124.010000,63104.020000
29762067,2026-08-03T02:27,63056.240000,-0.266400,-0.015798,2026-08-02,194.000000,3.945132,0.220093,63113.680000,63055.000000
29762068,2026-08-03T02:28,63013.430000,0.401000,-0.557608,2026-08-02,214.000000,3.247125,0.400778,63056.250000,63012.030000
29762069,2026-08-03T02:29,63041.100000,0.698700,-0.200794,2026-08-02,245.000000,0.660798,0.996943,63043.130000,63013.430000
29762070,2026-08-03T02:30,63066.240000,-0.333400,0.993349,2026-08-02,326.000000,1.050749,0.454008,63076.560000,63041.100000
29762071,2026-08-03T02:31,63053.710000,-0.191200,-0.083761,2026-08-02,192.000000,0.348571,0.816540,63066.240000,63034.560000
29762072,2026-08-03T02:32,63057.430000,-0.177200,0.624838,2026-08-02,199.000000,0.742879,0.482942,63065.520000,63038.010000
29762073,2026-08-03T02:33,63073.670000,0.567900,-0.030494,2026-08-02,146.000000,0.509889,0.663702,63073.670000,63055.200000
29762074,2026-08-03T02:34,63092.730000,0.054800,0.326174,2026-08-02,218.000000,1.735674,0.530427,63092.730000,63063.470000
29762075,2026-08-03T02:35,63104.210000,-0.297400,0.060555,2026-08-02,206.000000,0.559881,0.491290,63112.670000,63092.720000
29762076,2026-08-03T02:36,63086.170000,0.789500,-0.019581,2026-08-02,137.000000,0.478883,0.874491,63103.370000,63072.400000
29762077,2026-08-03T02:37,63109.680000,-0.019100,0.751460,2026-08-02,213.000000,3.680389,0.157315,63110.830000,63072.190000
29762078,2026-08-03T02:38,63113.680000,-0.216700,-0.687348,2026-08-02,203.000000,0.850661,0.305443,63120.600000,63095.010000
29762079,2026-08-03T02:39,63111.670000,-0.161600,-0.388369,2026-08-02,112.000000,0.606135,0.365034,63119.550000,63102.900000
29762080,2026-08-03T02:40,63127.890000,0.264700,-0.248044,2026-08-02,170.000000,0.452293,0.910692,63130.880000,63111.560000
29762081,2026-08-03T02:41,63119.630000,0.367100,0.818223,2026-08-02,145.000000,0.544832,0.650312,63132.000000,63113.640000
29762082,2026-08-03T02:42,63124.830000,0.125000,0.295556,2026-08-02,144.000000,0.488709,0.567867,63126.040000,63114.490000
29762083,2026-08-03T02:43,63117.120000,0.244800,0.080604,2026-08-02,133.000000,0.853214,0.218453,63124.860000,63100.450000
29762084,2026-08-03T02:44,63093.040000,-0.080200,-0.548496,2026-08-02,109.000000,0.869087,0.174227,63117.120000,63093.050000
29762085,2026-08-03T02:45,63093.820000,0.082200,-0.663159,2026-08-02,112.000000,0.540584,0.552830,63096.900000,63088.020000
29762086,2026-08-03T02:46,63103.060000,0.545100,0.161854,2026-08-02,108.000000,0.349272,0.977305,63103.880000,63093.830000
29762087,2026-08-03T02:47,63086.520000,0.018600,0.954611,2026-08-02,147.000000,0.444697,0.445645,63115.000000,63086.520000
29762088,2026-08-03T02:48,63091.570000,0.106200,-0.167786,2026-08-02,76.000000,0.162668,0.382866,63094.450000,63086.520000
29762089,2026-08-03T02:49,63113.070000,0.985400,-0.049887,2026-08-02,190.000000,10.605202,0.990432,63113.060000,63091.570000
29762090,2026-08-03T02:50,63113.070000,0.625200,0.980863,2026-08-02,136.000000,0.757653,0.534889,63113.070000,63110.220000
29762091,2026-08-03T02:51,63091.510000,-0.659700,0.073453,2026-08-02,185.000000,1.558969,0.149463,63113.070000,63091.510000
29762092,2026-08-03T02:52,63088.510000,-0.301000,-0.704361,2026-08-02,87.000000,0.900719,0.815067,63091.510000,63081.600000
29762093,2026-08-03T02:53,63072.400000,-0.273500,0.630133,2026-08-02,202.000000,1.824985,0.410540,63096.480000,63071.880000
29762094,2026-08-03T02:54,63070.830000,0.091000,-0.178628,2026-08-02,105.000000,1.174174,0.311167,63072.410000,63062.080000
29762095,2026-08-03T02:55,63069.150000,0.197700,-0.378196,2026-08-02,88.000000,0.387136,0.185708,63070.840000,63067.120000
29762096,2026-08-03T02:56,63054.850000,0.311200,-0.625288,2026-08-02,103.000000,1.605380,0.071286,63069.160000,63052.170000
29762097,2026-08-03T02:57,63041.440000,-0.468500,-0.858337,2026-08-02,133.000000,1.706541,0.243674,63058.650000,63044.880000
29762098,2026-08-03T02:58,63048.650000,0.064800,-0.512652,2026-08-02,215.000000,2.125373,0.347062,63054.210000,63031.130000
29762099,2026-08-03T02:59,63048.650000,0.064800,-0.305876,2026-08-02,,,,,
29762100,2026-08-03T03:00,63051.570000,0.134100,0.000000,2026-08-02,160.000000,0.293162,0.754063,63051.580000,63036.000000
29762101,2026-08-03T03:01,63058.650000,0.204500,0.778602,2026-08-02,297.000000,1.951997,0.263643,63082.500000,63051.570000
29762102,2026-08-03T03:02,63066.460000,0.242400,-0.736460,2026-08-02,43.000000,0.184215,0.996866,63067.890000,63058.660000
29762103,2026-08-03T03:03,63079.210000,0.478200,-0.290076,2026-08-02,435.000000,2.709624,0.234094,63079.210000,63060.500000
29762104,2026-08-03T03:04,63066.460000,-0.119700,-0.549751,2026-08-02,154.000000,0.721003,0.293906,63080.990000,63068.960000
29762105,2026-08-03T03:05,63083.650000,0.040700,-0.412777,2026-08-02,166.000000,0.837470,0.684612,63089.160000,63062.080000
29762106,2026-08-03T03:06,63050.010000,-0.262400,0.369224,2026-08-02,142.000000,0.925265,0.777920,63079.290000,63043.920000
29762107,2026-08-03T03:07,63016.570000,0.421900,0.555841,2026-08-02,160.000000,3.482124,0.027301,63050.010000,63009.450000
29762108,2026-08-03T03:08,63047.260000,0.346200,-0.943802,2026-08-02,39.000000,0.397738,0.998644,63047.260000,63016.580000
29762109,2026-08-03T03:09,63048.120000,0.458600,0.997554,2026-08-02,94.000000,0.782617,0.750669,63053.030000,63047.260000
29762110,2026-08-03T03:10,63053.010000,0.198300,0.470149,2026-08-02,115.000000,0.664051,0.649093,63053.010000,63048.120000
29762111,2026-08-03T03:11,63053.010000,0.038700,0.298186,2026-08-02,68.000000,0.084828,0.958407,63053.010000,63053.000000
29762112,2026-08-03T03:12,63053.010000,0.339300,0.916887,2026-08-02,86.000000,0.184461,0.775408,63053.010000,63053.000000
29762113,2026-08-03T03:13,63018.960000,-0.250400,0.552285,2026-08-02,186.000000,3.627657,0.211170,63053.010000,63014.840000
29762114,2026-08-03T03:14,63034.630000,-0.125500,-0.489364,2026-08-02,629.000000,20.628351,0.978359,63041.290000,63014.780000
29762115,2026-08-03T03:15,63020.490000,-0.191300,0.956261,2026-08-02,213.000000,6.250491,0.080429,63033.510000,63010.500000
29762116,2026-08-03T03:16,63015.430000,-0.150900,-0.839141,2026-08-02,186.000000,0.455994,0.284216,63026.220000,63015.430000
29762117,2026-08-03T03:17,63034.560000,-0.023700,-0.431076,2026-08-02,214.000000,5.597698,0.188829,63034.560000,63006.300000
29762118,2026-08-03T03:18,63038.990000,-0.146100,-0.616223,2026-08-02,25.000000,0.184778,0.125338,63039.000000,63033.300000
29762119,2026-08-03T03:19,63038.990000,-0.146100,-0.977815,2026-08-02,,,,,
29762120,2026-08-03T03:20,63038.990000,-0.146100,0.000000,2026-08-02,,,,,
29762121,2026-08-03T03:21,63038.990000,-0.146100,0.000000,2026-08-02,,,,,
29762122,2026-08-03T03:22,63038.990000,-0.146100,0.000000,2026-08-02,,,,,
29762123,2026-08-03T03:23,63038.990000,-0.146100,0.000000,2026-08-02,,,,,
29762124,2026-08-03T03:24,63038.990000,-0.146100,0.000000,2026-08-02,,,,,
29762125,2026-08-03T03:25,63038.990000,-0.146100,0.000000,2026-08-02,,,,,
29762126,2026-08-03T03:26,63038.990000,-0.146100,0.000000,2026-08-02,,,,,
29762127,2026-08-03T03:27,63038.990000,-0.146100,0.000000,2026-08-02,,,,,
29762128,2026-08-03T03:28,63038.990000,-0.146100,0.000000,2026-08-02,,,,,
29762129,2026-08-03T03:29,63038.990000,-0.146100,0.000000,2026-08-02,,,,,
29762130,2026-08-03T03:30,63038.990000,-0.146100,0.000000,2026-08-02,,,,,
29762131,2026-08-03T03:31,63038.990000,-0.146100,0.000000,2026-08-02,,,,,
29762132,2026-08-03T03:32,63038.990000,-0.146100,0.000000,2026-08-02,,,,,
29762133,2026-08-03T03:33,63038.990000,-0.146100,0.000000,2026-08-02,,,,,
29762134,2026-08-03T03:34,63038.990000,-0.146100,0.000000,2026-08-02,,,,,
29762135,2026-08-03T03:35,63038.990000,-0.146100,0.000000,2026-08-02,,,,,
29762136,2026-08-03T03:36,63038.990000,-0.146100,0.000000,2026-08-02,,,,,
29762137,2026-08-03T03:37,63038.990000,-0.146100,0.000000,2026-08-02,,,,,
29762138,2026-08-03T03:38,63038.990000,-0.146100,0.000000,2026-08-02,,,,,
29762139,2026-08-03T03:39,63038.990000,-0.146100,0.000000,2026-08-02,,,,,
29762140,2026-08-03T03:40,63038.990000,-0.146100,0.000000,2026-08-02,,,,,
29762141,2026-08-03T03:41,63038.990000,-0.146100,0.000000,2026-08-02,,,,,
29762142,2026-08-03T03:42,63038.990000,-0.146100,0.000000,2026-08-02,,,,,
29762143,2026-08-03T03:43,63038.990000,-0.146100,0.000000,2026-08-02,,,,,
29762144,2026-08-03T03:44,63038.990000,-0.146100,0.000000,2026-08-02,,,,,
29762145,2026-08-03T03:45,63038.990000,-0.146100,0.000000,2026-08-02,,,,,
29762146,2026-08-03T03:46,63038.990000,-0.146100,0.000000,2026-08-02,,,,,
29762147,2026-08-03T03:47,62821.270000,0.373900,0.000000,2026-08-02,201.000000,0.891766,0.099289,62830.990000,62775.350000
29762148,2026-08-03T03:48,62820.460000,-0.174600,-0.801359,2026-08-02,226.000000,2.702267,0.399471,62835.200000,62793.720000
29762149,2026-08-03T03:49,62846.070000,0.027000,-0.201073,2026-08-02,185.000000,0.683639,0.415561,62846.910000,62818.790000
29762150,2026-08-03T03:50,62864.540000,0.667000,-0.169160,2026-08-02,262.000000,1.421937,0.948353,62864.530000,62831.600000
29762151,2026-08-03T03:51,62886.100000,-0.328100,0.897015,2026-08-02,150.000000,0.156546,0.993912,62886.100000,62859.730000
29762152,2026-08-03T03:52,62855.680000,-0.300300,0.987847,2026-08-02,79.000000,0.994946,0.015265,62886.100000,62855.680000
29762153,2026-08-03T03:53,62849.320000,0.177600,-0.970206,2026-08-02,82.000000,0.297709,0.159212,62849.680000,62845.170000
29762154,2026-08-03T03:54,62865.600000,-0.148900,-0.681576,2026-08-02,105.000000,0.618258,0.803242,62865.590000,62848.050000
29762155,2026-08-03T03:55,62845.010000,0.015400,0.606484,2026-08-02,110.000000,0.621636,0.240384,62865.590000,62845.000000
29762156,2026-08-03T03:56,62845.380000,-0.034700,-0.701235,2026-08-02,177.000000,5.158223,0.056058,62855.680000,62832.870000
29762157,2026-08-03T03:57,62844.310000,0.034300,-0.878998,2026-08-02,112.000000,0.113987,0.874906,62849.080000,62844.060000
29762158,2026-08-03T03:58,62833.820000,-0.257600,0.749653,2026-08-02,114.000000,1.794489,0.111707,62847.160000,62827.870000
29762159,2026-08-03T03:59,62781.490000,-0.369300,-0.775402,2026-08-02,213.000000,0.960976,0.722666,62833.830000,62780.000000
29762160,2026-08-03T04:00,62821.070000,0.036300,0.102234,2026-08-02,407.000000,3.116553,0.600564,62821.070000,62763.680000
29762161,2026-08-03T04:01,62812.240000,0.011500,0.328580,2026-08-02,249.000000,2.045514,0.103312,62834.280000,62812.230000
29762162,2026-08-03T04:02,62789.310000,0.796500,-0.643751,2026-08-02,133.000000,1.230528,0.317698,62815.810000,62786.490000
29762163,2026-08-03T04:03,62825.880000,0.015600,-0.604691,2026-08-02,274.000000,1.025100,0.932957,62825.880000,62787.870000
29762164,2026-08-03T04:04,62853.930000,0.616700,0.865996,2026-08-02,371.000000,4.541312,0.798760,62853.940000,62810.960000
29762165,2026-08-03T04:05,62841.760000,-0.165300,0.499256,2026-08-02,165.000000,1.658953,0.526886,62853.930000,62838.670000
29762166,2026-08-03T04:06,62841.060000,0.766800,0.283253,2026-08-02,207.000000,0.657123,0.471712,62845.000000,62834.900000
29762167,2026-08-03T04:07,62831.600000,-0.017800,-0.056575,2026-08-02,148.000000,0.907397,0.184487,62849.980000,62831.610000
29762168,2026-08-03T04:08,62794.380000,-0.045300,-0.631025,2026-08-02,191.000000,6.786905,0.083747,62831.610000,62783.440000
29762169,2026-08-03T04:09,62783.440000,-0.146700,-0.832506,2026-08-02,205.000000,1.656342,0.617701,62810.980000,62783.450000
29762170,2026-08-03T04:10,62753.990000,-0.297800,0.235401,2026-08-02,219.000000,2.427827,0.460980,62783.440000,62724.960000
29762171,2026-08-03T04:11,62766.230000,0.923200,-0.078039,2026-08-02,114.000000,0.502136,0.967176,62766.230000,62753.980000
29762172,2026-08-03T04:12,62804.180000,-0.410800,0.934987,2026-08-02,202.000000,1.294267,0.442033,62804.180000,62766.220000
29762173,2026-08-03T04:13,62790.320000,-0.356500,-0.106389,2026-08-02,125.000000,1.971242,0.128129,62804.180000,62790.320000
29762174,2026-08-03T04:14,62784.960000,0.053200,-0.758123,2026-08-02,215.000000,2.898425,0.571400,62790.320000,62756.250000
29762175,2026-08-03T04:15,62830.580000,0.038900,0.142929,2026-08-02,263.000000,1.000537,0.625705,62830.590000,62784.950000
29762176,2026-08-03T04:16,62821.620000,-0.200100,0.251410,2026-08-02,149.000000,1.839862,0.361042,62834.440000,62821.620000
29762177,2026-08-03T04:17,62840.380000,0.126800,-0.277403,2026-08-02,232.000000,0.766264,0.547846,62848.720000,62813.690000
29762178,2026-08-03T04:18,62841.930000,-0.696400,0.094817,2026-08-02,138.000000,1.272352,0.837612,62857.440000,62840.370000
29762179,2026-08-03T04:19,62842.900000,-0.119600,0.675305,2026-08-02,100.000000,1.184480,0.199196,62845.360000,62838.160000
29762180,2026-08-03T04:20,62872.880000,-0.217500,-0.641834,2026-08-02,211.000000,1.054268,0.708104,62872.880000,62837.440000
29762181,2026-08-03T04:21,62871.320000,-0.360800,0.551590,2026-08-02,120.000000,1.057523,0.203573,62878.050000,62867.670000
29762182,2026-08-03T04:22,62871.320000,0.964200,-0.577017,2026-08-02,113.000000,0.959815,0.371960,62871.330000,62864.230000
29762183,2026-08-03T04:23,62879.760000,-0.187200,-0.249803,2026-08-02,259.000000,4.921199,0.835040,62897.790000,62871.320000
29762184,2026-08-03T04:24,62867.540000,0.348900,0.669757,2026-08-02,73.000000,1.122725,0.286793,62879.770000,62866.000000
29762185,2026-08-03T04:25,62867.540000,0.149300,-0.426414,2026-08-02,4.000000,0.005161,1.000000,62867.540000,62867.540000
29762186,2026-08-03T04:26,62871.020000,-0.642100,1.000000,2026-08-02,66.000000,0.270490,0.521039,62872.040000,62867.540000
29762187,2026-08-03T04:27,62871.820000,-0.361400,-0.328295,2026-08-02,186.000000,0.563658,0.668460,62876.250000,62865.000000
29762188,2026-08-03T04:28,62887.210000,0.102600,0.821791,2026-08-02,109.000000,0.186199,0.987258,62887.220000,62871.810000
29762189,2026-08-03T04:29,62886.430000,-0.326700,0.974516,2026-08-02,36.000000,0.033158,0.979131,62886.430000,62886.420000
29762190,2026-08-03T04:30,62894.330000,-0.755900,0.958262,2026-08-02,275.000000,7.395484,0.806655,62916.580000,62886.420000
29762191,2026-08-03T04:31,62902.990000,-0.367700,0.613779,2026-08-02,71.000000,0.358601,0.858727,62903.840000,62894.330000
29762192,2026-08-03T04:32,62900.810000,-0.755400,0.710866,2026-08-02,87.000000,0.301112,0.187353,62903.000000,62900.800000
29762193,2026-08-03T04:33,62911.330000,-0.248900,-0.629782,2026-08-02,154.000000,1.286191,0.812648,62912.340000,62899.550000
29762194,2026-08-03T04:34,62904.790000,-0.567600,0.625297,2026-08-02,77.000000,0.394815,0.143729,62911.340000,62904.780000
29762195,2026-08-03T04:35,62909.490000,-0.406400,-0.712541,2026-08-02,139.000000,0.591291,0.222300,62918.850000,62901.020000
29762196,2026-08-03T04:36,62901.490000,-0.649000,-0.559867,2026-08-02,97.000000,0.543019,0.177293,62909.480000,62901.490000
29762197,2026-08-03T04:37,62897.010000,-0.600200,-0.732292,2026-08-02,118.000000,0.877333,0.229524,62902.500000,62896.970000
29762198,2026-08-03T04:38,62898.650000,-0.398900,-0.420612,2026-08-02,192.000000,2.148320,0.306213,62903.020000,62880.000000
29762199,2026-08-03T04:39,62915.180000,-0.209200,-0.387649,2026-08-02,119.000000,1.992202,0.996954,62915.190000,62897.380000
29762200,2026-08-03T04:40,62915.260000,0.610800,0.730448,2026-08-02,130.000000,0.587525,0.119706,62916.450000,62913.270000
29762201,2026-08-03T04:41,62907.290000,-0.296000,-0.504628,2026-08-02,141.000000,1.521375,0.034395,62915.970000,62907.280000
29762202,2026-08-03T04:42,62893.870000,-0.368600,-0.929402,2026-08-02,116.000000,0.861025,0.128436,62907.290000,62893.190000
29762203,2026-08-03T04:43,62877.310000,0.069600,-0.745987,2026-08-02,83.000000,3.523317,0.033434,62890.090000,62877.300000
29762204,2026-08-03T04:44,62888.400000,-0.255700,-0.933106,2026-08-02,106.000000,1.586562,0.990867,62888.400000,62877.310000
29762205,2026-08-03T04:45,62859.560000,0.191600,0.881464,2026-08-02,217.000000,9.990466,0.222512,62898.000000,62844.420000
29762206,2026-08-03T04:46,62847.380000,0.107300,-0.729271,2026-08-02,92.000000,0.759753,0.374391,62859.560000,62844.560000
29762207,2026-08-03T04:47,62868.450000,0.060900,-0.003690,2026-08-02,75.000000,0.470510,0.720026,62869.440000,62847.380000
29762208,2026-08-03T04:48,62856.850000,-0.247400,0.040966,2026-08-02,116.000000,0.873254,0.158267,62869.430000,62853.310000
29762209,2026-08-03T04:49,62838.460000,-0.712300,-0.683465,2026-08-02,106.000000,0.990500,0.440308,62856.850000,62837.570000
29762210,2026-08-03T04:50,62836.960000,0.251100,-0.119384,2026-08-02,113.000000,0.622895,0.658154,62841.390000,62831.600000
29762211,2026-08-03T04:51,62814.620000,0.004600,0.316309,2026-08-02,93.000000,0.899735,0.186782,62838.220000,62812.560000
29762212,2026-08-03T04:52,62803.620000,-0.293200,-0.624519,2026-08-02,113.000000,1.567082,0.096313,62816.990000,62800.000000
29762213,2026-08-03T04:53,62804.880000,0.160300,-0.806847,2026-08-02,91.000000,0.902537,0.099266,62805.190000,62800.570000
29762214,2026-08-03T04:54,62780.010000,0.535200,-0.803332,2026-08-02,190.000000,7.413324,0.207157,62808.090000,62760.660000
29762215,2026-08-03T04:55,62769.680000,-0.494300,-0.578162,2026-08-02,54.000000,0.211499,0.279913,62788.190000,62769.690000
