minute_epoch,minute_utc,close,book_imb,ofi,day,trades,volume,buy_share,high,low
29806560,2026-09-03T00:00,77295.890000,0.690100,-0.991273,2026-09-03,319.000000,3.018982,0.375481,77308.230000,77284.780000
29806561,2026-09-03T00:01,77345.770000,0.630300,-0.112183,2026-09-03,454.000000,1.240009,0.628311,77349.100000,77284.790000
29806562,2026-09-03T00:02,77354.730000,0.352400,0.257003,2026-09-03,492.000000,6.409762,0.635378,77364.000000,77317.520000
29806563,2026-09-03T00:03,77330.230000,0.650800,0.270842,2026-09-03,291.000000,1.443461,0.223064,77355.260000,77327.650000
29806564,2026-09-03T00:04,77325.020000,0.434000,-0.557138,2026-09-03,346.000000,3.571131,0.369876,77354.020000,77310.350000
29806565,2026-09-03T00:05,77342.200000,0.709100,-0.259638,2026-09-03,276.000000,1.116999,0.608882,77347.560000,77325.020000
29806566,2026-09-03T00:06,77264.550000,0.522600,0.225256,2026-09-03,269.000000,1.648970,0.484760,77342.200000,77263.550000
29806567,2026-09-03T00:07,77225.010000,0.563300,0.022810,2026-09-03,277.000000,6.047899,0.110768,77281.010000,77221.920000
29806568,2026-09-03T00:08,77167.730000,0.096100,-0.805394,2026-09-03,300.000000,3.544301,0.614828,77225.010000,77163.200000
29806569,2026-09-03T00:09,77171.260000,0.417800,0.229654,2026-09-03,285.000000,2.529237,0.143504,77171.860000,77148.060000
29806570,2026-09-03T00:10,77165.260000,0.125300,-0.710129,2026-09-03,257.000000,2.063752,0.812487,77173.740000,77163.750000
29806571,2026-09-03T00:11,77209.570000,0.072300,0.624312,2026-09-03,550.000000,10.475026,0.927624,77225.080000,77153.270000
29806572,2026-09-03T00:12,77194.610000,0.016400,0.855967,2026-09-03,183.000000,2.007883,0.674641,77209.570000,77184.060000
29806573,2026-09-03T00:13,77165.990000,0.082000,0.349873,2026-09-03,272.000000,4.813109,0.317415,77199.590000,77165.990000
29806574,2026-09-03T00:14,77134.990000,0.228000,-0.398256,2026-09-03,176.000000,1.753328,0.192745,77166.000000,77128.920000
29806575,2026-09-03T00:15,77079.950000,-0.044000,-0.614049,2026-09-03,413.000000,2.549968,0.285953,77134.990000,77079.950000
29806576,2026-09-03T00:16,77097.470000,0.933000,-0.428373,2026-09-03,312.000000,1.981424,0.570726,77098.590000,77069.170000
29806577,2026-09-03T00:17,77097.110000,0.418900,0.103248,2026-09-03,416.000000,5.135426,0.801513,77111.270000,77078.370000
29806578,2026-09-03T00:18,77119.540000,0.664000,0.624847,2026-09-03,392.000000,7.186750,0.520173,77132.090000,77088.000000
29806579,2026-09-03T00:19,77107.050000,0.568900,0.040134,2026-09-03,349.000000,6.944415,0.126827,77128.320000,77084.290000
29806580,2026-09-03T00:20,77050.420000,0.484400,-0.748252,2026-09-03,368.000000,8.342344,0.285840,77107.060000,77043.720000
29806581,2026-09-03T00:21,77064.800000,1.000000,-0.409537,2026-09-03,324.000000,1.191158,0.361138,77073.190000,77036.900000
29806582,2026-09-03T00:22,77039.830000,0.473000,-0.379075,2026-09-03,306.000000,6.788453,0.029975,77077.780000,77039.830000
29806583,2026-09-03T00:23,77069.080000,0.277700,-0.940053,2026-09-03,310.000000,1.377654,0.924127,77077.490000,77039.830000
29806584,2026-09-03T00:24,77087.640000,-0.154900,0.786649,2026-09-03,261.000000,2.055654,0.845073,77093.060000,77050.380000
29806585,2026-09-03T00:25,77044.090000,0.047200,0.628537,2026-09-03,241.000000,0.908649,0.181139,77087.630000,77043.720000
29806586,2026-09-03T00:26,77036.770000,0.208300,-0.581284,2026-09-03,309.000000,3.379216,0.671536,77057.990000,77036.770000
29806587,2026-09-03T00:27,77015.010000,-0.581300,0.351180,2026-09-03,162.000000,0.848578,0.240783,77036.820000,77015.010000
29806588,2026-09-03T00:28,77030.460000,0.642600,-0.595693,2026-09-03,321.000000,1.729773,0.285190,77040.710000,77009.740000
29806589,2026-09-03T00:29,77005.650000,0.786800,-0.430562,2026-09-03,262.000000,2.092324,0.208305,77034.870000,77003.170000
29806590,2026-09-03T00:30,76999.890000,0.132200,-0.579074,2026-09-03,312.000000,4.785495,0.053176,77009.800000,76988.140000
29806591,2026-09-03T00:31,77021.460000,-0.485200,-0.895216,2026-09-03,465.000000,7.039621,0.875347,77038.950000,76982.890000
29806592,2026-09-03T00:32,77023.600000,0.502400,0.727908,2026-09-03,366.000000,1.874593,0.321134,77039.930000,76983.760000
29806593,2026-09-03T00:33,76990.260000,0.661100,-0.359166,2026-09-03,313.000000,2.097704,0.258076,77031.490000,76984.220000
29806594,2026-09-03T00:34,76977.020000,-0.313100,-0.484209,2026-09-03,330.000000,2.144017,0.529091,77015.550000,76977.030000
29806595,2026-09-03T00:35,76981.240000,0.808300,0.068602,2026-09-03,233.000000,2.272150,0.695618,76983.050000,76969.210000
29806596,2026-09-03T00:36,76970.760000,0.325200,0.389679,2026-09-03,285.000000,1.346313,0.166758,76990.840000,76970.520000
29806597,2026-09-03T00:37,77008.010000,0.156200,-0.665844,2026-09-03,490.000000,5.283964,0.702027,77015.530000,76945.790000
29806598,2026-09-03T00:38,77015.680000,-0.000700,0.405056,2026-09-03,401.000000,1.408463,0.425976,77055.840000,77014.540000
29806599,2026-09-03T00:39,77064.010000,-0.083600,-0.151046,2026-09-03,606.000000,3.581321,0.724814,77096.320000,77018.740000
29806600,2026-09-03T00:40,77098.170000,0.518500,0.448670,2026-09-03,450.000000,2.093024,0.309775,77105.470000,77045.000000
29806601,2026-09-03T00:41,77080.830000,-0.067500,-0.380453,2026-09-03,231.000000,2.663905,0.575549,77103.660000,77078.650000
29806602,2026-09-03T00:42,77068.830000,0.415900,0.151106,2026-09-03,255.000000,1.364822,0.257496,77080.840000,77053.980000
29806603,2026-09-03T00:43,77071.020000,0.637500,-0.477474,2026-09-03,275.000000,2.998772,0.116993,77075.460000,77041.500000
29806604,2026-09-03T00:44,77076.510000,1.000000,-0.771250,2026-09-03,165.000000,0.307631,0.464848,77076.520000,77067.380000
29806605,2026-09-03T00:45,77059.700000,0.619300,0.065636,2026-09-03,381.000000,1.326869,0.309923,77087.510000,77041.670000
29806606,2026-09-03T00:46,77093.990000,-0.155600,-0.391193,2026-09-03,389.000000,0.956529,0.600581,77099.950000,77059.690000
29806607,2026-09-03T00:47,77088.490000,0.870400,0.199352,2026-09-03,194.000000,0.290579,0.373331,77093.740000,77074.140000
29806608,2026-09-03T00:48,77111.920000,0.869800,-0.252219,2026-09-03,285.000000,0.370503,0.503813,77114.700000,77085.600000
29806609,2026-09-03T00:49,77050.010000,0.577600,0.006928,2026-09-03,241.000000,2.699446,0.080242,77111.920000,77050.010000
29806610,2026-09-03T00:50,77071.790000,0.779500,-0.837948,2026-09-03,232.000000,1.256877,0.468051,77072.810000,77045.130000
29806611,2026-09-03T00:51,77062.150000,0.681600,-0.064467,2026-09-03,177.000000,0.756113,0.274206,77071.800000,77052.840000
29806612,2026-09-03T00:52,77082.230000,0.087800,-0.454367,2026-09-03,279.000000,0.852242,0.270925,77089.990000,77062.150000
29806613,2026-09-03T00:53,77051.240000,0.993500,-0.458469,2026-09-03,366.000000,2.671633,0.803011,77082.230000,77022.310000
29806614,2026-09-03T00:54,77050.930000,0.343100,0.606965,2026-09-03,243.000000,0.511592,0.202733,77070.000000,77048.020000
29806615,2026-09-03T00:55,77033.580000,0.177200,-0.583424,2026-09-03,161.000000,0.859528,0.275546,77052.490000,77033.580000
29806616,2026-09-03T00:56,77013.300000,-0.112400,-0.465237,2026-09-03,251.000000,1.851657,0.745924,77040.010000,77014.510000
29806617,2026-09-03T00:57,77052.510000,0.784500,0.491732,2026-09-03,445.000000,8.066930,0.108304,77052.520000,76998.510000
29806618,2026-09-03T00:58,77083.240000,0.099100,-0.773079,2026-09-03,584.000000,8.271948,0.531025,77119.330000,77043.730000
29806619,2026-09-03T00:59,77027.710000,0.423600,0.025174,2026-09-03,283.000000,2.122825,0.257969,77086.990000,77026.980000
29806620,2026-09-03T01:00,77002.040000,0.255400,-0.414653,2026-09-03,355.000000,3.497036,0.453609,77056.120000,77001.000000
29806621,2026-09-03T01:01,76990.920000,0.404900,-0.093328,2026-09-03,449.000000,3.104816,0.407172,77015.110000,76929.290000
29806622,2026-09-03T01:02,77095.290000,0.812600,-0.185655,2026-09-03,540.000000,1.323762,0.682484,77094.950000,76962.610000
29806623,2026-09-03T01:03,77100.420000,0.677800,0.402242,2026-09-03,526.000000,5.909136,0.558969,77118.920000,77034.760000
29806624,2026-09-03T01:04,77078.890000,0.884300,0.073265,2026-09-03,297.000000,1.665971,0.233999,77090.820000,77065.350000
29806625,2026-09-03T01:05,77169.930000,-0.056700,-0.433947,2026-09-03,697.000000,3.817557,0.818691,77196.590000,77083.610000
29806626,2026-09-03T01:06,77189.140000,0.151900,0.630608,2026-09-03,270.000000,1.025173,0.528373,77202.640000,77165.410000
29806627,2026-09-03T01:07,77236.390000,-0.007100,0.063529,2026-09-03,494.000000,2.966182,0.236138,77270.000000,77189.150000
29806628,2026-09-03T01:08,77257.260000,0.564100,-0.528756,2026-09-03,347.000000,0.903165,0.382912,77262.940000,77219.180000
29806629,2026-09-03T01:09,77236.860000,0.557200,-0.248752,2026-09-03,334.000000,1.825229,0.321439,77289.880000,77230.020000
29806630,2026-09-03T01:10,77224.760000,0.510700,-0.286330,2026-09-03,297.000000,6.113381,0.253291,77248.030000,77205.960000
29806631,2026-09-03T01:11,77259.600000,0.666900,-0.511334,2026-09-03,338.000000,1.368453,0.520876,77268.920000,77224.770000
29806632,2026-09-03T01:12,77367.450000,0.417900,0.030629,2026-09-03,637.000000,4.115698,0.961258,77376.170000,77259.590000
29806633,2026-09-03T01:13,77381.830000,0.929800,0.931056,2026-09-03,448.000000,2.284746,0.501263,77399.000000,77340.000000
29806634,2026-09-03T01:14,77383.920000,0.019200,-0.321960,2026-09-03,421.000000,5.686097,0.536793,77407.520000,77342.770000
29806635,2026-09-03T01:15,77326.610000,1.000000,0.092741,2026-09-03,275.000000,0.979285,0.368350,77378.950000,77297.280000
29806636,2026-09-03T01:16,77338.830000,0.065000,-0.263248,2026-09-03,300.000000,0.935158,0.399774,77351.230000,77328.150000
29806637,2026-09-03T01:17,77334.020000,0.550900,-0.200436,2026-09-03,230.000000,0.602674,0.554603,77354.220000,77317.510000
29806638,2026-09-03T01:18,77325.960000,0.528600,0.136209,2026-09-03,209.000000,0.990755,0.270959,77335.540000,77297.230000
29806639,2026-09-03T01:19,77267.180000,0.015200,-0.484040,2026-09-03,170.000000,2.137346,0.087885,77325.960000,77267.450000
29806640,2026-09-03T01:20,77305.360000,0.082300,-0.823812,2026-09-03,234.000000,1.487774,0.813687,77305.360000,77241.670000
29806641,2026-09-03T01:21,77289.510000,0.114200,0.626900,2026-09-03,191.000000,1.153000,0.459616,77312.770000,77289.340000
29806642,2026-09-03T01:22,77335.540000,0.902300,-0.080653,2026-09-03,187.000000,2.496604,0.429653,77335.570000,77289.500000
29806643,2026-09-03T01:23,77398.080000,0.193400,-0.140190,2026-09-03,306.000000,2.762013,0.783409,77407.550000,77335.570000
29806644,2026-09-03T01:24,77352.510000,0.486000,0.567480,2026-09-03,170.000000,1.434209,0.594884,77400.070000,77344.540000
29806645,2026-09-03T01:25,77330.040000,0.139500,0.131273,2026-09-03,250.000000,2.727627,0.604540,77368.200000,77324.780000
29806646,2026-09-03T01:26,77344.010000,0.117500,0.259646,2026-09-03,284.000000,3.596223,0.900575,77383.470000,77320.290000
29806647,2026-09-03T01:27,77318.260000,0.145800,0.732665,2026-09-03,182.000000,1.170880,0.423855,77358.060000,77327.640000
29806648,2026-09-03T01:28,77343.770000,0.182900,-0.082809,2026-09-03,101.000000,0.385119,0.599125,77343.780000,77309.760000
29806649,2026-09-03T01:29,77400.680000,0.575400,0.350997,2026-09-03,373.000000,2.533912,0.899856,77400.690000,77343.770000
29806650,2026-09-03T01:30,77404.790000,0.303400,0.814816,2026-09-03,394.000000,6.165745,0.208968,77443.190000,77383.040000
29806651,2026-09-03T01:31,77428.420000,0.396100,-0.615008,2026-09-03,285.000000,2.290105,0.767450,77434.100000,77370.760000
29806652,2026-09-03T01:32,77483.990000,-0.348400,0.519400,2026-09-03,298.000000,1.200104,0.743532,77483.990000,77428.420000
29806653,2026-09-03T01:33,77473.380000,0.018900,0.478695,2026-09-03,286.000000,7.657119,0.178010,77499.000000,77433.530000
29806654,2026-09-03T01:34,77491.980000,0.182900,-0.644102,2026-09-03,219.000000,1.321889,0.676201,77491.980000,77461.720000
29806655,2026-09-03T01:35,77403.180000,-0.303800,0.352569,2026-09-03,312.000000,3.003339,0.721151,77512.490000,77395.020000
29806656,2026-09-03T01:36,77284.390000,-0.299700,0.438336,2026-09-03,244.000000,1.156933,0.214884,77400.520000,77278.490000
29806657,2026-09-03T01:37,77343.620000,0.100100,-0.548150,2026-09-03,252.000000,3.338368,0.870111,77355.010000,77284.380000
29806658,2026-09-03T01:38,77418.790000,-0.318900,0.739117,2026-09-03,337.000000,1.725727,0.728548,77436.460000,77343.630000
29806659,2026-09-03T01:39,77424.210000,0.233100,0.466038,2026-09-03,284.000000,2.704369,0.668160,77454.560000,77406.770000
29806660,2026-09-03T01:40,77411.850000,-0.322400,0.329605,2026-09-03,229.000000,1.398151,0.270191,77456.990000,77404.530000
29806661,2026-09-03T01:41,77366.260000,-0.536800,-0.462237,2026-09-03,182.000000,0.786825,0.230212,77439.180000,77366.260000
29806662,2026-09-03T01:42,77425.420000,-0.048300,-0.545366,2026-09-03,298.000000,1.453529,0.449627,77432.360000,77347.930000
29806663,2026-09-03T01:43,77348.360000,-0.098500,-0.094529,2026-09-03,297.000000,4.326437,0.118561,77429.010000,77331.020000
29806664,2026-09-03T01:44,77307.360000,0.383600,-0.762772,2026-09-03,197.000000,1.086234,0.200837,77348.360000,77307.360000
29806665,2026-09-03T01:45,77322.860000,0.410600,-0.603527,2026-09-03,219.000000,1.484921,0.437969,77323.290000,77297.850000
29806666,2026-09-03T01:46,77297.320000,0.171200,-0.108076,2026-09-03,193.000000,1.584669,0.360037,77322.860000,77287.510000
29806667,2026-09-03T01:47,77291.070000,0.393600,0.039148,2026-09-03,221.000000,2.607475,0.270412,77308.680000,77286.980000
29806668,2026-09-03T01:48,77312.240000,0.254000,-0.826797,2026-09-03,223.000000,0.664688,0.627311,77312.240000,77284.260000
29806669,2026-09-03T01:49,77294.290000,-0.090600,0.252667,2026-09-03,225.000000,0.661044,0.313493,77312.240000,77285.250000
29806670,2026-09-03T01:50,77256.670000,0.284300,-0.373802,2026-09-03,172.000000,0.718945,0.340858,77294.300000,77256.680000
29806671,2026-09-03T01:51,77312.510000,-0.186400,-0.318167,2026-09-03,284.000000,5.207354,0.930236,77318.110000,77256.680000
29806672,2026-09-03T01:52,77302.140000,-0.347500,0.860516,2026-09-03,216.000000,1.178567,0.163528,77324.290000,77300.500000
29806673,2026-09-03T01:53,77390.550000,0.368500,-0.658350,2026-09-03,359.000000,0.873633,0.544960,77444.390000,77302.140000
29806674,2026-09-03T01:54,77359.430000,0.243600,0.077170,2026-09-03,265.000000,3.585018,0.106731,77400.780000,77354.020000
29806675,2026-09-03T01:55,77396.170000,-0.066100,-0.788232,2026-09-03,249.000000,1.568310,0.770899,77417.920000,77351.540000
29806676,2026-09-03T01:56,77372.350000,0.000100,0.570533,2026-09-03,184.000000,0.581224,0.230359,77396.170000,77369.990000
29806677,2026-09-03T01:57,77367.960000,-0.010000,-0.550855,2026-09-03,224.000000,1.432310,0.340009,77383.600000,77350.010000
29806678,2026-09-03T01:58,77351.010000,-0.236900,-0.319982,2026-09-03,177.000000,1.297469,0.155293,77370.980000,77350.990000
29806679,2026-09-03T01:59,77321.600000,-0.485700,-0.689414,2026-09-03,228.000000,1.886654,0.291880,77351.010000,77321.270000
29806680,2026-09-03T02:00,77327.420000,0.374200,-0.418187,2026-09-03,275.000000,0.855691,0.518812,77327.440000,77271.760000
29806681,2026-09-03T02:01,77286.320000,0.003800,0.082888,2026-09-03,256.000000,4.380856,0.113342,77343.010000,77267.530000
29806682,2026-09-03T02:02,77271.760000,-0.678100,-0.784298,2026-09-03,250.000000,1.043530,0.234996,77301.560000,77271.760000
29806683,2026-09-03T02:03,77276.950000,0.315500,-0.325336,2026-09-03,334.000000,2.621964,0.555434,77309.370000,77271.760000
29806684,2026-09-03T02:04,77258.980000,0.276000,0.051106,2026-09-03,237.000000,1.880020,0.081025,77279.070000,77250.000000
29806685,2026-09-03T02:05,77264.990000,0.633500,-0.843717,2026-09-03,297.000000,3.661420,0.305660,77269.530000,77242.170000
29806686,2026-09-03T02:06,77302.820000,0.176100,-0.376870,2026-09-03,370.000000,3.409505,0.811052,77315.990000,77271.740000
29806687,2026-09-03T02:07,77253.290000,-0.147400,0.622105,2026-09-03,261.000000,2.810763,0.041969,77302.820000,77251.930000
29806688,2026-09-03T02:08,77211.620000,-0.032600,-0.914981,2026-09-03,274.000000,1.808972,0.246498,77257.830000,77207.440000
29806689,2026-09-03T02:09,77243.830000,0.947600,-0.510208,2026-09-03,321.000000,1.754528,0.711824,77243.990000,77200.820000
29806690,2026-09-03T02:10,77311.140000,0.368700,0.429303,2026-09-03,455.000000,2.381681,0.849672,77315.000000,77243.990000
29806691,2026-09-03T02:11,77324.990000,0.346400,0.700151,2026-09-03,267.000000,1.834419,0.285981,77324.990000,77301.900000
29806692,2026-09-03T02:12,77334.740000,0.842100,-0.415574,2026-09-03,312.000000,1.393820,0.463407,77340.930000,77311.910000
29806693,2026-09-03T02:13,77446.600000,0.619900,-0.044804,2026-09-03,642.000000,2.122895,0.702082,77449.140000,77337.780000
29806694,2026-09-03T02:14,77465.900000,0.721500,0.376647,2026-09-03,299.000000,1.324501,0.239576,77465.830000,77423.300000
29806695,2026-09-03T02:15,77418.900000,0.258100,-0.515311,2026-09-03,314.000000,1.415110,0.405869,77474.740000,77402.960000
29806696,2026-09-03T02:16,77428.120000,0.294100,-0.188435,2026-09-03,266.000000,1.322105,0.270270,77451.720000,77418.900000
29806697,2026-09-03T02:17,77423.430000,0.110500,-0.459350,2026-09-03,204.000000,1.087830,0.323636,77447.120000,77414.390000
29806698,2026-09-03T02:18,77458.880000,0.338000,-0.352728,2026-09-03,211.000000,1.871157,0.161500,77458.880000,77423.790000
29806699,2026-09-03T02:19,77416.990000,-0.138700,-0.675794,2026-09-03,259.000000,1.233884,0.176576,77465.710000,77400.340000
29806700,2026-09-03T02:20,77433.100000,0.434500,-0.648573,2026-09-03,253.000000,0.764197,0.614098,77433.110000,77397.770000
29806701,2026-09-03T02:21,77441.740000,0.314000,0.228663,2026-09-03,292.000000,1.860385,0.380081,77445.880000,77426.910000
29806702,2026-09-03T02:22,77471.390000,0.118400,-0.239701,2026-09-03,240.000000,1.182310,0.727880,77473.480000,77425.090000
29806703,2026-09-03T02:23,77471.490000,0.547400,0.180097,2026-09-03,255.000000,1.476335,0.366416,77471.490000,77433.120000
29806704,2026-09-03T02:24,77489.890000,-0.002300,-0.098352,2026-09-03,342.000000,6.053999,0.092797,77537.310000,77469.590000
29806705,2026-09-03T02:25,77487.390000,0.324500,-0.814772,2026-09-03,308.000000,4.254269,0.761560,77528.220000,77479.740000
29806706,2026-09-03T02:26,77456.920000,0.249100,0.523978,2026-09-03,213.000000,1.213670,0.150235,77483.680000,77449.880000
29806707,2026-09-03T02:27,77469.640000,0.368600,-0.707103,2026-09-03,205.000000,2.588054,0.316311,77471.980000,77443.530000
29806708,2026-09-03T02:28,77564.580000,0.331800,-0.368537,2026-09-03,532.000000,7.151797,0.475848,77585.720000,77463.620000
29806709,2026-09-03T02:29,77569.760000,0.296000,-0.047983,2026-09-03,264.000000,1.900807,0.134758,77586.920000,77552.110000
29806710,2026-09-03T02:30,77635.670000,0.555800,-0.731065,2026-09-03,565.000000,10.962869,0.890775,77637.590000,77524.670000
29806711,2026-09-03T02:31,77656.950000,0.389400,0.781975,2026-09-03,522.000000,19.127963,0.772818,77680.810000,77616.250000
29806712,2026-09-03T02:32,77620.540000,-0.065000,0.545632,2026-09-03,555.000000,14.028653,0.162337,77736.830000,77618.540000
29806713,2026-09-03T02:33,77708.990000,0.306600,-0.675368,2026-09-03,311.000000,3.869054,0.844719,77720.610000,77620.540000
29806714,2026-09-03T02:34,77849.240000,-0.188000,0.689578,2026-09-03,822.000000,20.174968,0.668332,77865.510000,77702.830000
29806715,2026-09-03T02:35,77821.390000,0.444900,0.316445,2026-09-03,356.000000,7.488468,0.418148,77877.200000,77763.510000
29806716,2026-09-03T02:36,77751.010000,-0.318400,-0.127744,2026-09-03,454.000000,8.227331,0.369514,77859.460000,77750.990000
29806717,2026-09-03T02:37,77725.010000,-0.628000,-0.256766,2026-09-03,432.000000,13.061245,0.184536,77775.650000,77716.880000
29806718,2026-09-03T02:38,77693.740000,-0.262400,-0.634276,2026-09-03,396.000000,7.986230,0.546026,77731.380000,77667.770000
29806719,2026-09-03T02:39,77717.090000,0.351700,0.092154,2026-09-03,186.000000,0.506130,0.669473,77721.590000,77672.940000
29806720,2026-09-03T02:40,77783.730000,0.198900,0.088291,2026-09-03,376.000000,3.356665,0.465009,77793.450000,77710.490000
29806721,2026-09-03T02:41,77784.510000,0.434200,-0.036904,2026-09-03,142.000000,2.441953,0.511104,77786.990000,77763.670000
29806722,2026-09-03T02:42,77803.570000,0.305500,0.022681,2026-09-03,234.000000,1.736957,0.439948,77831.130000,77784.510000
29806723,2026-09-03T02:43,77763.110000,-0.458400,-0.301588,2026-09-03,239.000000,1.734113,0.216669,77803.560000,77761.550000
29806724,2026-09-03T02:44,77754.660000,0.679600,-0.322625,2026-09-03,370.000000,8.922713,0.142343,77769.460000,77750.000000
29806725,2026-09-03T02:45,77733.640000,0.501000,-0.832832,2026-09-03,347.000000,10.748262,0.421062,77768.300000,77709.020000
29806726,2026-09-03T02:46,77734.010000,0.728600,0.657247,2026-09-03,235.000000,1.097500,0.636353,77747.280000,77724.760000
29806727,2026-09-03T02:47,77771.040000,0.170300,0.273996,2026-09-03,381.000000,1.751708,0.394950,77782.320000,77718.020000
29806728,2026-09-03T02:48,77800.010000,0.002200,-0.245723,2026-09-03,440.000000,7.717953,0.846495,77825.310000,77754.680000
29806729,2026-09-03T02:49,77808.430000,0.183000,0.688500,2026-09-03,210.000000,3.132673,0.531487,77819.360000,77763.630000
29806730,2026-09-03T02:50,77817.770000,0.688500,0.076835,2026-09-03,265.000000,0.742845,0.529429,77817.780000,77766.760000
29806731,2026-09-03T02:51,77833.050000,0.211500,0.004210,2026-09-03,254.000000,1.371136,0.531102,77840.990000,77800.010000
29806732,2026-09-03T02:52,77824.490000,0.153200,0.145744,2026-09-03,293.000000,4.331449,0.243299,77834.640000,77794.090000
29806733,2026-09-03T02:53,77801.800000,-0.190800,-0.512536,2026-09-03,293.000000,1.722031,0.675930,77842.610000,77801.800000
29806734,2026-09-03T02:54,77829.240000,0.233400,0.352473,2026-09-03,333.000000,2.917653,0.829349,77862.190000,77801.810000
29806735,2026-09-03T02:55,77827.350000,0.440800,0.578779,2026-09-03,234.000000,1.161506,0.579403,77850.650000,77814.370000
29806736,2026-09-03T02:56,77781.150000,0.427300,0.326585,2026-09-03,274.000000,1.620499,0.482772,77838.440000,77764.370000
29806737,2026-09-03T02:57,77771.610000,0.083200,-0.029915,2026-09-03,220.000000,0.394541,0.512928,77790.000000,77780.780000
29806738,2026-09-03T02:58,77773.390000,0.410000,0.022568,2026-09-03,141.000000,0.391006,0.564191,77783.100000,77771.610000
29806739,2026-09-03T02:59,77789.580000,0.885600,0.121711,2026-09-03,196.000000,0.338979,0.600627,77789.590000,77773.390000
29806740,2026-09-03T03:00,77726.990000,-0.326500,0.819805,2026-09-03,291.000000,5.806323,0.324787,77800.000000,77726.990000
29806741,2026-09-03T03:01,77712.960000,-0.085200,-0.680657,2026-09-03,270.000000,3.900310,0.412323,77756.220000,77712.970000
29806742,2026-09-03T03:02,77720.010000,0.123400,-0.189670,2026-09-03,285.000000,2.939556,0.519964,77743.380000,77709.220000
29806743,2026-09-03T03:03,77683.210000,-0.099100,0.054787,2026-09-03,327.000000,6.507110,0.148325,77720.010000,77679.790000
29806744,2026-09-03T03:04,77682.540000,-0.340800,-0.693657,2026-09-03,247.000000,1.392676,0.505085,77710.500000,77682.550000
29806745,2026-09-03T03:05,77683.360000,-0.261300,-0.027557,2026-09-03,223.000000,0.890645,0.517862,77701.780000,77675.460000
29806746,2026-09-03T03:06,77682.200000,0.587200,0.053302,2026-09-03,185.000000,0.469488,0.545829,77695.490000,77672.400000
29806747,2026-09-03T03:07,77702.820000,-0.305900,0.093939,2026-09-03,315.000000,17.607512,0.983272,77712.730000,77676.760000
29806748,2026-09-03T03:08,77682.540000,0.086900,0.966592,2026-09-03,144.000000,0.792432,0.487088,77702.820000,77677.830000
29806749,2026-09-03T03:09,77682.540000,0.057700,0.177680,2026-09-03,191.000000,1.181458,0.824715,77689.010000,77678.070000
29806750,2026-09-03T03:10,77679.610000,-0.768100,0.569057,2026-09-03,165.000000,3.760415,0.114003,77695.030000,77679.610000
29806751,2026-09-03T03:11,77670.850000,-0.066500,-0.773239,2026-09-03,139.000000,0.392535,0.325807,77679.620000,77670.840000
29806752,2026-09-03T03:12,77690.570000,0.153900,-0.348604,2026-09-03,204.000000,0.356728,0.735856,77690.570000,77670.850000
29806753,2026-09-03T03:13,77747.990000,0.338900,0.466352,2026-09-03,468.000000,6.978692,0.905647,77774.980000,77686.740000
29806754,2026-09-03T03:14,77794.080000,0.324500,0.811786,2026-09-03,332.000000,2.568402,0.625522,77835.760000,77753.820000
29806755,2026-09-03T03:15,77707.830000,-0.287200,0.251011,2026-09-03,235.000000,1.249117,0.392020,77794.090000,77707.830000
29806756,2026-09-03T03:16,77772.620000,0.452900,-0.250533,2026-09-03,344.000000,2.181729,0.409713,77773.800000,77678.500000
29806757,2026-09-03T03:17,77786.990000,0.186700,-0.155229,2026-09-03,314.000000,1.911045,0.544699,77790.020000,77721.770000
29806758,2026-09-03T03:18,77818.550000,-0.047200,0.064443,2026-09-03,291.000000,1.491822,0.473156,77828.730000,77765.020000
29806759,2026-09-03T03:19,77846.350000,0.760700,-0.030903,2026-09-03,216.000000,1.023029,0.420798,77853.000000,77817.550000
29806760,2026-09-03T03:20,77804.070000,-0.014500,-0.159820,2026-09-03,345.000000,7.224812,0.096310,77849.050000,77778.020000
29806761,2026-09-03T03:21,77753.520000,0.195600,-0.807379,2026-09-03,173.000000,0.971603,0.550699,77815.550000,77760.000000
29806762,2026-09-03T03:22,77782.490000,0.662500,0.258371,2026-09-03,308.000000,3.494553,0.854896,77782.490000,77748.000000
29806763,2026-09-03T03:23,77743.390000,-0.069000,0.691646,2026-09-03,180.000000,1.367187,0.795475,77782.490000,77743.380000
29806764,2026-09-03T03:24,77733.420000,-0.190300,0.598438,2026-09-03,184.000000,1.364978,0.785716,77750.510000,77724.280000
29806765,2026-09-03T03:25,77763.760000,0.600000,0.567390,2026-09-03,239.000000,2.294201,0.809245,77771.230000,77727.300000
29806766,2026-09-03T03:26,77746.550000,-0.059100,0.616361,2026-09-03,168.000000,0.594123,0.617623,77781.790000,77742.020000
29806767,2026-09-03T03:27,77751.040000,0.105300,0.235247,2026-09-03,136.000000,0.197715,0.478376,77755.970000,77745.000000
29806768,2026-09-03T03:28,77742.040000,-0.142700,-0.042778,2026-09-03,129.000000,0.913688,0.883615,77746.720000,77742.010000
29806769,2026-09-03T03:29,77712.960000,-0.122900,0.767207,2026-09-03,230.000000,1.133620,0.796881,77753.520000,77712.960000
29806770,2026-09-03T03:30,77692.680000,-0.011500,0.594858,2026-09-03,228.000000,1.223567,0.447707,77726.630000,77683.920000
29806771,2026-09-03T03:31,77738.990000,-0.135000,-0.098155,2026-09-03,426.000000,5.296462,0.893751,77751.010000,77679.010000
29806772,2026-09-03T03:32,77712.960000,-0.011300,0.787159,2026-09-03,155.000000,0.793748,0.194074,77745.000000,77712.970000
29806773,2026-09-03T03:33,77695.290000,0.150500,-0.615329,2026-09-03,142.000000,1.015853,0.183831,77718.260000,77691.030000
29806774,2026-09-03T03:34,77675.010000,-0.794000,-0.630380,2026-09-03,201.000000,1.143560,0.359167,77695.300000,77675.010000
29806775,2026-09-03T03:35,77654.010000,0.151000,-0.274291,2026-09-03,176.000000,0.757762,0.311205,77675.010000,77650.000000
29806776,2026-09-03T03:36,77654.770000,0.349300,-0.391988,2026-09-03,255.000000,1.091846,0.671166,77663.620000,77646.020000
29806777,2026-09-03T03:37,77634.010000,-0.260300,0.342331,2026-09-03,186.000000,0.624443,0.242089,77655.960000,77634.000000
29806778,2026-09-03T03:38,77618.540000,-0.393100,-0.511920,2026-09-03,212.000000,1.229257,0.497775,77637.770000,77618.530000
29806779,2026-09-03T03:39,77633.170000,-0.064600,-0.004421,2026-09-03,240.000000,4.608792,0.954119,77650.620000,77618.530000
29806780,2026-09-03T03:40,77650.610000,-0.101100,0.908231,2026-09-03,116.000000,0.382738,0.682451,77650.620000,77633.180000
29806781,2026-09-03T03:41,77613.760000,-0.486700,0.364901,2026-09-03,217.000000,0.462674,0.247530,77648.030000,77613.770000
29806782,2026-09-03T03:42,77637.930000,0.184800,-0.444321,2026-09-03,219.000000,0.869685,0.544692,77637.950000,77613.770000
29806783,2026-09-03T03:43,77634.240000,0.241000,0.068666,2026-09-03,167.000000,0.479138,0.392359,77637.940000,77629.630000
29806784,2026-09-03T03:44,77631.760000,-0.549200,-0.216524,2026-09-03,161.000000,0.438643,0.706765,77646.800000,77631.770000
29806785,2026-09-03T03:45,77612.390000,-0.454100,0.416113,2026-09-03,230.000000,4.269325,0.106345,77643.460000,77607.800000
29806786,2026-09-03T03:46,77615.120000,-0.240800,-0.787316,2026-09-03,141.000000,0.397224,0.499484,77627.990000,77612.380000
29806787,2026-09-03T03:47,77613.740000,-0.280600,-0.000227,2026-09-03,142.000000,1.750430,0.954008,77615.130000,77606.430000
29806788,2026-09-03T03:48,77645.990000,0.763700,0.908053,2026-09-03,238.000000,0.238067,0.964854,77647.380000,77613.740000
29806789,2026-09-03T03:49,77655.070000,0.163300,0.929781,2026-09-03,203.000000,0.265943,0.550343,77660.550000,77645.990000
29806790,2026-09-03T03:50,77678.990000,0.109300,0.118660,2026-09-03,285.000000,0.598581,0.521245,77702.340000,77655.060000
29806791,2026-09-03T03:51,77673.950000,0.160800,0.037079,2026-09-03,181.000000,0.779430,0.442613,77694.470000,77661.020000
29806792,2026-09-03T03:52,77702.950000,0.110000,-0.118702,2026-09-03,209.000000,0.557797,0.792020,77711.700000,77665.520000
29806793,2026-09-03T03:53,77702.950000,0.110000,0.583492,2026-09-03,,,,,
29806794,2026-09-03T03:54,77702.950000,0.110000,0.000000,2026-09-03,,,,,
29806795,2026-09-03T03:55,77702.950000,0.110000,0.000000,2026-09-03,,,,,
29806796,2026-09-03T03:56,77702.950000,0.110000,0.000000,2026-09-03,,,,,
29806797,2026-09-03T03:57,77702.950000,0.110000,0.000000,2026-09-03,,,,,
29806798,2026-09-03T03:58,77702.950000,0.110000,0.000000,2026-09-03,,,,,
29806799,2026-09-03T03:59,77702.950000,0.110000,0.000000,2026-09-03,,,,,
29806800,2026-09-03T04:00,77702.950000,0.110000,0.000000,2026-09-03,,,,,
29806801,2026-09-03T04:01,77702.950000,0.110000,0.000000,2026-09-03,,,,,
29806802,2026-09-03T04:02,77702.950000,0.110000,0.000000,2026-09-03,,,,,
29806803,2026-09-03T04:03,77700.890000,0.046800,0.000000,2026-09-03,,,,,
29806804,2026-09-03T04:04,77700.890000,0.046800,0.000000,2026-09-03,,,,,
29806805,2026-09-03T04:05,77729.620000,0.309800,0.000000,2026-09-03,29.000000,0.133023,0.016480,77729.630000,77729.620000
29806806,2026-09-03T04:06,77729.620000,0.309800,-0.967041,2026-09-03,,,,,
29806807,2026-09-03T04:07,77732.860000,0.627700,0.000000,2026-09-03,11.000000,0.001395,0.831821,77732.860000,77732.850000
29806808,2026-09-03T04:08,77747.710000,0.546200,0.663190,2026-09-03,206.000000,1.003172,0.763151,77750.990000,77732.850000
29806809,2026-09-03T04:09,77725.010000,0.347000,0.526450,2026-09-03,105.000000,1.531788,0.707922,77750.990000,77725.010000
29806810,2026-09-03T04:10,77801.010000,-0.235000,0.429777,2026-09-03,266.000000,3.622660,0.845470,77804.220000,77725.000000
29806811,2026-09-03T04:11,77730.760000,0.021700,0.687686,2026-09-03,386.000000,3.820823,0.321380,77808.440000,77730.770000
29806812,2026-09-03T04:12,77702.820000,-0.207800,-0.357239,2026-09-03,240.000000,4.996965,0.747494,77730.770000,77674.510000
29806813,2026-09-03T04:13,77631.850000,-0.786500,0.494989,2026-09-03,420.000000,11.792662,0.222555,77714.260000,77631.840000
29806814,2026-09-03T04:14,77614.080000,0.161800,-0.554623,2026-09-03,285.000000,5.509612,0.116935,77631.850000,77583.070000
29806815,2026-09-03T04:15,77614.080000,0.161800,-0.766777,2026-09-03,,,,,
29806816,2026-09-03T04:16,77614.080000,0.161800,0.000000,2026-09-03,,,,,
29806817,2026-09-03T04:17,77614.080000,0.161800,0.000000,2026-09-03,,,,,
29806818,2026-09-03T04:18,77614.080000,0.161800,0.000000,2026-09-03,,,,,
29806819,2026-09-03T04:19,77614.080000,0.161800,0.000000,2026-09-03,,,,,
29806820,2026-09-03T04:20,77614.080000,0.161800,0.000000,2026-09-03,,,,,
29806821,2026-09-03T04:21,77614.080000,0.161800,0.000000,2026-09-03,,,,,
29806822,2026-09-03T04:22,77614.080000,0.161800,0.000000,2026-09-03,,,,,
29806823,2026-09-03T04:23,77614.080000,0.161800,0.000000,2026-09-03,,,,,
29806824,2026-09-03T04:24,77614.080000,0.161800,0.000000,2026-09-03,,,,,
29806825,2026-09-03T04:25,77614.080000,0.161800,0.000000,2026-09-03,,,,,
29806826,2026-09-03T04:26,77614.080000,0.161800,0.000000,2026-09-03,,,,,
29806827,2026-09-03T04:27,77614.080000,0.161800,0.000000,2026-09-03,,,,,
29806828,2026-09-03T04:28,77614.080000,0.161800,0.000000,2026-09-03,,,,,
29806829,2026-09-03T04:29,77614.080000,0.161800,0.000000,2026-09-03,,,,,
29806830,2026-09-03T04:30,77614.080000,0.161800,0.000000,2026-09-03,,,,,
29806831,2026-09-03T04:31,77614.080000,0.161800,0.000000,2026-09-03,1.000000,0.000188,1.000000,77571.010000,77571.010000
29806832,2026-09-03T04:32,77614.080000,0.161800,1.000000,2026-09-03,,,,,
29806833,2026-09-03T04:33,77614.080000,0.161800,0.000000,2026-09-03,,,,,
29806834,2026-09-03T04:34,77614.080000,0.161800,0.000000,2026-09-03,,,,,
29806835,2026-09-03T04:35,77571.010000,-0.529400,0.000000,2026-09-03,,,,,
29806836,2026-09-03T04:36,77571.010000,-0.529400,0.000000,2026-09-03,,,,,
29806837,2026-09-03T04:37,77571.010000,-0.529400,0.000000,2026-09-03,,,,,
29806838,2026-09-03T04:38,77571.010000,-0.529400,0.000000,2026-09-03,,,,,
29806839,2026-09-03T04:39,77571.010000,-0.529400,0.000000,2026-09-03,,,,,
29806840,2026-09-03T04:40,77571.010000,-0.529400,0.000000,2026-09-03,,,,,
29806841,2026-09-03T04:41,77571.010000,-0.529400,0.000000,2026-09-03,,,,,
29806842,2026-09-03T04:42,77571.010000,-0.529400,0.000000,2026-09-03,,,,,
29806843,2026-09-03T04:43,77571.010000,-0.529400,0.000000,2026-09-03,,,,,
29806844,2026-09-03T04:44,77571.010000,-0.529400,0.000000,2026-09-03,,,,,
29806845,2026-09-03T04:45,77571.010000,-0.529400,0.000000,2026-09-03,,,,,
29806846,2026-09-03T04:46,77571.010000,-0.529400,0.000000,2026-09-03,,,,,
29806847,2026-09-03T04:47,77571.010000,-0.529400,0.000000,2026-09-03,,,,,
29806848,2026-09-03T04:48,77571.010000,-0.529400,0.000000,2026-09-03,,,,,
29806849,2026-09-03T04:49,77571.010000,-0.529400,0.000000,2026-09-03,,,,,
29806850,2026-09-03T04:50,77571.010000,-0.529400,0.000000,2026-09-03,,,,,
29806851,2026-09-03T04:51,77571.010000,-0.529400,0.000000,2026-09-03,,,,,
29806852,2026-09-03T04:52,77571.010000,-0.529400,0.000000,2026-09-03,,,,,
29806853,2026-09-03T04:53,77571.010000,-0.529400,0.000000,2026-09-03,,,,,
29806854,2026-09-03T04:54,77571.010000,-0.529400,0.000000,2026-09-03,,,,,
29806855,2026-09-03T04:55,77571.010000,-0.529400,0.000000,2026-09-03,,,,,
29806856,2026-09-03T04:56,77571.010000,-0.529400,0.000000,2026-09-03,,,,,
29806857,2026-09-03T04:57,77571.010000,-0.529400,0.000000,2026-09-03,,,,,
29806858,2026-09-03T04:58,77571.010000,-0.529400,0.000000,2026-09-03,,,,,
29806859,2026-09-03T04:59,77571.010000,-0.529400,0.000000,2026-09-03,,,,,
29806860,2026-09-03T05:00,77571.010000,-0.529400,0.000000,2026-09-03,,,,,
29806861,2026-09-03T05:01,77571.010000,-0.529400,0.000000,2026-09-03,,,,,
29806862,2026-09-03T05:02,77571.010000,-0.529400,0.000000,2026-09-03,,,,,
29806863,2026-09-03T05:03,77571.010000,-0.529400,0.000000,2026-09-03,,,,,
29806864,2026-09-03T05:04,77571.010000,-0.529400,0.000000,2026-09-03,,,,,
29806865,2026-09-03T05:05,77571.010000,-0.529400,0.000000,2026-09-03,,,,,
29806866,2026-09-03T05:06,77571.010000,-0.529400,0.000000,2026-09-03,,,,,
29806867,2026-09-03T05:07,77571.010000,-0.529400,0.000000,2026-09-03,,,,,
29806868,2026-09-03T05:08,77571.010000,-0.529400,0.000000,2026-09-03,,,,,
29806869,2026-09-03T05:09,77663.540000,0.569600,0.000000,2026-09-03,143.000000,1.712064,0.191179,77674.590000,77641.990000
29806870,2026-09-03T05:10,77699.700000,-0.003100,-0.574547,2026-09-03,225.000000,0.952402,0.256440,77706.490000,77672.390000
29806871,2026-09-03T05:11,77652.120000,0.254700,-0.607318,2026-09-03,130.000000,0.674219,0.606387,77699.690000,77652.120000
29806872,2026-09-03T05:12,77631.850000,-0.492300,0.192461,2026-09-03,207.000000,0.518623,0.265090,77652.130000,77631.840000
29806873,2026-09-03T05:13,77601.420000,-0.438900,-0.334999,2026-09-03,173.000000,0.246391,0.254119,77631.850000,77601.420000
29806874,2026-09-03T05:14,77603.120000,-0.519900,-0.483669,2026-09-03,217.000000,4.898815,0.905882,77615.000000,77572.850000
29806875,2026-09-03T05:15,77603.120000,-0.166900,0.812047,2026-09-03,173.000000,0.562757,0.358270,77621.600000,77591.280000
29806876,2026-09-03T05:16,77591.290000,-0.306000,-0.300639,2026-09-03,109.000000,0.362706,0.420965,77603.150000,77591.290000
29806877,2026-09-03T05:17,77476.760000,-0.395700,-0.157814,2026-09-03,344.000000,7.715596,0.147270,77591.290000,77451.900000
29806878,2026-09-03T05:18,77496.070000,-0.391600,-0.594243,2026-09-03,242.000000,4.727387,0.696310,77520.290000,77465.000000
29806879,2026-09-03T05:19,77463.830000,-0.401000,0.449356,2026-09-03,239.000000,2.901442,0.670930,77496.070000,77448.390000
29806880,2026-09-03T05:20,77353.480000,-0.733400,0.225055,2026-09-03,304.000000,6.234552,0.389866,77469.610000,77353.470000
29806881,2026-09-03T05:21,77306.010000,-0.559100,-0.219036,2026-09-03,974.000000,7.268681,0.636905,77368.200000,77301.920000
29806882,2026-09-03T05:22,77272.930000,-0.369100,0.325481,2026-09-03,522.000000,5.285615,0.747169,77331.750000,77245.010000
29806883,2026-09-03T05:23,77221.380000,0.260200,0.473069,2026-09-03,548.000000,5.421455,0.454756,77272.930000,77170.010000
29806884,2026-09-03T05:24,77245.860000,0.132000,-0.085056,2026-09-03,860.000000,6.363971,0.834491,77284.400000,77205.970000
29806885,2026-09-03T05:25,77206.180000,0.305000,0.677487,2026-09-03,456.000000,4.978565,0.804295,77245.850000,77195.830000
29806886,2026-09-03T05:26,77165.400000,-0.217600,0.608676,2026-09-03,231.000000,1.780744,0.481010,77214.070000,77165.410000
29806887,2026-09-03T05:27,77098.570000,-0.192900,-0.040986,2026-09-03,434.000000,5.716242,0.707350,77183.650000,77089.250000
29806888,2026-09-03T05:28,77134.990000,0.090000,0.416450,2026-09-03,910.000000,7.753665,0.564934,77169.000000,77056.840000
29806889,2026-09-03T05:29,77164.670000,-0.138300,0.129217,2026-09-03,197.000000,2.152575,0.784936,77192.990000,77134.980000
29806890,2026-09-03T05:30,77216.110000,0.015400,0.517224,2026-09-03,196.000000,0.955172,0.327756,77243.390000,77134.990000
29806891,2026-09-03T05:31,77236.380000,0.222000,-0.260115,2026-09-03,168.000000,1.375786,0.464540,77262.770000,77196.580000
29806892,2026-09-03T05:32,77292.200000,0.166400,-0.087781,2026-09-03,193.000000,1.605782,0.340591,77296.980000,77236.370000
29806893,2026-09-03T05:33,77274.760000,0.089400,-0.329605,2026-09-03,116.000000,0.084829,0.627537,77297.220000,77264.220000
29806894,2026-09-03T05:34,77310.230000,0.059700,0.785748,2026-09-03,222.000000,1.252451,0.411960,77322.760000,77274.760000
29806895,2026-09-03T05:35,77331.100000,0.127300,-0.176080,2026-09-03,216.000000,2.993329,0.206467,77351.730000,77310.230000
29806896,2026-09-03T05:36,77374.300000,-0.115000,-0.587067,2026-09-03,143.000000,1.135181,0.518384,77374.310000,77329.740000
29806897,2026-09-03T05:37,77397.270000,0.277000,0.036968,2026-09-03,194.000000,1.279487,0.428494,77402.150000,77348.990000
29806898,2026-09-03T05:38,77415.730000,0.229200,-0.139398,2026-09-03,167.000000,0.748791,0.647698,77417.070000,77378.340000
29806899,2026-09-03T05:39,77406.800000,0.283500,0.291434,2026-09-03,216.000000,2.911300,0.490309,77441.990000,77404.060000
29806900,2026-09-03T05:40,77397.890000,0.323700,-0.019470,2026-09-03,190.000000,0.738186,0.511053,77409.620000,77368.210000
29806901,2026-09-03T05:41,77438.560000,0.432800,0.022514,2026-09-03,380.000000,4.963378,0.885013,77449.310000,77393.310000
29806902,2026-09-03T05:42,77413.930000,-0.222200,0.770166,2026-09-03,213.000000,2.142539,0.277892,77439.180000,77398.630000
29806903,2026-09-03T05:43,77444.730000,0.350200,-0.446038,2026-09-03,200.000000,2.807740,0.916187,77450.000000,77404.050000
29806904,2026-09-03T05:44,77452.990000,0.499600,0.832526,2026-09-03,183.000000,3.320550,0.120369,77485.560000,77448.280000
29806905,2026-09-03T05:45,77411.120000,0.057800,-0.760556,2026-09-03,147.000000,0.610172,0.660630,77453.000000,77408.760000
29806906,2026-09-03T05:46,77387.880000,0.405500,0.321132,2026-09-03,194.000000,0.852152,0.174498,77410.360000,77369.260000
29806907,2026-09-03T05:47,77438.740000,0.071600,-0.650934,2026-09-03,213.000000,1.505246,0.883064,77446.720000,77387.080000
29806908,2026-09-03T05:48,77501.260000,0.030600,0.766470,2026-09-03,240.000000,1.764386,0.816892,77501.250000,77438.740000
29806909,2026-09-03T05:49,77479.300000,0.283300,0.633338,2026-09-03,134.000000,1.552137,0.620622,77497.320000,77470.490000
29806910,2026-09-03T05:50,77517.980000,0.128400,0.317242,2026-09-03,210.000000,2.049481,0.859765,77520.940000,77479.300000
29806911,2026-09-03T05:51,77635.650000,0.468000,0.694388,2026-09-03,353.000000,7.792629,0.496929,77694.660000,77517.970000
29806912,2026-09-03T05:52,77666.100000,0.021500,-0.005538,2026-09-03,242.000000,4.011175,0.296077,77698.680000,77616.650000
29806913,2026-09-03T05:53,77609.140000,-0.013900,-0.409494,2026-09-03,151.000000,0.667116,0.372356,77666.100000,77607.710000
29806914,2026-09-03T05:54,77649.260000,0.378100,-0.255314,2026-09-03,206.000000,2.748329,0.721870,77666.100000,77602.200000
29806915,2026-09-03T05:55,77689.040000,0.378600,0.445935,2026-09-03,186.000000,0.972402,0.437993,77702.480000,77649.920000
29806916,2026-09-03T05:56,77791.100000,0.437600,-0.609605,2026-09-03,225.000000,4.134965,0.323495,77788.200000,77675.010000
29806917,2026-09-03T05:57,77773.800000,0.464600,-0.105451,2026-09-03,221.000000,2.640687,0.425396,77798.330000,77754.540000
29806918,2026-09-03T05:58,77780.960000,0.459500,-0.143159,2026-09-03,195.000000,2.906497,0.075672,77792.110000,77749.170000
29806919,2026-09-03T05:59,77781.100000,0.482700,-0.848555,2026-09-03,232.000000,4.020241,0.157514,77798.330000,77757.680000
29806920,2026-09-03T06:00,77731.440000,0.187700,-0.676399,2026-09-03,305.000000,3.709806,0.489778,77816.240000,77715.910000
29806921,2026-09-03T06:01,77717.180000,0.313700,-0.026131,2026-09-03,166.000000,0.803283,0.747723,77745.630000,77714.050000
29806922,2026-09-03T06:02,77705.200000,0.178300,0.495445,2026-09-03,180.000000,1.135663,0.560571,77749.780000,77700.000000
29806923,2026-09-03T06:03,77706.240000,0.452300,0.121143,2026-09-03,132.000000,0.563016,0.583627,77706.250000,77692.680000
29806924,2026-09-03T06:04,77697.700000,0.401600,0.041806,2026-09-03,242.000000,1.114653,0.388782,77720.020000,77693.970000
29806925,2026-09-03T06:05,77719.450000,-0.069600,-0.172539,2026-09-03,152.000000,0.227120,0.692720,77720.060000,77697.690000
29806926,2026-09-03T06:06,77705.010000,-0.377800,0.388990,2026-09-03,222.000000,3.954214,0.924618,77760.000000,77700.780000
29806927,2026-09-03T06:07,77689.950000,0.368200,0.849237,2026-09-03,197.000000,1.331834,0.317100,77720.870000,77675.940000
29806928,2026-09-03T06:08,77675.010000,0.453500,-0.364361,2026-09-03,98.000000,0.418814,0.943712,77710.000000,77675.000000
29806929,2026-09-03T06:09,77687.820000,-0.040500,0.887703,2026-09-03,133.000000,0.984987,0.705505,77709.020000,77669.840000
29806930,2026-09-03T06:10,77709.010000,0.373600,0.409546,2026-09-03,119.000000,0.940986,0.951128,77712.960000,77687.810000
29806931,2026-09-03T06:11,77665.730000,-0.070500,0.902256,2026-09-03,191.000000,3.269555,0.130394,77724.080000,77665.720000
29806932,2026-09-03T06:12,77696.110000,-0.048600,-0.757288,2026-09-03,137.000000,1.462734,0.704182,77697.410000,77658.850000
29806933,2026-09-03T06:13,77674.540000,0.504300,0.690359,2026-09-03,104.000000,1.017806,0.414790,77702.820000,77674.540000
29806934,2026-09-03T06:14,77678.760000,-0.000500,-0.170407,2026-09-03,72.000000,0.135386,0.750874,77681.740000,77674.540000
29806935,2026-09-03T06:15,77694.290000,0.006400,0.793998,2026-09-03,160.000000,1.162599,0.298769,77700.030000,77671.720000
29806936,2026-09-03T06:16,77721.210000,0.355200,-0.682449,2026-09-03,225.000000,2.248677,0.615683,77729.970000,77694.280000
29806937,2026-09-03T06:17,77706.480000,0.550900,0.231367,2026-09-03,154.000000,0.703676,0.724360,77718.400000,77696.500000
29806938,2026-09-03T06:18,77719.110000,-0.039400,0.456780,2026-09-03,154.000000,0.740478,0.463197,77725.920000,77706.480000
29806939,2026-09-03T06:19,77745.180000,-0.069600,-0.088959,2026-09-03,189.000000,4.379522,0.886908,77757.330000,77719.110000
29806940,2026-09-03T06:20,77722.360000,0.342600,0.773817,2026-09-03,202.000000,4.947200,0.610288,77749.910000,77716.460000
29806941,2026-09-03T06:21,77725.300000,-0.128900,0.220625,2026-09-03,164.000000,0.816022,0.766950,77725.390000,77705.190000
29806942,2026-09-03T06:22,77729.010000,-0.042000,0.533718,2026-09-03,111.000000,0.507798,0.170443,77743.380000,77725.500000
29806943,2026-09-03T06:23,77740.790000,0.299700,-0.659115,2026-09-03,174.000000,1.828005,0.862037,77753.500000,77729.000000
29806944,2026-09-03T06:24,77714.570000,0.097900,0.724074,2026-09-03,148.000000,1.376829,0.118351,77740.800000,77705.990000
29806945,2026-09-03T06:25,77692.680000,0.564300,-0.760877,2026-09-03,81.000000,0.455184,0.276942,77724.500000,77692.690000
29806946,2026-09-03T06:26,77726.020000,0.061800,-0.438018,2026-09-03,137.000000,0.288331,0.856730,77727.950000,77692.690000
29806947,2026-09-03T06:27,77720.010000,0.503800,0.720826,2026-09-03,129.000000,0.341911,0.726224,77726.030000,77718.310000
29806948,2026-09-03T06:28,77735.540000,0.380400,0.432421,2026-09-03,152.000000,1.480214,0.382150,77747.770000,77720.000000
29806949,2026-09-03T06:29,77716.290000,0.135700,-0.235701,2026-09-03,137.000000,0.790221,0.555999,77736.790000,77712.960000
29806950,2026-09-03T06:30,77712.960000,-0.027400,0.113725,2026-09-03,155.000000,1.825897,0.866376,77735.530000,77682.540000
29806951,2026-09-03T06:31,77713.070000,-0.531300,0.732675,2026-09-03,138.000000,0.202101,0.283414,77728.830000,77704.730000
29806952,2026-09-03T06:32,77706.670000,-0.207500,-0.433034,2026-09-03,104.000000,0.311129,0.473830,77713.070000,77695.020000
29806953,2026-09-03T06:33,77730.020000,-0.009300,-0.076738,2026-09-03,113.000000,0.573985,0.750817,77731.800000,77701.510000
29806954,2026-09-03T06:34,77763.650000,-0.235500,0.523415,2026-09-03,118.000000,0.479806,0.725737,77763.660000,77733.010000
29806955,2026-09-03T06:35,77737.820000,0.256400,0.185934,2026-09-03,93.000000,0.268088,0.239549,77763.660000,77733.240000
29806956,2026-09-03T06:36,77729.540000,-0.613300,-0.200523,2026-09-03,94.000000,0.228663,0.721845,77750.000000,77725.850000
29806957,2026-09-03T06:37,77727.010000,-0.146000,0.443710,2026-09-03,134.000000,0.743915,0.758134,77763.660000,77727.010000
29806958,2026-09-03T06:38,77761.610000,-0.450600,0.517845,2026-09-03,150.000000,0.784864,0.813988,77761.610000,77727.010000
29806959,2026-09-03T06:39,77735.820000,-0.570700,0.627291,2026-09-03,96.000000,0.376896,0.117582,77761.610000,77735.250000
29806960,2026-09-03T06:40,77752.850000,-0.379500,-0.778888,2026-09-03,144.000000,0.506068,0.636253,77752.850000,77723.100000
29806961,2026-09-03T06:41,77740.110000,-0.312600,0.323431,2026-09-03,110.000000,0.173693,0.877032,77752.840000,77730.000000
29806962,2026-09-03T06:42,77752.850000,-0.484000,0.819334,2026-09-03,75.000000,0.138646,0.986902,77752.850000,77738.060000
29806963,2026-09-03T06:43,77764.990000,-0.424100,0.965603,2026-09-03,125.000000,0.578857,0.862385,77765.000000,77746.060000
29806964,2026-09-03T06:44,77793.670000,-0.513400,0.726572,2026-09-03,121.000000,0.903853,0.449196,77794.080000,77758.640000
29806965,2026-09-03T06:45,77745.010000,-0.453100,-0.100714,2026-09-03,142.000000,0.561612,0.163297,77793.670000,77743.500000
29806966,2026-09-03T06:46,77789.460000,-0.343500,-0.454137,2026-09-03,133.000000,0.480625,0.579801,77789.460000,77745.010000
29806967,2026-09-03T06:47,77796.760000,0.138900,-0.022952,2026-09-03,81.000000,0.425411,0.895403,77804.220000,77789.450000
29806968,2026-09-03T06:48,77780.710000,0.324300,0.790963,2026-09-03,102.000000,1.545288,0.573996,77798.940000,77769.010000
29806969,2026-09-03T06:49,77787.490000,-0.003200,0.147817,2026-09-03,105.000000,0.357664,0.423772,77803.420000,77780.710000
29806970,2026-09-03T06:50,77758.510000,-0.376000,-0.151279,2026-09-03,84.000000,1.211872,0.143256,77787.500000,77753.520000
29806971,2026-09-03T06:51,77804.170000,0.663800,-0.714006,2026-09-03,160.000000,1.042018,0.755464,77804.170000,77759.900000
29806972,2026-09-03T06:52,77768.930000,0.151600,0.511456,2026-09-03,170.000000,1.274951,0.242226,77822.530000,77768.930000
29806973,2026-09-03T06:53,77763.670000,-0.063400,-0.646482,2026-09-03,98.000000,1.167525,0.124936,77768.940000,77765.410000
29806974,2026-09-03T06:54,77748.740000,0.364700,-0.583867,2026-09-03,232.000000,7.892120,0.054413,77763.670000,77721.890000
29806975,2026-09-03T06:55,77789.980000,-0.066700,-0.891234,2026-09-03,128.000000,1.256690,0.569275,77789.980000,77748.740000
29806976,2026-09-03T06:56,77753.880000,0.194800,0.142296,2026-09-03,134.000000,1.239133,0.416164,77789.980000,77756.630000
29806977,2026-09-03T06:57,77783.890000,0.271900,-0.167649,2026-09-03,94.000000,0.937742,0.892342,77783.940000,77756.350000
29806978,2026-09-03T06:58,77790.070000,0.436500,0.784619,2026-09-03,90.000000,0.649297,0.605905,77793.620000,77775.180000
29806979,2026-09-03T06:59,77797.240000,0.363500,0.211873,2026-09-03,114.000000,0.249591,0.923626,77809.620000,77790.070000
29806980,2026-09-03T07:00,77814.360000,0.363700,0.674452,2026-09-03,139.000000,1.101154,0.163950,77814.360000,77776.020000
29806981,2026-09-03T07:01,77834.860000,0.570100,-0.667077,2026-09-03,173.000000,0.322605,0.639426,77836.380000,77814.350000
29806982,2026-09-03T07:02,77836.360000,0.723900,0.168848,2026-09-03,174.000000,0.924862,0.200462,77836.380000,77804.220000
29806983,2026-09-03T07:03,77824.510000,-0.394100,-0.585467,2026-09-03,205.000000,1.461019,0.480326,77865.910000,77824.500000
29806984,2026-09-03T07:04,78122.210000,0.446900,-0.039347,2026-09-03,1104.000000,38.649079,0.834506,78131.980000,77842.260000
29806985,2026-09-03T07:05,78149.170000,0.724900,0.664171,2026-09-03,1051.000000,16.974973,0.304540,78149.990000,78060.970000
29806986,2026-09-03T07:06,78062.360000,-0.349800,-0.488241,2026-09-03,354.000000,6.966219,0.219318,78149.160000,78017.160000
29806987,2026-09-03T07:07,78031.100000,-0.368500,-0.222516,2026-09-03,313.000000,5.049687,0.119919,78062.360000,77976.610000
29806988,2026-09-03T07:08,77979.510000,0.224300,-0.760162,2026-09-03,201.000000,1.220639,0.388066,78045.000000,77977.030000
29806989,2026-09-03T07:09,77971.210000,-0.125600,-0.223856,2026-09-03,180.000000,1.271464,0.129207,78016.470000,77971.200000
29806990,2026-09-03T07:10,77974.650000,0.082400,-0.738249,2026-09-03,197.000000,0.838807,0.464356,77996.870000,77940.150000
29806991,2026-09-03T07:11,78059.960000,0.478200,-0.073764,2026-09-03,177.000000,0.925145,0.794694,78059.950000,77964.270000
29806992,2026-09-03T07:12,78065.080000,0.592700,0.589297,2026-09-03,209.000000,3.692797,0.227904,78098.270000,78044.600000
29806993,2026-09-03T07:13,78052.460000,0.377400,-0.544319,2026-09-03,191.000000,0.871904,0.560345,78078.930000,78037.440000
29806994,2026-09-03T07:14,78025.390000,-0.148400,0.120689,2026-09-03,214.000000,0.359326,0.671796,78054.150000,78025.380000
29806995,2026-09-03T07:15,77937.290000,-0.188500,0.343592,2026-09-03,273.000000,1.316154,0.256224,78028.720000,77930.000000
29806996,2026-09-03T07:16,77906.640000,-0.438400,-0.489325,2026-09-03,251.000000,0.696912,0.637298,77959.920000,77906.630000
29806997,2026-09-03T07:17,77906.260000,-0.079600,0.283006,2026-09-03,267.000000,2.809981,0.919877,77946.180000,77901.440000
29806998,2026-09-03T07:18,77909.540000,0.253700,0.839768,2026-09-03,214.000000,0.943422,0.714366,77927.140000,77906.260000
29806999,2026-09-03T07:19,77927.790000,0.387500,0.426589,2026-09-03,241.000000,0.967760,0.488902,77955.940000,77900.740000
29807000,2026-09-03T07:20,77895.830000,0.067400,-0.021038,2026-09-03,214.000000,1.093651,0.133251,77927.800000,77895.820000
29807001,2026-09-03T07:21,77929.960000,0.264300,-0.733456,2026-09-03,206.000000,1.019659,0.852580,77938.400000,77886.750000
29807002,2026-09-03T07:22,77977.510000,0.242700,0.705159,2026-09-03,155.000000,0.470144,0.612653,77986.740000,77929.960000
29807003,2026-09-03T07:23,77980.890000,-0.139700,0.231012,2026-09-03,216.000000,0.999950,0.264834,77991.730000,77937.570000
29807004,2026-09-03T07:24,77925.050000,-0.132800,-0.488421,2026-09-03,281.000000,5.944054,0.365792,77979.750000,77916.540000
29807005,2026-09-03T07:25,77865.270000,-0.339900,-0.265315,2026-09-03,247.000000,0.750297,0.434027,77933.120000,77864.660000
29807006,2026-09-03T07:26,77884.420000,-0.146500,-0.134873,2026-09-03,221.000000,1.644145,0.781524,77882.510000,77844.780000
29807007,2026-09-03T07:27,77909.550000,-0.268600,0.565583,2026-09-03,234.000000,1.937136,0.602373,77915.580000,77875.020000
29807008,2026-09-03T07:28,77955.940000,-0.264900,0.203484,2026-09-03,172.000000,0.976422,0.943280,77954.160000,77898.850000
29807009,2026-09-03T07:29,77915.760000,-0.531500,0.886164,2026-09-03,106.000000,0.630513,0.290514,77954.160000,77915.770000
29807010,2026-09-03T07:30,77834.640000,-0.299900,-0.443305,2026-09-03,207.000000,2.239019,0.733637,77920.780000,77839.660000
29807011,2026-09-03T07:31,77836.880000,-0.314000,0.493386,2026-09-03,151.000000,0.426898,0.545122,77841.330000,77822.320000
29807012,2026-09-03T07:32,77875.200000,-0.424800,0.093082,2026-09-03,114.000000,1.066257,0.459370,77875.190000,77824.380000
29807013,2026-09-03T07:33,77893.210000,-0.457600,-0.060824,2026-09-03,248.000000,5.127203,0.904334,77902.000000,77858.890000
29807014,2026-09-03T07:34,77885.330000,-0.252900,0.808160,2026-09-03,129.000000,1.494764,0.178451,77895.100000,77858.890000
29807015,2026-09-03T07:35,77872.570000,0.091300,-0.643099,2026-09-03,130.000000,0.694589,0.286107,77895.480000,77866.210000
29807016,2026-09-03T07:36,77863.210000,-0.407900,-0.427785,2026-09-03,119.000000,0.764676,0.624988,77899.320000,77863.210000
29807017,2026-09-03T07:37,77896.510000,0.046300,0.250200,2026-09-03,74.000000,0.198506,0.991844,77899.500000,77863.210000
29807018,2026-09-03T07:38,77895.480000,0.240500,0.983698,2026-09-03,129.000000,0.783413,0.149884,77896.520000,77870.680000
29807019,2026-09-03T07:39,77945.510000,0.219100,-0.700417,2026-09-03,172.000000,4.506008,0.113250,77946.170000,77895.480000
29807020,2026-09-03T07:40,77960.240000,0.146300,-0.773499,2026-09-03,117.000000,0.598779,0.577932,77960.320000,77936.050000
29807021,2026-09-03T07:41,78034.680000,0.043700,0.153289,2026-09-03,295.000000,4.062939,0.936298,78038.300000,77960.240000
29807022,2026-09-03T07:42,78022.150000,0.553400,0.873213,2026-09-03,127.000000,0.497607,0.921511,78038.300000,78007.030000
29807023,2026-09-03T07:43,78014.180000,0.276500,0.693219,2026-09-03,199.000000,4.859685,0.215181,78037.420000,77980.010000
29807024,2026-09-03T07:44,77865.070000,0.093800,-0.556188,2026-09-03,189.000000,3.277014,0.291923,77992.160000,77865.060000
29807025,2026-09-03T07:45,77875.210000,-0.429800,-0.426415,2026-09-03,277.000000,1.707816,0.937774,77912.870000,77865.060000
29807026,2026-09-03T07:46,77822.850000,-0.390200,0.875515,2026-09-03,267.000000,3.252506,0.537691,77870.000000,77789.820000
29807027,2026-09-03T07:47,77760.990000,0.276900,0.075379,2026-09-03,249.000000,2.430151,0.279479,77825.020000,77737.150000
29807028,2026-09-03T07:48,77713.790000,-0.041400,-0.441077,2026-09-03,179.000000,0.956101,0.594412,77760.980000,77712.820000
29807029,2026-09-03T07:49,77705.830000,-0.343500,0.212107,2026-09-03,187.000000,0.435900,0.824887,77733.240000,77708.410000
29807030,2026-09-03T07:50,77662.260000,0.236600,0.625672,2026-09-03,177.000000,1.070798,0.242787,77705.840000,77635.010000
29807031,2026-09-03T07:51,77647.290000,0.054600,-0.518763,2026-09-03,164.000000,0.999248,0.908036,77666.980000,77620.000000
29807032,2026-09-03T07:52,77671.890000,0.771500,0.831180,2026-09-03,190.000000,1.766159,0.863314,77670.940000,77631.840000
29807033,2026-09-03T07:53,77647.610000,0.254900,0.727990,2026-09-03,176.000000,2.037027,0.726764,77687.790000,77647.390000
29807034,2026-09-03T07:54,77643.010000,-0.769200,0.453527,2026-09-03,125.000000,0.254285,0.675540,77663.660000,77641.980000
29807035,2026-09-03T07:55,77589.270000,-0.688500,0.350502,2026-09-03,237.000000,0.871846,0.150234,77643.010000,77589.280000
29807036,2026-09-03T07:56,77592.650000,-0.051500,-0.699495,2026-09-03,188.000000,1.152737,0.628336,77601.420000,77565.000000
29807037,2026-09-03T07:57,77606.920000,0.480400,0.256673,2026-09-03,189.000000,1.263691,0.950042,77606.930000,77560.070000
29807038,2026-09-03T07:58,77648.180000,0.466100,0.900110,2026-09-03,188.000000,0.557505,0.788167,77649.000000,77606.930000
29807039,2026-09-03T07:59,77623.800000,0.186600,0.576110,2026-09-03,142.000000,0.625661,0.581664,77648.190000,77619.610000
29807040,2026-09-03T08:00,77676.740000,0.723500,0.291659,2026-09-03,217.000000,1.993707,0.748012,77697.030000,77631.360000
29807041,2026-09-03T08:01,77685.110000,0.414700,0.465635,2026-09-03,159.000000,0.824723,0.481450,77696.990000,77676.190000
29807042,2026-09-03T08:02,77728.860000,0.023200,-0.037100,2026-09-03,269.000000,2.929507,0.577258,77738.990000,77685.120000
29807043,2026-09-03T08:03,77844.760000,0.616300,0.154467,2026-09-03,288.000000,3.643240,0.769215,77843.260000,77725.000000
29807044,2026-09-03T08:04,77823.330000,-0.139900,0.538482,2026-09-03,375.000000,6.030388,0.900915,77892.740000,77805.560000
29807045,2026-09-03T08:05,77930.990000,0.504200,0.804543,2026-09-03,354.000000,5.465479,0.496803,77982.260000,77823.330000
29807046,2026-09-03T08:06,77973.170000,0.302200,-0.021595,2026-09-03,393.000000,7.010735,0.692193,77999.580000,77890.650000
29807047,2026-09-03T08:07,78007.830000,0.407900,0.384357,2026-09-03,245.000000,1.530883,0.728185,78037.440000,77966.480000
29807048,2026-09-03T08:08,77949.260000,0.244200,0.455450,2026-09-03,202.000000,2.116343,0.707933,78008.330000,77936.050000
29807049,2026-09-03T08:09,77895.490000,0.078700,0.415865,2026-09-03,260.000000,1.805407,0.570801,77949.260000,77875.360000
29807050,2026-09-03T08:10,77925.890000,0.287200,0.190044,2026-09-03,145.000000,0.599872,0.809383,77925.900000,77895.490000
29807051,2026-09-03T08:11,77954.460000,0.415000,0.564411,2026-09-03,247.000000,2.937218,0.370924,77973.530000,77924.200000
29807052,2026-09-03T08:12,77959.790000,0.061500,-0.272273,2026-09-03,275.000000,4.571568,0.381334,77970.390000,77915.000000
29807053,2026-09-03T08:13,77879.260000,-0.970800,-0.290396,2026-09-03,270.000000,2.465289,0.632546,77944.830000,77879.250000
29807054,2026-09-03T08:14,77896.420000,0.045600,-0.446133,2026-09-03,368.000000,6.175946,0.401057,77900.410000,77838.770000
29807055,2026-09-03T08:15,77854.510000,-0.197000,0.787090,2026-09-03,162.000000,1.362150,0.408065,77896.420000,77854.520000
29807056,2026-09-03T08:16,77856.840000,0.021900,-0.240192,2026-09-03,196.000000,0.850778,0.737162,77892.740000,77835.020000
29807057,2026-09-03T08:17,77865.820000,0.159800,0.672584,2026-09-03,179.000000,0.430487,0.664641,77879.980000,77844.790000
29807058,2026-09-03T08:18,77836.480000,-0.266100,0.329110,2026-09-03,96.000000,0.418029,0.406160,77865.520000,77834.910000
29807059,2026-09-03T08:19,77897.680000,0.613600,-0.120863,2026-09-03,274.000000,1.485748,0.867734,77906.520000,77836.300000
29807060,2026-09-03T08:20,77861.320000,0.304300,0.731083,2026-09-03,181.000000,1.015779,0.426960,77924.260000,77861.320000
29807061,2026-09-03T08:21,77836.510000,-0.545700,-0.146434,2026-09-03,137.000000,2.190681,0.348410,77861.320000,77835.010000
29807062,2026-09-03T08:22,77813.510000,-0.690800,-0.303320,2026-09-03,190.000000,0.875992,0.699630,77836.520000,77809.520000
29807063,2026-09-03T08:23,77816.730000,-0.381600,0.359029,2026-09-03,221.000000,1.250527,0.776075,77834.630000,77791.520000
29807064,2026-09-03T08:24,77834.640000,-0.352900,0.585026,2026-09-03,128.000000,1.106931,0.874261,77844.770000,77816.720000
29807065,2026-09-03T08:25,77811.640000,-0.501200,0.747813,2026-09-03,115.000000,0.660505,0.425263,77834.630000,77810.380000
29807066,2026-09-03T08:26,77811.110000,-0.297400,-0.148895,2026-09-03,179.000000,0.959412,0.647050,77838.740000,77804.240000
29807067,2026-09-03T08:27,77845.300000,0.563300,0.378241,2026-09-03,256.000000,0.916428,0.788034,77863.360000,77802.030000
29807068,2026-09-03T08:28,77903.670000,0.732100,0.506093,2026-09-03,342.000000,3.809532,0.859413,77912.980000,77844.290000
29807069,2026-09-03T08:29,77944.490000,0.610300,0.718827,2026-09-03,211.000000,1.548581,0.247677,77943.010000,77903.660000
29807070,2026-09-03T08:30,77930.010000,-0.046700,-0.426058,2026-09-03,216.000000,1.457242,0.411366,77963.540000,77915.010000
29807071,2026-09-03T08:31,77920.010000,0.214300,-0.246336,2026-09-03,145.000000,0.656741,0.575218,77948.990000,77904.380000
29807072,2026-09-03T08:32,77917.140000,0.489500,0.315486,2026-09-03,147.000000,0.599842,0.836890,77933.960000,77902.910000
29807073,2026-09-03T08:33,77918.580000,0.259600,0.552121,2026-09-03,125.000000,0.678208,0.642728,77948.570000,77911.120000
29807074,2026-09-03T08:34,77909.210000,0.050900,0.371518,2026-09-03,189.000000,1.180091,0.693693,77933.620000,77900.000000
29807075,2026-09-03T08:35,77909.830000,0.399100,0.335055,2026-09-03,98.000000,0.577812,0.689783,77913.930000,77908.250000
29807076,2026-09-03T08:36,77917.570000,-0.029400,0.379432,2026-09-03,89.000000,0.399875,0.832812,77918.820000,77901.010000
29807077,2026-09-03T08:37,77926.230000,0.516600,0.665859,2026-09-03,226.000000,1.155625,0.697357,77945.990000,77911.160000
29807078,2026-09-03T08:38,77905.890000,-0.656700,0.394725,2026-09-03,128.000000,0.432217,0.256581,77942.130000,77905.900000
29807079,2026-09-03T08:39,77888.050000,-0.633700,-0.486906,2026-09-03,142.000000,1.345118,0.378554,77923.800000,77888.060000
29807080,2026-09-03T08:40,77900.010000,-0.589900,-0.217947,2026-09-03,187.000000,2.239678,0.850468,77919.440000,77867.090000
29807081,2026-09-03T08:41,77855.610000,0.580000,0.528767,2026-09-03,189.000000,1.455576,0.623674,77900.000000,77841.010000
29807082,2026-09-03T08:42,77843.880000,0.404600,0.529327,2026-09-03,140.000000,1.950987,0.835300,77867.990000,77843.870000
29807083,2026-09-03T08:43,77842.080000,-0.079100,0.670599,2026-09-03,82.000000,0.791635,0.859665,77853.800000,77842.090000
29807084,2026-09-03T08:44,77837.580000,0.828200,0.719329,2026-09-03,118.000000,0.783382,0.600936,77842.090000,77825.020000
29807085,2026-09-03T08:45,77856.620000,0.124600,0.201480,2026-09-03,219.000000,0.765651,0.720097,77871.770000,77837.580000
29807086,2026-09-03T08:46,77876.640000,-0.480700,0.440673,2026-09-03,171.000000,1.005515,0.481553,77879.890000,77851.820000
29807087,2026-09-03T08:47,77843.860000,-0.063100,-0.036916,2026-09-03,105.000000,0.759697,0.266372,77876.630000,77837.990000
29807088,2026-09-03T08:48,77789.260000,-0.336700,-0.466862,2026-09-03,260.000000,4.691714,0.102530,77843.860000,77772.520000
29807089,2026-09-03T08:49,77766.490000,0.051900,-0.795171,2026-09-03,306.000000,3.875128,0.561501,77795.650000,77733.000000
29807090,2026-09-03T08:50,77768.730000,-0.377700,0.123209,2026-09-03,129.000000,1.523845,0.413204,77777.080000,77754.430000
29807091,2026-09-03T08:51,77725.210000,-0.309100,-0.174309,2026-09-03,107.000000,0.389080,0.089973,77770.570000,77725.210000
29807092,2026-09-03T08:52,77768.710000,0.832500,-0.820054,2026-09-03,165.000000,1.519623,0.873846,77777.080000,77725.200000
29807093,2026-09-03T08:53,77787.570000,-0.127700,0.748368,2026-09-03,138.000000,0.118456,0.975547,77787.570000,77770.200000
29807094,2026-09-03T08:54,77783.980000,-0.589400,0.957189,2026-09-03,138.000000,0.757718,0.464456,77794.000000,77781.390000
29807095,2026-09-03T08:55,77810.420000,-0.470700,-0.100216,2026-09-03,177.000000,0.872415,0.644220,77822.600000,77776.970000
29807096,2026-09-03T08:56,77808.520000,-0.267400,0.288440,2026-09-03,122.000000,0.412308,0.477262,77822.580000,77808.520000
29807097,2026-09-03T08:57,77798.680000,-0.019900,-0.045476,2026-09-03,129.000000,1.287134,0.118771,77822.580000,77793.390000
29807098,2026-09-03T08:58,77812.620000,0.260400,-0.762458,2026-09-03,157.000000,1.078033,0.523971,77825.240000,77798.680000
29807099,2026-09-03T08:59,77803.120000,-0.329100,0.047943,2026-09-03,126.000000,0.334371,0.467741,77812.380000,77803.120000
29807100,2026-09-03T09:00,77770.760000,0.513700,-0.058871,2026-09-03,155.000000,0.653094,0.477901,77805.590000,77766.760000
29807101,2026-09-03T09:01,77767.540000,-0.498900,0.423112,2026-09-03,109.000000,1.535506,0.821581,77780.230000,77769.610000
29807102,2026-09-03T09:02,77790.290000,-0.239300,0.457248,2026-09-03,143.000000,0.551255,0.999398,77790.290000,77767.540000
29807103,2026-09-03T09:03,77778.390000,-0.403100,0.815209,2026-09-03,146.000000,0.489251,0.755953,77790.280000,77767.570000
29807104,2026-09-03T09:04,77793.380000,0.835000,0.704378,2026-09-03,191.000000,0.290615,0.851227,77791.510000,77770.010000
29807105,2026-09-03T09:05,77765.550000,0.420900,0.702455,2026-09-03,134.000000,1.033909,0.521356,77793.370000,77765.560000
29807106,2026-09-03T09:06,77793.390000,-0.568500,0.143986,2026-09-03,218.000000,1.316628,0.702540,77816.990000,77765.560000
29807107,2026-09-03T09:07,77814.460000,0.695700,0.344148,2026-09-03,233.000000,3.226817,0.983531,77814.470000,77777.000000
29807108,2026-09-03T09:08,77856.640000,-0.377900,0.966959,2026-09-03,263.000000,1.965540,0.725696,77865.720000,77809.740000
29807109,2026-09-03T09:09,77847.020000,0.029100,0.445218,2026-09-03,152.000000,0.718773,0.344774,77861.900000,77819.990000
29807110,2026-09-03T09:10,77845.510000,0.659900,-0.308364,2026-09-03,84.000000,0.208899,0.914002,77849.780000,77838.770000
29807111,2026-09-03T09:11,77907.740000,0.636200,0.829186,2026-09-03,262.000000,0.909257,0.893509,77907.740000,77832.020000
29807112,2026-09-03T09:12,77910.140000,-0.003200,0.767688,2026-09-03,190.000000,1.297833,0.331983,77933.240000,77900.530000
29807113,2026-09-03T09:13,77833.760000,-0.495700,-0.360040,2026-09-03,239.000000,6.383890,0.119869,77910.140000,77832.010000
29807114,2026-09-03T09:14,77830.050000,0.243100,-0.759892,2026-09-03,155.000000,1.123143,0.769968,77838.740000,77809.510000
29807115,2026-09-03T09:15,77864.990000,0.621100,0.539961,2026-09-03,152.000000,1.052721,0.992559,77865.000000,77816.860000
29807116,2026-09-03T09:16,77849.610000,0.283900,0.985547,2026-09-03,145.000000,0.779326,0.791207,77876.980000,77841.230000
29807117,2026-09-03T09:17,77870.470000,0.305900,0.567751,2026-09-03,167.000000,1.126872,0.935780,77873.950000,77841.230000
29807118,2026-09-03T09:18,77859.760000,0.194200,0.870977,2026-09-03,164.000000,1.230008,0.847462,77886.110000,77849.990000
29807119,2026-09-03T09:19,77803.880000,0.106500,0.694996,2026-09-03,134.000000,2.255824,0.866167,77859.770000,77793.390000
29807120,2026-09-03T09:20,77827.490000,1.000000,0.732261,2026-09-03,301.000000,5.331124,0.892643,77827.480000,77776.070000
29807121,2026-09-03T09:21,77799.600000,-0.210200,0.788435,2026-09-03,154.000000,2.875415,0.927124,77849.600000,77799.590000
29807122,2026-09-03T09:22,77813.950000,-0.519600,0.850265,2026-09-03,154.000000,1.758413,0.906892,77832.010000,77799.600000
29807123,2026-09-03T09:23,77798.260000,-0.340100,0.813524,2026-09-03,151.000000,1.035615,0.717089,77813.950000,77790.010000
29807124,2026-09-03T09:24,77803.890000,-0.560500,0.399167,2026-09-03,215.000000,1.333710,0.580143,77818.480000,77789.270000
29807125,2026-09-03T09:25,77790.610000,0.031500,0.183450,2026-09-03,105.000000,0.498174,0.682669,77803.040000,77782.510000
29807126,2026-09-03T09:26,77798.080000,-0.419600,0.364927,2026-09-03,82.000000,0.743000,0.893854,77798.090000,77781.020000
29807127,2026-09-03T09:27,77771.240000,0.016700,0.787708,2026-09-03,100.000000,0.130722,0.193380,77798.080000,77770.000000
29807128,2026-09-03T09:28,77746.510000,-0.465200,-0.613240,2026-09-03,205.000000,0.958537,0.272608,77775.970000,77746.510000
29807129,2026-09-03T09:29,77712.010000,-0.622000,-0.454783,2026-09-03,175.000000,1.906308,0.802359,77746.520000,77712.010000
29807130,2026-09-03T09:30,77699.260000,-0.809200,0.605272,2026-09-03,212.000000,1.318210,0.355777,77734.940000,77699.260000
29807131,2026-09-03T09:31,77707.600000,-0.312700,-0.291068,2026-09-03,213.000000,1.727230,0.441137,77725.200000,77699.220000
29807132,2026-09-03T09:32,77719.790000,-0.006400,-0.117735,2026-09-03,99.000000,0.198353,0.821738,77719.790000,77700.720000
29807133,2026-09-03T09:33,77728.570000,-0.055100,0.660865,2026-09-03,172.000000,0.723128,0.527846,77734.940000,77719.790000
29807134,2026-09-03T09:34,77717.290000,0.257000,-0.109378,2026-09-03,178.000000,1.060109,0.253025,77732.050000,77708.260000
29807135,2026-09-03T09:35,77712.300000,-0.169800,-0.438278,2026-09-03,170.000000,1.377430,0.332115,77718.850000,77698.490000
29807136,2026-09-03T09:36,77744.670000,-0.315200,-0.328464,2026-09-03,193.000000,1.826398,0.890510,77744.670000,77705.730000
29807137,2026-09-03T09:37,77733.010000,-0.849000,0.781019,2026-09-03,209.000000,1.224886,0.206068,77749.140000,77720.580000
29807138,2026-09-03T09:38,77716.180000,0.163100,-0.586284,2026-09-03,196.000000,0.607950,0.523504,77735.020000,77708.250000
29807139,2026-09-03T09:39,77700.490000,-0.288700,0.053800,2026-09-03,176.000000,1.008080,0.147289,77724.580000,77700.490000
29807140,2026-09-03T09:40,77663.980000,0.637400,-0.713115,2026-09-03,289.000000,2.570275,0.427480,77700.490000,77662.500000
29807141,2026-09-03T09:41,77639.670000,0.199900,0.215529,2026-09-03,264.000000,2.921822,0.253729,77687.980000,77622.760000
29807142,2026-09-03T09:42,77659.990000,0.015400,-0.489587,2026-09-03,147.000000,0.406493,0.827267,77660.000000,77639.680000
29807143,2026-09-03T09:43,77702.210000,0.842700,0.654650,2026-09-03,198.000000,0.428541,0.839979,77702.980000,77659.990000
29807144,2026-09-03T09:44,77697.460000,-0.286300,0.679855,2026-09-03,171.000000,0.273197,0.391393,77707.440000,77689.500000
29807145,2026-09-03T09:45,77729.860000,0.133000,-0.217214,2026-09-03,261.000000,1.328977,0.399233,77744.240000,77697.450000
29807146,2026-09-03T09:46,77712.580000,-0.418700,-0.201234,2026-09-03,167.000000,0.669643,0.436173,77739.360000,77712.570000
29807147,2026-09-03T09:47,77695.990000,-0.442900,-0.195524,2026-09-03,135.000000,0.575579,0.468212,77725.200000,77695.990000
29807148,2026-09-03T09:48,77644.880000,-0.248700,0.037355,2026-09-03,142.000000,0.755987,0.783558,77695.990000,77640.760000
29807149,2026-09-03T09:49,77590.820000,-0.291800,0.567116,2026-09-03,217.000000,2.256372,0.670949,77644.870000,77589.000000
29807150,2026-09-03T09:50,77610.520000,-0.485500,0.411742,2026-09-03,231.000000,0.776126,0.864196,77621.990000,77590.820000
29807151,2026-09-03T09:51,77613.010000,-0.090900,0.601995,2026-09-03,188.000000,0.599441,0.583011,77630.440000,77589.690000
29807152,2026-09-03T09:52,77632.010000,0.352900,0.705437,2026-09-03,165.000000,3.037556,0.863476,77650.000000,77613.020000
29807153,2026-09-03T09:53,77593.290000,-0.412400,0.572394,2026-09-03,186.000000,0.882500,0.146932,77636.440000,77584.490000
29807154,2026-09-03T09:54,77620.420000,-0.252200,-0.706118,2026-09-03,140.000000,0.867080,0.931681,77621.170000,77589.630000
29807155,2026-09-03T09:55,77591.230000,0.347200,0.863412,2026-09-03,77.000000,0.162048,0.240561,77617.720000,77591.220000
29807156,2026-09-03T09:56,77579.110000,-0.600800,-0.521872,2026-09-03,94.000000,0.261506,0.706136,77610.700000,77579.100000
29807157,2026-09-03T09:57,77614.510000,-0.381100,0.412272,2026-09-03,205.000000,5.270922,0.964776,77624.000000,77570.010000
29807158,2026-09-03T09:58,77580.010000,-0.357300,0.929630,2026-09-03,153.000000,2.753071,0.723082,77614.510000,77580.000000
29807159,2026-09-03T09:59,77570.990000,-0.188800,0.444888,2026-09-03,86.000000,1.843131,0.918933,77587.270000,77571.000000
29807160,2026-09-03T10:00,77570.990000,0.083700,0.838102,2026-09-03,120.000000,1.032832,0.775650,77585.600000,77570.990000
29807161,2026-09-03T10:01,77576.040000,-0.439400,0.545148,2026-09-03,191.000000,4.514553,0.676618,77584.500000,77549.880000
29807162,2026-09-03T10:02,77595.010000,-0.689700,0.348068,2026-09-03,185.000000,1.311563,0.757441,77620.620000,77576.040000
29807163,2026-09-03T10:03,77614.890000,0.198300,0.539667,2026-09-03,144.000000,0.681386,0.574192,77615.650000,77579.110000
29807164,2026-09-03T10:04,77608.710000,0.053400,0.142722,2026-09-03,128.000000,0.528488,0.635936,77611.300000,77579.100000
29807165,2026-09-03T10:05,77599.200000,0.195200,0.272027,2026-09-03,179.000000,1.496021,0.578555,77637.530000,77589.380000
29807166,2026-09-03T10:06,77589.010000,-0.558000,0.157095,2026-09-03,102.000000,0.441413,0.503905,77609.710000,77589.020000
29807167,2026-09-03T10:07,77637.540000,0.380900,0.007855,2026-09-03,226.000000,2.601041,0.830738,77637.540000,77589.010000
29807168,2026-09-03T10:08,77591.990000,0.229200,0.661537,2026-09-03,196.000000,5.085941,0.099577,77647.790000,77592.000000
29807169,2026-09-03T10:09,77617.610000,0.925900,-0.801011,2026-09-03,283.000000,3.252386,0.942064,77617.610000,77549.890000
29807170,2026-09-03T10:10,77621.990000,0.714000,0.819791,2026-09-03,123.000000,0.966762,0.737578,77621.990000,77598.570000
29807171,2026-09-03T10:11,77593.490000,-0.485700,0.674296,2026-09-03,95.000000,0.234350,0.416847,77629.490000,77593.490000
29807172,2026-09-03T10:12,77532.760000,-0.917700,-0.153833,2026-09-03,209.000000,1.776695,0.533522,77593.500000,77525.000000
29807173,2026-09-03T10:13,77502.010000,-0.559900,0.065896,2026-09-03,193.000000,2.368533,0.571894,77532.570000,77506.450000
29807174,2026-09-03T10:14,77529.670000,-0.508400,0.142563,2026-09-03,128.000000,1.474186,0.937646,77529.680000,77500.000000
29807175,2026-09-03T10:15,77520.670000,-0.615800,0.878223,2026-09-03,152.000000,1.461694,0.850506,77545.000000,77520.670000
29807176,2026-09-03T10:16,77499.010000,-0.475400,0.700981,2026-09-03,140.000000,0.858621,0.087551,77520.660000,77499.010000
29807177,2026-09-03T10:17,77532.010000,0.138200,-0.817844,2026-09-03,175.000000,1.519444,0.815427,77540.130000,77486.010000
29807178,2026-09-03T10:18,77586.600000,0.288500,0.630044,2026-09-03,219.000000,2.156573,0.785471,77595.770000,77528.890000
29807179,2026-09-03T10:19,77580.210000,0.872800,0.570986,2026-09-03,158.000000,0.837400,0.354067,77588.380000,77569.360000
29807180,2026-09-03T10:20,77638.790000,-0.041100,-0.273156,2026-09-03,447.000000,3.968651,0.566155,77665.210000,77588.090000
29807181,2026-09-03T10:21,77644.990000,0.642400,0.129725,2026-09-03,161.000000,1.362345,0.498593,77660.000000,77618.060000
29807182,2026-09-03T10:22,77670.740000,0.174700,-0.002868,2026-09-03,232.000000,0.714426,0.684343,77678.970000,77641.730000
29807183,2026-09-03T10:23,77633.990000,-0.306300,0.349991,2026-09-03,154.000000,0.291859,0.356598,77670.730000,77634.000000
29807184,2026-09-03T10:24,77609.540000,-0.280800,-0.255015,2026-09-03,146.000000,1.049210,0.767187,77634.000000,77608.330000
29807185,2026-09-03T10:25,77571.760000,-0.399800,0.533607,2026-09-03,116.000000,0.282411,0.584382,77614.080000,77579.100000
29807186,2026-09-03T10:26,77618.050000,0.758900,0.188660,2026-09-03,196.000000,1.319730,0.941782,77618.050000,77569.370000
29807187,2026-09-03T10:27,77600.140000,-0.006100,0.883024,2026-09-03,205.000000,2.830969,0.101830,77639.220000,77598.580000
29807188,2026-09-03T10:28,77607.700000,-0.033300,-0.790006,2026-09-03,123.000000,0.295235,0.825187,77615.990000,77600.140000
29807189,2026-09-03T10:29,77602.860000,0.409500,0.559311,2026-09-03,104.000000,0.213553,0.270591,77607.690000,77595.010000
29807190,2026-09-03T10:30,77562.790000,0.467600,-0.472813,2026-09-03,124.000000,4.251113,0.160301,77602.860000,77550.000000
29807191,2026-09-03T10:31,77571.830000,-0.183500,-0.678369,2026-09-03,206.000000,0.460798,0.527809,77584.550000,77562.780000
29807192,2026-09-03T10:32,77569.360000,0.669700,0.051064,2026-09-03,275.000000,1.262440,0.271502,77617.810000,77567.360000
29807193,2026-09-03T10:33,77583.790000,0.394900,-0.455713,2026-09-03,148.000000,0.583891,0.418776,77598.580000,77568.060000
29807194,2026-09-03T10:34,77472.990000,-0.057000,-0.163178,2026-09-03,264.000000,12.453363,0.056708,77583.800000,77458.340000
29807195,2026-09-03T10:35,77503.510000,-0.713400,-0.706085,2026-09-03,282.000000,4.495850,0.927643,77508.620000,77462.220000
29807196,2026-09-03T10:36,77503.430000,-0.051100,0.795488,2026-09-03,227.000000,2.324605,0.866608,77503.470000,77485.510000
29807197,2026-09-03T10:37,77475.010000,-0.425600,0.732873,2026-09-03,127.000000,0.465318,0.739867,77503.440000,77471.960000
29807198,2026-09-03T10:38,77480.990000,-0.116500,0.363156,2026-09-03,153.000000,2.302538,0.795439,77480.990000,77469.970000
29807199,2026-09-03T10:39,77510.210000,0.066300,0.707850,2026-09-03,213.000000,1.103504,0.810512,77516.020000,77480.990000
29807200,2026-09-03T10:40,77476.650000,-0.516500,-0.009538,2026-09-03,176.000000,2.887020,0.497967,77510.210000,77462.230000
29807201,2026-09-03T10:41,77464.330000,-0.495400,-0.003604,2026-09-03,141.000000,0.918440,0.728066,77476.660000,77454.010000
29807202,2026-09-03T10:42,77440.890000,-0.460100,0.455603,2026-09-03,216.000000,2.363662,0.773604,77468.860000,77436.280000
29807203,2026-09-03T10:43,77495.620000,0.302300,0.547131,2026-09-03,193.000000,2.378220,0.913564,77500.590000,77440.890000
29807204,2026-09-03T10:44,77476.510000,0.919100,0.736722,2026-09-03,128.000000,0.621779,0.373844,77496.000000,77463.020000
29807205,2026-09-03T10:45,77505.010000,0.553600,-0.065231,2026-09-03,260.000000,1.489026,0.429274,77521.220000,77470.000000
29807206,2026-09-03T10:46,77491.450000,0.851800,-0.154476,2026-09-03,179.000000,10.478422,0.031736,77517.610000,77491.440000
29807207,2026-09-03T10:47,77501.970000,-0.278400,-0.927132,2026-09-03,252.000000,3.278512,0.932680,77503.490000,77485.010000
29807208,2026-09-03T10:48,77552.930000,0.213100,0.863265,2026-09-03,356.000000,4.694677,0.635523,77573.890000,77501.470000
29807209,2026-09-03T10:49,77547.270000,-0.002500,0.271040,2026-09-03,151.000000,0.775087,0.440138,77552.640000,77526.000000
29807210,2026-09-03T10:50,77555.920000,0.305200,-0.119244,2026-09-03,128.000000,0.392501,0.576713,77559.990000,77541.480000
29807211,2026-09-03T10:51,77575.650000,0.121400,0.152742,2026-09-03,202.000000,0.365972,0.611269,77579.970000,77549.980000
29807212,2026-09-03T10:52,77698.290000,-0.167200,0.222538,2026-09-03,498.000000,3.972171,0.774336,77714.990000,77575.650000
29807213,2026-09-03T10:53,77686.240000,0.325000,0.548672,2026-09-03,297.000000,2.958276,0.273843,77750.000000,77674.990000
29807214,2026-09-03T10:54,77690.290000,-0.478600,-0.452312,2026-09-03,195.000000,2.147404,0.971260,77700.760000,77671.740000
29807215,2026-09-03T10:55,77743.120000,0.548700,0.942535,2026-09-03,245.000000,3.077333,0.761122,77745.100000,77690.280000
29807216,2026-09-03T10:56,77707.320000,0.732200,0.522028,2026-09-03,195.000000,1.683102,0.207521,77743.130000,77707.320000
29807217,2026-09-03T10:57,77691.150000,0.114700,-0.583574,2026-09-03,148.000000,10.368651,0.012150,77707.320000,77685.550000
29807218,2026-09-03T10:58,77670.010000,-0.400100,-0.975995,2026-09-03,218.000000,1.078704,0.700662,77726.230000,77670.010000
29807219,2026-09-03T10:59,77708.610000,0.712000,0.401324,2026-09-03,271.000000,3.890010,0.527124,77716.500000,77664.280000
29807220,2026-09-03T11:00,77726.760000,0.358500,0.054899,2026-09-03,350.000000,11.113308,0.087931,77726.770000,77686.250000
29807221,2026-09-03T11:01,77727.860000,0.242500,-0.824538,2026-09-03,221.000000,0.469851,0.655152,77733.720000,77695.980000
29807222,2026-09-03T11:02,77737.620000,0.515100,0.309953,2026-09-03,348.000000,6.391865,0.169330,77744.680000,77721.600000
29807223,2026-09-03T11:03,77676.510000,0.113500,-0.661341,2026-09-03,227.000000,1.196055,0.426145,77759.750000,77676.500000
29807224,2026-09-03T11:04,77717.240000,0.712900,-0.147189,2026-09-03,299.000000,1.071512,0.740510,77717.250000,77670.970000
29807225,2026-09-03T11:05,77753.020000,0.032000,0.481824,2026-09-03,280.000000,0.882780,0.974920,77753.030000,77717.230000
29807226,2026-09-03T11:06,77736.010000,0.013100,0.949344,2026-09-03,206.000000,0.770238,0.442367,77753.030000,77736.010000
29807227,2026-09-03T11:07,77719.510000,-0.845900,-0.115090,2026-09-03,315.000000,1.160047,0.679476,77741.990000,77715.470000
29807228,2026-09-03T11:08,77739.460000,-0.257900,0.361132,2026-09-03,293.000000,0.595118,0.910419,77758.320000,77703.760000
29807229,2026-09-03T11:09,77773.620000,-0.450900,0.967717,2026-09-03,333.000000,5.434141,0.862534,77795.000000,77743.700000
29807230,2026-09-03T11:10,77728.110000,-0.323200,0.451314,2026-09-03,211.000000,11.266972,0.041843,77773.630000,77725.200000
29807231,2026-09-03T11:11,77746.290000,-0.071300,-0.916369,2026-09-03,183.000000,0.348785,0.761846,77750.010000,77729.310000
29807232,2026-09-03T11:12,77777.990000,0.686400,0.523864,2026-09-03,199.000000,0.588396,0.864457,77777.990000,77746.280000
29807233,2026-09-03T11:13,77782.140000,0.280500,0.728915,2026-09-03,169.000000,2.372145,0.111061,77792.980000,77772.540000
29807234,2026-09-03T11:14,77789.240000,0.650800,-0.777878,2026-09-03,112.000000,0.132893,0.967485,77789.240000,77782.140000
29807235,2026-09-03T11:15,77829.200000,-0.493500,0.934976,2026-09-03,349.000000,1.925619,0.880712,77847.740000,77789.240000
29807236,2026-09-03T11:16,77848.260000,-0.389900,0.761637,2026-09-03,239.000000,0.652243,0.539993,77869.040000,77825.490000
29807237,2026-09-03T11:17,77832.350000,-0.677600,0.078141,2026-09-03,344.000000,11.483454,0.040967,77856.730000,77832.340000
29807238,2026-09-03T11:18,77891.100000,0.244800,-0.901053,2026-09-03,588.000000,16.954666,0.948296,77915.240000,77832.340000
29807239,2026-09-03T11:19,77891.710000,-0.056100,0.896015,2026-09-03,314.000000,2.303890,0.629262,77906.970000,77874.810000
29807240,2026-09-03T11:20,77861.570000,-0.492100,0.365590,2026-09-03,254.000000,2.156771,0.859740,77910.260000,77861.560000
29807241,2026-09-03T11:21,77816.550000,0.073000,0.680121,2026-09-03,353.000000,1.868072,0.801701,77861.570000,77809.520000
29807242,2026-09-03T11:22,77836.180000,0.321500,0.591608,2026-09-03,230.000000,1.972159,0.375818,77837.980000,77815.530000
29807243,2026-09-03T11:23,77823.120000,0.280600,-0.302428,2026-09-03,211.000000,0.990170,0.918353,77848.770000,77817.370000
29807244,2026-09-03T11:24,77876.700000,0.889600,0.850726,2026-09-03,307.000000,1.061109,0.680903,77876.700000,77823.130000
29807245,2026-09-03T11:25,77888.240000,0.561000,0.322012,2026-09-03,252.000000,0.774113,0.693511,77888.240000,77862.230000
29807246,2026-09-03T11:26,77910.240000,0.156800,0.437573,2026-09-03,248.000000,0.715565,0.734560,77910.250000,77877.580000
29807247,2026-09-03T11:27,77870.550000,0.003400,0.475215,2026-09-03,209.000000,0.841230,0.704837,77929.740000,77870.560000
29807248,2026-09-03T11:28,77881.450000,-0.552300,0.400968,2026-09-03,179.000000,1.268991,0.227614,77888.490000,77870.560000
29807249,2026-09-03T11:29,77894.710000,-0.042100,-0.544771,2026-09-03,227.000000,1.834749,0.412769,77900.520000,77869.790000
29807250,2026-09-03T11:30,77890.790000,-0.008400,-0.172754,2026-09-03,188.000000,1.171087,0.429685,77925.570000,77892.950000
29807251,2026-09-03T11:31,77849.350000,0.380000,-0.083697,2026-09-03,670.000000,26.522698,0.081045,77904.010000,77782.380000
29807252,2026-09-03T11:32,77908.670000,0.606700,-0.842369,2026-09-03,250.000000,6.680709,0.855059,77908.680000,77846.880000
29807253,2026-09-03T11:33,77924.640000,0.379300,0.709983,2026-09-03,180.000000,2.280729,0.401119,77938.670000,77908.670000
29807254,2026-09-03T11:34,77899.920000,0.093300,-0.197574,2026-09-03,173.000000,1.053262,0.158533,77924.650000,77899.900000
29807255,2026-09-03T11:35,77856.760000,-0.017600,-0.691821,2026-09-03,222.000000,1.033634,0.327644,77899.910000,77847.770000
29807256,2026-09-03T11:36,77901.210000,-0.118100,-0.336947,2026-09-03,240.000000,1.436334,0.729289,77905.000000,77842.090000
29807257,2026-09-03T11:37,77866.080000,-0.490000,0.428271,2026-09-03,122.000000,0.758225,0.343213,77901.200000,77866.070000
29807258,2026-09-03T11:38,77879.240000,0.485400,-0.254588,2026-09-03,122.000000,0.502276,0.854794,77879.240000,77866.090000
29807259,2026-09-03T11:39,77916.430000,-0.084900,0.709588,2026-09-03,200.000000,1.752549,0.673319,77917.380000,77878.470000
29807260,2026-09-03T11:40,77910.010000,0.070900,0.336095,2026-09-03,188.000000,0.957072,0.467855,77931.390000,77891.270000
29807261,2026-09-03T11:41,77939.710000,0.783500,-0.101367,2026-09-03,226.000000,0.736553,0.332687,77939.710000,77900.530000
29807262,2026-09-03T11:42,77937.710000,0.230400,-0.334626,2026-09-03,155.000000,0.655058,0.559443,77946.360000,77933.240000
29807263,2026-09-03T11:43,77920.010000,-0.158300,0.050412,2026-09-03,121.000000,0.528266,0.277997,77945.610000,77920.010000
29807264,2026-09-03T11:44,77899.900000,-0.137700,-0.395455,2026-09-03,200.000000,3.123225,0.607821,77925.000000,77883.020000
29807265,2026-09-03T11:45,77933.850000,0.624800,0.215941,2026-09-03,229.000000,3.116641,0.176914,77939.430000,77899.860000
29807266,2026-09-03T11:46,77946.830000,0.245800,-0.583942,2026-09-03,163.000000,2.285392,0.400008,77971.600000,77933.850000
29807267,2026-09-03T11:47,77901.710000,-0.092700,-0.268636,2026-09-03,205.000000,1.378119,0.425156,77946.830000,77900.540000
29807268,2026-09-03T11:48,77856.990000,0.090700,-0.149689,2026-09-03,297.000000,3.693708,0.290906,77910.130000,77842.080000
29807269,2026-09-03T11:49,77861.330000,0.027500,-0.417954,2026-09-03,130.000000,0.951933,0.533840,77861.330000,77847.140000
29807270,2026-09-03T11:50,77856.990000,0.455700,0.273455,2026-09-03,227.000000,2.028597,0.770883,77888.810000,77857.000000
29807271,2026-09-03T11:51,77892.230000,0.650400,0.471077,2026-09-03,189.000000,0.422998,0.277617,77894.990000,77871.880000
29807272,2026-09-03T11:52,77906.920000,0.090600,-0.443454,2026-09-03,163.000000,0.907329,0.556584,77907.920000,77889.110000
29807273,2026-09-03T11:53,77889.110000,0.520800,0.112942,2026-09-03,98.000000,0.196574,0.514427,77906.920000,77892.140000
29807274,2026-09-03T11:54,77868.010000,-0.560700,0.295154,2026-09-03,183.000000,5.328242,0.063420,77894.490000,77868.020000
29807275,2026-09-03T11:55,77913.520000,-0.442100,-0.899661,2026-09-03,311.000000,7.185255,0.936801,77920.000000,77861.560000
29807276,2026-09-03T11:56,77890.790000,-0.019800,0.873589,2026-09-03,170.000000,0.711686,0.269375,77915.310000,77890.780000
29807277,2026-09-03T11:57,77942.990000,0.476100,-0.462034,2026-09-03,176.000000,1.697743,0.569834,77942.990000,77884.140000
29807278,2026-09-03T11:58,77942.990000,0.337900,0.139782,2026-09-03,94.000000,0.433456,0.587185,77942.990000,77933.270000
29807279,2026-09-03T11:59,77910.260000,-0.475300,0.174651,2026-09-03,129.000000,0.767963,0.176192,77942.980000,77910.270000
29807280,2026-09-03T12:00,77902.110000,-0.145600,-0.647635,2026-09-03,250.000000,2.909277,0.457015,77910.270000,77868.010000
29807281,2026-09-03T12:01,77881.120000,0.713900,-0.085703,2026-09-03,188.000000,1.645838,0.701334,77910.000000,77871.310000
29807282,2026-09-03T12:02,77910.260000,0.351800,0.477974,2026-09-03,219.000000,3.820261,0.201662,77913.740000,77873.360000
29807283,2026-09-03T12:03,77876.790000,-0.150300,-0.699645,2026-09-03,170.000000,1.347568,0.297754,77920.000000,77876.780000
29807284,2026-09-03T12:04,77907.960000,0.691600,-0.411288,2026-09-03,191.000000,1.166251,0.675582,77910.570000,77860.520000
29807285,2026-09-03T12:05,77898.270000,-0.250800,0.697964,2026-09-03,130.000000,1.107303,0.253956,77917.140000,77897.270000
29807286,2026-09-03T12:06,77881.510000,0.126600,-0.813810,2026-09-03,153.000000,1.342264,0.293849,77898.270000,77881.520000
29807287,2026-09-03T12:07,77866.430000,0.096900,-0.411705,2026-09-03,168.000000,1.323396,0.317206,77891.190000,77850.490000
29807288,2026-09-03T12:08,77862.650000,0.357400,-0.366280,2026-09-03,147.000000,1.528001,0.417611,77881.030000,77855.220000
29807289,2026-09-03T12:09,77921.790000,0.746700,-0.166326,2026-09-03,320.000000,3.845193,0.284169,77921.990000,77859.120000
29807290,2026-09-03T12:10,77997.100000,0.325500,-0.431280,2026-09-03,468.000000,2.525140,0.767082,78004.560000,77907.800000
29807291,2026-09-03T12:11,78011.480000,-0.102300,0.534057,2026-09-03,265.000000,2.038249,0.326321,78029.990000,77969.720000
29807292,2026-09-03T12:12,78008.080000,0.160700,-0.347288,2026-09-03,333.000000,6.391640,0.821415,78033.750000,77969.270000
29807293,2026-09-03T12:13,78033.760000,0.397300,0.642851,2026-09-03,209.000000,1.350422,0.540993,78033.760000,77988.190000
29807294,2026-09-03T12:14,78041.070000,0.468700,0.082270,2026-09-03,282.000000,4.454737,0.585891,78062.530000,78015.460000
29807295,2026-09-03T12:15,78090.740000,0.688900,0.146120,2026-09-03,243.000000,3.947265,0.828518,78090.740000,78039.930000
29807296,2026-09-03T12:16,78022.230000,0.479700,0.699824,2026-09-03,274.000000,4.359539,0.167599,78110.860000,78019.030000
29807297,2026-09-03T12:17,77948.260000,0.496500,-0.664377,2026-09-03,206.000000,4.906578,0.090338,78034.930000,77939.800000
29807298,2026-09-03T12:18,77949.960000,0.211600,-0.802640,2026-09-03,263.000000,4.679411,0.256887,77961.600000,77913.030000
29807299,2026-09-03T12:19,77970.290000,-0.168900,-0.500748,2026-09-03,177.000000,0.881854,0.473982,77976.120000,77949.230000
29807300,2026-09-03T12:20,77907.240000,-0.289000,-0.157984,2026-09-03,221.000000,4.187701,0.099226,77970.280000,77900.850000
29807301,2026-09-03T12:21,77935.320000,0.467600,-0.796242,2026-09-03,200.000000,0.820111,0.440617,77951.350000,77907.240000
29807302,2026-09-03T12:22,77960.930000,0.601200,-0.118553,2026-09-03,212.000000,1.483262,0.502345,77972.430000,77933.560000
29807303,2026-09-03T12:23,77966.990000,0.759200,0.005256,2026-09-03,191.000000,1.128962,0.527971,77972.560000,77936.630000
29807304,2026-09-03T12:24,77953.270000,0.420500,0.083669,2026-09-03,284.000000,2.071714,0.381864,77984.890000,77949.230000
29807305,2026-09-03T12:25,77920.880000,-0.134200,-0.209208,2026-09-03,211.000000,1.134266,0.287045,77964.620000,77916.100000
29807306,2026-09-03T12:26,77926.580000,-0.572000,-0.535703,2026-09-03,172.000000,0.757848,0.499384,77928.680000,77918.180000
29807307,2026-09-03T12:27,77945.100000,-0.050400,0.073345,2026-09-03,233.000000,0.833671,0.547244,77945.110000,77926.570000
29807308,2026-09-03T12:28,77938.580000,0.376400,0.027753,2026-09-03,244.000000,0.594820,0.123491,77945.100000,77938.570000
29807309,2026-09-03T12:29,77933.260000,-0.404800,-0.715156,2026-09-03,283.000000,1.456691,0.176677,77955.360000,77931.560000
29807310,2026-09-03T12:30,78174.640000,0.292500,-0.223808,2026-09-03,1120.000000,31.475235,0.704162,78224.000000,77932.310000
29807311,2026-09-03T12:31,78205.920000,0.651600,0.394257,2026-09-03,515.000000,11.537303,0.456810,78205.920000,78095.330000
29807312,2026-09-03T12:32,78260.960000,0.320000,0.218675,2026-09-03,1781.000000,57.293509,0.627057,78469.500000,78197.580000
29807313,2026-09-03T12:33,78272.510000,0.241100,0.190988,2026-09-03,1028.000000,16.414078,0.461088,78342.220000,78253.880000
29807314,2026-09-03T12:34,78264.140000,-0.116600,-0.078863,2026-09-03,531.000000,3.547452,0.577414,78323.080000,78257.270000
29807315,2026-09-03T12:35,78180.610000,0.364600,0.142843,2026-09-03,411.000000,2.492982,0.725097,78258.340000,78171.000000
29807316,2026-09-03T12:36,78237.740000,0.493800,0.482169,2026-09-03,497.000000,3.772471,0.705481,78245.990000,78174.430000
29807317,2026-09-03T12:37,78306.640000,0.492700,0.410942,2026-09-03,429.000000,4.533299,0.636637,78308.000000,78242.270000
29807318,2026-09-03T12:38,78345.710000,0.672000,0.399369,2026-09-03,490.000000,5.740383,0.513981,78369.010000,78306.650000
29807319,2026-09-03T12:39,78330.080000,0.062400,-0.105248,2026-09-03,372.000000,12.186008,0.601428,78373.540000,78280.380000
29807320,2026-09-03T12:40,78356.930000,0.484500,0.217434,2026-09-03,577.000000,12.993021,0.599884,78383.990000,78280.170000
29807321,2026-09-03T12:41,78260.860000,0.549700,0.142179,2026-09-03,558.000000,6.904005,0.254031,78358.070000,78231.690000
29807322,2026-09-03T12:42,78305.850000,0.448900,-0.474262,2026-09-03,306.000000,4.104135,0.732714,78317.990000,78250.830000
29807323,2026-09-03T12:43,78247.010000,0.328700,0.483874,2026-09-03,266.000000,1.716638,0.854798,78309.070000,78231.680000
29807324,2026-09-03T12:44,78284.260000,-0.271200,0.709200,2026-09-03,289.000000,2.331239,0.835949,78289.290000,78239.960000
29807325,2026-09-03T12:45,78232.510000,-0.699600,0.671763,2026-09-03,345.000000,4.379551,0.464288,78283.510000,78232.510000
29807326,2026-09-03T12:46,78314.990000,0.903800,-0.160081,2026-09-03,451.000000,2.661263,0.572729,78314.990000,78205.490000
29807327,2026-09-03T12:47,78334.990000,0.622000,0.431652,2026-09-03,366.000000,7.406458,0.157589,78358.300000,78315.000000
29807328,2026-09-03T12:48,78358.120000,0.884900,-0.685144,2026-09-03,396.000000,4.358615,0.513013,78373.860000,78327.910000
29807329,2026-09-03T12:49,78329.710000,0.040500,0.021733,2026-09-03,325.000000,5.095182,0.163441,78358.120000,78318.000000
29807330,2026-09-03T12:50,78335.430000,0.169600,-0.582248,2026-09-03,488.000000,9.663459,0.364821,78400.960000,78313.590000
29807331,2026-09-03T12:51,78347.240000,0.865700,-0.309587,2026-09-03,308.000000,1.878069,0.598459,78363.260000,78321.120000
29807332,2026-09-03T12:52,78437.510000,0.352900,0.196344,2026-09-03,654.000000,11.293466,0.670578,78484.840000,78353.980000
29807333,2026-09-03T12:53,78503.850000,0.572900,0.310392,2026-09-03,652.000000,19.540613,0.905555,78514.930000,78430.910000
29807334,2026-09-03T12:54,78523.890000,0.388800,0.836121,2026-09-03,607.000000,10.636508,0.410624,78567.760000,78497.960000
29807335,2026-09-03T12:55,78588.670000,0.467500,-0.188076,2026-09-03,1011.000000,17.120624,0.653772,78683.800000,78514.150000
29807336,2026-09-03T12:56,78632.800000,0.573200,0.318014,2026-09-03,691.000000,12.014776,0.204167,78670.020000,78582.320000
29807337,2026-09-03T12:57,78738.790000,0.322100,-0.603874,2026-09-03,701.000000,23.613881,0.616200,78747.900000,78640.750000
29807338,2026-09-03T12:58,78755.400000,-0.201500,0.228217,2026-09-03,491.000000,9.858527,0.680868,78769.080000,78715.000000
29807339,2026-09-03T12:59,78621.290000,-0.794600,0.361411,2026-09-03,545.000000,20.939468,0.066495,78748.580000,78578.960000
29807340,2026-09-03T13:00,78566.110000,-0.319900,-0.856049,2026-09-03,461.000000,15.093000,0.793670,78660.240000,78518.260000
29807341,2026-09-03T13:01,78625.010000,-0.301900,0.586561,2026-09-03,315.000000,2.653205,0.657655,78647.020000,78554.260000
29807342,2026-09-03T13:02,78614.730000,0.317500,-0.231850,2026-09-03,631.000000,8.330225,0.154352,78621.290000,78554.990000
29807343,2026-09-03T13:03,78650.510000,0.433000,-0.604880,2026-09-03,626.000000,8.436888,0.456236,78691.010000,78617.630000
29807344,2026-09-03T13:04,78581.960000,-0.007600,-0.079886,2026-09-03,1157.000000,7.623368,0.244975,78650.650000,78576.770000
29807345,2026-09-03T13:05,78567.120000,0.342300,-0.511133,2026-09-03,338.000000,1.939822,0.526517,78595.240000,78562.510000
29807346,2026-09-03T13:06,78508.230000,-0.276600,-0.023408,2026-09-03,541.000000,5.248833,0.266730,78577.050000,78504.410000
29807347,2026-09-03T13:07,78508.860000,-0.223200,-0.468304,2026-09-03,764.000000,2.900481,0.296167,78533.620000,78489.190000
29807348,2026-09-03T13:08,78536.010000,-0.427200,-0.372380,2026-09-03,471.000000,6.515355,0.779547,78564.640000,78486.000000
29807349,2026-09-03T13:09,78500.990000,-0.000800,0.560585,2026-09-03,668.000000,3.308549,0.312797,78536.010000,78490.350000
29807350,2026-09-03T13:10,78502.260000,0.375700,-0.374406,2026-09-03,828.000000,3.686860,0.250042,78514.140000,78486.770000
29807351,2026-09-03T13:11,78573.710000,0.400600,-0.499915,2026-09-03,710.000000,5.965594,0.550790,78582.310000,78490.230000
29807352,2026-09-03T13:12,78551.990000,0.750400,0.100939,2026-09-03,784.000000,3.352443,0.266962,78567.800000,78535.490000
29807353,2026-09-03T13:13,78551.080000,-0.200200,-0.483338,2026-09-03,794.000000,4.944728,0.513713,78576.700000,78520.000000
29807354,2026-09-03T13:14,78525.670000,0.025300,0.007970,2026-09-03,414.000000,1.927215,0.426399,78551.090000,78506.980000
29807355,2026-09-03T13:15,78520.510000,0.094600,-0.042306,2026-09-03,602.000000,2.622133,0.368116,78539.930000,78512.030000
29807356,2026-09-03T13:16,78490.740000,0.476000,-0.263831,2026-09-03,752.000000,4.489108,0.210875,78520.520000,78468.760000
29807357,2026-09-03T13:17,78471.640000,-0.045900,-0.571325,2026-09-03,713.000000,3.399233,0.142353,78514.140000,78470.010000
29807358,2026-09-03T13:18,78445.980000,-0.004000,-0.725428,2026-09-03,489.000000,5.236139,0.089466,78471.650000,78445.700000
29807359,2026-09-03T13:19,78467.830000,0.600500,-0.818381,2026-09-03,412.000000,2.830775,0.361873,78467.830000,78434.050000
29807360,2026-09-03T13:20,78465.430000,0.246700,-0.278638,2026-09-03,811.000000,4.990675,0.156412,78467.830000,78420.410000
29807361,2026-09-03T13:21,78508.920000,-0.010000,-0.687671,2026-09-03,1082.000000,5.563411,0.342396,78512.950000,78457.200000
29807362,2026-09-03T13:22,78570.230000,0.743800,-0.286487,2026-09-03,894.000000,10.747618,0.318241,78582.300000,78508.910000
29807363,2026-09-03T13:23,78555.300000,-0.127200,-0.379411,2026-09-03,1230.000000,10.730201,0.192379,78577.220000,78544.210000
29807364,2026-09-03T13:24,78556.920000,0.189200,-0.615209,2026-09-03,821.000000,3.622332,0.199198,78568.770000,78541.590000
29807365,2026-09-03T13:25,78538.790000,0.586100,-0.694546,2026-09-03,822.000000,5.210801,0.272413,78556.920000,78514.140000
29807366,2026-09-03T13:26,78470.390000,0.420200,-0.309168,2026-09-03,1604.000000,9.684480,0.184799,78538.800000,78465.000000
29807367,2026-09-03T13:27,78501.400000,0.386400,-0.630464,2026-09-03,1208.000000,8.170446,0.258627,78512.820000,78467.650000
29807368,2026-09-03T13:28,78459.480000,-0.716800,-0.523717,2026-09-03,1317.000000,7.382043,0.324650,78514.090000,78457.510000
29807369,2026-09-03T13:29,78466.930000,0.652400,-0.282312,2026-09-03,545.000000,3.013089,0.361465,78484.910000,78455.700000
29807370,2026-09-03T13:30,78483.610000,0.511300,-0.145795,2026-09-03,621.000000,9.277195,0.726577,78492.010000,78431.320000
29807371,2026-09-03T13:31,78601.440000,-0.306900,0.435747,2026-09-03,793.000000,10.182532,0.629149,78654.740000,78481.590000
29807372,2026-09-03T13:32,78596.740000,0.655700,0.322372,2026-09-03,655.000000,12.282367,0.738664,78620.810000,78529.980000
29807373,2026-09-03T13:33,78649.140000,0.698200,0.422349,2026-09-03,523.000000,7.775336,0.810471,78651.970000,78545.570000
29807374,2026-09-03T13:34,78597.010000,0.569900,0.632388,2026-09-03,643.000000,10.958313,0.762027,78691.000000,78586.750000
29807375,2026-09-03T13:35,78609.460000,0.643200,0.529478,2026-09-03,580.000000,8.357124,0.653295,78660.000000,78572.590000
29807376,2026-09-03T13:36,78523.850000,0.417400,0.307375,2026-09-03,817.000000,12.748485,0.565253,78629.150000,78491.000000
29807377,2026-09-03T13:37,78653.690000,0.607800,0.129654,2026-09-03,549.000000,9.104828,0.824680,78665.020000,78484.930000
29807378,2026-09-03T13:38,78748.320000,0.804400,0.638112,2026-09-03,1255.000000,33.077101,0.671355,78819.760000,78640.770000
29807379,2026-09-03T13:39,78831.290000,0.884400,0.342384,2026-09-03,1531.000000,32.417847,0.729775,78837.710000,78717.280000
29807380,2026-09-03T13:40,78783.800000,0.584400,0.470221,2026-09-03,1658.000000,28.592361,0.696268,78888.000000,78745.020000
29807381,2026-09-03T13:41,78878.920000,0.700300,0.380586,2026-09-03,568.000000,5.948007,0.806361,78886.630000,78743.990000
29807382,2026-09-03T13:42,78839.980000,0.899500,0.614007,2026-09-03,639.000000,21.076723,0.252396,78902.730000,78810.000000
29807383,2026-09-03T13:43,78900.580000,0.831900,-0.501831,2026-09-03,784.000000,8.501744,0.666068,78908.380000,78839.970000
29807384,2026-09-03T13:44,78903.740000,0.860200,0.333244,2026-09-03,560.000000,7.973572,0.773859,78914.880000,78876.050000
29807385,2026-09-03T13:45,78904.270000,0.588400,-0.236941,2026-09-03,2083.000000,27.360673,0.297575,78973.930000,78855.000000
29807386,2026-09-03T13:46,78911.000000,0.182600,-0.156782,2026-09-03,1283.000000,16.355549,0.669482,78982.030000,78878.400000
29807387,2026-09-03T13:47,78824.460000,0.150500,0.342839,2026-09-03,1422.000000,14.165297,0.585677,78924.030000,78805.000000
29807388,2026-09-03T13:48,78796.960000,0.525700,0.161143,2026-09-03,570.000000,10.696277,0.496974,78846.070000,78783.010000
29807389,2026-09-03T13:49,78808.240000,-0.258100,0.003346,2026-09-03,424.000000,4.044854,0.653704,78846.060000,78777.120000
29807390,2026-09-03T13:50,78942.150000,0.213100,0.319830,2026-09-03,1550.000000,14.412402,0.643247,78958.230000,78801.000000
29807391,2026-09-03T13:51,78888.010000,0.658600,0.281701,2026-09-03,1208.000000,12.224933,0.510928,78952.430000,78886.880000
29807392,2026-09-03T13:52,78829.420000,0.647000,0.025759,2026-09-03,972.000000,14.563696,0.504882,78897.070000,78816.080000
29807393,2026-09-03T13:53,78781.050000,0.456400,0.052213,2026-09-03,836.000000,7.052835,0.414560,78853.510000,78777.130000
29807394,2026-09-03T13:54,78764.830000,0.558000,-0.300681,2026-09-03,978.000000,7.250770,0.460893,78792.580000,78754.510000
29807395,2026-09-03T13:55,78739.640000,0.190900,-0.102891,2026-09-03,623.000000,4.145183,0.425852,78764.830000,78726.530000
29807396,2026-09-03T13:56,78721.430000,0.436000,-0.105264,2026-09-03,760.000000,4.292264,0.272132,78755.670000,78717.500000
29807397,2026-09-03T13:57,78813.150000,0.779900,-0.456969,2026-09-03,710.000000,4.030784,0.495544,78836.980000,78715.000000
29807398,2026-09-03T13:58,78839.330000,0.688900,0.018694,2026-09-03,679.000000,4.706432,0.579118,78853.040000,78798.000000
29807399,2026-09-03T13:59,78824.930000,0.616200,0.140494,2026-09-03,467.000000,3.112071,0.295170,78839.330000,78804.080000
29807400,2026-09-03T14:00,78680.260000,-0.757400,-0.428413,2026-09-03,563.000000,8.182934,0.200215,78820.720000,78680.250000
29807401,2026-09-03T14:01,78742.880000,0.113800,-0.587459,2026-09-03,378.000000,4.588444,0.645017,78782.290000,78676.300000
29807402,2026-09-03T14:02,78812.990000,0.825400,0.297844,2026-09-03,547.000000,11.586741,0.518411,78842.900000,78748.970000
29807403,2026-09-03T14:03,78855.010000,0.908200,0.027579,2026-09-03,752.000000,7.532356,0.434614,78869.230000,78748.920000
29807404,2026-09-03T14:04,78880.510000,0.444500,-0.130625,2026-09-03,821.000000,11.610128,0.706631,78918.720000,78855.010000
29807405,2026-09-03T14:05,78862.290000,0.484300,0.381960,2026-09-03,771.000000,11.071304,0.712643,78910.420000,78824.270000
29807406,2026-09-03T14:06,78907.610000,0.855900,0.464975,2026-09-03,1004.000000,13.918470,0.685732,78911.270000,78845.480000
29807407,2026-09-03T14:07,78874.520000,0.693300,0.366903,2026-09-03,920.000000,8.531066,0.603045,78933.940000,78873.050000
29807408,2026-09-03T14:08,78920.600000,0.876800,0.206421,2026-09-03,650.000000,11.531540,0.475328,78923.210000,78832.550000
29807409,2026-09-03T14:09,78857.240000,0.328600,-0.051817,2026-09-03,694.000000,7.478011,0.614122,78941.240000,78853.040000
29807410,2026-09-03T14:10,78819.210000,0.382100,0.234069,2026-09-03,479.000000,5.310111,0.631572,78884.130000,78815.000000
29807411,2026-09-03T14:11,78934.740000,-0.027600,0.292539,2026-09-03,935.000000,10.911444,0.600771,78944.990000,78781.800000
29807412,2026-09-03T14:12,78898.980000,-0.061500,0.183790,2026-09-03,1047.000000,19.919076,0.754205,78998.420000,78878.210000
29807413,2026-09-03T14:13,78937.920000,0.520000,0.508214,2026-09-03,499.000000,4.525803,0.549191,78942.700000,78896.240000
29807414,2026-09-03T14:14,78975.460000,0.591400,0.096797,2026-09-03,632.000000,11.789154,0.616215,78984.840000,78890.000000
29807415,2026-09-03T14:15,78971.920000,0.728500,0.234121,2026-09-03,742.000000,49.310269,0.923339,78998.420000,78967.090000
29807416,2026-09-03T14:16,79052.990000,0.550800,0.846645,2026-09-03,1126.000000,159.145945,0.971247,79075.050000,78963.600000
29807417,2026-09-03T14:17,79109.880000,0.870400,0.941564,2026-09-03,816.000000,11.692926,0.800339,79117.390000,79035.000000
29807418,2026-09-03T14:18,78994.880000,0.495500,0.603000,2026-09-03,767.000000,13.934240,0.771809,79148.280000,78981.780000
29807419,2026-09-03T14:19,79006.320000,0.599000,0.544813,2026-09-03,633.000000,11.319505,0.860796,79048.520000,78979.510000
29807420,2026-09-03T14:20,79078.430000,0.503100,0.721084,2026-09-03,562.000000,11.328714,0.842782,79097.580000,79000.430000
29807421,2026-09-03T14:21,79104.110000,0.681600,0.655193,2026-09-03,1346.000000,23.600027,0.752524,79157.390000,79071.750000
29807422,2026-09-03T14:22,79225.050000,0.838700,0.515987,2026-09-03,1800.000000,32.364643,0.777088,79239.220000,79097.530000
29807423,2026-09-03T14:23,79297.570000,0.659800,0.549509,2026-09-03,1527.000000,23.694878,0.733806,79316.800000,79200.030000
29807424,2026-09-03T14:24,79362.020000,0.555600,0.475563,2026-09-03,982.000000,25.293819,0.733101,79381.370000,79297.080000
29807425,2026-09-03T14:25,79450.850000,0.305500,0.453432,2026-09-03,2959.000000,72.250898,0.815232,79535.990000,79353.860000
29807426,2026-09-03T14:26,79551.510000,0.750700,0.631316,2026-09-03,1930.000000,40.114069,0.673783,79583.620000,79430.020000
29807427,2026-09-03T14:27,79566.070000,0.742700,0.352596,2026-09-03,2487.000000,66.230306,0.767451,79611.660000,79535.000000
29807428,2026-09-03T14:28,79585.020000,0.144600,0.540298,2026-09-03,5420.000000,69.573857,0.582303,79678.970000,79556.330000
29807429,2026-09-03T14:29,79651.620000,-0.172600,0.151610,2026-09-03,1288.000000,30.252302,0.727877,79695.480000,79555.000000
29807430,2026-09-03T14:30,79751.010000,0.608700,0.456773,2026-09-03,1779.000000,83.633398,0.902635,79788.990000,79588.680000
29807431,2026-09-03T14:31,79764.980000,0.701800,0.796698,2026-09-03,2556.000000,44.879009,0.731942,79809.700000,79670.000000
29807432,2026-09-03T14:32,79823.930000,0.685600,0.475640,2026-09-03,2132.000000,41.340540,0.677807,79878.010000,79761.630000
29807433,2026-09-03T14:33,79771.330000,0.394600,0.354589,2026-09-03,1810.000000,36.436742,0.587015,79876.750000,79701.000000
29807434,2026-09-03T14:34,79758.990000,-0.367100,0.197617,2026-09-03,734.000000,14.281820,0.765494,79780.040000,79683.180000
29807435,2026-09-03T14:35,79781.100000,0.450600,0.473043,2026-09-03,766.000000,14.981348,0.614570,79835.730000,79745.000000
29807436,2026-09-03T14:36,79721.750000,0.419500,0.237066,2026-09-03,1952.000000,26.873968,0.632900,79856.990000,79710.180000
29807437,2026-09-03T14:37,79760.860000,0.651600,0.269745,2026-09-03,1557.000000,29.852393,0.625167,79760.850000,79650.000000
29807438,2026-09-03T14:38,79735.480000,0.735800,0.225437,2026-09-03,1495.000000,47.915185,0.525998,79818.450000,79726.890000
29807439,2026-09-03T14:39,79757.790000,0.840200,0.063136,2026-09-03,551.000000,9.580645,0.665363,79803.010000,79724.400000
29807440,2026-09-03T14:40,79611.960000,-0.059800,0.319946,2026-09-03,2272.000000,38.466481,0.630482,79766.990000,79582.520000
29807441,2026-09-03T14:41,79700.240000,0.539400,0.264319,2026-09-03,1340.000000,27.540023,0.744212,79700.480000,79595.540000
29807442,2026-09-03T14:42,79820.420000,0.633800,0.486192,2026-09-03,1548.000000,33.651421,0.789426,79890.970000,79696.760000
29807443,2026-09-03T14:43,79800.600000,0.550600,0.582931,2026-09-03,1564.000000,26.151563,0.642350,79871.920000,79770.600000
29807444,2026-09-03T14:44,79757.640000,0.682300,0.279485,2026-09-03,702.000000,17.966278,0.720748,79836.210000,79716.010000
29807445,2026-09-03T14:45,79867.860000,0.711600,0.433527,2026-09-03,1825.000000,26.303821,0.778056,79870.060000,79750.850000
29807446,2026-09-03T14:46,79945.800000,0.779800,0.649109,2026-09-03,4663.000000,71.096525,0.750624,79958.730000,79858.350000
29807447,2026-09-03T14:47,79975.540000,0.729600,0.438951,2026-09-03,2599.000000,45.409728,0.821409,79999.990000,79921.570000
29807448,2026-09-03T14:48,80311.140000,0.536800,0.654654,2026-09-03,3886.000000,114.787743,0.835915,80338.980000,79978.520000
29807449,2026-09-03T14:49,80383.260000,0.576900,0.671481,2026-09-03,1916.000000,59.165502,0.710560,80496.000000,80323.010000
29807450,2026-09-03T14:50,80329.750000,0.493800,0.416990,2026-09-03,2661.000000,56.436245,0.739402,80479.950000,80257.600000
29807451,2026-09-03T14:51,80172.030000,0.413800,0.479353,2026-09-03,1714.000000,51.240424,0.676469,80315.530000,80111.890000
29807452,2026-09-03T14:52,80177.300000,0.557700,0.355279,2026-09-03,1496.000000,49.375630,0.815501,80238.110000,80085.420000
29807453,2026-09-03T14:53,80199.580000,0.016100,0.600868,2026-09-03,1721.000000,31.695760,0.763544,80256.310000,80134.240000
29807454,2026-09-03T14:54,80248.730000,0.323100,0.571616,2026-09-03,1449.000000,28.113230,0.801789,80273.260000,80189.430000
29807455,2026-09-03T14:55,80288.400000,0.624500,0.602140,2026-09-03,1976.000000,36.870542,0.686478,80289.010000,80200.240000
29807456,2026-09-03T14:56,80289.990000,0.598100,0.372083,2026-09-03,2036.000000,49.134709,0.513180,80296.990000,80108.990000
29807457,2026-09-03T14:57,80269.290000,0.727800,0.044973,2026-09-03,1435.000000,33.089530,0.795755,80367.470000,80229.500000
29807458,2026-09-03T14:58,80443.020000,0.747300,0.584070,2026-09-03,1055.000000,20.336365,0.734407,80468.170000,80285.360000
29807459,2026-09-03T14:59,80549.330000,0.641700,0.461868,2026-09-03,1150.000000,37.598742,0.802668,80564.980000,80394.470000
29807460,2026-09-03T15:00,80570.170000,0.006800,0.596369,2026-09-03,1715.000000,49.840893,0.833006,80641.880000,80491.360000
29807461,2026-09-03T15:01,80702.490000,0.191000,0.672372,2026-09-03,1756.000000,37.989364,0.625198,80863.640000,80559.540000
29807462,2026-09-03T15:02,80813.580000,-0.123600,0.248391,2026-09-03,1403.000000,49.316642,0.540230,80959.310000,80736.280000
29807463,2026-09-03T15:03,80926.540000,0.827400,0.063991,2026-09-03,1204.000000,28.578075,0.625557,80926.540000,80738.290000
29807464,2026-09-03T15:04,80820.930000,0.544400,0.278867,2026-09-03,1263.000000,26.186952,0.750741,80963.000000,80665.470000
29807465,2026-09-03T15:05,80860.070000,0.181000,0.487703,2026-09-03,873.000000,15.059353,0.577399,80882.980000,80697.490000
29807466,2026-09-03T15:06,80734.510000,0.295500,0.179915,2026-09-03,846.000000,15.980087,0.687873,80881.290000,80696.700000
29807467,2026-09-03T15:07,80686.570000,0.506900,0.365492,2026-09-03,1083.000000,38.629239,0.423576,80788.130000,80644.490000
29807468,2026-09-03T15:08,80666.700000,0.634400,-0.172501,2026-09-03,1292.000000,60.201975,0.420270,80727.780000,80628.740000
29807469,2026-09-03T15:09,80593.520000,0.180500,-0.145133,2026-09-03,1169.000000,27.353247,0.650037,80696.040000,80555.100000
29807470,2026-09-03T15:10,80543.330000,0.391600,0.293815,2026-09-03,1197.000000,30.937744,0.394953,80588.100000,80500.980000
29807471,2026-09-03T15:11,80444.050000,0.124400,-0.201834,2026-09-03,814.000000,25.482767,0.401343,80559.540000,80441.200000
29807472,2026-09-03T15:12,80456.240000,0.457800,-0.203918,2026-09-03,418.000000,7.953987,0.681677,80470.640000,80346.590000
29807473,2026-09-03T15:13,80456.240000,0.457800,0.359247,2026-09-03,,,,,
29807474,2026-09-03T15:14,80456.240000,0.457800,0.000000,2026-09-03,,,,,
29807475,2026-09-03T15:15,80456.240000,0.457800,0.000000,2026-09-03,,,,,
29807476,2026-09-03T15:16,80430.180000,-0.329100,0.000000,2026-09-03,,,,,
29807477,2026-09-03T15:17,80430.180000,-0.329100,0.000000,2026-09-03,,,,,
29807478,2026-09-03T15:18,80430.180000,-0.329100,0.000000,2026-09-03,,,,,
29807479,2026-09-03T15:19,80430.180000,-0.329100,0.000000,2026-09-03,,,,,
29807480,2026-09-03T15:20,80430.180000,-0.329100,0.000000,2026-09-03,,,,,
29807481,2026-09-03T15:21,80430.180000,-0.329100,0.000000,2026-09-03,,,,,
29807482,2026-09-03T15:22,80430.180000,-0.329100,0.000000,2026-09-03,,,,,
29807483,2026-09-03T15:23,80773.290000,0.372800,0.000000,2026-09-03,877.000000,19.796984,0.853146,80786.620000,80694.420000
29807484,2026-09-03T15:24,80749.390000,0.644600,0.708950,2026-09-03,726.000000,14.411137,0.817070,80783.490000,80737.230000
29807485,2026-09-03T15:25,80652.420000,0.775200,0.624186,2026-09-03,902.000000,25.939722,0.807281,80763.670000,80646.010000
29807486,2026-09-03T15:26,80687.990000,0.909200,0.617081,2026-09-03,943.000000,22.891904,0.704059,80687.990000,80625.000000
29807487,2026-09-03T15:27,80699.710000,0.257400,0.409717,2026-09-03,862.000000,27.685188,0.619818,80739.000000,80664.000000
29807488,2026-09-03T15:28,80727.260000,0.473900,0.232776,2026-09-03,865.000000,22.374331,0.730444,80750.000000,80684.600000
29807489,2026-09-03T15:29,80744.990000,0.599100,0.471617,2026-09-03,816.000000,16.398068,0.807097,80789.980000,80700.000000
29807490,2026-09-03T15:30,80783.700000,0.742800,0.605384,2026-09-03,698.000000,14.612670,0.672076,80789.980000,80715.380000
29807491,2026-09-03T15:31,80779.620000,0.419300,0.352129,2026-09-03,872.000000,15.341192,0.803378,80828.590000,80755.000000
29807492,2026-09-03T15:32,80793.350000,0.530800,0.593317,2026-09-03,934.000000,28.379961,0.806826,80796.610000,80686.000000
29807493,2026-09-03T15:33,80861.620000,0.450000,0.621370,2026-09-03,1084.000000,29.200472,0.615818,80888.880000,80791.050000
29807494,2026-09-03T15:34,80866.730000,0.600700,0.233297,2026-09-03,931.000000,23.512585,0.747486,80894.260000,80822.210000
29807495,2026-09-03T15:35,80888.670000,0.600400,0.491182,2026-09-03,1378.000000,29.391848,0.722603,80913.620000,80864.000000
29807496,2026-09-03T15:36,80883.960000,0.858200,0.448791,2026-09-03,1381.000000,19.379030,0.502034,80932.590000,80864.830000
29807497,2026-09-03T15:37,80820.710000,0.235500,-0.008190,2026-09-03,874.000000,48.757703,0.486947,80886.300000,80763.000000
29807498,2026-09-03T15:38,80883.350000,0.632700,-0.022603,2026-09-03,937.000000,59.416283,0.429967,80951.900000,80813.810000
29807499,2026-09-03T15:39,80971.730000,0.729400,-0.142270,2026-09-03,730.000000,17.152351,0.536797,80980.800000,80880.960000
29807500,2026-09-03T15:40,80965.020000,0.713100,0.165024,2026-09-03,1085.000000,67.696021,0.822037,81007.730000,80924.990000
29807501,2026-09-03T15:41,80956.680000,0.849800,0.651028,2026-09-03,1005.000000,15.750527,0.644876,80991.510000,80907.240000
29807502,2026-09-03T15:42,80875.290000,0.264500,0.289811,2026-09-03,556.000000,16.095705,0.284038,80957.380000,80871.220000
29807503,2026-09-03T15:43,80961.780000,0.665800,-0.385725,2026-09-03,651.000000,9.834343,0.774721,80968.610000,80874.770000
29807504,2026-09-03T15:44,80861.490000,0.109000,0.525810,2026-09-03,527.000000,7.520952,0.609704,80971.670000,80861.490000
29807505,2026-09-03T15:45,80873.670000,0.679000,0.219220,2026-09-03,599.000000,8.123761,0.511289,80905.000000,80849.020000
29807506,2026-09-03T15:46,80753.700000,0.649700,-0.042151,2026-09-03,825.000000,15.917063,0.469893,80876.470000,80749.980000
29807507,2026-09-03T15:47,80780.990000,0.636400,-0.033612,2026-09-03,562.000000,10.603673,0.537443,80804.490000,80728.020000
29807508,2026-09-03T15:48,80750.890000,-0.016900,0.077134,2026-09-03,475.000000,6.690116,0.725062,80784.470000,80734.980000
29807509,2026-09-03T15:49,80785.080000,0.631200,0.462378,2026-09-03,543.000000,10.775589,0.700170,80806.170000,80754.020000
29807510,2026-09-03T15:50,80900.990000,0.651300,0.412215,2026-09-03,529.000000,9.175656,0.675784,80905.800000,80783.560000
29807511,2026-09-03T15:51,81056.800000,0.567200,0.363447,2026-09-03,1185.000000,24.602915,0.775528,81085.470000,80903.800000
29807512,2026-09-03T15:52,81246.160000,0.721400,0.529985,2026-09-03,1273.000000,59.880495,0.883596,81300.000000,81036.000000
29807513,2026-09-03T15:53,81203.830000,-0.229200,0.767247,2026-09-03,1329.000000,71.555076,0.508951,81297.330000,81176.000000
29807514,2026-09-03T15:54,81293.170000,0.809800,-0.018430,2026-09-03,942.000000,52.166687,0.498329,81298.120000,81160.000000
29807515,2026-09-03T15:55,81186.880000,0.219900,0.043856,2026-09-03,1192.000000,39.678185,0.675741,81314.410000,81163.420000
29807516,2026-09-03T15:56,81259.740000,0.364100,0.363898,2026-09-03,1049.000000,21.799584,0.844454,81277.340000,81191.810000
29807517,2026-09-03T15:57,81294.640000,0.410500,0.688972,2026-09-03,867.000000,31.875189,0.831814,81353.010000,81260.870000
29807518,2026-09-03T15:58,81358.470000,0.586400,0.579674,2026-09-03,976.000000,24.900603,0.670186,81370.000000,81280.310000
29807519,2026-09-03T15:59,81374.270000,-0.167000,0.437528,2026-09-03,987.000000,25.280415,0.824156,81391.960000,81330.800000
29807520,2026-09-03T16:00,81299.560000,0.519200,0.646488,2026-09-03,1132.000000,33.925373,0.571734,81387.430000,81273.160000
29807521,2026-09-03T16:01,81247.170000,-0.277600,0.142459,2026-09-03,887.000000,30.865831,0.769085,81299.730000,81221.860000
29807522,2026-09-03T16:02,81111.330000,-0.276600,0.539544,2026-09-03,980.000000,34.154547,0.611035,81280.300000,81085.390000
29807523,2026-09-03T16:03,80865.130000,-0.109200,0.180070,2026-09-03,999.000000,47.483929,0.518971,81124.210000,80858.410000
29807524,2026-09-03T16:04,80857.990000,0.063200,0.089294,2026-09-03,834.000000,28.594510,0.689512,80950.000000,80802.480000
29807525,2026-09-03T16:05,80898.830000,0.339200,0.360046,2026-09-03,751.000000,15.029602,0.694281,80948.240000,80803.060000
29807526,2026-09-03T16:06,80847.210000,-0.070700,0.393158,2026-09-03,518.000000,9.048553,0.591778,80937.780000,80832.260000
29807527,2026-09-03T16:07,80998.420000,-0.203300,0.161955,2026-09-03,517.000000,9.028912,0.820569,81020.700000,80821.900000
29807528,2026-09-03T16:08,81001.520000,0.422900,0.651587,2026-09-03,791.000000,10.041897,0.542096,81087.000000,80998.420000
29807529,2026-09-03T16:09,80998.110000,0.020700,0.097024,2026-09-03,629.000000,13.424057,0.705157,81040.440000,80979.380000
29807530,2026-09-03T16:10,81042.700000,0.253000,0.400837,2026-09-03,715.000000,15.179689,0.606029,81045.010000,80946.010000
29807531,2026-09-03T16:11,81041.350000,0.347300,0.241450,2026-09-03,645.000000,8.759013,0.746259,81069.750000,81000.020000
29807532,2026-09-03T16:12,80949.140000,0.364100,0.478836,2026-09-03,695.000000,33.457061,0.260806,81050.710000,80916.910000
29807533,2026-09-03T16:13,80958.850000,0.653600,-0.492936,2026-09-03,426.000000,4.592725,0.641773,80988.090000,80900.450000
29807534,2026-09-03T16:14,80952.940000,-0.131700,0.337431,2026-09-03,672.000000,12.288564,0.776283,80974.770000,80904.780000
29807535,2026-09-03T16:15,80876.730000,0.186400,0.558295,2026-09-03,498.000000,9.813785,0.751206,80970.680000,80868.010000
29807536,2026-09-03T16:16,80888.430000,0.501900,0.500900,2026-09-03,479.000000,11.644612,0.739102,80896.710000,80828.990000
29807537,2026-09-03T16:17,80785.010000,0.486000,0.472572,2026-09-03,541.000000,6.923430,0.703224,80888.440000,80783.900000
29807538,2026-09-03T16:18,80757.510000,0.585300,0.406530,2026-09-03,1070.000000,20.373695,0.636059,80787.330000,80708.340000
29807539,2026-09-03T16:19,80705.740000,0.528900,0.245260,2026-09-03,1135.000000,28.709499,0.633982,80793.230000,80704.540000
29807540,2026-09-03T16:20,80842.260000,0.872000,0.288299,2026-09-03,1485.000000,25.392356,0.728558,80842.310000,80696.000000
29807541,2026-09-03T16:21,80872.360000,0.770100,0.460461,2026-09-03,792.000000,18.684371,0.551223,80874.000000,80800.010000
29807542,2026-09-03T16:22,80843.040000,0.533900,0.101795,2026-09-03,545.000000,12.633043,0.793509,80866.060000,80808.180000
29807543,2026-09-03T16:23,80741.010000,0.384600,0.577350,2026-09-03,592.000000,11.030898,0.616467,80843.040000,80736.760000
29807544,2026-09-03T16:24,80733.590000,0.523400,0.248479,2026-09-03,753.000000,15.461612,0.680918,80784.560000,80709.380000
29807545,2026-09-03T16:25,80655.080000,0.656100,0.356893,2026-09-03,599.000000,14.320720,0.698992,80750.070000,80638.400000
29807546,2026-09-03T16:26,80710.710000,0.641500,0.390927,2026-09-03,806.000000,17.470654,0.563684,80719.620000,80628.310000
29807547,2026-09-03T16:27,80681.210000,0.614000,0.126654,2026-09-03,682.000000,15.228570,0.659447,80735.360000,80661.000000
29807548,2026-09-03T16:28,80709.080000,0.719800,0.322033,2026-09-03,565.000000,8.668433,0.776679,80709.100000,80611.080000
29807549,2026-09-03T16:29,80760.450000,0.636800,0.550558,2026-09-03,514.000000,8.968245,0.870828,80769.690000,80695.910000
29807550,2026-09-03T16:30,80856.140000,0.709100,0.754058,2026-09-03,659.000000,11.835616,0.796423,80863.720000,80759.600000
29807551,2026-09-03T16:31,80837.860000,0.465700,0.595489,2026-09-03,886.000000,20.068469,0.597052,80915.090000,80797.500000
29807552,2026-09-03T16:32,80893.990000,0.688700,0.193369,2026-09-03,550.000000,13.067931,0.949116,80896.990000,80831.390000
29807553,2026-09-03T16:33,80890.050000,0.474300,0.898176,2026-09-03,611.000000,7.752868,0.800368,80945.990000,80882.020000
29807554,2026-09-03T16:34,80946.920000,0.865400,0.600443,2026-09-03,575.000000,9.637682,0.715068,80950.000000,80867.270000
29807555,2026-09-03T16:35,80873.990000,0.872000,0.466230,2026-09-03,500.000000,6.567829,0.650245,80958.780000,80842.520000
29807556,2026-09-03T16:36,80841.010000,0.494000,0.204989,2026-09-03,673.000000,17.260631,0.374949,80895.810000,80840.440000
29807557,2026-09-03T16:37,80832.860000,-0.051400,-0.250796,2026-09-03,484.000000,16.572804,0.726132,80874.260000,80779.800000
29807558,2026-09-03T16:38,80858.580000,0.606200,0.450217,2026-09-03,393.000000,11.969854,0.823147,80886.970000,80826.150000
29807559,2026-09-03T16:39,80830.300000,-0.243400,0.646917,2026-09-03,565.000000,16.093159,0.950989,80886.970000,80830.310000
29807560,2026-09-03T16:40,80861.020000,0.448900,0.902204,2026-09-03,415.000000,10.420490,0.948111,80878.740000,80823.030000
29807561,2026-09-03T16:41,80838.080000,0.518600,0.895536,2026-09-03,587.000000,13.961060,0.891183,80891.630000,80824.010000
29807562,2026-09-03T16:42,80819.040000,0.475700,0.782498,2026-09-03,605.000000,19.603591,0.737712,80843.590000,80805.010000
29807563,2026-09-03T16:43,80770.110000,0.129500,0.477818,2026-09-03,340.000000,8.811161,0.933033,80838.560000,80770.110000
29807564,2026-09-03T16:44,80793.110000,0.421900,0.852676,2026-09-03,636.000000,21.018843,0.852528,80829.150000,80763.990000
29807565,2026-09-03T16:45,80840.820000,0.786100,0.710128,2026-09-03,524.000000,14.404124,0.848207,80842.490000,80770.780000
29807566,2026-09-03T16:46,80876.960000,0.539600,0.695665,2026-09-03,457.000000,10.579526,0.911792,80882.990000,80825.120000
29807567,2026-09-03T16:47,80948.980000,0.898700,0.832441,2026-09-03,669.000000,17.456198,0.905024,80948.980000,80876.490000
29807568,2026-09-03T16:48,81020.480000,0.433500,0.796936,2026-09-03,601.000000,22.352247,0.753663,81026.760000,80944.210000
29807569,2026-09-03T16:49,80997.820000,0.351600,0.507730,2026-09-03,803.000000,26.323454,0.839301,81039.350000,80953.780000
29807570,2026-09-03T16:50,80995.880000,0.246500,0.682300,2026-09-03,493.000000,14.996603,0.820589,81027.760000,80993.260000
29807571,2026-09-03T16:51,80981.830000,0.212900,0.641193,2026-09-03,656.000000,18.545573,0.872428,81008.550000,80962.000000
29807572,2026-09-03T16:52,81032.290000,-0.243600,0.744719,2026-09-03,510.000000,17.533587,0.749747,81032.290000,80981.830000
29807573,2026-09-03T16:53,80951.490000,0.541200,0.499664,2026-09-03,591.000000,17.533103,0.836418,81050.000000,80892.190000
29807574,2026-09-03T16:54,80970.710000,-0.213100,0.630940,2026-09-03,747.000000,24.189402,0.903098,81000.980000,80942.970000
29807575,2026-09-03T16:55,80956.010000,0.421300,0.842850,2026-09-03,696.000000,16.385620,0.814900,81002.000000,80954.500000
29807576,2026-09-03T16:56,80951.080000,0.660200,0.631416,2026-09-03,832.000000,21.547603,0.902449,81016.660000,80943.300000
29807577,2026-09-03T16:57,80946.960000,0.605100,0.800744,2026-09-03,604.000000,13.261784,0.802977,80952.220000,80903.100000
29807578,2026-09-03T16:58,80975.990000,0.791100,0.582186,2026-09-03,701.000000,13.465020,0.902941,80976.000000,80912.260000
29807579,2026-09-03T16:59,80973.510000,-0.017900,0.833699,2026-09-03,666.000000,13.265835,0.909639,80995.990000,80950.000000
29807580,2026-09-03T17:00,80921.260000,-0.270500,0.820616,2026-09-03,582.000000,11.672383,0.894032,80985.270000,80912.260000
29807581,2026-09-03T17:01,80912.990000,0.565300,0.785463,2026-09-03,651.000000,15.193681,0.646705,80978.060000,80898.030000
29807582,2026-09-03T17:02,80897.740000,0.032500,0.191088,2026-09-03,475.000000,18.410076,0.311924,80925.750000,80887.520000
29807583,2026-09-03T17:03,80910.790000,0.440500,-0.335073,2026-09-03,628.000000,39.398569,0.154555,80941.400000,80890.130000
29807584,2026-09-03T17:04,80985.480000,0.571100,-0.690687,2026-09-03,593.000000,7.974086,0.714411,80990.530000,80921.980000
29807585,2026-09-03T17:05,81027.640000,0.604300,0.438973,2026-09-03,688.000000,13.889013,0.783127,81035.980000,80948.520000
29807586,2026-09-03T17:06,80925.290000,0.297400,0.555692,2026-09-03,549.000000,10.270427,0.858804,81030.490000,80880.810000
29807587,2026-09-03T17:07,80957.920000,0.429600,0.733284,2026-09-03,585.000000,8.082179,0.839834,80968.760000,80921.210000
29807588,2026-09-03T17:08,80994.410000,0.045900,0.680072,2026-09-03,725.000000,10.103785,0.753416,81020.510000,80955.530000
29807589,2026-09-03T17:09,81004.670000,-0.224600,0.512774,2026-09-03,499.000000,6.074751,0.923749,81015.700000,80976.380000
29807590,2026-09-03T17:10,80992.600000,0.479700,0.805591,2026-09-03,524.000000,5.480859,0.688240,81024.060000,80956.270000
29807591,2026-09-03T17:11,81017.990000,0.892100,0.426636,2026-09-03,557.000000,8.113799,0.863076,81022.690000,80972.440000
29807592,2026-09-03T17:12,81023.570000,-0.179000,0.723648,2026-09-03,565.000000,8.403735,0.842099,81048.210000,80991.860000
29807593,2026-09-03T17:13,81105.610000,0.214000,0.683586,2026-09-03,742.000000,15.083069,0.909256,81113.600000,81019.130000
29807594,2026-09-03T17:14,81113.080000,0.129700,0.814347,2026-09-03,683.000000,13.112309,0.883573,81118.340000,81079.160000
29807595,2026-09-03T17:15,81123.290000,0.510000,0.751709,2026-09-03,736.000000,15.048506,0.879851,81128.990000,81082.810000
29807596,2026-09-03T17:16,81104.290000,0.110000,0.779974,2026-09-03,780.000000,12.566088,0.828575,81140.210000,81072.700000
29807597,2026-09-03T17:17,81079.620000,0.459900,0.660479,2026-09-03,1052.000000,19.868914,0.830314,81151.990000,81059.990000
29807598,2026-09-03T17:18,81065.330000,0.025900,0.653951,2026-09-03,699.000000,21.240672,0.733307,81112.660000,81033.740000
29807599,2026-09-03T17:19,81050.260000,0.061400,0.469903,2026-09-03,523.000000,10.445917,0.819300,81081.550000,81042.400000
29807600,2026-09-03T17:20,81069.740000,0.824300,0.643193,2026-09-03,729.000000,12.340456,0.890248,81069.740000,81003.420000
29807601,2026-09-03T17:21,81044.330000,0.462700,0.776085,2026-09-03,591.000000,10.899144,0.868210,81081.000000,81032.310000
29807602,2026-09-03T17:22,81024.180000,-0.039400,0.736216,2026-09-03,627.000000,9.464114,0.856390,81050.750000,81006.000000
29807603,2026-09-03T17:23,80999.140000,-0.148500,0.713045,2026-09-03,602.000000,10.965286,0.735351,81031.370000,80988.540000
29807604,2026-09-03T17:24,81001.020000,0.430800,0.446923,2026-09-03,579.000000,10.098130,0.563527,81004.580000,80921.590000
29807605,2026-09-03T17:25,81009.260000,-0.223300,0.144231,2026-09-03,518.000000,13.812605,0.737138,81008.260000,80955.990000
29807606,2026-09-03T17:26,81048.400000,0.298100,0.468011,2026-09-03,439.000000,10.225455,0.857588,81056.470000,80971.820000
29807607,2026-09-03T17:27,81026.460000,-0.067400,0.717938,2026-09-03,758.000000,18.603615,0.725269,81086.830000,81018.580000
29807608,2026-09-03T17:28,80975.900000,-0.389800,0.446058,2026-09-03,598.000000,9.828395,0.854606,81026.460000,80975.890000
29807609,2026-09-03T17:29,81007.330000,0.415900,0.729563,2026-09-03,488.000000,8.687360,0.812199,81032.750000,80970.760000
29807610,2026-09-03T17:30,81002.630000,0.006200,0.623597,2026-09-03,687.000000,12.747500,0.573894,81047.110000,80995.660000
29807611,2026-09-03T17:31,81042.170000,0.453500,0.142568,2026-09-03,544.000000,10.472377,0.804123,81043.550000,80995.000000
29807612,2026-09-03T17:32,81091.380000,0.075000,0.604514,2026-09-03,540.000000,6.411450,0.900370,81091.380000,81034.890000
29807613,2026-09-03T17:33,81092.710000,-0.398900,0.805672,2026-09-03,594.000000,8.726493,0.603575,81099.480000,81072.000000
29807614,2026-09-03T17:34,81125.110000,0.307700,0.205185,2026-09-03,670.000000,14.414307,0.899362,81133.070000,81083.810000
29807615,2026-09-03T17:35,81143.390000,0.070500,0.815196,2026-09-03,757.000000,23.363555,0.731702,81143.390000,81067.000000
29807616,2026-09-03T17:36,81143.960000,-0.060900,0.438812,2026-09-03,962.000000,15.750369,0.808894,81153.360000,81121.010000
29807617,2026-09-03T17:37,81143.620000,0.101800,0.613269,2026-09-03,738.000000,16.104657,0.926231,81171.000000,81108.010000
29807618,2026-09-03T17:38,81123.080000,0.065800,0.848667,2026-09-03,614.000000,15.369438,0.905475,81148.670000,81086.000000
29807619,2026-09-03T17:39,81167.980000,0.039400,0.803060,2026-09-03,578.000000,10.217434,0.916237,81173.160000,81125.860000
29807620,2026-09-03T17:40,81162.010000,-0.115500,0.848768,2026-09-03,572.000000,9.793895,0.841822,81181.180000,81124.850000
29807621,2026-09-03T17:41,81127.260000,0.200000,0.686282,2026-09-03,484.000000,7.260119,0.843078,81162.020000,81123.200000
29807622,2026-09-03T17:42,81110.760000,0.530000,0.690423,2026-09-03,462.000000,8.694357,0.684212,81152.070000,81081.130000
29807623,2026-09-03T17:43,81092.790000,0.019100,0.351888,2026-09-03,439.000000,6.678859,0.538868,81114.040000,81078.010000
29807624,2026-09-03T17:44,81080.850000,0.360900,0.105489,2026-09-03,489.000000,4.647451,0.743120,81110.230000,81075.000000
29807625,2026-09-03T17:45,81150.480000,0.756900,0.475198,2026-09-03,752.000000,22.153186,0.800191,81151.620000,81039.350000
29807626,2026-09-03T17:46,81172.650000,0.620500,0.600206,2026-09-03,553.000000,11.266788,0.609455,81194.150000,81123.720000
29807627,2026-09-03T17:47,81179.600000,0.542200,0.203968,2026-09-03,462.000000,5.443212,0.921248,81186.950000,81164.510000
29807628,2026-09-03T17:48,81160.930000,0.106800,0.875795,2026-09-03,780.000000,16.904296,0.723164,81203.480000,81133.300000
29807629,2026-09-03T17:49,81164.730000,0.535300,0.449123,2026-09-03,702.000000,11.853399,0.580239,81180.670000,81133.550000
29807630,2026-09-03T17:50,81123.600000,0.549400,0.154287,2026-09-03,521.000000,7.344373,0.752120,81165.290000,81087.020000
29807631,2026-09-03T17:51,81131.610000,0.457300,0.504244,2026-09-03,386.000000,5.155483,0.728810,81150.690000,81113.090000
29807632,2026-09-03T17:52,81117.170000,0.588700,0.447043,2026-09-03,844.000000,18.257899,0.851300,81139.730000,81071.000000
29807633,2026-09-03T17:53,81061.980000,0.599800,0.700542,2026-09-03,542.000000,18.394604,0.712442,81144.010000,81062.600000
29807634,2026-09-03T17:54,81033.260000,0.501400,0.426333,2026-09-03,521.000000,8.139017,0.430081,81085.890000,81023.000000
29807635,2026-09-03T17:55,81032.110000,0.669900,-0.146334,2026-09-03,384.000000,3.779576,0.568850,81060.340000,81020.260000
29807636,2026-09-03T17:56,81070.010000,0.721600,0.151999,2026-09-03,457.000000,2.713764,0.507181,81080.970000,81025.020000
29807637,2026-09-03T17:57,81039.380000,0.059300,0.092213,2026-09-03,534.000000,11.950267,0.411110,81094.980000,81034.860000
29807638,2026-09-03T17:58,81013.510000,0.279800,-0.194860,2026-09-03,494.000000,4.140916,0.755655,81055.100000,81013.510000
29807639,2026-09-03T17:59,81056.010000,0.568100,0.498600,2026-09-03,580.000000,12.581385,0.914148,81056.480000,81007.660000
29807640,2026-09-03T18:00,81078.730000,0.676300,0.829184,2026-09-03,1025.000000,28.328376,0.726384,81082.090000,81022.200000
29807641,2026-09-03T18:01,81104.480000,-0.281400,0.440408,2026-09-03,864.000000,26.089226,0.761344,81104.350000,81060.740000
29807642,2026-09-03T18:02,81155.240000,0.850100,0.521968,2026-09-03,898.000000,22.898730,0.845691,81155.510000,81086.080000
29807643,2026-09-03T18:03,81201.190000,0.658700,0.688649,2026-09-03,782.000000,21.365317,0.875390,81205.240000,81143.770000
29807644,2026-09-03T18:04,81189.360000,-0.568400,0.823282,2026-09-03,970.000000,66.478843,0.580280,81254.490000,81170.910000
29807645,2026-09-03T18:05,81154.990000,0.730900,0.044578,2026-09-03,634.000000,20.586600,0.927404,81200.000000,81154.530000
29807646,2026-09-03T18:06,81289.420000,-0.645400,0.842703,2026-09-03,580.000000,19.928677,0.840420,81290.900000,81154.990000
29807647,2026-09-03T18:07,81244.460000,0.445500,0.680294,2026-09-03,975.000000,17.184573,0.614133,81291.010000,81236.030000
29807648,2026-09-03T18:08,81254.900000,0.274200,0.229869,2026-09-03,1047.000000,15.641295,0.764481,81257.070000,81206.650000
29807649,2026-09-03T18:09,81328.270000,0.131500,0.525753,2026-09-03,1023.000000,86.842823,0.351848,81354.010000,81245.280000
29807650,2026-09-03T18:10,81255.210000,0.083000,-0.296193,2026-09-03,838.000000,32.037782,0.442432,81322.380000,81238.520000
29807651,2026-09-03T18:11,81172.110000,0.391100,-0.111223,2026-09-03,863.000000,18.296692,0.729916,81249.110000,81170.000000
29807652,2026-09-03T18:12,81175.120000,0.420100,0.462175,2026-09-03,654.000000,13.445864,0.915748,81218.200000,81173.100000
29807653,2026-09-03T18:13,81226.990000,0.493300,0.829004,2026-09-03,786.000000,13.365728,0.895880,81244.840000,81175.120000
29807654,2026-09-03T18:14,81264.710000,0.304100,0.791742,2026-09-03,844.000000,22.165257,0.814956,81320.990000,81226.990000
29807655,2026-09-03T18:15,81279.710000,0.578500,0.634186,2026-09-03,530.000000,13.826057,0.850686,81300.000000,81245.000000
29807656,2026-09-03T18:16,81224.920000,0.532900,0.685564,2026-09-03,549.000000,9.734472,0.839427,81279.700000,81204.000000
29807657,2026-09-03T18:17,81187.670000,0.117500,0.698577,2026-09-03,559.000000,6.618094,0.678520,81224.920000,81177.830000
29807658,2026-09-03T18:18,81184.230000,0.573200,0.359718,2026-09-03,554.000000,17.054640,0.377358,81224.990000,81163.010000
29807659,2026-09-03T18:19,81139.510000,0.316700,-0.246016,2026-09-03,515.000000,7.759268,0.689209,81192.210000,81139.490000
29807660,2026-09-03T18:20,81163.140000,0.142200,0.372460,2026-09-03,595.000000,14.572627,0.757967,81180.870000,81136.580000
29807661,2026-09-03T18:21,81123.740000,0.096600,0.511870,2026-09-03,458.000000,4.752182,0.598861,81174.470000,81123.750000
29807662,2026-09-03T18:22,81100.010000,0.155400,0.198047,2026-09-03,389.000000,3.597948,0.639028,81145.870000,81100.000000
29807663,2026-09-03T18:23,81036.460000,-0.320800,0.297743,2026-09-03,531.000000,14.932885,0.493215,81108.280000,81022.200000
29807664,2026-09-03T18:24,81088.040000,0.301200,-0.020582,2026-09-03,406.000000,8.178095,0.385391,81088.050000,81026.170000
29807665,2026-09-03T18:25,80995.980000,-0.044200,-0.232843,2026-09-03,443.000000,3.434982,0.687706,81088.040000,80964.020000
29807666,2026-09-03T18:26,80991.900000,0.515100,0.401201,2026-09-03,345.000000,2.719225,0.518857,81016.480000,80964.010000
29807667,2026-09-03T18:27,80995.920000,0.626500,0.021975,2026-09-03,406.000000,2.618984,0.427468,81007.440000,80981.800000
29807668,2026-09-03T18:28,80976.040000,0.406600,-0.146664,2026-09-03,358.000000,4.038208,0.468584,80995.920000,80966.200000
29807669,2026-09-03T18:29,80949.330000,0.600700,-0.062909,2026-09-03,304.000000,4.921114,0.196529,80979.970000,80938.370000
29807670,2026-09-03T18:30,80979.170000,0.639100,-0.606540,2026-09-03,360.000000,4.521309,0.682499,80990.130000,80895.740000
29807671,2026-09-03T18:31,80910.080000,0.348300,0.364640,2026-09-03,455.000000,10.537930,0.437428,80991.900000,80903.950000
29807672,2026-09-03T18:32,80977.920000,0.797400,-0.124855,2026-09-03,521.000000,5.588459,0.684489,80983.800000,80904.020000
29807673,2026-09-03T18:33,80990.880000,0.674100,0.369192,2026-09-03,422.000000,3.772062,0.199659,80998.990000,80973.320000
29807674,2026-09-03T18:34,80951.990000,0.652300,-0.602071,2026-09-03,357.000000,2.892544,0.194927,80990.880000,80950.360000
29807675,2026-09-03T18:35,81005.740000,0.659200,-0.525268,2026-09-03,486.000000,2.528812,0.822310,81013.490000,80951.980000
29807676,2026-09-03T18:36,81006.960000,0.639100,0.617952,2026-09-03,452.000000,9.838360,0.550848,81020.500000,80973.600000
29807677,2026-09-03T18:37,81011.050000,0.590300,0.102116,2026-09-03,353.000000,2.259961,0.765054,81018.330000,80952.990000
29807678,2026-09-03T18:38,81040.100000,0.896700,0.530070,2026-09-03,550.000000,9.905157,0.548157,81040.370000,80994.410000
29807679,2026-09-03T18:39,81027.570000,0.177400,0.086694,2026-09-03,619.000000,9.480950,0.381548,81040.090000,80996.000000
29807680,2026-09-03T18:40,81011.790000,0.300700,-0.240019,2026-09-03,494.000000,5.662285,0.789493,81027.560000,80968.350000
29807681,2026-09-03T18:41,81038.480000,0.469800,0.615231,2026-09-03,543.000000,8.972888,0.767111,81064.970000,81011.570000
29807682,2026-09-03T18:42,80982.210000,-0.209300,0.534193,2026-09-03,461.000000,6.553231,0.753211,81040.530000,80962.270000
29807683,2026-09-03T18:43,81001.990000,-0.113200,0.521686,2026-09-03,466.000000,5.015090,0.897975,81010.000000,80952.770000
29807684,2026-09-03T18:44,80994.260000,-0.310700,0.791337,2026-09-03,466.000000,8.408825,0.944971,81006.930000,80977.040000
29807685,2026-09-03T18:45,81020.420000,0.380400,0.888875,2026-09-03,505.000000,6.231609,0.918614,81024.010000,80961.600000
29807686,2026-09-03T18:46,81035.670000,0.167600,0.805058,2026-09-03,456.000000,5.309768,0.842320,81041.370000,81011.900000
29807687,2026-09-03T18:47,81015.980000,-0.654100,0.719977,2026-09-03,390.000000,5.958336,0.828168,81042.150000,81002.770000
29807688,2026-09-03T18:48,81014.550000,-0.795800,0.656342,2026-09-03,384.000000,4.135980,0.678580,81026.040000,81009.770000
29807689,2026-09-03T18:49,81052.620000,-0.251700,0.385198,2026-09-03,487.000000,7.904153,0.673285,81056.230000,81012.820000
29807690,2026-09-03T18:50,81067.710000,-0.024000,0.344056,2026-09-03,374.000000,7.277046,0.918790,81068.300000,81039.180000
29807691,2026-09-03T18:51,81080.990000,0.179600,0.845304,2026-09-03,402.000000,8.439329,0.879583,81089.200000,81060.000000
29807692,2026-09-03T18:52,81121.520000,0.046600,0.759526,2026-09-03,471.000000,7.321816,0.794428,81139.200000,81080.990000
29807693,2026-09-03T18:53,81186.950000,0.516400,0.588479,2026-09-03,528.000000,7.688548,0.706910,81188.580000,81120.680000
29807694,2026-09-03T18:54,81171.260000,0.670200,0.410142,2026-09-03,362.000000,2.358274,0.637371,81197.990000,81168.780000
29807695,2026-09-03T18:55,81215.990000,0.851900,0.276038,2026-09-03,393.000000,5.061479,0.594991,81215.990000,81171.260000
29807696,2026-09-03T18:56,81234.300000,0.084300,0.190060,2026-09-03,369.000000,3.783745,0.742087,81270.010000,81201.760000
29807697,2026-09-03T18:57,81272.140000,-0.163400,0.484174,2026-09-03,370.000000,3.795646,0.740601,81273.930000,81229.310000
29807698,2026-09-03T18:58,81279.180000,0.296100,0.484235,2026-09-03,512.000000,8.891928,0.720847,81279.190000,81251.490000
29807699,2026-09-03T18:59,81268.420000,0.594000,0.455039,2026-09-03,489.000000,5.906322,0.853269,81279.180000,81252.020000
29807700,2026-09-03T19:00,81246.710000,-0.226700,0.128180,2026-09-03,519.000000,14.373383,0.380786,81268.740000,81216.140000
29807701,2026-09-03T19:01,81275.460000,-0.174400,-0.482112,2026-09-03,657.000000,22.821868,0.460407,81282.740000,81220.010000
29807702,2026-09-03T19:02,81242.330000,-0.358900,0.623755,2026-09-03,613.000000,8.341948,0.884773,81292.790000,81241.140000
29807703,2026-09-03T19:03,81256.540000,0.402900,0.773373,2026-09-03,549.000000,7.724703,0.896039,81263.890000,81234.310000
29807704,2026-09-03T19:04,81436.290000,0.980100,0.789051,2026-09-03,965.000000,45.162856,0.625817,81440.110000,81255.820000
29807705,2026-09-03T19:05,81311.730000,0.471600,0.320199,2026-09-03,1781.000000,64.590499,0.773293,81637.390000,81303.010000
29807706,2026-09-03T19:06,81255.170000,0.355700,0.517896,2026-09-03,1176.000000,22.446016,0.722096,81345.000000,81173.700000
29807707,2026-09-03T19:07,81335.990000,-0.105700,0.445795,2026-09-03,949.000000,17.281543,0.773375,81336.000000,81217.830000
29807708,2026-09-03T19:08,81219.110000,0.506100,0.533478,2026-09-03,654.000000,8.108493,0.807296,81324.510000,81189.000000
29807709,2026-09-03T19:09,81288.720000,0.239700,0.636966,2026-09-03,598.000000,9.023390,0.826723,81292.980000,81216.800000
29807710,2026-09-03T19:10,81301.860000,0.287500,0.653064,2026-09-03,572.000000,8.678058,0.862735,81314.980000,81275.720000
29807711,2026-09-03T19:11,81225.990000,-0.313800,0.704583,2026-09-03,659.000000,13.319753,0.714343,81305.240000,81224.200000
29807712,2026-09-03T19:12,81228.860000,-0.334300,0.435547,2026-09-03,620.000000,6.262369,0.808047,81255.370000,81224.930000
29807713,2026-09-03T19:13,81264.920000,-0.015900,0.617742,2026-09-03,637.000000,8.906420,0.871816,81275.000000,81228.860000
29807714,2026-09-03T19:14,81211.580000,0.306700,0.713621,2026-09-03,589.000000,4.875066,0.774568,81264.850000,81184.840000
29807715,2026-09-03T19:15,81183.620000,0.096200,0.608542,2026-09-03,633.000000,10.030062,0.808813,81216.310000,81175.900000
29807716,2026-09-03T19:16,81231.010000,-0.133700,0.690891,2026-09-03,475.000000,6.992813,0.736352,81240.040000,81183.620000
29807717,2026-09-03T19:17,81265.110000,0.286700,0.200114,2026-09-03,456.000000,5.934724,0.851630,81282.000000,81225.010000
29807718,2026-09-03T19:18,81348.710000,0.411400,0.698693,2026-09-03,517.000000,4.141916,0.864188,81352.520000,81245.420000
29807719,2026-09-03T19:19,81379.990000,0.643000,0.730164,2026-09-03,487.000000,4.609525,0.647691,81383.050000,81348.750000
29807720,2026-09-03T19:20,81527.080000,0.801300,-0.149410,2026-09-03,655.000000,8.446448,0.564190,81530.990000,81380.000000
29807721,2026-09-03T19:21,81592.540000,0.488300,0.624969,2026-09-03,821.000000,14.000524,0.858923,81595.000000,81480.990000
29807722,2026-09-03T19:22,81557.350000,0.222100,0.757884,2026-09-03,381.000000,3.173490,0.578103,81592.550000,81529.990000
29807723,2026-09-03T19:23,81561.360000,0.406400,0.167492,2026-09-03,570.000000,5.254488,0.840604,81621.010000,81547.400000
29807724,2026-09-03T19:24,81539.320000,0.163900,0.683162,2026-09-03,562.000000,6.968526,0.520844,81574.010000,81530.000000
29807725,2026-09-03T19:25,81448.430000,0.312500,0.036841,2026-09-03,624.000000,12.239528,0.387564,81537.710000,81404.580000
29807726,2026-09-03T19:26,81486.580000,-0.119200,-0.226454,2026-09-03,417.000000,5.826674,0.881946,81517.100000,81440.640000
29807727,2026-09-03T19:27,81498.300000,0.569200,0.783577,2026-09-03,331.000000,6.724044,0.637129,81508.490000,81479.370000
29807728,2026-09-03T19:28,81564.980000,0.644800,0.225707,2026-09-03,593.000000,13.286364,0.763995,81572.890000,81488.250000
29807729,2026-09-03T19:29,81550.390000,0.323500,0.533137,2026-09-03,369.000000,5.686201,0.512451,81575.000000,81545.000000
29807730,2026-09-03T19:30,81504.140000,0.600100,0.025339,2026-09-03,441.000000,3.434838,0.667084,81569.530000,81492.010000
29807731,2026-09-03T19:31,81459.010000,-0.514000,0.354131,2026-09-03,547.000000,8.303146,0.568847,81521.990000,81459.010000
29807732,2026-09-03T19:32,81425.860000,0.391500,0.127999,2026-09-03,554.000000,5.632827,0.790128,81459.020000,81385.800000
29807733,2026-09-03T19:33,81446.400000,0.100200,0.590937,2026-09-03,431.000000,6.680879,0.900523,81475.130000,81425.860000
29807734,2026-09-03T19:34,81426.210000,0.101100,0.789098,2026-09-03,428.000000,11.978250,0.340388,81456.500000,81420.980000
29807735,2026-09-03T19:35,81402.320000,-0.488100,-0.303460,2026-09-03,354.000000,2.843542,0.800676,81434.010000,81395.900000
29807736,2026-09-03T19:36,81439.420000,0.453200,0.583679,2026-09-03,419.000000,8.956896,0.710075,81453.090000,81402.310000
29807737,2026-09-03T19:37,81407.260000,0.564800,0.337083,2026-09-03,360.000000,3.602704,0.405342,81439.410000,81397.320000
29807738,2026-09-03T19:38,81470.740000,0.816900,-0.057513,2026-09-03,416.000000,4.811965,0.725406,81474.070000,81407.000000
29807739,2026-09-03T19:39,81522.290000,0.501900,0.467620,2026-09-03,614.000000,12.059964,0.466494,81530.990000,81460.010000
29807740,2026-09-03T19:40,81597.620000,0.375500,-0.141472,2026-09-03,523.000000,10.997774,0.358579,81606.000000,81502.320000
29807741,2026-09-03T19:41,81597.890000,0.371700,-0.209361,2026-09-03,627.000000,17.220346,0.308386,81622.810000,81562.040000
29807742,2026-09-03T19:42,81583.140000,0.368200,-0.360877,2026-09-03,467.000000,14.733266,0.314956,81607.680000,81565.330000
29807743,2026-09-03T19:43,81536.830000,0.102100,-0.356949,2026-09-03,507.000000,14.248521,0.189419,81600.710000,81535.010000
29807744,2026-09-03T19:44,81554.270000,-0.377700,-0.693229,2026-09-03,616.000000,9.497429,0.371475,81565.330000,81497.620000
29807745,2026-09-03T19:45,81642.140000,0.624800,-0.203576,2026-09-03,665.000000,14.267619,0.473317,81642.330000,81540.610000
29807746,2026-09-03T19:46,81626.890000,0.136200,-0.024375,2026-09-03,448.000000,11.497210,0.257473,81644.940000,81618.210000
29807747,2026-09-03T19:47,81507.450000,-0.666900,-0.483345,2026-09-03,691.000000,17.660785,0.270343,81645.390000,81493.210000
29807748,2026-09-03T19:48,81485.010000,-0.955200,-0.493300,2026-09-03,622.000000,17.538827,0.371937,81547.390000,81465.120000
29807749,2026-09-03T19:49,81473.260000,-0.095400,-0.205200,2026-09-03,467.000000,10.147337,0.548682,81485.990000,81459.260000
29807750,2026-09-03T19:50,81537.930000,-0.364500,0.155049,2026-09-03,636.000000,12.723869,0.786817,81564.690000,81473.260000
29807751,2026-09-03T19:51,81611.860000,0.577400,0.513637,2026-09-03,427.000000,5.659278,0.838332,81614.380000,81517.190000
29807752,2026-09-03T19:52,81681.830000,-0.327700,0.712202,2026-09-03,905.000000,20.176094,0.655948,81753.740000,81597.660000
29807753,2026-09-03T19:53,81607.510000,-0.402900,0.323618,2026-09-03,796.000000,15.715575,0.781251,81711.590000,81607.500000
29807754,2026-09-03T19:54,81706.570000,0.828900,0.562461,2026-09-03,774.000000,9.914672,0.666177,81707.980000,81596.270000
29807755,2026-09-03T19:55,81756.330000,0.274100,0.289559,2026-09-03,701.000000,16.082497,0.658860,81767.180000,81671.760000
29807756,2026-09-03T19:56,81762.850000,0.305400,0.355769,2026-09-03,637.000000,20.816316,0.395646,81782.000000,81739.310000
29807757,2026-09-03T19:57,81765.040000,0.498100,-0.222514,2026-09-03,1047.000000,28.899089,0.576627,81812.310000,81755.000000
29807758,2026-09-03T19:58,81776.680000,0.730700,0.136762,2026-09-03,937.000000,16.110609,0.492260,81788.280000,81759.950000
29807759,2026-09-03T19:59,81774.090000,0.687600,-0.057081,2026-09-03,1157.000000,29.842746,0.488134,81804.370000,81750.000000
29807760,2026-09-03T20:00,81522.990000,0.250500,0.009734,2026-09-03,1733.000000,32.905966,0.154840,81804.090000,81489.440000
29807761,2026-09-03T20:01,81466.730000,-0.068800,-0.688838,2026-09-03,1023.000000,25.050088,0.304388,81536.960000,81404.340000
29807762,2026-09-03T20:02,81490.670000,-0.167100,-0.404894,2026-09-03,702.000000,12.207531,0.637158,81517.100000,81430.000000
29807763,2026-09-03T20:03,81565.150000,0.819500,0.277122,2026-09-03,576.000000,8.656972,0.453520,81571.220000,81465.730000
29807764,2026-09-03T20:04,81612.670000,0.665500,-0.109837,2026-09-03,772.000000,9.331973,0.578277,81642.440000,81565.150000
29807765,2026-09-03T20:05,81589.110000,0.579500,0.162476,2026-09-03,520.000000,6.551131,0.531406,81644.990000,81589.100000
29807766,2026-09-03T20:06,81550.010000,-0.183000,0.058568,2026-09-03,489.000000,5.879624,0.492522,81595.190000,81550.010000
29807767,2026-09-03T20:07,81587.240000,0.974300,0.018791,2026-09-03,447.000000,5.280746,0.773143,81587.230000,81537.300000
29807768,2026-09-03T20:08,81683.510000,0.710200,0.542583,2026-09-03,673.000000,4.505039,0.760772,81727.330000,81587.240000
29807769,2026-09-03T20:09,81655.290000,0.645500,0.494388,2026-09-03,490.000000,12.656159,0.445074,81733.340000,81641.010000
29807770,2026-09-03T20:10,81614.700000,0.443400,-0.212031,2026-09-03,696.000000,37.046370,0.242749,81655.280000,81598.510000
29807771,2026-09-03T20:11,81563.920000,0.674700,-0.491701,2026-09-03,530.000000,9.793906,0.216093,81616.340000,81540.990000
29807772,2026-09-03T20:12,81506.420000,0.813700,-0.567261,2026-09-03,501.000000,20.610589,0.122795,81563.920000,81478.630000
29807773,2026-09-03T20:13,81532.420000,0.844300,-0.754376,2026-09-03,451.000000,10.720242,0.935117,81534.020000,81496.910000
29807774,2026-09-03T20:14,81428.640000,0.313000,0.866815,2026-09-03,447.000000,18.905428,0.067683,81535.940000,81425.000000
29807775,2026-09-03T20:15,81426.140000,0.260700,-0.830376,2026-09-03,333.000000,2.468414,0.793583,81471.020000,81425.000000
29807776,2026-09-03T20:16,81438.740000,0.883400,0.626142,2026-09-03,367.000000,8.684802,0.607629,81443.980000,81400.000000
29807777,2026-09-03T20:17,81554.860000,0.302400,0.164219,2026-09-03,762.000000,10.731818,0.959219,81565.900000,81443.980000
29807778,2026-09-03T20:18,81436.880000,0.342800,0.920493,2026-09-03,550.000000,9.530598,0.684844,81561.690000,81436.300000
29807779,2026-09-03T20:19,81474.670000,0.503600,0.353857,2026-09-03,363.000000,2.600976,0.732261,81474.680000,81436.430000
29807780,2026-09-03T20:20,81451.290000,0.223900,0.429036,2026-09-03,333.000000,1.751202,0.793326,81503.630000,81450.220000
29807781,2026-09-03T20:21,81416.510000,0.330200,0.617342,2026-09-03,308.000000,6.533607,0.297523,81452.250000,81410.000000
29807782,2026-09-03T20:22,81411.550000,0.400900,-0.243576,2026-09-03,323.000000,6.426425,0.308697,81443.210000,81403.320000
29807783,2026-09-03T20:23,81417.990000,0.541000,-0.590455,2026-09-03,471.000000,7.994156,0.409726,81422.990000,81400.510000
29807784,2026-09-03T20:24,81434.380000,0.311900,-0.069363,2026-09-03,316.000000,6.185323,0.344498,81437.970000,81407.580000
29807785,2026-09-03T20:25,81428.010000,0.404100,-0.515998,2026-09-03,262.000000,3.245443,0.332499,81436.300000,81400.000000
29807786,2026-09-03T20:26,81517.100000,0.738200,-0.296755,2026-09-03,414.000000,5.817584,0.881568,81521.600000,81428.000000
29807787,2026-09-03T20:27,81508.400000,0.069700,0.753088,2026-09-03,874.000000,8.533725,0.222272,81533.240000,81487.980000
29807788,2026-09-03T20:28,81597.460000,0.875600,-0.554062,2026-09-03,533.000000,5.898215,0.701133,81598.020000,81508.400000
29807789,2026-09-03T20:29,81547.270000,0.115500,0.393016,2026-09-03,631.000000,5.196622,0.168343,81605.990000,81547.270000
29807790,2026-09-03T20:30,81559.140000,-0.113400,-0.535165,2026-09-03,814.000000,11.142961,0.397312,81598.410000,81526.510000
29807791,2026-09-03T20:31,81509.600000,0.128100,-0.248419,2026-09-03,939.000000,10.904099,0.419813,81577.700000,81500.000000
29807792,2026-09-03T20:32,81505.010000,0.310500,-0.192702,2026-09-03,759.000000,6.960523,0.227392,81544.490000,81503.930000
29807793,2026-09-03T20:33,81500.010000,-0.015200,-0.533982,2026-09-03,850.000000,8.839965,0.307659,81518.140000,81488.810000
29807794,2026-09-03T20:34,81476.300000,0.166200,-0.375183,2026-09-03,552.000000,7.010529,0.324115,81511.260000,81466.600000
29807795,2026-09-03T20:35,81488.260000,-0.810100,-0.317541,2026-09-03,933.000000,7.184924,0.210578,81518.980000,81476.300000
29807796,2026-09-03T20:36,81452.380000,0.325400,-0.619001,2026-09-03,698.000000,5.773496,0.445145,81504.920000,81444.310000
29807797,2026-09-03T20:37,81505.540000,0.102100,-0.109496,2026-09-03,449.000000,8.257279,0.514354,81507.000000,81425.000000
29807798,2026-09-03T20:38,81609.600000,0.201200,0.028754,2026-09-03,409.000000,5.863903,0.738063,81609.600000,81484.160000
29807799,2026-09-03T20:39,81579.290000,0.240800,0.467422,2026-09-03,296.000000,2.958561,0.680612,81648.400000,81580.000000
29807800,2026-09-03T20:40,81569.990000,-0.008900,0.288603,2026-09-03,358.000000,7.941693,0.144830,81577.710000,81533.140000
29807801,2026-09-03T20:41,81528.760000,-0.108400,-0.703745,2026-09-03,236.000000,0.933306,0.711491,81569.990000,81521.240000
29807802,2026-09-03T20:42,81488.820000,-0.540200,0.427093,2026-09-03,331.000000,1.676702,0.588474,81533.290000,81488.810000
29807803,2026-09-03T20:43,81494.050000,0.512500,0.312714,2026-09-03,284.000000,1.599907,0.772589,81518.090000,81474.760000
29807804,2026-09-03T20:44,81475.740000,0.589400,0.424599,2026-09-03,307.000000,1.874311,0.629241,81511.660000,81468.020000
29807805,2026-09-03T20:45,81458.990000,0.845800,0.257937,2026-09-03,338.000000,2.153231,0.530613,81484.760000,81434.310000
29807806,2026-09-03T20:46,81454.710000,0.592700,0.043578,2026-09-03,241.000000,1.505276,0.271310,81476.420000,81449.620000
29807807,2026-09-03T20:47,81516.200000,0.656000,-0.432771,2026-09-03,422.000000,4.036824,0.764848,81528.760000,81438.000000
29807808,2026-09-03T20:48,81562.380000,0.492000,0.527720,2026-09-03,382.000000,4.924422,0.714533,81572.990000,81510.270000
29807809,2026-09-03T20:49,81542.670000,0.727200,0.430140,2026-09-03,318.000000,2.038052,0.191470,81589.400000,81543.660000
29807810,2026-09-03T20:50,81578.620000,0.684700,-0.616106,2026-09-03,329.000000,1.423215,0.402831,81592.060000,81538.720000
29807811,2026-09-03T20:51,81557.910000,0.518500,-0.195326,2026-09-03,294.000000,1.594129,0.570162,81587.790000,81552.360000
29807812,2026-09-03T20:52,81508.510000,-0.284700,0.140316,2026-09-03,225.000000,2.186619,0.123466,81558.290000,81509.210000
29807813,2026-09-03T20:53,81465.760000,-0.828700,-0.753068,2026-09-03,148.000000,0.130311,0.500209,81509.190000,81460.550000
29807814,2026-09-03T20:54,81464.620000,0.438600,0.000419,2026-09-03,481.000000,3.369336,0.847345,81498.630000,81438.550000
29807815,2026-09-03T20:55,81455.860000,-0.018800,0.719148,2026-09-03,229.000000,1.062449,0.806940,81481.290000,81455.000000
29807816,2026-09-03T20:56,81493.290000,0.507900,0.422876,2026-09-03,449.000000,4.694038,0.644944,81518.550000,81435.000000
29807817,2026-09-03T20:57,81443.220000,0.215000,0.274235,2026-09-03,307.000000,2.018188,0.801249,81502.510000,81436.300000
29807818,2026-09-03T20:58,81443.330000,-0.298900,0.649630,2026-09-03,280.000000,2.193097,0.452067,81448.780000,81425.000000
29807819,2026-09-03T20:59,81474.820000,0.354900,-0.096872,2026-09-03,310.000000,5.286913,0.372160,81482.850000,81440.690000
29807820,2026-09-03T21:00,81470.480000,0.399500,-0.255623,2026-09-03,261.000000,3.551619,0.767283,81495.000000,81458.340000
29807821,2026-09-03T21:01,81442.230000,0.331100,0.537134,2026-09-03,270.000000,1.465781,0.528379,81470.480000,81430.000000
29807822,2026-09-03T21:02,81450.140000,-0.688900,0.058694,2026-09-03,340.000000,6.256745,0.161869,81506.990000,81445.000000
29807823,2026-09-03T21:03,81392.010000,-0.733900,-0.677505,2026-09-03,256.000000,5.689386,0.150754,81450.260000,81388.810000
29807824,2026-09-03T21:04,81380.230000,0.613100,-0.698342,2026-09-03,356.000000,5.426654,0.330912,81401.650000,81355.060000
29807825,2026-09-03T21:05,81375.850000,-0.365800,-0.337948,2026-09-03,332.000000,2.215298,0.407193,81397.280000,81367.020000
29807826,2026-09-03T21:06,81312.760000,-0.573000,-0.186555,2026-09-03,372.000000,2.404791,0.538686,81382.690000,81312.770000
29807827,2026-09-03T21:07,81379.440000,0.085700,0.077318,2026-09-03,528.000000,11.089379,0.578628,81398.990000,81287.010000
29807828,2026-09-03T21:08,81339.610000,0.593800,0.164154,2026-09-03,493.000000,8.737339,0.139542,81379.640000,81315.660000
29807829,2026-09-03T21:09,81404.650000,0.570300,-0.738985,2026-09-03,536.000000,12.713076,0.415792,81424.760000,81335.300000
29807830,2026-09-03T21:10,81525.350000,0.149900,-0.158412,2026-09-03,654.000000,14.511265,0.283206,81535.570000,81404.650000
29807831,2026-09-03T21:11,81491.270000,0.372600,-0.449851,2026-09-03,451.000000,7.225173,0.185396,81524.980000,81451.020000
29807832,2026-09-03T21:12,81555.520000,0.721800,-0.624481,2026-09-03,731.000000,19.412582,0.288640,81571.490000,81491.270000
29807833,2026-09-03T21:13,81604.250000,0.588100,-0.421291,2026-09-03,584.000000,17.532015,0.430628,81635.300000,81550.000000
29807834,2026-09-03T21:14,81604.580000,0.314000,-0.133379,2026-09-03,458.000000,11.914189,0.232432,81644.340000,81570.000000
29807835,2026-09-03T21:15,81559.540000,0.270300,-0.520187,2026-09-03,361.000000,6.569503,0.208861,81624.840000,81557.500000
29807836,2026-09-03T21:16,81564.300000,0.511600,-0.611180,2026-09-03,519.000000,10.613299,0.178184,81598.630000,81524.280000
29807837,2026-09-03T21:17,81640.810000,0.045000,-0.643657,2026-09-03,865.000000,13.244416,0.483654,81678.000000,81564.300000
29807838,2026-09-03T21:18,81571.890000,0.588800,-0.032575,2026-09-03,578.000000,4.755756,0.397047,81648.390000,81567.230000
29807839,2026-09-03T21:19,81584.480000,0.367400,-0.206192,2026-09-03,344.000000,2.741032,0.825638,81584.490000,81552.280000
29807840,2026-09-03T21:20,81617.290000,0.237200,0.470465,2026-09-03,285.000000,3.883653,0.610041,81638.110000,81574.490000
29807841,2026-09-03T21:21,81605.540000,0.517400,0.336082,2026-09-03,303.000000,1.957517,0.547509,81648.400000,81587.810000
29807842,2026-09-03T21:22,81573.760000,0.322800,0.296937,2026-09-03,387.000000,8.115489,0.170115,81634.490000,81573.760000
29807843,2026-09-03T21:23,81525.480000,0.330500,-0.730454,2026-09-03,411.000000,6.514927,0.824479,81587.060000,81521.020000
29807844,2026-09-03T21:24,81543.930000,0.065800,0.636104,2026-09-03,338.000000,4.375874,0.929441,81561.500000,81524.610000
29807845,2026-09-03T21:25,81558.390000,0.600200,0.858847,2026-09-03,370.000000,2.305336,0.629952,81572.990000,81522.350000
29807846,2026-09-03T21:26,81614.240000,0.903400,0.254662,2026-09-03,357.000000,2.382211,0.833957,81614.240000,81543.970000
29807847,2026-09-03T21:27,81582.990000,0.606300,0.673430,2026-09-03,305.000000,1.674481,0.403559,81625.170000,81582.980000
29807848,2026-09-03T21:28,81632.580000,0.834800,-0.190552,2026-09-03,354.000000,2.138573,0.831774,81644.650000,81582.980000
29807849,2026-09-03T21:29,81779.700000,0.187900,0.646295,2026-09-03,704.000000,10.719393,0.781281,81796.300000,81632.080000
29807850,2026-09-03T21:30,81963.110000,0.017600,0.567493,2026-09-03,1507.000000,67.573010,0.476027,81973.440000,81779.690000
29807851,2026-09-03T21:31,81971.420000,0.821500,-0.052192,2026-09-03,718.000000,13.776093,0.586972,81999.990000,81882.450000
29807852,2026-09-03T21:32,81973.740000,0.235300,0.195867,2026-09-03,1033.000000,37.294365,0.938972,82022.100000,81913.810000
29807853,2026-09-03T21:33,82003.020000,0.054700,0.874374,2026-09-03,545.000000,12.292581,0.418071,82033.090000,81956.640000
29807854,2026-09-03T21:34,82083.480000,-0.025500,-0.170694,2026-09-03,1476.000000,30.425842,0.616544,82283.000000,81981.410000
29807855,2026-09-03T21:35,81935.110000,0.059300,0.237486,2026-09-03,603.000000,17.379820,0.354846,82083.480000,81850.000000
29807856,2026-09-03T21:36,81860.360000,0.016100,-0.288014,2026-09-03,441.000000,9.679674,0.680214,81935.100000,81762.010000
29807857,2026-09-03T21:37,81828.010000,-0.868500,0.352448,2026-09-03,404.000000,3.971984,0.450589,81911.000000,81820.100000
29807858,2026-09-03T21:38,81700.120000,-0.334900,-0.083009,2026-09-03,569.000000,4.459836,0.446340,81831.100000,81688.810000
29807859,2026-09-03T21:39,81658.510000,-0.113000,-0.110674,2026-09-03,406.000000,8.865685,0.666615,81739.300000,81651.980000
29807860,2026-09-03T21:40,81688.430000,0.131000,0.342678,2026-09-03,396.000000,7.665567,0.210313,81700.000000,81611.000000
29807861,2026-09-03T21:41,81654.890000,0.194800,-0.592880,2026-09-03,335.000000,7.772939,0.624904,81690.210000,81573.780000
29807862,2026-09-03T21:42,81643.110000,-0.095800,0.246085,2026-09-03,286.000000,4.129236,0.921697,81678.510000,81628.210000
29807863,2026-09-03T21:43,81545.140000,0.314300,0.843426,2026-09-03,351.000000,5.166556,0.293036,81643.930000,81527.910000
29807864,2026-09-03T21:44,81530.620000,0.060400,-0.415120,2026-09-03,423.000000,7.095986,0.708248,81581.660000,81528.870000
29807865,2026-09-03T21:45,81494.670000,-0.159200,0.418288,2026-09-03,460.000000,10.362040,0.379222,81557.330000,81432.560000
29807866,2026-09-03T21:46,81436.300000,-0.236900,-0.241267,2026-09-03,251.000000,1.403525,0.502960,81494.680000,81428.500000
29807867,2026-09-03T21:47,81467.060000,-0.117900,0.151802,2026-09-03,320.000000,1.223199,0.640516,81483.150000,81436.300000
29807868,2026-09-03T21:48,81532.790000,0.189000,0.099937,2026-09-03,331.000000,0.997302,0.835072,81534.490000,81466.830000
29807869,2026-09-03T21:49,81685.650000,0.446300,0.678488,2026-09-03,529.000000,2.613676,0.720953,81690.500000,81531.710000
29807870,2026-09-03T21:50,81645.960000,0.703600,0.435741,2026-09-03,341.000000,5.155607,0.575175,81703.380000,81645.090000
29807871,2026-09-03T21:51,81645.770000,0.711900,0.156349,2026-09-03,401.000000,5.135191,0.628708,81675.710000,81638.290000
29807872,2026-09-03T21:52,81692.900000,0.824700,0.252594,2026-09-03,348.000000,0.971994,0.711829,81694.340000,81645.770000
29807873,2026-09-03T21:53,81697.890000,-0.139300,0.422063,2026-09-03,401.000000,4.029017,0.914402,81733.740000,81692.500000
29807874,2026-09-03T21:54,81727.120000,0.462400,0.828640,2026-09-03,92.000000,0.528878,0.953505,81730.660000,81697.890000
29807875,2026-09-03T21:55,81655.330000,0.065100,0.908331,2026-09-03,1094.000000,16.168644,0.286978,81759.010000,81650.000000
29807876,2026-09-03T21:56,81626.640000,0.139200,-0.426044,2026-09-03,379.000000,6.302378,0.213196,81668.920000,81625.720000
29807877,2026-09-03T21:57,81639.300000,0.335800,-0.573608,2026-09-03,300.000000,6.124499,0.169836,81648.390000,81591.750000
29807878,2026-09-03T21:58,81635.900000,0.665500,-0.659769,2026-09-03,834.000000,8.135155,0.124540,81663.740000,81628.200000
29807879,2026-09-03T21:59,81600.180000,0.235100,-0.759593,2026-09-03,488.000000,7.448531,0.063777,81635.910000,81600.020000
29807880,2026-09-03T22:00,81489.600000,0.576300,-0.883590,2026-09-03,388.000000,6.321807,0.213508,81627.210000,81488.420000
29807881,2026-09-03T22:01,81463.960000,0.717400,-0.487220,2026-09-03,427.000000,6.572604,0.699356,81489.600000,81401.000000
29807882,2026-09-03T22:02,81506.990000,0.261000,0.385153,2026-09-03,468.000000,4.636947,0.776950,81527.680000,81425.340000
29807883,2026-09-03T22:03,81532.040000,0.772000,0.557326,2026-09-03,583.000000,9.193540,0.464561,81538.630000,81439.000000
29807884,2026-09-03T22:04,81568.830000,0.510200,-0.078049,2026-09-03,461.000000,4.412497,0.737333,81585.000000,81500.000000
29807885,2026-09-03T22:05,81539.850000,0.018000,0.487523,2026-09-03,322.000000,2.738657,0.735338,81609.740000,81539.850000
29807886,2026-09-03T22:06,81490.920000,-0.164000,0.482033,2026-09-03,339.000000,1.555763,0.546439,81555.000000,81488.270000
29807887,2026-09-03T22:07,81486.610000,-0.027600,0.129422,2026-09-03,333.000000,2.240242,0.466874,81501.760000,81456.660000
29807888,2026-09-03T22:08,81484.150000,0.200800,-0.026478,2026-09-03,517.000000,7.620316,0.696143,81507.030000,81440.000000
29807889,2026-09-03T22:09,81450.990000,-0.251200,0.366854,2026-09-03,337.000000,1.266299,0.578507,81486.800000,81430.480000
29807890,2026-09-03T22:10,81430.480000,-0.130600,0.077276,2026-09-03,309.000000,1.235127,0.717379,81453.650000,81430.470000
29807891,2026-09-03T22:11,81414.890000,-0.228400,0.425112,2026-09-03,356.000000,4.634562,0.432594,81430.470000,81379.630000
29807892,2026-09-03T22:12,81348.510000,-0.076300,-0.101105,2026-09-03,404.000000,5.434650,0.349439,81420.490000,81348.500000
29807893,2026-09-03T22:13,81404.040000,0.714900,-0.305492,2026-09-03,613.000000,25.901832,0.865928,81404.700000,81285.000000
29807894,2026-09-03T22:14,81396.490000,-0.211800,0.731863,2026-09-03,433.000000,7.229919,0.815094,81418.940000,81385.800000
29807895,2026-09-03T22:15,81375.710000,-0.612200,0.639154,2026-09-03,617.000000,17.806119,0.911348,81432.270000,81375.710000
29807896,2026-09-03T22:16,81407.210000,0.343000,0.824579,2026-09-03,463.000000,8.485600,0.904149,81424.320000,81346.510000
29807897,2026-09-03T22:17,81415.760000,0.432200,0.804310,2026-09-03,557.000000,10.880150,0.869311,81433.100000,81402.580000
29807898,2026-09-03T22:18,81387.080000,0.700000,0.733767,2026-09-03,460.000000,6.818988,0.883234,81418.990000,81366.000000
29807899,2026-09-03T22:19,81319.920000,-0.621600,0.755216,2026-09-03,446.000000,6.656007,0.869003,81387.070000,81315.100000
29807900,2026-09-03T22:20,81300.010000,0.740400,0.748724,2026-09-03,411.000000,3.827531,0.655573,81374.420000,81300.000000
29807901,2026-09-03T22:21,81271.790000,-0.211700,0.296979,2026-09-03,668.000000,7.693700,0.281649,81319.440000,81264.510000
29807902,2026-09-03T22:22,81366.040000,-0.158800,-0.436635,2026-09-03,682.000000,23.926259,0.770853,81390.070000,81271.090000
29807903,2026-09-03T22:23,81311.480000,0.165100,0.541734,2026-09-03,378.000000,6.408235,0.561120,81367.940000,81296.920000
29807904,2026-09-03T22:24,81296.390000,-0.142700,0.122074,2026-09-03,379.000000,2.740894,0.797381,81344.380000,81296.390000
29807905,2026-09-03T22:25,81291.360000,-0.254000,0.545912,2026-09-03,416.000000,4.151296,0.800125,81318.620000,81237.100000
29807906,2026-09-03T22:26,81237.020000,0.036700,0.636362,2026-09-03,382.000000,5.953306,0.393514,81294.190000,81225.420000
29807907,2026-09-03T22:27,81163.950000,0.163000,-0.217737,2026-09-03,537.000000,11.868489,0.349025,81236.950000,81142.270000
29807908,2026-09-03T22:28,81194.740000,0.235000,-0.300916,2026-09-03,558.000000,9.868536,0.831255,81210.010000,81156.070000
29807909,2026-09-03T22:29,81143.980000,-0.158800,0.662495,2026-09-03,559.000000,12.425477,0.721274,81195.740000,81130.000000
29807910,2026-09-03T22:30,81124.980000,-0.026000,0.448909,2026-09-03,617.000000,15.635888,0.714465,81143.970000,81114.720000
29807911,2026-09-03T22:31,81123.070000,-0.052100,0.427096,2026-09-03,728.000000,10.512689,0.913656,81204.000000,81108.210000
29807912,2026-09-03T22:32,81026.470000,-0.464200,0.827621,2026-09-03,712.000000,24.419745,0.522888,81121.800000,81022.200000
29807913,2026-09-03T22:33,80919.480000,-0.356000,0.056682,2026-09-03,746.000000,16.197294,0.574138,81062.600000,80913.200000
29807914,2026-09-03T22:34,81055.020000,-0.009200,0.171606,2026-09-03,747.000000,13.070621,0.813706,81061.400000,80916.660000
29807915,2026-09-03T22:35,81039.290000,-0.119300,0.591023,2026-09-03,541.000000,5.080101,0.794065,81065.600000,81019.100000
29807916,2026-09-03T22:36,81168.460000,0.433500,0.606630,2026-09-03,620.000000,9.664510,0.795883,81169.440000,81026.790000
29807917,2026-09-03T22:37,81184.050000,0.048900,0.571436,2026-09-03,568.000000,4.301075,0.715855,81215.990000,81151.870000
29807918,2026-09-03T22:38,81105.050000,-0.509900,0.478955,2026-09-03,358.000000,3.709674,0.718008,81184.060000,81103.580000
29807919,2026-09-03T22:39,81127.340000,0.325000,0.446489,2026-09-03,525.000000,3.186775,0.806124,81155.230000,81080.300000
29807920,2026-09-03T22:40,81240.730000,0.852000,0.621287,2026-09-03,665.000000,5.300541,0.860357,81240.730000,81129.290000
29807921,2026-09-03T22:41,81254.080000,0.634700,0.715794,2026-09-03,465.000000,3.111736,0.765129,81261.000000,81211.590000
29807922,2026-09-03T22:42,81212.610000,0.583700,0.524688,2026-09-03,437.000000,2.874257,0.513611,81262.680000,81196.870000
29807923,2026-09-03T22:43,81218.360000,-0.143800,0.027127,2026-09-03,361.000000,2.527388,0.844088,81224.280000,81188.310000
29807924,2026-09-03T22:44,81211.760000,-0.076500,0.668853,2026-09-03,403.000000,5.152554,0.452351,81218.360000,81161.480000
29807925,2026-09-03T22:45,81256.960000,0.460200,-0.091233,2026-09-03,436.000000,5.225092,0.784904,81275.110000,81211.760000
29807926,2026-09-03T22:46,81269.290000,-0.075000,0.569664,2026-09-03,412.000000,4.069278,0.493056,81277.830000,81236.050000
29807927,2026-09-03T22:47,81220.210000,-0.401200,-0.013987,2026-09-03,410.000000,4.757004,0.551017,81294.010000,81220.110000
29807928,2026-09-03T22:48,81179.100000,0.541300,0.102152,2026-09-03,352.000000,1.143174,0.454838,81224.750000,81171.680000
29807929,2026-09-03T22:49,81171.210000,-0.587300,-0.090758,2026-09-03,321.000000,0.724780,0.804512,81208.550000,81166.510000
29807930,2026-09-03T22:50,81115.380000,-0.150900,0.619380,2026-09-03,449.000000,6.473364,0.244830,81171.220000,81093.610000
29807931,2026-09-03T22:51,81101.050000,-0.580400,-0.508329,2026-09-03,327.000000,3.196761,0.602540,81143.380000,81072.710000
29807932,2026-09-03T22:52,81102.990000,0.676000,0.317297,2026-09-03,512.000000,42.879741,0.659060,81120.000000,81047.220000
29807933,2026-09-03T22:53,81193.540000,0.374100,0.317102,2026-09-03,639.000000,11.872949,0.933164,81237.010000,81103.000000
29807934,2026-09-03T22:54,81140.100000,-0.057300,0.861443,2026-09-03,314.000000,3.371426,0.480498,81197.550000,81138.550000
29807935,2026-09-03T22:55,81149.140000,-0.160800,-0.029564,2026-09-03,329.000000,2.511255,0.763989,81156.960000,81113.140000
29807936,2026-09-03T22:56,81168.880000,0.237400,0.523843,2026-09-03,451.000000,4.004184,0.582926,81183.790000,81118.500000
29807937,2026-09-03T22:57,81173.710000,0.486900,0.165807,2026-09-03,461.000000,4.679273,0.781241,81212.980000,81147.050000
29807938,2026-09-03T22:58,81133.520000,-0.286300,0.566102,2026-09-03,328.000000,2.958061,0.786253,81215.010000,81130.750000
29807939,2026-09-03T22:59,81155.570000,0.143900,0.571797,2026-09-03,340.000000,1.634334,0.665147,81157.760000,81117.010000
29807940,2026-09-03T23:00,81165.420000,-0.549500,0.302717,2026-09-03,437.000000,6.455140,0.719132,81174.880000,81117.010000
29807941,2026-09-03T23:01,81123.760000,-0.687900,0.442288,2026-09-03,351.000000,3.054325,0.462941,81195.640000,81120.000000
29807942,2026-09-03T23:02,81147.670000,-0.091500,-0.074117,2026-09-03,371.000000,1.976681,0.816904,81160.320000,81119.260000
29807943,2026-09-03T23:03,81148.030000,-0.327000,0.633351,2026-09-03,358.000000,2.047758,0.837922,81175.670000,81133.320000
29807944,2026-09-03T23:04,81200.600000,-0.548700,0.677285,2026-09-03,322.000000,2.544810,0.810991,81200.600000,81148.720000
29807945,2026-09-03T23:05,81208.790000,0.282700,0.574675,2026-09-03,363.000000,3.474672,0.432329,81221.980000,81192.780000
29807946,2026-09-03T23:06,81193.900000,-0.142500,-0.115981,2026-09-03,432.000000,3.736863,0.692932,81230.170000,81193.900000
29807947,2026-09-03T23:07,81203.990000,0.425700,0.398846,2026-09-03,353.000000,3.073551,0.698745,81227.350000,81170.000000
29807948,2026-09-03T23:08,81211.670000,0.745100,0.380745,2026-09-03,344.000000,1.411665,0.495397,81212.440000,81176.390000
29807949,2026-09-03T23:09,81183.800000,-0.329100,-0.024769,2026-09-03,310.000000,1.845510,0.695806,81212.980000,81183.800000
29807950,2026-09-03T23:10,81162.960000,-0.556600,0.409113,2026-09-03,316.000000,1.747775,0.426664,81213.680000,81162.940000
29807951,2026-09-03T23:11,81098.950000,-0.506600,-0.157045,2026-09-03,427.000000,4.912397,0.342236,81162.950000,81079.950000
29807952,2026-09-03T23:12,81116.860000,-0.009300,-0.312154,2026-09-03,412.000000,4.531324,0.739321,81128.820000,81089.930000
29807953,2026-09-03T23:13,81100.260000,0.092800,0.478280,2026-09-03,452.000000,4.166916,0.591203,81158.990000,81100.250000
29807954,2026-09-03T23:14,81168.240000,-0.176200,0.182420,2026-09-03,450.000000,6.404667,0.740197,81214.090000,81090.010000
29807955,2026-09-03T23:15,81183.260000,0.475100,0.483740,2026-09-03,376.000000,3.642575,0.564833,81185.900000,81160.010000
29807956,2026-09-03T23:16,81204.360000,0.583700,0.119473,2026-09-03,493.000000,5.150964,0.517077,81224.980000,81171.580000
29807957,2026-09-03T23:17,81249.990000,0.037900,0.046700,2026-09-03,444.000000,5.517369,0.514575,81250.000000,81167.750000
29807958,2026-09-03T23:18,81262.290000,0.337500,0.002492,2026-09-03,385.000000,2.783466,0.598150,81285.280000,81240.120000
29807959,2026-09-03T23:19,81227.770000,-0.719400,0.231620,2026-09-03,375.000000,2.909135,0.758499,81272.460000,81216.280000
29807960,2026-09-03T23:20,81229.570000,-0.395400,0.517021,2026-09-03,375.000000,2.593119,0.747106,81240.100000,81208.120000
29807961,2026-09-03T23:21,81193.900000,0.262000,0.494799,2026-09-03,380.000000,8.762162,0.716840,81244.990000,81193.900000
29807962,2026-09-03T23:22,81203.200000,0.099600,0.433484,2026-09-03,432.000000,8.382836,0.846781,81228.960000,81185.880000
29807963,2026-09-03T23:23,81193.990000,-0.062800,0.696244,2026-09-03,370.000000,4.490152,0.790398,81224.190000,81184.490000
29807964,2026-09-03T23:24,81190.360000,-0.126200,0.573205,2026-09-03,357.000000,2.787843,0.795224,81203.290000,81185.130000
29807965,2026-09-03T23:25,81186.990000,0.490600,0.591414,2026-09-03,334.000000,2.702338,0.894573,81191.990000,81156.030000
29807966,2026-09-03T23:26,81220.290000,-0.012900,0.761659,2026-09-03,340.000000,1.188922,0.754221,81221.020000,81182.810000
29807967,2026-09-03T23:27,81219.200000,0.462000,0.563713,2026-09-03,252.000000,1.351907,0.741604,81221.890000,81198.150000
29807968,2026-09-03T23:28,81214.390000,0.531500,0.483231,2026-09-03,248.000000,0.750713,0.621691,81221.900000,81205.120000
29807969,2026-09-03T23:29,81292.120000,0.834900,0.424652,2026-09-03,461.000000,2.141576,0.824437,81293.100000,81214.390000
29807970,2026-09-03T23:30,81190.640000,0.580900,0.629534,2026-09-03,384.000000,4.991239,0.474803,81302.990000,81190.550000
29807971,2026-09-03T23:31,81143.760000,-0.495100,-0.077328,2026-09-03,319.000000,8.571863,0.379368,81190.640000,81134.090000
29807972,2026-09-03T23:32,81160.010000,0.326200,-0.241248,2026-09-03,513.000000,6.551921,0.691656,81187.960000,81120.920000
29807973,2026-09-03T23:33,81191.210000,0.403600,0.383341,2026-09-03,312.000000,2.261662,0.833559,81197.450000,81149.950000
29807974,2026-09-03T23:34,81195.770000,0.425800,0.667190,2026-09-03,324.000000,1.963349,0.720149,81207.560000,81185.000000
29807975,2026-09-03T23:35,81188.480000,0.654500,0.446583,2026-09-03,354.000000,2.059516,0.377051,81214.100000,81178.940000
29807976,2026-09-03T23:36,81242.330000,0.567800,-0.275889,2026-09-03,406.000000,1.418084,0.664962,81258.560000,81188.480000
29807977,2026-09-03T23:37,81316.110000,0.900400,0.329959,2026-09-03,454.000000,3.141908,0.673895,81330.990000,81258.730000
29807978,2026-09-03T23:38,81328.380000,0.772100,0.173244,2026-09-03,292.000000,4.919709,0.447586,81330.990000,81307.740000
29807979,2026-09-03T23:39,81320.880000,-0.140900,-0.011104,2026-09-03,294.000000,2.507571,0.774665,81333.010000,81313.250000
29807980,2026-09-03T23:40,81294.900000,-0.107900,0.549687,2026-09-03,283.000000,2.548992,0.783035,81342.740000,81294.910000
29807981,2026-09-03T23:41,81313.010000,0.761500,0.566213,2026-09-03,301.000000,2.955277,0.782811,81326.660000,81284.800000
29807982,2026-09-03T23:42,81305.010000,0.415000,0.569805,2026-09-03,327.000000,4.297729,0.896578,81336.150000,81305.010000
29807983,2026-09-03T23:43,81240.180000,-0.051800,0.772376,2026-09-03,567.000000,9.985499,0.401931,81305.000000,81212.850000
29807984,2026-09-03T23:44,81237.390000,-0.484100,-0.192227,2026-09-03,346.000000,4.028210,0.651014,81264.590000,81231.010000
29807985,2026-09-03T23:45,81259.700000,0.888500,0.302543,2026-09-03,367.000000,3.914656,0.925382,81263.240000,81234.400000
29807986,2026-09-03T23:46,81217.400000,0.528300,0.850919,2026-09-03,262.000000,2.825039,0.454893,81260.220000,81204.000000
29807987,2026-09-03T23:47,81190.990000,-0.191100,-0.094502,2026-09-03,301.000000,1.843795,0.690739,81217.400000,81184.800000
29807988,2026-09-03T23:48,81236.390000,0.500400,0.398321,2026-09-03,322.000000,1.440188,0.685164,81240.750000,81189.750000
29807989,2026-09-03T23:49,81232.890000,0.711200,0.381108,2026-09-03,282.000000,1.921404,0.705695,81247.120000,81228.730000
29807990,2026-09-03T23:50,81239.610000,0.478800,0.476762,2026-09-03,300.000000,2.751871,0.215825,81264.600000,81230.000000
29807991,2026-09-03T23:51,81326.240000,0.968600,-0.670151,2026-09-03,447.000000,3.574111,0.706043,81330.360000,81239.620000
29807992,2026-09-03T23:52,81316.240000,0.005300,0.489497,2026-09-03,371.000000,3.471590,0.863007,81346.450000,81280.000000
29807993,2026-09-03T23:53,81286.540000,0.594200,0.717914,2026-09-03,221.000000,2.371244,0.761301,81323.510000,81284.810000
29807994,2026-09-03T23:54,81292.670000,0.292600,0.529086,2026-09-03,370.000000,2.471964,0.838165,81310.780000,81270.020000
29807995,2026-09-03T23:55,81257.820000,-0.336800,0.667807,2026-09-03,288.000000,1.992955,0.845412,81295.540000,81253.420000
29807996,2026-09-03T23:56,81290.710000,0.041500,0.696043,2026-09-03,401.000000,5.355598,0.922517,81295.260000,81240.670000
29807997,2026-09-03T23:57,81269.210000,-0.009000,0.833198,2026-09-03,197.000000,0.820877,0.752320,81290.710000,81267.850000
29807998,2026-09-03T23:58,81273.860000,0.008100,0.570558,2026-09-03,268.000000,2.420177,0.901256,81275.890000,81267.590000
29807999,2026-09-03T23:59,81263.990000,-0.571900,0.802588,2026-09-03,211.000000,0.247776,0.436287,81273.860000,81263.990000
