minute_epoch,minute_utc,close,book_imb,ofi,day,trades,volume,buy_share,high,low
29833932,2026-09-22T00:12,86401.640000,0.471500,0.000000,2026-09-22,290.000000,4.685764,0.180840,86413.390000,86374.210000
29833933,2026-09-22T00:13,86414.990000,0.408400,-0.638320,2026-09-22,313.000000,1.707644,0.289558,86429.630000,86375.010000
29833934,2026-09-22T00:14,86451.850000,0.308400,-0.421287,2026-09-22,436.000000,13.677419,0.866005,86477.990000,86406.810000
29833935,2026-09-22T00:15,86482.180000,-0.331900,0.732161,2026-09-22,446.000000,5.731504,0.364427,86483.200000,86404.750000
29833936,2026-09-22T00:16,86440.230000,0.170900,-0.272315,2026-09-22,382.000000,2.780294,0.266633,86485.220000,86423.440000
29833937,2026-09-22T00:17,86383.490000,-0.558500,0.128965,2026-09-22,429.000000,8.179725,0.395940,86454.350000,86383.490000
29833938,2026-09-22T00:18,86372.990000,0.203500,-0.628981,2026-09-22,399.000000,5.426168,0.616257,86383.490000,86355.010000
29833939,2026-09-22T00:19,86443.730000,-0.500700,0.328091,2026-09-22,423.000000,5.693311,0.391862,86443.740000,86372.990000
29833940,2026-09-22T00:20,86362.510000,0.412000,-0.380079,2026-09-22,395.000000,3.665737,0.192509,86443.730000,86362.500000
29833941,2026-09-22T00:21,86391.740000,0.129000,-0.615787,2026-09-22,394.000000,3.050839,0.725993,86394.000000,86360.010000
29833942,2026-09-22T00:22,86444.520000,0.163200,0.450316,2026-09-22,337.000000,2.186123,0.582322,86449.980000,86392.560000
29833943,2026-09-22T00:23,86375.330000,0.405200,0.166796,2026-09-22,370.000000,2.877360,0.242128,86444.530000,86374.390000
29833944,2026-09-22T00:24,86352.010000,0.280600,-0.515632,2026-09-22,326.000000,4.846571,0.183323,86376.200000,86330.870000
29833945,2026-09-22T00:25,86376.520000,-0.037100,-0.600032,2026-09-22,361.000000,2.394517,0.356629,86383.500000,86345.430000
29833946,2026-09-22T00:26,86326.710000,0.338600,-0.321954,2026-09-22,570.000000,20.410154,0.190424,86389.890000,86314.360000
29833947,2026-09-22T00:27,86388.880000,0.357700,-0.621765,2026-09-22,326.000000,1.211234,0.554294,86393.990000,86302.800000
29833948,2026-09-22T00:28,86388.350000,-0.167000,0.110033,2026-09-22,301.000000,1.292767,0.614380,86417.500000,86385.160000
29833949,2026-09-22T00:29,86390.970000,0.255100,0.194808,2026-09-22,311.000000,1.879673,0.390522,86426.600000,86373.030000
29833950,2026-09-22T00:30,86483.760000,0.279700,-0.202369,2026-09-22,400.000000,6.884954,0.777641,86485.610000,86371.180000
29833951,2026-09-22T00:31,86412.360000,0.168100,0.408298,2026-09-22,360.000000,2.462359,0.182037,86482.150000,86404.500000
29833952,2026-09-22T00:32,86461.160000,0.340900,-0.485417,2026-09-22,433.000000,3.340977,0.439330,86470.910000,86400.780000
29833953,2026-09-22T00:33,86469.980000,0.299400,-0.121734,2026-09-22,423.000000,2.981333,0.270343,86499.990000,86461.500000
29833954,2026-09-22T00:34,86453.360000,-0.606300,-0.459243,2026-09-22,428.000000,5.312621,0.356966,86480.040000,86433.190000
29833955,2026-09-22T00:35,86406.570000,0.411700,-0.285955,2026-09-22,338.000000,4.397180,0.086539,86462.170000,86399.450000
29833956,2026-09-22T00:36,86371.210000,-0.569600,-0.804983,2026-09-22,338.000000,1.833899,0.429928,86415.010000,86370.140000
29833957,2026-09-22T00:37,86310.160000,-0.682200,-0.160073,2026-09-22,584.000000,15.807050,0.269184,86414.990000,86301.040000
29833958,2026-09-22T00:38,86292.330000,0.171800,-0.467848,2026-09-22,480.000000,6.377881,0.208892,86310.160000,86275.000000
29833959,2026-09-22T00:39,86251.360000,-0.495100,-0.575229,2026-09-22,506.000000,11.695479,0.520755,86330.990000,86251.360000
29833960,2026-09-22T00:40,86154.760000,0.323900,0.006274,2026-09-22,739.000000,17.250232,0.258415,86296.360000,86125.830000
29833961,2026-09-22T00:41,86259.650000,-0.291700,-0.459532,2026-09-22,475.000000,4.057544,0.320971,86263.540000,86131.580000
29833962,2026-09-22T00:42,86262.540000,0.402500,-0.423468,2026-09-22,404.000000,3.183907,0.495966,86262.550000,86197.470000
29833963,2026-09-22T00:43,86288.580000,-0.393600,0.023977,2026-09-22,401.000000,3.837444,0.500770,86289.000000,86236.500000
29833964,2026-09-22T00:44,86325.990000,-0.485100,0.011028,2026-09-22,414.000000,3.999788,0.438341,86335.000000,86283.020000
29833965,2026-09-22T00:45,86304.380000,-0.485400,-0.117639,2026-09-22,509.000000,7.427283,0.235965,86388.120000,86298.000000
29833966,2026-09-22T00:46,86231.510000,-0.016900,-0.532669,2026-09-22,462.000000,5.365312,0.420025,86304.380000,86210.890000
29833967,2026-09-22T00:47,86230.040000,0.131500,-0.159432,2026-09-22,472.000000,4.803087,0.377449,86255.880000,86197.640000
29833968,2026-09-22T00:48,86278.490000,0.503300,-0.245722,2026-09-22,350.000000,1.662731,0.425944,86278.500000,86222.930000
29833969,2026-09-22T00:49,86214.270000,0.451400,-0.148114,2026-09-22,695.000000,23.003163,0.095616,86287.650000,86150.620000
29833970,2026-09-22T00:50,86154.100000,0.101500,-0.808835,2026-09-22,688.000000,18.216390,0.199689,86246.120000,86117.860000
29833971,2026-09-22T00:51,86162.990000,0.200600,-0.600409,2026-09-22,398.000000,6.337324,0.222966,86170.430000,86121.000000
29833972,2026-09-22T00:52,86114.210000,-0.056300,-0.565435,2026-09-22,452.000000,4.518857,0.361102,86163.000000,86103.740000
29833973,2026-09-22T00:53,86095.250000,-0.361900,-0.248576,2026-09-22,416.000000,8.898154,0.616088,86134.850000,86079.990000
29833974,2026-09-22T00:54,86137.140000,-0.031100,0.231424,2026-09-22,505.000000,11.799811,0.736940,86159.110000,86074.450000
29833975,2026-09-22T00:55,85925.010000,-0.288900,0.474100,2026-09-22,796.000000,27.337052,0.174090,86143.720000,85925.000000
29833976,2026-09-22T00:56,85934.670000,-0.212300,-0.616300,2026-09-22,519.000000,7.875981,0.273167,85979.600000,85917.610000
29833977,2026-09-22T00:57,85919.510000,-0.544800,-0.571919,2026-09-22,512.000000,8.503403,0.460992,85934.680000,85864.490000
29833978,2026-09-22T00:58,85881.120000,-0.021200,-0.047019,2026-09-22,483.000000,25.120371,0.723462,85927.500000,85832.920000
29833979,2026-09-22T00:59,85876.070000,-0.425000,0.424834,2026-09-22,400.000000,4.468419,0.417976,85922.600000,85832.350000
29833980,2026-09-22T01:00,85872.010000,-0.086600,-0.111559,2026-09-22,602.000000,11.589478,0.414580,85965.310000,85858.000000
29833981,2026-09-22T01:01,85886.960000,0.303200,-0.169007,2026-09-22,423.000000,4.604406,0.203759,85929.990000,85832.660000
29833982,2026-09-22T01:02,85767.790000,0.433200,-0.570824,2026-09-22,616.000000,16.556085,0.132276,85899.580000,85736.920000
29833983,2026-09-22T01:03,85682.540000,0.282400,-0.742202,2026-09-22,672.000000,19.124691,0.371418,85776.550000,85675.630000
29833984,2026-09-22T01:04,85667.830000,-0.108700,-0.257029,2026-09-22,399.000000,2.875008,0.474852,85699.810000,85660.100000
29833985,2026-09-22T01:05,85690.510000,-0.164900,0.213623,2026-09-22,608.000000,10.392767,0.550375,85732.500000,85600.010000
29833986,2026-09-22T01:06,85803.450000,0.490000,0.007642,2026-09-22,480.000000,5.954560,0.404951,85837.490000,85690.500000
29833987,2026-09-22T01:07,85793.140000,-0.093700,-0.190108,2026-09-22,612.000000,13.220046,0.176703,85846.040000,85768.670000
29833988,2026-09-22T01:08,85847.990000,0.237800,-0.646573,2026-09-22,383.000000,4.527047,0.622263,85847.990000,85753.510000
29833989,2026-09-22T01:09,85888.990000,0.161500,0.244498,2026-09-22,481.000000,10.771447,0.662536,85907.450000,85799.770000
29833990,2026-09-22T01:10,85861.210000,0.346500,0.267686,2026-09-22,433.000000,5.250175,0.174648,85900.000000,85843.140000
29833991,2026-09-22T01:11,85810.900000,0.365300,-0.616049,2026-09-22,395.000000,2.550071,0.458811,85869.080000,85785.000000
29833992,2026-09-22T01:12,85819.790000,0.072700,-0.092844,2026-09-22,445.000000,4.894034,0.314098,85830.990000,85775.000000
29833993,2026-09-22T01:13,85755.990000,0.151400,-0.374149,2026-09-22,397.000000,2.783498,0.278417,85819.790000,85735.350000
29833994,2026-09-22T01:14,85758.320000,-0.395800,-0.432583,2026-09-22,441.000000,3.606607,0.367987,85774.500000,85693.510000
29833995,2026-09-22T01:15,85852.380000,0.041300,-0.264415,2026-09-22,488.000000,4.370171,0.416645,85858.540000,85732.720000
29833996,2026-09-22T01:16,85709.490000,0.438700,-0.180456,2026-09-22,388.000000,4.654686,0.256187,85852.380000,85706.010000
29833997,2026-09-22T01:17,85663.980000,0.394700,-0.479111,2026-09-22,502.000000,7.599581,0.152830,85714.990000,85663.460000
29833998,2026-09-22T01:18,85441.800000,-0.469300,-0.690739,2026-09-22,665.000000,14.971670,0.088604,85669.500000,85429.450000
29833999,2026-09-22T01:19,85561.010000,0.192200,-0.817319,2026-09-22,750.000000,13.378290,0.374910,85564.940000,85347.610000
29834000,2026-09-22T01:20,85579.580000,0.670700,-0.245444,2026-09-22,606.000000,15.374096,0.332522,85636.110000,85547.180000
29834001,2026-09-22T01:21,85593.210000,0.188500,-0.336733,2026-09-22,495.000000,4.487420,0.294831,85599.830000,85480.500000
29834002,2026-09-22T01:22,85570.790000,0.281200,-0.391319,2026-09-22,416.000000,3.664551,0.142503,85624.160000,85554.000000
29834003,2026-09-22T01:23,85587.640000,0.235100,-0.737944,2026-09-22,496.000000,7.091127,0.641560,85646.560000,85566.940000
29834004,2026-09-22T01:24,85659.760000,0.316500,0.290050,2026-09-22,358.000000,2.054056,0.535503,85659.760000,85585.570000
29834005,2026-09-22T01:25,85587.640000,-0.033000,0.023431,2026-09-22,353.000000,4.456155,0.448575,85669.490000,85582.630000
29834006,2026-09-22T01:26,85637.710000,0.039000,-0.125264,2026-09-22,557.000000,14.592669,0.233333,85637.700000,85523.830000
29834007,2026-09-22T01:27,85655.540000,-0.070900,-0.530252,2026-09-22,454.000000,6.293255,0.408359,85699.320000,85621.010000
29834008,2026-09-22T01:28,85661.990000,0.127100,-0.181290,2026-09-22,339.000000,3.455478,0.159023,85664.710000,85638.000000
29834009,2026-09-22T01:29,85760.260000,0.066400,-0.681297,2026-09-22,359.000000,1.502127,0.571636,85761.600000,85661.990000
29834010,2026-09-22T01:30,85711.280000,-0.177700,-0.064793,2026-09-22,372.000000,4.459860,0.293403,85761.300000,85676.800000
29834011,2026-09-22T01:31,85770.010000,-0.113300,-0.371685,2026-09-22,358.000000,2.063385,0.455549,85784.040000,85707.200000
29834012,2026-09-22T01:32,85755.180000,0.116300,-0.073064,2026-09-22,367.000000,2.039739,0.331200,85780.920000,85730.000000
29834013,2026-09-22T01:33,85786.240000,0.324900,-0.341112,2026-09-22,342.000000,1.954000,0.368374,85822.880000,85755.180000
29834014,2026-09-22T01:34,85809.510000,0.075400,-0.276760,2026-09-22,395.000000,2.666426,0.541141,85828.060000,85774.540000
29834015,2026-09-22T01:35,85774.360000,-0.408600,0.104692,2026-09-22,418.000000,2.361275,0.574556,85802.380000,85751.500000
29834016,2026-09-22T01:36,85803.430000,-0.002000,0.146869,2026-09-22,290.000000,1.079191,0.141813,85816.490000,85769.000000
29834017,2026-09-22T01:37,85714.550000,-0.338700,-0.628642,2026-09-22,373.000000,3.884361,0.160228,85814.000000,85711.570000
29834018,2026-09-22T01:38,85649.360000,0.299500,-0.704961,2026-09-22,373.000000,2.422189,0.738114,85735.440000,85636.290000
29834019,2026-09-22T01:39,85644.900000,0.301900,0.475279,2026-09-22,365.000000,2.270072,0.574501,85667.140000,85599.790000
29834020,2026-09-22T01:40,85708.860000,-0.209000,0.173811,2026-09-22,368.000000,3.941324,0.529917,85711.580000,85616.980000
29834021,2026-09-22T01:41,85669.460000,0.252100,0.037336,2026-09-22,338.000000,1.467055,0.184155,85710.560000,85640.020000
29834022,2026-09-22T01:42,85697.420000,0.141900,-0.628387,2026-09-22,327.000000,1.124437,0.443509,85700.030000,85649.040000
29834023,2026-09-22T01:43,85651.850000,0.014400,-0.112116,2026-09-22,388.000000,2.196893,0.267748,85697.420000,85633.560000
29834024,2026-09-22T01:44,85660.010000,-0.372800,-0.466330,2026-09-22,290.000000,0.723981,0.775035,85670.890000,85639.980000
29834025,2026-09-22T01:45,85680.790000,-0.013400,0.569245,2026-09-22,302.000000,1.326979,0.692143,85704.990000,85656.030000
29834026,2026-09-22T01:46,85648.200000,-0.431400,0.383269,2026-09-22,322.000000,0.931096,0.818519,85670.010000,85640.850000
29834027,2026-09-22T01:47,85645.330000,0.423600,0.493984,2026-09-22,267.000000,0.616921,0.304110,85675.140000,85642.370000
29834028,2026-09-22T01:48,85623.010000,0.198400,-0.290671,2026-09-22,357.000000,1.449908,0.546609,85658.020000,85623.000000
29834029,2026-09-22T01:49,85571.820000,-0.439300,0.057432,2026-09-22,320.000000,1.830556,0.513281,85623.010000,85565.010000
29834030,2026-09-22T01:50,85539.600000,-0.415600,0.057103,2026-09-22,418.000000,3.972286,0.361558,85571.820000,85524.400000
29834031,2026-09-22T01:51,85640.860000,0.223300,-0.277846,2026-09-22,457.000000,13.872014,0.620269,85640.870000,85519.970000
29834032,2026-09-22T01:52,85640.860000,0.090200,0.220996,2026-09-22,321.000000,1.297927,0.195079,85640.870000,85610.070000
29834033,2026-09-22T01:53,85610.990000,0.079400,-0.517127,2026-09-22,405.000000,3.029287,0.292862,85648.030000,85584.520000
29834034,2026-09-22T01:54,85621.760000,0.088800,-0.418613,2026-09-22,334.000000,2.360925,0.580498,85627.500000,85597.120000
29834035,2026-09-22T01:55,85648.170000,0.194900,0.240923,2026-09-22,395.000000,2.737934,0.431232,85658.010000,85621.760000
29834036,2026-09-22T01:56,85598.950000,-0.185200,-0.272412,2026-09-22,360.000000,2.141970,0.366720,85648.170000,85596.000000
29834037,2026-09-22T01:57,85567.020000,0.022500,-0.240477,2026-09-22,376.000000,2.200956,0.544186,85627.490000,85557.810000
29834038,2026-09-22T01:58,85549.880000,-0.038900,0.089636,2026-09-22,371.000000,2.197004,0.421417,85575.230000,85539.000000
29834039,2026-09-22T01:59,85598.670000,-0.541200,-0.159325,2026-09-22,281.000000,0.915761,0.389545,85598.670000,85523.200000
29834040,2026-09-22T02:00,85570.510000,0.006000,-0.215800,2026-09-22,336.000000,2.841343,0.571656,85607.200000,85570.500000
29834041,2026-09-22T02:01,85500.010000,0.003300,0.119608,2026-09-22,378.000000,5.655225,0.098345,85570.510000,85488.870000
29834042,2026-09-22T02:02,85574.990000,0.140100,-0.801921,2026-09-22,387.000000,4.132079,0.534642,85577.130000,85468.540000
29834043,2026-09-22T02:03,85522.510000,0.069200,0.082641,2026-09-22,377.000000,2.289616,0.507592,85619.990000,85522.500000
29834044,2026-09-22T02:04,85514.580000,-0.109900,-0.010658,2026-09-22,341.000000,1.990147,0.738356,85538.300000,85497.930000
29834045,2026-09-22T02:05,85502.740000,0.256600,0.476708,2026-09-22,385.000000,4.581848,0.190719,85524.340000,85501.500000
29834046,2026-09-22T02:06,85604.360000,0.160800,-0.618562,2026-09-22,384.000000,1.776006,0.580410,85608.630000,85502.740000
29834047,2026-09-22T02:07,85631.260000,0.118100,0.160819,2026-09-22,421.000000,1.914246,0.378538,85630.790000,85589.240000
29834048,2026-09-22T02:08,85626.260000,-0.354100,-0.253316,2026-09-22,410.000000,2.901337,0.613781,85677.210000,85623.690000
29834049,2026-09-22T02:09,85550.010000,-0.262400,0.238967,2026-09-22,457.000000,4.054758,0.283577,85626.260000,85500.000000
29834050,2026-09-22T02:10,85480.540000,0.254200,-0.436551,2026-09-22,353.000000,1.907152,0.447912,85550.010000,85480.350000
29834051,2026-09-22T02:11,85468.760000,0.258400,0.197211,2026-09-22,434.000000,4.791631,0.424557,85512.000000,85432.150000
29834052,2026-09-22T02:12,85442.880000,0.550500,-0.330389,2026-09-22,666.000000,20.520139,0.082111,85471.890000,85361.890000
29834053,2026-09-22T02:13,85532.120000,0.293400,-0.838475,2026-09-22,452.000000,8.711673,0.771576,85534.710000,85429.500000
29834054,2026-09-22T02:14,85585.510000,-0.107200,0.544599,2026-09-22,440.000000,11.238497,0.619174,85647.150000,85532.120000
29834055,2026-09-22T02:15,85625.360000,0.030400,0.236469,2026-09-22,333.000000,2.579898,0.784623,85627.490000,85559.980000
29834056,2026-09-22T02:16,85643.640000,-0.480800,0.566687,2026-09-22,384.000000,6.085249,0.697615,85654.930000,85590.750000
29834057,2026-09-22T02:17,85555.010000,-0.002800,0.396181,2026-09-22,377.000000,4.629899,0.697874,85691.720000,85555.000000
29834058,2026-09-22T02:18,85580.170000,-0.476400,0.394640,2026-09-22,362.000000,3.042596,0.217456,85594.880000,85501.510000
29834059,2026-09-22T02:19,85584.740000,0.140400,-0.564616,2026-09-22,322.000000,2.082964,0.463732,85605.350000,85580.160000
29834060,2026-09-22T02:20,85552.570000,0.238400,-0.133776,2026-09-22,358.000000,1.747235,0.613234,85584.740000,85528.880000
29834061,2026-09-22T02:21,85520.490000,-0.017500,0.348647,2026-09-22,336.000000,2.198966,0.698517,85552.570000,85500.000000
29834062,2026-09-22T02:22,85646.210000,-0.393300,0.396121,2026-09-22,546.000000,15.111290,0.816330,85652.620000,85520.480000
29834063,2026-09-22T02:23,85617.010000,-0.353500,0.632620,2026-09-22,371.000000,3.963809,0.382289,85663.550000,85615.000000
29834064,2026-09-22T02:24,85632.920000,-0.212000,-0.235363,2026-09-22,421.000000,9.585125,0.175149,85674.430000,85609.410000
29834065,2026-09-22T02:25,85685.570000,0.019500,-0.648636,2026-09-22,353.000000,3.709203,0.726716,85690.500000,85632.920000
29834066,2026-09-22T02:26,85719.210000,-0.429500,0.452629,2026-09-22,385.000000,4.629161,0.316343,85719.210000,85680.770000
29834067,2026-09-22T02:27,85756.460000,-0.486200,-0.288617,2026-09-22,419.000000,5.181332,0.332839,85756.450000,85690.510000
29834068,2026-09-22T02:28,85782.510000,-0.326400,-0.411544,2026-09-22,539.000000,15.259699,0.713985,85843.310000,85756.450000
29834069,2026-09-22T02:29,85723.350000,0.387100,0.431761,2026-09-22,340.000000,2.206192,0.606816,85782.520000,85721.770000
29834070,2026-09-22T02:30,85690.710000,-0.185500,0.278343,2026-09-22,515.000000,8.755741,0.423307,85763.990000,85690.710000
29834071,2026-09-22T02:31,85660.510000,-0.021600,-0.194192,2026-09-22,330.000000,1.737614,0.433239,85690.720000,85657.290000
29834072,2026-09-22T02:32,85641.290000,0.008600,-0.135215,2026-09-22,356.000000,2.620766,0.534640,85660.500000,85620.920000
29834073,2026-09-22T02:33,85685.990000,-0.580300,0.072368,2026-09-22,324.000000,1.179981,0.739612,85692.950000,85641.290000
29834074,2026-09-22T02:34,85705.420000,0.048500,0.445987,2026-09-22,399.000000,7.880312,0.842456,85707.940000,85686.000000
29834075,2026-09-22T02:35,85727.100000,0.025800,0.697182,2026-09-22,304.000000,1.610300,0.303208,85743.060000,85702.440000
29834076,2026-09-22T02:36,85774.490000,-0.111000,-0.393089,2026-09-22,323.000000,1.373133,0.408669,85774.490000,85711.910000
29834077,2026-09-22T02:37,85794.880000,0.470500,-0.183148,2026-09-22,372.000000,3.604365,0.265187,85828.720000,85774.490000
29834078,2026-09-22T02:38,85795.510000,-0.241200,-0.468616,2026-09-22,266.000000,1.413123,0.106445,85818.810000,85791.110000
29834079,2026-09-22T02:39,85764.010000,-0.380800,-0.790248,2026-09-22,303.000000,3.033577,0.449734,85792.870000,85754.620000
29834080,2026-09-22T02:40,85770.260000,0.199800,-0.098884,2026-09-22,375.000000,4.759359,0.653352,85782.960000,85762.990000
29834081,2026-09-22T02:41,85783.570000,0.272500,0.306787,2026-09-22,380.000000,3.164341,0.302983,85787.610000,85725.010000
29834082,2026-09-22T02:42,85790.700000,0.147500,-0.394034,2026-09-22,273.000000,1.608929,0.818563,85814.110000,85781.850000
29834083,2026-09-22T02:43,85816.430000,0.227100,0.636439,2026-09-22,248.000000,0.839331,0.589665,85832.620000,85795.330000
29834084,2026-09-22T02:44,85795.300000,0.213300,0.180265,2026-09-22,374.000000,2.565506,0.359423,85821.170000,85785.000000
29834085,2026-09-22T02:45,85768.800000,0.345000,-0.281153,2026-09-22,338.000000,2.122840,0.569697,85795.310000,85754.780000
29834086,2026-09-22T02:46,85778.010000,-0.077700,0.134406,2026-09-22,315.000000,2.049361,0.566706,85790.000000,85743.000000
29834087,2026-09-22T02:47,85780.880000,0.374200,0.138598,2026-09-22,312.000000,1.125428,0.625891,85787.040000,85743.000000
29834088,2026-09-22T02:48,85855.450000,0.337800,0.251782,2026-09-22,328.000000,1.522751,0.312734,85858.490000,85787.040000
29834089,2026-09-22T02:49,85790.510000,-0.015400,-0.290957,2026-09-22,412.000000,6.799304,0.173942,85855.450000,85787.630000
29834090,2026-09-22T02:50,85730.550000,0.395200,-0.629337,2026-09-22,461.000000,6.912938,0.389602,85799.260000,85701.000000
29834091,2026-09-22T02:51,85698.890000,0.549600,-0.252440,2026-09-22,413.000000,7.526555,0.680274,85757.180000,85678.250000
29834092,2026-09-22T02:52,85671.380000,-0.295100,0.360534,2026-09-22,391.000000,5.131150,0.512707,85722.000000,85664.450000
29834093,2026-09-22T02:53,85666.300000,-0.328100,0.021915,2026-09-22,400.000000,3.573070,0.622708,85691.830000,85654.190000
29834094,2026-09-22T02:54,85682.010000,-0.094200,0.309945,2026-09-22,362.000000,3.770424,0.820134,85682.000000,85640.500000
29834095,2026-09-22T02:55,85658.990000,0.399900,0.630904,2026-09-22,323.000000,1.710046,0.481019,85704.000000,85658.980000
29834096,2026-09-22T02:56,85719.290000,0.354900,-0.266650,2026-09-22,432.000000,5.833950,0.598822,85747.620000,85650.000000
29834097,2026-09-22T02:57,85708.710000,-0.122600,0.235396,2026-09-22,316.000000,3.235523,0.692337,85723.620000,85691.080000
29834098,2026-09-22T02:58,85747.580000,0.038600,0.329181,2026-09-22,331.000000,1.987463,0.354344,85753.490000,85701.880000
29834099,2026-09-22T02:59,85700.010000,0.288600,-0.240098,2026-09-22,315.000000,1.696625,0.365488,85747.580000,85700.000000
29834100,2026-09-22T03:00,85741.140000,-0.142100,-0.544155,2026-09-22,368.000000,4.191165,0.399928,85741.140000,85675.070000
29834101,2026-09-22T03:01,85614.320000,0.398200,-0.027245,2026-09-22,380.000000,5.856657,0.085824,85741.130000,85610.070000
29834102,2026-09-22T03:02,85692.530000,0.236300,-0.796792,2026-09-22,374.000000,3.497676,0.331528,85692.920000,85585.000000
29834103,2026-09-22T03:03,85690.490000,0.326000,-0.361562,2026-09-22,398.000000,3.473683,0.406141,85736.620000,85659.000000
29834104,2026-09-22T03:04,85711.010000,-0.283600,-0.149840,2026-09-22,305.000000,1.868518,0.526826,85719.950000,85669.500000
29834105,2026-09-22T03:05,85668.760000,0.069900,0.131282,2026-09-22,344.000000,3.063815,0.303856,85711.020000,85657.120000
29834106,2026-09-22T03:06,85655.890000,-0.505400,-0.391554,2026-09-22,300.000000,1.925459,0.515487,85671.440000,85651.700000
29834107,2026-09-22T03:07,85579.860000,0.393800,0.030303,2026-09-22,334.000000,2.808477,0.369618,85655.870000,85570.000000
29834108,2026-09-22T03:08,85658.760000,0.308300,-0.260782,2026-09-22,335.000000,1.824330,0.700569,85677.110000,85579.850000
29834109,2026-09-22T03:09,85577.110000,0.012900,0.300839,2026-09-22,373.000000,3.104749,0.229988,85658.760000,85559.580000
29834110,2026-09-22T03:10,85523.960000,-0.166000,-0.428743,2026-09-22,384.000000,2.708621,0.585117,85585.500000,85523.960000
29834111,2026-09-22T03:11,85523.320000,0.175100,0.117403,2026-09-22,379.000000,2.901465,0.616930,85564.400000,85515.000000
29834112,2026-09-22T03:12,85459.490000,0.247000,0.229290,2026-09-22,579.000000,16.215578,0.204682,85582.650000,85433.720000
29834113,2026-09-22T03:13,85504.140000,0.139300,-0.585589,2026-09-22,320.000000,1.346820,0.415348,85528.350000,85470.000000
29834114,2026-09-22T03:14,85514.050000,0.375200,-0.151679,2026-09-22,344.000000,2.118856,0.579858,85528.350000,85497.120000
29834115,2026-09-22T03:15,85563.610000,0.001300,0.129319,2026-09-22,344.000000,1.166469,0.412912,85580.000000,85523.400000
29834116,2026-09-22T03:16,85421.010000,0.226000,-0.173432,2026-09-22,494.000000,6.693273,0.300352,85576.410000,85401.510000
29834117,2026-09-22T03:17,85440.260000,0.203900,-0.399197,2026-09-22,439.000000,9.805922,0.367873,85448.970000,85402.620000
29834118,2026-09-22T03:18,85503.320000,-0.319900,-0.264788,2026-09-22,295.000000,1.025735,0.254638,85515.990000,85435.260000
29834119,2026-09-22T03:19,85481.400000,0.363200,-0.415684,2026-09-22,397.000000,4.952516,0.237379,85522.650000,85435.810000
29834120,2026-09-22T03:20,85388.990000,0.235700,-0.541420,2026-09-22,523.000000,11.848642,0.139656,85490.110000,85365.000000
29834121,2026-09-22T03:21,85428.050000,0.262900,-0.720734,2026-09-22,355.000000,3.158913,0.468521,85459.500000,85388.990000
29834122,2026-09-22T03:22,85347.420000,0.451600,-0.062959,2026-09-22,439.000000,8.510935,0.248096,85428.460000,85344.000000
29834123,2026-09-22T03:23,85380.650000,-0.046300,-0.503810,2026-09-22,455.000000,6.029680,0.137696,85380.660000,85265.260000
29834124,2026-09-22T03:24,85382.920000,-0.077600,-0.686246,2026-09-22,306.000000,1.432752,0.349236,85417.500000,85380.660000
29834125,2026-09-22T03:25,85461.650000,-0.069600,-0.465874,2026-09-22,346.000000,2.046868,0.839003,85463.560000,85355.060000
29834126,2026-09-22T03:26,85523.900000,-0.402900,0.732534,2026-09-22,324.000000,3.411942,0.622221,85526.050000,85461.650000
29834127,2026-09-22T03:27,85599.990000,0.238700,0.244438,2026-09-22,333.000000,2.757183,0.678849,85600.000000,85523.900000
29834128,2026-09-22T03:28,85602.930000,0.423200,0.357699,2026-09-22,371.000000,4.822844,0.145748,85608.120000,85565.850000
29834129,2026-09-22T03:29,85590.610000,0.247400,-0.717309,2026-09-22,360.000000,2.301949,0.314507,85632.460000,85565.530000
29834130,2026-09-22T03:30,85531.760000,0.271600,-0.330201,2026-09-22,418.000000,5.922862,0.173347,85595.980000,85513.270000
29834131,2026-09-22T03:31,85481.890000,0.391100,-0.653114,2026-09-22,461.000000,7.209229,0.370904,85551.830000,85418.590000
29834132,2026-09-22T03:32,85504.510000,0.270300,-0.257704,2026-09-22,339.000000,2.868718,0.341506,85532.530000,85440.000000
29834133,2026-09-22T03:33,85507.490000,0.105800,-0.318044,2026-09-22,327.000000,2.574039,0.377099,85527.710000,85464.910000
29834134,2026-09-22T03:34,85532.760000,0.291000,-0.256746,2026-09-22,316.000000,2.378904,0.364360,85539.860000,85493.830000
29834135,2026-09-22T03:35,85538.920000,-0.431500,-0.220473,2026-09-22,302.000000,1.873529,0.571946,85542.330000,85503.590000
29834136,2026-09-22T03:36,85514.760000,-0.036800,0.108340,2026-09-22,343.000000,3.878086,0.135304,85540.550000,85500.010000
29834137,2026-09-22T03:37,85491.010000,-0.072900,-0.729372,2026-09-22,321.000000,2.088934,0.533976,85532.990000,85490.980000
29834138,2026-09-22T03:38,85501.490000,-0.400200,0.070357,2026-09-22,365.000000,6.734255,0.893237,85501.500000,85468.400000
29834139,2026-09-22T03:39,85459.260000,-0.117600,0.771321,2026-09-22,343.000000,4.022211,0.140670,85504.490000,85456.510000
29834140,2026-09-22T03:40,85401.830000,0.422700,-0.715763,2026-09-22,310.000000,3.020122,0.372633,85476.740000,85397.650000
29834141,2026-09-22T03:41,85454.460000,0.225700,-0.249480,2026-09-22,372.000000,2.670573,0.612657,85462.740000,85401.830000
29834142,2026-09-22T03:42,85449.360000,0.353100,0.227903,2026-09-22,291.000000,1.479332,0.753567,85481.200000,85449.080000
29834143,2026-09-22T03:43,85462.170000,-0.120100,0.504453,2026-09-22,323.000000,1.553824,0.673183,85465.000000,85417.600000
29834144,2026-09-22T03:44,85476.990000,0.364100,0.346127,2026-09-22,275.000000,1.361314,0.359713,85483.280000,85462.420000
29834145,2026-09-22T03:45,85497.260000,-0.148400,-0.308585,2026-09-22,321.000000,1.261755,0.365467,85497.270000,85449.370000
29834146,2026-09-22T03:46,85484.610000,0.215700,-0.285424,2026-09-22,270.000000,1.476276,0.486695,85501.490000,85479.720000
29834147,2026-09-22T03:47,85497.290000,0.249100,0.255713,2026-09-22,295.000000,2.520635,0.304487,85501.060000,85480.440000
29834148,2026-09-22T03:48,85471.170000,0.250800,-0.659122,2026-09-22,299.000000,1.762718,0.418398,85501.500000,85459.500000
29834149,2026-09-22T03:49,85541.020000,0.040500,-0.165776,2026-09-22,293.000000,1.525168,0.642252,85541.020000,85472.790000
29834150,2026-09-22T03:50,85519.350000,0.258300,0.237448,2026-09-22,326.000000,6.518687,0.795379,85553.080000,85501.540000
29834151,2026-09-22T03:51,85505.600000,0.090000,0.604416,2026-09-22,291.000000,2.547876,0.308241,85522.890000,85496.240000
29834152,2026-09-22T03:52,85472.570000,-0.515200,-0.382785,2026-09-22,291.000000,2.195457,0.402360,85505.600000,85471.470000
29834153,2026-09-22T03:53,85490.990000,0.304600,-0.195182,2026-09-22,328.000000,2.098644,0.515094,85496.060000,85459.500000
29834154,2026-09-22T03:54,85498.080000,0.190300,0.030244,2026-09-22,301.000000,3.638809,0.214249,85500.780000,85473.010000
29834155,2026-09-22T03:55,85554.990000,0.096400,-0.574820,2026-09-22,298.000000,2.150638,0.862936,85555.990000,85495.950000
29834156,2026-09-22T03:56,85558.420000,-0.122900,0.716877,2026-09-22,286.000000,3.231219,0.135595,85573.300000,85554.990000
29834157,2026-09-22T03:57,85594.170000,0.269000,-0.728528,2026-09-22,275.000000,1.794323,0.731680,85594.170000,85555.460000
29834158,2026-09-22T03:58,85609.450000,0.256400,0.463270,2026-09-22,348.000000,4.063124,0.487370,85632.990000,85583.160000
29834159,2026-09-22T03:59,85667.850000,-0.001300,-0.008306,2026-09-22,536.000000,24.339579,0.744768,85717.200000,85609.440000
29834160,2026-09-22T04:00,85658.830000,0.058800,0.488144,2026-09-22,362.000000,9.741444,0.256838,85687.990000,85643.560000
29834161,2026-09-22T04:01,85643.740000,0.206600,-0.486694,2026-09-22,318.000000,1.877924,0.315750,85658.820000,85633.000000
29834162,2026-09-22T04:02,85643.740000,-0.157100,-0.280162,2026-09-22,217.000000,0.856475,0.762291,85654.540000,85643.730000
29834163,2026-09-22T04:03,85648.510000,-0.258600,0.374657,2026-09-22,417.000000,8.101525,0.608975,85679.980000,85631.730000
29834164,2026-09-22T04:04,85687.100000,-0.011000,0.215369,2026-09-22,397.000000,2.964899,0.419943,85713.030000,85646.780000
29834165,2026-09-22T04:05,85646.180000,-0.175900,-0.144895,2026-09-22,409.000000,5.057805,0.751050,85702.100000,85617.000000
29834166,2026-09-22T04:06,85678.320000,0.242700,0.502000,2026-09-22,353.000000,4.245734,0.635179,85721.910000,85646.180000
29834167,2026-09-22T04:07,85661.420000,-0.377800,0.270377,2026-09-22,279.000000,1.818945,0.748513,85683.290000,85661.410000
29834168,2026-09-22T04:08,85611.120000,-0.310000,0.496947,2026-09-22,289.000000,1.863956,0.103902,85661.410000,85610.100000
29834169,2026-09-22T04:09,85602.390000,-0.148800,-0.792185,2026-09-22,354.000000,2.179053,0.337839,85625.650000,85600.000000
29834170,2026-09-22T04:10,85652.210000,-0.218800,-0.266828,2026-09-22,307.000000,1.159739,0.523263,85661.000000,85590.360000
29834171,2026-09-22T04:11,85651.100000,-0.181600,-0.042358,2026-09-22,324.000000,6.175773,0.113397,85679.990000,85638.000000
29834172,2026-09-22T04:12,85647.120000,-0.289900,-0.772639,2026-09-22,282.000000,1.168019,0.470196,85651.100000,85617.020000
29834173,2026-09-22T04:13,85643.770000,-0.457200,-0.176858,2026-09-22,269.000000,1.017448,0.212938,85665.200000,85627.500000
29834174,2026-09-22T04:14,85608.360000,-0.526100,-0.492562,2026-09-22,274.000000,1.520782,0.616775,85644.680000,85602.330000
29834175,2026-09-22T04:15,85602.380000,-0.396100,0.058444,2026-09-22,272.000000,1.429978,0.339597,85612.550000,85596.000000
29834176,2026-09-22T04:16,85555.770000,0.073000,-0.178141,2026-09-22,326.000000,2.464507,0.270312,85621.010000,85555.490000
29834177,2026-09-22T04:17,85509.290000,-0.235200,-0.458455,2026-09-22,344.000000,2.605519,0.715282,85555.760000,85500.000000
29834178,2026-09-22T04:18,85515.990000,-0.167300,0.433408,2026-09-22,331.000000,1.838244,0.665356,85522.480000,85485.640000
29834179,2026-09-22T04:19,85510.080000,-0.126000,0.328596,2026-09-22,299.000000,1.739523,0.377056,85531.160000,85510.070000
29834180,2026-09-22T04:20,85522.260000,0.230700,-0.245888,2026-09-22,354.000000,4.128564,0.507985,85524.530000,85472.560000
29834181,2026-09-22T04:21,85547.620000,-0.290200,0.016053,2026-09-22,327.000000,1.994518,0.415041,85550.120000,85514.910000
29834182,2026-09-22T04:22,85539.460000,-0.232900,-0.181537,2026-09-22,406.000000,11.260753,0.221710,85585.490000,85530.040000
29834183,2026-09-22T04:23,85531.790000,-0.167000,-0.555481,2026-09-22,372.000000,4.237326,0.733840,85546.230000,85503.020000
29834184,2026-09-22T04:24,85546.640000,0.305900,0.467680,2026-09-22,354.000000,3.249015,0.646697,85551.180000,85521.390000
29834185,2026-09-22T04:25,85520.120000,0.549000,0.293394,2026-09-22,410.000000,6.006971,0.281828,85553.990000,85486.110000
29834186,2026-09-22T04:26,85573.510000,0.201100,-0.436261,2026-09-22,334.000000,3.308075,0.722286,85580.900000,85520.120000
29834187,2026-09-22T04:27,85539.790000,0.281200,0.378107,2026-09-22,327.000000,2.420686,0.604931,85573.500000,85520.120000
29834188,2026-09-22T04:28,85554.010000,0.143600,0.295206,2026-09-22,520.000000,12.812876,0.860501,85624.530000,85531.430000
29834189,2026-09-22T04:29,85537.300000,0.113000,0.732031,2026-09-22,312.000000,3.002687,0.650879,85590.510000,85537.300000
29834190,2026-09-22T04:30,85550.650000,-0.084000,0.103010,2026-09-22,256.000000,1.166629,0.474895,85550.660000,85533.000000
29834191,2026-09-22T04:31,85513.010000,0.163900,0.190128,2026-09-22,306.000000,2.558639,0.643505,85556.590000,85513.000000
29834192,2026-09-22T04:32,85506.020000,-0.213100,0.232866,2026-09-22,325.000000,6.028915,0.560812,85517.330000,85488.570000
29834193,2026-09-22T04:33,85470.400000,-0.223800,0.121624,2026-09-22,284.000000,1.248093,0.620161,85511.990000,85470.400000
29834194,2026-09-22T04:34,85454.420000,-0.418600,0.240322,2026-09-22,295.000000,2.389173,0.747407,85470.410000,85450.000000
29834195,2026-09-22T04:35,85480.490000,-0.118900,0.494813,2026-09-22,339.000000,2.044712,0.679263,85487.910000,85454.410000
29834196,2026-09-22T04:36,85449.380000,-0.105700,0.359061,2026-09-22,337.000000,2.442625,0.503117,85480.500000,85449.370000
29834197,2026-09-22T04:37,85553.990000,-0.401100,0.003540,2026-09-22,426.000000,8.769009,0.623188,85556.570000,85438.500000
29834198,2026-09-22T04:38,85552.640000,-0.398600,0.264795,2026-09-22,285.000000,1.768805,0.738008,85574.990000,85552.630000
29834199,2026-09-22T04:39,85556.510000,-0.328500,0.409879,2026-09-22,323.000000,4.221120,0.736598,85595.990000,85545.000000
29834200,2026-09-22T04:40,85541.170000,-0.338600,0.440610,2026-09-22,266.000000,1.201313,0.439510,85571.370000,85522.510000
29834201,2026-09-22T04:41,85595.070000,0.447800,-0.049449,2026-09-22,266.000000,3.023785,0.165343,85611.920000,85538.600000
29834202,2026-09-22T04:42,85543.510000,0.202200,-0.669142,2026-09-22,321.000000,2.031160,0.791820,85595.080000,85543.500000
29834203,2026-09-22T04:43,85552.420000,-0.452500,0.583705,2026-09-22,260.000000,1.996884,0.759551,85552.430000,85533.010000
29834204,2026-09-22T04:44,85500.010000,-0.213100,0.519013,2026-09-22,299.000000,3.162812,0.506778,85554.760000,85500.000000
29834205,2026-09-22T04:45,85493.550000,-0.207000,0.045846,2026-09-22,289.000000,2.596670,0.676440,85501.030000,85480.400000
29834206,2026-09-22T04:46,85467.040000,0.164100,0.324981,2026-09-22,232.000000,0.948680,0.751111,85499.070000,85465.100000
29834207,2026-09-22T04:47,85472.860000,-0.343500,0.506144,2026-09-22,383.000000,2.093977,0.579933,85473.590000,85444.280000
29834208,2026-09-22T04:48,85450.010000,-0.274600,0.156716,2026-09-22,261.000000,2.274991,0.485786,85472.860000,85438.760000
29834209,2026-09-22T04:49,85478.740000,-0.067900,-0.028429,2026-09-22,336.000000,1.407239,0.840660,85478.740000,85440.010000
29834210,2026-09-22T04:50,85429.110000,-0.198100,0.711498,2026-09-22,303.000000,3.279170,0.503324,85489.000000,85417.500000
29834211,2026-09-22T04:51,85478.790000,-0.100600,-0.019938,2026-09-22,337.000000,2.078773,0.456215,85480.500000,85417.400000
29834212,2026-09-22T04:52,85509.980000,-0.085400,-0.120140,2026-09-22,269.000000,0.654672,0.613529,85509.970000,85460.150000
29834213,2026-09-22T04:53,85502.760000,-0.084000,0.112350,2026-09-22,293.000000,0.864150,0.580181,85509.980000,85483.910000
29834214,2026-09-22T04:54,85495.960000,0.191000,0.257664,2026-09-22,305.000000,2.093138,0.400656,85507.270000,85483.950000
29834215,2026-09-22T04:55,85465.520000,-0.077300,-0.190152,2026-09-22,327.000000,7.091234,0.139477,85523.280000,85455.000000
29834216,2026-09-22T04:56,85440.150000,-0.426300,-0.754980,2026-09-22,355.000000,3.814570,0.551165,85449.000000,85417.500000
29834217,2026-09-22T04:57,85426.680000,0.472500,0.430201,2026-09-22,282.000000,1.007676,0.837677,85440.150000,85420.000000
29834218,2026-09-22T04:58,85408.490000,0.336300,0.675354,2026-09-22,252.000000,1.985193,0.214751,85438.170000,85400.790000
29834219,2026-09-22T04:59,85439.570000,0.171500,-0.570498,2026-09-22,307.000000,3.478447,0.838955,85439.570000,85402.500000
29834220,2026-09-22T05:00,85417.640000,-0.284000,0.682192,2026-09-22,321.000000,3.320383,0.157484,85459.500000,85400.790000
29834221,2026-09-22T05:01,85417.360000,0.211800,-0.709338,2026-09-22,520.000000,12.429712,0.219573,85417.640000,85348.270000
29834222,2026-09-22T05:02,85400.550000,-0.320300,-0.558851,2026-09-22,271.000000,1.160181,0.473321,85480.500000,85400.550000
29834223,2026-09-22T05:03,85396.240000,-0.341500,-0.068361,2026-09-22,375.000000,5.187652,0.470412,85420.820000,85377.260000
29834224,2026-09-22T05:04,85391.490000,-0.150800,-0.059111,2026-09-22,292.000000,1.483002,0.527280,85425.240000,85366.730000
29834225,2026-09-22T05:05,85409.640000,-0.236800,0.040529,2026-09-22,333.000000,2.264687,0.479332,85424.690000,85369.610000
29834226,2026-09-22T05:06,85459.490000,-0.037200,-0.032795,2026-09-22,330.000000,2.633608,0.625556,85461.720000,85396.970000
29834227,2026-09-22T05:07,85458.110000,0.483800,0.251111,2026-09-22,301.000000,1.379409,0.557098,85490.990000,85445.160000
29834228,2026-09-22T05:08,85488.120000,-0.064900,0.164679,2026-09-22,341.000000,7.124847,0.906825,85491.970000,85438.510000
29834229,2026-09-22T05:09,85460.390000,-0.037000,0.811444,2026-09-22,289.000000,1.224754,0.508916,85488.130000,85440.000000
29834230,2026-09-22T05:10,85462.490000,-0.236100,0.017832,2026-09-22,264.000000,0.990588,0.703515,85464.030000,85438.500000
29834231,2026-09-22T05:11,85433.110000,-0.283100,0.407030,2026-09-22,285.000000,0.969327,0.575382,85484.990000,85423.990000
29834232,2026-09-22T05:12,85375.510000,0.065000,0.204176,2026-09-22,332.000000,4.266845,0.516239,85422.170000,85371.980000
29834233,2026-09-22T05:13,85396.490000,0.498200,0.026606,2026-09-22,266.000000,1.082329,0.609168,85396.500000,85370.000000
29834234,2026-09-22T05:14,85396.460000,-0.018600,0.188876,2026-09-22,278.000000,0.885030,0.514701,85399.550000,85372.610000
29834235,2026-09-22T05:15,85342.870000,0.060700,0.029388,2026-09-22,314.000000,2.315379,0.382384,85406.870000,85333.500000
29834236,2026-09-22T05:16,85359.010000,0.063700,-0.237301,2026-09-22,317.000000,1.464554,0.619577,85370.870000,85307.000000
29834237,2026-09-22T05:17,85312.490000,0.174000,0.318975,2026-09-22,356.000000,3.391976,0.467505,85344.000000,85289.140000
29834238,2026-09-22T05:18,85225.080000,-0.173000,-0.127821,2026-09-22,611.000000,14.811808,0.143270,85312.500000,85160.010000
29834239,2026-09-22T05:19,85212.040000,0.424000,-0.710549,2026-09-22,368.000000,4.106147,0.300135,85254.330000,85197.010000
29834240,2026-09-22T05:20,85247.670000,0.272100,-0.396765,2026-09-22,345.000000,2.615165,0.713306,85260.000000,85197.000000
29834241,2026-09-22T05:21,85277.710000,-0.043500,0.420734,2026-09-22,366.000000,2.275659,0.712455,85277.720000,85234.720000
29834242,2026-09-22T05:22,85310.360000,-0.181600,0.424953,2026-09-22,368.000000,2.233660,0.685639,85312.500000,85275.000000
29834243,2026-09-22T05:23,85322.990000,0.268300,0.371543,2026-09-22,336.000000,1.791017,0.751135,85327.310000,85286.010000
29834244,2026-09-22T05:24,85228.770000,-0.214300,0.501803,2026-09-22,353.000000,2.343900,0.735807,85339.850000,85228.770000
29834245,2026-09-22T05:25,85146.150000,0.050700,0.505277,2026-09-22,441.000000,7.469187,0.258237,85239.010000,85137.260000
29834246,2026-09-22T05:26,85207.490000,0.320000,-0.515775,2026-09-22,386.000000,4.576455,0.213636,85208.760000,85119.130000
29834247,2026-09-22T05:27,85144.510000,0.412300,-0.572729,2026-09-22,282.000000,1.487401,0.427917,85226.480000,85144.500000
29834248,2026-09-22T05:28,85175.990000,-0.111400,0.071208,2026-09-22,337.000000,2.771948,0.647418,85196.800000,85138.230000
29834249,2026-09-22T05:29,85191.260000,-0.372500,0.214683,2026-09-22,290.000000,1.705009,0.742653,85207.490000,85165.500000
29834250,2026-09-22T05:30,85150.110000,0.061900,0.443600,2026-09-22,321.000000,3.217679,0.725142,85225.000000,85134.000000
29834251,2026-09-22T05:31,85108.980000,-0.191700,0.463932,2026-09-22,364.000000,2.077127,0.595438,85159.040000,85108.880000
29834252,2026-09-22T05:32,85095.860000,0.049400,0.201317,2026-09-22,416.000000,8.695591,0.082543,85109.160000,85059.280000
29834253,2026-09-22T05:33,85149.040000,0.171900,-0.830842,2026-09-22,364.000000,2.867350,0.800916,85149.050000,85087.960000
29834254,2026-09-22T05:34,85177.790000,0.149600,0.593876,2026-09-22,330.000000,1.788283,0.808729,85203.380000,85128.430000
29834255,2026-09-22T05:35,85132.760000,0.092800,0.619817,2026-09-22,352.000000,2.828731,0.445019,85190.380000,85128.430000
29834256,2026-09-22T05:36,85165.730000,-0.057600,-0.114634,2026-09-22,336.000000,2.307126,0.769500,85191.730000,85107.680000
29834257,2026-09-22T05:37,85258.290000,0.161400,0.558541,2026-09-22,311.000000,1.384934,0.779497,85270.490000,85165.720000
29834258,2026-09-22T05:38,85299.990000,-0.042000,0.511016,2026-09-22,418.000000,5.611429,0.741258,85300.000000,85228.500000
29834259,2026-09-22T05:39,85327.100000,0.144200,0.485424,2026-09-22,297.000000,1.478805,0.560576,85334.090000,85286.130000
29834260,2026-09-22T05:40,85348.980000,0.006900,0.121261,2026-09-22,359.000000,3.825586,0.709875,85385.620000,85327.090000
29834261,2026-09-22T05:41,85347.330000,0.401700,0.420645,2026-09-22,303.000000,3.214833,0.841359,85394.810000,85347.330000
29834262,2026-09-22T05:42,85374.930000,-0.320800,0.687981,2026-09-22,302.000000,2.694192,0.307004,85386.000000,85354.510000
29834263,2026-09-22T05:43,85399.950000,0.088800,-0.417608,2026-09-22,326.000000,5.105173,0.926066,85403.600000,85374.970000
29834264,2026-09-22T05:44,85407.400000,0.380200,0.852711,2026-09-22,304.000000,0.968712,0.822162,85412.830000,85390.000000
29834265,2026-09-22T05:45,85464.790000,0.035200,0.644061,2026-09-22,330.000000,3.473689,0.700159,85481.090000,85409.040000
29834266,2026-09-22T05:46,85505.010000,0.385200,0.400409,2026-09-22,371.000000,4.622677,0.828311,85515.510000,85464.790000
29834267,2026-09-22T05:47,85523.980000,0.629600,0.656619,2026-09-22,306.000000,2.346953,0.398251,85533.990000,85505.000000
29834268,2026-09-22T05:48,85527.560000,0.448100,-0.138564,2026-09-22,365.000000,2.871485,0.438279,85556.560000,85523.970000
29834269,2026-09-22T05:49,85524.960000,0.251700,-0.185133,2026-09-22,338.000000,5.765137,0.235437,85549.810000,85513.030000
29834270,2026-09-22T05:50,85480.510000,0.343200,-0.530296,2026-09-22,253.000000,1.013687,0.640097,85536.950000,85471.500000
29834271,2026-09-22T05:51,85535.640000,0.326800,0.849148,2026-09-22,372.000000,5.384517,0.892431,85535.640000,85480.500000
29834272,2026-09-22T05:52,85566.990000,0.038400,0.258870,2026-09-22,298.000000,2.807085,0.834057,85566.990000,85534.900000
29834273,2026-09-22T05:53,85558.820000,0.308300,0.668416,2026-09-22,287.000000,1.963034,0.291433,85588.010000,85557.200000
29834274,2026-09-22T05:54,85509.670000,-0.014000,-0.314646,2026-09-22,322.000000,2.681673,0.552388,85567.430000,85501.500000
29834275,2026-09-22T05:55,85495.010000,-0.086700,0.052312,2026-09-22,293.000000,2.488879,0.402033,85524.520000,85488.070000
29834276,2026-09-22T05:56,85485.010000,0.765100,-0.195933,2026-09-22,307.000000,1.560929,0.206815,85511.530000,85485.000000
29834277,2026-09-22T05:57,85500.140000,-0.025800,-0.586166,2026-09-22,280.000000,1.855370,0.906694,85507.360000,85485.000000
29834278,2026-09-22T05:58,85410.900000,0.435300,0.813536,2026-09-22,526.000000,35.927808,0.173554,85500.140000,85400.000000
29834279,2026-09-22T05:59,85398.700000,0.186900,-0.653070,2026-09-22,515.000000,15.199627,0.385481,85422.490000,85373.110000
29834280,2026-09-22T06:00,85449.050000,0.502900,-0.228503,2026-09-22,359.000000,4.202000,0.482754,85450.180000,85380.000000
29834281,2026-09-22T06:01,85425.490000,0.412900,-0.034733,2026-09-22,408.000000,5.249110,0.398005,85463.500000,85405.460000
29834282,2026-09-22T06:02,85384.200000,-0.111200,-0.203853,2026-09-22,324.000000,2.112644,0.535477,85425.490000,85384.190000
29834283,2026-09-22T06:03,85372.270000,-0.290000,0.070996,2026-09-22,361.000000,6.086383,0.889965,85396.450000,85357.800000
29834284,2026-09-22T06:04,85312.020000,0.154400,0.720903,2026-09-22,312.000000,1.778194,0.258745,85372.270000,85305.330000
29834285,2026-09-22T06:05,85346.200000,0.087900,-0.413681,2026-09-22,292.000000,1.466481,0.505272,85350.030000,85312.020000
29834286,2026-09-22T06:06,85327.990000,-0.323000,-0.008302,2026-09-22,302.000000,2.041719,0.367912,85354.500000,85323.000000
29834287,2026-09-22T06:07,85300.110000,-0.063400,-0.253878,2026-09-22,235.000000,0.786753,0.384993,85328.000000,85300.000000
29834288,2026-09-22T06:08,85364.990000,0.042400,-0.230305,2026-09-22,278.000000,1.429408,0.726348,85364.990000,85300.100000
29834289,2026-09-22T06:09,85312.510000,-0.323500,0.452697,2026-09-22,255.000000,1.001058,0.252378,85369.720000,85312.500000
29834290,2026-09-22T06:10,85298.240000,-0.159300,-0.495264,2026-09-22,335.000000,2.530339,0.530395,85324.180000,85291.500000
29834291,2026-09-22T06:11,85288.610000,-0.501400,0.061606,2026-09-22,281.000000,2.231162,0.485614,85312.510000,85270.500000
29834292,2026-09-22T06:12,85264.120000,-0.056000,-0.027524,2026-09-22,228.000000,0.633291,0.535897,85288.610000,85264.120000
29834293,2026-09-22T06:13,85245.950000,-0.218000,0.064591,2026-09-22,282.000000,1.777937,0.310373,85283.740000,85238.500000
29834294,2026-09-22T06:14,85345.020000,0.055700,-0.509040,2026-09-22,440.000000,9.662693,0.726356,85372.310000,85238.520000
29834295,2026-09-22T06:15,85308.210000,-0.008600,0.527025,2026-09-22,275.000000,1.256215,0.389944,85365.000000,85308.210000
29834296,2026-09-22T06:16,85308.210000,-0.008600,-0.220852,2026-09-22,,,,,
29834297,2026-09-22T06:17,85308.210000,-0.008600,0.000000,2026-09-22,,,,,
29834298,2026-09-22T06:18,85308.210000,-0.008600,0.000000,2026-09-22,,,,,
29834299,2026-09-22T06:19,85308.210000,-0.008600,0.000000,2026-09-22,,,,,
29834300,2026-09-22T06:20,85308.210000,-0.008600,0.000000,2026-09-22,,,,,
29834301,2026-09-22T06:21,85308.210000,-0.008600,0.000000,2026-09-22,,,,,
29834302,2026-09-22T06:22,85308.210000,-0.008600,0.000000,2026-09-22,,,,,
29834303,2026-09-22T06:23,85308.210000,-0.008600,0.000000,2026-09-22,,,,,
29834304,2026-09-22T06:24,85308.210000,-0.008600,0.000000,2026-09-22,,,,,
29834305,2026-09-22T06:25,85308.210000,-0.008600,0.000000,2026-09-22,,,,,
29834306,2026-09-22T06:26,85308.210000,-0.008600,0.000000,2026-09-22,,,,,
29834307,2026-09-22T06:27,85308.210000,-0.008600,0.000000,2026-09-22,,,,,
29834308,2026-09-22T06:28,85308.210000,-0.008600,0.000000,2026-09-22,,,,,
29834309,2026-09-22T06:29,85308.210000,-0.008600,0.000000,2026-09-22,,,,,
29834310,2026-09-22T06:30,85308.210000,-0.008600,0.000000,2026-09-22,,,,,
29834311,2026-09-22T06:31,85308.210000,-0.230700,0.000000,2026-09-22,,,,,
29834312,2026-09-22T06:32,85308.210000,-0.230700,0.000000,2026-09-22,,,,,
29834313,2026-09-22T06:33,85308.210000,-0.230700,0.000000,2026-09-22,,,,,
29834314,2026-09-22T06:34,85308.210000,-0.230700,0.000000,2026-09-22,,,,,
29834315,2026-09-22T06:35,85308.210000,-0.230700,0.000000,2026-09-22,,,,,
29834316,2026-09-22T06:36,85308.210000,-0.230700,0.000000,2026-09-22,,,,,
29834317,2026-09-22T06:37,85308.210000,-0.230700,0.000000,2026-09-22,,,,,
29834318,2026-09-22T06:38,85308.210000,-0.230700,0.000000,2026-09-22,,,,,
29834319,2026-09-22T06:39,85308.210000,-0.230700,0.000000,2026-09-22,,,,,
29834320,2026-09-22T06:40,85308.210000,-0.230700,0.000000,2026-09-22,,,,,
29834321,2026-09-22T06:41,85308.210000,-0.230700,0.000000,2026-09-22,,,,,
29834322,2026-09-22T06:42,85308.210000,-0.230700,0.000000,2026-09-22,,,,,
29834323,2026-09-22T06:43,85308.210000,-0.230700,0.000000,2026-09-22,,,,,
29834324,2026-09-22T06:44,85308.210000,-0.230700,0.000000,2026-09-22,,,,,
29834325,2026-09-22T06:45,85308.210000,-0.230700,0.000000,2026-09-22,,,,,
29834326,2026-09-22T06:46,85308.210000,-0.230700,0.000000,2026-09-22,,,,,
29834327,2026-09-22T06:47,85308.210000,-0.230700,0.000000,2026-09-22,,,,,
29834328,2026-09-22T06:48,85308.210000,-0.230700,0.000000,2026-09-22,,,,,
29834329,2026-09-22T06:49,85308.210000,-0.230700,0.000000,2026-09-22,,,,,
29834330,2026-09-22T06:50,85308.210000,-0.230700,0.000000,2026-09-22,,,,,
29834331,2026-09-22T06:51,85308.210000,-0.230700,0.000000,2026-09-22,,,,,
29834332,2026-09-22T06:52,85308.210000,-0.230700,0.000000,2026-09-22,,,,,
29834333,2026-09-22T06:53,85308.210000,-0.230700,0.000000,2026-09-22,,,,,
29834334,2026-09-22T06:54,85308.210000,-0.230700,0.000000,2026-09-22,,,,,
29834335,2026-09-22T06:55,85308.210000,-0.230700,0.000000,2026-09-22,,,,,
29834336,2026-09-22T06:56,85308.210000,-0.230700,0.000000,2026-09-22,,,,,
29834337,2026-09-22T06:57,85308.210000,-0.230700,0.000000,2026-09-22,,,,,
29834338,2026-09-22T06:58,85308.210000,-0.230700,0.000000,2026-09-22,,,,,
29834339,2026-09-22T06:59,85308.210000,-0.230700,0.000000,2026-09-22,,,,,
29834340,2026-09-22T07:00,85308.210000,-0.230700,0.000000,2026-09-22,,,,,
29834341,2026-09-22T07:01,85308.210000,-0.230700,0.000000,2026-09-22,,,,,
29834342,2026-09-22T07:02,85308.210000,-0.230700,0.000000,2026-09-22,,,,,
29834343,2026-09-22T07:03,85308.210000,-0.230700,0.000000,2026-09-22,,,,,
29834344,2026-09-22T07:04,85308.210000,-0.230700,0.000000,2026-09-22,,,,,
29834345,2026-09-22T07:05,85308.210000,-0.230700,0.000000,2026-09-22,,,,,
29834346,2026-09-22T07:06,85308.210000,-0.230700,0.000000,2026-09-22,,,,,
29834347,2026-09-22T07:07,85308.210000,-0.230700,0.000000,2026-09-22,,,,,
29834348,2026-09-22T07:08,85308.210000,-0.230700,0.000000,2026-09-22,,,,,
29834349,2026-09-22T07:09,85308.210000,-0.230700,0.000000,2026-09-22,,,,,
29834350,2026-09-22T07:10,85308.210000,-0.230700,0.000000,2026-09-22,,,,,
29834351,2026-09-22T07:11,85308.210000,-0.230700,0.000000,2026-09-22,,,,,
29834352,2026-09-22T07:12,85308.210000,-0.230700,0.000000,2026-09-22,,,,,
29834353,2026-09-22T07:13,85308.210000,-0.230700,0.000000,2026-09-22,,,,,
29834354,2026-09-22T07:14,85308.210000,-0.230700,0.000000,2026-09-22,,,,,
29834355,2026-09-22T07:15,85308.210000,-0.230700,0.000000,2026-09-22,,,,,
29834356,2026-09-22T07:16,85308.210000,-0.230700,0.000000,2026-09-22,,,,,
29834357,2026-09-22T07:17,85308.210000,-0.230700,0.000000,2026-09-22,,,,,
29834358,2026-09-22T07:18,85308.210000,-0.230700,0.000000,2026-09-22,,,,,
29834359,2026-09-22T07:19,85308.210000,-0.230700,0.000000,2026-09-22,,,,,
29834360,2026-09-22T07:20,85308.210000,-0.230700,0.000000,2026-09-22,,,,,
29834361,2026-09-22T07:21,85308.210000,-0.230700,0.000000,2026-09-22,,,,,
29834362,2026-09-22T07:22,85308.210000,-0.230700,0.000000,2026-09-22,,,,,
29834363,2026-09-22T07:23,85308.210000,-0.230700,0.000000,2026-09-22,,,,,
29834364,2026-09-22T07:24,85308.210000,-0.230700,0.000000,2026-09-22,,,,,
29834365,2026-09-22T07:25,85308.210000,-0.230700,0.000000,2026-09-22,,,,,
29834366,2026-09-22T07:26,85308.210000,-0.230700,0.000000,2026-09-22,,,,,
29834367,2026-09-22T07:27,85308.210000,-0.230700,0.000000,2026-09-22,,,,,
29834368,2026-09-22T07:28,85308.210000,-0.230700,0.000000,2026-09-22,,,,,
29834369,2026-09-22T07:29,85308.210000,-0.230700,0.000000,2026-09-22,,,,,
29834370,2026-09-22T07:30,85308.210000,-0.230700,0.000000,2026-09-22,,,,,
29834371,2026-09-22T07:31,85308.210000,-0.230700,0.000000,2026-09-22,,,,,
29834372,2026-09-22T07:32,85308.210000,-0.230700,0.000000,2026-09-22,,,,,
29834373,2026-09-22T07:33,85308.210000,-0.230700,0.000000,2026-09-22,,,,,
29834374,2026-09-22T07:34,85308.210000,-0.230700,0.000000,2026-09-22,,,,,
29834375,2026-09-22T07:35,85308.210000,-0.230700,0.000000,2026-09-22,,,,,
29834376,2026-09-22T07:36,85308.210000,-0.230700,0.000000,2026-09-22,,,,,
29834377,2026-09-22T07:37,85308.210000,-0.230700,0.000000,2026-09-22,,,,,
29834378,2026-09-22T07:38,85308.210000,-0.230700,0.000000,2026-09-22,,,,,
29834379,2026-09-22T07:39,85308.210000,-0.230700,0.000000,2026-09-22,,,,,
29834380,2026-09-22T07:40,85308.210000,-0.230700,0.000000,2026-09-22,,,,,
29834381,2026-09-22T07:41,85308.210000,-0.230700,0.000000,2026-09-22,,,,,
29834382,2026-09-22T07:42,85308.210000,-0.230700,0.000000,2026-09-22,,,,,
29834383,2026-09-22T07:43,85308.210000,-0.230700,0.000000,2026-09-22,,,,,
29834384,2026-09-22T07:44,85308.210000,-0.230700,0.000000,2026-09-22,,,,,
29834385,2026-09-22T07:45,85308.210000,-0.230700,0.000000,2026-09-22,,,,,
29834386,2026-09-22T07:46,85308.210000,-0.230700,0.000000,2026-09-22,,,,,
29834387,2026-09-22T07:47,85308.210000,-0.230700,0.000000,2026-09-22,,,,,
29834388,2026-09-22T07:48,85308.210000,-0.230700,0.000000,2026-09-22,,,,,
29834389,2026-09-22T07:49,85308.210000,-0.230700,0.000000,2026-09-22,,,,,
29834390,2026-09-22T07:50,85281.260000,-0.077800,0.000000,2026-09-22,51.000000,0.184778,0.886923,85281.250000,85263.360000
29834391,2026-09-22T07:51,85281.260000,-0.077800,0.773846,2026-09-22,,,,,
29834392,2026-09-22T07:52,85281.260000,-0.077800,0.000000,2026-09-22,,,,,
29834393,2026-09-22T07:53,85281.260000,-0.077800,0.000000,2026-09-22,,,,,
29834394,2026-09-22T07:54,85281.260000,-0.077800,0.000000,2026-09-22,,,,,
29834395,2026-09-22T07:55,85281.260000,-0.077800,0.000000,2026-09-22,,,,,
29834396,2026-09-22T07:56,85281.260000,-0.077800,0.000000,2026-09-22,,,,,
29834397,2026-09-22T07:57,85281.260000,-0.077800,0.000000,2026-09-22,,,,,
29834398,2026-09-22T07:58,85281.260000,-0.077800,0.000000,2026-09-22,,,,,
29834399,2026-09-22T07:59,85281.260000,-0.077800,0.000000,2026-09-22,,,,,
29834400,2026-09-22T08:00,85281.260000,-0.077800,0.000000,2026-09-22,,,,,
29834401,2026-09-22T08:01,85281.260000,-0.077800,0.000000,2026-09-22,,,,,
29834402,2026-09-22T08:02,85281.260000,-0.077800,0.000000,2026-09-22,,,,,
29834403,2026-09-22T08:03,85281.260000,-0.077800,0.000000,2026-09-22,,,,,
29834404,2026-09-22T08:04,85281.260000,-0.077800,0.000000,2026-09-22,,,,,
29834405,2026-09-22T08:05,85281.260000,-0.077800,0.000000,2026-09-22,,,,,
29834406,2026-09-22T08:06,85430.540000,-0.411600,0.000000,2026-09-22,23.000000,0.084238,0.028293,85430.540000,85415.010000
29834407,2026-09-22T08:07,85430.540000,-0.411600,-0.943414,2026-09-22,,,,,
29834408,2026-09-22T08:08,85430.540000,-0.411600,0.000000,2026-09-22,,,,,
29834409,2026-09-22T08:09,85430.540000,-0.411600,0.000000,2026-09-22,,,,,
29834410,2026-09-22T08:10,85430.540000,-0.411600,0.000000,2026-09-22,,,,,
29834411,2026-09-22T08:11,85430.540000,-0.411600,0.000000,2026-09-22,,,,,
29834412,2026-09-22T08:12,85430.540000,-0.411600,0.000000,2026-09-22,,,,,
29834413,2026-09-22T08:13,85430.540000,-0.411600,0.000000,2026-09-22,,,,,
29834414,2026-09-22T08:14,85430.540000,-0.411600,0.000000,2026-09-22,,,,,
29834415,2026-09-22T08:15,85430.540000,-0.411600,0.000000,2026-09-22,,,,,
29834416,2026-09-22T08:16,85430.540000,-0.411600,0.000000,2026-09-22,,,,,
29834417,2026-09-22T08:17,85430.540000,-0.411600,0.000000,2026-09-22,,,,,
29834418,2026-09-22T08:18,85430.540000,-0.411600,0.000000,2026-09-22,,,,,
29834419,2026-09-22T08:19,85430.540000,-0.411600,0.000000,2026-09-22,,,,,
29834420,2026-09-22T08:20,85430.540000,-0.411600,0.000000,2026-09-22,,,,,
29834421,2026-09-22T08:21,85430.540000,-0.411600,0.000000,2026-09-22,,,,,
29834422,2026-09-22T08:22,85430.540000,-0.411600,0.000000,2026-09-22,,,,,
29834423,2026-09-22T08:23,85430.540000,-0.411600,0.000000,2026-09-22,,,,,
29834424,2026-09-22T08:24,85506.680000,0.283000,0.000000,2026-09-22,3.000000,0.000428,0.884414,85506.690000,85506.680000
29834425,2026-09-22T08:25,85506.680000,0.283000,0.768829,2026-09-22,,,,,
29834426,2026-09-22T08:26,85506.680000,0.283000,0.000000,2026-09-22,,,,,
29834427,2026-09-22T08:27,85506.680000,0.283000,0.000000,2026-09-22,,,,,
29834428,2026-09-22T08:28,85506.680000,0.283000,0.000000,2026-09-22,,,,,
29834429,2026-09-22T08:29,85506.680000,0.283000,0.000000,2026-09-22,,,,,
29834430,2026-09-22T08:30,85506.680000,0.283000,0.000000,2026-09-22,,,,,
29834431,2026-09-22T08:31,85506.680000,0.283000,0.000000,2026-09-22,,,,,
29834432,2026-09-22T08:32,85506.680000,0.283000,0.000000,2026-09-22,,,,,
29834433,2026-09-22T08:33,85506.680000,0.283000,0.000000,2026-09-22,,,,,
29834434,2026-09-22T08:34,85506.680000,0.283000,0.000000,2026-09-22,,,,,
29834435,2026-09-22T08:35,85506.680000,0.283000,0.000000,2026-09-22,,,,,
29834436,2026-09-22T08:36,85506.680000,0.283000,0.000000,2026-09-22,,,,,
29834437,2026-09-22T08:37,85506.680000,0.283000,0.000000,2026-09-22,,,,,
29834438,2026-09-22T08:38,85506.680000,0.283000,0.000000,2026-09-22,,,,,
29834439,2026-09-22T08:39,85506.680000,0.283000,0.000000,2026-09-22,,,,,
29834440,2026-09-22T08:40,85506.680000,0.283000,0.000000,2026-09-22,,,,,
29834441,2026-09-22T08:41,85920.260000,0.191100,0.000000,2026-09-22,6.000000,0.017865,0.018544,85919.530000,85919.440000
29834442,2026-09-22T08:42,85920.260000,0.191100,-0.962911,2026-09-22,,,,,
29834443,2026-09-22T08:43,85920.260000,0.191100,0.000000,2026-09-22,,,,,
29834444,2026-09-22T08:44,85920.260000,0.191100,0.000000,2026-09-22,,,,,
29834445,2026-09-22T08:45,85920.260000,0.191100,0.000000,2026-09-22,,,,,
29834446,2026-09-22T08:46,85920.260000,0.191100,0.000000,2026-09-22,,,,,
29834447,2026-09-22T08:47,85920.260000,0.191100,0.000000,2026-09-22,,,,,
29834448,2026-09-22T08:48,85920.260000,0.191100,0.000000,2026-09-22,,,,,
29834449,2026-09-22T08:49,85920.260000,0.191100,0.000000,2026-09-22,,,,,
29834450,2026-09-22T08:50,85920.260000,0.191100,0.000000,2026-09-22,,,,,
29834451,2026-09-22T08:51,85920.260000,0.191100,0.000000,2026-09-22,,,,,
29834452,2026-09-22T08:52,85920.260000,0.191100,0.000000,2026-09-22,,,,,
29834453,2026-09-22T08:53,85920.260000,0.191100,0.000000,2026-09-22,,,,,
29834454,2026-09-22T08:54,85920.260000,0.191100,0.000000,2026-09-22,,,,,
29834455,2026-09-22T08:55,85920.260000,0.191100,0.000000,2026-09-22,,,,,
29834456,2026-09-22T08:56,85920.260000,0.191100,0.000000,2026-09-22,,,,,
29834457,2026-09-22T08:57,85920.260000,0.191100,0.000000,2026-09-22,,,,,
29834458,2026-09-22T08:58,85920.260000,0.191100,0.000000,2026-09-22,,,,,
29834459,2026-09-22T08:59,85920.260000,0.191100,0.000000,2026-09-22,,,,,
29834460,2026-09-22T09:00,85920.260000,0.191100,0.000000,2026-09-22,,,,,
29834461,2026-09-22T09:01,85920.260000,0.191100,0.000000,2026-09-22,,,,,
29834462,2026-09-22T09:02,85920.260000,0.191100,0.000000,2026-09-22,,,,,
29834463,2026-09-22T09:03,85920.260000,0.191100,0.000000,2026-09-22,,,,,
29834464,2026-09-22T09:04,85920.260000,0.191100,0.000000,2026-09-22,,,,,
29834465,2026-09-22T09:05,85712.910000,-0.386900,0.000000,2026-09-22,236.000000,3.046649,0.470965,85816.340000,85708.070000
29834466,2026-09-22T09:06,85843.490000,-0.187700,-0.025567,2026-09-22,358.000000,2.695295,0.415316,85849.470000,85703.540000
29834467,2026-09-22T09:07,85851.350000,0.027300,-0.244463,2026-09-22,356.000000,3.491193,0.692213,85851.350000,85779.980000
29834468,2026-09-22T09:08,85824.820000,-0.261200,0.401271,2026-09-22,374.000000,2.857842,0.370592,85898.510000,85803.690000
29834469,2026-09-22T09:09,85824.510000,-0.205800,-0.246217,2026-09-22,330.000000,2.823373,0.283420,85894.190000,85801.400000
29834470,2026-09-22T09:10,85812.360000,-0.238400,-0.429461,2026-09-22,307.000000,1.185711,0.541746,85831.650000,85795.100000
29834471,2026-09-22T09:11,85893.100000,-0.094300,0.167226,2026-09-22,470.000000,10.120116,0.477961,85930.000000,85775.610000
29834472,2026-09-22T09:12,85934.080000,0.239900,-0.076584,2026-09-22,383.000000,4.535781,0.636218,86000.000000,85855.700000
29834473,2026-09-22T09:13,85953.530000,-0.213800,0.334641,2026-09-22,317.000000,2.886637,0.884213,85981.370000,85908.480000
29834474,2026-09-22T09:14,85912.380000,0.100200,0.746381,2026-09-22,256.000000,1.521957,0.636787,85941.830000,85900.800000
29834475,2026-09-22T09:15,85927.830000,-0.422900,0.370876,2026-09-22,364.000000,3.752688,0.776875,85978.440000,85912.380000
29834476,2026-09-22T09:16,85889.100000,0.562100,0.532138,2026-09-22,285.000000,1.894054,0.704998,85938.810000,85875.090000
29834477,2026-09-22T09:17,85922.270000,0.078000,0.393953,2026-09-22,276.000000,1.427067,0.714152,85940.000000,85889.100000
29834478,2026-09-22T09:18,85924.260000,-0.321000,0.426153,2026-09-22,279.000000,2.289331,0.589848,85973.940000,85922.270000
29834479,2026-09-22T09:19,85903.700000,-0.110600,0.167807,2026-09-22,244.000000,0.904123,0.467922,85965.600000,85902.220000
29834480,2026-09-22T09:20,85924.320000,-0.225800,-0.005160,2026-09-22,312.000000,2.387472,0.696561,85936.980000,85900.110000
29834481,2026-09-22T09:21,85908.490000,-0.013300,0.373162,2026-09-22,292.000000,1.900844,0.629141,85951.520000,85908.490000
29834482,2026-09-22T09:22,85889.080000,-0.243600,0.271624,2026-09-22,264.000000,1.660523,0.642567,85914.080000,85870.010000
29834483,2026-09-22T09:23,85844.110000,0.109700,0.285957,2026-09-22,397.000000,7.324142,0.206258,85889.090000,85822.800000
29834484,2026-09-22T09:24,85858.360000,-0.064500,-0.574196,2026-09-22,306.000000,3.000381,0.813487,85893.100000,85841.650000
29834485,2026-09-22T09:25,85846.920000,0.282300,0.619125,2026-09-22,248.000000,1.410093,0.371403,85866.900000,85828.890000
29834486,2026-09-22T09:26,85862.600000,0.163700,-0.161904,2026-09-22,289.000000,3.245608,0.604876,85879.690000,85813.380000
29834487,2026-09-22T09:27,85845.740000,-0.455500,0.180554,2026-09-22,235.000000,1.453341,0.233673,85876.870000,85845.730000
29834488,2026-09-22T09:28,85879.680000,0.194600,-0.532654,2026-09-22,294.000000,5.195071,0.947561,85879.680000,85801.750000
29834489,2026-09-22T09:29,85878.270000,0.277700,0.895121,2026-09-22,279.000000,1.465121,0.413217,85901.970000,85873.220000
29834490,2026-09-22T09:30,85894.200000,-0.014000,-0.171480,2026-09-22,296.000000,1.480268,0.529076,85894.190000,85837.090000
29834491,2026-09-22T09:31,85936.120000,-0.101500,0.041822,2026-09-22,293.000000,1.666247,0.537498,85965.600000,85883.280000
29834492,2026-09-22T09:32,85922.780000,-0.145600,0.151594,2026-09-22,319.000000,2.459025,0.415909,85978.510000,85922.760000
29834493,2026-09-22T09:33,85865.640000,-0.443200,-0.229208,2026-09-22,322.000000,3.573381,0.537653,85923.760000,85851.360000
29834494,2026-09-22T09:34,85894.210000,-0.535900,0.077888,2026-09-22,287.000000,1.894527,0.674041,85946.440000,85867.800000
29834495,2026-09-22T09:35,85878.210000,-0.385100,0.344556,2026-09-22,286.000000,1.132222,0.552006,85883.920000,85823.580000
29834496,2026-09-22T09:36,85943.010000,0.241500,-0.184556,2026-09-22,279.000000,1.289016,0.563415,85957.790000,85863.900000
29834497,2026-09-22T09:37,85992.680000,0.165400,0.635298,2026-09-22,452.000000,11.604804,0.689265,86035.490000,85954.740000
29834498,2026-09-22T09:38,85934.140000,0.078100,0.378152,2026-09-22,301.000000,3.071085,0.377926,85995.820000,85934.100000
29834499,2026-09-22T09:39,85960.110000,0.495200,-0.142059,2026-09-22,258.000000,1.255433,0.681957,85972.080000,85934.130000
29834500,2026-09-22T09:40,85960.110000,0.417700,-0.297463,2026-09-22,257.000000,1.453828,0.477332,85960.100000,85943.180000
29834501,2026-09-22T09:41,85999.430000,0.039400,0.702628,2026-09-22,341.000000,2.890531,0.497037,86019.990000,85960.100000
29834502,2026-09-22T09:42,86027.930000,-0.337700,-0.005845,2026-09-22,257.000000,2.420782,0.948018,86034.000000,85994.510000
29834503,2026-09-22T09:43,86040.990000,-0.027200,0.896020,2026-09-22,230.000000,1.138289,0.513049,86050.000000,86025.300000
29834504,2026-09-22T09:44,86020.200000,0.242200,0.010130,2026-09-22,212.000000,0.860371,0.640033,86050.000000,86017.250000
29834505,2026-09-22T09:45,86035.120000,-0.365000,0.376174,2026-09-22,348.000000,3.868124,0.652425,86051.990000,86012.520000
29834506,2026-09-22T09:46,86024.070000,-0.217900,0.287725,2026-09-22,279.000000,2.187692,0.566386,86051.270000,86018.510000
29834507,2026-09-22T09:47,86035.890000,0.050100,0.132762,2026-09-22,228.000000,0.798120,0.608057,86045.310000,86023.900000
29834508,2026-09-22T09:48,86001.770000,-0.150800,0.216072,2026-09-22,211.000000,1.048675,0.477778,86038.200000,86000.000000
29834509,2026-09-22T09:49,86014.420000,0.283200,-0.037500,2026-09-22,279.000000,2.707335,0.387135,86022.770000,86002.010000
29834510,2026-09-22T09:50,86018.600000,0.132800,-0.228896,2026-09-22,215.000000,0.255060,0.823186,86018.650000,86017.990000
29834511,2026-09-22T09:51,86006.100000,-0.062500,0.646373,2026-09-22,272.000000,1.365843,0.793613,86030.000000,86006.090000
29834512,2026-09-22T09:52,86065.570000,0.486100,0.691155,2026-09-22,420.000000,7.012182,0.605262,86122.670000,86000.000000
29834513,2026-09-22T09:53,86205.540000,0.066900,0.154074,2026-09-22,424.000000,7.002799,0.705086,86213.550000,86023.800000
29834514,2026-09-22T09:54,86149.570000,0.289400,0.416518,2026-09-22,391.000000,6.313404,0.648615,86222.640000,86075.310000
29834515,2026-09-22T09:55,86121.370000,0.050600,0.288155,2026-09-22,344.000000,6.044273,0.416876,86165.510000,86108.400000
29834516,2026-09-22T09:56,86165.520000,-0.417600,-0.166245,2026-09-22,485.000000,8.806742,0.438225,86259.990000,86115.240000
29834517,2026-09-22T09:57,86136.950000,-0.455700,-0.111411,2026-09-22,339.000000,2.549593,0.728497,86155.460000,86105.010000
29834518,2026-09-22T09:58,86199.710000,-0.293700,0.456733,2026-09-22,467.000000,13.276533,0.813389,86230.660000,86136.960000
29834519,2026-09-22T09:59,86238.830000,-0.444700,0.624414,2026-09-22,452.000000,7.534329,0.581480,86259.000000,86186.480000
29834520,2026-09-22T10:00,86228.600000,0.243500,0.153161,2026-09-22,411.000000,3.127084,0.417290,86251.190000,86181.810000
29834521,2026-09-22T10:01,86166.540000,-0.030500,-0.169112,2026-09-22,395.000000,2.806571,0.327228,86228.590000,86165.530000
29834522,2026-09-22T10:02,86191.960000,0.466600,-0.359071,2026-09-22,306.000000,1.625234,0.752264,86200.380000,86157.650000
29834523,2026-09-22T10:03,86163.930000,0.284900,0.561483,2026-09-22,264.000000,1.718629,0.666015,86195.350000,86150.000000
29834524,2026-09-22T10:04,86136.960000,0.151700,0.332075,2026-09-22,263.000000,1.311094,0.442015,86169.390000,86136.960000
29834525,2026-09-22T10:05,86115.890000,0.005800,-0.116068,2026-09-22,256.000000,1.536300,0.575917,86143.710000,86115.880000
29834526,2026-09-22T10:06,86072.620000,0.164700,0.152018,2026-09-22,390.000000,7.755891,0.100112,86125.590000,86053.410000
29834527,2026-09-22T10:07,86077.610000,-0.193500,-0.798207,2026-09-22,309.000000,3.047911,0.652095,86122.130000,86071.540000
29834528,2026-09-22T10:08,86125.820000,0.386600,0.302727,2026-09-22,252.000000,1.361971,0.765160,86130.580000,86077.040000
29834529,2026-09-22T10:09,86075.640000,-0.448100,0.530346,2026-09-22,289.000000,2.819269,0.474765,86143.130000,86075.640000
29834530,2026-09-22T10:10,86052.770000,0.288600,-0.050470,2026-09-22,267.000000,2.040577,0.640440,86085.770000,86045.500000
29834531,2026-09-22T10:11,86094.990000,-0.060000,0.275012,2026-09-22,211.000000,0.567709,0.712782,86094.990000,86052.770000
29834532,2026-09-22T10:12,86050.300000,-0.294300,0.460646,2026-09-22,286.000000,1.800949,0.457696,86094.990000,86037.000000
29834533,2026-09-22T10:13,85998.240000,-0.380300,-0.091577,2026-09-22,306.000000,4.126175,0.538072,86060.450000,85984.760000
29834534,2026-09-22T10:14,86013.650000,-0.257300,0.076853,2026-09-22,342.000000,2.397692,0.342520,86047.210000,85991.100000
29834535,2026-09-22T10:15,86061.700000,-0.265000,-0.317494,2026-09-22,312.000000,0.520672,0.718365,86061.690000,86016.800000
29834536,2026-09-22T10:16,86061.700000,0.145500,0.438661,2026-09-22,291.000000,3.753625,0.240851,86061.700000,86025.140000
29834537,2026-09-22T10:17,86072.650000,-0.453700,-0.481832,2026-09-22,268.000000,1.560294,0.641741,86083.370000,86022.720000
29834538,2026-09-22T10:18,86009.990000,-0.101400,0.232970,2026-09-22,237.000000,0.934887,0.258401,86072.650000,86008.450000
29834539,2026-09-22T10:19,86016.830000,-0.269400,-0.479315,2026-09-22,342.000000,11.452920,0.973224,86061.650000,86008.450000
29834540,2026-09-22T10:20,85988.080000,0.786200,0.946445,2026-09-22,295.000000,2.698099,0.260001,86031.870000,85987.650000
29834541,2026-09-22T10:21,86012.080000,-0.013900,-0.413910,2026-09-22,294.000000,1.859631,0.713621,86012.080000,85982.060000
29834542,2026-09-22T10:22,85982.070000,0.746300,0.385794,2026-09-22,274.000000,1.517801,0.403652,86026.270000,85982.060000
29834543,2026-09-22T10:23,85942.610000,-0.035900,-0.195074,2026-09-22,589.000000,15.474758,0.034932,85985.150000,85940.280000
29834544,2026-09-22T10:24,85908.510000,-0.084800,-0.930122,2026-09-22,336.000000,3.498987,0.706770,85944.770000,85880.650000
29834545,2026-09-22T10:25,85866.980000,0.112900,0.389259,2026-09-22,311.000000,2.927442,0.408280,85912.300000,85801.750000
29834546,2026-09-22T10:26,85873.260000,-0.389600,-0.166019,2026-09-22,247.000000,0.816043,0.689689,85900.000000,85862.600000
29834547,2026-09-22T10:27,85869.290000,0.261300,0.379720,2026-09-22,267.000000,2.027145,0.730721,85885.370000,85851.360000
29834548,2026-09-22T10:28,85860.140000,-0.359000,0.451311,2026-09-22,291.000000,1.628133,0.859252,85871.990000,85830.000000
29834549,2026-09-22T10:29,85850.320000,-0.103400,0.732384,2026-09-22,294.000000,2.537228,0.853708,85878.910000,85841.130000
29834550,2026-09-22T10:30,85805.960000,-0.453600,0.708361,2026-09-22,244.000000,0.554906,0.648565,85851.150000,85800.000000
29834551,2026-09-22T10:31,85794.260000,-0.077500,0.293521,2026-09-22,235.000000,0.611548,0.425879,85810.680000,85786.440000
29834552,2026-09-22T10:32,85767.390000,-0.068600,-0.146745,2026-09-22,264.000000,0.848585,0.550943,85802.540000,85766.660000
29834553,2026-09-22T10:33,85765.610000,0.161000,0.101041,2026-09-22,314.000000,3.186987,0.567603,85799.490000,85727.740000
29834554,2026-09-22T10:34,85790.010000,-0.009100,0.154842,2026-09-22,213.000000,0.952995,0.582568,85790.000000,85755.010000
29834555,2026-09-22T10:35,85779.960000,-0.395000,0.081288,2026-09-22,236.000000,1.458778,0.171812,85820.770000,85779.960000
29834556,2026-09-22T10:36,85844.570000,-0.145600,-0.654961,2026-09-22,260.000000,1.261761,0.326826,85847.790000,85761.000000
29834557,2026-09-22T10:37,85859.330000,0.605500,-0.346508,2026-09-22,250.000000,0.556394,0.552243,85859.340000,85834.100000
29834558,2026-09-22T10:38,85886.610000,-0.070400,0.104485,2026-09-22,345.000000,3.313008,0.620364,85908.480000,85859.330000
29834559,2026-09-22T10:39,85911.900000,-0.398200,0.257763,2026-09-22,280.000000,3.621839,0.952609,85916.600000,85865.710000
29834560,2026-09-22T10:40,85884.010000,-0.328700,0.914664,2026-09-22,272.000000,0.950658,0.536749,85933.980000,85880.010000
29834561,2026-09-22T10:41,85880.740000,-0.160300,0.073225,2026-09-22,257.000000,0.990973,0.697275,85900.580000,85871.410000
29834562,2026-09-22T10:42,85896.100000,-0.418500,0.399877,2026-09-22,280.000000,1.262531,0.791656,85913.800000,85872.910000
29834563,2026-09-22T10:43,85849.510000,0.372800,0.595222,2026-09-22,578.000000,15.550046,0.217305,85908.020000,85831.450000
29834564,2026-09-22T10:44,85823.010000,0.124300,-0.569769,2026-09-22,277.000000,2.377029,0.312208,85853.170000,85825.490000
29834565,2026-09-22T10:45,85794.240000,0.137100,-0.522628,2026-09-22,290.000000,2.217614,0.562802,85834.240000,85794.240000
29834566,2026-09-22T10:46,85776.830000,0.192800,0.680835,2026-09-22,255.000000,2.730120,0.787817,85797.170000,85759.440000
29834567,2026-09-22T10:47,85822.820000,0.436400,0.553644,2026-09-22,302.000000,2.462096,0.948277,85822.850000,85769.010000
29834568,2026-09-22T10:48,85790.710000,0.663800,0.926979,2026-09-22,360.000000,3.237898,0.156111,85834.230000,85763.360000
29834569,2026-09-22T10:49,85791.240000,-0.245100,-0.687712,2026-09-22,250.000000,1.381887,0.414033,85808.500000,85781.680000
29834570,2026-09-22T10:50,85846.890000,0.035800,-0.171235,2026-09-22,285.000000,1.507993,0.870410,85846.890000,85791.240000
29834571,2026-09-22T10:51,85851.360000,0.196500,0.740672,2026-09-22,253.000000,2.311049,0.223709,85851.350000,85814.080000
29834572,2026-09-22T10:52,85892.040000,0.463900,-0.552583,2026-09-22,331.000000,2.066652,0.715683,85897.200000,85846.310000
29834573,2026-09-22T10:53,85910.960000,0.152300,0.288459,2026-09-22,282.000000,1.240818,0.343483,85920.240000,85885.480000
29834574,2026-09-22T10:54,85942.490000,-0.230900,-0.157376,2026-09-22,391.000000,8.081226,0.891010,85950.830000,85885.700000
29834575,2026-09-22T10:55,85951.270000,0.184900,0.771382,2026-09-22,279.000000,1.615093,0.597235,85951.280000,85920.540000
29834576,2026-09-22T10:56,85953.020000,0.163400,0.231419,2026-09-22,127.000000,0.296305,0.392594,85959.800000,85951.270000
29834577,2026-09-22T10:57,85921.460000,0.382700,-0.214811,2026-09-22,454.000000,2.789540,0.710618,85953.030000,85908.480000
29834578,2026-09-22T10:58,85929.650000,0.195500,0.421236,2026-09-22,278.000000,0.670024,0.888172,85936.290000,85919.130000
29834579,2026-09-22T10:59,85871.150000,0.074600,-0.128213,2026-09-22,345.000000,2.463402,0.222340,85929.660000,85862.400000
29834580,2026-09-22T11:00,85910.580000,-0.155500,-0.374825,2026-09-22,327.000000,2.626320,0.863116,85950.670000,85864.050000
29834581,2026-09-22T11:01,85899.620000,-0.145800,0.731282,2026-09-22,376.000000,2.068134,0.669223,85917.450000,85890.630000
29834582,2026-09-22T11:02,85956.360000,-0.507600,0.341228,2026-09-22,323.000000,2.499828,0.901060,85961.920000,85890.630000
29834583,2026-09-22T11:03,85976.600000,-0.227300,0.796540,2026-09-22,325.000000,2.551948,0.939974,85976.600000,85928.900000
29834584,2026-09-22T11:04,85949.270000,-0.432900,0.879090,2026-09-22,330.000000,4.667628,0.110552,85976.590000,85945.870000
29834585,2026-09-22T11:05,85929.400000,-0.379000,-0.786341,2026-09-22,340.000000,1.780041,0.710359,85970.960000,85925.470000
29834586,2026-09-22T11:06,85909.600000,0.170800,0.578429,2026-09-22,282.000000,1.048693,0.881993,85935.870000,85898.000000
29834587,2026-09-22T11:07,85915.290000,-0.462300,0.771282,2026-09-22,275.000000,1.339240,0.809479,85930.500000,85891.660000
29834588,2026-09-22T11:08,85883.490000,-0.174500,0.618891,2026-09-22,321.000000,1.799140,0.827759,85915.300000,85881.780000
29834589,2026-09-22T11:09,85782.830000,-0.094500,0.689132,2026-09-22,577.000000,10.713431,0.334127,85954.050000,85779.960000
29834590,2026-09-22T11:10,85897.120000,0.360300,-0.355618,2026-09-22,348.000000,1.712874,0.483596,85902.160000,85744.370000
29834591,2026-09-22T11:11,85889.890000,-0.332200,-0.070092,2026-09-22,288.000000,1.111194,0.299222,85908.480000,85837.540000
29834592,2026-09-22T11:12,85901.200000,-0.164100,-0.367016,2026-09-22,390.000000,3.079324,0.535582,85965.590000,85889.880000
29834593,2026-09-22T11:13,85908.110000,0.384000,0.063323,2026-09-22,318.000000,3.740232,0.776481,85922.760000,85843.590000
29834594,2026-09-22T11:14,85948.260000,0.225000,0.553055,2026-09-22,270.000000,3.605313,0.105563,85965.600000,85900.170000
29834595,2026-09-22T11:15,85972.620000,-0.553500,-0.790342,2026-09-22,277.000000,1.381884,0.591177,85991.630000,85944.720000
29834596,2026-09-22T11:16,86032.460000,-0.065200,0.181982,2026-09-22,403.000000,14.053048,0.802372,86044.270000,85972.770000
29834597,2026-09-22T11:17,86060.010000,0.315800,0.605911,2026-09-22,288.000000,1.630422,0.521237,86060.250000,86032.800000
29834598,2026-09-22T11:18,86032.070000,0.381800,-0.594051,2026-09-22,298.000000,4.392337,0.312762,86066.410000,86022.720000
29834599,2026-09-22T11:19,86022.740000,0.030000,0.385643,2026-09-22,258.000000,1.804137,0.638723,86040.660000,85999.870000
29834600,2026-09-22T11:20,86065.570000,-0.593600,0.278033,2026-09-22,230.000000,0.959052,0.456827,86065.770000,86004.130000
29834601,2026-09-22T11:21,86068.330000,0.344900,-0.086150,2026-09-22,218.000000,0.510245,0.569017,86076.700000,86056.620000
29834602,2026-09-22T11:22,86041.200000,-0.307000,0.138034,2026-09-22,253.000000,0.972707,0.581523,86073.830000,86039.040000
29834603,2026-09-22T11:23,86014.670000,0.418400,0.163993,2026-09-22,252.000000,0.732399,0.528566,86041.200000,86014.660000
29834604,2026-09-22T11:24,86026.490000,-0.466800,0.055724,2026-09-22,245.000000,1.002322,0.617461,86040.090000,86014.660000
29834605,2026-09-22T11:25,86021.820000,0.139900,0.239236,2026-09-22,246.000000,1.672423,0.516634,86032.260000,86011.030000
29834606,2026-09-22T11:26,85989.510000,0.052600,0.029985,2026-09-22,330.000000,5.158000,0.211028,86049.810000,85969.510000
29834607,2026-09-22T11:27,85965.610000,-0.298500,-0.577818,2026-09-22,252.000000,1.315904,0.473302,85994.750000,85957.860000
29834608,2026-09-22T11:28,85909.620000,0.509900,-0.053727,2026-09-22,301.000000,2.227545,0.342070,85968.640000,85908.480000
29834609,2026-09-22T11:29,85907.510000,0.390200,-0.247079,2026-09-22,289.000000,12.539378,0.223781,85908.480000,85894.200000
29834610,2026-09-22T11:30,85871.600000,0.317800,-0.567806,2026-09-22,385.000000,5.236830,0.415227,85945.740000,85871.460000
29834611,2026-09-22T11:31,85920.360000,0.087600,-0.168717,2026-09-22,324.000000,2.871919,0.674863,85920.360000,85829.230000
29834612,2026-09-22T11:32,85935.450000,0.500500,0.348733,2026-09-22,268.000000,0.577704,0.694102,85935.790000,85917.820000
29834613,2026-09-22T11:33,85920.320000,0.064200,0.474699,2026-09-22,261.000000,1.101722,0.609808,85937.000000,85913.550000
29834614,2026-09-22T11:34,85906.650000,0.093600,0.071768,2026-09-22,270.000000,0.954335,0.467239,85920.310000,85880.970000
29834615,2026-09-22T11:35,85965.600000,0.448400,0.115229,2026-09-22,294.000000,1.710178,0.583148,85965.590000,85891.400000
29834616,2026-09-22T11:36,85999.990000,0.456300,0.111068,2026-09-22,260.000000,1.805192,0.598298,86000.000000,85965.590000
29834617,2026-09-22T11:37,86029.390000,0.211200,0.289989,2026-09-22,339.000000,2.806956,0.767817,86036.960000,85999.990000
29834618,2026-09-22T11:38,86050.420000,0.286700,0.315591,2026-09-22,292.000000,1.920456,0.639919,86052.440000,86017.110000
29834619,2026-09-22T11:39,86050.740000,0.303900,0.561345,2026-09-22,327.000000,4.180905,0.655101,86065.560000,86031.080000
29834620,2026-09-22T11:40,86046.600000,0.458100,0.309912,2026-09-22,297.000000,1.612601,0.555919,86060.620000,86034.680000
29834621,2026-09-22T11:41,86099.990000,0.156500,0.025721,2026-09-22,310.000000,2.272139,0.895574,86100.000000,86043.310000
29834622,2026-09-22T11:42,86097.950000,0.404600,0.791422,2026-09-22,272.000000,1.306137,0.649346,86100.000000,86086.050000
29834623,2026-09-22T11:43,86103.360000,-0.093100,0.185689,2026-09-22,326.000000,2.937233,0.415151,86108.400000,86085.000000
29834624,2026-09-22T11:44,86086.580000,0.070600,-0.134937,2026-09-22,341.000000,2.721708,0.568342,86126.700000,86071.000000
29834625,2026-09-22T11:45,86097.460000,0.173700,0.135478,2026-09-22,343.000000,3.544790,0.712981,86118.420000,86056.520000
29834626,2026-09-22T11:46,86057.270000,0.281100,0.427354,2026-09-22,293.000000,1.713773,0.619566,86099.110000,86043.000000
29834627,2026-09-22T11:47,86031.300000,-0.008300,0.142199,2026-09-22,306.000000,2.069028,0.797119,86057.280000,86018.300000
29834628,2026-09-22T11:48,86027.570000,-0.200900,0.714024,2026-09-22,325.000000,3.512028,0.338499,86050.770000,86021.700000
29834629,2026-09-22T11:49,86051.270000,0.356900,-0.306995,2026-09-22,366.000000,7.259477,0.884682,86051.280000,86010.540000
29834630,2026-09-22T11:50,86001.930000,0.429700,0.769597,2026-09-22,370.000000,3.376131,0.323799,86075.270000,86000.000000
29834631,2026-09-22T11:51,85992.290000,-0.066900,-0.350887,2026-09-22,312.000000,2.068999,0.648197,86002.430000,85989.460000
29834632,2026-09-22T11:52,85944.680000,-0.555000,0.202613,2026-09-22,223.000000,1.432425,0.483804,85992.300000,85944.680000
29834633,2026-09-22T11:53,85937.040000,-0.353800,0.151123,2026-09-22,259.000000,2.376138,0.814282,85979.870000,85931.260000
29834634,2026-09-22T11:54,85900.460000,-0.263100,0.626261,2026-09-22,231.000000,1.251665,0.502779,85937.050000,85900.450000
29834635,2026-09-22T11:55,85927.830000,-0.039700,0.005559,2026-09-22,336.000000,4.389331,0.267112,85942.340000,85871.170000
29834636,2026-09-22T11:56,85973.540000,-0.187700,-0.465776,2026-09-22,402.000000,7.746334,0.877199,85974.170000,85865.640000
29834637,2026-09-22T11:57,85941.180000,-0.399100,0.754428,2026-09-22,279.000000,1.945810,0.752225,85983.140000,85937.080000
29834638,2026-09-22T11:58,85960.290000,-0.452600,0.504200,2026-09-22,302.000000,4.218235,0.795740,85971.430000,85925.190000
29834639,2026-09-22T11:59,85969.080000,-0.375100,0.591479,2026-09-22,322.000000,2.462252,0.753090,85974.590000,85941.200000
29834640,2026-09-22T12:00,86008.430000,0.354100,0.509645,2026-09-22,358.000000,3.738346,0.704428,86008.430000,85961.820000
29834641,2026-09-22T12:01,85923.450000,-0.310400,0.406073,2026-09-22,359.000000,2.703514,0.667434,86022.710000,85910.070000
29834642,2026-09-22T12:02,85945.650000,0.013800,0.394550,2026-09-22,370.000000,4.003946,0.607949,85969.990000,85922.760000
29834643,2026-09-22T12:03,85976.110000,-0.353600,0.179501,2026-09-22,461.000000,6.218314,0.644131,85977.040000,85922.770000
29834644,2026-09-22T12:04,85948.330000,0.203200,0.277944,2026-09-22,103.000000,1.719641,0.499802,85984.390000,85945.750000
29834645,2026-09-22T12:05,85948.330000,0.203200,-0.000366,2026-09-22,,,,,
29834646,2026-09-22T12:06,85948.330000,0.203200,0.000000,2026-09-22,,,,,
29834647,2026-09-22T12:07,85948.330000,0.203200,0.000000,2026-09-22,,,,,
29834648,2026-09-22T12:08,85948.330000,0.203200,0.000000,2026-09-22,,,,,
29834649,2026-09-22T12:09,85948.330000,0.203200,0.000000,2026-09-22,,,,,
29834650,2026-09-22T12:10,85948.330000,0.203200,0.000000,2026-09-22,,,,,
29834651,2026-09-22T12:11,85948.330000,0.203200,0.000000,2026-09-22,,,,,
29834652,2026-09-22T12:12,85948.330000,0.203200,0.000000,2026-09-22,,,,,
29834653,2026-09-22T12:13,85948.330000,0.203200,0.000000,2026-09-22,,,,,
29834654,2026-09-22T12:14,85948.330000,0.203200,0.000000,2026-09-22,,,,,
29834655,2026-09-22T12:15,85948.330000,0.203200,0.000000,2026-09-22,,,,,
29834656,2026-09-22T12:16,85948.330000,0.203200,0.000000,2026-09-22,,,,,
29834657,2026-09-22T12:17,85948.330000,0.203200,0.000000,2026-09-22,,,,,
29834658,2026-09-22T12:18,85948.330000,0.203200,0.000000,2026-09-22,,,,,
29834659,2026-09-22T12:19,85948.330000,0.203200,0.000000,2026-09-22,,,,,
29834660,2026-09-22T12:20,85948.330000,0.203200,0.000000,2026-09-22,,,,,
29834661,2026-09-22T12:21,85897.080000,-0.246300,0.000000,2026-09-22,16.000000,0.433229,0.002804,85897.090000,85889.120000
29834662,2026-09-22T12:22,85897.080000,-0.246300,-0.994393,2026-09-22,,,,,
29834663,2026-09-22T12:23,85897.080000,-0.246300,0.000000,2026-09-22,,,,,
29834664,2026-09-22T12:24,85897.080000,-0.246300,0.000000,2026-09-22,,,,,
29834665,2026-09-22T12:25,85897.080000,-0.246300,0.000000,2026-09-22,,,,,
29834666,2026-09-22T12:26,85897.080000,-0.246300,0.000000,2026-09-22,,,,,
29834667,2026-09-22T12:27,85897.080000,-0.246300,0.000000,2026-09-22,,,,,
29834668,2026-09-22T12:28,85897.080000,-0.246300,0.000000,2026-09-22,,,,,
29834669,2026-09-22T12:29,85897.080000,-0.246300,0.000000,2026-09-22,,,,,
29834670,2026-09-22T12:30,85897.080000,-0.246300,0.000000,2026-09-22,,,,,
29834671,2026-09-22T12:31,85897.080000,-0.246300,0.000000,2026-09-22,,,,,
29834672,2026-09-22T12:32,85897.080000,-0.246300,0.000000,2026-09-22,,,,,
29834673,2026-09-22T12:33,85897.080000,-0.246300,0.000000,2026-09-22,,,,,
29834674,2026-09-22T12:34,85897.080000,-0.246300,0.000000,2026-09-22,,,,,
29834675,2026-09-22T12:35,85892.090000,0.002100,0.000000,2026-09-22,,,,,
29834676,2026-09-22T12:36,85892.090000,0.002100,0.000000,2026-09-22,,,,,
29834677,2026-09-22T12:37,85892.090000,0.002100,0.000000,2026-09-22,,,,,
29834678,2026-09-22T12:38,85892.090000,0.002100,0.000000,2026-09-22,,,,,
29834679,2026-09-22T12:39,85892.090000,0.002100,0.000000,2026-09-22,,,,,
29834680,2026-09-22T12:40,85892.090000,0.002100,0.000000,2026-09-22,,,,,
29834681,2026-09-22T12:41,85892.090000,0.002100,0.000000,2026-09-22,,,,,
29834682,2026-09-22T12:42,85892.090000,0.002100,0.000000,2026-09-22,,,,,
29834683,2026-09-22T12:43,85892.090000,0.002100,0.000000,2026-09-22,,,,,
29834684,2026-09-22T12:44,85892.090000,0.002100,0.000000,2026-09-22,,,,,
29834685,2026-09-22T12:45,85892.090000,0.002100,0.000000,2026-09-22,,,,,
29834686,2026-09-22T12:46,85892.090000,0.002100,0.000000,2026-09-22,,,,,
29834687,2026-09-22T12:47,85892.090000,0.002100,0.000000,2026-09-22,,,,,
29834688,2026-09-22T12:48,85892.090000,0.002100,0.000000,2026-09-22,,,,,
29834689,2026-09-22T12:49,85892.090000,0.002100,0.000000,2026-09-22,,,,,
29834690,2026-09-22T12:50,85892.090000,0.002100,0.000000,2026-09-22,,,,,
29834691,2026-09-22T12:51,85892.090000,0.002100,0.000000,2026-09-22,,,,,
29834692,2026-09-22T12:52,85892.090000,0.002100,0.000000,2026-09-22,,,,,
29834693,2026-09-22T12:53,85892.090000,0.002100,0.000000,2026-09-22,,,,,
29834694,2026-09-22T12:54,85892.090000,0.002100,0.000000,2026-09-22,,,,,
29834695,2026-09-22T12:55,85892.090000,0.002100,0.000000,2026-09-22,,,,,
29834696,2026-09-22T12:56,85892.090000,0.002100,0.000000,2026-09-22,,,,,
29834697,2026-09-22T12:57,85892.090000,0.002100,0.000000,2026-09-22,,,,,
29834698,2026-09-22T12:58,85892.090000,0.002100,0.000000,2026-09-22,,,,,
29834699,2026-09-22T12:59,85892.090000,0.002100,0.000000,2026-09-22,,,,,
29834700,2026-09-22T13:00,85892.090000,0.002100,0.000000,2026-09-22,,,,,
29834701,2026-09-22T13:01,85892.090000,0.002100,0.000000,2026-09-22,,,,,
29834702,2026-09-22T13:02,85892.090000,0.002100,0.000000,2026-09-22,,,,,
29834703,2026-09-22T13:03,85892.090000,0.002100,0.000000,2026-09-22,,,,,
29834704,2026-09-22T13:04,85892.090000,0.002100,0.000000,2026-09-22,,,,,
29834705,2026-09-22T13:05,85892.090000,0.002100,0.000000,2026-09-22,,,,,
29834706,2026-09-22T13:06,85892.090000,0.002100,0.000000,2026-09-22,,,,,
29834707,2026-09-22T13:07,85892.090000,0.002100,0.000000,2026-09-22,,,,,
29834708,2026-09-22T13:08,85892.090000,0.002100,0.000000,2026-09-22,,,,,
29834709,2026-09-22T13:09,85892.090000,0.002100,0.000000,2026-09-22,,,,,
29834710,2026-09-22T13:10,85892.090000,0.002100,0.000000,2026-09-22,,,,,
29834711,2026-09-22T13:11,85892.090000,0.002100,0.000000,2026-09-22,,,,,
29834712,2026-09-22T13:12,85892.090000,0.002100,0.000000,2026-09-22,,,,,
29834713,2026-09-22T13:13,85892.090000,0.002100,0.000000,2026-09-22,,,,,
29834714,2026-09-22T13:14,85892.090000,0.002100,0.000000,2026-09-22,,,,,
29834715,2026-09-22T13:15,85892.090000,0.002100,0.000000,2026-09-22,,,,,
29834716,2026-09-22T13:16,85892.090000,0.002100,0.000000,2026-09-22,,,,,
29834717,2026-09-22T13:17,85892.090000,0.002100,0.000000,2026-09-22,,,,,
29834718,2026-09-22T13:18,85892.090000,0.002100,0.000000,2026-09-22,,,,,
29834719,2026-09-22T13:19,85892.090000,0.002100,0.000000,2026-09-22,,,,,
29834720,2026-09-22T13:20,85892.090000,0.002100,0.000000,2026-09-22,,,,,
29834721,2026-09-22T13:21,85892.090000,0.002100,0.000000,2026-09-22,,,,,
29834722,2026-09-22T13:22,85892.090000,0.002100,0.000000,2026-09-22,,,,,
29834723,2026-09-22T13:23,85892.090000,0.002100,0.000000,2026-09-22,,,,,
29834724,2026-09-22T13:24,85892.090000,0.002100,0.000000,2026-09-22,,,,,
29834725,2026-09-22T13:25,85892.090000,0.002100,0.000000,2026-09-22,,,,,
29834726,2026-09-22T13:26,85852.920000,-0.301000,0.000000,2026-09-22,78.000000,0.666930,0.746769,85860.000000,85838.510000
29834727,2026-09-22T13:27,85852.920000,-0.301000,0.493539,2026-09-22,,,,,
29834728,2026-09-22T13:28,85852.920000,-0.301000,0.000000,2026-09-22,,,,,
29834729,2026-09-22T13:29,85852.920000,-0.301000,0.000000,2026-09-22,,,,,
29834730,2026-09-22T13:30,85852.920000,-0.301000,0.000000,2026-09-22,,,,,
29834731,2026-09-22T13:31,85852.920000,-0.301000,0.000000,2026-09-22,,,,,
29834732,2026-09-22T13:32,85852.920000,-0.301000,0.000000,2026-09-22,,,,,
29834733,2026-09-22T13:33,85852.920000,-0.301000,0.000000,2026-09-22,,,,,
29834734,2026-09-22T13:34,85852.920000,-0.301000,0.000000,2026-09-22,,,,,
29834735,2026-09-22T13:35,85852.920000,-0.301000,0.000000,2026-09-22,,,,,
29834736,2026-09-22T13:36,85858.420000,-0.378200,0.000000,2026-09-22,,,,,
29834737,2026-09-22T13:37,85858.420000,-0.378200,0.000000,2026-09-22,,,,,
29834738,2026-09-22T13:38,85858.420000,-0.378200,0.000000,2026-09-22,,,,,
29834739,2026-09-22T13:39,85858.420000,-0.378200,0.000000,2026-09-22,,,,,
29834740,2026-09-22T13:40,85858.420000,-0.378200,0.000000,2026-09-22,,,,,
29834741,2026-09-22T13:41,85858.420000,-0.378200,0.000000,2026-09-22,,,,,
29834742,2026-09-22T13:42,85858.420000,-0.378200,0.000000,2026-09-22,,,,,
29834743,2026-09-22T13:43,85858.420000,-0.378200,0.000000,2026-09-22,,,,,
29834744,2026-09-22T13:44,85893.430000,0.013900,0.000000,2026-09-22,244.000000,9.131679,0.807710,85936.080000,85875.070000
29834745,2026-09-22T13:45,85915.540000,-0.302900,0.594055,2026-09-22,469.000000,9.131068,0.174004,85960.920000,85858.890000
29834746,2026-09-22T13:46,85906.820000,0.200100,-0.636690,2026-09-22,466.000000,5.606143,0.456292,85956.000000,85858.850000
29834747,2026-09-22T13:47,85954.990000,0.125800,-0.098657,2026-09-22,459.000000,6.128477,0.430297,86001.600000,85894.500000
29834748,2026-09-22T13:48,86011.290000,0.437100,-0.096862,2026-09-22,593.000000,11.855987,0.824258,86075.400000,85922.760000
29834749,2026-09-22T13:49,86106.880000,0.017400,0.642837,2026-09-22,508.000000,10.704735,0.324211,86118.220000,86033.110000
29834750,2026-09-22T13:50,86128.070000,0.172400,-0.425679,2026-09-22,518.000000,13.762189,0.749629,86150.000000,86094.900000
29834751,2026-09-22T13:51,86080.390000,0.788700,0.599635,2026-09-22,474.000000,16.237414,0.355616,86171.130000,86067.670000
29834752,2026-09-22T13:52,86108.860000,0.564200,-0.602936,2026-09-22,653.000000,22.901569,0.281365,86142.290000,86047.320000
29834753,2026-09-22T13:53,86110.260000,0.101000,-0.437055,2026-09-22,1097.000000,26.942302,0.234388,86136.950000,86059.670000
29834754,2026-09-22T13:54,86108.760000,-0.279600,-0.549069,2026-09-22,1130.000000,59.754121,0.318755,86117.060000,86065.980000
29834755,2026-09-22T13:55,86145.010000,-0.647500,-0.353837,2026-09-22,629.000000,10.104907,0.675545,86146.500000,86082.470000
29834756,2026-09-22T13:56,86168.240000,-0.578300,0.467546,2026-09-22,637.000000,19.897381,0.452135,86189.760000,86108.410000
29834757,2026-09-22T13:57,86237.650000,0.578500,-0.242612,2026-09-22,682.000000,17.952825,0.322665,86241.990000,86165.520000
29834758,2026-09-22T13:58,86317.050000,-0.125800,-0.334815,2026-09-22,876.000000,26.427077,0.798911,86344.610000,86239.830000
29834759,2026-09-22T13:59,86330.400000,0.124900,0.589560,2026-09-22,591.000000,14.400905,0.443002,86358.300000,86295.970000
29834760,2026-09-22T14:00,86176.850000,-0.293400,-0.101850,2026-09-22,562.000000,13.296975,0.689877,86348.360000,86160.030000
29834761,2026-09-22T14:01,86199.990000,-0.329100,0.340169,2026-09-22,606.000000,20.041323,0.770210,86225.180000,86115.000000
29834762,2026-09-22T14:02,86192.880000,-0.833600,0.561416,2026-09-22,543.000000,8.380697,0.678809,86225.620000,86144.370000
29834763,2026-09-22T14:03,86109.100000,-0.212500,0.335235,2026-09-22,534.000000,7.126669,0.684139,86199.830000,86108.400000
29834764,2026-09-22T14:04,86136.960000,-0.373800,0.413616,2026-09-22,517.000000,19.126277,0.291550,86170.730000,86080.560000
29834765,2026-09-22T14:05,86100.010000,0.255800,-0.419923,2026-09-22,820.000000,23.323139,0.266588,86145.540000,86076.470000
29834766,2026-09-22T14:06,86162.150000,-0.291100,-0.483954,2026-09-22,838.000000,26.758723,0.561788,86162.160000,86079.870000
29834767,2026-09-22T14:07,86224.420000,0.118500,0.281355,2026-09-22,597.000000,20.001798,0.892361,86275.000000,86162.160000
29834768,2026-09-22T14:08,86203.870000,-0.070600,0.734949,2026-09-22,544.000000,7.723480,0.596534,86246.810000,86153.540000
29834769,2026-09-22T14:09,86116.460000,-0.336100,0.226170,2026-09-22,445.000000,7.144964,0.538169,86197.170000,86100.530000
29834770,2026-09-22T14:10,86230.140000,-0.673300,0.078041,2026-09-22,625.000000,13.551557,0.531268,86234.870000,86115.000000
29834771,2026-09-22T14:11,86278.270000,-0.209800,0.049848,2026-09-22,461.000000,6.803358,0.644961,86326.790000,86215.020000
29834772,2026-09-22T14:12,86347.570000,-0.436700,0.303082,2026-09-22,442.000000,5.524211,0.725589,86370.620000,86251.600000
29834773,2026-09-22T14:13,86368.230000,0.344600,0.462058,2026-09-22,997.000000,29.737984,0.572377,86465.400000,86286.000000
29834774,2026-09-22T14:14,86347.680000,-0.586600,0.141450,2026-09-22,581.000000,11.434606,0.640999,86394.000000,86285.000000
29834775,2026-09-22T14:15,86279.760000,-0.518600,0.255761,2026-09-22,577.000000,13.131694,0.433796,86379.280000,86279.760000
29834776,2026-09-22T14:16,86255.300000,-0.179000,-0.092058,2026-09-22,581.000000,8.347108,0.685094,86322.580000,86227.400000
29834777,2026-09-22T14:17,86183.070000,-0.461600,0.357698,2026-09-22,663.000000,13.557370,0.598318,86255.470000,86165.530000
29834778,2026-09-22T14:18,86135.230000,-0.423300,0.195177,2026-09-22,506.000000,8.343090,0.641488,86184.000000,86116.540000
29834779,2026-09-22T14:19,86115.010000,0.408900,0.321069,2026-09-22,529.000000,23.530339,0.299175,86188.480000,86115.000000
29834780,2026-09-22T14:20,86130.500000,-0.449300,-0.431992,2026-09-22,536.000000,11.377992,0.552842,86141.710000,86093.050000
29834781,2026-09-22T14:21,86170.540000,-0.318000,0.120444,2026-09-22,1264.000000,40.330690,0.202414,86175.020000,86041.550000
29834782,2026-09-22T14:22,86123.890000,-0.250500,-0.588215,2026-09-22,598.000000,25.411035,0.726893,86215.000000,86100.000000
29834783,2026-09-22T14:23,86149.390000,0.553000,0.464354,2026-09-22,475.000000,10.090633,0.751052,86179.810000,86112.540000
29834784,2026-09-22T14:24,86147.300000,-0.152000,0.470420,2026-09-22,700.000000,27.632658,0.241227,86165.510000,86100.010000
29834785,2026-09-22T14:25,86102.420000,0.419900,-0.521670,2026-09-22,603.000000,22.672772,0.196637,86163.960000,86095.010000
29834786,2026-09-22T14:26,86053.040000,0.429500,-0.605322,2026-09-22,602.000000,22.205823,0.303407,86115.610000,86031.610000
29834787,2026-09-22T14:27,86052.550000,0.638400,-0.392840,2026-09-22,657.000000,25.785809,0.313794,86060.000000,85993.290000
29834788,2026-09-22T14:28,86015.960000,0.620600,-0.373629,2026-09-22,648.000000,28.022165,0.207706,86094.680000,86013.910000
29834789,2026-09-22T14:29,85914.480000,0.190600,-0.579872,2026-09-22,609.000000,20.726780,0.294865,86020.350000,85902.600000
29834790,2026-09-22T14:30,85829.540000,0.267300,-0.418963,2026-09-22,609.000000,9.679380,0.489478,85911.750000,85795.600000
29834791,2026-09-22T14:31,85844.240000,0.582100,0.005650,2026-09-22,497.000000,5.866351,0.610089,85882.450000,85760.670000
29834792,2026-09-22T14:32,85727.790000,-0.681600,0.204151,2026-09-22,670.000000,8.922572,0.762749,85846.770000,85708.630000
29834793,2026-09-22T14:33,85758.380000,-0.520800,0.532661,2026-09-22,561.000000,6.977970,0.742138,85784.830000,85694.280000
29834794,2026-09-22T14:34,85745.920000,0.249000,0.484316,2026-09-22,658.000000,15.376589,0.425538,85830.470000,85737.120000
29834795,2026-09-22T14:35,85463.120000,-0.529000,-0.136258,2026-09-22,1195.000000,45.428872,0.266427,85750.230000,85450.000000
29834796,2026-09-22T14:36,85551.490000,0.388600,-0.466275,2026-09-22,715.000000,18.770913,0.314712,85618.720000,85462.580000
29834797,2026-09-22T14:37,85678.170000,0.300000,-0.394909,2026-09-22,1048.000000,21.736696,0.372022,85716.670000,85534.950000
29834798,2026-09-22T14:38,85772.710000,0.133200,-0.242000,2026-09-22,683.000000,13.485153,0.418771,85801.490000,85668.930000
29834799,2026-09-22T14:39,85875.370000,-0.049300,-0.183372,2026-09-22,624.000000,17.439807,0.639548,85889.150000,85770.700000
29834800,2026-09-22T14:40,85949.990000,0.453400,0.289301,2026-09-22,858.000000,16.487174,0.370228,85962.050000,85800.800000
29834801,2026-09-22T14:41,85898.210000,-0.091500,-0.258793,2026-09-22,827.000000,17.853048,0.366159,85994.030000,85880.180000
29834802,2026-09-22T14:42,85799.860000,-0.152000,-0.272646,2026-09-22,674.000000,9.580477,0.370892,85896.050000,85784.410000
29834803,2026-09-22T14:43,85826.070000,0.318000,-0.262151,2026-09-22,544.000000,15.923633,0.143243,85845.960000,85756.830000
29834804,2026-09-22T14:44,85882.620000,0.244400,-0.713516,2026-09-22,409.000000,8.891978,0.553495,85892.060000,85799.530000
29834805,2026-09-22T14:45,85892.860000,0.336700,0.114484,2026-09-22,482.000000,8.081042,0.221916,85947.310000,85866.640000
29834806,2026-09-22T14:46,85963.760000,-0.345400,-0.609844,2026-09-22,541.000000,9.836943,0.513765,85979.090000,85871.960000
29834807,2026-09-22T14:47,85988.520000,0.254200,0.117876,2026-09-22,559.000000,8.565047,0.529177,85999.990000,85880.510000
29834808,2026-09-22T14:48,85974.170000,-0.348600,-0.071877,2026-09-22,565.000000,12.931054,0.312168,85994.910000,85928.290000
29834809,2026-09-22T14:49,86016.680000,0.152700,-0.409076,2026-09-22,583.000000,20.963222,0.740649,86040.920000,85948.020000
29834810,2026-09-22T14:50,86030.490000,0.210700,0.643700,2026-09-22,521.000000,12.503135,0.754994,86079.820000,85980.030000
29834811,2026-09-22T14:51,86008.450000,0.233000,0.509953,2026-09-22,400.000000,5.999701,0.868757,86065.550000,86002.400000
29834812,2026-09-22T14:52,85999.460000,0.367000,0.737686,2026-09-22,350.000000,4.762960,0.662986,86024.870000,85983.730000
29834813,2026-09-22T14:53,86034.670000,0.561900,0.326260,2026-09-22,764.000000,22.090559,0.776121,86034.980000,85922.810000
29834814,2026-09-22T14:54,86069.050000,0.509800,0.551628,2026-09-22,423.000000,4.235085,0.647380,86083.990000,85990.000000
29834815,2026-09-22T14:55,86151.730000,0.722500,0.316043,2026-09-22,584.000000,20.452548,0.912190,86151.730000,86075.370000
29834816,2026-09-22T14:56,86143.070000,0.485500,0.811253,2026-09-22,399.000000,3.081189,0.594074,86169.860000,86108.120000
29834817,2026-09-22T14:57,86200.010000,0.651900,0.243300,2026-09-22,519.000000,6.865894,0.524547,86226.390000,86135.010000
29834818,2026-09-22T14:58,86211.600000,0.696200,0.050303,2026-09-22,446.000000,5.835996,0.478784,86226.790000,86176.000000
29834819,2026-09-22T14:59,86255.260000,0.773000,-0.029911,2026-09-22,435.000000,3.730868,0.806646,86262.030000,86205.010000
29834820,2026-09-22T15:00,86216.320000,0.593700,0.626653,2026-09-22,577.000000,11.027929,0.441822,86289.990000,86187.190000
29834821,2026-09-22T15:01,86240.800000,0.405900,-0.133324,2026-09-22,478.000000,9.171801,0.721537,86262.990000,86179.800000
29834822,2026-09-22T15:02,86263.450000,0.642600,0.441577,2026-09-22,405.000000,4.978904,0.830499,86279.090000,86222.850000
29834823,2026-09-22T15:03,86201.590000,0.435400,0.660056,2026-09-22,470.000000,4.119775,0.489879,86259.190000,86165.520000
29834824,2026-09-22T15:04,86251.200000,0.442800,-0.017425,2026-09-22,573.000000,10.102874,0.348022,86251.190000,86195.130000
29834825,2026-09-22T15:05,86289.790000,0.695000,-0.289788,2026-09-22,492.000000,7.231764,0.661531,86296.130000,86222.670000
29834826,2026-09-22T15:06,86287.180000,0.585900,0.312709,2026-09-22,509.000000,6.898731,0.582906,86323.760000,86252.270000
29834827,2026-09-22T15:07,86305.540000,0.390400,0.191214,2026-09-22,564.000000,6.059228,0.779250,86322.590000,86251.680000
29834828,2026-09-22T15:08,86369.610000,0.416100,0.541989,2026-09-22,527.000000,6.994337,0.622030,86374.990000,86305.530000
29834829,2026-09-22T15:09,86236.930000,0.461900,0.295685,2026-09-22,662.000000,12.390983,0.775210,86399.990000,86222.640000
29834830,2026-09-22T15:10,86185.010000,0.565800,0.534308,2026-09-22,522.000000,5.814387,0.643685,86246.500000,86185.010000
29834831,2026-09-22T15:11,86192.790000,0.316100,0.307364,2026-09-22,656.000000,24.183060,0.548598,86199.990000,86115.420000
29834832,2026-09-22T15:12,86255.040000,-0.229500,0.124228,2026-09-22,478.000000,6.382406,0.758063,86252.190000,86151.490000
29834833,2026-09-22T15:13,86251.670000,0.330800,0.425868,2026-09-22,646.000000,28.814181,0.341364,86275.690000,86214.130000
29834834,2026-09-22T15:14,86299.010000,0.481700,-0.318172,2026-09-22,713.000000,31.327042,0.522149,86315.940000,86248.380000
29834835,2026-09-22T15:15,86223.920000,-0.370000,0.046647,2026-09-22,532.000000,8.125696,0.467711,86336.920000,86222.710000
29834836,2026-09-22T15:16,86208.170000,0.695700,-0.068988,2026-09-22,560.000000,10.117766,0.429685,86246.340000,86199.570000
29834837,2026-09-22T15:17,86149.740000,0.560600,-0.208176,2026-09-22,580.000000,9.337391,0.623726,86236.920000,86149.740000
29834838,2026-09-22T15:18,86130.520000,0.554000,0.362583,2026-09-22,461.000000,5.864031,0.730493,86196.600000,86127.120000
29834839,2026-09-22T15:19,86198.300000,0.670900,0.490396,2026-09-22,652.000000,31.408519,0.583282,86238.250000,86112.390000
29834840,2026-09-22T15:20,86143.530000,0.393700,0.142071,2026-09-22,444.000000,12.885625,0.193463,86201.500000,86136.970000
29834841,2026-09-22T15:21,86237.830000,-0.187100,-0.608532,2026-09-22,462.000000,8.051555,0.686185,86241.710000,86136.960000
29834842,2026-09-22T15:22,86283.430000,0.686100,0.372161,2026-09-22,702.000000,8.573167,0.567118,86299.970000,86230.880000
29834843,2026-09-22T15:23,86298.240000,0.695400,0.156566,2026-09-22,738.000000,9.033220,0.517739,86327.530000,86237.000000
29834844,2026-09-22T15:24,86239.710000,0.438600,0.031175,2026-09-22,600.000000,10.123597,0.605388,86329.940000,86236.020000
29834845,2026-09-22T15:25,86309.510000,-0.188100,0.209501,2026-09-22,383.000000,7.305551,0.752589,86319.740000,86239.710000
29834846,2026-09-22T15:26,86308.080000,0.679400,0.416312,2026-09-22,414.000000,4.939666,0.513245,86313.050000,86282.530000
29834847,2026-09-22T15:27,86287.960000,-0.235500,0.114141,2026-09-22,436.000000,6.396098,0.493883,86310.000000,86257.140000
29834848,2026-09-22T15:28,86275.010000,0.214700,0.002537,2026-09-22,418.000000,4.864170,0.785820,86316.700000,86275.000000
29834849,2026-09-22T15:29,86279.760000,0.135600,0.563608,2026-09-22,341.000000,5.234625,0.870091,86318.620000,86275.000000
29834850,2026-09-22T15:30,86281.960000,0.264500,0.716572,2026-09-22,427.000000,4.216203,0.680343,86300.610000,86236.920000
29834851,2026-09-22T15:31,86279.790000,0.238200,0.383889,2026-09-22,339.000000,2.966306,0.853696,86298.910000,86265.550000
29834852,2026-09-22T15:32,86323.050000,0.463400,0.708778,2026-09-22,469.000000,8.671604,0.621940,86344.420000,86280.590000
29834853,2026-09-22T15:33,86332.820000,0.613400,0.242626,2026-09-22,429.000000,5.741607,0.692994,86342.930000,86308.770000
29834854,2026-09-22T15:34,86278.240000,-0.267700,0.239049,2026-09-22,464.000000,5.067885,0.666041,86326.950000,86261.480000
29834855,2026-09-22T15:35,86285.040000,0.052500,0.546224,2026-09-22,434.000000,5.838406,0.830946,86332.210000,86253.150000
29834856,2026-09-22T15:36,86385.080000,0.165600,0.663746,2026-09-22,458.000000,6.130673,0.863789,86386.470000,86285.040000
29834857,2026-09-22T15:37,86367.570000,0.209400,0.720931,2026-09-22,512.000000,7.793462,0.745988,86396.980000,86329.420000
29834858,2026-09-22T15:38,86265.540000,0.313300,0.499476,2026-09-22,597.000000,14.632815,0.409354,86366.810000,86252.510000
29834859,2026-09-22T15:39,86332.880000,0.229900,-0.145760,2026-09-22,469.000000,9.525847,0.746261,86337.160000,86261.030000
29834860,2026-09-22T15:40,86366.990000,0.742800,0.462876,2026-09-22,597.000000,12.305131,0.736384,86418.990000,86332.870000
29834861,2026-09-22T15:41,86422.460000,0.674300,0.481874,2026-09-22,619.000000,8.376991,0.602711,86422.470000,86325.840000
29834862,2026-09-22T15:42,86447.850000,0.487000,0.171496,2026-09-22,870.000000,26.211219,0.633753,86504.980000,86401.370000
29834863,2026-09-22T15:43,86479.860000,0.463600,0.262511,2026-09-22,509.000000,8.918744,0.589047,86493.960000,86417.350000
29834864,2026-09-22T15:44,86551.100000,0.563600,0.202007,2026-09-22,601.000000,15.044555,0.754154,86593.370000,86487.830000
29834865,2026-09-22T15:45,86616.780000,0.447000,0.515769,2026-09-22,1194.000000,17.285681,0.438903,86624.970000,86543.390000
29834866,2026-09-22T15:46,86521.140000,0.464800,-0.137070,2026-09-22,1131.000000,24.513745,0.386896,86734.000000,86508.250000
29834867,2026-09-22T15:47,86506.290000,0.743000,-0.228691,2026-09-22,723.000000,12.582257,0.572381,86518.690000,86411.920000
29834868,2026-09-22T15:48,86554.350000,0.643600,0.166833,2026-09-22,723.000000,12.605134,0.713333,86570.220000,86506.310000
29834869,2026-09-22T15:49,86487.830000,0.725800,0.396701,2026-09-22,907.000000,12.320577,0.428876,86590.010000,86487.830000
29834870,2026-09-22T15:50,86409.860000,0.530200,-0.148290,2026-09-22,707.000000,15.508848,0.438402,86489.540000,86400.000000
29834871,2026-09-22T15:51,86352.990000,0.501900,-0.113176,2026-09-22,872.000000,9.706953,0.676784,86409.860000,86332.010000
29834872,2026-09-22T15:52,86411.120000,0.135900,0.358784,2026-09-22,730.000000,7.324195,0.733585,86420.090000,86324.260000
29834873,2026-09-22T15:53,86397.860000,0.361000,0.461552,2026-09-22,909.000000,10.673041,0.397266,86424.350000,86394.090000
29834874,2026-09-22T15:54,86397.540000,0.554800,-0.216560,2026-09-22,887.000000,15.219865,0.716513,86419.640000,86394.000000
29834875,2026-09-22T15:55,86425.170000,0.236800,0.438363,2026-09-22,1223.000000,18.482964,0.537155,86436.840000,86395.020000
29834876,2026-09-22T15:56,86471.800000,0.409400,0.061336,2026-09-22,741.000000,12.470209,0.563790,86480.020000,86408.170000
29834877,2026-09-22T15:57,86459.520000,0.051700,0.130639,2026-09-22,1502.000000,15.581437,0.309604,86483.330000,86436.840000
29834878,2026-09-22T15:58,86408.290000,0.510400,-0.386755,2026-09-22,645.000000,9.587972,0.534184,86459.520000,86408.280000
29834879,2026-09-22T15:59,86418.460000,-0.514800,0.085851,2026-09-22,687.000000,7.269583,0.548698,86419.990000,86400.000000
29834880,2026-09-22T16:00,86426.830000,0.276700,0.097429,2026-09-22,707.000000,14.701943,0.741010,86457.950000,86405.400000
29834881,2026-09-22T16:01,86411.010000,0.335700,0.481691,2026-09-22,1579.000000,12.546529,0.385295,86451.120000,86395.000000
29834882,2026-09-22T16:02,86466.260000,0.423700,-0.229596,2026-09-22,974.000000,16.268693,0.411148,86501.000000,86411.000000
29834883,2026-09-22T16:03,86527.390000,0.138700,-0.318456,2026-09-22,1325.000000,13.275027,0.360722,86527.390000,86427.340000
29834884,2026-09-22T16:04,86407.180000,-0.034000,-0.034527,2026-09-22,910.000000,24.084663,0.340116,86527.400000,86391.180000
29834885,2026-09-22T16:05,86344.340000,0.094400,-0.329691,2026-09-22,678.000000,11.963782,0.550971,86407.180000,86286.000000
29834886,2026-09-22T16:06,86390.270000,-0.181300,0.136253,2026-09-22,522.000000,8.730249,0.690940,86392.000000,86252.210000
29834887,2026-09-22T16:07,86424.400000,0.327800,0.388475,2026-09-22,513.000000,9.048542,0.540434,86442.300000,86390.270000
29834888,2026-09-22T16:08,86365.430000,0.546300,0.071111,2026-09-22,614.000000,14.917966,0.454790,86438.420000,86308.470000
29834889,2026-09-22T16:09,86253.300000,0.693600,-0.113847,2026-09-22,873.000000,12.816808,0.270204,86373.550000,86253.670000
29834890,2026-09-22T16:10,86208.400000,-0.161800,-0.413128,2026-09-22,794.000000,9.040554,0.496108,86286.300000,86206.230000
29834891,2026-09-22T16:11,86246.510000,0.189900,-0.038079,2026-09-22,449.000000,5.841533,0.631681,86253.010000,86170.270000
29834892,2026-09-22T16:12,86233.700000,0.137000,0.293114,2026-09-22,640.000000,7.915107,0.459025,86265.480000,86202.700000
29834893,2026-09-22T16:13,86151.240000,-0.196600,-0.094649,2026-09-22,589.000000,13.892644,0.264844,86232.020000,86151.240000
29834894,2026-09-22T16:14,86174.180000,-0.307300,-0.484810,2026-09-22,440.000000,4.851223,0.653801,86189.360000,86144.700000
29834895,2026-09-22T16:15,86181.270000,-0.429000,0.306798,2026-09-22,515.000000,9.118938,0.651093,86194.400000,86125.020000
29834896,2026-09-22T16:16,86194.360000,-0.782300,0.313476,2026-09-22,515.000000,9.085025,0.627879,86248.920000,86181.270000
29834897,2026-09-22T16:17,86164.960000,-0.091600,0.246541,2026-09-22,388.000000,6.945848,0.610290,86209.780000,86157.180000
29834898,2026-09-22T16:18,86116.610000,0.252000,0.183341,2026-09-22,555.000000,9.981755,0.258569,86168.780000,86108.410000
29834899,2026-09-22T16:19,86108.430000,0.386400,-0.472773,2026-09-22,623.000000,9.133599,0.216550,86117.770000,86079.840000
29834900,2026-09-22T16:20,86119.950000,0.503300,-0.531500,2026-09-22,613.000000,7.580997,0.384725,86136.950000,86073.010000
29834901,2026-09-22T16:21,86185.990000,0.030100,-0.257648,2026-09-22,468.000000,6.783212,0.260530,86219.740000,86111.000000
29834902,2026-09-22T16:22,86136.960000,-0.058500,-0.470727,2026-09-22,376.000000,2.808838,0.266095,86215.160000,86136.960000
29834903,2026-09-22T16:23,86158.420000,0.321900,-0.495125,2026-09-22,466.000000,6.942875,0.577647,86194.080000,86116.470000
29834904,2026-09-22T16:24,86226.950000,0.205200,0.208455,2026-09-22,370.000000,2.233244,0.676945,86230.800000,86163.100000
29834905,2026-09-22T16:25,86241.510000,0.777700,0.193627,2026-09-22,515.000000,7.342915,0.356063,86295.450000,86226.940000
29834906,2026-09-22T16:26,86152.260000,0.577100,-0.281821,2026-09-22,374.000000,3.891272,0.446437,86244.550000,86143.010000
29834907,2026-09-22T16:27,86141.260000,0.026900,-0.083394,2026-09-22,471.000000,6.554177,0.841044,86160.720000,86088.830000
29834908,2026-09-22T16:28,86077.180000,-0.713600,0.676544,2026-09-22,364.000000,3.592939,0.366200,86143.010000,86068.800000
29834909,2026-09-22T16:29,86080.150000,-0.177100,-0.266914,2026-09-22,487.000000,17.495464,0.807425,86140.000000,86077.180000
29834910,2026-09-22T16:30,86135.010000,-0.153300,0.614821,2026-09-22,390.000000,3.482761,0.507330,86166.890000,86078.290000
29834911,2026-09-22T16:31,86096.540000,-0.226700,0.013743,2026-09-22,501.000000,16.602776,0.860965,86149.990000,86062.610000
29834912,2026-09-22T16:32,86095.760000,0.222900,0.721929,2026-09-22,508.000000,19.246391,0.305944,86149.590000,86084.930000
29834913,2026-09-22T16:33,86131.420000,0.518000,-0.383161,2026-09-22,481.000000,11.515684,0.278955,86132.520000,86050.000000
29834914,2026-09-22T16:34,86161.140000,0.427000,-0.453396,2026-09-22,470.000000,15.374588,0.948863,86191.960000,86082.730000
29834915,2026-09-22T16:35,86135.450000,0.129700,0.904566,2026-09-22,417.000000,3.073402,0.375309,86171.890000,86112.240000
29834916,2026-09-22T16:36,86179.700000,0.328400,-0.230950,2026-09-22,397.000000,3.809699,0.671067,86179.700000,86116.330000
29834917,2026-09-22T16:37,86186.510000,0.509600,0.336163,2026-09-22,286.000000,1.931090,0.429804,86207.010000,86171.320000
29834918,2026-09-22T16:38,86191.510000,0.561300,-0.147282,2026-09-22,464.000000,4.740487,0.513600,86201.870000,86165.540000
29834919,2026-09-22T16:39,86205.710000,-0.043100,0.027037,2026-09-22,353.000000,2.941278,0.879305,86226.970000,86192.680000
29834920,2026-09-22T16:40,86247.860000,0.025100,0.766281,2026-09-22,412.000000,5.130713,0.436176,86249.990000,86205.710000
29834921,2026-09-22T16:41,86251.800000,0.309600,-0.142543,2026-09-22,422.000000,4.910300,0.769097,86284.330000,86247.850000
29834922,2026-09-22T16:42,86226.960000,0.589400,0.539070,2026-09-22,526.000000,7.668705,0.710894,86264.760000,86152.250000
29834923,2026-09-22T16:43,86255.700000,-0.038900,0.417859,2026-09-22,380.000000,3.828014,0.857854,86255.690000,86225.960000
29834924,2026-09-22T16:44,86229.600000,0.314100,0.724040,2026-09-22,545.000000,6.926027,0.611124,86306.120000,86226.510000
29834925,2026-09-22T16:45,86273.260000,0.697500,0.216310,2026-09-22,479.000000,6.513754,0.765693,86290.610000,86215.000000
29834926,2026-09-22T16:46,86243.990000,0.325200,0.510273,2026-09-22,460.000000,7.050445,0.780466,86304.320000,86238.290000
29834927,2026-09-22T16:47,86227.110000,0.597900,0.578244,2026-09-22,375.000000,3.634085,0.766206,86248.550000,86221.630000
29834928,2026-09-22T16:48,86297.080000,0.067900,0.532488,2026-09-22,536.000000,11.555623,0.855717,86359.290000,86206.090000
29834929,2026-09-22T16:49,86382.450000,0.644000,0.712432,2026-09-22,615.000000,16.211098,0.926265,86435.700000,86268.950000
29834930,2026-09-22T16:50,86449.710000,0.047800,0.853089,2026-09-22,630.000000,9.165798,0.731499,86471.730000,86371.010000
29834931,2026-09-22T16:51,86580.790000,0.313100,0.458528,2026-09-22,664.000000,25.902217,0.816038,86593.920000,86445.050000
29834932,2026-09-22T16:52,86549.680000,-0.388500,0.635518,2026-09-22,684.000000,22.069609,0.534861,86586.450000,86493.990000
29834933,2026-09-22T16:53,86505.420000,-0.204700,0.062016,2026-09-22,576.000000,12.011891,0.514113,86569.930000,86485.210000
29834934,2026-09-22T16:54,86556.930000,0.194200,0.027637,2026-09-22,542.000000,9.050978,0.786145,86572.540000,86476.950000
29834935,2026-09-22T16:55,86510.670000,0.164000,0.574212,2026-09-22,552.000000,18.082804,0.417009,86573.000000,86508.240000
29834936,2026-09-22T16:56,86517.460000,-0.343700,-0.156226,2026-09-22,558.000000,11.871269,0.616386,86529.340000,86470.020000
29834937,2026-09-22T16:57,86512.170000,-0.499100,0.213466,2026-09-22,574.000000,5.805994,0.803461,86520.860000,86498.820000
29834938,2026-09-22T16:58,86474.980000,-0.024100,0.613475,2026-09-22,1523.000000,31.976641,0.275123,86512.180000,86443.200000
29834939,2026-09-22T16:59,86426.290000,0.370300,-0.454269,2026-09-22,716.000000,11.533824,0.359774,86479.670000,86426.290000
29834940,2026-09-22T17:00,86398.510000,0.023300,-0.257630,2026-09-22,1050.000000,15.282444,0.439997,86445.730000,86379.720000
29834941,2026-09-22T17:01,86499.760000,0.229000,-0.133285,2026-09-22,682.000000,22.641353,0.788315,86511.340000,86387.550000
29834942,2026-09-22T17:02,86527.980000,0.251200,0.576683,2026-09-22,425.000000,6.764935,0.510060,86534.330000,86470.640000
29834943,2026-09-22T17:03,86566.540000,0.619200,0.032852,2026-09-22,623.000000,8.310361,0.738803,86576.990000,86524.520000
29834944,2026-09-22T17:04,86479.700000,-0.050900,0.478483,2026-09-22,812.000000,26.961842,0.420733,86573.160000,86478.530000
29834945,2026-09-22T17:05,86518.740000,0.251700,-0.150897,2026-09-22,977.000000,14.876285,0.724787,86531.520000,86469.150000
29834946,2026-09-22T17:06,86490.760000,-0.819600,0.439243,2026-09-22,533.000000,23.536061,0.168265,86533.940000,86461.220000
29834947,2026-09-22T17:07,86497.710000,-0.845000,-0.670410,2026-09-22,441.000000,5.520581,0.809587,86498.170000,86477.130000
29834948,2026-09-22T17:08,86450.710000,0.394700,0.618778,2026-09-22,629.000000,24.435340,0.223514,86490.300000,86412.020000
29834949,2026-09-22T17:09,86460.960000,0.588800,-0.547097,2026-09-22,474.000000,8.705933,0.753193,86477.160000,86422.560000
29834950,2026-09-22T17:10,86479.170000,0.699400,0.506796,2026-09-22,568.000000,26.931435,0.796099,86518.400000,86458.000000
29834951,2026-09-22T17:11,86540.290000,0.217800,0.595700,2026-09-22,529.000000,8.882377,0.524657,86553.170000,86480.890000
29834952,2026-09-22T17:12,86413.390000,-0.134000,0.016213,2026-09-22,816.000000,25.612004,0.209367,86544.950000,86400.000000
29834953,2026-09-22T17:13,86411.320000,0.174900,-0.576105,2026-09-22,692.000000,30.510411,0.517419,86451.110000,86383.110000
29834954,2026-09-22T17:14,86425.390000,0.624400,0.041500,2026-09-22,457.000000,6.874172,0.532458,86465.390000,86395.930000
29834955,2026-09-22T17:15,86502.450000,0.297300,0.040511,2026-09-22,552.000000,10.711316,0.422843,86506.220000,86425.380000
29834956,2026-09-22T17:16,86435.610000,0.115500,-0.170972,2026-09-22,599.000000,13.549555,0.397513,86507.710000,86430.530000
29834957,2026-09-22T17:17,86302.400000,0.030700,-0.181731,2026-09-22,784.000000,25.993029,0.386312,86450.310000,86294.330000
29834958,2026-09-22T17:18,86258.920000,-0.209200,-0.234495,2026-09-22,541.000000,8.217436,0.462235,86320.210000,86258.910000
29834959,2026-09-22T17:19,86388.510000,-0.258700,-0.053087,2026-09-22,591.000000,18.848149,0.925494,86394.450000,86258.920000
29834960,2026-09-22T17:20,86395.290000,0.215600,0.724559,2026-09-22,547.000000,8.363609,0.438976,86441.520000,86384.020000
29834961,2026-09-22T17:21,86426.860000,0.715100,0.065674,2026-09-22,582.000000,6.371424,0.581934,86429.900000,86388.110000
29834962,2026-09-22T17:22,86470.800000,-0.000900,0.320900,2026-09-22,738.000000,13.240972,0.821870,86475.430000,86426.860000
29834963,2026-09-22T17:23,86484.140000,-0.254400,0.594846,2026-09-22,613.000000,8.607203,0.706068,86509.830000,86460.000000
29834964,2026-09-22T17:24,86509.600000,-0.349400,0.412095,2026-09-22,549.000000,8.581877,0.843922,86511.380000,86470.510000
29834965,2026-09-22T17:25,86524.960000,-0.458100,0.694474,2026-09-22,592.000000,12.630566,0.579441,86531.130000,86507.000000
29834966,2026-09-22T17:26,86536.350000,-0.221700,0.153260,2026-09-22,374.000000,7.842025,0.808829,86540.710000,86503.590000
29834967,2026-09-22T17:27,86536.990000,0.321600,0.620452,2026-09-22,323.000000,4.500605,0.668328,86538.310000,86511.000000
29834968,2026-09-22T17:28,86556.270000,0.171600,0.312398,2026-09-22,638.000000,14.714777,0.918534,86563.980000,86536.990000
29834969,2026-09-22T17:29,86601.990000,0.613000,0.841031,2026-09-22,462.000000,9.791290,0.843978,86601.990000,86556.270000
29834970,2026-09-22T17:30,86606.620000,0.619100,0.675723,2026-09-22,658.000000,14.963340,0.479385,86615.050000,86537.730000
29834971,2026-09-22T17:31,86601.170000,0.443800,-0.041183,2026-09-22,435.000000,8.444087,0.645335,86619.030000,86571.780000
29834972,2026-09-22T17:32,86600.010000,0.406100,0.263109,2026-09-22,525.000000,6.280845,0.472361,86626.140000,86600.000000
29834973,2026-09-22T17:33,86637.490000,-0.120700,-0.032564,2026-09-22,703.000000,12.419269,0.750475,86641.030000,86578.550000
29834974,2026-09-22T17:34,86586.040000,0.403800,0.503942,2026-09-22,634.000000,12.670375,0.457382,86644.180000,86575.210000
29834975,2026-09-22T17:35,86587.670000,0.386500,-0.075161,2026-09-22,530.000000,18.390859,0.696844,86625.000000,86575.640000
29834976,2026-09-22T17:36,86561.570000,0.555200,0.397149,2026-09-22,409.000000,5.747120,0.539863,86593.590000,86556.910000
29834977,2026-09-22T17:37,86507.010000,0.531500,-0.033284,2026-09-22,820.000000,14.123621,0.383450,86561.560000,86490.050000
29834978,2026-09-22T17:38,86512.240000,0.798200,-0.152896,2026-09-22,646.000000,9.152999,0.601940,86519.910000,86499.580000
29834979,2026-09-22T17:39,86467.310000,0.385000,0.156486,2026-09-22,601.000000,14.086106,0.647522,86540.820000,86455.950000
29834980,2026-09-22T17:40,86481.200000,0.621800,0.272640,2026-09-22,419.000000,6.036016,0.609799,86491.160000,86455.950000
29834981,2026-09-22T17:41,86527.240000,0.525400,0.246559,2026-09-22,424.000000,4.039055,0.790888,86531.040000,86484.230000
29834982,2026-09-22T17:42,86535.640000,0.466700,0.595224,2026-09-22,503.000000,11.863882,0.570776,86537.820000,86470.230000
29834983,2026-09-22T17:43,86480.790000,0.617300,0.132003,2026-09-22,704.000000,13.233546,0.526647,86565.340000,86479.690000
29834984,2026-09-22T17:44,86490.080000,0.411900,0.066118,2026-09-22,525.000000,16.445403,0.596027,86492.900000,86449.320000
29834985,2026-09-22T17:45,86475.510000,0.585500,0.188961,2026-09-22,464.000000,10.462127,0.589534,86508.240000,86474.270000
29834986,2026-09-22T17:46,86443.170000,0.441200,0.171395,2026-09-22,471.000000,9.075732,0.510705,86485.040000,86420.030000
29834987,2026-09-22T17:47,86477.260000,0.541600,0.018981,2026-09-22,430.000000,9.764465,0.622269,86477.270000,86436.410000
29834988,2026-09-22T17:48,86538.080000,0.035400,0.249468,2026-09-22,756.000000,12.691832,0.743339,86545.590000,86419.550000
29834989,2026-09-22T17:49,86485.950000,0.155800,0.503591,2026-09-22,773.000000,13.429748,0.479697,86558.020000,86479.680000
29834990,2026-09-22T17:50,86467.930000,0.245800,-0.075657,2026-09-22,595.000000,9.233515,0.584182,86503.040000,86465.410000
29834991,2026-09-22T17:51,86442.580000,-0.113800,0.118419,2026-09-22,527.000000,7.207678,0.702114,86467.930000,86426.690000
29834992,2026-09-22T17:52,86582.680000,0.473100,0.479821,2026-09-22,1005.000000,30.302700,0.758613,86607.990000,86430.230000
29834993,2026-09-22T17:53,86522.580000,0.431500,0.516945,2026-09-22,706.000000,12.139917,0.612434,86583.640000,86499.030000
29834994,2026-09-22T17:54,86545.260000,0.001600,0.248606,2026-09-22,704.000000,17.858033,0.458629,86620.020000,86515.670000
29834995,2026-09-22T17:55,86599.430000,0.522700,-0.077289,2026-09-22,1180.000000,33.873954,0.584950,86610.930000,86477.580000
29834996,2026-09-22T17:56,86639.080000,0.478800,0.086932,2026-09-22,853.000000,18.069885,0.696104,86642.680000,86596.000000
29834997,2026-09-22T17:57,86633.140000,0.623800,0.595418,2026-09-22,714.000000,13.904347,0.759725,86646.000000,86607.890000
29834998,2026-09-22T17:58,86661.530000,0.589400,0.518196,2026-09-22,590.000000,8.341478,0.828370,86675.100000,86621.820000
29834999,2026-09-22T17:59,86587.580000,-0.076000,0.644210,2026-09-22,973.000000,26.108128,0.307158,86661.000000,86568.890000
29835000,2026-09-22T18:00,86574.180000,-0.590900,-0.386125,2026-09-22,661.000000,11.067871,0.728511,86620.520000,86554.920000
29835001,2026-09-22T18:01,86577.240000,-0.164800,0.481268,2026-09-22,581.000000,8.456068,0.732154,86579.640000,86541.340000
29835002,2026-09-22T18:02,86573.960000,-0.058700,0.464434,2026-09-22,457.000000,9.737387,0.317881,86582.410000,86515.700000
29835003,2026-09-22T18:03,86600.270000,0.063300,-0.372355,2026-09-22,464.000000,6.516493,0.446445,86604.700000,86562.140000
29835004,2026-09-22T18:04,86596.850000,0.480600,-0.069906,2026-09-22,555.000000,15.426916,0.272387,86636.750000,86575.270000
29835005,2026-09-22T18:05,86599.140000,-0.086900,-0.453205,2026-09-22,583.000000,11.545603,0.373471,86631.510000,86558.030000
29835006,2026-09-22T18:06,86550.080000,0.096200,-0.270505,2026-09-22,658.000000,13.201249,0.515907,86592.700000,86531.080000
29835007,2026-09-22T18:07,86524.900000,0.779800,0.047491,2026-09-22,583.000000,10.029827,0.451402,86562.970000,86500.010000
29835008,2026-09-22T18:08,86522.990000,0.182900,-0.089642,2026-09-22,554.000000,10.476887,0.612142,86551.070000,86505.070000
29835009,2026-09-22T18:09,86512.080000,0.213000,0.210308,2026-09-22,536.000000,7.060770,0.336737,86549.920000,86511.160000
29835010,2026-09-22T18:10,86457.580000,-0.137500,-0.329783,2026-09-22,682.000000,7.540023,0.390608,86524.260000,86448.330000
29835011,2026-09-22T18:11,86532.400000,-0.235100,-0.212872,2026-09-22,510.000000,14.295989,0.793408,86539.980000,86451.880000
29835012,2026-09-22T18:12,86572.550000,-0.332400,0.586660,2026-09-22,395.000000,5.695133,0.617517,86581.840000,86533.090000
29835013,2026-09-22T18:13,86628.700000,-0.332700,0.234149,2026-09-22,432.000000,3.861387,0.632051,86631.570000,86551.080000
29835014,2026-09-22T18:14,86548.710000,-0.626100,0.265744,2026-09-22,962.000000,23.326937,0.269202,86665.320000,86529.600000
29835015,2026-09-22T18:15,86601.770000,-0.355100,-0.458020,2026-09-22,522.000000,7.326601,0.487204,86616.450000,86548.710000
29835016,2026-09-22T18:16,86650.390000,0.259800,-0.031839,2026-09-22,561.000000,6.353889,0.708936,86656.490000,86599.700000
29835017,2026-09-22T18:17,86656.170000,0.038300,0.424068,2026-09-22,503.000000,4.666563,0.670112,86666.650000,86630.050000
29835018,2026-09-22T18:18,86645.800000,-0.649200,0.341640,2026-09-22,495.000000,7.025845,0.636570,86666.650000,86636.770000
29835019,2026-09-22T18:19,86586.610000,0.605900,0.274790,2026-09-22,513.000000,9.649958,0.358941,86646.970000,86577.510000
29835020,2026-09-22T18:20,86584.040000,0.052500,-0.304426,2026-09-22,438.000000,7.177110,0.499632,86588.560000,86551.080000
29835021,2026-09-22T18:21,86503.170000,-0.456500,0.015599,2026-09-22,599.000000,11.956889,0.272130,86610.340000,86490.330000
29835022,2026-09-22T18:22,86522.010000,-0.416000,-0.455741,2026-09-22,531.000000,4.196237,0.709935,86524.370000,86492.480000
29835023,2026-09-22T18:23,86538.080000,0.205300,0.335417,2026-09-22,495.000000,3.367533,0.661912,86547.420000,86511.960000
29835024,2026-09-22T18:24,86482.670000,0.049300,0.378589,2026-09-22,469.000000,8.452964,0.784419,86552.740000,86480.030000
29835025,2026-09-22T18:25,86386.700000,-0.524600,0.599203,2026-09-22,533.000000,5.540358,0.415920,86485.940000,86363.510000
29835026,2026-09-22T18:26,86392.990000,-0.321200,-0.162445,2026-09-22,485.000000,6.550619,0.463913,86394.000000,86334.550000
29835027,2026-09-22T18:27,86339.890000,-0.401000,-0.079590,2026-09-22,460.000000,7.749489,0.448125,86404.990000,86324.270000
29835028,2026-09-22T18:28,86322.600000,0.469500,-0.113795,2026-09-22,398.000000,3.170461,0.598408,86361.580000,86313.180000
29835029,2026-09-22T18:29,86296.240000,0.073000,0.188919,2026-09-22,553.000000,20.378397,0.756888,86380.990000,86296.230000
29835030,2026-09-22T18:30,86271.420000,0.099500,0.519568,2026-09-22,701.000000,12.963504,0.347414,86324.600000,86268.910000
29835031,2026-09-22T18:31,86288.380000,-0.076200,-0.298878,2026-09-22,546.000000,12.248309,0.385471,86328.200000,86259.740000
29835032,2026-09-22T18:32,86298.830000,-0.413100,-0.247622,2026-09-22,472.000000,8.387141,0.349446,86319.540000,86251.200000
29835033,2026-09-22T18:33,86309.210000,-0.449900,-0.278341,2026-09-22,382.000000,3.748634,0.552973,86333.450000,86298.820000
29835034,2026-09-22T18:34,86325.110000,0.237200,0.039508,2026-09-22,388.000000,4.129616,0.480635,86352.850000,86282.640000
29835035,2026-09-22T18:35,86371.670000,0.246100,-0.005738,2026-09-22,402.000000,7.840841,0.863255,86377.970000,86313.650000
29835036,2026-09-22T18:36,86305.000000,0.061400,0.722824,2026-09-22,469.000000,5.427461,0.248328,86416.540000,86291.450000
29835037,2026-09-22T18:37,86361.430000,-0.250300,-0.396715,2026-09-22,379.000000,3.207473,0.860008,86373.420000,86303.400000
29835038,2026-09-22T18:38,86421.670000,0.529000,0.692851,2026-09-22,370.000000,2.806604,0.758647,86422.790000,86362.370000
29835039,2026-09-22T18:39,86433.570000,0.223700,0.494280,2026-09-22,374.000000,2.412161,0.770745,86436.840000,86398.770000
29835040,2026-09-22T18:40,86443.620000,-0.630000,0.544804,2026-09-22,412.000000,2.581734,0.859938,86447.770000,86419.570000
29835041,2026-09-22T18:41,86444.830000,0.223900,0.727924,2026-09-22,426.000000,5.544215,0.339758,86453.400000,86402.910000
29835042,2026-09-22T18:42,86460.450000,-0.354700,-0.343227,2026-09-22,275.000000,3.055697,0.725473,86463.950000,86444.660000
29835043,2026-09-22T18:43,86444.980000,-0.342100,0.452076,2026-09-22,342.000000,3.878402,0.548208,86465.740000,86399.750000
29835044,2026-09-22T18:44,86413.610000,-0.149000,-0.152470,2026-09-22,320.000000,4.641046,0.647829,86444.980000,86408.280000
29835045,2026-09-22T18:45,86459.610000,0.631200,0.728667,2026-09-22,410.000000,5.336977,0.831700,86461.260000,86407.270000
29835046,2026-09-22T18:46,86478.710000,0.414100,0.650709,2026-09-22,382.000000,7.242982,0.854535,86495.340000,86458.170000
29835047,2026-09-22T18:47,86490.860000,0.272200,0.708614,2026-09-22,348.000000,2.686647,0.593309,86492.170000,86456.080000
29835048,2026-09-22T18:48,86536.790000,0.574900,0.186618,2026-09-22,429.000000,7.366057,0.965181,86536.800000,86490.860000
29835049,2026-09-22T18:49,86511.820000,0.545300,0.930364,2026-09-22,411.000000,4.341400,0.673281,86577.000000,86504.570000
29835050,2026-09-22T18:50,86470.520000,0.818200,0.367586,2026-09-22,403.000000,3.826266,0.642555,86531.280000,86459.510000
29835051,2026-09-22T18:51,86494.430000,0.521500,0.256828,2026-09-22,335.000000,3.824564,0.945658,86503.900000,86470.520000
29835052,2026-09-22T18:52,86509.710000,0.603300,0.895748,2026-09-22,400.000000,4.141171,0.783348,86524.600000,86465.000000
29835053,2026-09-22T18:53,86528.040000,0.141200,0.541658,2026-09-22,403.000000,6.727764,0.862478,86528.050000,86490.050000
29835054,2026-09-22T18:54,86530.080000,0.068500,0.730676,2026-09-22,384.000000,2.689555,0.643555,86546.430000,86491.770000
29835055,2026-09-22T18:55,86511.850000,0.533200,0.296290,2026-09-22,594.000000,13.376096,0.533881,86597.920000,86498.630000
29835056,2026-09-22T18:56,86528.510000,0.474800,0.065346,2026-09-22,319.000000,1.661386,0.863724,86529.780000,86510.790000
29835057,2026-09-22T18:57,86541.700000,0.778700,0.726000,2026-09-22,291.000000,2.249043,0.938571,86554.170000,86515.810000
29835058,2026-09-22T18:58,86508.790000,0.294200,0.878287,2026-09-22,381.000000,2.133483,0.704754,86544.700000,86494.060000
29835059,2026-09-22T18:59,86469.540000,0.729000,0.409666,2026-09-22,479.000000,7.469883,0.452992,86531.070000,86467.730000
29835060,2026-09-22T19:00,86507.080000,0.328000,-0.039404,2026-09-22,369.000000,5.472570,0.937203,86506.080000,86465.400000
29835061,2026-09-22T19:01,86536.790000,0.348200,0.865630,2026-09-22,345.000000,10.658436,0.748422,86544.910000,86505.520000
29835062,2026-09-22T19:02,86513.220000,0.531100,0.489878,2026-09-22,408.000000,5.893632,0.556817,86544.730000,86477.890000
29835063,2026-09-22T19:03,86412.510000,0.193000,0.132734,2026-09-22,713.000000,9.834767,0.375558,86513.000000,86409.000000
29835064,2026-09-22T19:04,86487.860000,0.495200,-0.253648,2026-09-22,413.000000,6.957020,0.961239,86496.870000,86423.050000
29835065,2026-09-22T19:05,86459.350000,0.217800,0.922866,2026-09-22,475.000000,10.705399,0.402374,86504.830000,86433.740000
29835066,2026-09-22T19:06,86534.330000,0.518700,-0.200414,2026-09-22,395.000000,7.425452,0.785548,86535.720000,86460.320000
29835067,2026-09-22T19:07,86507.550000,-0.356100,0.571083,2026-09-22,462.000000,6.599323,0.541672,86538.050000,86465.450000
29835068,2026-09-22T19:08,86498.510000,0.243400,0.086099,2026-09-22,486.000000,8.856803,0.420192,86514.800000,86472.780000
29835069,2026-09-22T19:09,86530.980000,-0.016100,-0.164025,2026-09-22,448.000000,7.092057,0.638579,86541.160000,86484.660000
29835070,2026-09-22T19:10,86505.050000,0.630500,0.270231,2026-09-22,415.000000,5.784053,0.397661,86543.600000,86505.010000
29835071,2026-09-22T19:11,86544.860000,-0.801000,-0.205160,2026-09-22,482.000000,12.526992,0.624491,86544.910000,86496.830000
29835072,2026-09-22T19:12,86548.050000,-0.191900,0.227358,2026-09-22,356.000000,4.524871,0.820675,86550.000000,86519.650000
29835073,2026-09-22T19:13,86500.710000,0.520500,0.726921,2026-09-22,475.000000,15.108069,0.490417,86560.420000,86474.100000
29835074,2026-09-22T19:14,86503.710000,0.551000,-0.010220,2026-09-22,525.000000,14.270214,0.632004,86530.850000,86471.500000
29835075,2026-09-22T19:15,86542.100000,0.258000,0.256378,2026-09-22,303.000000,4.265322,0.747708,86546.880000,86507.640000
29835076,2026-09-22T19:16,86587.800000,-0.115400,0.508247,2026-09-22,474.000000,5.946480,0.815673,86596.820000,86542.090000
29835077,2026-09-22T19:17,86542.990000,0.740800,0.632958,2026-09-22,505.000000,10.693181,0.401631,86597.230000,86513.310000
29835078,2026-09-22T19:18,86559.650000,-0.186800,-0.204038,2026-09-22,404.000000,7.863347,0.737863,86566.090000,86522.520000
29835079,2026-09-22T19:19,86559.990000,0.522300,0.472423,2026-09-22,527.000000,8.208573,0.543793,86580.540000,86546.850000
29835080,2026-09-22T19:20,86536.820000,-0.640800,0.087685,2026-09-22,618.000000,7.950615,0.442456,86560.240000,86506.370000
29835081,2026-09-22T19:21,86504.350000,-0.276400,-0.115219,2026-09-22,395.000000,6.352779,0.515201,86542.060000,86500.000000
29835082,2026-09-22T19:22,86485.890000,-0.054400,0.037538,2026-09-22,652.000000,9.210866,0.463769,86512.300000,86485.130000
29835083,2026-09-22T19:23,86499.460000,-0.461000,-0.084954,2026-09-22,673.000000,15.009762,0.806824,86515.380000,86470.340000
29835084,2026-09-22T19:24,86515.740000,-0.430000,0.621080,2026-09-22,781.000000,13.965787,0.651424,86536.770000,86480.210000
29835085,2026-09-22T19:25,86568.080000,0.065700,0.297567,2026-09-22,447.000000,6.015016,0.764348,86575.250000,86499.600000
29835086,2026-09-22T19:26,86542.040000,0.200500,0.535391,2026-09-22,619.000000,6.274964,0.598667,86570.090000,86530.320000
29835087,2026-09-22T19:27,86584.260000,0.192500,0.209980,2026-09-22,535.000000,6.197901,0.842869,86586.120000,86536.710000
29835088,2026-09-22T19:28,86578.990000,-0.388300,0.678542,2026-09-22,609.000000,12.549150,0.433659,86613.630000,86539.470000
29835089,2026-09-22T19:29,86550.140000,0.558100,-0.139724,2026-09-22,494.000000,7.468594,0.807487,86560.280000,86489.830000
29835090,2026-09-22T19:30,86500.830000,-0.301800,0.623366,2026-09-22,451.000000,7.275134,0.537902,86553.670000,86484.900000
29835091,2026-09-22T19:31,86477.050000,0.099300,0.061590,2026-09-22,498.000000,6.111029,0.753147,86508.860000,86470.320000
29835092,2026-09-22T19:32,86471.050000,-0.498300,0.544578,2026-09-22,508.000000,6.004296,0.820909,86489.940000,86459.000000
29835093,2026-09-22T19:33,86395.040000,-0.743200,0.645900,2026-09-22,604.000000,13.111419,0.426432,86472.000000,86395.910000
29835094,2026-09-22T19:34,86493.960000,-0.458900,-0.148262,2026-09-22,596.000000,14.356142,0.905338,86507.000000,86382.310000
29835095,2026-09-22T19:35,86457.760000,0.022000,0.794863,2026-09-22,548.000000,13.428373,0.422625,86526.000000,86454.250000
29835096,2026-09-22T19:36,86393.550000,0.510400,-0.147977,2026-09-22,476.000000,6.054315,0.829226,86455.330000,86385.000000
29835097,2026-09-22T19:37,86292.760000,0.380100,0.671470,2026-09-22,571.000000,9.393372,0.538394,86417.360000,86289.890000
29835098,2026-09-22T19:38,86306.600000,0.182800,0.060504,2026-09-22,521.000000,7.143966,0.785134,86314.910000,86279.770000
29835099,2026-09-22T19:39,86377.540000,0.077000,0.573531,2026-09-22,395.000000,6.443082,0.695179,86379.990000,86292.790000
29835100,2026-09-22T19:40,86419.880000,-0.527800,0.383364,2026-09-22,633.000000,8.334319,0.719321,86419.830000,86336.880000
29835101,2026-09-22T19:41,86397.210000,-0.574500,0.375428,2026-09-22,489.000000,5.917617,0.751501,86425.000000,86351.730000
29835102,2026-09-22T19:42,86452.960000,-0.355400,0.613144,2026-09-22,458.000000,7.099879,0.767542,86457.990000,86397.360000
29835103,2026-09-22T19:43,86391.960000,0.302400,0.536555,2026-09-22,534.000000,9.619310,0.586419,86451.110000,86332.110000
29835104,2026-09-22T19:44,86398.330000,0.461800,0.176030,2026-09-22,473.000000,7.257941,0.638857,86423.790000,86364.700000
29835105,2026-09-22T19:45,86386.890000,0.569600,0.266949,2026-09-22,500.000000,6.595013,0.731794,86430.190000,86379.730000
29835106,2026-09-22T19:46,86367.580000,0.221000,0.481927,2026-09-22,450.000000,6.305057,0.757680,86413.260000,86365.460000
29835107,2026-09-22T19:47,86329.400000,-0.621600,0.496990,2026-09-22,438.000000,5.870862,0.788854,86373.040000,86308.320000
29835108,2026-09-22T19:48,86342.930000,0.033600,0.581388,2026-09-22,494.000000,7.049109,0.733113,86376.000000,86319.700000
29835109,2026-09-22T19:49,86354.830000,0.118000,0.468167,2026-09-22,416.000000,10.485582,0.806556,86372.640000,86333.120000
29835110,2026-09-22T19:50,86316.200000,-0.264800,0.397368,2026-09-22,522.000000,9.128802,0.529173,86354.820000,86300.000000
29835111,2026-09-22T19:51,86290.830000,0.510400,0.267724,2026-09-22,513.000000,20.729438,0.882833,86318.650000,86270.890000
29835112,2026-09-22T19:52,86284.110000,0.671900,0.770565,2026-09-22,440.000000,6.334088,0.773349,86308.320000,86271.420000
29835113,2026-09-22T19:53,86229.570000,0.459900,0.541321,2026-09-22,499.000000,8.265559,0.664503,86284.120000,86212.050000
29835114,2026-09-22T19:54,86174.670000,-0.312500,0.334725,2026-09-22,521.000000,8.814319,0.458708,86224.160000,86173.670000
29835115,2026-09-22T19:55,86193.270000,-0.258000,-0.140574,2026-09-22,465.000000,7.736616,0.667039,86193.450000,86153.620000
29835116,2026-09-22T19:56,86202.240000,-0.128300,0.431434,2026-09-22,617.000000,21.873187,0.848441,86207.400000,86160.730000
29835117,2026-09-22T19:57,86263.550000,-0.387200,0.702346,2026-09-22,642.000000,21.850475,0.911502,86264.000000,86202.660000
29835118,2026-09-22T19:58,86248.960000,-0.204800,0.831924,2026-09-22,720.000000,27.912019,0.882344,86287.810000,86232.960000
29835119,2026-09-22T19:59,86204.650000,-0.096700,0.752255,2026-09-22,1414.000000,80.973445,0.641888,86260.670000,86189.200000
29835120,2026-09-22T20:00,86226.050000,-0.337600,0.279928,2026-09-22,541.000000,8.586172,0.816871,86264.210000,86213.280000
29835121,2026-09-22T20:01,86174.830000,-0.445600,0.622728,2026-09-22,426.000000,5.057310,0.752871,86226.600000,86169.770000
29835122,2026-09-22T20:02,86198.540000,-0.173500,0.345659,2026-09-22,550.000000,6.694729,0.594369,86198.540000,86143.830000
29835123,2026-09-22T20:03,86251.790000,-0.032700,0.302029,2026-09-22,435.000000,3.781615,0.654643,86260.710000,86196.630000
29835124,2026-09-22T20:04,86279.670000,-0.115500,0.305594,2026-09-22,428.000000,4.456054,0.592879,86279.690000,86251.790000
29835125,2026-09-22T20:05,86260.350000,-0.359200,0.192062,2026-09-22,434.000000,5.047737,0.526613,86291.660000,86251.200000
29835126,2026-09-22T20:06,86197.860000,-0.315300,0.041468,2026-09-22,473.000000,9.265064,0.302723,86276.040000,86197.850000
29835127,2026-09-22T20:07,86261.080000,-0.317500,-0.394141,2026-09-22,458.000000,4.195055,0.703551,86268.970000,86194.080000
29835128,2026-09-22T20:08,86275.930000,0.157700,0.406749,2026-09-22,419.000000,3.736523,0.536278,86279.720000,86261.080000
29835129,2026-09-22T20:09,86240.290000,-0.281700,0.070991,2026-09-22,484.000000,3.829750,0.819384,86294.840000,86236.920000
29835130,2026-09-22T20:10,86261.900000,0.432600,0.638579,2026-09-22,552.000000,14.278151,0.191188,86275.550000,86220.130000
29835131,2026-09-22T20:11,86212.330000,0.666000,-0.611768,2026-09-22,716.000000,27.998538,0.305607,86275.550000,86167.760000
29835132,2026-09-22T20:12,86251.200000,0.429800,-0.390271,2026-09-22,401.000000,6.621902,0.454839,86252.910000,86201.000000
29835133,2026-09-22T20:13,86236.740000,0.585800,-0.094044,2026-09-22,344.000000,1.895615,0.703311,86252.920000,86231.630000
29835134,2026-09-22T20:14,86223.210000,-0.032700,0.421344,2026-09-22,392.000000,4.719599,0.237450,86243.980000,86211.430000
29835135,2026-09-22T20:15,86246.570000,0.406600,-0.532434,2026-09-22,312.000000,1.647070,0.791017,86252.390000,86210.000000
29835136,2026-09-22T20:16,86221.860000,-0.051300,0.583041,2026-09-22,372.000000,4.281538,0.610189,86257.420000,86208.360000
29835137,2026-09-22T20:17,86210.330000,0.135800,0.220263,2026-09-22,438.000000,4.341654,0.761575,86244.120000,86210.000000
29835138,2026-09-22T20:18,86262.270000,-0.065400,0.522375,2026-09-22,367.000000,3.623663,0.911301,86265.470000,86210.010000
29835139,2026-09-22T20:19,86240.020000,0.023000,0.819308,2026-09-22,393.000000,3.493746,0.521990,86277.820000,86238.990000
29835140,2026-09-22T20:20,86271.960000,-0.241100,0.044284,2026-09-22,325.000000,1.449511,0.814036,86271.970000,86240.020000
29835141,2026-09-22T20:21,86289.300000,-0.263300,0.628055,2026-09-22,371.000000,2.756371,0.834314,86289.310000,86271.960000
29835142,2026-09-22T20:22,86292.460000,-0.361300,0.668502,2026-09-22,368.000000,2.243860,0.845224,86293.570000,86268.830000
29835143,2026-09-22T20:23,86290.890000,0.086900,0.690448,2026-09-22,368.000000,2.323213,0.891206,86301.550000,86288.220000
29835144,2026-09-22T20:24,86338.880000,-0.573300,0.779904,2026-09-22,373.000000,2.468332,0.836212,86350.850000,86290.880000
29835145,2026-09-22T20:25,86339.830000,-0.432800,0.673228,2026-09-22,415.000000,8.617885,0.264525,86342.530000,86319.000000
29835146,2026-09-22T20:26,86337.290000,-0.195300,-0.368480,2026-09-22,412.000000,5.563715,0.856031,86362.850000,86326.770000
29835147,2026-09-22T20:27,86327.540000,-0.133700,0.674458,2026-09-22,402.000000,3.675366,0.827107,86338.340000,86321.280000
29835148,2026-09-22T20:28,86316.860000,-0.145000,0.653985,2026-09-22,405.000000,4.362659,0.914630,86331.770000,86310.010000
29835149,2026-09-22T20:29,86357.080000,0.150700,0.829594,2026-09-22,555.000000,9.628543,0.417202,86400.000000,86307.080000
29835150,2026-09-22T20:30,86308.760000,-0.093600,-0.166690,2026-09-22,376.000000,3.457612,0.855624,86358.110000,86308.320000
29835151,2026-09-22T20:31,86257.890000,-0.120600,0.719257,2026-09-22,348.000000,1.992483,0.814225,86310.960000,86257.250000
29835152,2026-09-22T20:32,86251.210000,-0.360100,0.605766,2026-09-22,386.000000,3.274068,0.904688,86269.010000,86250.000000
29835153,2026-09-22T20:33,86329.510000,-0.716400,0.814567,2026-09-22,421.000000,5.004385,0.724700,86332.110000,86250.000000
29835154,2026-09-22T20:34,86346.550000,-0.672000,0.438821,2026-09-22,453.000000,6.716443,0.796815,86355.060000,86310.520000
29835155,2026-09-22T20:35,86346.290000,-0.296600,0.593117,2026-09-22,333.000000,2.278222,0.790433,86351.160000,86337.170000
29835156,2026-09-22T20:36,86372.740000,0.019200,0.580887,2026-09-22,390.000000,3.397526,0.839679,86390.160000,86346.300000
29835157,2026-09-22T20:37,86355.010000,-0.339800,0.680295,2026-09-22,384.000000,4.698349,0.864506,86374.060000,86353.710000
29835158,2026-09-22T20:38,86365.080000,0.123200,0.728844,2026-09-22,341.000000,2.953169,0.817342,86366.220000,86355.010000
29835159,2026-09-22T20:39,86364.730000,0.447800,0.651458,2026-09-22,376.000000,5.134388,0.880006,86370.430000,86359.050000
29835160,2026-09-22T20:40,86365.010000,-0.011800,0.752832,2026-09-22,395.000000,5.375375,0.842424,86370.580000,86359.470000
29835161,2026-09-22T20:41,86360.170000,-0.058400,0.692557,2026-09-22,308.000000,4.598624,0.917063,86369.750000,86355.010000
29835162,2026-09-22T20:42,86375.980000,-0.202600,0.831225,2026-09-22,284.000000,3.835643,0.938903,86378.770000,86360.170000
29835163,2026-09-22T20:43,86345.010000,-0.229600,0.879172,2026-09-22,384.000000,4.871163,0.929242,86379.510000,86340.030000
29835164,2026-09-22T20:44,86337.110000,0.093600,0.854707,2026-09-22,371.000000,7.144427,0.858393,86346.970000,86325.160000
29835165,2026-09-22T20:45,86285.200000,-0.392100,0.695941,2026-09-22,341.000000,4.113626,0.470240,86337.110000,86275.000000
29835166,2026-09-22T20:46,86282.100000,0.212800,-0.039058,2026-09-22,275.000000,1.051472,0.599450,86298.220000,86280.500000
29835167,2026-09-22T20:47,86288.270000,-0.146800,0.259865,2026-09-22,356.000000,4.341265,0.291102,86292.770000,86269.000000
29835168,2026-09-22T20:48,86258.490000,0.423400,-0.445939,2026-09-22,330.000000,2.495343,0.674128,86288.270000,86252.670000
29835169,2026-09-22T20:49,86290.290000,0.391000,0.348257,2026-09-22,348.000000,3.281478,0.865337,86294.040000,86258.480000
29835170,2026-09-22T20:50,86327.640000,0.288200,0.733676,2026-09-22,330.000000,3.063700,0.451188,86328.330000,86286.150000
29835171,2026-09-22T20:51,86298.350000,-0.192200,-0.110673,2026-09-22,373.000000,6.308090,0.211855,86327.640000,86283.450000
29835172,2026-09-22T20:52,86261.920000,0.113000,-0.577257,2026-09-22,365.000000,2.320935,0.885148,86300.720000,86258.480000
29835173,2026-09-22T20:53,86250.010000,-0.044800,0.779297,2026-09-22,286.000000,1.349228,0.501772,86261.920000,86250.000000
29835174,2026-09-22T20:54,86229.610000,-0.390700,0.002270,2026-09-22,337.000000,3.931187,0.763912,86252.030000,86225.440000
29835175,2026-09-22T20:55,86252.960000,0.243600,0.522390,2026-09-22,294.000000,1.916611,0.824826,86252.960000,86229.600000
29835176,2026-09-22T20:56,86250.710000,0.232500,0.661809,2026-09-22,269.000000,0.693206,0.684659,86252.950000,86249.070000
29835177,2026-09-22T20:57,86251.420000,-0.072000,0.521784,2026-09-22,330.000000,2.901511,0.802558,86276.090000,86247.150000
29835178,2026-09-22T20:58,86257.990000,0.348800,0.594719,2026-09-22,338.000000,1.796579,0.654328,86258.000000,86231.090000
29835179,2026-09-22T20:59,86286.990000,-0.048400,0.240385,2026-09-22,662.000000,15.249868,0.447888,86281.970000,86200.010000
29835180,2026-09-22T21:00,86282.010000,-0.099100,-0.103856,2026-09-22,259.000000,1.474842,0.176935,86294.030000,86278.020000
29835181,2026-09-22T21:01,86320.760000,-0.060200,-0.646090,2026-09-22,309.000000,3.070542,0.740672,86320.770000,86282.000000
29835182,2026-09-22T21:02,86346.260000,0.613300,0.423793,2026-09-22,356.000000,2.673056,0.474613,86346.270000,86317.610000
29835183,2026-09-22T21:03,86299.140000,-0.153900,-0.002958,2026-09-22,405.000000,7.722897,0.262011,86360.580000,86285.450000
29835184,2026-09-22T21:04,86316.100000,-0.309000,-0.476802,2026-09-22,262.000000,0.793989,0.564135,86318.410000,86298.050000
29835185,2026-09-22T21:05,86295.580000,-0.187700,0.130873,2026-09-22,309.000000,2.059696,0.161147,86304.390000,86288.990000
29835186,2026-09-22T21:06,86265.010000,-0.010200,-0.678486,2026-09-22,247.000000,0.786557,0.061833,86295.830000,86265.000000
29835187,2026-09-22T21:07,86292.730000,0.593900,-0.874491,2026-09-22,297.000000,0.818683,0.689713,86292.730000,86265.000000
29835188,2026-09-22T21:08,86312.610000,0.587200,0.375208,2026-09-22,307.000000,1.343407,0.928638,86315.220000,86292.720000
29835189,2026-09-22T21:09,86237.920000,0.413300,0.807989,2026-09-22,442.000000,9.059895,0.123734,86333.880000,86236.220000
29835190,2026-09-22T21:10,86249.260000,0.463300,-0.751767,2026-09-22,359.000000,3.131493,0.252856,86271.840000,86212.000000
29835191,2026-09-22T21:11,86279.110000,0.094200,-0.494753,2026-09-22,296.000000,1.579661,0.761396,86282.910000,86248.800000
29835192,2026-09-22T21:12,86241.110000,-0.363900,0.528692,2026-09-22,319.000000,1.816685,0.423589,86279.120000,86241.100000
29835193,2026-09-22T21:13,86264.580000,0.187700,0.086318,2026-09-22,363.000000,3.052610,0.765705,86280.000000,86234.530000
29835194,2026-09-22T21:14,86263.170000,0.276800,0.446361,2026-09-22,296.000000,1.245009,0.383377,86275.250000,86252.650000
29835195,2026-09-22T21:15,86237.830000,0.282300,-0.247622,2026-09-22,270.000000,1.044753,0.591722,86263.180000,86234.030000
29835196,2026-09-22T21:16,86225.790000,0.116200,0.167639,2026-09-22,249.000000,0.700053,0.302447,86244.120000,86222.640000
29835197,2026-09-22T21:17,86262.990000,-0.242300,-0.383589,2026-09-22,342.000000,5.875696,0.738489,86263.000000,86225.780000
29835198,2026-09-22T21:18,86248.070000,-0.049800,0.476881,2026-09-22,266.000000,1.317080,0.320806,86263.000000,86244.040000
29835199,2026-09-22T21:19,86237.830000,0.126900,-0.358388,2026-09-22,309.000000,1.916680,0.390754,86251.220000,86236.160000
29835200,2026-09-22T21:20,86255.520000,-0.149700,-0.218296,2026-09-22,295.000000,0.875781,0.911106,86263.000000,86237.820000
29835201,2026-09-22T21:21,86233.120000,0.459500,0.822841,2026-09-22,330.000000,2.136628,0.393960,86255.530000,86220.000000
29835202,2026-09-22T21:22,86221.350000,0.605500,-0.212193,2026-09-22,304.000000,0.482969,0.232493,86233.770000,86221.340000
29835203,2026-09-22T21:23,86233.770000,0.484200,-0.798261,2026-09-22,261.000000,2.694436,0.336731,86233.780000,86215.000000
29835204,2026-09-22T21:24,86237.990000,-0.083400,-0.120031,2026-09-22,235.000000,0.562021,0.763352,86238.530000,86233.770000
29835205,2026-09-22T21:25,86228.290000,0.355200,0.527346,2026-09-22,343.000000,1.762993,0.589833,86247.380000,86220.550000
29835206,2026-09-22T21:26,86216.390000,0.410600,0.179311,2026-09-22,271.000000,0.629325,0.149417,86228.290000,86212.580000
29835207,2026-09-22T21:27,86249.040000,0.023800,-0.701050,2026-09-22,352.000000,7.948908,0.799643,86256.020000,86216.390000
29835208,2026-09-22T21:28,86267.020000,0.439000,0.600646,2026-09-22,286.000000,5.604562,0.746712,86279.460000,86249.030000
29835209,2026-09-22T21:29,86242.460000,0.141800,0.493424,2026-09-22,255.000000,3.020992,0.149316,86273.870000,86236.920000
29835210,2026-09-22T21:30,86254.520000,0.156800,-0.772061,2026-09-22,287.000000,1.186968,0.164021,86254.530000,86233.170000
29835211,2026-09-22T21:31,86286.990000,0.256400,0.392926,2026-09-22,263.000000,0.596061,0.515570,86287.000000,86254.520000
29835212,2026-09-22T21:32,86288.540000,-0.177200,0.124007,2026-09-22,441.000000,8.750069,0.288144,86298.480000,86254.450000
29835213,2026-09-22T21:33,86270.260000,0.219200,-0.426350,2026-09-22,347.000000,3.517005,0.396552,86288.550000,86257.570000
29835214,2026-09-22T21:34,86276.170000,0.301400,-0.210046,2026-09-22,274.000000,2.222275,0.196860,86276.780000,86258.720000
29835215,2026-09-22T21:35,86294.700000,0.208400,-0.603729,2026-09-22,301.000000,1.112930,0.315728,86296.630000,86276.160000
29835216,2026-09-22T21:36,86292.580000,-0.013600,-0.372871,2026-09-22,447.000000,9.718762,0.848183,86328.610000,86229.780000
29835217,2026-09-22T21:37,86264.790000,-0.020300,0.696369,2026-09-22,283.000000,2.018030,0.118859,86295.110000,86257.390000
29835218,2026-09-22T21:38,86256.640000,0.074000,-0.781795,2026-09-22,308.000000,1.343762,0.735820,86264.790000,86238.700000
29835219,2026-09-22T21:39,86253.680000,0.086900,0.700989,2026-09-22,280.000000,1.091903,0.175097,86258.070000,86250.920000
29835220,2026-09-22T21:40,86220.120000,0.087700,-0.793130,2026-09-22,300.000000,1.141636,0.063442,86253.680000,86215.640000
29835221,2026-09-22T21:41,86220.790000,-0.154900,-0.655376,2026-09-22,323.000000,2.233538,0.826236,86238.580000,86219.040000
29835222,2026-09-22T21:42,86214.110000,0.291300,0.652473,2026-09-22,311.000000,0.981404,0.547550,86220.790000,86208.770000
29835223,2026-09-22T21:43,86202.140000,0.227600,0.097123,2026-09-22,395.000000,3.556371,0.272629,86219.000000,86173.260000
29835224,2026-09-22T21:44,86205.440000,0.161200,-0.425390,2026-09-22,313.000000,1.785915,0.342249,86227.960000,86199.290000
29835225,2026-09-22T21:45,86233.070000,0.208600,-0.358058,2026-09-22,238.000000,0.481213,0.825152,86239.280000,86205.330000
29835226,2026-09-22T21:46,86271.830000,0.077100,0.650103,2026-09-22,268.000000,0.820160,0.410837,86285.930000,86233.060000
29835227,2026-09-22T21:47,86298.880000,0.128400,0.047327,2026-09-22,262.000000,0.836229,0.773100,86311.960000,86272.450000
29835228,2026-09-22T21:48,86305.570000,-0.126300,0.409561,2026-09-22,234.000000,1.087959,0.596004,86307.020000,86296.820000
29835229,2026-09-22T21:49,86311.330000,-0.153400,0.217777,2026-09-22,258.000000,0.922977,0.504747,86311.340000,86293.640000
29835230,2026-09-22T21:50,86311.330000,-0.046000,-0.031605,2026-09-22,243.000000,0.484449,0.832021,86311.340000,86311.330000
29835231,2026-09-22T21:51,86311.290000,0.367400,0.664035,2026-09-22,247.000000,0.524973,0.147234,86311.340000,86311.120000
29835232,2026-09-22T21:52,86263.210000,-0.034900,-0.705532,2026-09-22,287.000000,1.621552,0.611407,86325.270000,86263.200000
29835233,2026-09-22T21:53,86244.740000,-0.062300,0.222864,2026-09-22,316.000000,1.635752,0.492679,86263.210000,86233.280000
29835234,2026-09-22T21:54,86244.170000,-0.106400,-0.015194,2026-09-22,271.000000,0.972581,0.247211,86245.810000,86238.490000
29835235,2026-09-22T21:55,86242.520000,-0.364300,-0.505277,2026-09-22,252.000000,1.360848,0.383390,86245.910000,86239.990000
29835236,2026-09-22T21:56,86279.240000,0.050400,-0.200661,2026-09-22,306.000000,2.100965,0.782329,86281.450000,86242.520000
29835237,2026-09-22T21:57,86237.800000,0.264500,0.556874,2026-09-22,412.000000,7.411953,0.291407,86281.300000,86232.710000
29835238,2026-09-22T21:58,86210.330000,0.589400,-0.417071,2026-09-22,254.000000,0.427618,0.197296,86239.210000,86210.330000
29835239,2026-09-22T21:59,86187.020000,0.719800,-0.663783,2026-09-22,344.000000,1.734270,0.248311,86210.340000,86179.670000
29835240,2026-09-22T22:00,86277.990000,0.642100,-0.482159,2026-09-22,441.000000,8.266674,0.922691,86290.930000,86187.020000
29835241,2026-09-22T22:01,86236.920000,0.630800,0.846068,2026-09-22,472.000000,11.701650,0.802424,86312.340000,86236.920000
29835242,2026-09-22T22:02,86162.740000,-0.518900,0.569759,2026-09-22,404.000000,2.626577,0.476485,86236.920000,86156.010000
29835243,2026-09-22T22:03,86176.550000,-0.330100,0.049319,2026-09-22,637.000000,14.399591,0.370797,86177.160000,86015.740000
29835244,2026-09-22T22:04,86120.570000,-0.238800,-0.263476,2026-09-22,438.000000,3.287368,0.628108,86177.730000,86081.090000
29835245,2026-09-22T22:05,86170.100000,0.296000,0.330723,2026-09-22,280.000000,1.648947,0.556042,86170.100000,86104.990000
29835246,2026-09-22T22:06,86185.640000,-0.245500,0.008089,2026-09-22,286.000000,1.503141,0.265250,86192.250000,86170.100000
29835247,2026-09-22T22:07,86124.860000,-0.358200,-0.557039,2026-09-22,453.000000,4.967753,0.784737,86177.460000,86121.180000
29835248,2026-09-22T22:08,86127.490000,0.710500,0.567249,2026-09-22,414.000000,5.469897,0.316401,86132.700000,86074.020000
29835249,2026-09-22T22:09,86093.070000,0.642800,-0.338857,2026-09-22,435.000000,6.495973,0.605646,86168.640000,86090.020000
29835250,2026-09-22T22:10,86090.510000,0.731700,0.200116,2026-09-22,385.000000,3.062784,0.376639,86108.580000,86063.850000
29835251,2026-09-22T22:11,86055.990000,-0.259100,-0.246352,2026-09-22,318.000000,1.371127,0.459959,86113.330000,86054.930000
29835252,2026-09-22T22:12,86046.430000,0.346800,-0.079770,2026-09-22,516.000000,9.758507,0.137668,86055.990000,86001.000000
29835253,2026-09-22T22:13,86026.740000,0.488800,-0.724835,2026-09-22,435.000000,3.887969,0.350394,86050.530000,86001.790000
29835254,2026-09-22T22:14,86051.270000,0.752400,-0.298571,2026-09-22,282.000000,1.962198,0.770766,86051.280000,86025.080000
29835255,2026-09-22T22:15,86082.420000,0.368700,0.429139,2026-09-22,329.000000,3.531807,0.185103,86100.000000,86031.190000
29835256,2026-09-22T22:16,86099.990000,0.260000,-0.609020,2026-09-22,347.000000,2.146650,0.283779,86099.990000,86051.280000
29835257,2026-09-22T22:17,86135.140000,0.661800,-0.443600,2026-09-22,387.000000,5.501460,0.263653,86151.390000,86099.990000
29835258,2026-09-22T22:18,86165.510000,0.822300,-0.470864,2026-09-22,282.000000,1.308465,0.500517,86165.510000,86117.650000
29835259,2026-09-22T22:19,86214.880000,0.710300,0.003242,2026-09-22,587.000000,11.926093,0.316275,86219.070000,86118.280000
29835260,2026-09-22T22:20,86194.100000,0.713800,-0.367259,2026-09-22,348.000000,1.332814,0.431001,86222.660000,86192.360000
29835261,2026-09-22T22:21,86202.510000,0.676300,-0.139413,2026-09-22,319.000000,1.978415,0.502001,86219.690000,86171.010000
29835262,2026-09-22T22:22,86226.790000,0.725500,0.000942,2026-09-22,356.000000,3.168907,0.832916,86238.990000,86202.000000
29835263,2026-09-22T22:23,86179.450000,0.722600,0.669851,2026-09-22,286.000000,1.083665,0.205484,86226.780000,86165.930000
29835264,2026-09-22T22:24,86180.240000,0.337800,-0.588038,2026-09-22,353.000000,3.035511,0.615777,86190.010000,86149.110000
29835265,2026-09-22T22:25,86204.920000,0.599800,0.231373,2026-09-22,265.000000,0.804659,0.450056,86206.160000,86180.240000
29835266,2026-09-22T22:26,86202.490000,0.812100,-0.098640,2026-09-22,340.000000,8.500209,0.827710,86221.920000,86188.280000
29835267,2026-09-22T22:27,86178.430000,0.766900,0.655399,2026-09-22,273.000000,2.697350,0.488280,86202.490000,86173.790000
29835268,2026-09-22T22:28,86167.900000,0.626900,-0.023589,2026-09-22,356.000000,3.868935,0.862440,86181.520000,86150.000000
29835269,2026-09-22T22:29,86174.390000,0.609100,0.726301,2026-09-22,292.000000,1.045868,0.854008,86183.250000,86166.990000
29835270,2026-09-22T22:30,86183.860000,0.617600,0.735931,2026-09-22,315.000000,1.502755,0.579538,86189.710000,86172.710000
29835271,2026-09-22T22:31,86168.920000,0.745200,0.049410,2026-09-22,261.000000,0.380514,0.701279,86183.870000,86161.910000
29835272,2026-09-22T22:32,86190.140000,0.764800,0.402577,2026-09-22,303.000000,1.756232,0.721325,86203.620000,86168.920000
29835273,2026-09-22T22:33,86214.950000,0.630200,0.443644,2026-09-22,311.000000,2.537431,0.892566,86222.640000,86191.860000
29835274,2026-09-22T22:34,86217.790000,0.785200,0.784867,2026-09-22,257.000000,0.645557,0.611633,86223.390000,86214.940000
29835275,2026-09-22T22:35,86230.990000,0.789800,0.223795,2026-09-22,430.000000,6.988756,0.430226,86272.230000,86217.780000
29835276,2026-09-22T22:36,86204.790000,0.400000,-0.139620,2026-09-22,313.000000,1.962172,0.321915,86239.670000,86195.000000
29835277,2026-09-22T22:37,86184.260000,0.136200,-0.143021,2026-09-22,243.000000,1.306830,0.809696,86215.130000,86184.250000
29835278,2026-09-22T22:38,86200.200000,0.666400,0.470540,2026-09-22,322.000000,4.488532,0.939038,86214.450000,86179.800000
29835279,2026-09-22T22:39,86230.050000,0.670400,0.881665,2026-09-22,372.000000,7.864271,0.927238,86239.500000,86195.120000
29835280,2026-09-22T22:40,86249.540000,0.230200,0.854569,2026-09-22,354.000000,2.496046,0.409328,86251.800000,86224.720000
29835281,2026-09-22T22:41,86252.710000,0.079300,-0.183192,2026-09-22,205.000000,0.835015,0.694444,86252.730000,86240.040000
29835282,2026-09-22T22:42,86257.730000,0.778400,0.388030,2026-09-22,489.000000,15.148426,0.459868,86286.960000,86243.500000
29835283,2026-09-22T22:43,86235.930000,0.783800,-0.081779,2026-09-22,351.000000,2.487800,0.617646,86257.730000,86222.010000
29835284,2026-09-22T22:44,86227.260000,0.614100,0.259441,2026-09-22,392.000000,6.963154,0.697119,86237.870000,86181.270000
29835285,2026-09-22T22:45,86247.100000,0.660400,0.390670,2026-09-22,306.000000,2.262346,0.540963,86247.770000,86227.970000
29835286,2026-09-22T22:46,86267.360000,0.596400,0.004907,2026-09-22,318.000000,5.197410,0.906842,86268.530000,86211.030000
29835287,2026-09-22T22:47,86272.200000,0.510100,0.876660,2026-09-22,299.000000,8.982669,0.026553,86292.900000,86260.010000
29835288,2026-09-22T22:48,86210.510000,0.689600,-0.947207,2026-09-22,332.000000,3.983187,0.165531,86272.200000,86210.500000
29835289,2026-09-22T22:49,86193.760000,0.644000,-0.668943,2026-09-22,373.000000,8.298695,0.427607,86214.090000,86165.520000
29835290,2026-09-22T22:50,86180.080000,0.200100,-0.144780,2026-09-22,316.000000,3.428052,0.856475,86194.570000,86178.400000
29835291,2026-09-22T22:51,86199.510000,0.653200,0.713056,2026-09-22,356.000000,5.499441,0.790393,86217.690000,86180.070000
29835292,2026-09-22T22:52,86170.010000,0.528400,0.580690,2026-09-22,535.000000,11.930857,0.846799,86223.620000,86170.000000
29835293,2026-09-22T22:53,86191.920000,0.219700,0.693599,2026-09-22,287.000000,3.644208,0.401576,86194.060000,86160.000000
29835294,2026-09-22T22:54,86163.770000,0.114200,-0.196925,2026-09-22,257.000000,1.405538,0.522564,86191.920000,86162.360000
29835295,2026-09-22T22:55,86172.680000,0.273300,0.045127,2026-09-22,262.000000,1.161338,0.493759,86190.360000,86163.770000
29835296,2026-09-22T22:56,86173.920000,0.279000,-0.014682,2026-09-22,233.000000,1.644561,0.679377,86174.700000,86166.550000
29835297,2026-09-22T22:57,86163.010000,-0.119900,0.359561,2026-09-22,270.000000,1.644576,0.085005,86175.740000,86160.000000
29835298,2026-09-22T22:58,86132.990000,0.173700,-0.828540,2026-09-22,325.000000,4.585176,0.354021,86155.530000,86117.640000
29835299,2026-09-22T22:59,86121.890000,0.109700,-0.291964,2026-09-22,237.000000,1.821465,0.855270,86131.140000,86113.470000
29835300,2026-09-22T23:00,86160.010000,0.494800,0.773463,2026-09-22,333.000000,3.590381,0.519338,86160.730000,86120.020000
29835301,2026-09-22T23:01,86174.460000,0.680300,-0.121568,2026-09-22,307.000000,1.156128,0.666176,86179.940000,86146.690000
29835302,2026-09-22T23:02,86179.540000,0.596300,0.342215,2026-09-22,264.000000,0.929196,0.082085,86179.940000,86173.110000
29835303,2026-09-22T23:03,86221.100000,0.640300,-0.835879,2026-09-22,287.000000,0.966063,0.655440,86224.500000,86173.920000
29835304,2026-09-22T23:04,86179.930000,0.570200,0.311008,2026-09-22,339.000000,5.086455,0.331654,86241.620000,86179.930000
29835305,2026-09-22T23:05,86321.580000,0.666000,-0.336691,2026-09-22,382.000000,8.680686,0.716848,86321.570000,86179.930000
29835306,2026-09-22T23:06,86384.290000,0.581100,0.433696,2026-09-22,390.000000,5.365241,0.460136,86389.440000,86312.140000
29835307,2026-09-22T23:07,86418.760000,0.694400,-0.095701,2026-09-22,421.000000,5.360283,0.589803,86428.130000,86357.060000
29835308,2026-09-22T23:08,86430.850000,0.152700,0.200896,2026-09-22,348.000000,2.425773,0.825732,86430.850000,86380.000000
29835309,2026-09-22T23:09,86501.570000,-0.293600,0.651464,2026-09-22,574.000000,13.251151,0.478958,86511.740000,86405.860000
29835310,2026-09-22T23:10,86456.120000,0.544800,-0.042060,2026-09-22,360.000000,2.630618,0.198394,86505.650000,86436.840000
29835311,2026-09-22T23:11,86461.900000,0.394200,-0.559608,2026-09-22,420.000000,11.129716,0.145082,86495.990000,86422.560000
29835312,2026-09-22T23:12,86381.020000,0.652800,-0.721284,2026-09-22,545.000000,13.037089,0.357393,86518.640000,86381.020000
29835313,2026-09-22T23:13,86363.180000,-0.088400,-0.265672,2026-09-22,406.000000,3.666381,0.522551,86399.020000,86322.600000
29835314,2026-09-22T23:14,86395.480000,0.295600,0.088671,2026-09-22,297.000000,5.848052,0.942960,86406.420000,86363.180000
29835315,2026-09-22T23:15,86428.230000,0.622300,0.878070,2026-09-22,343.000000,3.129451,0.650928,86444.560000,86378.670000
29835316,2026-09-22T23:16,86422.570000,0.417300,0.301839,2026-09-22,325.000000,4.382566,0.846575,86477.950000,86417.970000
29835317,2026-09-22T23:17,86413.640000,0.294300,0.686659,2026-09-22,335.000000,2.183864,0.570016,86434.970000,86394.000000
29835318,2026-09-22T23:18,86387.880000,0.516900,0.152319,2026-09-22,381.000000,2.956944,0.545921,86417.520000,86381.930000
29835319,2026-09-22T23:19,86351.300000,0.031000,0.088130,2026-09-22,365.000000,3.654374,0.598628,86397.960000,86351.430000
29835320,2026-09-22T23:20,86319.760000,-0.020500,0.221120,2026-09-22,355.000000,3.914298,0.491910,86385.780000,86312.690000
29835321,2026-09-22T23:21,86328.920000,0.800700,-0.035296,2026-09-22,328.000000,3.042523,0.550335,86332.200000,86310.000000
29835322,2026-09-22T23:22,86364.620000,0.664400,0.089794,2026-09-22,305.000000,2.915372,0.885755,86402.460000,86325.760000
29835323,2026-09-22T23:23,86323.600000,0.793100,0.770505,2026-09-22,261.000000,0.853378,0.764959,86370.110000,86317.810000
29835324,2026-09-22T23:24,86311.740000,0.296600,0.532432,2026-09-22,357.000000,4.669085,0.770984,86342.990000,86310.000000
29835325,2026-09-22T23:25,86253.620000,0.045000,0.560324,2026-09-22,372.000000,1.876201,0.762417,86326.770000,86239.610000
29835326,2026-09-22T23:26,86199.390000,-0.240700,0.469975,2026-09-22,408.000000,3.451765,0.790183,86266.880000,86186.790000
29835327,2026-09-22T23:27,86181.260000,0.325200,0.577558,2026-09-22,303.000000,2.866375,0.893686,86207.980000,86181.260000
29835328,2026-09-22T23:28,86216.210000,0.324100,0.792706,2026-09-22,330.000000,4.083705,0.840721,86221.540000,86159.340000
29835329,2026-09-22T23:29,86241.100000,0.132200,0.683363,2026-09-22,317.000000,2.707205,0.334911,86241.830000,86202.790000
29835330,2026-09-22T23:30,86241.830000,0.617400,-0.351628,2026-09-22,356.000000,2.246906,0.597982,86241.830000,86190.000000
29835331,2026-09-22T23:31,86161.470000,0.616500,0.222580,2026-09-22,380.000000,8.479479,0.169480,86274.350000,86149.740000
29835332,2026-09-22T23:32,86148.140000,0.616700,-0.661329,2026-09-22,363.000000,2.330596,0.421858,86196.360000,86139.000000
29835333,2026-09-22T23:33,86179.790000,0.628900,-0.143808,2026-09-22,377.000000,3.434761,0.669862,86179.790000,86110.450000
29835334,2026-09-22T23:34,86213.210000,0.351000,0.317221,2026-09-22,462.000000,12.335231,0.583727,86235.160000,86168.100000
29835335,2026-09-22T23:35,86187.490000,-0.108700,0.171683,2026-09-22,371.000000,4.395048,0.613112,86242.160000,86170.000000
29835336,2026-09-22T23:36,86180.010000,0.452500,0.226256,2026-09-22,347.000000,1.529565,0.457389,86201.190000,86163.790000
29835337,2026-09-22T23:37,86117.510000,0.601900,-0.085222,2026-09-22,308.000000,2.035121,0.194234,86170.660000,86117.510000
29835338,2026-09-22T23:38,86139.460000,0.321100,-0.421110,2026-09-22,375.000000,3.172366,0.747914,86161.840000,86117.510000
29835339,2026-09-22T23:39,86125.010000,0.553200,0.457470,2026-09-22,251.000000,0.983060,0.309447,86146.570000,86125.000000
29835340,2026-09-22T23:40,86159.990000,0.731200,-0.449380,2026-09-22,297.000000,1.946740,0.442453,86161.720000,86120.310000
29835341,2026-09-22T23:41,86128.670000,-0.273300,-0.116966,2026-09-22,278.000000,0.629694,0.408846,86159.990000,86128.660000
29835342,2026-09-22T23:42,86125.020000,-0.184800,-0.176802,2026-09-22,158.000000,0.928998,0.844467,86128.670000,86120.000000
29835343,2026-09-22T23:43,86120.580000,0.422900,0.688934,2026-09-22,688.000000,15.575588,0.480364,86174.720000,86086.510000
29835344,2026-09-22T23:44,86154.180000,0.767300,-0.034668,2026-09-22,359.000000,5.611395,0.219009,86155.170000,86120.740000
29835345,2026-09-22T23:45,86189.960000,0.287900,-0.569786,2026-09-22,438.000000,4.450443,0.557626,86214.270000,86149.140000
29835346,2026-09-22T23:46,86188.680000,0.216900,0.128909,2026-09-22,338.000000,2.926444,0.185178,86201.140000,86178.000000
29835347,2026-09-22T23:47,86200.950000,0.565400,-0.627041,2026-09-22,303.000000,3.966981,0.363407,86211.540000,86179.000000
29835348,2026-09-22T23:48,86184.290000,0.627600,-0.274255,2026-09-22,282.000000,2.454504,0.083158,86216.760000,86182.510000
29835349,2026-09-22T23:49,86147.490000,-0.078400,-0.832583,2026-09-22,448.000000,12.390133,0.198833,86200.560000,86088.510000
29835350,2026-09-22T23:50,86150.170000,0.689800,-0.608932,2026-09-22,343.000000,1.893794,0.582545,86159.380000,86117.150000
29835351,2026-09-22T23:51,86186.670000,0.779400,0.358943,2026-09-22,380.000000,2.654050,0.937060,86186.670000,86110.000000
29835352,2026-09-22T23:52,86179.800000,0.654000,0.889274,2026-09-22,335.000000,1.737390,0.401157,86222.640000,86179.800000
29835353,2026-09-22T23:53,86174.110000,0.678300,-0.194264,2026-09-22,324.000000,1.488582,0.764049,86190.040000,86155.100000
29835354,2026-09-22T23:54,86176.330000,0.671500,0.471512,2026-09-22,270.000000,1.855096,0.787318,86176.460000,86155.790000
29835355,2026-09-22T23:55,86142.640000,0.726200,0.518713,2026-09-22,348.000000,2.258870,0.448512,86189.070000,86140.000000
29835356,2026-09-22T23:56,86172.360000,0.338400,-0.032578,2026-09-22,241.000000,0.787989,0.940916,86172.360000,86142.640000
29835357,2026-09-22T23:57,86190.790000,-0.588100,0.877037,2026-09-22,215.000000,0.634819,0.170286,86190.800000,86172.350000
29835358,2026-09-22T23:58,86182.930000,0.813500,-0.740640,2026-09-22,228.000000,0.262534,0.278671,86190.790000,86173.530000
29835359,2026-09-22T23:59,86198.050000,-0.580200,0.455245,2026-09-22,301.000000,2.397364,0.853833,86199.990000,86182.930000
